map,mode,seed,config,vehicle,def,team,start_tick,start_s,end_s,seconds,x,y,goal_x,goal_y,order,cause,area,lanes,outcome,rescues,rescue_kinds,detail,nearby
ashfield,Defend,1,full,465,heavy_tank,0,2680,134.0,143.5,9.5,99.9,97.7,68.2,1.3,AttackMove,BlockedByDefence,fortress,,moved,0,,airfield#408 parked,airfield(fixed)@6.1 heavy_tank(moving)@8.8 ifv(parked)@9.9 ifv(moving)@4.2 titan_tank(moving)@7.7 siege_tank(moving)@8.8
ashfield,Defend,1,full,471,titan_tank,0,2780,139.0,150.0,11.0,94.8,101.1,99.1,87.9,Move,YieldWait,fortress,,moved,0,,behind ifv#460,heavy_tank(moving)@4.5 ifv(moving)@6.5 ifv(moving)@8.5 siege_tank(moving)@6.7
ashfield,Defend,1,full,466,ifv,0,2810,140.5,149.0,8.5,97.7,95.1,54.3,3.0,AttackMove,BlockedByFriend,fortress,,moved,0,,ifv#460 moving,heavy_turret(fixed)@7.9 airfield(fixed)@5.9 heavy_tank(moving)@4.5 ifv(moving)@3.6 ifv(moving)@5.4 titan_tank(moving)@6.3 siege_tank(moving)@8.8
ashfield,Defend,1,full,459,heavy_tank,0,2880,144.0,152.5,8.5,92.3,98.6,99.1,87.9,Move,BlockedByFriend,fortress,,moved,0,,ifv#466 moving,heavy_turret(fixed)@7.7 ifv(moving)@8.4 ifv(moving)@6.8 ifv(moving)@5.1 titan_tank(moving)@6.6 base_wall@9
ashfield,Defend,1,full,471,titan_tank,0,3000,150.0,158.5,8.5,95.0,103.7,96.0,111.3,Move,YieldWait,fortress,,gave up,0,,behind ifv#460,ifv(moving)@8.5 heavy_tank(moving)@9.1 ifv(moving)@5.6 siege_tank(moving)@8.9
ashfield,Defend,1,full,486,aa_vehicle,0,3180,159.0,169.0,10.0,96.1,94.1,61.7,4.6,AttackMove,BlockedByFriend,fortress,,moved,0,,aa_vehicle#494 moving,heavy_turret(fixed)@6.0 airfield(fixed)@7.1 heavy_tank(moving)@7.4 ifv(moving)@4.8 ifv(moving)@7.7 aa_vehicle(moving)@3.9 aa_vehicle(moving)@8.7 aa_vehicle(moving)@4.8
ashfield,Defend,1,full,486,aa_vehicle,0,3380,169.0,182.5,13.5,98.8,92.3,61.7,4.6,AttackMove,YieldWait,fortress,,moved,0,,behind ifv#460,heavy_turret(fixed)@7.9 airfield(fixed)@4.2 ifv(moving)@5.8 heavy_tank(moving)@5.6 titan_tank(moving)@9.1 aa_vehicle(moving)@6.4 base_wall@9
ashfield,Defend,1,full,465,heavy_tank,0,3490,174.5,187.5,13.0,94.8,96.7,88.9,107.0,Move,BlockedByFriend,fortress,,moved,0,,aa_vehicle#494 moving,heavy_turret(fixed)@6.9 airfield(fixed)@9.2 heavy_tank(moving)@4.8 ifv(moving)@9.7 aa_vehicle(moving)@4.8 titan_tank(moving)@8.3 aa_vehicle(moving)@4.7 main_battle_tank(moving)@8.7
ashfield,Defend,1,full,459,heavy_tank,0,3580,179.0,189.0,10.0,90.5,100.3,83.9,110.4,Move,YieldWait,fortress,,gave up,0,,behind heavy_tank#465,heavy_turret(fixed)@9.3 ifv(moving)@8.1 heavy_tank(moving)@4.5 aa_vehicle(moving)@7.3 aa_vehicle(moving)@6.6 base_wall@8
ashfield,Defend,1,full,496,main_battle_tank,0,3930,196.5,205.0,8.5,95.0,99.5,63.0,57.0,AttackMove,BlockedByFriend,fortress,,moved,0,,artillery#497 moving,heavy_turret(fixed)@9.4 heavy_tank(moving)@8.6 heavy_tank(moving)@6.9 titan_tank(moving)@6.7 aa_vehicle(moving)@4.8 artillery(moving)@3.7
ashfield,Defend,1,full,432,titan_tank,0,5270,263.5,272.5,9.0,62.0,44.7,71.9,45.0,AttackMove,Unknown,fortress,,gave up,0,,speed 1.9 strikes 0,siege_tank(moving)@5.1 ifv(moving)@9.3 titan_tank(moving)@5.2 main_battle_tank(moving)@8.4 main_battle_tank(moving)@4.7 floodlight_mast@8
ashfield,Defend,1,full,515,heavy_tank,0,5560,278.0,286.5,8.5,97.5,90.4,45.7,118.9,AttackMove,BlockedByDefence,fortress,,moved,0,,airfield#408 parked,heavy_turret(fixed)@6.5 airfield(fixed)@5.9 heavy_tank(moving)@7.6 base_wall@7 base_wall@10
ashfield,Defend,1,full,496,main_battle_tank,0,5790,289.5,299.5,10.0,51.3,81.9,48.1,117.4,AttackMove,Unknown,fortress+gate,nopark,moved,0,,speed 3.1 strikes 1,atgm_tower(fixed)@4.9 heavy_tank(moving)@7.6
ashfield,Defend,1,full,496,main_battle_tank,0,6150,307.5,322.5,15.0,48.8,100.3,48.1,117.4,AttackMove,BlockedByFriend,fortress,,gave up,0,,aa_vehicle#488 moving,heavy_tank(moving)@7.6 aa_vehicle(moving)@3.7 titan_tank(moving)@5.9 ifv(parked)@4.8 aa_vehicle(moving)@6.5 aa_vehicle(moving)@5.4 base_wall@10 base_wall@10
ashfield,Defend,1,full,517,heavy_tank,0,6270,313.5,322.5,9.0,48.0,112.3,64.7,98.0,AttackMove,BlockedByFriend,fortress,,moved,0,,aa_vehicle#531 parked,titan_tank(moving)@7.2 titan_tank(parked)@7.9 titan_tank(moving)@5.0 main_battle_tank(moving)@9.3 main_battle_tank(moving)@7.6 ifv(parked)@8.9 aa_vehicle(parked)@4.0 aa_vehicle(moving)@9.9
ashfield,Defend,1,full,517,heavy_tank,0,6900,345.0,354.0,9.0,46.2,105.3,64.7,98.0,AttackMove,BlockedByFriend,fortress,,moved,0,,main_battle_tank#509 moving,titan_tank(moving)@8.7 titan_tank(moving)@8.9 heavy_tank(moving)@6.2 aa_vehicle(moving)@8.9 titan_tank(moving)@6.5 main_battle_tank(moving)@3.3 main_battle_tank(moving)@5.5 ifv(parked)@3.4 aa_vehicle(moving)@6.2 aa_vehicle(moving)@6.2 base_wall@6
ashfield,Defend,1,full,465,heavy_tank,0,7000,350.0,359.5,9.5,47.3,101.3,46.7,118.2,AttackMove,YieldWait,fortress,,moved,0,,behind heavy_tank#517,heavy_tank(moving)@8.2 aa_vehicle(moving)@5.9 titan_tank(moving)@4.0 main_battle_tank(moving)@9.8 heavy_tank(moving)@5.0 ifv(parked)@4.2 main_battle_tank(moving)@8.4 base_wall@9 base_wall@8
ashfield,Defend,1,full,459,heavy_tank,0,7590,379.5,393.0,13.5,44.8,104.4,32.8,112.7,Move,BlockedByFriend,fortress,,moved,0,,main_battle_tank#540 moving,titan_tank(moving)@5.5 titan_tank(moving)@9.8 main_battle_tank(moving)@5.7 aa_vehicle(moving)@8.4 main_battle_tank(moving)@4.6 aa_vehicle(moving)@7.6 base_wall@5
ashfield,Defend,1,full,515,heavy_tank,0,7690,384.5,400.0,15.5,57.0,105.0,51.8,114.8,AttackMove,YieldWait,fortress+gate,narrow+nopark,moved,0,,behind titan_tank#434,gun_pit(fixed)@5.8 titan_tank(moving)@6.8 titan_tank(parked)@9.4 main_battle_tank(moving)@8.3 main_battle_tank(parked)@5.4 aa_vehicle(moving)@7.3 shield_generator@6
ashfield,Defend,1,full,434,titan_tank,0,7730,386.5,398.0,11.5,51.4,102.0,39.3,116.2,Move,YieldWait,fortress,,moved,0,,behind main_battle_tank#540,gun_pit(fixed)@8.8 heavy_tank(moving)@6.4 titan_tank(moving)@5.0 main_battle_tank(moving)@9.3 heavy_tank(moving)@6.3 main_battle_tank(parked)@4.3 aa_vehicle(moving)@8.1
ashfield,Defend,1,full,509,main_battle_tank,0,7770,388.5,401.0,12.5,45.4,106.2,45.4,84.5,AttackMove,YieldWait,fortress,,moved,0,,behind heavy_tank#459,titan_tank(moving)@6.5 heavy_tank(moving)@4.7 titan_tank(moving)@8.0 aa_vehicle(parked)@6.0 main_battle_tank(parked)@5.8 aa_vehicle(moving)@7.7 base_wall@6
ashfield,Defend,1,full,459,heavy_tank,0,8100,405.0,414.5,9.5,43.4,115.5,32.8,112.7,Move,BlockedByFriend,fortress,,moved,0,,aa_vehicle#532 moving,titan_tank(moving)@5.9 heavy_tank(moving)@6.6 main_battle_tank(moving)@4.5 aa_vehicle(moving)@3.4 aa_vehicle(moving)@5.4 aa_vehicle(parked)@8.3
ashfield,Defend,1,full,540,main_battle_tank,0,8380,419.0,428.0,9.0,56.0,95.5,69.8,110.4,AttackMove,BlockedByFriend,fortress,,moved,0,,main_battle_tank#509 moving,gun_pit(fixed)@6.0 titan_tank(moving)@9.3 main_battle_tank(moving)@5.3 heavy_tank(moving)@8.6 heavy_tank(moving)@4.3 aa_vehicle(parked)@9.7
ashfield,Defend,2,obstacles,452,siege_tank,0,1020,51.0,62.5,11.5,87.0,100.0,4.3,75.0,Move,BlockedByFriend,fortress,,moved,0,,aa_vehicle#450 moving,heavy_turret(fixed)@9.9 armored_car(parked)@6.2 aa_vehicle(moving)@5.0 base_wall@5
ashfield,Endless,1,obstacles,457,titan_tank,0,1590,79.5,93.5,14.0,80.0,99.5,89.5,96.1,Move,OffRoute,fortress,,moved,0,,to (87.0;103.0) past base_wall,aa_vehicle(moving)@5.5 aa_vehicle(moving)@4.9 ifv(moving)@6.9 ifv(moving)@9.6 artillery(moving)@9.9 base_wall@5
ashfield,Endless,1,obstacles,481,siege_tank,0,3170,158.5,167.0,8.5,80.1,80.0,67.3,6.0,Move,YieldWait,fortress,,moved,0,,waiting on a yield,aa_vehicle(moving)@7.3 ifv(moving)@4.9 ifv(moving)@5.2 main_battle_tank(moving)@6.4 aa_vehicle(parked)@8.5 base_wall@9 base_wall@9 floodlight_mast@5
ashfield,Endless,1,obstacles,509,siege_tank,0,4510,225.5,238.0,12.5,86.0,98.9,13.0,51.0,Move,BlockedByFriend,fortress,,moved,0,,titan_tank#521 moving,heavy_turret(fixed)@9.4 heavy_tank(moving)@5.8 titan_tank(moving)@5.4 aa_vehicle(moving)@9.3 base_wall@4
ashfield,Endless,1,obstacles,522,aa_vehicle,0,4740,237.0,247.0,10.0,89.5,96.6,53.0,63.0,AttackMove,YieldWait,fortress,,gave up,0,,behind siege_tank#509,heavy_turret(fixed)@5.8 ifv(moving)@3.9 heavy_tank(moving)@7.4 titan_tank(moving)@9.8 siege_tank(moving)@7.9 base_wall@6
ashfield,Endless,1,obstacles,547,ifv,0,6490,324.5,335.0,10.5,59.0,105.6,51.0,105.0,AttackMove,YieldWait,fortress+gate,narrow+nopark,gave up,0,,behind titan_tank#521,gun_pit(fixed)@5.7 titan_tank(moving)@6.4 ifv(moving)@5.5 shield_generator@5
ashfield,Endless,1,obstacles,553,ifv,0,6500,325.0,335.0,10.0,64.3,105.2,51.8,114.8,AttackMove,BlockedByFriend,fortress+gate,nopark,moved,0,,ifv#547 moving,gun_pit(fixed)@6.8 ifv(moving)@5.4 shield_generator@9
ashfield,Endless,1,obstacles,543,aa_vehicle,0,6930,346.5,365.0,18.5,56.2,106.0,51.8,114.8,AttackMove,OffRoute,fortress+gate,narrow+nopark,moved,0,,to (51.0;113.0) past shield_generator,gun_pit(fixed)@7.1 titan_tank(moving)@3.2 ifv(parked)@9.9 titan_tank(moving)@6.6 aa_vehicle(moving)@4.4 aa_vehicle(parked)@8.5 ifv(moving)@6.9 main_battle_tank(moving)@8.7 shield_generator@5
ashfield,Endless,1,obstacles,542,aa_vehicle,0,7050,352.5,364.0,11.5,62.3,104.7,51.0,105.0,AttackMove,YieldWait,fortress+gate,narrow+nopark,moved,0,,behind aa_vehicle#543,gun_pit(fixed)@5.2 aa_vehicle(moving)@5.0 ifv(moving)@7.7 shield_generator@8
ashfield,Endless,1,obstacles,458,ifv,0,7790,389.5,399.5,10.0,47.9,106.7,58.4,72.5,AttackMove,GateWait,fortress,,moved,0,,doorway 0,titan_tank(moving)@7.3 titan_tank(moving)@4.7 aa_vehicle(moving)@7.6 aa_vehicle(moving)@5.8 main_battle_tank(moving)@3.8 aa_vehicle(moving)@7.2 aa_vehicle(moving)@7.3 base_wall@8
ashfield,Endless,1,obstacles,485,titan_tank,0,7850,392.5,404.0,11.5,51.9,111.9,72.6,110.3,AttackMove,BlockedByFriend,fortress,,moved,0,,ifv#458 moving,ifv(moving)@6.5 aa_vehicle(parked)@4.3 aa_vehicle(moving)@7.9 main_battle_tank(moving)@8.8 aa_vehicle(moving)@9.2 heavy_tank(moving)@9.7 shield_generator@6 container@8
ashfield,Endless,1,obstacles,457,titan_tank,0,8040,402.0,412.0,10.0,41.5,112.0,64.8,76.0,AttackMove,BlockedByFriend,fortress,,moved,0,,ifv#458 moving,titan_tank(parked)@8.6 ifv(moving)@4.9 titan_tank(moving)@5.7 base_wall@8
ashfield,Endless,1,obstacles,484,heavy_tank,0,8200,410.0,419.5,9.5,54.6,106.0,51.8,114.8,AttackMove,BlockedByFriend,fortress+gate,nopark,gave up,0,,main_battle_tank#572 parked,gun_pit(fixed)@8.0 aa_vehicle(moving)@9.3 main_battle_tank(moving)@6.1 main_battle_tank(parked)@5.0 aa_vehicle(moving)@5.8 aa_vehicle(moving)@6.7 shield_generator@6
ashfield,Endless,1,obstacles,485,titan_tank,0,8690,434.5,443.0,8.5,58.4,105.8,51.8,114.8,AttackMove,YieldWait,fortress+gate,narrow+nopark,moved,0,,behind ifv#605,gun_pit(fixed)@6.0 titan_tank(moving)@8.0 main_battle_tank(moving)@6.6 ifv(parked)@6.9 heavy_tank(moving)@6.6 shield_generator@5
ashfield,Endless,1,obstacles,606,heavy_tank,0,8870,443.5,454.0,10.5,65.5,104.1,51.8,114.8,AttackMove,BlockedByFriend,fortress,,moved,0,,titan_tank#485 moving,titan_tank(moving)@7.0 main_battle_tank(moving)@7.5
ashfield,Endless,1,obstacles,436,titan_tank,0,9000,450.0,463.0,13.0,51.4,108.9,64.7,98.0,AttackMove,BlockedByFriend,fortress,,moved,0,,heavy_tank#595 moving,heavy_tank(moving)@8.1 titan_tank(moving)@6.2 aa_vehicle(parked)@9.7 aa_vehicle(moving)@5.4 heavy_tank(moving)@5.5 shield_generator@7
ashfield,Endless,1,obstacles,521,titan_tank,0,9230,461.5,471.5,10.0,50.0,104.8,64.2,107.2,AttackMove,BlockedByFriend,fortress,,moved,0,,main_battle_tank#546 moving,titan_tank(moving)@9.6 titan_tank(moving)@6.5 main_battle_tank(moving)@4.4 heavy_tank(moving)@8.7
ashfield,Endless,1,obstacles,595,heavy_tank,0,9340,467.0,477.0,10.0,56.9,100.0,44.6,111.6,AttackMove,YieldWait,fortress,,moved,0,,behind titan_tank#521,titan_tank(moving)@9.3 titan_tank(moving)@6.6 main_battle_tank(moving)@5.7 artillery(moving)@5.8 heavy_tank(moving)@5.1 aa_vehicle(moving)@9.8
ashfield,Endless,1,obstacles,575,aa_vehicle,0,9590,479.5,500.0,20.5,63.8,99.8,45.8,111.6,AttackMove,BlockedByFriend,fortress,,gave up,0,,main_battle_tank#572 moving,titan_tank(moving)@9.1 main_battle_tank(moving)@3.6 artillery(moving)@4.8 aa_vehicle(moving)@8.8 aa_vehicle(parked)@8.5 ifv(moving)@6.2 ifv(moving)@6.2
ashfield,Endless,1,obstacles,436,titan_tank,0,9770,488.5,501.5,13.0,44.5,105.4,64.7,98.0,AttackMove,YieldWait,fortress,,moved,0,,behind titan_tank#485,titan_tank(moving)@6.4 heavy_tank(parked)@7.4 heavy_tank(moving)@9.4 base_wall@5
ashfield,Endless,1,obstacles,647,fpv_carrier,1,11390,569.5,580.5,11.0,48.0,20.4,29.4,29.9,Move,BlockedByFriend,fortress,,moved,0,,heavy_tank#556 parked,heavy_tank(parked)@4.3 wreck_tank@6
ashfield,Endless,2,light,461,main_battle_tank,0,3230,161.5,170.0,8.5,99.9,114.3,125.0,115.0,AttackMove,YieldWait,fortress,,moved,0,,behind armored_car#491,ifv(moving)@9.3 light_tank(moving)@2.4 light_tank(parked)@9.7 light_tank(parked)@7.5 ifv(moving)@3.7 mlrs(moving)@6.6
ashfield,Endless,2,light,461,main_battle_tank,0,3490,174.5,184.0,9.5,104.2,112.9,125.0,115.0,AttackMove,BlockedByFriend,fortress,,moved,0,,ifv#475 moving,aa_vehicle(moving)@9.9 light_tank(moving)@9.9 light_tank(moving)@5.7 light_tank(parked)@7.1 ifv(moving)@3.8 mlrs(parked)@7.4 aa_vehicle(parked)@9.0 aa_vehicle(moving)@6.1 main_battle_tank(parked)@5.8
ashfield,Endless,2,light,465,ifv,0,3490,174.5,185.5,11.0,127.7,106.3,112.3,111.8,AttackMove,BlockedByFriend,fortress,,moved,0,,scout_jeep#478 moving,ifv(moving)@5.2 light_tank(moving)@3.0 main_battle_tank(moving)@6.1 scout_jeep(moving)@2.8 scout_jeep(moving)@3.2 armored_car(moving)@6.7 armored_car(moving)@9.2 base_wall@7 base_wall@8
ashfield,Endless,2,light,478,scout_jeep,0,3490,174.5,186.0,11.5,124.7,105.4,113.6,125.5,AttackMove,YieldWait,fortress,,moved,0,,behind mobile_fortress#467,ifv(moving)@6.6 ifv(moving)@3.2 light_tank(moving)@3.1 main_battle_tank(moving)@5.4 ifv(moving)@9.3 scout_jeep(moving)@5.5 armored_car(moving)@6.9 armored_car(moving)@9.7 base_wall@9
ashfield,Endless,2,light,475,ifv,0,3510,175.5,185.5,10.0,106.8,117.2,125.0,115.0,AttackMove,YieldWait,fortress,,moved,0,,behind mobile_fortress#467,main_battle_tank(moving)@3.5 light_tank(moving)@4.5 light_tank(moving)@3.6 light_tank(parked)@4.1 aa_vehicle(moving)@7.2
ashfield,Endless,2,light,473,main_battle_tank,0,3640,182.0,191.5,9.5,121.7,110.8,106.8,123.1,AttackMove,YieldWait,fortress,,moved,0,,behind mobile_fortress#467,ifv(moving)@4.4 ifv(moving)@5.4 light_tank(moving)@7.1 main_battle_tank(moving)@6.8 scout_jeep(moving)@3.4 scout_jeep(moving)@2.8 armored_car(moving)@8.7 armored_car(moving)@8.0 armored_car(moving)@3.3
ashfield,Weekly,1,light,462,elite_heavy_tank,1,5010,250.5,262.5,12.0,87.3,101.3,125.0,115.0,AttackMove,BlockedByFriend,fortress,,moved,0,,heavy_tank#446 moving,command_vehicle(moving)@4.7 heavy_tank(moving)@5.6
ashfield,Weekly,1,light,457,twin_tank,1,8590,429.5,440.0,10.5,118.3,112.3,125.0,115.0,AttackMove,YieldWait,fortress,,gave up,0,,behind sapper#485,heavy_tank(moving)@5.2 elite_heavy_tank(moving)@9.4 sapper(moving)@3.8 ew_jammer(moving)@8.8 main_battle_tank(moving)@6.9
ashfield,Weekly,2,full,484,ammo_carrier,1,3850,192.5,201.5,9.0,71.7,105.5,75.5,98.1,Move,BlockedByFriend,fortress,road,moved,0,,ammo_carrier#486 moving,fpv_carrier(moving)@6.2 ammo_carrier(moving)@6.5 ammo_carrier(moving)@9.6 ammo_carrier(moving)@4.8 rocket_technical(moving)@3.3 rocket_technical(parked)@8.3
ashfield,Weekly,2,full,485,siege_tank,0,4620,231.0,243.5,12.5,51.3,34.8,57.6,52.3,Move,YieldWait,fortress,,moved,0,,behind siege_tank#458,siege_tank(moving)@9.5 floodlight_mast@8
ashfield,Weekly,2,full,483,ammo_carrier,1,5720,286.0,296.0,10.0,91.2,101.5,76.0,101.3,Move,BlockedByFriend,fortress,,moved,0,,fpv_carrier#472 moving,scout_jeep(moving)@6.3 fpv_carrier(moving)@4.1 fpv_carrier(moving)@6.5 ammo_carrier(moving)@6.1 flame_tank(moving)@8.3 rocket_technical(moving)@3.7 base_wall@10
ashfield,Weekly,2,full,482,ammo_carrier,1,5970,298.5,307.5,9.0,77.4,97.7,71.2,92.0,Move,YieldWait,fortress,route,gave up,0,,behind smoke_carrier#453,smoke_carrier(moving)@5.0 scout_jeep(moving)@7.8 twin_tank(moving)@7.2 fpv_carrier(moving)@8.9 ammo_carrier(parked)@6.2 ammo_carrier(moving)@7.1 rocket_technical(moving)@3.2 base_wall@6
ashfield,Weekly,2,full,527,elite_heavy_tank,1,6150,307.5,322.0,14.5,66.3,105.4,125.0,115.0,AttackMove,BlockedByFriend,fortress+gate,nopark,moved,0,,smoke_carrier#453 moving,gun_turret(fixed)@8.3 smoke_carrier(moving)@5.3 fpv_carrier(parked)@5.5 ammo_carrier(moving)@9.6 ammo_carrier(parked)@5.5 ammo_carrier(moving)@8.2 ammo_carrier(moving)@6.3 rocket_technical(parked)@5.9 rocket_technical(parked)@9.3 rocket_technical(parked)@8.6 rocket_technical(moving)@8.2 rocket_technical(parked)@6.1
ashfield,Weekly,2,full,501,flame_tank,1,6170,308.5,318.0,9.5,77.8,109.7,86.5,60.9,AttackMove,BlockedByFriend,fortress,,moved,0,,heavy_rocket_artillery#474 moving,smoke_carrier(moving)@7.9 fpv_carrier(moving)@7.1 fpv_carrier(parked)@9.4 heavy_rocket_artillery(moving)@3.3 ammo_carrier(moving)@7.7 ammo_carrier(moving)@5.8 ammo_carrier(moving)@6.8
ashfield,Weekly,2,full,501,flame_tank,1,6500,325.0,333.5,8.5,72.3,108.2,71.9,117.1,AttackMove,BlockedByFriend,fortress,road,moved,0,,scout_jeep#451 moving,scout_jeep(moving)@4.3 fpv_carrier(moving)@9.9 fpv_carrier(moving)@7.9 heavy_rocket_artillery(parked)@6.1 ammo_carrier(moving)@8.7 ammo_carrier(moving)@3.7 ammo_carrier(moving)@6.2 ammo_carrier(moving)@5.2 ammo_carrier(moving)@3.1 elite_heavy_tank(moving)@7.2
ashfield,Weekly,2,full,468,twin_tank,1,6670,333.5,345.0,11.5,79.7,96.0,74.9,90.6,AttackMove,BlockedByFriend,fortress,route,gave up,0,,ammo_carrier#481 moving,smoke_carrier(moving)@4.6 fpv_carrier(moving)@5.6 heavy_rocket_artillery(moving)@7.7 ammo_carrier(moving)@3.2 ammo_carrier(moving)@8.5 flame_tank(moving)@9.5 base_wall@9 base_wall@4
ashfield,Weekly,2,full,589,heavy_rocket_artillery,1,10280,514.0,522.5,8.5,44.3,78.5,63.3,77.5,Move,BlockedByFriend,fortress+gate,nopark,moved,0,,heavy_rocket_artillery#596 moving,heavy_rocket_artillery(moving)@6.7 fortress_gate@9
ashfield,Weekly,2,full,481,ammo_carrier,1,10580,529.0,540.5,11.5,62.2,64.8,39.8,62.1,Move,BlockedByFriend,fortress,,moved,0,,ammo_carrier#484 moving,ammo_carrier(moving)@4.6 elite_heavy_tank(moving)@6.3 mobile_fortress(moving)@8.2 engineer_vehicle(moving)@9.0
ashfield,Weekly,2,full,604,rocket_technical,1,10730,536.5,546.0,9.5,46.3,69.3,51.0,56.4,Move,YieldWait,fortress,road+route,gave up,0,,behind mobile_fortress#590,ammo_carrier(moving)@9.2 mobile_fortress(parked)@7.6 fortress_gate@7
ashfield,Weekly,2,full,509,ew_jammer,1,10760,538.0,549.5,11.5,55.5,56.3,59.8,70.6,Move,BlockedByFriend,fortress,,moved,0,,elite_heavy_tank#527 moving,elite_heavy_tank(moving)@5.5 mobile_fortress(parked)@8.7
ashfield,Weekly,2,full,527,elite_heavy_tank,1,10800,540.0,548.5,8.5,58.9,62.0,125.0,115.0,AttackMove,BlockedByFriend,fortress,,moved,0,,ammo_carrier#484 moving,ammo_carrier(moving)@7.7 ammo_carrier(moving)@6.0 ew_jammer(moving)@5.7 mobile_fortress(parked)@9.8
ashfield,Weekly,2,full,486,ammo_carrier,1,10970,548.5,560.0,11.5,39.1,63.0,48.1,60.1,Move,BlockedByFriend,fortress,,moved,0,,twin_tank#468 moving,twin_tank(moving)@4.8 mobile_fortress(moving)@9.0 rocket_technical(moving)@7.1 fortress_gate@8
ashfield,Weekly,2,full,509,ew_jammer,1,10990,549.5,558.0,8.5,54.1,58.5,45.6,60.3,Move,YieldWait,fortress,,moved,0,,behind mobile_fortress#590,command_vehicle(moving)@3.5 ammo_carrier(moving)@9.2 ammo_carrier(moving)@8.2 engineer_vehicle(moving)@4.5
ashfield,Weekly,2,full,459,command_vehicle,1,11000,550.0,560.5,10.5,52.1,55.6,40.2,57.4,Move,YieldWait,fortress,,moved,0,,behind mobile_fortress#590,ew_jammer(moving)@3.1 engineer_vehicle(moving)@6.1
ashfield,Weekly,2,full,481,ammo_carrier,1,11180,559.0,568.0,9.0,49.3,63.6,56.6,57.1,Move,BlockedByFriend,fortress,,moved,0,,ammo_carrier#484 moving,command_vehicle(moving)@10.0 ammo_carrier(moving)@5.7 ammo_carrier(moving)@4.6 ew_jammer(moving)@9.7 heavy_rocket_artillery(moving)@8.3 heavy_rocket_artillery(moving)@7.5 shahed_truck(moving)@3.6 rocket_technical(moving)@8.9 engineer_vehicle(moving)@5.8
ashfield,Weekly,2,full,596,heavy_rocket_artillery,1,11210,560.5,571.5,11.0,44.0,69.6,31.8,53.2,Move,YieldWait,fortress,road,moved,0,,behind ammo_carrier#486,twin_tank(moving)@9.3 ammo_carrier(moving)@6.2 shahed_truck(moving)@8.3 fortress_gate@4
ironport,Defend,1,obstacles,516,main_battle_tank,0,3360,168.0,179.5,11.5,86.0,96.2,71.0,59.9,AttackMove,OffRoute,fortress,,moved,0,,to (85.0;103.0) past base_wall,heavy_turret(fixed)@7.2 heavy_tank(moving)@7.1 aa_vehicle(moving)@7.4 aa_vehicle(moving)@4.6 aa_vehicle(moving)@9.7 base_wall@9 base_wall@3
ironport,Defend,1,obstacles,537,siege_tank,0,4320,216.0,236.5,20.5,48.4,101.7,78.7,94.6,Move,BlockedByFriend,fortress,,moved,0,,siege_tank#484 moving,siege_tank(moving)@6.7 base_wall@9 shield_generator@9 ammo_dump@6 container@10 floodlight_mast@3
ironport,Defend,1,obstacles,539,artillery,0,4540,227.0,236.0,9.0,50.4,117.2,87.2,116.8,Move,BlockedByFriend,fortress,route,moved,0,,ifv#506 moving,artillery(moving)@6.1 ifv(moving)@5.3 titan_tank(moving)@5.7 ifv(moving)@7.4 shield_generator@7 container@9
ironport,Defend,1,obstacles,517,aa_vehicle,0,4770,238.5,249.0,10.5,79.0,60.2,79.7,69.3,AttackMove,BlockedByFriend,fortress,,moved,0,,aa_vehicle#518 moving,c_ram(fixed)@5.9 aa_vehicle(moving)@3.4 aa_vehicle(moving)@3.5
ironport,Defend,1,obstacles,600,ifv,0,7960,398.0,408.0,10.0,61.0,110.9,35.4,77.4,AttackMove,BlockedByFriend,fortress,,moved,0,,heavy_tank#550 moving,heavy_tank(moving)@10.0 main_battle_tank(moving)@9.8 main_battle_tank(moving)@9.5 heavy_tank(moving)@5.0 titan_tank(moving)@4.5 titan_tank(moving)@5.6 ifv(moving)@9.3 aa_vehicle(moving)@4.1
ironport,Defend,1,obstacles,502,heavy_tank,0,10000,500.0,510.5,10.5,44.0,114.3,51.2,128.9,Move,BlockedByFriend,fortress+gate,narrow+nopark,moved,0,,main_battle_tank#510 moving,siege_tank(moving)@7.5 heavy_tank(moving)@9.0 main_battle_tank(moving)@3.7 main_battle_tank(moving)@7.1 heavy_tank(moving)@7.6 titan_tank(moving)@9.5 base_wall@5 shield_generator@8
ironport,Endless,1,light,446,titan_tank,0,4830,241.5,253.5,12.0,125.5,103.9,95.7,109.9,AttackMove,BlockedByFriend,fortress,,moved,0,,mobile_fortress#506 parked,base_wall@8
ironport,Endless,1,light,550,elite_heavy_tank,0,5170,258.5,268.5,10.0,107.6,119.2,125.0,115.0,AttackMove,OffRoute,fortress,,moved,0,,to (125.0;115.0) past command_hq,aa_vehicle(moving)@6.1 titan_tank(moving)@4.2 ifv(moving)@5.1
ironport,Endless,1,light,550,elite_heavy_tank,0,5600,280.0,289.5,9.5,112.3,127.7,125.0,115.0,AttackMove,BlockedByFriend,fortress,,moved,0,,ifv#525 parked,aa_vehicle(parked)@6.0 titan_tank(moving)@8.7 ifv(parked)@4.9 elite_mbt(parked)@7.8 base_wall@6
ironport,Endless,1,light,519,titan_tank,0,5820,291.0,300.0,9.0,110.2,116.6,125.0,115.0,AttackMove,BlockedByFriend,fortress,,moved,0,,ifv#504 moving,heavy_tank(moving)@6.5 ifv(moving)@5.1 titan_tank(moving)@7.8 ifv(parked)@9.6 elite_mbt(moving)@5.6 elite_heavy_tank(moving)@7.1 main_battle_tank(moving)@3.9
ironport,Endless,1,light,550,elite_heavy_tank,0,6060,303.0,312.0,9.0,107.7,118.1,125.0,115.0,AttackMove,BlockedByFriend,fortress,,moved,0,,main_battle_tank#552 parked,titan_tank(moving)@6.2 titan_tank(parked)@9.4 ifv(parked)@8.7 ifv(parked)@7.2 elite_mbt(moving)@6.2 main_battle_tank(parked)@5.0 ifv(moving)@6.6
ironport,Endless,1,light,552,main_battle_tank,0,6720,336.0,346.5,10.5,105.4,130.0,101.2,141.9,AttackMove,YieldWait,fortress,,moved,0,,behind titan_tank#505,titan_tank(moving)@8.7 ifv(moving)@4.4 aa_vehicle(moving)@8.0 base_wall@4
ironport,Endless,2,full,491,aa_vehicle,0,930,46.5,59.5,13.0,99.8,88.7,25.0,17.0,AttackMove,BlockedByFriend,fortress,,moved,0,,light_tank#494 moving,missile_battery(fixed)@9.1 airfield(fixed)@5.0 aa_vehicle(moving)@6.5 light_tank(moving)@3.5 base_wall@7 base_wall@7
ironport,Endless,2,full,494,light_tank,0,1030,51.5,60.0,8.5,105.4,89.1,91.0,99.0,Move,BlockedByDefence,fortress,,moved,0,,airfield#450 parked,airfield(fixed)@4.2 aa_vehicle(moving)@9.0 aa_vehicle(moving)@3.8 base_wall@6 fortress_gate@9
ironport,Endless,2,full,479,main_battle_tank,0,3190,159.5,168.0,8.5,59.0,81.4,57.6,68.8,AttackMove,YieldWait,fortress,,moved,0,,behind scout_jeep#536,rocket_turret(fixed)@6.8 minefield(fixed)@4.0 scout_jeep(moving)@8.2
ironport,Endless,2,full,538,aa_vehicle,0,3520,176.0,185.0,9.0,56.2,62.8,47.3,32.1,Idle,YieldWait,fortress,,moved,0,,waiting on a yield,dragons_teeth(fixed)@7.8 main_battle_tank(moving)@4.7 light_tank(moving)@7.1 light_tank(moving)@8.8 ifv(moving)@7.7 aa_vehicle(moving)@10.0 shield_generator@6
ironport,Endless,2,full,601,aa_vehicle,0,5340,267.0,276.5,9.5,107.5,94.7,57.0,111.0,AttackMove,BlockedByDefence,fortress,,moved,0,,airfield#450 parked,airfield(fixed)@5.0
ironport,Endless,2,full,518,siege_tank,0,6030,301.5,335.5,34.0,41.4,14.0,58.5,15.7,Move,BlockedByEnemy,fortress,,moved,0,,armored_bulldozer#595 parked,armored_bulldozer(foe)(parked)@6.9 artillery_wreck@5
ironport,Endless,2,full,620,aa_vehicle,0,6540,327.0,336.0,9.0,45.0,112.8,44.4,99.7,AttackMove,BlockedByFriend,fortress+gate,narrow+nopark,moved,0,,siege_tank#507 moving,main_battle_tank(parked)@7.1 siege_tank(moving)@5.0 aa_vehicle(moving)@4.0 aa_vehicle(moving)@9.6 main_battle_tank(moving)@8.7 armored_car(parked)@9.3 base_wall@5 shield_generator@7
ironport,Endless,2,full,507,siege_tank,0,6580,329.0,339.0,10.0,44.5,107.7,34.9,144.0,Move,BlockedByFriend,fortress+gate,narrow+nopark,moved,0,,main_battle_tank#621 moving,aa_vehicle(moving)@6.3 aa_vehicle(moving)@8.5 aa_vehicle(moving)@4.5 main_battle_tank(moving)@4.0 armored_car(parked)@7.3 ifv(parked)@8.1 base_wall@6 shield_generator@7
ironport,Endless,2,full,601,aa_vehicle,0,6660,333.0,342.0,9.0,45.9,115.7,44.4,99.7,AttackMove,YieldWait,fortress+gate,narrow+nopark,moved,0,,behind aa_vehicle#620,main_battle_tank(parked)@5.5 main_battle_tank(moving)@8.0 aa_vehicle(moving)@5.1 aa_vehicle(moving)@5.7 main_battle_tank(moving)@4.7 base_wall@7 shield_generator@8
ironport,Endless,2,full,656,aa_vehicle,0,7390,369.5,380.0,10.5,107.8,94.1,56.4,112.9,AttackMove,BlockedByDefence,fortress,,moved,0,,airfield#450 parked,airfield(fixed)@5.1
ironport,Endless,2,full,621,main_battle_tank,0,7770,388.5,398.5,10.0,45.1,106.9,36.8,104.4,AttackMove,BlockedByFriend,fortress,,moved,0,,armored_car#658 moving,ifv(moving)@4.1 aa_vehicle(moving)@6.5 armored_car(moving)@3.5 armored_car(parked)@8.8 scout_jeep(moving)@3.0 shield_generator@7
ironport,Endless,2,full,756,scout_jeep,0,10430,521.5,531.0,9.5,105.6,59.5,117.6,37.8,Move,YieldWait,fortress+gate,narrow+nopark,moved,0,,behind armored_car#731,ifv(moving)@9.4 light_tank(parked)@5.9 aa_vehicle(parked)@8.5 aa_vehicle(moving)@7.7 armored_car(moving)@2.2 armored_car(moving)@9.8 scout_jeep(moving)@3.0 shield_generator@8
ironport,Weekly,1,full,505,titan_tank,0,1470,73.5,83.0,9.5,-94.6,-91.4,-13.0,13.0,AttackMove,YieldWait,camp0,route,moved,0,,waiting on a yield,armored_bulldozer(moving)@7.3 armored_bulldozer(moving)@5.0 armored_bulldozer(moving)@8.8
ironport,Weekly,1,full,578,mobile_fortress,1,7050,352.5,365.0,12.5,119.2,107.4,97.0,93.0,Move,Unknown,fortress,,moved,0,,speed 1.4 strikes 0,
ironport,Weekly,1,full,514,twin_tank,1,8950,447.5,463.5,16.0,94.0,96.5,88.5,102.9,Move,YieldWait,fortress,,moved,0,,behind mobile_fortress#578,heavy_turret(fixed)@6.2 airfield(fixed)@9.9 armored_car(moving)@4.5 flame_tank(moving)@8.3
ironport,Weekly,2,obstacles,549,sapper,1,6510,325.5,336.0,10.5,81.3,125.1,105.6,123.0,AttackMove,BlockedByFriend,fortress,,moved,0,,ew_jammer#550 moving,scout_jeep(moving)@8.9 scout_jeep(moving)@6.5 twin_tank(moving)@5.6 ammo_carrier(moving)@9.0 rocket_technical(moving)@6.5 ew_jammer(moving)@4.9 wheeled_gun(moving)@6.2
ironport,Weekly,2,obstacles,544,rocket_technical,1,6590,329.5,339.0,9.5,82.0,117.0,93.0,116.9,Move,BlockedByFriend,fortress,,moved,0,,twin_tank#519 moving,scout_jeep(parked)@6.5 command_vehicle(moving)@3.6 scout_jeep(moving)@6.3 flame_tank(moving)@8.8 flame_tank(moving)@9.8 twin_tank(moving)@3.1 ammo_carrier(moving)@5.4 counter_battery_radar(moving)@8.9 rocket_technical(moving)@8.9 engineer_vehicle(moving)@6.4 sapper(moving)@7.1 ew_jammer(moving)@5.6
ironport,Weekly,2,obstacles,545,engineer_vehicle,1,6740,337.0,351.0,14.0,84.1,110.7,74.7,109.0,Idle,BlockedByFriend,fortress,road,moved,0,,command_vehicle#505 moving,command_vehicle(moving)@4.3 flame_tank(moving)@6.6 twin_tank(moving)@4.2 counter_battery_radar(parked)@6.6 rocket_technical(moving)@8.6 rocket_technical(moving)@7.4 ew_jammer(moving)@8.0 mobile_fortress(parked)@9.1 ew_jammer(moving)@9.8
ironport,Weekly,2,obstacles,543,rocket_technical,1,8240,412.0,425.5,13.5,86.8,121.8,94.0,110.0,Move,BlockedByFriend,fortress,,moved,0,,rocket_technical#544 moving,drone_hangar(fixed)@7.4 scout_jeep(moving)@2.3 rocket_technical(moving)@7.3 rocket_technical(moving)@4.2 mobile_fortress(moving)@9.9 vbied(moving)@5.0
ironport,Weekly,2,obstacles,550,ew_jammer,1,8290,414.5,424.0,9.5,85.6,102.5,101.7,111.5,Move,BlockedByFriend,fortress,,moved,0,,mobile_fortress#578 moving,heavy_rocket_artillery(parked)@5.3 engineer_vehicle(moving)@8.7 mobile_fortress(moving)@8.8 fpv_carrier(moving)@5.9
ironport,Weekly,2,obstacles,542,rocket_technical,1,8300,415.0,423.5,8.5,92.5,116.9,95.8,109.8,Move,BlockedByFriend,fortress,,moved,0,,mobile_fortress#578 moving,scout_jeep(moving)@6.2 ammo_carrier(moving)@9.9 ammo_carrier(moving)@3.7 counter_battery_radar(moving)@5.6 rocket_technical(moving)@6.9 rocket_technical(moving)@3.0 mobile_fortress(moving)@7.3 ew_jammer(moving)@5.2 vbied(moving)@3.4
ironport,Weekly,2,obstacles,534,mine_layer,1,8460,423.0,434.0,11.0,102.6,98.7,90.6,89.4,AttackMove,BlockedByFriend,fortress,,moved,0,,engineer_vehicle#545 moving,repair_bay(fixed)@6.2 command_vehicle(parked)@9.0 heavy_rocket_artillery(moving)@7.9 flame_tank(moving)@5.2 engineer_vehicle(moving)@4.3
ironport,Weekly,2,obstacles,535,counter_battery_radar,1,9270,463.5,479.0,15.5,97.7,99.6,94.1,108.9,Move,YieldWait,fortress,route,moved,0,,behind mobile_fortress#578,repair_bay(fixed)@8.9 command_vehicle(moving)@9.9 sapper(moving)@5.6 rocket_technical(moving)@8.8 mobile_fortress(parked)@8.2
ironport,Weekly,2,obstacles,549,sapper,1,9410,470.5,479.5,9.0,82.8,106.1,112.3,111.8,AttackMove,YieldWait,fortress,,moved,0,,waiting on a yield,flame_tank(moving)@9.6 ammo_carrier(parked)@8.7 rocket_technical(moving)@6.4 mobile_fortress(parked)@8.3 fpv_carrier(moving)@8.2 engineer_vehicle(moving)@4.7
ironport,Weekly,2,obstacles,517,flame_tank,1,9820,491.0,503.0,12.0,89.6,105.0,80.0,110.1,AttackMove,BlockedByFriend,fortress,,moved,0,,ew_jammer#550 moving,command_vehicle(moving)@6.4 ammo_carrier(moving)@7.4 counter_battery_radar(moving)@6.3 rocket_technical(moving)@4.2 ew_jammer(moving)@3.4 mobile_fortress(moving)@9.0 ew_jammer(parked)@4.1 engineer_vehicle(moving)@8.3
ironport,Weekly,2,obstacles,583,wheeled_gun,1,11190,559.5,568.0,8.5,66.2,105.1,80.5,103.3,AttackMove,YieldWait,fortress,,moved,0,,behind mobile_fortress#578,
ironport,Weekly,2,obstacles,534,mine_layer,1,11230,561.5,572.5,11.0,88.4,98.5,75.8,119.9,AttackMove,BlockedByFriend,fortress,,moved,0,,mobile_fortress#578 moving,ammo_carrier(moving)@8.5 mobile_fortress(moving)@8.7 elite_heavy_tank(moving)@5.1
metrocity,Defend,1,light,371,titan_tank,0,3660,183.0,193.0,10.0,69.0,96.8,110.5,117.1,AttackMove,BlockedByFriend,fortress,road,gave up,0,,heavy_tank#380 moving,heavy_tank(moving)@4.5 artillery(moving)@9.7 siege_tank(moving)@8.0 siege_tank(parked)@5.5
metrocity,Defend,1,light,403,ifv,0,4210,210.5,221.5,11.0,116.9,111.2,125.0,115.0,AttackMove,BlockedByFriend,fortress,,moved,0,,aa_vehicle#400 moving,heavy_tank(moving)@8.2 titan_tank(moving)@6.3 aa_vehicle(moving)@4.7 aa_vehicle(parked)@7.7 ifv(parked)@8.4 aa_vehicle(moving)@7.0
metrocity,Defend,1,light,400,aa_vehicle,0,4230,211.5,222.5,11.0,119.9,107.5,125.0,115.0,AttackMove,BlockedByFriend,fortress,,moved,0,,ifv#403 moving,heavy_tank(moving)@6.8 titan_tank(parked)@6.2 ifv(moving)@4.7 aa_vehicle(parked)@4.7 main_battle_tank(moving)@9.9 aa_vehicle(parked)@9.7
metrocity,Defend,1,light,371,titan_tank,0,4460,223.0,237.5,14.5,80.0,101.1,90.4,98.3,Move,YieldWait,fortress,,moved,0,,behind siege_tank#422,siege_tank(moving)@8.0 siege_tank(moving)@5.8 siege_tank(moving)@5.3
metrocity,Defend,1,light,405,heavy_tank,0,5170,258.5,267.0,8.5,89.7,107.0,90.6,89.4,AttackMove,BlockedByFriend,fortress,,moved,0,,siege_tank#378 moving,titan_tank(moving)@7.8 siege_tank(moving)@6.7 siege_tank(moving)@7.1 titan_tank(moving)@8.6 siege_tank(moving)@8.9 aa_vehicle(moving)@4.3
metrocity,Defend,1,light,454,artillery,0,5350,267.5,280.0,12.5,91.4,93.7,83.9,98.7,Move,BlockedByFriend,fortress,route,moved,0,,siege_tank#378 moving,titan_tank(moving)@6.7 siege_tank(moving)@4.3 titan_tank(moving)@8.0 heavy_tank(moving)@7.7 heavy_tank(moving)@4.8
metrocity,Defend,1,light,391,titan_tank,0,5990,299.5,312.0,12.5,106.4,112.7,117.0,107.8,Move,BlockedByFriend,fortress,,moved,0,,mobile_fortress#419 moving,heavy_tank(moving)@3.9 heavy_tank(moving)@7.3 mobile_fortress(moving)@8.8
metrocity,Defend,1,light,403,ifv,0,6080,304.0,314.0,10.0,115.4,134.5,125.0,115.0,AttackMove,OffRoute,fortress+gate,nopark,moved,0,,to (113.0;115.0) past command_hq,heavy_tank(moving)@6.6 main_battle_tank(moving)@3.4 ifv(moving)@7.4 ifv(moving)@4.6
metrocity,Defend,1,light,451,ifv,0,6120,306.0,319.0,13.0,114.0,132.2,112.0,118.3,AttackMove,YieldWait,fortress+gate,narrow+nopark,moved,0,,behind mobile_fortress#419,heavy_tank(moving)@4.6 ifv(moving)@5.4 main_battle_tank(moving)@4.3 ifv(moving)@7.5
metrocity,Defend,1,light,380,heavy_tank,0,6130,306.5,315.0,8.5,114.0,127.0,143.0,86.1,AttackMove,BlockedByFriend,fortress+gate,nopark,moved,0,,ifv#451 moving,ifv(moving)@9.7 mobile_fortress(moving)@8.5 main_battle_tank(moving)@9.4 ifv(moving)@5.3
metrocity,Defend,1,light,442,main_battle_tank,0,6300,315.0,325.5,10.5,116.7,134.1,125.0,115.0,AttackMove,BlockedByFriend,fortress+gate,nopark,moved,0,,ifv#451 moving,ifv(moving)@4.6 aa_vehicle(moving)@10.0 elite_heavy_tank(moving)@8.9 ifv(moving)@4.4 ifv(moving)@3.8
metrocity,Defend,1,light,403,ifv,0,6330,316.5,325.5,9.0,121.5,136.2,125.0,115.0,AttackMove,BlockedByFriend,fortress,,moved,0,,ifv#449 moving,aa_vehicle(parked)@4.9 main_battle_tank(moving)@5.9 elite_heavy_tank(moving)@5.4 ifv(moving)@3.8 ifv(moving)@9.5
metrocity,Defend,1,light,380,heavy_tank,0,6380,319.0,333.0,14.0,113.7,122.5,143.0,86.1,AttackMove,BlockedByFriend,fortress,,moved,0,,heavy_tank#405 moving,heavy_tank(moving)@6.9 heavy_tank(moving)@6.8 mobile_fortress(moving)@7.9 artillery(moving)@7.4 elite_heavy_tank(moving)@9.8
metrocity,Defend,1,light,405,heavy_tank,0,6450,322.5,336.5,14.0,111.8,118.0,118.9,136.9,AttackMove,BlockedByFriend,fortress,,moved,0,,heavy_tank#380 moving,heavy_tank(moving)@4.8 heavy_tank(moving)@5.9 siege_tank(moving)@9.1 artillery(parked)@5.5 elite_mbt(moving)@4.7 elite_heavy_tank(moving)@8.9 aa_vehicle(moving)@9.2 ifv(moving)@5.8 aa_vehicle(moving)@8.8
metrocity,Defend,1,light,470,aa_vehicle,0,6660,333.0,342.0,9.0,119.5,116.0,112.8,125.6,AttackMove,OffRoute,fortress,,moved,0,,to (112.8;125.6) past command_hq,titan_tank(moving)@8.6 heavy_tank(moving)@5.7 heavy_tank(moving)@9.6 main_battle_tank(parked)@8.4 elite_mbt(parked)@4.1 aa_vehicle(moving)@9.6
metrocity,Defend,1,light,419,mobile_fortress,0,6850,342.5,351.0,8.5,123.8,144.0,97.2,142.8,AttackMove,BlockedByFriend,fortress,,moved,0,,ifv#451 parked,aa_vehicle(moving)@8.7 ifv(parked)@8.9
metrocity,Defend,1,light,447,elite_heavy_tank,0,6870,343.5,360.0,16.5,105.0,119.4,112.7,132.9,AttackMove,BlockedByFriend,fortress,,moved,0,,main_battle_tank#442 moving,heavy_tank(moving)@8.8 ifv(moving)@7.5 main_battle_tank(moving)@5.4 artillery(parked)@9.1 elite_heavy_tank(moving)@5.8 aa_vehicle(moving)@8.9 aa_vehicle(moving)@5.5
metrocity,Defend,1,light,442,main_battle_tank,0,7170,358.5,369.0,10.5,114.7,116.0,132.9,137.3,AttackMove,YieldWait,fortress,,moved,0,,behind elite_mbt#465,heavy_tank(moving)@7.6 ifv(parked)@5.5 main_battle_tank(moving)@9.0 elite_mbt(moving)@5.1 ifv(moving)@3.8
metrocity,Defend,1,light,447,elite_heavy_tank,0,7430,371.5,390.5,19.0,114.0,127.7,132.9,137.3,AttackMove,BlockedByFriend,fortress,,moved,0,,main_battle_tank#442 moving,aa_vehicle(moving)@9.2 main_battle_tank(moving)@4.3 artillery(moving)@7.0 elite_mbt(moving)@8.3 elite_heavy_tank(moving)@5.9 ifv(moving)@7.2
metrocity,Defend,1,light,384,titan_tank,0,7500,375.0,385.0,10.0,104.8,111.0,112.8,108.9,Move,YieldWait,fortress,,gave up,0,,behind siege_tank#378,siege_tank(moving)@6.8 heavy_tank(moving)@6.9 ifv(moving)@9.1 main_battle_tank(moving)@4.7 ifv(moving)@9.2
metrocity,Defend,1,light,430,main_battle_tank,0,7520,376.0,387.5,11.5,109.0,114.1,101.0,120.4,Move,YieldWait,fortress,,moved,0,,behind heavy_tank#393,titan_tank(moving)@5.1 heavy_tank(moving)@4.9 ifv(moving)@8.0 heavy_tank(moving)@9.6 ifv(moving)@7.0 ifv(moving)@3.7
metrocity,Defend,1,light,466,elite_heavy_tank,0,7520,376.0,390.5,14.5,111.0,133.7,132.9,137.3,AttackMove,YieldWait,fortress,,moved,0,,behind mobile_fortress#419,mobile_fortress(moving)@9.0 aa_vehicle(moving)@5.2 main_battle_tank(moving)@5.9 elite_heavy_tank(moving)@6.8 artillery(moving)@5.5 elite_mbt(moving)@9.8 ifv(moving)@9.4
metrocity,Defend,1,light,449,ifv,0,7770,388.5,404.5,16.0,113.1,114.8,132.9,137.3,AttackMove,YieldWait,fortress,,moved,0,,behind heavy_tank#393,heavy_tank(moving)@6.3 heavy_tank(moving)@7.6 elite_heavy_tank(moving)@9.1 titan_tank(moving)@3.6
metrocity,Defend,1,light,451,ifv,0,7830,391.5,403.0,11.5,116.4,134.2,125.0,115.0,AttackMove,OffRoute,fortress,,gave up,0,,to (113.0;127.0) past command_hq,titan_tank(moving)@7.3 titan_tank(moving)@5.1 mobile_fortress(moving)@8.6 ifv(moving)@3.9
metrocity,Defend,1,light,454,artillery,0,7840,392.0,402.0,10.0,102.9,143.7,131.9,134.3,Move,YieldWait,fortress,,moved,0,,behind mobile_fortress#419,mobile_fortress(moving)@8.9 elite_mbt(moving)@7.3
metrocity,Defend,1,light,465,elite_mbt,0,7890,394.5,404.5,10.0,98.8,138.1,132.9,137.3,AttackMove,BlockedByFriend,fortress,,gave up,0,,main_battle_tank#442 moving,mobile_fortress(moving)@7.5 main_battle_tank(moving)@5.0
metrocity,Defend,2,full,411,aa_vehicle,0,1250,62.5,72.0,9.5,87.9,102.3,79.0,104.8,AttackMove,BlockedByFriend,fortress,,moved,0,,aa_vehicle#413 moving,scout_jeep(moving)@2.8 aa_vehicle(moving)@3.5 aa_vehicle(moving)@4.1 light_tank(moving)@4.7 ifv(moving)@5.0 base_wall@8
metrocity,Defend,2,full,420,siege_tank,0,2260,113.0,121.5,8.5,27.8,13.3,9.0,45.0,Move,Unknown,fortress,road+route,moved,0,,speed 2.2 strikes 0,minefield(fixed)@6.5
metrocity,Defend,2,full,475,aa_vehicle,0,3570,178.5,191.0,12.5,106.7,95.9,91.0,99.0,Move,BlockedByFriend,fortress,,moved,0,,light_tank#453 moving,airfield(fixed)@5.0 light_tank(moving)@3.1 ifv(moving)@6.6 ifv(parked)@9.0 aa_vehicle(moving)@3.1 aa_vehicle(moving)@6.4 aa_vehicle(moving)@6.4 aa_vehicle(moving)@9.0
metrocity,Defend,2,full,505,light_tank,0,5110,255.5,265.5,10.0,98.5,92.5,69.2,56.4,AttackMove,BlockedByFriend,fortress,,moved,0,,scout_jeep#506 moving,missile_battery(fixed)@7.7 airfield(fixed)@4.5 main_battle_tank(moving)@3.2 aa_vehicle(moving)@6.7 main_battle_tank(moving)@7.0 scout_jeep(moving)@3.0 base_wall@9
metrocity,Defend,2,full,470,aa_vehicle,0,5150,257.5,267.0,9.5,103.1,97.1,69.2,56.4,AttackMove,YieldWait,fortress,,moved,0,,waiting on a yield,airfield(fixed)@4.6 scout_jeep(moving)@3.7 main_battle_tank(moving)@3.1 light_tank(moving)@7.7 scout_jeep(moving)@7.1 armored_car(parked)@4.4
metrocity,Defend,2,full,420,siege_tank,0,5310,265.5,275.0,9.5,90.0,78.2,77.5,95.3,Move,Unknown,fortress,,moved,0,,speed 0.7 strikes 1,base_wall@6 base_wall@8 floodlight_mast@8
metrocity,Defend,2,full,497,thermobaric_launcher,1,5890,294.5,303.0,8.5,-2.3,-22.6,-93.3,-110.6,Move,BlockedByFriend,field,,moved,0,,ammo_carrier#416 moving,ammo_carrier(moving)@6.5 barricade@7
metrocity,Defend,2,full,535,ifv,0,7990,399.5,408.5,9.0,122.1,56.1,126.2,21.4,AttackMove,BlockedByFriend,fortress,,moved,0,,aa_vehicle#537 moving,missile_battery(fixed)@9.1 armored_car(moving)@5.4 main_battle_tank(moving)@9.8 ifv(moving)@7.7 scout_jeep(moving)@2.4 scout_jeep(moving)@2.7 aa_vehicle(moving)@5.0 armored_car(moving)@5.6 armored_car(moving)@9.0 armored_car(moving)@5.6 aa_vehicle(moving)@4.3
metrocity,Defend,2,full,559,light_tank,0,8510,425.5,434.0,8.5,118.7,52.1,110.6,65.2,AttackMove,BlockedByFriend,fortress,,moved,0,,main_battle_tank#504 moving,scout_jeep(moving)@8.6 light_tank(moving)@3.6 main_battle_tank(moving)@4.2 armored_car(parked)@9.6 ifv(moving)@6.5 aa_vehicle(parked)@6.7 aa_vehicle(moving)@4.3 ifv(moving)@9.1 shield_generator@9
metrocity,Defend,2,full,535,ifv,0,8730,436.5,445.5,9.0,117.7,56.7,115.0,47.0,AttackMove,YieldWait,fortress,,moved,0,,waiting on a yield,siege_tank(moving)@5.2 main_battle_tank(moving)@6.1 light_tank(moving)@6.2 main_battle_tank(moving)@8.2 main_battle_tank(moving)@8.3 main_battle_tank(moving)@4.4 aa_vehicle(moving)@6.5 light_tank(moving)@9.5 ifv(moving)@9.1 light_tank(moving)@4.6 scout_jeep(moving)@7.0 shield_generator@9
metrocity,Defend,2,full,496,main_battle_tank,0,8870,443.5,452.0,8.5,113.2,59.7,115.0,47.0,AttackMove,BlockedByFriend,fortress,,moved,0,,scout_jeep#579 moving,siege_tank(moving)@5.6 scout_jeep(moving)@6.7 siege_tank(moving)@8.0 main_battle_tank(moving)@9.6 main_battle_tank(moving)@3.4 armored_car(moving)@9.2 armored_car(moving)@9.2 aa_vehicle(moving)@5.0 aa_vehicle(moving)@6.0 scout_jeep(moving)@7.8 scout_jeep(moving)@3.7 scout_jeep(moving)@7.0 shield_generator@7
metrocity,Endless,1,full,408,aa_vehicle,0,2200,110.0,118.5,8.5,12.2,46.6,68.9,2.3,AttackMove,BlockedByDefence,fortress,,moved,0,,mg_bunker#391 parked,mg_bunker(fixed)@5.4 titan_tank(moving)@5.9 aa_vehicle(moving)@9.7 siege_tank(moving)@4.6
metrocity,Endless,1,full,461,aa_vehicle,0,3360,168.0,178.5,10.5,98.9,95.2,49.7,-2.8,AttackMove,BlockedByDefence,fortress,,moved,0,,airfield#373 parked,heavy_turret(fixed)@9.0 airfield(fixed)@4.9 ifv(moving)@7.8 ifv(moving)@4.2
metrocity,Endless,1,full,428,heavy_tank,0,3440,172.0,190.0,18.0,105.3,87.3,68.2,1.3,AttackMove,BlockedByDefence,fortress,,moved,0,,airfield#373 parked,airfield(fixed)@5.7 ifv(moving)@9.5 titan_tank(moving)@5.8 base_wall@4 fortress_gate@9
metrocity,Endless,1,full,449,titan_tank,0,4330,216.5,227.5,11.0,95.0,98.4,102.3,86.7,Move,BlockedByFriend,fortress,,moved,0,,main_battle_tank#469 moving,heavy_turret(fixed)@8.5 airfield(fixed)@9.9 ifv(moving)@9.4 ifv(moving)@8.1 ifv(parked)@9.4 heavy_tank(moving)@5.9 main_battle_tank(moving)@3.9 aa_vehicle(moving)@5.7 aa_vehicle(moving)@5.3
metrocity,Endless,1,full,468,heavy_tank,0,4390,219.5,231.5,12.0,91.2,100.1,96.1,90.5,Move,BlockedByFriend,fortress,,moved,0,,titan_tank#449 moving,heavy_turret(fixed)@9.1 titan_tank(moving)@4.8 ifv(moving)@6.2 main_battle_tank(moving)@3.8 aa_vehicle(moving)@9.7 aa_vehicle(moving)@8.6 aa_vehicle(parked)@8.6 base_wall@9
metrocity,Endless,1,full,469,main_battle_tank,0,4530,226.5,235.5,9.0,95.4,103.5,87.9,108.1,Move,YieldWait,fortress,,moved,0,,behind titan_tank#449,ifv(moving)@3.6 ifv(moving)@9.3 heavy_tank(moving)@5.6 titan_tank(parked)@7.7 ifv(moving)@6.3 heavy_tank(moving)@6.6 aa_vehicle(moving)@4.3 aa_vehicle(moving)@2.6
metrocity,Endless,1,full,473,aa_vehicle,0,4640,232.0,242.0,10.0,98.0,93.3,63.0,57.0,AttackMove,BlockedByDefence,fortress,,moved,0,,airfield#373 parked,heavy_turret(fixed)@7.4 airfield(fixed)@5.0 ifv(moving)@8.4 titan_tank(moving)@9.7 heavy_tank(moving)@3.3 aa_vehicle(moving)@7.3 aa_vehicle(moving)@8.8
metrocity,Endless,1,full,488,aa_vehicle,0,4660,233.0,245.0,12.0,98.4,100.5,88.9,98.4,AttackMove,BlockedByFriend,fortress,,moved,0,,aa_vehicle#489 moving,airfield(fixed)@9.2 ifv(moving)@7.3 heavy_tank(moving)@7.0 ifv(moving)@7.3 titan_tank(moving)@2.9 heavy_tank(moving)@3.5 main_battle_tank(moving)@7.5 aa_vehicle(moving)@7.8 aa_vehicle(moving)@4.3
metrocity,Endless,1,full,405,siege_tank,0,5980,299.0,312.0,13.0,44.0,65.0,24.7,24.5,Move,BlockedByFriend,fortress,,moved,0,,titan_tank#399 moving,titan_tank(moving)@6.2 heavy_tank(parked)@8.6 base_wall@6 fortress_gate@7
metrocity,Endless,1,full,507,main_battle_tank,0,6580,329.0,338.0,9.0,53.5,102.4,57.6,120.3,AttackMove,BlockedByFriend,fortress,,moved,0,,heavy_tank#420 moving,gun_pit(fixed)@6.9 heavy_tank(moving)@4.4 heavy_tank(moving)@8.7 aa_vehicle(moving)@7.5 shield_generator@8 container@9
metrocity,Endless,1,full,492,titan_tank,0,6920,346.0,355.0,9.0,46.8,97.0,51.2,117.3,AttackMove,BlockedByFriend,fortress,,moved,0,,titan_tank#397 moving,titan_tank(moving)@5.3 siege_tank(moving)@8.0 heavy_tank(moving)@6.9 main_battle_tank(moving)@6.5 base_wall@7 base_wall@10
metrocity,Endless,1,full,507,main_battle_tank,0,7080,354.0,362.5,8.5,50.2,101.3,29.3,83.8,AttackMove,BlockedByFriend,fortress,,gave up,0,,titan_tank#492 moving,gun_pit(fixed)@9.9 titan_tank(moving)@3.9 siege_tank(moving)@5.4 heavy_tank(moving)@8.8 titan_tank(moving)@4.3 shield_generator@9
metrocity,Endless,1,full,543,titan_tank,0,10620,531.0,540.0,9.0,88.0,98.6,88.3,29.7,AttackMove,YieldWait,fortress,,moved,0,,behind aa_vehicle#626,heavy_turret(fixed)@8.2 main_battle_tank(moving)@9.8 artillery(parked)@5.4 aa_vehicle(moving)@7.5 base_wall@5
metrocity,Endless,2,obstacles,417,aa_vehicle,0,1540,77.0,86.0,9.0,96.6,98.1,101.0,79.0,Move,BlockedByFriend,fortress+gate,nopark,moved,0,,aa_vehicle#418 moving,heavy_turret(fixed)@9.0 repair_bay(fixed)@8.5 aa_vehicle(moving)@5.5 aa_vehicle(moving)@7.2 siege_tank(moving)@4.5 main_battle_tank(moving)@7.0
metrocity,Endless,2,obstacles,416,aa_vehicle,0,2140,107.0,119.0,12.0,82.7,102.0,91.0,97.0,Move,YieldWait,fortress,,gave up,0,,behind mlrs#438,aa_vehicle(moving)@4.7 aa_vehicle(parked)@9.5 aa_vehicle(moving)@4.9 aa_vehicle(moving)@7.8 main_battle_tank(moving)@3.6 mlrs(moving)@3.4 ifv(moving)@7.0 scout_jeep(moving)@6.1 base_wall@6
metrocity,Endless,2,obstacles,499,main_battle_tank,0,5400,270.0,281.0,11.0,53.0,63.3,33.9,35.1,AttackMove,BlockedByFriend,fortress,,moved,0,,main_battle_tank#497 moving,dragons_teeth(fixed)@4.9 siege_tank(moving)@6.5 main_battle_tank(moving)@3.8 ifv(moving)@9.4
metrocity,Endless,2,obstacles,529,aa_vehicle,0,6510,325.5,334.0,8.5,44.8,104.4,51.5,120.2,AttackMove,YieldWait,fortress+gate,nopark,moved,0,,behind main_battle_tank#557,light_tank(parked)@5.2 main_battle_tank(moving)@7.6 base_wall@9 shield_generator@8
metrocity,Weekly,1,obstacles,439,heavy_tank,1,5630,281.5,290.5,9.0,55.8,92.6,119.0,115.0,AttackMove,BlockedByFriend,fortress,,moved,0,,ammo_carrier#460 moving,ammo_carrier(moving)@6.2 ammo_carrier(moving)@8.5 mobile_fortress(moving)@9.3
metrocity,Weekly,1,obstacles,431,sapper,1,5940,297.0,306.0,9.0,36.0,77.1,28.6,70.3,AttackMove,Unknown,fortress,road,moved,0,,speed 0.9 strikes 0,command_vehicle(parked)@6.6 counter_battery_radar(moving)@4.2
metrocity,Weekly,1,obstacles,449,long_sam,1,7260,363.0,371.5,8.5,62.0,90.1,42.1,44.0,Move,Unknown,fortress,,moved,0,,speed 4.0 strikes 0,
metrocity,Weekly,1,obstacles,439,heavy_tank,1,8550,427.5,439.5,12.0,105.4,122.0,119.0,115.0,AttackMove,OffRoute,fortress,,gave up,0,,to (119.0;115.0) past ammo_depot(defence),gun_pit(fixed)@6.9 ammo_depot(fixed)@5.9 sapper(parked)@6.5
metrocity,Weekly,1,obstacles,477,mobile_fortress,1,8820,441.0,450.5,9.5,75.3,117.2,95.7,109.9,AttackMove,BlockedByFriend,fortress,,moved,0,,twin_tank#454 moving,twin_tank(moving)@9.8 base_wall@9
metrocity,Weekly,1,obstacles,431,sapper,1,9010,450.5,465.5,15.0,87.8,118.3,80.5,103.3,AttackMove,YieldWait,fortress,,moved,0,,behind mobile_fortress#477,drone_hangar(fixed)@9.9 rocket_technical(moving)@9.6 twin_tank(moving)@6.8 mobile_fortress(moving)@8.5 elite_heavy_tank(moving)@9.6 base_wall@6
metrocity,Weekly,1,obstacles,439,heavy_tank,1,9150,457.5,466.5,9.0,106.0,122.9,75.8,119.9,AttackMove,YieldWait,fortress,,moved,0,,behind wheeled_gun#493,gun_pit(fixed)@6.3 ammo_depot(fixed)@5.8 elite_heavy_tank(moving)@7.3 wheeled_gun(moving)@4.5
metrocity,Weekly,2,light,370,siege_tank,0,2010,100.5,111.0,10.5,21.9,51.0,26.4,61.4,Move,BlockedByFriend,fortress,,gave up,0,,siege_tank#383 moving,siege_tank(moving)@9.7 scout_jeep(moving)@8.2
metrocity,Weekly,2,light,398,heavy_tank,1,4450,222.5,232.5,10.0,75.6,110.8,125.0,115.0,AttackMove,YieldWait,fortress,road,moved,0,,waiting on a yield,heavy_rocket_artillery(moving)@4.7 ammo_carrier(moving)@6.2 vbied(moving)@6.8
metrocity,Weekly,2,light,439,command_vehicle,1,6020,301.0,312.5,11.0,32.3,60.6,37.5,70.9,Move,BlockedByFriend,fortress,road,died,0,,mobile_fortress#431 parked,
metrocity,Weekly,2,light,520,aa_vehicle,0,8280,414.0,423.0,9.0,-52.3,-44.6,-36.4,-23.6,Move,BlockedByFriend,field,route,moved,0,,siege_tank#507 moving,siege_tank(moving)@3.8 siege_tank(moving)@9.1 main_battle_tank(moving)@5.0 aa_vehicle(moving)@8.5
metrocity,Weekly,2,light,482,ew_jammer,1,11810,590.5,599.0,8.5,93.7,109.1,65.6,81.5,Idle,BlockedByFriend,fortress,,moved,0,,mobile_fortress#431 parked,mobile_fortress(parked)@9.4 shahed_truck(parked)@6.6 rocket_technical(parked)@9.9
redrock,Defend,1,full,682,siege_tank,0,4360,218.0,229.5,11.5,-19.3,97.4,31.3,54.4,Move,BlockedByFriend,fortress,,moved,0,,siege_tank#671 moving,siege_tank(moving)@9.8 siege_tank(moving)@5.8 power_pylon@7
redrock,Defend,1,full,707,heavy_tank,0,4520,226.0,238.0,12.0,86.0,97.4,61.0,-3.0,AttackMove,BlockedByFriend,fortress,,moved,0,,aa_vehicle#719 moving,heavy_turret(fixed)@8.1 ifv(parked)@8.1 aa_vehicle(moving)@4.0 base_wall@10 base_wall@3
redrock,Defend,1,full,659,titan_tank,0,4840,242.0,251.0,9.0,-6.0,50.9,61.0,-3.0,AttackMove,BlockedByFriend,fortress+gate,narrow+nopark,moved,0,,titan_tank#687 moving,siege_tank(moving)@8.1 titan_tank(moving)@5.3 ew_tower(fixed)@9.9 artillery(parked)@7.2 cliff_b@10
redrock,Defend,1,full,669,ifv,0,5480,274.0,285.0,11.0,90.2,96.0,97.0,89.0,Move,YieldWait,fortress,,moved,0,,behind ifv#740,heavy_turret(fixed)@5.1 aa_vehicle(moving)@8.6 heavy_tank(moving)@4.6 ifv(moving)@9.4 ifv(moving)@6.4 ifv(moving)@7.2 base_wall@7
redrock,Defend,1,full,738,ifv,0,5590,279.5,288.5,9.0,98.8,99.1,61.7,4.6,AttackMove,BlockedByFriend,fortress,,moved,0,,ifv#740 moving,airfield(fixed)@7.8 ifv(moving)@3.9 heavy_tank(moving)@8.4 ifv(moving)@4.6 ifv(moving)@6.2 artillery(moving)@5.9
redrock,Defend,1,full,733,heavy_tank,0,5610,280.5,290.0,9.5,90.3,100.6,101.5,93.0,Move,BlockedByFriend,fortress,,moved,0,,artillery#758 moving,heavy_turret(fixed)@9.6 ifv(moving)@6.4 ifv(moving)@7.9 artillery(moving)@5.5 base_wall@8
redrock,Defend,1,full,759,aa_vehicle,0,6270,313.5,324.0,10.5,105.3,96.4,63.0,57.0,AttackMove,BlockedByFriend,fortress,,moved,0,,ifv#740 moving,airfield(fixed)@4.5 ifv(moving)@9.4 aa_vehicle(moving)@6.4 ifv(moving)@3.6 titan_tank(moving)@6.8 heavy_tank(moving)@9.5
redrock,Defend,1,full,745,ifv,0,7550,377.5,386.5,9.0,72.5,68.2,79.6,76.3,AttackMove,BlockedByFriend,fortress,road,moved,0,,ifv#738 moving,ifv(moving)@6.8 titan_tank(moving)@6.8 heavy_tank(moving)@9.6 ifv(moving)@4.5 heavy_tank(moving)@5.8 aa_vehicle(moving)@4.1 aa_vehicle(moving)@4.7
redrock,Defend,1,full,682,siege_tank,0,8090,404.5,416.5,12.0,105.8,44.8,69.6,59.5,Move,BlockedByFriend,fortress,,moved,0,,aa_vehicle#767 moving,heavy_tank(moving)@9.2 heavy_tank(moving)@7.2 artillery(moving)@7.6 aa_vehicle(moving)@4.1 base_wall@5
redrock,Defend,1,full,764,heavy_tank,0,9010,450.5,464.0,13.5,62.4,49.0,51.0,57.0,AttackMove,BlockedByFriend,fortress+gate,route+nopark,moved,0,,aa_vehicle#768 moving,titan_tank(moving)@7.1 titan_tank(moving)@5.3 main_battle_tank(moving)@9.2 aa_vehicle(moving)@4.4 titan_tank(moving)@5.0 guard_tower(fixed)@3.5 shield_generator@10
redrock,Defend,1,full,806,titan_tank,0,8970,448.5,467.5,19.0,102.6,86.2,51.0,57.0,AttackMove,BlockedByDefence,fortress,,moved,0,,airfield#634 parked,airfield(fixed)@6.3 ifv(moving)@7.6 base_wall@7 base_wall@3
redrock,Defend,1,full,661,titan_tank,0,9070,453.5,463.0,9.5,66.3,44.4,49.1,44.7,AttackMove,OffRoute,fortress+gate,nopark,moved,0,,to (63.0;43.0) past fortress_gate,siege_tank(moving)@7.5 titan_tank(moving)@5.3 main_battle_tank(moving)@8.8 ifv(moving)@7.0 heavy_tank(moving)@5.0 aa_vehicle(moving)@7.9 guard_tower(fixed)@8.2 fortress_gate@6
redrock,Defend,1,full,687,titan_tank,0,9090,454.5,463.5,9.0,61.7,42.8,53.0,63.0,AttackMove,OffRoute,fortress+gate,narrow+nopark,moved,0,,to (63.0;67.0) past guard_tower(defence),titan_tank(moving)@4.5 heavy_tank(moving)@6.6 main_battle_tank(moving)@4.1 ifv(moving)@5.7 titan_tank(moving)@8.7 heavy_tank(moving)@6.3 guard_tower(fixed)@5.9 fortress_gate@10
redrock,Defend,1,full,671,siege_tank,0,9240,462.0,470.5,8.5,72.7,45.2,61.4,13.8,Move,OffRoute,fortress,road,moved,0,,to (61.0;41.0) past fortress_gate,artillery(moving)@9.8 heavy_tank(moving)@9.7 aa_vehicle(moving)@4.7 artillery(moving)@7.6 fortress_gate@5 base_wall@9
redrock,Defend,1,full,661,titan_tank,0,9320,466.0,476.0,10.0,63.3,47.4,49.1,44.7,AttackMove,YieldWait,fortress+gate,nopark,moved,0,,behind heavy_tank#764,siege_tank(moving)@5.6 heavy_tank(moving)@8.0 aa_vehicle(moving)@6.2 artillery(moving)@5.2 guard_tower(fixed)@4.3
redrock,Defend,1,full,733,heavy_tank,0,9760,488.0,497.0,9.0,44.1,52.3,57.2,63.7,AttackMove,BlockedByFriend,fortress,route,gave up,0,,main_battle_tank#689 moving,heavy_tank(parked)@6.9 titan_tank(parked)@9.5 titan_tank(moving)@6.7 main_battle_tank(moving)@5.1 heavy_tank(moving)@7.1
redrock,Defend,1,full,783,siege_tank,0,9790,489.5,500.0,10.5,58.1,47.3,27.1,25.5,Move,BlockedByFriend,fortress,,moved,0,,titan_tank#761 moving,siege_tank(moving)@4.3 titan_tank(moving)@7.8 heavy_tank(moving)@9.2 aa_vehicle(parked)@5.7 aa_vehicle(moving)@8.5 aa_vehicle(moving)@9.9 shield_generator@10
redrock,Defend,1,full,804,aa_vehicle,0,9980,499.0,507.5,8.5,62.5,55.2,29.2,37.3,AttackMove,BlockedByFriend,fortress,,gave up,0,,ifv#811 moving,titan_tank(moving)@7.2 artillery(moving)@7.1 aa_vehicle(moving)@9.6 aa_vehicle(parked)@8.7 ifv(moving)@4.6 armored_bulldozer(moving)@5.5 shield_generator@6
redrock,Defend,2,obstacles,670,siege_tank,0,6740,337.0,345.5,8.5,104.8,44.7,113.8,44.9,Move,GateWait,fortress,,gave up,0,,doorway 0,siege_tank(moving)@8.7 siege_tank(moving)@9.3 base_wall@10 base_wall@5
redrock,Defend,2,obstacles,810,light_tank,0,9950,497.5,507.5,10.0,41.1,98.4,51.0,117.0,AttackMove,YieldWait,fortress,,moved,0,,behind main_battle_tank#746,main_battle_tank(moving)@4.5 siege_tank(moving)@7.4 mlrs(parked)@7.0 armored_car(moving)@9.0 armored_car(moving)@7.6
redrock,Defend,2,obstacles,806,ifv,0,10050,502.5,511.5,9.0,49.4,120.2,44.4,99.7,AttackMove,YieldWait,fortress,,moved,0,,behind aa_vehicle#842,mlrs(moving)@6.0 main_battle_tank(moving)@6.7 armored_car(moving)@5.5 ifv(moving)@3.1 scout_jeep(parked)@8.7 aa_vehicle(moving)@6.9 armored_car(moving)@7.5
redrock,Defend,2,obstacles,842,aa_vehicle,0,10080,504.0,513.5,9.5,44.3,116.6,20.3,77.1,AttackMove,YieldWait,fortress+gate,nopark,moved,0,,behind mlrs#748,main_battle_tank(moving)@9.3 mlrs(moving)@5.2 ifv(moving)@8.4 main_battle_tank(parked)@9.2 ifv(moving)@4.6 armored_car(moving)@4.5 base_wall@6 shield_generator@9
redrock,Endless,1,obstacles,686,heavy_tank,0,2770,138.5,147.0,8.5,-17.0,72.5,-12.2,46.9,AttackMove,YieldWait,fortress+gate,road+nopark,moved,0,,behind siege_tank#669,titan_tank(moving)@7.3 boulders@9 wreck_truck@9
redrock,Endless,1,obstacles,709,aa_vehicle,0,4990,249.5,259.0,9.5,87.4,103.3,80.0,108.7,Move,BlockedByFriend,fortress,,moved,0,,aa_vehicle#755 moving,ifv(moving)@9.4 titan_tank(moving)@5.3 aa_vehicle(moving)@4.3 aa_vehicle(moving)@4.1 ifv(moving)@4.8 ifv(moving)@3.8 artillery(moving)@7.6 base_wall@8
redrock,Endless,1,obstacles,755,aa_vehicle,0,5000,250.0,261.5,11.5,87.9,107.7,91.0,97.0,Move,BlockedByFriend,fortress,,moved,0,,ifv#759 moving,aa_vehicle(moving)@4.2 ifv(moving)@5.9 titan_tank(moving)@7.7 aa_vehicle(moving)@9.8 ifv(moving)@3.6 ifv(moving)@6.9 artillery(moving)@8.5
redrock,Endless,1,obstacles,759,ifv,0,5030,251.5,261.5,10.0,89.2,105.1,82.0,107.9,AttackMove,YieldWait,fortress,,moved,0,,behind ifv#731,aa_vehicle(moving)@4.7 ifv(moving)@5.2 titan_tank(moving)@6.4 aa_vehicle(moving)@3.4 aa_vehicle(moving)@7.8 ifv(moving)@3.8 artillery(moving)@5.5
redrock,Endless,1,obstacles,760,ifv,0,5070,253.5,262.0,8.5,88.3,100.9,64.9,69.3,AttackMove,YieldWait,fortress,,moved,0,,waiting on a yield,ifv(moving)@8.5 titan_tank(moving)@4.8 aa_vehicle(moving)@6.9 aa_vehicle(moving)@5.7 ifv(moving)@5.0 artillery(moving)@9.1 base_wall@7
redrock,Endless,1,obstacles,671,siege_tank,0,6270,313.5,326.0,12.5,36.0,92.1,63.0,77.0,Move,BlockedByFriend,fortress+gate,narrow+nopark,moved,0,,titan_tank#691 moving,titan_tank(moving)@6.2 siege_tank(moving)@9.2 base_wall@6
redrock,Endless,1,obstacles,733,titan_tank,0,9470,473.5,482.5,9.0,40.2,121.2,36.7,128.2,AttackMove,GateWait,fortress,,gave up,0,,doorway 0,titan_tank(parked)@5.3 heavy_tank(moving)@7.1 aa_vehicle(moving)@7.5 base_wall@9
redrock,Endless,1,obstacles,788,heavy_tank,0,9790,489.5,502.0,12.5,47.5,116.1,43.1,97.7,AttackMove,BlockedByFriend,fortress+gate,nopark,gave up,0,,aa_vehicle#837 moving,ifv(moving)@6.1 aa_vehicle(moving)@5.2 aa_vehicle(moving)@3.2 base_wall@9 shield_generator@7
redrock,Endless,1,obstacles,837,aa_vehicle,0,9790,489.5,500.0,10.5,43.7,119.6,43.1,97.7,AttackMove,OffRoute,fortress+gate,nopark,moved,0,,to (45.0;97.0) past base_wall,titan_tank(moving)@5.5 titan_tank(moving)@5.3 heavy_tank(moving)@5.2 ifv(moving)@4.3 aa_vehicle(moving)@7.0 base_wall@8
redrock,Endless,1,obstacles,835,titan_tank,0,10390,519.5,528.0,8.5,64.0,104.0,50.3,95.4,AttackMove,BlockedByDefence,fortress,,gave up,0,,gun_pit#867 parked,gun_pit(fixed)@5.6 ifv(moving)@4.6
redrock,Endless,2,light,695,scout_jeep,0,3000,150.0,158.5,8.5,124.8,105.3,125.0,115.0,AttackMove,BlockedByFriend,fortress,,moved,0,,armored_car#697 moving,scout_jeep(moving)@3.4 armored_car(moving)@3.0 armored_car(moving)@3.6 base_wall@9
redrock,Endless,2,light,700,armored_car,0,3730,186.5,197.0,10.5,111.8,114.7,125.0,115.0,AttackMove,YieldWait,fortress,,moved,0,,behind mobile_fortress#694,main_battle_tank(moving)@6.1 armored_car(moving)@8.1 armored_car(moving)@3.5 ifv(moving)@4.7
redrock,Endless,2,light,691,main_battle_tank,0,3850,192.5,203.0,10.5,113.2,109.5,125.0,115.0,AttackMove,YieldWait,fortress,,moved,0,,behind mobile_fortress#694,main_battle_tank(moving)@8.7 light_tank(moving)@8.9 armored_car(moving)@6.0 armored_car(moving)@6.8 armored_car(moving)@8.6 armored_car(moving)@3.9 ifv(parked)@9.4 ifv(moving)@3.6
redrock,Endless,2,light,705,armored_car,0,3870,193.5,204.5,10.5,113.0,117.6,125.0,115.0,AttackMove,OffRoute,fortress,,died,0,,to (117.0;115.0) past command_hq,main_battle_tank(moving)@8.1 light_tank(moving)@8.8 armored_car(moving)@3.4 armored_car(moving)@3.7 armored_car(moving)@6.7 ifv(parked)@3.9 ifv(moving)@5.3
redrock,Weekly,1,light,674,ammo_carrier,1,3600,180.0,189.5,9.5,110.2,102.2,100.6,112.1,Move,BlockedByFriend,fortress,,moved,0,,counter_battery_radar#696 moving,heavy_rocket_artillery(moving)@7.8 counter_battery_radar(moving)@5.3
redrock,Weekly,1,light,683,mobile_fortress,1,5570,278.5,287.0,8.5,113.0,112.4,78.3,76.1,AttackMove,BlockedByFriend,fortress,,moved,0,,heavy_tank#707 moving,heavy_tank(moving)@9.8
redrock,Weekly,1,light,714,elite_heavy_tank,1,5700,285.0,295.5,10.5,100.9,115.1,125.0,115.0,AttackMove,YieldWait,fortress,,moved,0,,behind mobile_fortress#683,mobile_fortress(moving)@9.2 command_vehicle(moving)@3.8
redrock,Weekly,1,light,726,command_vehicle,1,5830,291.5,300.5,9.0,98.5,113.1,106.8,101.1,Move,YieldWait,fortress,,moved,0,,behind mobile_fortress#683,mobile_fortress(moving)@9.2
redrock,Weekly,1,light,704,ew_jammer,1,6290,314.5,325.0,10.5,107.3,101.3,102.1,113.6,Move,YieldWait,fortress,,moved,0,,behind mobile_fortress#683,rocket_technical(parked)@5.4
redrock,Weekly,1,light,704,ew_jammer,1,6840,342.0,351.0,9.0,96.5,98.4,92.1,106.8,Move,BlockedByFriend,fortress,route,moved,0,,heavy_rocket_artillery#741 moving,counter_battery_radar(moving)@4.1 elite_heavy_tank(parked)@8.1 command_vehicle(moving)@5.2 rocket_technical(parked)@2.7 heavy_rocket_artillery(moving)@5.6 rocket_technical(parked)@7.7 rocket_technical(parked)@6.7 armored_car(moving)@8.7
redrock,Weekly,1,light,751,flame_tank,1,10700,535.0,547.0,12.0,106.2,80.0,110.5,89.8,Move,OffRoute,fortress,,moved,0,,to (105.0;87.0) past fortress_gate,heavy_tank(moving)@4.5 shahed_truck(moving)@5.7 turtle_tank(parked)@6.7 command_vehicle(moving)@7.7 fortress_gate@8
redrock,Weekly,1,light,707,heavy_tank,1,10710,535.5,544.5,9.0,101.9,79.0,113.5,112.3,AttackMove,YieldWait,fortress,,moved,0,,waiting on a yield,elite_heavy_tank(moving)@8.7 flame_tank(moving)@4.7 shahed_truck(moving)@6.5 command_vehicle(moving)@5.6
redrock,Weekly,1,light,777,armored_bulldozer,0,11050,552.5,564.5,12.0,-86.7,-87.1,-92.9,-93.5,Move,YieldWait,camp0,route,gave up,0,,waiting on a yield,aa_vehicle(moving)@5.5 titan_tank(moving)@5.6 armored_bulldozer(moving)@7.4
redrock,Weekly,2,full,694,heavy_rocket_artillery,1,2100,105.0,118.0,13.0,60.7,88.8,47.0,77.0,Move,BlockedByDefence,fortress+gate,nopark,moved,0,,guard_tower#645 parked,c_ram(fixed)@7.3 guard_tower(fixed)@7.1
redrock,Weekly,2,full,729,heavy_tank,1,8410,420.5,431.0,10.5,107.7,98.8,80.5,103.3,AttackMove,BlockedByFriend,fortress,route,moved,0,,rocket_technical#802 parked,airfield(fixed)@7.9 heavy_rocket_artillery(parked)@4.1 counter_battery_radar(parked)@7.3 shahed_truck(parked)@5.8 rocket_technical(parked)@5.8 rocket_technical(parked)@4.4 rocket_technical(parked)@5.3
redrock,Weekly,2,full,729,heavy_tank,1,8670,433.5,443.0,9.5,104.6,103.9,80.5,103.3,AttackMove,BlockedByFriend,fortress,route,moved,0,,ammo_carrier#713 moving,command_vehicle(moving)@7.7 heavy_rocket_artillery(moving)@3.8 counter_battery_radar(moving)@8.9 ammo_carrier(moving)@5.1 ammo_carrier(moving)@5.7 ammo_carrier(parked)@8.7 rocket_technical(parked)@9.2 ew_jammer(parked)@8.3 mine_layer(parked)@7.9 rocket_technical(parked)@3.5 rocket_technical(parked)@4.6
redrock,Weekly,2,full,811,mobile_fortress,1,8980,449.0,459.0,10.0,113.2,88.4,109.8,34.5,AttackMove,BlockedByFriend,fortress,road,moved,0,,rocket_technical#803 parked,fortress_gate@5
redrock,Weekly,2,full,731,bmpt,1,10540,527.0,537.0,10.0,98.0,121.1,75.8,119.9,AttackMove,YieldWait,fortress,,moved,0,,behind ammo_carrier#713,drone_hangar(fixed)@9.1 c_ram(fixed)@8.9 scout_jeep(moving)@9.5 twin_tank(moving)@3.9 ammo_carrier(moving)@6.5 ammo_carrier(moving)@5.5 ammo_carrier(moving)@9.9 ammo_carrier(moving)@5.6 mlrs(parked)@7.7 mine_layer(moving)@3.8
redrock,Weekly,2,full,716,ammo_carrier,1,10720,536.0,544.5,8.5,105.0,113.0,104.3,100.5,Move,BlockedByFriend,fortress,,moved,0,,rocket_technical#776 moving,scout_jeep(parked)@3.1 smoke_carrier(moving)@4.0 command_vehicle(moving)@7.4 twin_tank(moving)@6.4 ammo_carrier(moving)@9.7 ammo_carrier(moving)@9.7 bmpt(moving)@9.2 rocket_technical(moving)@3.8 ew_jammer(moving)@4.9 flame_tank(moving)@9.8 mine_layer(moving)@7.1 mine_layer(moving)@9.0 rocket_technical(parked)@7.2 sapper(moving)@4.1 vbied(moving)@3.1
redrock,Weekly,2,full,788,ew_jammer,1,10720,536.0,544.5,8.5,101.0,110.3,102.2,121.9,Move,BlockedByFriend,fortress,,moved,0,,rocket_technical#802 parked,scout_jeep(parked)@7.9 smoke_carrier(moving)@8.1 command_vehicle(moving)@8.0 counter_battery_radar(moving)@6.7 ammo_carrier(moving)@5.9 ammo_carrier(moving)@4.8 ammo_carrier(moving)@4.9 shahed_truck(parked)@9.4 rocket_technical(moving)@3.2 mine_layer(moving)@8.1 rocket_technical(parked)@3.8 rocket_technical(parked)@9.3 sapper(moving)@6.5 vbied(moving)@6.1 armored_car(moving)@8.7
redrock,Weekly,2,full,694,heavy_rocket_artillery,1,11410,570.5,586.0,15.5,84.0,109.6,91.0,97.0,Move,BlockedByFriend,fortress,,moved,0,,ammo_carrier#716 moving,counter_battery_radar(moving)@5.5 ammo_carrier(moving)@7.1 ammo_carrier(moving)@6.2 heavy_tank(moving)@9.8 mlrs(moving)@9.2 mine_layer(moving)@8.3
junglepass,Defend,1,obstacles,898,ifv,0,1490,74.5,85.0,10.5,98.0,97.3,108.7,95.2,Move,OffRoute,fortress+gate,nopark,moved,0,,to (109.0;99.0) past repair_bay(defence),heavy_turret(fixed)@9.4 repair_bay(fixed)@7.0 aa_vehicle(parked)@6.4 ifv(parked)@8.1 ifv(parked)@4.9 heavy_tank(parked)@8.0
junglepass,Defend,1,obstacles,916,titan_tank,0,2490,124.5,133.0,8.5,86.9,98.7,78.6,92.4,Move,BlockedByFriend,fortress,,moved,0,,ifv#912 parked,heavy_turret(fixed)@8.7 ifv(parked)@5.6 ifv(moving)@9.6 heavy_tank(moving)@8.3 ifv(parked)@9.0 aa_vehicle(moving)@6.0 siege_tank(moving)@5.6 base_wall@4
junglepass,Defend,1,obstacles,913,ifv,0,2560,128.0,136.5,8.5,83.1,107.5,91.0,97.0,Move,BlockedByFriend,fortress,route,gave up,0,,ifv#912 parked,ifv(parked)@4.1 ifv(moving)@8.7 aa_vehicle(moving)@7.6
junglepass,Defend,1,obstacles,916,titan_tank,0,4540,227.0,235.5,8.5,94.2,99.2,51.0,57.0,AttackMove,BlockedByFriend,fortress+gate,nopark,moved,0,,aa_vehicle#971 moving,heavy_turret(fixed)@8.8 aa_vehicle(moving)@4.8 aa_vehicle(moving)@5.9
junglepass,Defend,1,obstacles,993,artillery,0,7050,352.5,361.0,8.5,78.4,60.8,89.0,61.0,Move,YieldWait,fortress,,moved,0,,behind siege_tank#926,c_ram(fixed)@6.7 siege_tank(moving)@4.3 siege_tank(parked)@8.9
junglepass,Defend,2,light,941,armored_car,0,4230,211.5,221.0,9.5,126.2,104.1,125.0,115.0,AttackMove,YieldWait,fortress,,moved,0,,behind mobile_fortress#924,scout_jeep(moving)@6.7 armored_car(moving)@3.7 base_wall@8
junglepass,Defend,2,light,943,scout_jeep,0,4250,212.5,224.0,11.5,116.7,112.4,125.0,115.0,AttackMove,YieldWait,fortress,,gave up,0,,behind mobile_fortress#924,mobile_fortress(parked)@9.1 aa_vehicle(parked)@8.0 scout_jeep(moving)@7.1 armored_car(moving)@5.0
junglepass,Defend,2,light,942,scout_jeep,0,4410,220.5,230.0,9.5,122.0,105.0,125.0,115.0,AttackMove,YieldWait,fortress,,gave up,0,,behind mobile_fortress#924,armored_car(moving)@7.6 scout_jeep(moving)@7.3 armored_car(moving)@5.7 armored_car(moving)@5.3
junglepass,Defend,2,light,943,scout_jeep,0,4480,224.0,234.0,10.0,117.3,110.2,125.0,115.0,AttackMove,YieldWait,fortress,,moved,0,,behind mobile_fortress#924,main_battle_tank(moving)@9.1 mobile_fortress(moving)@8.3 light_tank(moving)@5.0 scout_jeep(parked)@6.8 armored_car(moving)@9.3
junglepass,Defend,2,light,948,armored_car,0,4500,225.0,236.5,11.5,127.9,103.0,125.0,115.0,AttackMove,YieldWait,fortress,,moved,0,,behind armored_car#947,main_battle_tank(moving)@6.6 armored_car(moving)@3.5 armored_car(moving)@3.5 base_wall@9 base_wall@6
junglepass,Defend,2,light,941,armored_car,0,4530,226.5,243.0,16.5,129.8,106.5,125.0,115.0,AttackMove,BlockedByFriend,fortress,,moved,0,,armored_car#948 moving,main_battle_tank(moving)@8.0 armored_car(moving)@4.8 armored_car(moving)@3.8 base_wall@5 base_wall@7
junglepass,Defend,2,light,947,armored_car,0,4750,237.5,250.5,13.0,128.2,106.7,125.0,115.0,AttackMove,BlockedByFriend,fortress,,moved,0,,armored_car#941 moving,main_battle_tank(moving)@2.9 mobile_fortress(moving)@8.1 armored_car(moving)@3.7 scout_jeep(moving)@5.6 armored_car(moving)@9.6 base_wall@6 base_wall@8
junglepass,Defend,2,light,861,main_battle_tank,0,4830,241.5,251.5,10.0,117.5,115.3,110.5,117.1,AttackMove,BlockedByFriend,fortress,,gave up,0,,aa_vehicle#925 moving,mobile_fortress(moving)@6.6 aa_vehicle(moving)@5.1 ifv(moving)@9.1
junglepass,Endless,1,light,876,titan_tank,0,3540,177.0,186.0,9.0,88.0,103.6,110.4,125.7,AttackMove,BlockedByFriend,fortress,,moved,0,,ifv#912 moving,mobile_fortress(moving)@8.8 ifv(moving)@5.9
junglepass,Endless,1,light,927,aa_vehicle,0,4170,208.5,220.0,11.5,86.4,118.4,77.0,137.0,AttackMove,OffRoute,fortress,,moved,0,,to (85.0;115.0) past base_wall,mobile_fortress(parked)@7.4 base_wall@5
junglepass,Endless,1,light,913,ifv,0,5020,251.0,262.0,11.0,72.0,119.1,95.9,127.8,AttackMove,YieldWait,fortress,,moved,0,,behind mobile_fortress#909,artillery(parked)@8.2 mobile_fortress(moving)@8.4 siege_tank(moving)@6.4
junglepass,Endless,1,light,938,elite_heavy_tank,0,5370,268.5,281.5,13.0,133.0,114.9,116.1,105.0,AttackMove,YieldWait,fortress,,moved,0,,behind heavy_tank#901,siege_tank(parked)@8.4 heavy_tank(parked)@6.8
junglepass,Endless,1,light,936,siege_tank,0,5410,270.5,281.5,11.0,76.3,112.5,91.0,108.9,Move,BlockedByFriend,fortress,road,moved,0,,artillery#906 moving,artillery(moving)@4.6 siege_tank(moving)@9.5
junglepass,Endless,1,light,973,elite_mbt,0,6550,327.5,342.5,15.0,133.7,107.5,106.4,147.5,AttackMove,BlockedByFriend,fortress,,gave up,0,,ifv#956 moving,titan_tank(moving)@8.7 titan_tank(moving)@9.1 heavy_tank(moving)@8.6 elite_heavy_tank(moving)@3.9 ifv(moving)@4.1 elite_heavy_tank(moving)@6.0 aa_vehicle(moving)@9.4
junglepass,Endless,1,light,938,elite_heavy_tank,0,6570,328.5,342.5,14.0,137.6,107.9,105.3,115.4,AttackMove,BlockedByFriend,fortress,,moved,0,,elite_mbt#973 moving,titan_tank(moving)@6.7 heavy_tank(moving)@4.6 ifv(moving)@6.1 elite_mbt(moving)@4.1 elite_heavy_tank(moving)@9.8
junglepass,Endless,1,light,974,elite_heavy_tank,0,6660,333.0,342.0,9.0,127.2,110.6,101.2,141.9,AttackMove,BlockedByFriend,fortress,,moved,0,,titan_tank#877 moving,titan_tank(moving)@7.6 titan_tank(moving)@4.6 siege_tank(moving)@7.3 ifv(moving)@6.3 elite_mbt(moving)@5.7 aa_vehicle(moving)@6.5
junglepass,Endless,2,full,910,siege_tank,0,1230,61.5,75.0,13.5,98.0,97.1,15.1,32.0,Move,BlockedByFriend,fortress,,moved,0,,light_tank#911 moving,missile_battery(fixed)@9.3 airfield(fixed)@6.8 main_battle_tank(moving)@9.4 armored_car(moving)@3.6 aa_vehicle(moving)@9.2 aa_vehicle(moving)@6.7 light_tank(moving)@3.4 scout_jeep(moving)@4.8 scout_jeep(moving)@4.7 aa_vehicle(moving)@10.0
junglepass,Endless,2,full,911,light_tank,0,1310,65.5,77.5,12.0,99.4,101.2,99.0,89.0,Move,YieldWait,fortress,,moved,0,,behind siege_tank#910,airfield(fixed)@9.4 main_battle_tank(moving)@3.7 armored_car(parked)@8.7 aa_vehicle(moving)@3.7 aa_vehicle(parked)@9.5 aa_vehicle(parked)@6.9 siege_tank(moving)@4.9 scout_jeep(moving)@4.8 aa_vehicle(parked)@6.8
junglepass,Endless,2,full,915,aa_vehicle,0,1470,73.5,86.5,13.0,103.1,97.4,65.5,-2.4,AttackMove,BlockedByFriend,fortress,,gave up,0,,siege_tank#910 moving,airfield(fixed)@4.9 armored_car(moving)@9.3 aa_vehicle(moving)@8.0 siege_tank(moving)@3.9 light_tank(moving)@7.0 scout_jeep(moving)@7.7 scout_jeep(moving)@5.8 aa_vehicle(moving)@3.3 ifv(moving)@7.9
junglepass,Endless,2,full,915,aa_vehicle,0,2020,101.0,119.5,18.5,107.8,93.2,1.0,61.0,AttackMove,BlockedByDefence,fortress,,moved,0,,airfield#860 parked,airfield(fixed)@4.8 armored_car(moving)@7.7 aa_vehicle(moving)@3.7 scout_jeep(moving)@8.4 main_battle_tank(moving)@4.5 mlrs(moving)@9.6
junglepass,Endless,2,full,926,ifv,0,2080,104.0,116.0,12.0,100.5,88.0,1.0,61.0,AttackMove,BlockedByFriend,fortress,,moved,0,,aa_vehicle#899 moving,missile_battery(fixed)@10.0 airfield(fixed)@5.1 aa_vehicle(moving)@4.7 scout_jeep(moving)@8.6 aa_vehicle(moving)@8.9 base_wall@6 base_wall@6
junglepass,Endless,2,full,924,light_tank,0,2110,105.5,116.0,10.5,95.2,98.1,98.1,89.7,Move,YieldWait,fortress,,moved,0,,behind main_battle_tank#923,missile_battery(fixed)@8.2 airfield(fixed)@9.6 main_battle_tank(moving)@8.9 scout_jeep(moving)@5.5 aa_vehicle(moving)@3.2 main_battle_tank(parked)@5.7 ifv(moving)@8.9 light_tank(moving)@5.8
junglepass,Endless,2,full,917,aa_vehicle,0,2480,124.0,132.5,8.5,98.4,93.7,1.0,61.0,AttackMove,BlockedByFriend,fortress,,moved,0,,ifv#941 moving,missile_battery(fixed)@7.8 airfield(fixed)@4.8 aa_vehicle(moving)@3.2 ifv(moving)@3.9 aa_vehicle(moving)@6.6 aa_vehicle(moving)@7.1 aa_vehicle(moving)@9.9 aa_vehicle(parked)@5.0
junglepass,Endless,2,full,899,aa_vehicle,0,2590,129.5,142.5,13.0,98.7,89.7,106.5,95.4,AttackMove,BlockedByDefence,fortress,,moved,0,,airfield#860 parked,missile_battery(fixed)@7.8 airfield(fixed)@5.1 light_tank(moving)@6.1 aa_vehicle(moving)@7.7 aa_vehicle(moving)@3.4 aa_vehicle(moving)@9.5 base_wall@7 base_wall@8
junglepass,Endless,2,full,944,aa_vehicle,0,2650,132.5,142.5,10.0,99.5,88.7,108.6,87.7,AttackMove,BlockedByFriend,fortress,,gave up,0,,light_tank#911 moving,missile_battery(fixed)@8.9 airfield(fixed)@5.2 aa_vehicle(moving)@2.8 light_tank(moving)@3.8 ifv(moving)@7.6 base_wall@6 base_wall@7
junglepass,Endless,2,full,949,aa_vehicle,0,3440,172.0,180.5,8.5,100.9,97.7,98.6,88.1,AttackMove,BlockedByFriend,fortress,,moved,0,,ifv#952 moving,airfield(fixed)@5.6 aa_vehicle(moving)@9.1 light_tank(moving)@3.4 ifv(moving)@4.5 armored_car(moving)@8.7 scout_jeep(moving)@2.8 siege_tank(moving)@6.7
junglepass,Endless,2,full,969,armored_bulldozer,1,4590,229.5,238.0,8.5,-16.5,-24.7,48.5,61.5,Attack,BlockedByFriend,field,road+route,moved,0,,armored_car#982 parked,armored_bulldozer(moving)@4.7 armored_car(parked)@7.3
junglepass,Endless,2,full,928,main_battle_tank,0,4980,249.0,259.0,10.0,47.3,97.9,39.8,95.2,AttackMove,BlockedByFriend,fortress+gate,nopark,moved,0,,siege_tank#903 moving,main_battle_tank(moving)@7.8 siege_tank(moving)@3.9 aa_vehicle(moving)@9.4 aa_vehicle(parked)@3.5 aa_vehicle(moving)@5.9 armored_car(moving)@5.3 ifv(moving)@7.9 base_wall@10
junglepass,Endless,2,full,947,aa_vehicle,0,5110,255.5,264.0,8.5,49.3,101.8,41.6,94.5,AttackMove,BlockedByFriend,fortress,,moved,0,,siege_tank#903 moving,main_battle_tank(moving)@5.5 armored_car(moving)@8.6 siege_tank(moving)@5.3 siege_tank(moving)@6.8 aa_vehicle(moving)@9.5 aa_vehicle(moving)@9.8 ifv(moving)@4.2 main_battle_tank(moving)@7.8 armored_car(moving)@6.0 ifv(moving)@5.0 base_wall@10
junglepass,Endless,2,full,903,siege_tank,0,5190,259.5,270.0,10.5,45.5,103.8,30.7,103.0,Move,BlockedByFriend,fortress,,gave up,0,,armored_car#954 moving,main_battle_tank(moving)@5.5 armored_car(moving)@3.2 siege_tank(moving)@9.2 main_battle_tank(parked)@9.6 light_tank(moving)@8.8 aa_vehicle(moving)@3.4 aa_vehicle(moving)@7.0 main_battle_tank(moving)@6.1 armored_car(moving)@4.6 ifv(moving)@7.3 base_wall@6
junglepass,Endless,2,full,953,main_battle_tank,0,5250,262.5,271.5,9.0,47.4,111.2,69.8,110.4,AttackMove,BlockedByFriend,fortress,,moved,0,,main_battle_tank#923 moving,main_battle_tank(moving)@7.5 armored_car(moving)@5.6 light_tank(parked)@6.9 main_battle_tank(moving)@4.2 light_tank(moving)@4.1 aa_vehicle(moving)@8.0 aa_vehicle(moving)@4.2 armored_car(moving)@6.3 main_battle_tank(moving)@4.6 scout_jeep(moving)@4.7
junglepass,Endless,2,full,903,siege_tank,0,5480,274.0,292.0,18.0,48.4,100.1,30.7,103.0,Move,BlockedByFriend,fortress,,gave up,0,,light_tank#940 moving,armored_car(moving)@3.7 aa_vehicle(moving)@6.2 siege_tank(moving)@9.4 ifv(moving)@9.1 mlrs(moving)@6.1 light_tank(moving)@5.2 aa_vehicle(moving)@7.2 armored_car(moving)@8.3 main_battle_tank(moving)@8.2 ifv(moving)@3.8 base_wall@9
junglepass,Endless,2,full,889,main_battle_tank,0,5490,274.5,285.0,10.5,51.9,110.9,103.1,64.4,AttackMove,BlockedByFriend,fortress,,moved,0,,light_tank#911 moving,aa_vehicle(moving)@5.5 light_tank(moving)@2.9 light_tank(moving)@8.1 aa_vehicle(moving)@6.8 main_battle_tank(moving)@5.3 armored_car(moving)@6.2 main_battle_tank(moving)@4.1 scout_jeep(moving)@4.7 shield_generator@6
junglepass,Endless,2,full,953,main_battle_tank,0,5690,284.5,294.5,10.0,51.8,112.2,69.8,110.4,AttackMove,YieldWait,fortress,,moved,0,,behind aa_vehicle#948,main_battle_tank(moving)@8.2 aa_vehicle(moving)@8.1 light_tank(moving)@7.9 aa_vehicle(moving)@5.0 main_battle_tank(moving)@4.4 shield_generator@6
junglepass,Endless,2,full,968,siege_tank,0,6390,319.5,328.5,9.0,51.6,112.7,73.1,108.3,Move,YieldWait,fortress,,moved,0,,behind siege_tank#910,siege_tank(moving)@6.7 main_battle_tank(moving)@9.2 scout_jeep(moving)@6.5 armored_car(parked)@7.3 shield_generator@7
junglepass,Endless,2,full,1128,aa_vehicle,0,9190,459.5,468.0,8.5,107.5,93.9,85.5,61.2,AttackMove,BlockedByDefence,fortress,,moved,0,,airfield#860 parked,airfield(fixed)@4.7 main_battle_tank(moving)@6.8 aa_vehicle(moving)@9.0
junglepass,Endless,2,full,1125,armored_car,0,10250,512.5,530.5,18.0,112.4,112.8,125.0,115.0,AttackMove,YieldWait,fortress,,moved,0,,behind mobile_fortress#1113,main_battle_tank(moving)@3.0 ifv(moving)@4.1 armored_car(moving)@6.6 armored_car(moving)@3.3 armored_car(moving)@9.4 siege_tank(parked)@6.9 light_tank(moving)@5.5 light_tank(moving)@7.4
junglepass,Endless,2,full,1133,main_battle_tank,0,11040,552.0,566.0,14.0,113.6,111.5,125.0,115.0,AttackMove,BlockedByFriend,fortress,,gave up,0,,light_tank#1159 moving,mobile_fortress(parked)@9.4 armored_car(moving)@8.7 main_battle_tank(moving)@3.8 light_tank(moving)@3.5 siege_tank(parked)@7.8 scout_jeep(moving)@8.5 elite_heavy_tank(moving)@6.2 armored_car(moving)@9.5
junglepass,Endless,2,full,1115,scout_jeep,0,11200,560.0,573.0,12.5,129.6,108.4,125.0,115.0,AttackMove,BlockedByFriend,fortress,,died,0,,mobile_fortress#1113 parked,atgm_tower(fixed)@5.5 mobile_fortress(parked)@6.5 base_wall@6 base_wall@6
junglepass,Endless,2,full,1133,main_battle_tank,0,11420,571.0,583.0,12.0,116.2,115.5,125.0,115.0,AttackMove,BlockedByFriend,fortress,,gave up,0,,mobile_fortress#1113 parked,mobile_fortress(parked)@8.9 main_battle_tank(moving)@8.2 mlrs(moving)@5.7
junglepass,Endless,2,full,1197,elite_heavy_tank,0,11480,574.0,582.5,8.5,121.6,101.9,125.0,115.0,AttackMove,BlockedByFriend,fortress,,gave up,0,,siege_tank#1167 moving,atgm_tower(fixed)@6.9 siege_tank(moving)@6.6 elite_heavy_tank(moving)@6.7
junglepass,Weekly,1,full,936,heavy_tank,0,3900,195.0,205.0,10.0,-93.4,-87.4,113.8,74.6,AttackMove,BlockedByFriend,camp0,road,moved,0,,titan_tank#926 moving,titan_tank(moving)@5.2
junglepass,Weekly,1,full,960,mobile_fortress,1,5500,275.0,283.5,8.5,112.8,96.6,75.1,62.5,Idle,BlockedByFriend,fortress,road,moved,0,,rocket_technical#921 parked,
junglepass,Weekly,1,full,964,railgun_truck,1,5620,281.0,290.0,9.0,120.6,102.9,102.6,98.4,Move,BlockedByFriend,fortress,,moved,0,,turtle_tank#935 parked,gun_turret(fixed)@7.9 tank_destroyer(moving)@9.8 turtle_tank(parked)@5.6
junglepass,Weekly,1,full,962,elite_mbt,1,5890,294.5,311.5,17.0,87.3,96.1,101.9,90.0,Move,BlockedByFriend,fortress,,moved,0,,mobile_fortress#960 parked,heavy_turret(fixed)@6.3 mobile_fortress(parked)@7.8 base_wall@9 base_wall@4
junglepass,Weekly,1,full,962,elite_mbt,1,6390,319.5,329.0,9.5,98.0,100.4,112.7,118.7,AttackMove,BlockedByFriend,fortress,,moved,0,,counter_battery_radar#959 moving,airfield(fixed)@9.4 mine_layer(moving)@7.6 ew_jammer(moving)@9.3 command_vehicle(moving)@10.0 rocket_technical(parked)@5.4 tank_destroyer(moving)@8.2 rocket_technical(parked)@6.6 counter_battery_radar(moving)@3.9 counter_battery_radar(moving)@5.8 fpv_carrier(parked)@2.7 wheeled_gun(moving)@8.2
junglepass,Weekly,1,full,959,counter_battery_radar,1,8520,426.0,445.0,19.0,98.0,90.0,101.0,105.2,Move,BlockedByFriend,fortress,route,moved,0,,command_vehicle#912 moving,heavy_turret(fixed)@7.0 airfield(fixed)@5.6 ew_jammer(moving)@6.2 command_vehicle(moving)@4.6 rocket_technical(parked)@9.0 wheeled_gun(moving)@7.4 counter_battery_radar(moving)@8.7
junglepass,Weekly,1,full,912,command_vehicle,1,8540,427.0,436.0,9.0,101.9,86.9,99.6,100.1,Move,BlockedByFriend,fortress,route,gave up,0,,counter_battery_radar#959 moving,airfield(fixed)@5.7 ew_jammer(moving)@6.1 rocket_technical(moving)@10.0 counter_battery_radar(moving)@3.8 wheeled_gun(moving)@6.6 wheeled_gun(moving)@4.0 counter_battery_radar(moving)@4.6
junglepass,Weekly,1,full,916,fpv_carrier,1,8780,439.0,454.0,15.0,84.0,96.5,93.0,97.0,Move,BlockedByFriend,fortress,,moved,0,,mobile_fortress#960 moving,heavy_turret(fixed)@8.9 ammo_carrier(moving)@3.4 mobile_fortress(moving)@8.4 fpv_carrier(moving)@3.8
junglepass,Weekly,1,full,945,ammo_carrier,1,8950,447.5,457.5,10.0,84.9,93.6,90.3,107.0,Move,YieldWait,fortress,,moved,0,,behind fpv_carrier#916,heavy_turret(fixed)@6.6 fpv_carrier(moving)@5.0 fpv_carrier(moving)@8.1
junglepass,Weekly,1,full,935,turtle_tank,1,11730,586.5,596.5,10.0,100.2,96.8,90.3,94.9,Move,YieldWait,fortress,route,gave up,0,,behind mobile_fortress#960,airfield(fixed)@5.2
junglepass,Weekly,2,obstacles,910,smoke_carrier,1,7040,352.0,362.0,10.0,87.2,97.5,112.3,111.8,AttackMove,YieldWait,fortress,,moved,0,,behind mobile_fortress#1018,heavy_turret(fixed)@7.5 base_wall@4
junglepass,Weekly,2,obstacles,1018,mobile_fortress,1,7590,379.5,388.5,9.0,98.9,103.6,52.3,62.5,AttackMove,BlockedByFriend,fortress,,moved,0,,scout_jeep#918 moving,scout_jeep(moving)@7.8 mine_layer(moving)@9.7
junglepass,Weekly,2,obstacles,917,command_vehicle,1,7970,398.5,411.5,13.0,75.8,107.8,92.9,101.0,Move,BlockedByFriend,fortress,,moved,0,,ew_jammer#916 moving,ew_jammer(moving)@5.2 fpv_carrier(moving)@8.3 ammo_carrier(moving)@7.5 ammo_carrier(moving)@3.2 rocket_technical(moving)@9.7 ammo_carrier(moving)@3.9
junglepass,Weekly,2,obstacles,949,rocket_technical,1,8050,402.5,414.5,12.0,80.0,97.1,86.9,102.6,Move,OffRoute,fortress,,moved,0,,to (86.9;102.6) past base_wall,ew_jammer(moving)@7.1 command_vehicle(moving)@9.2 fpv_carrier(moving)@2.6 rocket_technical(moving)@5.4 base_wall@10 base_wall@4
junglepass,Weekly,2,obstacles,916,ew_jammer,1,8060,403.0,411.5,8.5,81.4,103.9,92.4,104.5,Move,BlockedByFriend,fortress,route,moved,0,,engineer_vehicle#1034 parked,command_vehicle(moving)@3.6 fpv_carrier(moving)@4.7 rocket_technical(moving)@7.1 rocket_technical(moving)@5.4 ammo_carrier(moving)@7.7 engineer_vehicle(parked)@7.2 base_wall@8
junglepass,Weekly,2,obstacles,945,ammo_carrier,1,8150,407.5,419.5,12.0,88.4,120.3,87.2,108.3,Move,YieldWait,fortress,,moved,0,,behind mobile_fortress#1018,drone_hangar(fixed)@7.8 heavy_tank(moving)@4.7 mobile_fortress(moving)@8.6 mine_layer(moving)@4.3
junglepass,Weekly,2,obstacles,1034,engineer_vehicle,1,8690,434.5,444.5,10.0,86.7,114.5,81.5,106.5,Idle,YieldWait,fortress,road,moved,0,,behind sapper#926,ew_jammer(moving)@7.0 sapper(moving)@5.8 ammo_carrier(parked)@7.2 ammo_carrier(moving)@7.4 rocket_technical(moving)@4.2 ammo_carrier(moving)@2.7 counter_battery_radar(parked)@3.3 flame_tank(moving)@8.1 mine_layer(moving)@6.5
junglepass,Weekly,2,obstacles,945,ammo_carrier,1,9060,453.0,467.5,14.5,93.5,109.4,89.9,116.8,Move,BlockedByFriend,fortress,,moved,0,,fpv_carrier#932 moving,ew_jammer(parked)@6.3 fpv_carrier(moving)@4.2 ammo_carrier(moving)@7.2 ammo_carrier(moving)@4.4 counter_battery_radar(moving)@4.3 heavy_tank(moving)@9.6 engineer_vehicle(moving)@9.3 heavy_rocket_artillery(parked)@8.3
junglepass,Weekly,2,obstacles,1058,rocket_technical,1,9060,453.0,466.0,13.0,73.8,115.7,82.6,117.6,Move,YieldWait,fortress,road,gave up,0,,behind mobile_fortress#1018,sapper(moving)@3.8
junglepass,Weekly,2,obstacles,945,ammo_carrier,1,9710,485.5,494.5,9.0,96.2,109.6,80.9,89.8,Move,BlockedByFriend,fortress,,moved,0,,ammo_carrier#947 moving,smoke_carrier(moving)@6.9 command_vehicle(moving)@5.3 sapper(moving)@3.7 bmpt(moving)@9.2 ammo_carrier(moving)@6.5 ammo_carrier(moving)@3.6 counter_battery_radar(moving)@6.6
junglepass,Weekly,2,obstacles,1076,armored_car,1,10360,518.0,532.5,14.5,98.3,123.0,104.4,138.7,Move,YieldWait,fortress,,moved,0,,behind mobile_fortress#1018,drone_hangar(fixed)@8.2 gun_pit(fixed)@7.3 scout_jeep(moving)@7.9 mobile_fortress(moving)@8.2 heavy_rocket_artillery(moving)@6.6
junglepass,Weekly,2,obstacles,1047,heavy_rocket_artillery,1,10450,522.5,539.5,17.0,105.4,123.9,105.4,140.8,Move,BlockedByDefence,fortress,,moved,0,,ammo_depot#861 parked,gun_pit(fixed)@5.2 ammo_depot(fixed)@6.9 armored_car(moving)@7.2
junglepass,Weekly,2,obstacles,918,scout_jeep,1,10460,523.0,531.5,8.5,92.7,119.1,106.3,115.4,AttackMove,YieldWait,fortress,,moved,0,,behind mobile_fortress#1018,drone_hangar(fixed)@8.5 armored_car(moving)@6.5
junglepass,Weekly,2,obstacles,936,bmpt,1,10570,528.5,538.0,9.5,107.1,106.6,114.9,100.8,AttackMove,YieldWait,fortress,route,moved,0,,behind mobile_fortress#1018,smoke_carrier(moving)@3.1 ew_jammer(moving)@7.1 ammo_carrier(moving)@8.9 rocket_technical(parked)@4.8 ammo_carrier(moving)@6.8 counter_battery_radar(parked)@6.6 flame_tank(moving)@9.2 mobile_fortress(moving)@9.3 engineer_vehicle(moving)@4.1 mine_layer(moving)@5.7 rocket_technical(moving)@7.5
junglepass,Weekly,2,obstacles,1000,heavy_tank,1,10580,529.0,545.0,16.0,113.8,114.6,105.0,122.9,AttackMove,BlockedByFriend,fortress,,moved,0,,flame_tank#1012 moving,ammo_depot(fixed)@6.1 smoke_carrier(moving)@7.1 sapper(parked)@6.4 counter_battery_radar(moving)@8.9 flame_tank(moving)@3.9 mine_layer(moving)@5.4
junglepass,Weekly,2,obstacles,910,smoke_carrier,1,10860,543.0,557.0,14.0,110.3,103.5,113.8,149.4,AttackMove,BlockedByFriend,fortress,,moved,0,,bmpt#936 moving,bmpt(moving)@2.7 rocket_technical(parked)@2.9 rocket_technical(parked)@8.9 ammo_carrier(moving)@7.3 counter_battery_radar(parked)@6.3 flame_tank(moving)@5.8 mobile_fortress(parked)@8.3 engineer_vehicle(moving)@5.7
junglepass,Weekly,2,obstacles,1012,flame_tank,1,10910,545.5,561.5,16.0,113.3,109.2,105.0,122.9,AttackMove,YieldWait,fortress,,moved,0,,behind mobile_fortress#1018,smoke_carrier(moving)@5.8 sapper(parked)@7.4 bmpt(moving)@3.3 rocket_technical(moving)@7.7 counter_battery_radar(parked)@8.0 heavy_tank(moving)@8.6 mobile_fortress(parked)@8.6 mine_layer(moving)@3.4
junglepass,Weekly,2,obstacles,1056,rocket_technical,1,10920,546.0,554.5,8.5,97.0,104.5,104.5,98.4,Move,BlockedByFriend,fortress,,gave up,0,,mobile_fortress#1018 parked,ew_jammer(moving)@9.2 command_vehicle(moving)@2.8 ammo_carrier(moving)@7.3 ammo_carrier(moving)@2.3 ammo_carrier(moving)@5.2 mobile_fortress(parked)@9.7 rocket_technical(parked)@8.1 wheeled_gun(moving)@9.1
junglepass,Weekly,2,obstacles,1000,heavy_tank,1,11050,552.5,561.0,8.5,116.1,115.2,105.0,122.9,AttackMove,BlockedByFriend,fortress,,moved,0,,sapper#926 moving,ammo_depot(fixed)@7.0 radar_station(fixed)@9.6 sapper(moving)@4.2 bmpt(moving)@9.5 flame_tank(moving)@6.3 mine_layer(moving)@5.5
junglepass,Weekly,2,obstacles,949,rocket_technical,1,11060,553.0,564.0,11.0,111.6,102.8,103.0,99.0,Move,BlockedByFriend,fortress,,moved,0,,mobile_fortress#1018 moving,smoke_carrier(moving)@7.8 command_vehicle(moving)@9.4 bmpt(moving)@3.7 ammo_carrier(moving)@7.2 rocket_technical(parked)@6.3 ammo_carrier(moving)@3.6 counter_battery_radar(moving)@7.8 flame_tank(moving)@7.3 engineer_vehicle(parked)@6.5 mine_layer(moving)@9.4
junglepass,Weekly,2,obstacles,936,bmpt,1,11070,553.5,566.5,13.0,113.5,105.9,105.0,122.9,AttackMove,YieldWait,fortress,,moved,0,,behind mobile_fortress#1018,smoke_carrier(moving)@8.5 rocket_technical(moving)@3.5 rocket_technical(parked)@9.5 ammo_carrier(moving)@6.7 counter_battery_radar(moving)@5.0 heavy_tank(moving)@8.9 flame_tank(moving)@3.9 engineer_vehicle(parked)@9.3 mine_layer(moving)@7.3
junglepass,Weekly,2,obstacles,951,ammo_carrier,1,11160,558.0,566.5,8.5,109.6,98.8,103.1,99.5,Move,BlockedByFriend,fortress,,moved,0,,rocket_technical#950 moving,repair_bay(fixed)@9.1 command_vehicle(parked)@4.7 bmpt(moving)@8.3 ammo_carrier(moving)@3.5 rocket_technical(moving)@6.7 rocket_technical(moving)@5.0 engineer_vehicle(moving)@5.9 rocket_technical(parked)@8.1 rocket_technical(moving)@8.1
junglepass,Weekly,2,obstacles,936,bmpt,1,11380,569.0,580.0,11.0,104.7,108.5,105.0,122.9,AttackMove,BlockedByFriend,fortress,route,moved,0,,flame_tank#1012 moving,smoke_carrier(moving)@9.3 ew_jammer(moving)@7.8 command_vehicle(moving)@9.5 fpv_carrier(moving)@8.3 ammo_carrier(moving)@7.9 ammo_carrier(parked)@3.6 ammo_carrier(moving)@6.0 counter_battery_radar(moving)@7.2 heavy_tank(moving)@5.0 flame_tank(moving)@4.4 rocket_technical(parked)@9.3
junglepass,Weekly,2,obstacles,1058,rocket_technical,1,11720,586.0,597.0,11.0,89.5,100.3,92.8,117.5,Move,YieldWait,fortress,,moved,0,,behind rocket_technical#950,command_vehicle(parked)@9.8 fpv_carrier(parked)@8.4 ammo_carrier(moving)@6.7 rocket_technical(moving)@5.0 ammo_carrier(moving)@6.6 engineer_vehicle(moving)@8.1 heavy_rocket_artillery(parked)@9.6 armored_car(moving)@4.4
capital,Defend,1,light,801,titan_tank,0,3070,153.5,162.0,8.5,84.7,60.5,117.0,53.0,AttackMove,BlockedByFriend,fortress,,moved,0,,heavy_tank#812 moving,heavy_tank(moving)@4.1 aa_vehicle(moving)@6.2 ifv(moving)@9.9
capital,Defend,1,light,873,aa_vehicle,0,4500,225.0,237.5,12.5,106.9,116.4,101.9,102.1,Move,YieldWait,fortress,,gave up,0,,behind mobile_fortress#871,main_battle_tank(moving)@9.3 mobile_fortress(moving)@9.4 titan_tank(moving)@9.3 siege_tank(moving)@6.2
capital,Defend,1,light,881,ifv,0,4900,245.0,257.0,12.0,110.9,102.6,118.4,114.7,AttackMove,YieldWait,fortress,,moved,0,,behind mobile_fortress#871,artillery(parked)@6.3 artillery(parked)@8.4 titan_tank(parked)@6.2
capital,Defend,1,light,880,siege_tank,0,5190,259.5,270.5,11.0,86.0,100.1,35.3,117.9,Move,OffRoute,fortress,,moved,0,,to (85.0;105.0) past base_wall,artillery(moving)@6.2 base_wall@5
capital,Defend,1,light,867,main_battle_tank,0,6330,316.5,328.0,11.5,109.2,110.7,125.0,115.0,AttackMove,BlockedByFriend,fortress,,moved,0,,mobile_fortress#871 moving,main_battle_tank(moving)@7.4 mobile_fortress(moving)@7.4 ifv(moving)@6.3 heavy_tank(moving)@4.1
capital,Defend,1,light,887,armored_bulldozer,1,6430,321.5,330.0,8.5,1.0,-69.8,125.0,115.0,AttackMove,YieldWait,field,road+route,moved,0,,behind sapper#901,sapper(moving)@6.6 wreck_tank@9
capital,Defend,1,light,852,heavy_tank,0,6450,322.5,333.0,10.5,96.7,102.3,117.1,112.7,AttackMove,BlockedByFriend,fortress,,moved,0,,aa_vehicle#909 moving,mobile_fortress(moving)@8.2 heavy_tank(moving)@6.0 aa_vehicle(moving)@6.8 aa_vehicle(moving)@6.3
capital,Defend,1,light,905,elite_heavy_tank,0,6850,342.5,352.5,10.0,118.4,115.7,110.4,125.7,AttackMove,YieldWait,fortress,,moved,0,,waiting on a yield,heavy_tank(moving)@6.9 heavy_tank(moving)@8.2 main_battle_tank(moving)@6.3 heavy_tank(parked)@7.7
capital,Defend,1,light,867,main_battle_tank,0,6910,345.5,355.5,10.0,113.1,110.3,111.6,125.6,AttackMove,BlockedByFriend,fortress,,gave up,0,,ifv#907 moving,heavy_tank(moving)@8.9 elite_heavy_tank(moving)@6.3 ifv(moving)@3.9 aa_vehicle(moving)@6.1
capital,Defend,1,light,812,heavy_tank,0,7740,387.0,395.5,8.5,83.9,129.9,79.8,136.6,Idle,BlockedByFriend,fortress+gate,narrow+nopark,moved,0,,artillery#912 moving,artillery(moving)@7.5 base_wall@8 base_wall@6
capital,Defend,1,light,878,titan_tank,0,8110,405.5,415.5,10.0,120.3,113.6,138.0,131.7,AttackMove,BlockedByFriend,fortress,,moved,0,,heavy_tank#897 parked,titan_tank(moving)@6.7 heavy_tank(parked)@5.8 main_battle_tank(moving)@5.2 aa_vehicle(parked)@5.5 aa_vehicle(moving)@9.2
capital,Defend,1,light,880,siege_tank,0,8250,412.5,421.5,9.0,92.6,94.5,103.1,97.9,Move,YieldWait,fortress,route,moved,0,,behind siege_tank#810,titan_tank(moving)@5.6 siege_tank(moving)@6.2 siege_tank(moving)@7.0
capital,Defend,1,light,880,siege_tank,0,9220,461.0,469.5,8.5,126.7,103.2,112.5,108.4,Move,BlockedByFriend,fortress,,moved,0,,titan_tank#801 parked,titan_tank(parked)@7.3 siege_tank(moving)@9.7 siege_tank(moving)@5.7 heavy_tank(moving)@9.0 aa_vehicle(moving)@9.5
capital,Defend,1,light,897,heavy_tank,0,9250,462.5,472.0,9.5,119.2,106.8,137.3,117.1,AttackMove,BlockedByFriend,fortress,,moved,0,,siege_tank#850 moving,titan_tank(parked)@8.3 siege_tank(moving)@5.3 siege_tank(moving)@4.9 siege_tank(moving)@9.3 aa_vehicle(moving)@6.0 main_battle_tank(parked)@9.9 aa_vehicle(moving)@6.4 ifv(moving)@6.7 elite_heavy_tank(moving)@7.9
capital,Defend,1,light,867,main_battle_tank,0,9660,483.0,496.5,13.5,136.7,122.9,117.1,112.7,AttackMove,BlockedByFriend,fortress,,moved,0,,artillery#912 moving,heavy_tank(moving)@7.2 titan_tank(moving)@7.7 elite_heavy_tank(moving)@4.9 artillery(moving)@3.3 main_battle_tank(moving)@7.7
capital,Defend,1,light,852,heavy_tank,0,9720,486.0,494.5,8.5,128.3,104.0,125.0,115.0,AttackMove,BlockedByFriend,fortress,,moved,0,,ifv#958 moving,siege_tank(moving)@9.6 siege_tank(parked)@8.0 heavy_tank(parked)@4.2 heavy_tank(moving)@9.3 main_battle_tank(parked)@7.6 elite_heavy_tank(moving)@8.2 ifv(moving)@5.5 artillery(moving)@6.2
capital,Defend,1,light,906,elite_heavy_tank,0,9720,486.0,498.5,12.5,137.8,128.1,125.0,115.0,AttackMove,BlockedByFriend,fortress,,moved,0,,main_battle_tank#867 moving,main_battle_tank(moving)@5.3 titan_tank(moving)@5.5 artillery(moving)@8.5 titan_tank(moving)@6.3
capital,Defend,1,light,905,elite_heavy_tank,0,9760,488.0,497.0,9.0,148.5,118.5,125.7,139.6,AttackMove,BlockedByFriend,fortress,,moved,0,,artillery#912 moving,titan_tank(parked)@6.7 titan_tank(moving)@9.6 artillery(moving)@6.4 main_battle_tank(moving)@9.2
capital,Defend,1,light,905,elite_heavy_tank,0,9970,498.5,507.5,9.0,145.6,114.5,125.7,139.6,AttackMove,BlockedByFriend,fortress,,moved,0,,titan_tank#928 moving,titan_tank(moving)@6.6 artillery(moving)@10.0 titan_tank(moving)@6.4 aa_vehicle(moving)@3.7 elite_heavy_tank(moving)@6.3 ifv(moving)@7.2
capital,Defend,1,light,957,elite_heavy_tank,0,10060,503.0,513.0,10.0,142.3,109.0,132.9,137.3,AttackMove,BlockedByFriend,fortress,,moved,0,,ifv#958 moving,elite_heavy_tank(moving)@8.9 titan_tank(moving)@6.6 aa_vehicle(moving)@5.9 ifv(moving)@6.1
capital,Defend,1,light,878,titan_tank,0,10160,508.0,516.5,8.5,138.8,117.1,149.3,117.6,AttackMove,YieldWait,fortress,,moved,0,,behind titan_tank#928,elite_heavy_tank(moving)@9.6 elite_heavy_tank(moving)@9.5 titan_tank(moving)@8.7 aa_vehicle(moving)@4.3 elite_heavy_tank(moving)@5.4 ifv(moving)@9.8
capital,Defend,1,light,814,ammo_carrier,1,10240,512.0,521.5,9.5,65.3,-67.9,13.0,-66.3,Move,GateWait,field,,moved,0,,doorway 0,zu23_technical(moving)@5.4 wreck_truck@7
capital,Defend,1,light,852,heavy_tank,0,10530,526.5,535.5,9.0,123.3,111.4,139.6,124.3,AttackMove,BlockedByFriend,fortress,,moved,0,,titan_tank#928 moving,heavy_tank(moving)@8.6 main_battle_tank(moving)@9.0 siege_tank(moving)@8.8 titan_tank(moving)@6.6 aa_vehicle(moving)@6.5 aa_vehicle(moving)@5.1
capital,Defend,1,light,867,main_battle_tank,0,10870,543.5,553.5,10.0,128.4,111.7,133.5,100.7,Move,BlockedByFriend,fortress,,moved,0,,elite_heavy_tank#906 moving,siege_tank(moving)@8.6 titan_tank(parked)@8.4 siege_tank(moving)@6.0 elite_heavy_tank(moving)@4.1 elite_heavy_tank(moving)@5.6 ifv(moving)@3.5
capital,Defend,1,light,878,titan_tank,0,10860,543.0,554.4,11.4,133.6,105.7,118.6,121.5,AttackMove,BlockedByFriend,fortress,,open,0,,elite_heavy_tank#957 moving,siege_tank(moving)@5.6 main_battle_tank(moving)@6.7 elite_heavy_tank(moving)@8.5 main_battle_tank(moving)@8.9 elite_heavy_tank(moving)@5.0 aa_vehicle(moving)@7.4 artillery(moving)@5.1
capital,Defend,2,full,866,armored_car,0,2740,137.0,148.5,11.5,96.4,98.0,99.2,87.9,Move,OffRoute,fortress,,moved,0,,to (99.2;87.9) past missile_battery(defence),missile_battery(fixed)@8.8 airfield(fixed)@8.6 main_battle_tank(parked)@9.8 scout_jeep(moving)@10.0 aa_vehicle(parked)@4.7 scout_jeep(moving)@7.9 armored_car(parked)@8.5 scout_jeep(parked)@4.0 scout_jeep(parked)@4.9 light_tank(parked)@6.4 main_battle_tank(parked)@8.4 aa_vehicle(parked)@9.7
capital,Defend,2,full,861,light_tank,0,2920,146.0,159.0,13.0,107.9,87.9,99.2,87.9,Move,YieldWait,fortress,,moved,0,,behind mlrs#888,airfield(fixed)@6.7 aa_vehicle(moving)@7.1 scout_jeep(parked)@9.9 aa_vehicle(moving)@9.8 mlrs(moving)@3.4 base_wall@6 fortress_gate@7
capital,Defend,2,full,861,light_tank,0,3340,167.0,177.5,10.5,99.5,86.0,11.0,73.0,AttackMove,YieldWait,fortress,,moved,0,,behind armored_car#866,missile_battery(fixed)@9.8 airfield(fixed)@7.4 armored_car(moving)@2.8 mlrs(moving)@4.9 base_wall@4 base_wall@5
capital,Defend,2,full,888,mlrs,0,3360,168.0,178.0,10.0,99.5,90.9,106.4,87.1,Move,BlockedByFriend,fortress,,moved,0,,armored_car#866 parked,missile_battery(fixed)@8.5 airfield(fixed)@3.8 light_tank(moving)@4.6 armored_car(parked)@4.5 light_tank(moving)@5.2 base_wall@8 base_wall@9
capital,Defend,2,full,888,mlrs,0,3630,181.5,199.5,18.0,98.0,90.1,77.7,28.2,Move,BlockedByFriend,fortress,,moved,0,,armored_car#866 moving,missile_battery(fixed)@7.1 airfield(fixed)@5.5 aa_vehicle(parked)@6.7 light_tank(moving)@3.3 armored_car(moving)@3.8 light_tank(moving)@6.8 main_battle_tank(moving)@9.7 base_wall@7 base_wall@9
capital,Defend,2,full,861,light_tank,0,3720,186.0,203.0,17.0,99.1,86.8,11.0,73.0,AttackMove,YieldWait,fortress,,moved,0,,behind armored_car#866,missile_battery(fixed)@9.1 airfield(fixed)@6.9 armored_car(moving)@4.1 mlrs(moving)@2.4 light_tank(moving)@7.5 base_wall@5 base_wall@6
capital,Defend,2,full,866,armored_car,0,3790,189.5,200.0,10.5,100.6,88.3,5.0,63.0,Move,BlockedByFriend,fortress,,moved,0,,mlrs#888 moving,missile_battery(fixed)@10.0 airfield(fixed)@4.9 light_tank(moving)@2.8 mlrs(moving)@3.5 light_tank(moving)@7.3 base_wall@7 base_wall@6
capital,Defend,2,full,930,aa_vehicle,0,6760,338.0,348.0,10.0,58.6,83.2,63.4,66.9,AttackMove,BlockedByDefence,fortress,,moved,0,,minefield#816 parked,rocket_turret(fixed)@5.4 minefield(fixed)@4.6 main_battle_tank(moving)@7.1 ifv(moving)@4.2
capital,Defend,2,full,940,command_vehicle,1,8660,433.0,441.5,8.5,57.9,-58.0,60.7,-66.3,Move,BlockedByFriend,field,road+route,moved,0,,light_tank#980 moving,ew_jammer(moving)@5.6 light_tank(moving)@4.7 fpv_carrier(moving)@5.8 light_tank(moving)@8.2 river_water@8 river_water@6 river_water@6
capital,Defend,2,full,1025,ifv,0,10290,514.5,523.0,8.5,105.9,96.7,51.0,117.0,AttackMove,BlockedByFriend,fortress,,moved,0,,aa_vehicle#1032 moving,airfield(fixed)@5.1 main_battle_tank(parked)@9.2 scout_jeep(moving)@7.9 armored_car(moving)@8.9 armored_car(moving)@7.6 aa_vehicle(moving)@9.1 aa_vehicle(moving)@4.6 ifv(moving)@8.7
capital,Defend,2,full,1001,light_tank,0,10330,516.5,526.0,9.5,92.8,98.1,100.9,89.3,Move,BlockedByFriend,fortress,,moved,0,,light_tank#992 moving,missile_battery(fixed)@7.3 main_battle_tank(moving)@8.6 main_battle_tank(moving)@5.5 light_tank(moving)@4.5 armored_car(moving)@7.9 scout_jeep(moving)@9.0 armored_car(moving)@5.0 armored_car(moving)@6.3 armored_car(moving)@7.1 aa_vehicle(moving)@8.9 ifv(moving)@9.0 base_wall@10
capital,Defend,2,full,1032,aa_vehicle,0,10380,519.0,529.0,10.0,101.4,97.4,107.2,89.8,Move,YieldWait,fortress,,moved,0,,waiting on a yield,airfield(fixed)@5.1 main_battle_tank(moving)@9.6 light_tank(moving)@6.3 light_tank(moving)@10.0 armored_car(moving)@9.9 scout_jeep(moving)@3.2 armored_car(moving)@4.3 armored_car(parked)@3.9 armored_car(moving)@7.1 ifv(moving)@4.2
capital,Defend,2,full,1023,armored_car,0,10420,521.0,534.5,13.5,97.0,98.0,101.8,86.9,Move,OffRoute,fortress,,moved,0,,to (101.8;86.9) past missile_battery(defence),missile_battery(fixed)@9.2 airfield(fixed)@8.1 main_battle_tank(moving)@4.6 light_tank(moving)@5.3 light_tank(moving)@6.0 scout_jeep(moving)@9.7 scout_jeep(moving)@6.4 armored_car(moving)@6.0 armored_car(moving)@3.8 armored_car(moving)@9.2 aa_vehicle(moving)@8.4 ifv(moving)@2.4
capital,Endless,1,full,847,heavy_tank,0,1260,63.0,72.5,9.5,101.1,86.6,81.0,11.0,AttackMove,BlockedByDefence,fortress,,moved,0,,airfield#805 parked,airfield(fixed)@6.2 ifv(moving)@7.9 ifv(moving)@9.1 base_wall@6 base_wall@4
capital,Endless,1,full,849,ifv,0,1610,80.5,90.5,10.0,101.1,87.8,18.6,91.3,AttackMove,YieldWait,fortress,,moved,0,,waiting on a yield,airfield(fixed)@5.1 titan_tank(moving)@4.8 base_wall@7 base_wall@5
capital,Endless,1,full,853,aa_vehicle,0,2200,110.0,121.0,11.0,98.4,93.9,12.6,93.2,AttackMove,BlockedByDefence,fortress,,moved,0,,airfield#805 parked,heavy_turret(fixed)@7.9 airfield(fixed)@4.9 heavy_tank(moving)@7.4 titan_tank(moving)@5.2 ifv(moving)@5.3
capital,Endless,1,full,830,titan_tank,0,3720,186.0,199.5,13.5,3.8,77.4,-0.7,65.3,AttackMove,BlockedByFriend,fortress,road,moved,0,,ifv#849 moving,aa_vehicle(moving)@9.2 heavy_tank(moving)@6.0 ifv(moving)@5.9 ifv(parked)@8.9 ifv(parked)@8.0 aa_vehicle(moving)@8.8 radar_station@9
capital,Endless,1,full,902,siege_tank,0,7470,373.5,382.0,8.5,49.0,116.4,30.7,113.8,Move,BlockedByFriend,fortress+gate,nopark,moved,0,,titan_tank#830 moving,titan_tank(moving)@5.9 titan_tank(moving)@6.0 ifv(moving)@9.9 shield_generator@7
capital,Endless,1,full,898,titan_tank,0,9010,450.5,459.0,8.5,71.8,45.2,73.5,53.4,AttackMove,GateWait,fortress,road,gave up,0,,doorway 0,aa_vehicle(moving)@6.1 aa_vehicle(parked)@9.4 titan_tank(moving)@9.5 fortress_gate@5 base_wall@10
capital,Endless,1,full,921,siege_tank,0,9250,462.5,472.5,10.0,72.4,58.9,73.6,46.8,Move,BlockedByFriend,fortress,road,moved,0,,aa_vehicle#882 moving,titan_tank(moving)@5.1 aa_vehicle(moving)@5.6 titan_tank(moving)@7.5 titan_tank(moving)@8.6 main_battle_tank(moving)@8.5
capital,Endless,1,full,830,titan_tank,0,9820,491.0,501.0,10.0,67.8,67.9,53.0,63.0,AttackMove,BlockedByFriend,fortress,route,moved,0,,main_battle_tank#992 moving,titan_tank(moving)@7.8 siege_tank(moving)@7.8 aa_vehicle(moving)@8.3 siege_tank(moving)@8.0 main_battle_tank(moving)@4.4 ifv(moving)@8.3 aa_vehicle(moving)@4.6
capital,Endless,1,full,878,siege_tank,0,9870,493.5,502.0,8.5,60.8,71.2,74.5,34.0,Move,BlockedByFriend,fortress,road,gave up,0,,main_battle_tank#992 moving,titan_tank(moving)@9.7 ifv(moving)@9.0 ifv(moving)@10.0 aa_vehicle(moving)@4.1 main_battle_tank(moving)@6.3 aa_vehicle(moving)@6.9 ifv(moving)@6.4 ifv(moving)@6.7 aa_vehicle(moving)@6.4
capital,Endless,1,full,921,siege_tank,0,9950,497.5,506.5,9.0,71.0,46.3,74.6,34.7,Move,BlockedByFriend,fortress,road,moved,0,,main_battle_tank#945 moving,main_battle_tank(moving)@9.1 titan_tank(moving)@5.3 artillery(moving)@9.3 main_battle_tank(moving)@5.1 fortress_gate@6
capital,Endless,1,full,858,main_battle_tank,0,10280,514.0,524.0,10.0,67.2,54.9,76.5,54.4,AttackMove,BlockedByFriend,fortress,,moved,0,,main_battle_tank#992 moving,ifv(moving)@8.2 titan_tank(moving)@7.6 aa_vehicle(parked)@7.6 titan_tank(moving)@5.4 main_battle_tank(moving)@4.2 aa_vehicle(moving)@5.0 ifv(moving)@7.3
capital,Endless,1,full,1025,aa_vehicle,0,10980,549.0,562.0,13.0,59.0,62.0,48.1,19.3,AttackMove,BlockedByFriend,fortress,,moved,0,,main_battle_tank#945 moving,titan_tank(moving)@4.6 main_battle_tank(moving)@4.1 heavy_tank(moving)@4.8 aa_vehicle(moving)@9.0 shield_generator@5
capital,Endless,1,full,875,heavy_tank,0,11080,554.0,566.0,12.0,61.6,72.6,51.0,57.0,AttackMove,YieldWait,fortress,road,moved,0,,waiting on a yield,guard_tower(fixed)@9.5 titan_tank(moving)@6.9 main_battle_tank(moving)@5.2 aa_vehicle(moving)@9.8 ifv(moving)@10.0 aa_vehicle(moving)@5.4
capital,Endless,2,obstacles,857,armored_car,0,1410,70.5,80.0,9.5,86.0,100.4,80.3,108.5,Move,BlockedByFriend,fortress,,gave up,0,,scout_jeep#846 parked,siege_tank(moving)@9.2 aa_vehicle(parked)@8.6 aa_vehicle(moving)@4.4 scout_jeep(parked)@3.8 mlrs(moving)@7.4 light_tank(parked)@9.4 base_wall@5
capital,Endless,2,obstacles,842,aa_vehicle,0,1590,79.5,90.0,10.5,86.1,96.4,77.6,87.8,Move,BlockedByFriend,fortress,,moved,0,,mlrs#862 moving,heavy_turret(fixed)@7.3 scout_jeep(moving)@8.4 armored_car(moving)@8.9 mlrs(moving)@5.1 light_tank(moving)@8.6 scout_jeep(moving)@5.3 scout_jeep(moving)@8.5 base_wall@9 base_wall@3
capital,Endless,2,obstacles,860,aa_vehicle,0,2760,138.0,147.5,9.5,94.6,80.0,11.0,73.0,AttackMove,BlockedByFriend,fortress,route,moved,0,,ifv#863 moving,armored_car(moving)@9.6 ifv(moving)@5.0 scout_jeep(moving)@5.2 light_tank(moving)@7.4 base_wall@7 base_wall@4
capital,Endless,2,obstacles,887,mlrs,0,2840,142.0,152.5,10.5,80.1,81.2,109.0,35.0,Move,YieldWait,fortress,route,moved,0,,waiting on a yield,main_battle_tank(moving)@6.8 aa_vehicle(parked)@4.1 armored_car(moving)@3.2 ifv(moving)@9.3 scout_jeep(moving)@2.7 aa_vehicle(moving)@6.2 base_wall@8 base_wall@8
capital,Endless,2,obstacles,835,main_battle_tank,0,3520,176.0,185.0,9.0,108.2,70.5,92.9,102.9,Move,BlockedByFriend,fortress,road+route,moved,0,,main_battle_tank#888 moving,gun_pit(fixed)@8.0 siege_tank(moving)@4.8 siege_tank(moving)@4.4 light_tank(moving)@9.4 main_battle_tank(moving)@5.2
capital,Endless,2,obstacles,850,ammo_carrier,1,3840,192.0,202.5,10.5,69.5,-58.7,33.0,-63.0,Move,BlockedByFriend,field,road+route,moved,0,,fpv_carrier#902 moving,heavy_rocket_artillery(parked)@8.1 shahed_truck(parked)@8.7 ammo_carrier(moving)@6.6 zu23_technical(moving)@5.4 fpv_carrier(moving)@5.4 bus@10
capital,Endless,2,obstacles,891,ifv,0,4460,223.0,232.0,9.0,79.9,103.6,116.6,63.3,AttackMove,BlockedByFriend,fortress,route,moved,0,,scout_jeep#869 moving,main_battle_tank(moving)@4.4 light_tank(moving)@4.8 scout_jeep(parked)@7.3 scout_jeep(moving)@3.6 light_tank(moving)@6.1 mlrs(moving)@10.0 main_battle_tank(moving)@6.8 ifv(moving)@4.6 light_tank(moving)@3.7 aa_vehicle(moving)@3.4 aa_vehicle(moving)@5.8 base_wall@8
capital,Endless,2,obstacles,927,aa_vehicle,0,4550,227.5,238.5,11.0,82.9,102.1,119.1,57.7,AttackMove,BlockedByFriend,fortress,route,moved,0,,scout_jeep#869 moving,main_battle_tank(moving)@5.9 scout_jeep(moving)@5.0 armored_car(moving)@9.0 light_tank(moving)@6.9 scout_jeep(moving)@9.2 scout_jeep(moving)@3.7 light_tank(moving)@6.4 main_battle_tank(moving)@4.8 light_tank(moving)@9.0 ifv(moving)@4.6 armored_car(moving)@3.3 aa_vehicle(moving)@6.8 scout_jeep(moving)@8.9 armored_car(moving)@7.5 base_wall@6
capital,Endless,2,obstacles,895,ifv,0,4670,233.5,243.0,9.5,78.6,103.5,88.8,97.3,Move,BlockedByFriend,fortress,route,moved,0,,main_battle_tank#888 moving,main_battle_tank(moving)@7.5 scout_jeep(moving)@7.4 armored_car(moving)@6.2 light_tank(moving)@7.7 scout_jeep(moving)@3.5 light_tank(moving)@7.3 main_battle_tank(moving)@3.8 ifv(moving)@8.0 light_tank(moving)@7.9 armored_car(moving)@6.5 aa_vehicle(moving)@4.7 aa_vehicle(moving)@3.9 base_wall@9
capital,Endless,2,obstacles,834,main_battle_tank,0,4700,235.0,245.5,10.5,87.8,112.1,117.0,53.0,AttackMove,BlockedByFriend,fortress,road,moved,0,,scout_jeep#932 moving,main_battle_tank(moving)@6.7 main_battle_tank(moving)@8.0 light_tank(moving)@4.6 scout_jeep(moving)@4.0 light_tank(moving)@9.5 armored_car(moving)@6.6 scout_jeep(moving)@5.8 armored_car(moving)@9.7 scout_jeep(moving)@3.6
capital,Endless,2,obstacles,869,scout_jeep,0,4760,238.0,248.0,10.0,78.6,100.2,91.0,97.0,Move,BlockedByFriend,fortress,route,gave up,0,,light_tank#893 moving,main_battle_tank(moving)@8.7 main_battle_tank(moving)@9.1 scout_jeep(moving)@9.4 armored_car(moving)@3.6 light_tank(moving)@8.9 main_battle_tank(moving)@6.8 light_tank(moving)@3.1 armored_car(moving)@6.0 main_battle_tank(moving)@7.6 aa_vehicle(moving)@8.4 armored_car(moving)@5.1 base_wall@6
capital,Endless,2,obstacles,840,siege_tank,0,5540,277.0,286.0,9.0,60.0,106.0,120.2,51.7,Move,Unknown,fortress,,moved,0,,speed 0.5 strikes 2,gun_pit(fixed)@6.0 shield_generator@10 container@9
capital,Endless,2,obstacles,970,zu23_technical,1,6930,346.5,356.5,10.0,37.0,-63.7,51.0,117.0,AttackMove,BlockedByFriend,field,road+route,moved,0,,ew_jammer#966 moving,ammo_carrier(moving)@9.2 ammo_carrier(moving)@5.7 command_vehicle(moving)@7.2 ew_jammer(moving)@3.5 armored_car(moving)@7.1 zu23_technical(moving)@6.5 light_tank(moving)@6.0 rocket_technical(moving)@9.6 wreck_tank@6
capital,Endless,2,obstacles,840,siege_tank,0,9560,478.0,489.0,11.0,79.9,114.9,56.1,114.3,Move,BlockedByFriend,fortress,road,moved,0,,armored_car#1028 moving,main_battle_tank(moving)@4.6 light_tank(moving)@9.9 siege_tank(moving)@9.1 aa_vehicle(moving)@7.7 aa_vehicle(moving)@8.4 armored_car(moving)@4.5 ifv(moving)@3.5 ifv(moving)@7.0 ifv(moving)@9.5 base_wall@8
capital,Endless,2,obstacles,1013,armored_car,0,9570,478.5,491.5,13.0,102.2,113.4,113.1,112.7,AttackMove,YieldWait,fortress,,moved,0,,behind mobile_fortress#1032,mlrs(moving)@9.5 scout_jeep(moving)@8.8 armored_car(moving)@9.4 scout_jeep(moving)@4.9 main_battle_tank(moving)@6.4
capital,Endless,2,obstacles,1036,ifv,0,9670,483.5,493.5,10.0,82.0,111.2,77.0,137.0,AttackMove,BlockedByFriend,fortress,road,moved,0,,main_battle_tank#835 moving,main_battle_tank(moving)@3.8 siege_tank(moving)@6.6 light_tank(moving)@9.8 siege_tank(parked)@5.9 mlrs(moving)@4.2 ifv(moving)@4.2 ifv(moving)@8.7 main_battle_tank(moving)@5.1
capital,Endless,2,obstacles,961,scout_jeep,0,9780,489.0,507.5,18.5,104.0,114.0,119.0,115.0,AttackMove,YieldWait,fortress,,gave up,0,,behind mobile_fortress#1032,ammo_depot(fixed)@9.2 armored_car(moving)@3.0 armored_car(moving)@7.3 ifv(parked)@9.0
capital,Endless,2,obstacles,1013,armored_car,0,9830,491.5,510.5,19.0,102.6,111.3,119.0,115.0,AttackMove,YieldWait,fortress,,moved,0,,behind mobile_fortress#1032,scout_jeep(moving)@3.0 armored_car(moving)@5.8 ifv(parked)@6.5 light_tank(moving)@9.6
capital,Endless,2,obstacles,865,light_tank,0,9840,492.0,502.0,10.0,77.7,118.7,95.7,109.9,AttackMove,BlockedByFriend,fortress,,moved,0,,armored_car#1047 moving,scout_jeep(parked)@2.9 ifv(moving)@4.6 ifv(moving)@8.5 ifv(parked)@7.4 scout_jeep(moving)@3.5 armored_car(moving)@2.6 scout_jeep(moving)@5.2 main_battle_tank(moving)@4.1 base_wall@7
capital,Endless,2,obstacles,1038,ifv,0,9890,494.5,503.0,8.5,82.7,110.6,77.3,103.9,AttackMove,BlockedByFriend,fortress,road,moved,0,,ifv#1039 moving,main_battle_tank(moving)@7.3 siege_tank(moving)@8.1 scout_jeep(moving)@6.6 ifv(moving)@6.7 ifv(moving)@4.3 ifv(moving)@4.6 scout_jeep(moving)@7.4 main_battle_tank(moving)@4.4
capital,Endless,2,obstacles,1051,main_battle_tank,0,9890,494.5,503.5,9.0,81.2,114.7,77.0,137.0,AttackMove,YieldWait,fortress,road,moved,0,,waiting on a yield,light_tank(moving)@6.3 scout_jeep(moving)@2.8 ifv(moving)@4.0 ifv(moving)@4.4 ifv(moving)@5.7 ifv(moving)@4.0 scout_jeep(moving)@6.7 armored_car(moving)@7.9 scout_jeep(moving)@6.0 base_wall@8
capital,Endless,2,obstacles,1014,armored_car,0,9960,498.0,520.0,22.0,104.8,105.9,119.0,115.0,AttackMove,YieldWait,fortress,route,moved,0,,behind mobile_fortress#1032,scout_jeep(moving)@8.1 armored_car(moving)@5.8 scout_jeep(moving)@7.8 ifv(parked)@9.7 light_tank(moving)@2.5
capital,Endless,2,obstacles,1033,scout_jeep,0,10050,502.5,521.5,19.0,112.6,105.0,119.0,115.0,AttackMove,YieldWait,fortress,,moved,0,,behind mobile_fortress#1032,armored_car(moving)@6.6 mobile_fortress(moving)@8.1 ifv(moving)@8.8
capital,Endless,2,obstacles,961,scout_jeep,0,10200,510.0,520.0,10.0,103.3,115.0,119.0,115.0,AttackMove,BlockedByFriend,fortress,,moved,0,,aa_vehicle#1069 moving,ammo_depot(fixed)@9.2 armored_car(moving)@9.7 armored_car(moving)@10.0 ifv(moving)@8.5 armored_car(moving)@9.4 main_battle_tank(moving)@3.4 aa_vehicle(moving)@4.0
capital,Endless,2,obstacles,1014,armored_car,0,10930,546.5,556.5,10.0,104.0,109.6,119.0,115.0,AttackMove,YieldWait,fortress,,moved,0,,behind mobile_fortress#1032,scout_jeep(moving)@2.6 ifv(parked)@8.1 main_battle_tank(moving)@8.6 mlrs(moving)@4.6 armored_car(moving)@9.8 armored_car(moving)@7.3
capital,Endless,2,obstacles,850,ammo_carrier,1,11450,572.5,584.0,11.5,38.9,-15.0,31.7,-4.8,Move,BlockedByFriend,fortress,road,moved,0,,fpv_carrier#1063 moving,ammo_carrier(moving)@6.2 ammo_carrier(moving)@7.4 ammo_carrier(moving)@4.2 command_vehicle(moving)@8.2 rocket_technical(moving)@6.6 rocket_technical(moving)@8.7 fpv_carrier(moving)@4.4 rocket_technical(moving)@8.0
capital,Weekly,1,obstacles,885,titan_tank,0,4050,202.5,211.5,9.0,-89.8,-82.2,-93.8,-92.6,Move,BlockedByFriend,camp0,,moved,0,,aa_vehicle#888 moving,minefield(fixed)@9.4 aa_vehicle(moving)@3.7 ifv(moving)@5.4
capital,Weekly,1,obstacles,877,armored_bulldozer,0,4770,238.5,247.0,8.5,-42.0,24.1,11.0,73.0,AttackMove,Unknown,field+gate,road+narrow+nopark,moved,0,,speed 3.4 strikes 0,aa_vehicle(moving)@5.3 heavy_tank(moving)@7.4 office_block@9 wreck_truck@8
capital,Weekly,1,obstacles,881,twin_tank,1,5150,257.5,267.5,10.0,102.5,122.2,119.0,115.0,AttackMove,OffRoute,fortress,,moved,0,,to (119.0;115.0) past ammo_depot(defence),gun_pit(fixed)@6.3 ammo_depot(fixed)@8.8 scout_jeep(moving)@3.4 flame_tank(parked)@3.9
capital,Weekly,1,obstacles,884,fpv_carrier,1,6290,314.5,323.5,9.0,90.0,99.9,90.9,106.7,Move,YieldWait,fortress,,gave up,0,,behind mobile_fortress#908,heavy_turret(fixed)@9.0 counter_battery_radar(moving)@7.1 counter_battery_radar(moving)@3.7 armored_car(moving)@7.5 base_wall@8
capital,Weekly,1,obstacles,878,ammo_carrier,1,6330,316.5,325.5,9.0,69.7,95.3,79.0,85.0,Move,BlockedByFriend,fortress,road,moved,0,,sapper#871 parked,heavy_tank(moving)@8.1 sapper(parked)@6.0 twin_tank(moving)@4.3 mobile_fortress(moving)@8.6
capital,Weekly,1,obstacles,869,flame_tank,1,7820,391.0,399.5,8.5,90.3,60.2,75.2,33.3,AttackMove,Unknown,fortress,,moved,0,,speed 4.1 strikes 0,super_gun(fixed)@9.5 mobile_fortress(parked)@9.9
capital,Weekly,1,obstacles,908,mobile_fortress,1,8560,428.0,441.5,13.5,81.7,82.5,95.7,109.9,AttackMove,BlockedByFriend,fortress,,moved,0,,wheeled_gun#892 moving,
capital,Weekly,1,obstacles,858,command_vehicle,1,8890,444.5,455.5,11.0,72.3,78.9,99.9,106.0,Move,BlockedByFriend,fortress,road,moved,0,,mobile_fortress#908 moving,long_sam(moving)@8.1 rocket_technical(moving)@2.5 rocket_technical(moving)@9.4 counter_battery_radar(moving)@6.3
capital,Weekly,1,obstacles,908,mobile_fortress,1,8970,448.5,457.0,8.5,80.0,89.5,95.7,109.9,AttackMove,BlockedByDefence,fortress,,moved,0,,heavy_turret#800 parked,rocket_technical(moving)@9.1 fpv_carrier(moving)@8.9
capital,Weekly,1,obstacles,858,command_vehicle,1,9340,467.0,476.5,9.5,97.1,104.2,84.7,91.8,Move,BlockedByFriend,fortress,,moved,0,,flame_tank#869 moving,flame_tank(moving)@4.9 sapper(moving)@6.3 mobile_fortress(moving)@7.5 counter_battery_radar(moving)@5.0 scout_jeep(parked)@8.3
capital,Weekly,1,obstacles,925,elite_heavy_tank,1,9400,470.0,480.0,10.0,99.1,80.0,116.1,105.0,AttackMove,StalePath,fortress,,gave up,0,,leg 2/6 to (99.0;79.0) crosses base_wall,heavy_tank(moving)@5.7 flame_tank(moving)@8.0 fpv_carrier(parked)@7.2 base_wall@6
capital,Weekly,1,obstacles,905,turtle_tank,1,9830,491.5,524.0,32.5,86.8,84.6,103.1,102.4,AttackMove,BlockedByFriend,fortress,,moved,0,,long_sam#863 moving,heavy_turret(fixed)@7.7 command_vehicle(parked)@5.9 long_sam(moving)@4.2 heavy_rocket_artillery(parked)@7.1 rocket_technical(parked)@6.3 rocket_technical(parked)@6.8 ammo_carrier(moving)@4.8 fpv_carrier(parked)@8.9 armored_car(moving)@7.6
capital,Weekly,1,obstacles,871,sapper,1,9920,496.0,506.5,10.5,96.9,88.4,121.5,75.6,AttackMove,BlockedByFriend,fortress+gate,route+narrow+nopark,moved,0,,counter_battery_radar#915 moving,heavy_turret(fixed)@6.5 repair_bay(fixed)@7.4 command_vehicle(parked)@8.1 heavy_rocket_artillery(parked)@6.7 turtle_tank(moving)@10.0 counter_battery_radar(moving)@4.1 base_wall@9
capital,Weekly,1,obstacles,939,armored_bulldozer,0,10190,509.5,521.5,12.0,-79.8,-95.6,-90.4,-96.7,Move,YieldWait,camp0,,moved,0,,behind heavy_tank#940,gun_pit(fixed)@9.0 heavy_tank(moving)@7.2
capital,Weekly,1,obstacles,869,flame_tank,1,10260,513.0,521.5,8.5,94.3,82.6,96.9,77.2,AttackMove,GateWait,fortress,route,gave up,0,,doorway 0,heavy_turret(fixed)@9.0 heavy_tank(moving)@6.6 heavy_rocket_artillery(moving)@7.2 main_battle_tank(moving)@4.5 turtle_tank(moving)@9.5 armored_car(moving)@7.5 elite_heavy_tank(moving)@6.0 base_wall@10
capital,Weekly,1,obstacles,871,sapper,1,10270,513.5,529.0,15.5,84.1,91.6,121.5,75.6,AttackMove,BlockedByFriend,fortress,,moved,0,,turtle_tank#905 moving,heavy_turret(fixed)@6.9 flame_tank(moving)@7.1 wheeled_gun(moving)@4.8 turtle_tank(moving)@6.8 fpv_carrier(moving)@9.6
capital,Weekly,1,obstacles,931,siege_tank,0,10360,518.0,528.5,10.5,46.1,-30.5,-16.8,-91.7,Move,Unknown,fortress,,moved,0,,speed 1.3 strikes 1,river_water@8 river_water@10 river_water@6 river_water@10 river_water@6 river_water@8
capital,Weekly,1,obstacles,908,mobile_fortress,1,11020,551.0,574.5,23.5,98.0,80.8,95.7,109.9,AttackMove,BlockedByFriend,fortress,route,moved,0,,elite_heavy_tank#925 moving,atgm_carrier(moving)@7.1 base_wall@7
capital,Weekly,1,obstacles,869,flame_tank,1,11030,551.5,564.0,12.5,97.6,91.6,76.6,28.3,AttackMove,BlockedByDefence,fortress+gate,route+narrow+nopark,moved,0,,heavy_turret#800 parked,heavy_turret(fixed)@6.6 repair_bay(fixed)@5.5 mine_layer(moving)@4.1
capital,Weekly,1,obstacles,948,mine_layer,1,11060,553.0,562.0,9.0,97.6,96.3,71.4,25.5,AttackMove,BlockedByFriend,fortress+gate,route+nopark,moved,0,,flame_tank#869 moving,heavy_turret(fixed)@8.5 repair_bay(fixed)@6.6 flame_tank(moving)@4.3 twin_tank(moving)@5.5 fpv_carrier(moving)@7.5
capital,Weekly,2,light,858,rocket_technical,1,5070,253.5,262.5,9.0,83.7,101.3,92.6,100.3,Move,YieldWait,fortress,,moved,0,,behind mobile_fortress#862,scout_jeep(moving)@1.8 scout_jeep(moving)@6.3 ew_jammer(moving)@4.7 thermobaric_launcher(moving)@6.9 ammo_carrier(moving)@5.1 rocket_technical(moving)@4.0 counter_battery_radar(moving)@7.7
capital,Weekly,2,light,823,heavy_rocket_artillery,1,5150,257.5,268.0,10.5,83.1,86.0,92.6,98.5,Move,YieldWait,fortress,,moved,0,,behind mobile_fortress#862,scout_jeep(moving)@8.2 heavy_tank(moving)@5.7 wheeled_gun(moving)@9.6
capital,Weekly,2,light,864,rocket_technical,1,5200,260.0,269.5,9.5,84.2,96.8,92.3,99.7,Move,YieldWait,fortress,,moved,0,,behind mobile_fortress#862,scout_jeep(moving)@3.9 scout_jeep(moving)@4.6 heavy_rocket_artillery(moving)@8.7 ew_jammer(moving)@9.5 rocket_technical(moving)@6.4 mobile_fortress(moving)@9.6
capital,Weekly,2,light,808,scout_jeep,1,5230,261.5,270.0,8.5,85.0,98.7,139.0,103.0,Move,BlockedByFriend,fortress,,gave up,0,,rocket_technical#864 moving,scout_jeep(moving)@5.1 heavy_rocket_artillery(moving)@9.8 ew_jammer(moving)@7.2 rocket_technical(moving)@3.2 mobile_fortress(moving)@9.8 rocket_technical(moving)@2.4 counter_battery_radar(moving)@9.2
capital,Weekly,2,light,858,rocket_technical,1,5250,262.5,271.5,9.0,84.3,100.7,92.6,100.3,Move,YieldWait,fortress,,moved,0,,behind mobile_fortress#862,scout_jeep(moving)@4.3 scout_jeep(moving)@8.5 ew_jammer(moving)@4.1 ammo_carrier(moving)@7.5 rocket_technical(moving)@4.7 counter_battery_radar(moving)@7.7
capital,Weekly,2,light,823,heavy_rocket_artillery,1,6230,311.5,322.5,11.0,91.3,106.2,93.3,126.8,Move,YieldWait,fortress,,moved,0,,behind mobile_fortress#862,smoke_carrier(moving)@3.0 rocket_technical(parked)@6.6 wheeled_gun(moving)@7.9 counter_battery_radar(moving)@7.5 heavy_tank(moving)@9.7
capital,Weekly,2,light,854,ammo_carrier,1,6370,318.5,327.0,8.5,106.8,121.1,97.0,109.4,Move,YieldWait,fortress,,moved,0,,behind mobile_fortress#862,scout_jeep(moving)@9.9 rocket_technical(moving)@6.1 tank_destroyer(parked)@5.9 flame_tank(moving)@9.5 fpv_carrier(moving)@6.7
capital,Weekly,2,light,880,flame_tank,1,6370,318.5,331.0,12.5,103.0,112.4,86.5,74.7,AttackMove,YieldWait,fortress,,moved,0,,behind counter_battery_radar#874,smoke_carrier(parked)@7.7 command_vehicle(moving)@4.5 ew_jammer(moving)@5.8 ammo_carrier(moving)@9.5 rocket_technical(parked)@5.7 rocket_technical(moving)@3.6 heavy_tank(moving)@8.3 engineer_vehicle(moving)@8.3 fpv_carrier(moving)@6.6
capital,Weekly,2,light,830,ew_jammer,1,6400,320.0,330.5,10.5,108.0,109.7,98.8,105.7,Move,BlockedByFriend,fortress,route,moved,0,,command_vehicle#816 moving,command_vehicle(moving)@4.5 scout_jeep(moving)@4.1 heavy_tank(moving)@7.8 ammo_carrier(moving)@9.1 rocket_technical(parked)@8.8 counter_battery_radar(moving)@8.6 heavy_tank(moving)@8.4 flame_tank(moving)@5.6 engineer_vehicle(moving)@5.9 fpv_carrier(moving)@5.5
capital,Weekly,2,light,863,counter_battery_radar,1,7110,355.5,365.5,10.0,93.8,105.3,82.0,81.9,Move,BlockedByFriend,fortress,,moved,0,,thermobaric_launcher#844 moving,scout_jeep(moving)@6.6 ew_jammer(moving)@7.6 thermobaric_launcher(moving)@3.9 engineer_vehicle(moving)@7.2
capital,Weekly,2,light,844,thermobaric_launcher,1,7160,358.0,367.5,9.5,93.7,101.5,83.0,83.9,Move,BlockedByFriend,fortress,,moved,0,,scout_jeep#818 moving,scout_jeep(moving)@4.0 ew_jammer(moving)@8.5 rocket_technical(moving)@9.7 counter_battery_radar(moving)@4.3 rocket_technical(moving)@6.0 counter_battery_radar(moving)@6.8 engineer_vehicle(moving)@3.3
capital,Weekly,2,light,882,sapper,1,7250,362.5,371.5,9.0,98.6,91.8,125.0,115.0,AttackMove,YieldWait,fortress,route,moved,0,,waiting on a yield,bmpt(moving)@5.8 ew_jammer(moving)@4.9 ammo_carrier(moving)@5.3 wheeled_gun(moving)@7.9 counter_battery_radar(moving)@5.7 heavy_tank(moving)@7.0 flame_tank(moving)@9.0 engineer_vehicle(moving)@9.6 flame_tank(moving)@4.9
capital,Weekly,2,light,841,heavy_tank,1,7590,379.5,390.5,11.0,97.5,84.8,111.6,125.6,AttackMove,BlockedByFriend,fortress,route,moved,0,,counter_battery_radar#874 moving,command_vehicle(parked)@7.4 counter_battery_radar(moving)@6.1 rocket_technical(moving)@8.7 counter_battery_radar(moving)@4.3 heavy_tank(moving)@8.2 engineer_vehicle(moving)@10.0 fpv_carrier(parked)@9.2 base_wall@7
capital,Weekly,2,light,898,light_tank,0,7620,381.0,392.0,11.0,37.2,-59.4,125.0,115.0,AttackMove,BlockedByFriend,field,road+route,moved,0,,armored_car#907 moving,siege_tank(parked)@8.9 siege_tank(moving)@4.3 main_battle_tank(moving)@4.3 scout_jeep(moving)@9.8 armored_car(moving)@3.1 river_water@9 river_water@8 river_water@8
capital,Weekly,2,light,899,siege_tank,0,7750,387.5,399.5,12.0,39.0,-63.9,33.0,-19.0,Move,BlockedByFriend,field+gate,road+route+nopark,moved,0,,main_battle_tank#902 moving,siege_tank(moving)@8.5 light_tank(moving)@7.9 main_battle_tank(moving)@4.3 scout_jeep(parked)@6.9 armored_car(moving)@6.5 armored_car(moving)@9.3 wreck_tank@6
capital,Weekly,2,light,855,siege_tank,0,7850,392.5,402.5,10.0,43.2,-56.1,3.0,-73.0,Move,BlockedByFriend,field,road,moved,0,,scout_jeep#904 moving,siege_tank(moving)@5.8 light_tank(moving)@9.3 siege_tank(moving)@8.3 main_battle_tank(moving)@4.1 scout_jeep(moving)@3.9 armored_car(moving)@7.0 armored_car(moving)@9.5 river_water@8 river_water@5 river_water@9 river_water@4 river_water@8 river_water@6 river_water@9 river_water@10
capital,Weekly,2,light,878,siege_tank,0,7990,399.5,418.0,18.5,47.2,-56.0,3.0,-57.0,Move,BlockedByFriend,field,road,moved,0,,main_battle_tank#902 moving,siege_tank(moving)@9.3 siege_tank(moving)@8.6 light_tank(moving)@8.1 siege_tank(moving)@9.0 main_battle_tank(moving)@3.6 scout_jeep(moving)@5.5 river_water@8 river_water@5 river_water@9 river_water@4 river_water@8 river_water@6 river_water@9 river_water@10
capital,Weekly,2,light,899,siege_tank,0,7990,399.5,412.5,13.0,41.1,-62.5,33.0,-19.0,Move,BlockedByFriend,field+gate,road+route+nopark,moved,0,,light_tank#898 moving,siege_tank(moving)@5.7 siege_tank(moving)@9.3 siege_tank(moving)@9.0 light_tank(moving)@3.5 main_battle_tank(moving)@5.6 armored_car(moving)@4.2 ifv(moving)@6.6 wreck_tank@8
capital,Weekly,2,light,816,command_vehicle,1,8020,401.0,410.0,9.0,85.4,88.5,54.8,95.8,Move,BlockedByFriend,fortress,,moved,0,,heavy_tank#841 moving,heavy_rocket_artillery(moving)@8.8 heavy_tank(moving)@3.8 thermobaric_launcher(moving)@8.0 ammo_carrier(parked)@3.9 rocket_technical(moving)@6.1 counter_battery_radar(moving)@8.8 rocket_technical(parked)@6.8 engineer_vehicle(moving)@7.9 fpv_carrier(moving)@4.5
capital,Weekly,2,light,899,siege_tank,0,8250,412.5,421.0,8.5,42.0,-67.7,33.0,-19.0,Move,OffRoute,field+gate,road+narrow+nopark,moved,0,,to (61.0;-61.0) past office_block,siege_tank(moving)@10.0 siege_tank(moving)@7.0 ifv(moving)@5.9 aa_vehicle(moving)@6.1 wreck_tank@5
capital,Weekly,2,light,874,counter_battery_radar,1,10080,504.0,514.0,10.0,96.5,111.3,90.0,88.1,Move,BlockedByFriend,fortress,road,moved,0,,engineer_vehicle#886 moving,ew_jammer(moving)@9.9 heavy_tank(moving)@4.4 engineer_vehicle(moving)@5.2
capital,Weekly,2,light,917,light_tank,0,10230,511.5,522.0,10.5,43.5,-64.1,23.0,-57.0,Move,YieldWait,field+gate,road+nopark,moved,0,,behind siege_tank#876,siege_tank(moving)@6.2 siege_tank(moving)@4.0 aa_vehicle(moving)@7.5 armored_car(moving)@4.0 wreck_tank@8
capital,Weekly,2,light,855,siege_tank,0,10250,512.5,525.5,13.0,50.3,-64.2,43.0,-81.0,Move,YieldWait,field+gate,road+nopark,moved,0,,waiting on a yield,siege_tank(moving)@8.9 siege_tank(moving)@7.7 light_tank(moving)@6.9 aa_vehicle(moving)@9.6 office_block@10
capital,Weekly,2,light,864,rocket_technical,1,10370,518.5,527.5,9.0,97.3,86.9,89.6,87.0,Move,YieldWait,fortress,route,moved,0,,behind command_vehicle#816,command_vehicle(moving)@6.1 heavy_rocket_artillery(moving)@4.1 heavy_tank(moving)@9.5 thermobaric_launcher(moving)@7.6 ammo_carrier(moving)@7.7 tank_destroyer(moving)@4.4 flame_tank(moving)@5.1 flame_tank(moving)@8.0 sapper(moving)@4.5 base_wall@8
capital,Weekly,2,light,823,heavy_rocket_artillery,1,10450,522.5,532.5,10.0,100.4,86.7,129.6,138.5,Move,BlockedByFriend,fortress,,moved,0,,flame_tank#880 moving,smoke_carrier(moving)@6.0 bmpt(moving)@8.3 ew_jammer(moving)@9.0 thermobaric_launcher(moving)@8.9 ammo_carrier(moving)@8.4 rocket_technical(moving)@9.5 heavy_tank(moving)@9.2 tank_destroyer(moving)@5.6 flame_tank(moving)@5.0 fpv_carrier(moving)@9.0 flame_tank(moving)@3.9 sapper(moving)@10.0 base_wall@5
capital,Weekly,2,light,816,command_vehicle,1,10600,530.0,542.0,12.0,99.1,97.4,94.0,86.2,Move,BlockedByFriend,fortress,route,moved,0,,heavy_tank#875 moving,ew_jammer(moving)@8.1 ammo_carrier(moving)@7.2 mobile_fortress(moving)@8.7 counter_battery_radar(moving)@9.4 counter_battery_radar(moving)@8.6 heavy_tank(moving)@4.4 tank_destroyer(moving)@8.4 engineer_vehicle(moving)@4.3 fpv_carrier(moving)@4.3 mine_layer(moving)@6.6
capital,Weekly,2,light,906,flame_tank,1,10660,533.0,542.5,9.5,101.1,86.4,86.0,52.3,AttackMove,BlockedByFriend,fortress,,moved,0,,ew_jammer#830 moving,smoke_carrier(moving)@4.9 ew_jammer(moving)@3.2 ammo_carrier(moving)@7.5 counter_battery_radar(moving)@3.8 heavy_tank(moving)@8.9 sapper(moving)@7.5 fpv_carrier(moving)@8.7 base_wall@4
capital,Weekly,2,light,939,aa_vehicle,0,10680,534.0,543.0,9.0,46.5,-58.6,125.0,115.0,AttackMove,OffRoute,field,road+route,moved,0,,to (69.0;-61.0) past bus,siege_tank(moving)@9.5 siege_tank(moving)@2.9 aa_vehicle(moving)@6.3 river_water@9 river_water@7 river_water@7 river_water@9
capital,Weekly,2,light,876,siege_tank,0,10720,536.0,547.0,11.0,36.5,-61.1,27.1,-65.9,Move,BlockedByFriend,field,road+route,moved,0,,siege_tank#878 moving,siege_tank(moving)@7.5 river_water@9 river_water@10 wreck_tank@8
capital,Weekly,2,light,841,heavy_tank,1,10970,548.5,557.5,9.0,94.3,108.4,111.6,125.6,AttackMove,BlockedByFriend,fortress,,moved,0,,command_vehicle#816 moving,command_vehicle(moving)@7.4 wheeled_gun(moving)@8.6
capital,Weekly,2,light,844,thermobaric_launcher,1,11550,577.5,586.0,8.5,91.2,88.3,100.3,86.5,Move,BlockedByFriend,fortress,,moved,0,,wheeled_gun#872 moving,scout_jeep(moving)@5.7 smoke_carrier(moving)@8.0 command_vehicle(moving)@9.4 rocket_technical(parked)@9.9 wheeled_gun(moving)@6.2 heavy_tank(moving)@5.2 engineer_vehicle(moving)@8.3 fpv_carrier(moving)@6.9 sapper(moving)@6.3 mine_layer(moving)@3.9
capital,Weekly,2,light,863,counter_battery_radar,1,11610,580.5,591.5,11.0,81.8,94.0,92.9,84.2,Move,BlockedByFriend,fortress,,moved,0,,scout_jeep#809 moving,scout_jeep(moving)@3.2 ew_jammer(moving)@7.3 mobile_fortress(moving)@7.8
capital,Weekly,2,light,940,mine_layer,1,11640,582.0,592.0,10.0,92.2,84.0,113.1,118.9,AttackMove,YieldWait,fortress,,moved,0,,behind sapper#914,smoke_carrier(moving)@6.7 command_vehicle(moving)@8.8 thermobaric_launcher(moving)@4.2 wheeled_gun(moving)@5.4 heavy_tank(moving)@5.8 engineer_vehicle(moving)@7.8 fpv_carrier(parked)@6.5 flame_tank(moving)@9.4 sapper(moving)@4.7
capital,Weekly,2,light,874,counter_battery_radar,1,11700,585.0,594.0,9.0,100.6,79.6,90.8,77.1,Move,BlockedByFriend,fortress,,moved,0,,heavy_tank#875 moving,command_vehicle(moving)@6.9 wheeled_gun(moving)@7.4 heavy_tank(moving)@3.7 tank_destroyer(moving)@6.7 flame_tank(moving)@9.0 mine_layer(moving)@5.0 mine_layer(moving)@8.6 base_wall@5
capital,Weekly,2,light,875,heavy_tank,1,11750,587.5,599.0,11.5,97.8,82.6,80.8,24.0,AttackMove,YieldWait,fortress,route,moved,0,,behind wheeled_gun#872,smoke_carrier(moving)@6.8 command_vehicle(moving)@6.1 wheeled_gun(moving)@2.8 counter_battery_radar(moving)@5.8 tank_destroyer(moving)@6.4 flame_tank(moving)@8.8 sapper(moving)@7.5 mine_layer(moving)@9.1 mine_layer(moving)@6.5 base_wall@6
capital,Weekly,2,light,882,sapper,1,11790,589.5,598.5,9.0,99.6,89.0,93.2,20.1,AttackMove,BlockedByFriend,fortress,route,moved,0,,smoke_carrier#810 moving,smoke_carrier(moving)@4.1 bmpt(moving)@6.2 heavy_tank(moving)@7.9 wheeled_gun(moving)@6.0 heavy_tank(moving)@7.1 tank_destroyer(moving)@3.2 flame_tank(parked)@8.3 mine_layer(moving)@9.4 heavy_rocket_artillery(moving)@9.5 base_wall@7
capital,Weekly,2,light,899,siege_tank,0,11820,591.0,599.5,8.5,26.3,-66.4,42.5,-56.8,Move,Unknown,field,,moved,0,,speed 2.5 strikes 0,siege_tank(moving)@7.7 siege_tank(moving)@6.9 office_block@10
