map,mode,seed,config,vehicle,def,team,start_tick,start_s,end_s,seconds,x,y,goal_x,goal_y,order,cause,area,lanes,outcome,rescues,rescue_kinds,detail,nearby
ashfield,Defend,1,full,465,heavy_tank,0,2680,134.0,143.5,9.5,99.9,97.7,68.2,1.3,AttackMove,BlockedByDefence,fortress,,moved,0,,airfield#408 parked,airfield(fixed)@6.1 heavy_tank(moving)@8.8 ifv(parked)@9.9 ifv(moving)@4.2 titan_tank(moving)@7.7 siege_tank(moving)@8.8
ashfield,Defend,1,full,471,titan_tank,0,2780,139.0,150.5,11.5,94.8,101.1,99.1,87.9,Move,YieldWait,fortress,,moved,1,ghost,behind ifv#460,heavy_tank(moving)@4.5 ifv(moving)@6.5 ifv(moving)@8.5 siege_tank(moving)@6.7
ashfield,Defend,1,full,466,ifv,0,2810,140.5,149.0,8.5,97.8,95.1,54.3,3.0,AttackMove,BlockedByFriend,fortress,,moved,0,,ifv#460 moving,heavy_turret(fixed)@8.0 airfield(fixed)@5.8 heavy_tank(moving)@4.6 ifv(moving)@3.2 ifv(moving)@5.1 titan_tank(moving)@6.5 siege_tank(moving)@8.8
ashfield,Defend,1,full,493,titan_tank,0,3800,190.0,200.5,10.5,88.2,97.4,102.5,86.7,Move,BlockedByFriend,fortress,,moved,0,,titan_tank#471 moving,heavy_turret(fixed)@7.0 ifv(parked)@6.6 titan_tank(moving)@5.1 aa_vehicle(moving)@9.0 base_wall@5
ashfield,Defend,1,full,495,aa_vehicle,0,4470,223.5,234.5,11.0,98.6,90.2,69.3,49.1,AttackMove,BlockedByFriend,fortress,,moved,1,ghost,titan_tank#471 parked,heavy_turret(fixed)@7.7 airfield(fixed)@4.9 ifv(moving)@3.5 titan_tank(parked)@4.5 titan_tank(parked)@9.2 base_wall@7 base_wall@9
ashfield,Defend,1,full,485,siege_tank,0,4770,238.5,251.5,13.0,104.0,56.8,75.0,45.0,Move,OffRoute,fortress+gate,narrow+nopark,moved,1,ghost,to (77.0;61.0) past super_gun(defence),aa_vehicle(moving)@4.4 ifv(parked)@8.1 shield_generator@9
ashfield,Defend,1,full,488,aa_vehicle,0,5070,253.5,262.5,9.0,100.6,60.5,52.3,29.1,AttackMove,BlockedByFriend,fortress+gate,nopark,moved,0,,aa_vehicle#486 moving,siege_tank(moving)@9.5 siege_tank(moving)@5.8 aa_vehicle(moving)@4.0 ifv(moving)@10.0
ashfield,Defend,1,full,485,siege_tank,0,5750,287.5,296.5,9.0,71.7,44.0,58.4,35.7,Move,GateWait,fortress,road,moved,0,,doorway 0,titan_tank(moving)@7.4 siege_tank(moving)@8.3 ifv(moving)@10.0 aa_vehicle(moving)@8.0 aa_vehicle(moving)@3.6 fortress_gate@4 base_wall@9 ammo_dump@8
ashfield,Defend,1,full,493,titan_tank,0,6440,322.0,330.5,8.5,54.6,103.1,120.9,70.3,AttackMove,BlockedByFriend,fortress+gate,nopark,moved,0,,heavy_tank#511 moving,gun_pit(fixed)@6.2 titan_tank(moving)@7.9 ifv(moving)@8.4 main_battle_tank(moving)@7.0 heavy_tank(moving)@3.8 aa_vehicle(moving)@3.9 aa_vehicle(moving)@3.9 shield_generator@9 ammo_dump@10 floodlight_mast@9
ashfield,Defend,1,full,511,heavy_tank,0,6500,325.0,342.0,17.0,58.1,104.4,46.7,118.2,AttackMove,YieldWait,fortress+gate,narrow+nopark,moved,1,ghost,behind ifv#494,gun_pit(fixed)@4.8 titan_tank(moving)@8.3 titan_tank(moving)@4.3 ifv(moving)@5.5 main_battle_tank(moving)@9.2 aa_vehicle(moving)@5.3 aa_vehicle(moving)@9.0 aa_vehicle(moving)@7.3 shield_generator@7
ashfield,Defend,1,full,533,aa_vehicle,0,7290,364.5,373.5,9.0,61.5,105.3,120.9,70.3,AttackMove,BlockedByFriend,fortress+gate,narrow+nopark,moved,0,,aa_vehicle#536 moving,gun_pit(fixed)@5.5 titan_tank(moving)@9.4 heavy_tank(moving)@8.5 heavy_tank(moving)@7.5 siege_tank(moving)@8.9 ifv(moving)@4.7 aa_vehicle(moving)@4.4 shield_generator@7
ashfield,Defend,1,full,508,artillery,0,8430,421.5,431.0,9.5,78.8,84.6,85.0,61.0,Move,BlockedByFriend,fortress,,moved,0,,aa_vehicle#552 moving,titan_tank(moving)@4.2 heavy_tank(moving)@8.8 titan_tank(moving)@6.0 heavy_tank(moving)@7.7 aa_vehicle(moving)@5.6 aa_vehicle(moving)@7.3 ifv(moving)@5.8 aa_vehicle(moving)@2.6 ifv(moving)@8.8 base_wall@6
ashfield,Defend,1,full,491,titan_tank,0,8460,423.0,431.5,8.5,72.8,81.3,70.2,73.7,AttackMove,BlockedByFriend,fortress,road+route,gave up,0,,ifv#554 moving,ew_tower(fixed)@9.8 heavy_tank(moving)@6.9 artillery(moving)@7.2 main_battle_tank(moving)@6.7 aa_vehicle(moving)@6.1 aa_vehicle(moving)@4.9 ifv(moving)@4.8
ashfield,Defend,1,full,440,siege_tank,0,8640,432.0,441.0,9.0,63.6,93.8,76.3,75.6,Move,BlockedByFriend,fortress,,moved,0,,siege_tank#557 moving,gun_pit(fixed)@7.2 heavy_tank(moving)@5.7 main_battle_tank(moving)@9.6 ifv(moving)@7.7 siege_tank(moving)@7.3
ashfield,Defend,1,full,491,titan_tank,0,9050,452.5,461.5,9.0,66.9,88.5,43.4,111.7,AttackMove,BlockedByFriend,fortress,route,moved,0,,heavy_tank#459 moving,heavy_tank(moving)@4.9 ifv(moving)@8.6 siege_tank(moving)@8.8 titan_tank(moving)@9.3 ifv(moving)@5.3 main_battle_tank(moving)@7.6 aa_vehicle(moving)@3.9 aa_vehicle(moving)@8.9 siege_tank(moving)@5.8
ashfield,Defend,1,full,447,siege_tank,0,9660,483.0,494.0,11.0,61.3,88.0,67.4,66.9,Move,BlockedByDefence,fortress,,moved,1,ghost,ew_tower#597 parked,titan_tank(moving)@9.4 ew_tower(fixed)@6.2
ashfield,Defend,1,full,581,aa_vehicle,0,9700,485.0,494.5,9.5,56.2,105.4,50.1,98.7,AttackMove,YieldWait,fortress+gate,narrow+nopark,moved,0,,behind titan_tank#493,gun_pit(fixed)@6.6 heavy_tank(moving)@7.9 titan_tank(moving)@6.2 aa_vehicle(moving)@4.9 shield_generator@6
ashfield,Defend,1,full,552,aa_vehicle,0,9910,495.5,508.0,12.5,55.6,105.6,48.1,117.4,AttackMove,YieldWait,fortress+gate,nopark,moved,0,,behind titan_tank#493,gun_pit(fixed)@7.1 heavy_tank(parked)@4.9 titan_tank(moving)@5.9 heavy_tank(moving)@9.1 shield_generator@6
ashfield,Defend,1,full,493,titan_tank,0,10120,506.0,518.5,12.5,52.7,101.1,72.6,110.3,AttackMove,BlockedByFriend,fortress+gate,nopark,moved,0,,heavy_tank#577 moving,gun_pit(fixed)@7.4 main_battle_tank(moving)@4.4 main_battle_tank(moving)@8.5 aa_vehicle(moving)@5.0 heavy_tank(moving)@4.4 aa_vehicle(moving)@6.8
ashfield,Defend,1,full,580,titan_tank,0,10560,528.0,538.0,10.0,47.0,111.2,37.5,113.8,AttackMove,YieldWait,fortress,,moved,0,,behind ifv#466,heavy_tank(moving)@8.4 ifv(parked)@7.0 main_battle_tank(parked)@7.6 aa_vehicle(moving)@4.9 aa_vehicle(parked)@4.7 heavy_tank(moving)@8.3
ashfield,Defend,2,obstacles,452,siege_tank,0,1020,51.0,62.5,11.5,87.0,100.0,4.3,75.0,Move,BlockedByFriend,fortress,,moved,0,,aa_vehicle#450 moving,heavy_turret(fixed)@9.9 armored_car(parked)@6.2 aa_vehicle(moving)@5.0 base_wall@5
ashfield,Defend,2,obstacles,562,aa_vehicle,0,6970,348.5,357.0,8.5,57.9,105.9,47.7,117.6,AttackMove,YieldWait,fortress+gate,narrow+nopark,moved,0,,behind armored_car#557,gun_pit(fixed)@6.3 main_battle_tank(moving)@5.3 light_tank(parked)@9.8 main_battle_tank(moving)@8.4 light_tank(moving)@8.8 light_tank(parked)@8.6 armored_car(moving)@6.9 scout_jeep(parked)@7.4 aa_vehicle(moving)@8.9 shield_generator@5
ashfield,Endless,1,obstacles,457,titan_tank,0,1590,79.5,93.0,13.5,80.0,99.5,89.5,96.1,Move,OffRoute,fortress,,moved,1,ghost,to (87.0;103.0) past base_wall,aa_vehicle(moving)@5.5 aa_vehicle(moving)@4.9 ifv(moving)@6.9 ifv(moving)@9.6 artillery(moving)@9.9 base_wall@5
ashfield,Endless,1,obstacles,457,titan_tank,0,2040,102.0,117.5,15.5,83.8,102.8,89.5,96.1,Move,YieldWait,fortress,,moved,0,,behind aa_vehicle#447,aa_vehicle(moving)@9.5 aa_vehicle(moving)@6.6 ifv(moving)@3.4 ifv(moving)@5.9 base_wall@7
ashfield,Endless,1,obstacles,486,aa_vehicle,0,3570,178.5,189.5,11.0,89.7,96.4,64.0,22.7,AttackMove,BlockedByFriend,fortress,,moved,0,,heavy_tank#466 moving,heavy_turret(fixed)@5.5 heavy_tank(moving)@4.5 main_battle_tank(moving)@7.9 aa_vehicle(moving)@9.1 titan_tank(moving)@6.3 siege_tank(moving)@5.3 base_wall@6
ashfield,Endless,1,obstacles,442,siege_tank,0,4200,210.0,229.5,19.5,92.0,35.9,62.0,13.9,Move,StalePath,fortress+gate,nopark,moved,1,ghost,leg 2/4 to (89.0;35.0) crosses garage,siege_tank(moving)@6.5 base_wall@6 base_wall@6 floodlight_mast@3
ashfield,Endless,1,obstacles,512,artillery,0,4200,210.0,219.0,9.0,86.9,100.8,93.1,5.3,Move,YieldWait,fortress,,moved,0,,waiting on a yield,aa_vehicle(moving)@6.2 ifv(parked)@6.6 heavy_tank(moving)@9.1 main_battle_tank(moving)@4.6 aa_vehicle(moving)@7.6 heavy_tank(moving)@9.6 base_wall@6
ashfield,Endless,1,obstacles,476,main_battle_tank,0,4490,224.5,236.0,11.5,86.1,101.1,37.2,33.5,AttackMove,BlockedByFriend,fortress,,moved,0,,main_battle_tank#481 moving,aa_vehicle(moving)@6.4 aa_vehicle(moving)@4.1 heavy_tank(moving)@9.9 main_battle_tank(moving)@4.1 aa_vehicle(moving)@5.0 aa_vehicle(moving)@7.6 heavy_tank(moving)@9.7 aa_vehicle(moving)@4.2 artillery(moving)@9.4 heavy_tank(moving)@9.2 base_wall@6
ashfield,Endless,1,obstacles,484,aa_vehicle,0,4530,226.5,236.5,10.0,87.6,106.0,91.0,97.0,Move,BlockedByFriend,fortress,route,moved,0,,aa_vehicle#446 moving,aa_vehicle(moving)@4.6 aa_vehicle(moving)@3.0 heavy_tank(moving)@8.0 main_battle_tank(moving)@4.9 main_battle_tank(moving)@9.6 aa_vehicle(moving)@5.5 aa_vehicle(moving)@7.5 heavy_tank(moving)@9.1
ashfield,Endless,1,obstacles,446,aa_vehicle,0,4960,248.0,257.0,9.0,95.4,102.4,91.0,97.0,Move,BlockedByFriend,fortress,route,moved,0,,aa_vehicle#527 moving,heavy_tank(moving)@4.3 ifv(moving)@4.5 aa_vehicle(moving)@3.7
ashfield,Endless,1,obstacles,501,siege_tank,0,5740,287.0,295.5,8.5,61.3,41.8,93.0,79.0,Move,StalePath,fortress+gate,nopark,moved,0,,leg 2/5 to (61.0;43.0) crosses dragons_teeth(defence),dragons_teeth(fixed)@6.6 fortress_gate@10
ashfield,Endless,1,obstacles,481,main_battle_tank,0,6070,303.5,323.5,20.0,64.0,112.0,46.7,118.2,AttackMove,GateWait,fortress,,moved,2,ghost+hop,doorway 0,ifv(moving)@7.8 shield_generator@6 ammo_dump@6
ashfield,Endless,1,obstacles,466,heavy_tank,0,6530,326.5,335.5,9.0,39.0,97.6,64.1,99.1,AttackMove,BlockedByFriend,fortress,,moved,0,,heavy_tank#505 moving,siege_tank(moving)@8.6 heavy_tank(moving)@4.2 heavy_tank(moving)@9.3 ifv(moving)@8.0
ashfield,Endless,1,obstacles,481,main_battle_tank,0,6660,333.0,344.0,11.0,56.3,106.0,46.7,118.2,AttackMove,YieldWait,fortress+gate,narrow+nopark,moved,1,hop,behind titan_tank#485,gun_pit(fixed)@7.0 titan_tank(moving)@5.5 titan_tank(moving)@4.0 aa_vehicle(moving)@9.3 aa_vehicle(moving)@4.6 aa_vehicle(moving)@8.5 shield_generator@5
ashfield,Endless,1,obstacles,557,aa_vehicle,0,6660,333.0,343.5,10.5,60.9,105.8,51.8,114.8,AttackMove,YieldWait,fortress+gate,narrow+nopark,moved,1,ghost,behind main_battle_tank#481,gun_pit(fixed)@5.8 titan_tank(moving)@10.0 main_battle_tank(moving)@4.6 titan_tank(moving)@7.4 ifv(moving)@9.0 aa_vehicle(moving)@6.0 shield_generator@6
ashfield,Endless,1,obstacles,443,siege_tank,0,6790,339.5,348.0,8.5,55.6,93.6,24.8,83.0,Move,BlockedByFriend,fortress+gate,nopark,moved,0,,siege_tank#442 moving,gun_pit(fixed)@7.7 siege_tank(moving)@6.0 titan_tank(moving)@6.1 gun_pit(fixed)@7.8
ashfield,Endless,1,obstacles,442,siege_tank,0,6850,342.5,351.5,9.0,48.7,92.0,47.0,103.9,Move,BlockedByFriend,fortress,,moved,0,,heavy_tank#505 parked,siege_tank(moving)@5.9 titan_tank(parked)@7.9 heavy_tank(parked)@4.6 heavy_tank(parked)@8.2 aa_vehicle(parked)@9.4
ashfield,Endless,2,light,461,main_battle_tank,0,3230,161.5,170.0,8.5,99.9,114.3,125.0,115.0,AttackMove,YieldWait,fortress,,moved,0,,behind armored_car#491,ifv(moving)@9.3 light_tank(moving)@2.4 light_tank(parked)@9.7 light_tank(parked)@7.5 ifv(moving)@3.7 mlrs(moving)@6.6
ashfield,Endless,2,light,461,main_battle_tank,0,3490,174.5,184.0,9.5,104.2,112.9,125.0,115.0,AttackMove,BlockedByFriend,fortress,,moved,0,,ifv#475 moving,aa_vehicle(moving)@9.9 light_tank(moving)@9.9 light_tank(moving)@5.7 light_tank(parked)@7.1 ifv(moving)@3.8 mlrs(parked)@7.4 aa_vehicle(parked)@9.0 aa_vehicle(moving)@6.1 main_battle_tank(parked)@5.8
ashfield,Endless,2,light,465,ifv,0,3490,174.5,185.0,10.5,127.7,106.3,112.3,111.8,AttackMove,BlockedByFriend,fortress,,moved,0,,scout_jeep#478 moving,ifv(moving)@5.2 light_tank(moving)@3.0 main_battle_tank(moving)@6.1 scout_jeep(moving)@2.8 scout_jeep(moving)@3.2 armored_car(moving)@6.7 armored_car(moving)@9.2 base_wall@7 base_wall@8
ashfield,Endless,2,light,478,scout_jeep,0,3490,174.5,185.0,10.5,124.7,105.4,113.6,125.5,AttackMove,YieldWait,fortress,,moved,1,ghost,behind mobile_fortress#467,ifv(moving)@6.6 ifv(moving)@3.2 light_tank(moving)@3.1 main_battle_tank(moving)@5.4 ifv(moving)@9.3 scout_jeep(moving)@5.5 armored_car(moving)@6.9 armored_car(moving)@9.7 base_wall@9
ashfield,Endless,2,light,475,ifv,0,3510,175.5,185.5,10.0,106.8,117.2,125.0,115.0,AttackMove,YieldWait,fortress,,moved,1,ghost,behind mobile_fortress#467,main_battle_tank(moving)@3.5 light_tank(moving)@4.5 light_tank(moving)@3.6 light_tank(parked)@4.1 aa_vehicle(moving)@7.2
ashfield,Endless,2,light,474,main_battle_tank,0,3630,181.5,190.5,9.0,119.1,116.0,92.0,126.6,AttackMove,YieldWait,fortress,,moved,0,,behind mobile_fortress#467,light_tank(parked)@6.7 main_battle_tank(moving)@8.5 ifv(moving)@8.0 scout_jeep(moving)@3.3 scout_jeep(moving)@9.0 armored_car(moving)@8.3 armored_car(moving)@6.4
ashfield,Endless,2,light,499,aa_vehicle,0,3990,199.5,208.0,8.5,98.4,114.1,95.0,106.1,Move,BlockedByFriend,fortress,,moved,0,,mobile_fortress#467 moving,light_tank(moving)@6.3 light_tank(moving)@9.9 main_battle_tank(moving)@9.8 ifv(moving)@4.7 aa_vehicle(moving)@7.8
ashfield,Endless,2,light,475,ifv,0,4260,213.0,222.0,9.0,83.4,116.5,106.8,123.1,AttackMove,BlockedByFriend,fortress,,moved,0,,mobile_fortress#467 moving,siege_tank(moving)@5.7 ifv(moving)@7.5 aa_vehicle(moving)@4.1 elite_heavy_tank(moving)@9.6
ashfield,Endless,2,light,473,main_battle_tank,0,4500,225.0,233.5,8.5,93.9,102.3,90.6,89.4,AttackMove,BlockedByFriend,fortress,,moved,0,,main_battle_tank#518 moving,siege_tank(moving)@6.3 mobile_fortress(parked)@8.3 elite_heavy_tank(moving)@8.2 main_battle_tank(moving)@5.8 main_battle_tank(moving)@4.1
ashfield,Endless,2,light,521,elite_heavy_tank,0,5410,270.5,280.5,10.0,113.3,119.5,125.0,115.0,AttackMove,YieldWait,fortress,,moved,0,,behind main_battle_tank#473,light_tank(parked)@9.1 light_tank(parked)@9.0 main_battle_tank(moving)@6.0 aa_vehicle(parked)@8.8 main_battle_tank(moving)@9.8 aa_vehicle(parked)@5.1 main_battle_tank(moving)@6.9 scout_jeep(moving)@6.4
ashfield,Weekly,1,light,462,elite_heavy_tank,1,5010,250.5,262.5,12.0,87.3,101.3,125.0,115.0,AttackMove,BlockedByFriend,fortress,,moved,0,,heavy_tank#446 moving,command_vehicle(moving)@4.7 heavy_tank(moving)@5.6
ashfield,Weekly,1,light,457,twin_tank,1,8590,429.5,438.0,8.5,118.6,112.7,125.0,115.0,AttackMove,BlockedByFriend,fortress,,gave up,0,,sapper#485 moving,heavy_tank(moving)@5.7 elite_heavy_tank(moving)@9.3 sapper(moving)@3.1 ew_jammer(moving)@9.2 main_battle_tank(moving)@6.6
ashfield,Weekly,1,light,462,elite_heavy_tank,1,11130,556.5,567.5,11.0,128.9,110.4,104.0,126.0,AttackMove,BlockedByFriend,fortress,,moved,1,ghost,heavy_tank#446 moving,heavy_tank(moving)@4.4 twin_tank(parked)@5.7 elite_heavy_tank(moving)@9.4 wheeled_gun(moving)@6.2 vbied(parked)@5.9 base_wall@8 base_wall@5
ashfield,Weekly,2,full,484,ammo_carrier,1,3850,192.5,201.5,9.0,71.7,105.5,75.5,98.1,Move,BlockedByFriend,fortress,road,moved,0,,ammo_carrier#486 moving,fpv_carrier(moving)@6.2 ammo_carrier(moving)@6.5 ammo_carrier(moving)@9.6 ammo_carrier(moving)@4.8 rocket_technical(moving)@3.3 rocket_technical(parked)@8.3
ashfield,Weekly,2,full,485,siege_tank,0,4620,231.0,243.5,12.5,51.3,34.8,57.6,52.3,Move,YieldWait,fortress,,moved,0,,behind siege_tank#458,siege_tank(moving)@9.5 floodlight_mast@8
ashfield,Weekly,2,full,483,ammo_carrier,1,5720,286.0,296.0,10.0,91.2,101.5,76.0,101.3,Move,BlockedByFriend,fortress,,moved,0,,fpv_carrier#472 moving,scout_jeep(moving)@6.3 fpv_carrier(moving)@4.1 fpv_carrier(moving)@6.5 ammo_carrier(moving)@6.1 flame_tank(moving)@8.3 rocket_technical(moving)@3.7 base_wall@10
ashfield,Weekly,2,full,482,ammo_carrier,1,5970,298.5,307.5,9.0,77.4,97.7,71.2,92.0,Move,YieldWait,fortress,route,gave up,0,,behind smoke_carrier#453,smoke_carrier(moving)@5.0 scout_jeep(moving)@7.8 twin_tank(moving)@7.2 fpv_carrier(moving)@8.9 ammo_carrier(parked)@6.2 ammo_carrier(moving)@7.1 rocket_technical(moving)@3.2 base_wall@6
ashfield,Weekly,2,full,527,elite_heavy_tank,1,6150,307.5,318.5,11.0,66.3,105.4,125.0,115.0,AttackMove,BlockedByFriend,fortress+gate,nopark,moved,1,ghost,smoke_carrier#453 moving,gun_turret(fixed)@8.3 smoke_carrier(moving)@5.3 fpv_carrier(parked)@5.5 ammo_carrier(moving)@9.6 ammo_carrier(parked)@5.5 ammo_carrier(moving)@8.2 ammo_carrier(moving)@6.3 rocket_technical(parked)@5.9 rocket_technical(parked)@9.3 rocket_technical(parked)@8.6 rocket_technical(moving)@8.2 rocket_technical(parked)@6.1
ashfield,Weekly,2,full,501,flame_tank,1,6170,308.5,318.0,9.5,77.8,109.7,86.5,60.9,AttackMove,BlockedByFriend,fortress,,moved,0,,heavy_rocket_artillery#474 moving,smoke_carrier(moving)@7.9 fpv_carrier(moving)@7.1 fpv_carrier(parked)@9.4 heavy_rocket_artillery(moving)@3.3 ammo_carrier(moving)@7.7 ammo_carrier(moving)@5.8 ammo_carrier(moving)@6.8
ashfield,Weekly,2,full,453,smoke_carrier,1,6380,319.0,329.5,10.5,74.1,109.2,92.3,64.0,AttackMove,BlockedByFriend,fortress,,moved,0,,ammo_carrier#486 moving,fpv_carrier(moving)@9.9 ammo_carrier(moving)@7.0 ammo_carrier(moving)@8.5 ammo_carrier(moving)@8.5 ammo_carrier(moving)@3.2 flame_tank(moving)@4.7 ew_jammer(moving)@8.5
ashfield,Weekly,2,full,549,counter_battery_radar,1,7320,366.0,375.0,9.0,64.1,80.8,73.3,83.4,Move,BlockedByFriend,fortress,,moved,0,,command_vehicle#459 moving,command_vehicle(moving)@4.3 twin_tank(moving)@5.4 ammo_carrier(moving)@7.4 ammo_carrier(moving)@8.8 rocket_technical(moving)@4.9 rocket_technical(moving)@6.7 rocket_technical(moving)@7.8 rocket_technical(moving)@9.7 ew_jammer(moving)@5.8 counter_battery_radar(moving)@8.8 counter_battery_radar(moving)@6.5
ironport,Defend,1,obstacles,516,main_battle_tank,0,3360,168.0,177.0,9.0,86.0,96.2,71.0,59.9,AttackMove,OffRoute,fortress,,moved,1,ghost,to (85.0;103.0) past base_wall,heavy_turret(fixed)@7.2 heavy_tank(moving)@7.1 aa_vehicle(moving)@7.4 aa_vehicle(moving)@4.6 aa_vehicle(moving)@9.7 base_wall@9 base_wall@3
ironport,Defend,1,obstacles,535,aa_vehicle,0,3490,174.5,185.5,11.0,86.0,99.5,62.5,65.6,AttackMove,BlockedByFriend,fortress,,moved,1,ghost,aa_vehicle#534 moving,heavy_turret(fixed)@9.9 heavy_tank(moving)@9.2 aa_vehicle(moving)@3.4 aa_vehicle(moving)@4.7 siege_tank(moving)@9.9 base_wall@4
ironport,Defend,1,obstacles,532,aa_vehicle,0,3890,194.5,205.0,10.5,56.1,67.8,51.6,73.4,AttackMove,BlockedByFriend,fortress,,moved,0,,aa_vehicle#533 moving,dragons_teeth(fixed)@9.8 main_battle_tank(parked)@6.6 aa_vehicle(moving)@3.3 aa_vehicle(parked)@4.8 aa_vehicle(parked)@5.9 aa_vehicle(moving)@4.4 aa_vehicle(parked)@7.5
ironport,Defend,1,obstacles,537,siege_tank,0,4190,209.5,218.5,9.0,52.9,100.0,79.0,91.0,Move,StalePath,fortress+gate,nopark,moved,0,,leg 2/4 to (55.0;99.0) crosses ammo_dump,gun_pit(fixed)@7.1 ammo_dump@6 floodlight_mast@8
ironport,Defend,1,obstacles,478,titan_tank,0,4260,213.0,222.5,9.5,47.9,86.0,32.9,43.5,AttackMove,BlockedByDefence,fortress+gate,narrow+nopark,moved,0,,gun_pit#455 parked,gun_pit(fixed)@6.1 aa_vehicle(moving)@4.1 aa_vehicle(moving)@9.9 base_wall@10 base_wall@8 ammo_dump@10
ironport,Defend,1,obstacles,502,heavy_tank,0,6880,344.0,353.0,9.0,58.7,67.3,63.2,53.2,AttackMove,BlockedByFriend,fortress,,moved,0,,heavy_tank#550 moving,heavy_tank(parked)@8.5 heavy_tank(moving)@4.9 ifv(moving)@6.0 titan_tank(parked)@8.8 aa_vehicle(parked)@6.8 aa_vehicle(parked)@5.5 aa_vehicle(moving)@9.1 ifv(parked)@8.0 aa_vehicle(moving)@9.9
ironport,Defend,1,obstacles,502,heavy_tank,0,7090,354.5,363.5,9.0,62.1,67.6,63.2,53.2,AttackMove,BlockedByFriend,fortress,,moved,0,,ifv#577 parked,heavy_tank(moving)@9.4 heavy_tank(parked)@6.2 titan_tank(parked)@5.6 aa_vehicle(parked)@9.6 aa_vehicle(parked)@7.9 aa_vehicle(parked)@6.5 ifv(parked)@7.3 aa_vehicle(parked)@8.6 aa_vehicle(moving)@6.7
ironport,Defend,1,obstacles,584,heavy_rocket_artillery,1,7690,384.5,393.0,8.5,-26.7,-22.2,-22.7,0.4,Move,Unknown,field,,moved,0,,speed 1.9 strikes 0,jersey_barrier@7
ironport,Defend,1,obstacles,502,heavy_tank,0,9320,466.0,477.5,11.5,60.5,104.3,113.2,64.7,AttackMove,BlockedByFriend,fortress,,moved,0,,artillery#606 moving,artillery(moving)@7.1 aa_vehicle(moving)@6.4 gun_pit(fixed)@4.3
ironport,Endless,1,light,446,titan_tank,0,4830,241.5,253.5,12.0,125.5,103.9,95.7,109.9,AttackMove,BlockedByFriend,fortress,,moved,0,,mobile_fortress#506 parked,base_wall@8
ironport,Endless,1,light,550,elite_heavy_tank,0,5170,258.5,268.5,10.0,107.6,119.2,125.0,115.0,AttackMove,OffRoute,fortress,,moved,0,,to (125.0;115.0) past command_hq,aa_vehicle(moving)@6.1 titan_tank(moving)@4.2 ifv(moving)@5.1
ironport,Endless,1,light,550,elite_heavy_tank,0,5600,280.0,289.5,9.5,112.3,127.7,125.0,115.0,AttackMove,BlockedByFriend,fortress,,moved,0,,ifv#525 parked,aa_vehicle(parked)@6.0 titan_tank(moving)@8.7 ifv(parked)@4.9 elite_mbt(parked)@7.8 base_wall@6
ironport,Endless,1,light,519,titan_tank,0,5820,291.0,300.0,9.0,110.2,116.6,125.0,115.0,AttackMove,BlockedByFriend,fortress,,moved,0,,ifv#504 moving,heavy_tank(moving)@6.5 ifv(moving)@5.1 titan_tank(moving)@7.8 ifv(parked)@9.6 elite_mbt(moving)@5.6 elite_heavy_tank(moving)@7.1 main_battle_tank(moving)@3.9
ironport,Endless,1,light,550,elite_heavy_tank,0,6060,303.0,312.0,9.0,107.7,118.1,125.0,115.0,AttackMove,BlockedByFriend,fortress,,moved,0,,main_battle_tank#552 parked,titan_tank(moving)@6.2 titan_tank(parked)@9.4 ifv(parked)@8.7 ifv(parked)@7.2 elite_mbt(moving)@6.2 main_battle_tank(parked)@5.0 ifv(moving)@6.6
ironport,Endless,1,light,552,main_battle_tank,0,6720,336.0,346.5,10.5,105.4,130.0,101.2,141.9,AttackMove,YieldWait,fortress,,moved,0,,behind titan_tank#505,titan_tank(moving)@8.7 ifv(moving)@4.4 aa_vehicle(moving)@8.0 base_wall@4
ironport,Endless,2,full,491,aa_vehicle,0,930,46.5,58.0,11.5,99.8,88.7,25.0,17.0,AttackMove,BlockedByFriend,fortress,,moved,1,ghost,light_tank#494 moving,missile_battery(fixed)@9.1 airfield(fixed)@5.0 aa_vehicle(moving)@6.5 light_tank(moving)@3.5 base_wall@7 base_wall@7
ironport,Endless,2,full,494,light_tank,0,1030,51.5,60.0,8.5,105.3,89.0,91.0,99.0,Move,BlockedByDefence,fortress,,moved,0,,airfield#450 parked,airfield(fixed)@4.2 aa_vehicle(moving)@9.1 base_wall@6 fortress_gate@9
ironport,Endless,2,full,506,aa_vehicle,0,2160,108.0,116.5,8.5,9.8,64.7,0.7,56.9,AttackMove,BlockedByFriend,fortress,,moved,0,,aa_vehicle#488 moving,main_battle_tank(moving)@4.9 main_battle_tank(parked)@9.5 aa_vehicle(moving)@4.5 armored_car(moving)@6.3 radar_station@7
ironport,Endless,2,full,518,siege_tank,0,4840,242.0,256.5,14.5,98.0,34.8,79.0,91.0,Move,BlockedByObstacle,fortress+gate,nopark,moved,1,ghost,wreck_car,wreck_car@7 base_wall@6 base_wall@8 floodlight_mast@4
ironport,Endless,2,full,603,scout_jeep,0,5720,286.0,295.5,9.5,100.8,96.4,99.0,89.0,Move,YieldWait,fortress,,gave up,0,,behind aa_vehicle#618,airfield(fixed)@4.5 main_battle_tank(moving)@6.5 aa_vehicle(moving)@7.4 aa_vehicle(moving)@6.4 ifv(moving)@6.9 aa_vehicle(moving)@3.2 aa_vehicle(moving)@3.4 aa_vehicle(moving)@9.0 light_tank(parked)@5.6
ironport,Endless,2,full,593,aa_vehicle,0,5930,296.5,305.5,9.0,98.3,95.4,57.0,111.0,AttackMove,BlockedByFriend,fortress,,moved,0,,scout_jeep#617 moving,missile_battery(fixed)@8.5 airfield(fixed)@5.5 aa_vehicle(moving)@9.6 ifv(moving)@7.6 scout_jeep(moving)@4.5 scout_jeep(moving)@3.4 aa_vehicle(moving)@7.1 light_tank(moving)@7.3
ironport,Endless,2,full,618,aa_vehicle,0,5960,298.0,309.5,11.5,101.6,99.2,57.0,111.0,AttackMove,BlockedByFriend,fortress,,moved,1,ghost,light_tank#626 moving,airfield(fixed)@6.9 aa_vehicle(moving)@7.7 aa_vehicle(moving)@6.0 ifv(moving)@3.5 scout_jeep(moving)@5.6 scout_jeep(moving)@3.9 light_tank(moving)@3.0
ironport,Endless,2,full,654,siege_tank,0,7100,355.0,366.0,11.0,98.1,88.8,108.0,87.2,Move,BlockedByDefence,fortress,,gave up,0,,airfield#450 parked,missile_battery(fixed)@7.4 airfield(fixed)@6.2 ifv(moving)@7.2 base_wall@6 base_wall@8
ironport,Endless,2,full,654,siege_tank,0,7330,366.5,378.0,11.5,100.2,86.1,63.0,95.2,Move,BlockedByFriend,fortress,,moved,1,ghost,ifv#660 moving,airfield(fixed)@7.0 ifv(moving)@5.1 base_wall@5 base_wall@5
ironport,Endless,2,full,660,ifv,0,7360,368.0,378.0,10.0,98.8,90.3,86.0,107.0,Move,BlockedByFriend,fortress,,moved,0,,siege_tank#654 moving,missile_battery(fixed)@7.8 airfield(fixed)@4.8 siege_tank(moving)@4.2 base_wall@7 base_wall@9
ironport,Endless,2,full,593,aa_vehicle,0,7690,384.5,393.0,8.5,24.0,116.8,51.0,117.0,AttackMove,BlockedByFriend,fortress,,moved,0,,ifv#597 moving,main_battle_tank(moving)@8.1 armored_car(moving)@8.6 aa_vehicle(moving)@9.6 ifv(moving)@3.3 light_tank(moving)@9.9 main_battle_tank(moving)@4.2
ironport,Weekly,1,full,505,titan_tank,0,1470,73.5,83.0,9.5,-94.6,-91.4,-13.0,13.0,AttackMove,YieldWait,camp0,route,moved,0,,waiting on a yield,armored_bulldozer(moving)@7.3 armored_bulldozer(moving)@5.0 armored_bulldozer(moving)@8.8
ironport,Weekly,1,full,578,mobile_fortress,1,7050,352.5,365.5,13.0,119.2,107.4,97.0,93.0,Move,Unknown,fortress,,moved,1,ghost,speed 1.4 strikes 0,
ironport,Weekly,1,full,544,armored_car,1,7660,383.0,392.0,9.0,95.9,100.1,97.6,88.6,Move,YieldWait,fortress,,moved,0,,behind sapper#572,heavy_rocket_artillery(moving)@5.7 twin_tank(moving)@4.1 twin_tank(moving)@8.9 sapper(moving)@6.7
ironport,Weekly,1,full,514,twin_tank,1,8450,422.5,432.5,10.0,92.4,97.7,35.7,0.0,AttackMove,YieldWait,fortress,,moved,0,,behind sapper#572,heavy_turret(fixed)@6.8 twin_tank(moving)@4.1 scout_jeep(moving)@7.3 sapper(moving)@7.0 mine_layer(moving)@6.9 flame_tank(moving)@7.2 base_wall@9
ironport,Weekly,1,full,566,bmpt,1,8630,431.5,440.5,9.0,106.8,89.1,47.4,4.8,AttackMove,BlockedByFriend,fortress,,moved,0,,scout_jeep#547 moving,airfield(fixed)@5.1 scout_jeep(moving)@3.1 mine_layer(moving)@9.3 flame_tank(moving)@6.5 base_wall@6 fortress_gate@8
ironport,Weekly,1,full,578,mobile_fortress,1,9330,466.5,476.0,9.5,115.8,101.6,97.0,91.0,Move,BlockedByFriend,fortress,,moved,0,,mine_layer#584 moving,flame_tank(moving)@7.4
ironport,Weekly,1,full,586,flame_tank,1,9470,473.5,483.0,9.5,117.8,108.7,107.0,91.1,Move,YieldWait,fortress,,moved,0,,behind mobile_fortress#578,
ironport,Weekly,1,full,584,mine_layer,1,9590,479.5,488.5,9.0,98.9,97.6,118.6,115.1,AttackMove,BlockedByFriend,fortress,,moved,0,,bmpt#566 moving,airfield(fixed)@6.6 twin_tank(moving)@6.7 bmpt(moving)@4.5 mobile_fortress(moving)@9.4 wheeled_gun(moving)@3.8
ironport,Weekly,1,full,566,bmpt,1,9850,492.5,502.5,10.0,87.5,99.8,125.0,115.0,AttackMove,BlockedByFriend,fortress,,moved,0,,mine_layer#584 moving,heavy_turret(fixed)@9.4 counter_battery_radar(moving)@7.9 ew_jammer(moving)@6.8 mine_layer(moving)@4.6 base_wall@6
ironport,Weekly,1,full,566,bmpt,1,10920,546.0,556.5,10.5,102.1,106.2,80.5,103.3,AttackMove,BlockedByFriend,fortress,,moved,0,,mobile_fortress#578 moving,ammo_carrier(parked)@7.1 command_vehicle(moving)@9.1 mobile_fortress(moving)@7.8 mine_layer(moving)@5.1 rocket_technical(parked)@6.3 rocket_technical(parked)@3.3
ironport,Weekly,1,full,572,sapper,1,11030,551.5,566.0,14.5,105.5,122.5,118.0,114.1,AttackMove,YieldWait,fortress+gate,nopark,moved,0,,behind mobile_fortress#578,gun_pit(fixed)@6.5 twin_tank(moving)@7.7 mobile_fortress(moving)@9.4
ironport,Weekly,1,full,566,bmpt,1,11670,583.5,594.5,11.0,104.0,96.6,117.1,107.2,AttackMove,BlockedByFriend,fortress,,moved,1,ghost,counter_battery_radar#548 parked,airfield(fixed)@4.2 counter_battery_radar(parked)@3.7 railgun_truck(parked)@6.5 ew_jammer(parked)@8.0 rocket_technical(parked)@8.2 rocket_technical(parked)@5.0 artillery(moving)@4.6
ironport,Weekly,2,obstacles,506,scout_jeep,1,7390,369.5,378.5,9.0,94.6,121.9,125.8,142.4,AttackMove,YieldWait,fortress,,moved,0,,behind mobile_fortress#578,drone_hangar(fixed)@6.4 shahed_truck(moving)@8.1 counter_battery_radar(parked)@7.2 sapper(moving)@4.8 mobile_fortress(moving)@9.6
ironport,Weekly,2,obstacles,513,shahed_truck,1,8730,436.5,445.5,9.0,83.6,104.9,88.9,117.9,Move,BlockedByFriend,fortress,,moved,0,,heavy_rocket_artillery#512 moving,scout_jeep(moving)@9.2 heavy_rocket_artillery(moving)@3.8 rocket_technical(moving)@4.6
ironport,Weekly,2,obstacles,544,rocket_technical,1,8760,438.0,449.5,11.5,78.6,107.2,97.5,105.7,Move,YieldWait,fortress,,moved,1,ghost,behind shahed_truck#513,shahed_truck(moving)@4.1
ironport,Weekly,2,obstacles,505,command_vehicle,1,8810,440.5,451.0,10.5,103.2,105.6,93.5,111.0,Move,BlockedByFriend,fortress,route,moved,1,ghost,ew_jammer#550 moving,scout_jeep(moving)@5.7 flame_tank(moving)@6.2 ammo_carrier(moving)@6.2 mine_layer(moving)@4.8 counter_battery_radar(moving)@8.4 rocket_technical(moving)@9.6 engineer_vehicle(moving)@9.2 ew_jammer(moving)@5.1 thermobaric_launcher(moving)@8.5 vbied(moving)@9.2
ironport,Weekly,2,obstacles,625,vbied,1,9510,475.5,489.5,14.0,86.3,121.2,112.1,144.0,Move,BlockedByFriend,fortress,,moved,0,,twin_tank#519 moving,drone_hangar(fixed)@8.2 flame_tank(moving)@8.6 twin_tank(moving)@4.1 sapper(moving)@7.2 mobile_fortress(moving)@8.9 ew_jammer(moving)@8.7 thermobaric_launcher(moving)@4.3
ironport,Weekly,2,obstacles,519,twin_tank,1,9630,481.5,490.5,9.0,85.9,118.2,77.0,137.0,AttackMove,BlockedByFriend,fortress,,moved,0,,vbied#625 moving,scout_jeep(moving)@8.5 ammo_carrier(moving)@5.5 sapper(moving)@7.0 rocket_technical(moving)@6.9 ew_jammer(parked)@6.4 mobile_fortress(moving)@7.9 thermobaric_launcher(moving)@4.3 vbied(moving)@4.8
ironport,Weekly,2,obstacles,609,heavy_rocket_artillery,1,9920,496.0,505.5,9.5,75.8,104.0,88.7,108.4,Move,BlockedByFriend,fortress,,moved,0,,rocket_technical#544 moving,heavy_rocket_artillery(moving)@8.1 shahed_truck(moving)@4.9 rocket_technical(moving)@3.4 engineer_vehicle(moving)@8.7
ironport,Weekly,2,obstacles,596,thermobaric_launcher,1,10000,500.0,510.5,10.5,95.0,113.3,79.3,109.2,Move,BlockedByFriend,fortress,road,moved,0,,counter_battery_radar#535 moving,scout_jeep(moving)@7.3 command_vehicle(moving)@9.4 ammo_carrier(moving)@5.7 ammo_carrier(moving)@5.3 counter_battery_radar(moving)@3.0 rocket_technical(moving)@8.9 engineer_vehicle(moving)@9.3 ew_jammer(moving)@6.1
ironport,Weekly,2,obstacles,549,sapper,1,10140,507.0,516.0,9.0,90.6,105.1,114.8,147.2,AttackMove,BlockedByFriend,fortress,,moved,0,,command_vehicle#505 moving,command_vehicle(moving)@5.0 counter_battery_radar(parked)@7.8 rocket_technical(moving)@6.5 engineer_vehicle(moving)@7.2 ew_jammer(moving)@9.1 thermobaric_launcher(moving)@8.0 heavy_rocket_artillery(parked)@4.0 vbied(moving)@8.5
metrocity,Defend,1,light,371,titan_tank,0,3660,183.0,193.0,10.0,69.0,96.8,110.5,117.1,AttackMove,BlockedByFriend,fortress,road,gave up,0,,heavy_tank#380 moving,heavy_tank(moving)@4.5 artillery(moving)@9.7 siege_tank(moving)@8.0 siege_tank(parked)@5.5
metrocity,Defend,1,light,403,ifv,0,4210,210.5,221.0,10.5,116.9,111.2,125.0,115.0,AttackMove,BlockedByFriend,fortress,,moved,1,ghost,aa_vehicle#400 moving,heavy_tank(moving)@8.2 titan_tank(moving)@6.3 aa_vehicle(moving)@4.7 aa_vehicle(parked)@7.7 ifv(parked)@8.4 aa_vehicle(moving)@7.0
metrocity,Defend,1,light,400,aa_vehicle,0,4230,211.5,221.5,10.0,119.9,107.5,125.0,115.0,AttackMove,BlockedByFriend,fortress,,moved,0,,ifv#403 moving,heavy_tank(moving)@6.8 titan_tank(parked)@6.2 ifv(moving)@4.7 aa_vehicle(parked)@4.7 main_battle_tank(moving)@9.9 aa_vehicle(parked)@9.7
metrocity,Defend,1,light,371,titan_tank,0,4460,223.0,232.0,9.0,80.0,101.0,88.0,99.7,Move,BlockedByFriend,fortress,,gave up,0,,siege_tank#422 moving,siege_tank(moving)@9.2 siege_tank(moving)@5.3 siege_tank(moving)@5.3 siege_tank(moving)@9.5
metrocity,Defend,1,light,405,heavy_tank,0,4740,237.0,246.5,9.5,86.2,114.0,75.8,119.9,AttackMove,BlockedByFriend,fortress,road,moved,0,,heavy_tank#393 parked,siege_tank(moving)@10.0 heavy_tank(parked)@6.5 siege_tank(moving)@7.1
metrocity,Defend,1,light,450,ifv,0,4870,243.5,252.0,8.5,97.9,113.3,93.3,101.3,Move,YieldWait,fortress,road,moved,0,,waiting on a yield,titan_tank(moving)@5.7 siege_tank(moving)@6.3 aa_vehicle(parked)@7.4 elite_heavy_tank(moving)@8.2
metrocity,Defend,1,light,453,artillery,0,6710,335.5,345.5,10.0,79.2,100.5,97.2,101.4,Move,YieldWait,fortress,,gave up,0,,behind mobile_fortress#419,mobile_fortress(parked)@9.4
metrocity,Defend,1,light,405,heavy_tank,0,7290,364.5,377.5,13.0,101.0,130.0,112.1,142.7,AttackMove,YieldWait,fortress,,moved,0,,behind elite_heavy_tank#446,heavy_tank(moving)@9.6 elite_heavy_tank(moving)@6.5 base_wall@6 base_wall@5
metrocity,Defend,1,light,405,heavy_tank,0,7740,387.0,396.4,9.4,108.5,122.5,112.1,142.7,AttackMove,YieldWait,fortress,,open,0,,waiting on a yield,siege_tank(moving)@7.9 siege_tank(moving)@5.3 main_battle_tank(moving)@9.8 elite_heavy_tank(moving)@4.9 elite_mbt(moving)@6.1 aa_vehicle(moving)@4.5 ifv(moving)@8.1
metrocity,Defend,2,full,411,aa_vehicle,0,1250,62.5,72.0,9.5,87.9,102.3,79.0,104.8,AttackMove,BlockedByFriend,fortress,,moved,0,,aa_vehicle#413 moving,scout_jeep(moving)@2.8 aa_vehicle(moving)@3.5 aa_vehicle(moving)@4.1 light_tank(moving)@4.7 ifv(moving)@5.0 base_wall@8
metrocity,Defend,2,full,420,siege_tank,0,2260,113.0,121.5,8.5,27.8,13.3,9.0,45.0,Move,Unknown,fortress,road+route,moved,0,,speed 2.2 strikes 0,minefield(fixed)@6.5
metrocity,Defend,2,full,475,aa_vehicle,0,3570,178.5,191.0,12.5,106.7,95.9,91.0,99.0,Move,BlockedByFriend,fortress,,moved,0,,light_tank#453 moving,airfield(fixed)@5.0 light_tank(moving)@3.1 ifv(moving)@6.6 ifv(parked)@9.0 aa_vehicle(moving)@3.1 aa_vehicle(moving)@6.4 aa_vehicle(moving)@6.4 aa_vehicle(moving)@9.0
metrocity,Defend,2,full,505,light_tank,0,5110,255.5,265.5,10.0,98.5,92.5,69.2,56.4,AttackMove,BlockedByFriend,fortress,,moved,0,,scout_jeep#506 moving,missile_battery(fixed)@7.7 airfield(fixed)@4.5 main_battle_tank(moving)@3.2 aa_vehicle(moving)@6.7 main_battle_tank(moving)@7.0 scout_jeep(moving)@3.0 base_wall@9
metrocity,Defend,2,full,470,aa_vehicle,0,5150,257.5,267.0,9.5,103.1,97.1,69.2,56.4,AttackMove,YieldWait,fortress,,moved,0,,waiting on a yield,airfield(fixed)@4.6 scout_jeep(moving)@3.7 main_battle_tank(moving)@3.1 light_tank(moving)@7.7 scout_jeep(moving)@7.1 armored_car(parked)@4.4
metrocity,Defend,2,full,420,siege_tank,0,5310,265.5,275.0,9.5,90.0,78.2,77.5,95.3,Move,Unknown,fortress,,moved,0,,speed 0.7 strikes 1,base_wall@6 base_wall@8 floodlight_mast@8
metrocity,Defend,2,full,497,thermobaric_launcher,1,5890,294.5,303.0,8.5,-2.3,-22.6,-93.3,-110.6,Move,BlockedByFriend,field,,moved,0,,ammo_carrier#416 moving,ammo_carrier(moving)@6.5 barricade@7
metrocity,Defend,2,full,535,ifv,0,7990,399.5,408.5,9.0,122.1,56.1,126.2,21.4,AttackMove,BlockedByFriend,fortress,,moved,0,,aa_vehicle#537 moving,missile_battery(fixed)@9.1 armored_car(moving)@5.4 main_battle_tank(moving)@9.8 ifv(moving)@7.7 scout_jeep(moving)@2.4 scout_jeep(moving)@2.7 aa_vehicle(moving)@5.0 armored_car(moving)@5.6 armored_car(moving)@9.0 armored_car(moving)@5.6 aa_vehicle(moving)@4.3
metrocity,Defend,2,full,559,light_tank,0,8510,425.5,434.0,8.5,118.7,52.1,110.6,65.2,AttackMove,BlockedByFriend,fortress,,moved,0,,main_battle_tank#504 moving,scout_jeep(moving)@8.6 light_tank(moving)@3.6 main_battle_tank(moving)@4.2 armored_car(parked)@9.6 ifv(moving)@6.5 aa_vehicle(parked)@6.7 aa_vehicle(moving)@4.3 ifv(moving)@9.1 shield_generator@9
metrocity,Defend,2,full,535,ifv,0,8730,436.5,445.5,9.0,117.7,56.7,115.0,47.0,AttackMove,YieldWait,fortress,,moved,0,,waiting on a yield,siege_tank(moving)@5.2 main_battle_tank(moving)@6.1 light_tank(moving)@6.2 main_battle_tank(moving)@8.2 main_battle_tank(moving)@8.3 main_battle_tank(moving)@4.4 aa_vehicle(moving)@6.5 light_tank(moving)@9.5 ifv(moving)@9.1 light_tank(moving)@4.6 scout_jeep(moving)@7.0 shield_generator@9
metrocity,Defend,2,full,496,main_battle_tank,0,8870,443.5,452.0,8.5,113.2,59.7,115.0,47.0,AttackMove,BlockedByFriend,fortress,,moved,0,,scout_jeep#579 moving,siege_tank(moving)@5.6 scout_jeep(moving)@6.7 siege_tank(moving)@8.0 main_battle_tank(moving)@9.6 main_battle_tank(moving)@3.4 armored_car(moving)@9.2 armored_car(moving)@9.2 aa_vehicle(moving)@5.0 aa_vehicle(moving)@6.0 scout_jeep(moving)@7.8 scout_jeep(moving)@3.7 scout_jeep(moving)@7.0 shield_generator@7
metrocity,Endless,1,full,408,aa_vehicle,0,2200,110.0,118.5,8.5,12.2,46.6,68.9,2.3,AttackMove,BlockedByDefence,fortress,,moved,0,,mg_bunker#391 parked,mg_bunker(fixed)@5.4 titan_tank(moving)@5.9 aa_vehicle(moving)@9.7 siege_tank(moving)@4.6
metrocity,Endless,1,full,461,aa_vehicle,0,3360,168.0,179.0,11.0,98.9,95.2,49.7,-2.8,AttackMove,BlockedByDefence,fortress,,moved,1,ghost,airfield#373 parked,heavy_turret(fixed)@9.0 airfield(fixed)@4.9 ifv(moving)@7.8 ifv(moving)@4.2
metrocity,Endless,1,full,428,heavy_tank,0,3440,172.0,200.5,28.5,105.3,87.3,68.2,1.3,AttackMove,BlockedByDefence,fortress,,moved,1,ghost,airfield#373 parked,airfield(fixed)@5.7 ifv(moving)@9.5 titan_tank(moving)@5.8 aa_vehicle(moving)@6.5 base_wall@4 fortress_gate@9
metrocity,Endless,1,full,473,aa_vehicle,0,4240,212.0,221.0,9.0,96.3,94.8,57.6,70.4,AttackMove,YieldWait,fortress,,moved,0,,behind ifv#466,heavy_turret(fixed)@6.5 airfield(fixed)@7.1 heavy_tank(moving)@6.0 aa_vehicle(moving)@9.5 aa_vehicle(moving)@4.5 ifv(moving)@7.5 ifv(moving)@9.7 main_battle_tank(moving)@9.6 aa_vehicle(moving)@8.0
metrocity,Endless,1,full,428,heavy_tank,0,4360,218.0,227.0,9.0,98.1,88.7,63.0,57.0,AttackMove,BlockedByDefence,fortress,,moved,0,,airfield#373 parked,heavy_turret(fixed)@7.5 airfield(fixed)@6.2 ifv(moving)@8.8 aa_vehicle(moving)@5.7 base_wall@6 base_wall@8
metrocity,Endless,1,full,574,titan_tank,0,8990,449.5,460.5,11.0,114.8,86.2,102.2,86.8,Move,BlockedByFriend,fortress+gate,road+nopark,moved,0,,titan_tank#572 moving,heavy_tank(moving)@5.7 siege_tank(moving)@7.4 titan_tank(moving)@5.5 fortress_gate@3
metrocity,Endless,1,full,428,heavy_tank,0,9020,451.0,460.5,9.5,119.7,88.1,100.7,87.2,Move,BlockedByFriend,fortress+gate,nopark,moved,0,,titan_tank#508 moving,heavy_turret(fixed)@8.5 siege_tank(moving)@5.2 titan_tank(moving)@5.2 ifv(moving)@8.5 titan_tank(moving)@8.5 titan_tank(moving)@4.6 fortress_gate@8
metrocity,Endless,1,full,508,titan_tank,0,9130,456.5,467.5,11.0,123.3,85.1,100.7,87.2,Move,OffRoute,fortress+gate,narrow+nopark,moved,1,ghost,to (121.0;87.0) past heavy_turret(defence),heavy_turret(fixed)@7.6 heavy_tank(moving)@5.3 siege_tank(moving)@9.1 ifv(moving)@5.6 titan_tank(moving)@9.7
metrocity,Endless,1,full,565,ifv,0,9180,459.0,467.5,8.5,124.5,83.1,125.0,115.0,AttackMove,OffRoute,fortress+gate,nopark,moved,0,,to (121.0;111.0) past heavy_turret(defence),heavy_turret(fixed)@8.9 titan_tank(moving)@3.1
metrocity,Endless,1,full,472,siege_tank,0,9260,463.0,473.5,10.5,120.7,93.8,88.6,25.7,Move,GateWait,fortress,,moved,0,,doorway 0,heavy_turret(fixed)@7.2 heavy_tank(moving)@9.9 ifv(moving)@3.5 titan_tank(moving)@9.4 titan_tank(moving)@6.6 artillery(parked)@5.8
metrocity,Endless,1,full,607,aa_vehicle,0,9460,473.0,483.0,10.0,105.6,110.2,96.9,101.8,Move,YieldWait,fortress,,moved,0,,behind mobile_fortress#573,heavy_tank(moving)@10.0 ifv(parked)@5.0 aa_vehicle(parked)@4.9
metrocity,Endless,1,full,508,titan_tank,0,9500,475.0,485.0,10.0,130.0,83.0,100.7,87.2,Move,BlockedByDefence,fortress,,moved,0,,heavy_turret#370 parked,heavy_turret(fixed)@8.8 base_wall@6
metrocity,Endless,1,full,636,elite_heavy_tank,0,10210,510.5,519.0,8.5,75.6,101.1,103.2,122.7,AttackMove,BlockedByFriend,fortress,,moved,0,,mobile_fortress#573 moving,
metrocity,Endless,1,full,636,elite_heavy_tank,0,10920,546.0,554.5,8.5,101.6,108.3,117.1,112.7,AttackMove,BlockedByFriend,fortress,,moved,0,,heavy_tank#428 moving,heavy_tank(moving)@7.8 titan_tank(moving)@7.7 main_battle_tank(moving)@3.3 siege_tank(moving)@7.2
metrocity,Endless,2,obstacles,417,aa_vehicle,0,1540,77.0,86.0,9.0,96.6,98.1,101.0,79.0,Move,BlockedByFriend,fortress+gate,nopark,moved,0,,aa_vehicle#418 moving,heavy_turret(fixed)@9.0 repair_bay(fixed)@8.5 aa_vehicle(moving)@5.5 aa_vehicle(moving)@7.2 siege_tank(moving)@4.5 main_battle_tank(moving)@7.0
metrocity,Endless,2,obstacles,416,aa_vehicle,0,2140,107.0,119.0,12.0,82.7,102.0,91.0,97.0,Move,YieldWait,fortress,,gave up,0,,behind mlrs#438,aa_vehicle(moving)@4.7 aa_vehicle(parked)@9.5 aa_vehicle(moving)@4.9 aa_vehicle(moving)@7.8 main_battle_tank(moving)@3.6 mlrs(moving)@3.4 ifv(moving)@7.0 scout_jeep(moving)@6.1 base_wall@6
metrocity,Endless,2,obstacles,499,main_battle_tank,0,5400,270.0,281.0,11.0,53.0,63.3,33.9,35.1,AttackMove,BlockedByFriend,fortress,,moved,0,,main_battle_tank#497 moving,dragons_teeth(fixed)@4.9 siege_tank(moving)@6.5 main_battle_tank(moving)@3.8 ifv(moving)@9.4
metrocity,Endless,2,obstacles,529,aa_vehicle,0,6510,325.5,334.0,8.5,44.8,104.4,51.5,120.2,AttackMove,YieldWait,fortress+gate,nopark,moved,0,,behind main_battle_tank#557,light_tank(parked)@5.2 main_battle_tank(moving)@7.6 base_wall@9 shield_generator@8
metrocity,Weekly,1,obstacles,439,heavy_tank,1,5630,281.5,290.5,9.0,55.8,92.6,119.0,115.0,AttackMove,BlockedByFriend,fortress,,moved,0,,ammo_carrier#460 moving,ammo_carrier(moving)@6.2 ammo_carrier(moving)@8.5 mobile_fortress(moving)@9.3
metrocity,Weekly,1,obstacles,431,sapper,1,5940,297.0,306.0,9.0,36.0,77.1,28.6,70.3,AttackMove,Unknown,fortress,road,moved,0,,speed 0.9 strikes 0,command_vehicle(parked)@6.6 counter_battery_radar(moving)@4.2
metrocity,Weekly,1,obstacles,449,long_sam,1,7260,363.0,371.5,8.5,62.0,90.1,42.1,44.0,Move,Unknown,fortress,,moved,0,,speed 4.0 strikes 0,
metrocity,Weekly,1,obstacles,439,heavy_tank,1,8550,427.5,438.5,11.0,105.4,122.0,119.0,115.0,AttackMove,OffRoute,fortress,,moved,1,ghost,to (119.0;115.0) past ammo_depot(defence),gun_pit(fixed)@6.9 ammo_depot(fixed)@5.9 sapper(parked)@6.5
metrocity,Weekly,1,obstacles,504,main_battle_tank,1,9920,496.0,507.5,11.5,112.0,115.6,105.3,115.4,AttackMove,BlockedByFriend,fortress,,moved,1,ghost,mobile_fortress#477 parked,ammo_depot(fixed)@4.5 mobile_fortress(parked)@7.4 elite_heavy_tank(moving)@5.3 flame_tank(parked)@7.9
metrocity,Weekly,1,obstacles,511,mine_layer,1,10110,505.5,514.0,8.5,113.0,104.3,77.0,79.4,AttackMove,BlockedByFriend,fortress,,moved,0,,command_vehicle#427 moving,command_vehicle(moving)@4.1 sapper(moving)@6.2 mobile_fortress(moving)@8.3 flame_tank(moving)@5.1
metrocity,Weekly,1,obstacles,454,twin_tank,1,10190,509.5,519.0,9.5,101.1,102.4,105.3,115.4,AttackMove,YieldWait,fortress,route,moved,0,,behind mobile_fortress#477,ammo_carrier(moving)@9.8 mine_layer(moving)@4.8
metrocity,Weekly,1,obstacles,491,elite_heavy_tank,1,10260,513.0,524.5,11.5,119.1,115.5,103.2,122.7,AttackMove,BlockedByFriend,fortress,,moved,0,,mobile_fortress#477 moving,ammo_depot(fixed)@9.2 radar_station(fixed)@6.9
metrocity,Weekly,1,obstacles,454,twin_tank,1,10740,537.0,546.0,9.0,101.7,115.0,82.7,58.1,AttackMove,BlockedByFriend,fortress,,moved,0,,main_battle_tank#504 moving,main_battle_tank(moving)@4.8
metrocity,Weekly,1,obstacles,524,titan_tank,0,10780,539.0,548.0,9.0,-86.8,-89.1,90.7,71.0,AttackMove,BlockedByFriend,camp0,,moved,0,,ifv#527 moving,c_ram(fixed)@5.8 ifv(moving)@5.3
metrocity,Weekly,1,obstacles,528,armored_car,1,10900,545.0,553.5,8.5,111.4,108.6,99.7,101.5,Move,Unknown,fortress,,moved,0,,speed 1.6 strikes 0,main_battle_tank(moving)@6.5
metrocity,Weekly,2,light,370,siege_tank,0,2010,100.5,111.0,10.5,21.9,51.0,26.4,61.4,Move,BlockedByFriend,fortress,,moved,1,ghost,siege_tank#383 moving,siege_tank(moving)@9.7 scout_jeep(moving)@8.2
metrocity,Weekly,2,light,398,heavy_tank,1,4680,234.0,243.0,9.0,79.4,92.8,125.0,115.0,AttackMove,YieldWait,fortress,route,moved,0,,waiting on a yield,heavy_rocket_artillery(moving)@6.1 long_sam(moving)@9.0 ammo_carrier(moving)@3.9 ew_jammer(moving)@5.1 rocket_technical(moving)@4.8 base_wall@6
metrocity,Weekly,2,light,398,heavy_tank,1,4890,244.5,253.0,8.5,81.6,97.9,125.0,115.0,AttackMove,BlockedByFriend,fortress,route,moved,0,,counter_battery_radar#435 moving,ammo_carrier(moving)@4.5 twin_tank(moving)@4.4 counter_battery_radar(moving)@4.4 command_vehicle(moving)@9.4 ew_jammer(moving)@9.2 ew_jammer(moving)@9.9 rocket_technical(moving)@4.4 rocket_technical(moving)@6.6
metrocity,Weekly,2,light,449,ew_jammer,1,5300,265.0,274.0,9.0,97.4,114.0,96.7,102.2,Move,BlockedByFriend,fortress,road,moved,0,,bmpt#399 moving,bmpt(moving)@6.1 twin_tank(moving)@9.3
metrocity,Weekly,2,light,433,twin_tank,1,5330,266.5,275.0,8.5,107.7,110.0,125.0,115.0,AttackMove,Unknown,fortress,,moved,0,,speed 2.8 strikes 0,bmpt(moving)@5.3 mobile_fortress(moving)@9.3
metrocity,Weekly,2,light,435,counter_battery_radar,1,5810,290.5,300.0,9.5,90.5,92.3,102.0,93.3,Move,YieldWait,fortress,route,moved,0,,behind mobile_fortress#425,heavy_tank(moving)@5.6 bmpt(parked)@6.6
metrocity,Weekly,2,light,481,siege_tank,0,6960,348.0,357.5,9.5,42.0,54.5,59.3,58.0,Move,Unknown,fortress,road,moved,0,,speed 0.9 strikes 0,heavy_tank(foe)(parked)@6.4
metrocity,Weekly,2,light,398,heavy_tank,1,7770,388.5,400.0,11.5,82.3,87.7,91.1,93.9,Move,BlockedByFriend,fortress,route,gave up,1,ghost,twin_tank#433 moving,twin_tank(moving)@7.5 elite_heavy_tank(moving)@4.3 armored_car(moving)@7.5
metrocity,Weekly,2,light,499,elite_heavy_tank,1,8730,436.5,447.5,11.0,102.3,107.8,90.6,89.4,AttackMove,BlockedByFriend,fortress,route,moved,1,ghost,command_vehicle#441 parked,heavy_tank(moving)@7.8 twin_tank(moving)@6.5 counter_battery_radar(moving)@3.8 command_vehicle(parked)@4.9 ew_jammer(moving)@7.8 rocket_technical(moving)@8.3 ammo_carrier(moving)@9.2 armored_car(moving)@9.1 scout_jeep(moving)@7.8
metrocity,Weekly,2,light,425,mobile_fortress,1,9980,499.0,508.0,9.0,112.1,120.2,107.1,93.0,Move,BlockedByFriend,fortress,,moved,0,,flame_tank#524 moving,scout_jeep(moving)@8.4 flame_tank(moving)@7.6
metrocity,Weekly,2,light,480,ammo_carrier,1,10140,507.0,517.5,10.5,118.3,113.3,103.5,96.9,Move,BlockedByFriend,fortress,,moved,1,ghost,scout_jeep#511 moving,command_vehicle(moving)@9.1 flame_tank(moving)@5.8 scout_jeep(moving)@4.0 sapper(moving)@8.4 mine_layer(moving)@6.6 flame_tank(moving)@4.5 elite_heavy_tank(moving)@5.0
metrocity,Weekly,2,light,524,flame_tank,1,10170,508.5,518.0,9.5,114.2,109.9,76.6,95.9,AttackMove,BlockedByFriend,fortress,,moved,0,,scout_jeep#511 moving,mobile_fortress(moving)@8.2 counter_battery_radar(moving)@8.4 ammo_carrier(moving)@5.1 scout_jeep(moving)@3.2 sapper(moving)@4.1 mine_layer(moving)@9.2 elite_heavy_tank(moving)@5.4
metrocity,Weekly,2,light,479,rocket_technical,1,10450,522.5,532.5,10.0,114.2,95.6,106.3,97.1,Move,BlockedByFriend,fortress,road,gave up,0,,command_vehicle#441 moving,command_vehicle(moving)@5.0 wheeled_gun(moving)@8.0 mine_layer(moving)@8.1
metrocity,Weekly,2,light,398,heavy_tank,1,10630,531.5,540.5,9.0,95.7,101.2,98.5,74.1,AttackMove,BlockedByFriend,fortress,,moved,0,,command_vehicle#441 moving,twin_tank(moving)@8.7 command_vehicle(moving)@5.2 ammo_carrier(moving)@8.7 flame_tank(moving)@6.5 elite_heavy_tank(moving)@9.5 fpv_carrier(moving)@7.1
redrock,Defend,1,full,682,siege_tank,0,4360,218.0,229.5,11.5,-19.3,97.4,31.3,54.4,Move,BlockedByFriend,fortress,,moved,0,,siege_tank#671 moving,siege_tank(moving)@9.8 siege_tank(moving)@5.8 power_pylon@7
redrock,Defend,1,full,707,heavy_tank,0,4520,226.0,238.0,12.0,86.0,97.4,61.0,-3.0,AttackMove,BlockedByFriend,fortress,,moved,1,ghost,aa_vehicle#719 moving,heavy_turret(fixed)@8.1 ifv(parked)@8.1 aa_vehicle(moving)@4.0 base_wall@10 base_wall@3
redrock,Defend,1,full,659,titan_tank,0,4840,242.0,251.0,9.0,-6.0,50.9,61.0,-3.0,AttackMove,BlockedByFriend,fortress+gate,narrow+nopark,moved,0,,titan_tank#687 moving,siege_tank(moving)@8.1 titan_tank(moving)@5.3 ew_tower(fixed)@9.9 artillery(parked)@7.2 cliff_b@10
redrock,Defend,1,full,707,heavy_tank,0,6690,334.5,343.0,8.5,100.1,96.3,103.9,87.2,Move,BlockedByDefence,fortress,,moved,0,,airfield#634 parked,airfield(fixed)@4.8 heavy_tank(moving)@6.7 ifv(moving)@4.2 aa_vehicle(moving)@8.3 aa_vehicle(moving)@8.4
redrock,Defend,1,full,733,heavy_tank,0,6720,336.0,347.0,11.0,97.6,89.7,48.7,-2.1,AttackMove,BlockedByDefence,fortress,,gave up,0,,airfield#634 parked,heavy_turret(fixed)@6.7 airfield(fixed)@6.1 heavy_tank(moving)@6.6 aa_vehicle(moving)@9.5 base_wall@6 base_wall@9
redrock,Defend,1,full,707,heavy_tank,0,7000,350.0,361.0,11.0,101.7,86.4,63.0,57.0,AttackMove,BlockedByDefence,fortress,,gave up,0,,airfield#634 parked,airfield(fixed)@6.2 aa_vehicle(moving)@7.4 aa_vehicle(moving)@6.4 base_wall@6 base_wall@4
redrock,Defend,1,full,707,heavy_tank,0,7690,384.5,396.0,11.5,102.0,86.4,63.0,57.0,AttackMove,BlockedByDefence,fortress,,moved,1,ghost,airfield#634 parked,airfield(fixed)@6.2 ifv(moving)@9.4 aa_vehicle(moving)@9.7 aa_vehicle(moving)@6.6 base_wall@7 base_wall@4
redrock,Defend,1,full,733,heavy_tank,0,8140,407.0,416.0,9.0,95.7,99.0,97.9,88.5,Move,YieldWait,fortress,,moved,0,,waiting on a yield,heavy_turret(fixed)@9.3 airfield(fixed)@9.8 ifv(moving)@8.4 aa_vehicle(moving)@3.6 aa_vehicle(moving)@5.7 aa_vehicle(moving)@5.2 siege_tank(moving)@6.0
redrock,Defend,1,full,782,ifv,0,8150,407.5,418.0,10.5,100.4,105.6,98.1,95.8,Move,BlockedByFriend,fortress,,moved,0,,siege_tank#794 moving,heavy_tank(moving)@8.0 aa_vehicle(moving)@6.4 siege_tank(moving)@4.0
redrock,Defend,1,full,787,aa_vehicle,0,8360,418.0,427.5,9.5,97.4,91.5,64.9,69.3,AttackMove,BlockedByFriend,fortress,,moved,0,,ifv#782 moving,heavy_turret(fixed)@6.4 airfield(fixed)@5.7 heavy_tank(moving)@8.5 ifv(moving)@4.4 base_wall@8
redrock,Defend,1,full,685,titan_tank,0,8810,440.5,449.0,8.5,55.5,65.2,33.2,87.7,Idle,BlockedByFriend,fortress,,moved,0,,main_battle_tank#689 parked,aa_turret(fixed)@7.9 main_battle_tank(parked)@4.4 heavy_tank(moving)@7.8 shield_generator@8
redrock,Defend,1,full,733,heavy_tank,0,9630,481.5,493.5,12.0,68.0,83.0,51.0,57.0,AttackMove,OffRoute,fortress,road,moved,0,,to (57.0;91.0) past mg_bunker(defence),mg_bunker(fixed)@5.1 titan_tank(moving)@5.0
redrock,Defend,1,full,745,ifv,0,9660,483.0,494.0,11.0,44.0,91.9,25.6,75.8,AttackMove,OffRoute,fortress+gate,nopark,moved,1,ghost,to (37.0;87.0) past base_wall,aa_vehicle(moving)@8.3 aa_vehicle(moving)@4.4 heavy_tank(moving)@10.0 main_battle_tank(moving)@5.1 base_wall@6 ammo_dump@6 floodlight_mast@10
redrock,Defend,1,full,794,siege_tank,0,10200,510.0,528.0,18.0,27.2,104.0,21.5,82.0,Move,GateWait,fortress,,moved,1,ghost,doorway 0,aa_vehicle(moving)@9.0 cliff_a@10
redrock,Defend,1,full,790,siege_tank,0,10210,510.5,520.5,10.0,42.7,89.5,22.9,83.8,Move,YieldWait,fortress+gate,narrow+nopark,moved,0,,behind titan_tank#687,titan_tank(moving)@8.5 siege_tank(moving)@8.8 base_wall@10 base_wall@7 ammo_dump@8
redrock,Defend,1,full,685,titan_tank,0,10620,531.0,539.5,8.5,51.3,59.9,63.4,60.5,AttackMove,YieldWait,fortress,route,moved,0,,waiting on a yield,ifv(moving)@4.4 titan_tank(moving)@8.1 heavy_tank(moving)@5.6 ifv(parked)@3.9 aa_vehicle(moving)@9.3 titan_tank(parked)@6.0 main_battle_tank(moving)@5.4 shield_generator@6
redrock,Defend,2,obstacles,670,siege_tank,0,6740,337.0,345.5,8.5,104.8,44.7,113.8,44.9,Move,GateWait,fortress,,gave up,0,,doorway 0,siege_tank(moving)@8.7 siege_tank(moving)@9.3 base_wall@10 base_wall@5
redrock,Defend,2,obstacles,810,light_tank,0,9950,497.5,507.5,10.0,41.1,98.4,51.0,117.0,AttackMove,YieldWait,fortress,,moved,0,,behind main_battle_tank#746,main_battle_tank(moving)@4.5 siege_tank(moving)@7.4 mlrs(parked)@7.0 armored_car(moving)@9.0 armored_car(moving)@7.6
redrock,Defend,2,obstacles,806,ifv,0,10050,502.5,511.5,9.0,49.4,120.2,44.4,99.7,AttackMove,YieldWait,fortress,,moved,0,,behind aa_vehicle#842,mlrs(moving)@6.0 main_battle_tank(moving)@6.7 armored_car(moving)@5.5 ifv(moving)@3.1 scout_jeep(parked)@8.7 aa_vehicle(moving)@6.9 armored_car(moving)@7.5
redrock,Defend,2,obstacles,842,aa_vehicle,0,10080,504.0,513.5,9.5,44.3,116.6,20.3,77.1,AttackMove,YieldWait,fortress+gate,nopark,moved,0,,behind mlrs#748,main_battle_tank(moving)@9.3 mlrs(moving)@5.2 ifv(moving)@8.4 main_battle_tank(parked)@9.2 ifv(moving)@4.6 armored_car(moving)@4.5 base_wall@6 shield_generator@9
redrock,Endless,1,obstacles,686,heavy_tank,0,2770,138.5,147.0,8.5,-17.0,72.5,-12.2,46.9,AttackMove,YieldWait,fortress+gate,road+nopark,moved,0,,behind siege_tank#669,titan_tank(moving)@7.3 boulders@9 wreck_truck@9
redrock,Endless,1,obstacles,709,aa_vehicle,0,4990,249.5,259.0,9.5,87.4,103.3,80.0,108.7,Move,BlockedByFriend,fortress,,moved,0,,aa_vehicle#755 moving,ifv(moving)@9.4 titan_tank(moving)@5.3 aa_vehicle(moving)@4.3 aa_vehicle(moving)@4.1 ifv(moving)@4.8 ifv(moving)@3.8 artillery(moving)@7.6 base_wall@8
redrock,Endless,1,obstacles,755,aa_vehicle,0,5000,250.0,261.5,11.5,87.9,107.7,91.0,97.0,Move,BlockedByFriend,fortress,,moved,1,ghost,ifv#759 moving,aa_vehicle(moving)@4.2 ifv(moving)@5.9 titan_tank(moving)@7.7 aa_vehicle(moving)@9.8 ifv(moving)@3.6 ifv(moving)@6.9 artillery(moving)@8.5
redrock,Endless,1,obstacles,759,ifv,0,5030,251.5,261.5,10.0,89.2,105.1,82.0,107.9,AttackMove,YieldWait,fortress,,moved,0,,behind ifv#731,aa_vehicle(moving)@4.7 ifv(moving)@5.2 titan_tank(moving)@6.4 aa_vehicle(moving)@3.4 aa_vehicle(moving)@7.8 ifv(moving)@3.8 artillery(moving)@5.5
redrock,Endless,1,obstacles,760,ifv,0,5070,253.5,262.0,8.5,88.4,101.2,64.9,69.3,AttackMove,YieldWait,fortress,,moved,0,,waiting on a yield,ifv(moving)@7.6 titan_tank(moving)@4.8 aa_vehicle(moving)@2.5 aa_vehicle(moving)@5.6 ifv(moving)@5.1 artillery(moving)@9.2 base_wall@7
redrock,Endless,1,obstacles,763,main_battle_tank,0,5580,279.0,288.0,9.0,88.0,96.3,35.2,54.7,AttackMove,YieldWait,fortress,,moved,0,,behind titan_tank#733,heavy_turret(fixed)@6.1 ifv(parked)@4.1 titan_tank(moving)@5.9 ifv(moving)@9.5 aa_vehicle(moving)@9.0 aa_vehicle(moving)@8.2 base_wall@9 base_wall@5
redrock,Endless,1,obstacles,710,aa_vehicle,0,6630,331.5,342.0,10.5,33.9,85.6,44.0,50.3,AttackMove,BlockedByFriend,fortress+gate,route+nopark,moved,1,ghost,heavy_tank#785 moving,artillery(moving)@5.8 siege_tank(moving)@4.8 aa_vehicle(moving)@5.4 ifv(moving)@8.4 aa_vehicle(moving)@6.3 heavy_tank(moving)@4.9 base_wall@8
redrock,Endless,1,obstacles,785,heavy_tank,0,6760,338.0,347.5,9.5,32.3,88.7,51.0,57.0,AttackMove,BlockedByFriend,fortress+gate,route+nopark,moved,0,,aa_vehicle#755 moving,artillery(moving)@0.3 heavy_tank(moving)@6.5 siege_tank(moving)@7.9 aa_vehicle(moving)@4.7 ifv(moving)@9.8 main_battle_tank(moving)@9.1 aa_vehicle(moving)@5.7
redrock,Endless,1,obstacles,688,artillery,0,6860,343.0,355.0,12.0,32.0,90.2,35.0,79.0,Move,BlockedByFriend,fortress+gate,narrow+nopark,moved,0,,main_battle_tank#763 moving,siege_tank(moving)@7.8 heavy_tank(moving)@4.2 aa_vehicle(moving)@6.2 main_battle_tank(moving)@6.0 aa_vehicle(moving)@7.2 base_wall@10
redrock,Endless,1,obstacles,788,titan_tank,0,7220,361.0,370.0,9.0,88.0,98.8,51.7,124.6,AttackMove,BlockedByFriend,fortress,,moved,0,,aa_vehicle#808 moving,heavy_turret(fixed)@8.4 main_battle_tank(moving)@7.4 aa_vehicle(moving)@3.9 aa_vehicle(moving)@9.1 aa_vehicle(moving)@6.4 base_wall@5
redrock,Endless,1,obstacles,707,siege_tank,0,7460,373.0,381.5,8.5,31.9,80.4,49.6,76.4,Move,YieldWait,fortress,,gave up,0,,behind siege_tank#669,siege_tank(moving)@6.1 ifv(moving)@7.6
redrock,Endless,1,obstacles,810,aa_vehicle,0,8650,432.5,443.0,10.5,46.0,117.0,64.0,116.7,AttackMove,GateWait,fortress,,gave up,0,,doorway 0,main_battle_tank(parked)@7.0 aa_vehicle(moving)@9.8 aa_vehicle(moving)@4.2 aa_vehicle(moving)@4.1 heavy_tank(moving)@3.5 aa_vehicle(moving)@7.2 aa_vehicle(moving)@7.1 base_wall@8 shield_generator@9 container@6
redrock,Endless,1,obstacles,833,heavy_tank,0,8920,446.0,455.0,9.0,49.1,118.8,22.6,78.4,AttackMove,BlockedByFriend,fortress+gate,nopark,moved,0,,aa_vehicle#811 moving,siege_tank(moving)@6.0 ifv(moving)@4.4 aa_vehicle(moving)@7.2 aa_vehicle(moving)@4.3 aa_vehicle(moving)@3.0 aa_vehicle(moving)@8.9 aa_vehicle(moving)@3.3 shield_generator@9
redrock,Endless,1,obstacles,811,aa_vehicle,0,9280,464.0,474.5,10.5,52.4,103.5,51.7,124.6,AttackMove,BlockedByFriend,fortress+gate,nopark,moved,1,ghost,main_battle_tank#805 moving,gun_pit(fixed)@8.4 titan_tank(moving)@5.5 ifv(moving)@8.5 main_battle_tank(moving)@8.9 main_battle_tank(moving)@3.5 heavy_tank(moving)@9.0 aa_vehicle(moving)@7.3 shield_generator@7
redrock,Endless,1,obstacles,843,artillery,0,9300,465.0,473.5,8.5,55.3,118.0,35.0,115.0,Move,OffRoute,fortress+gate,narrow+nopark,moved,0,,to (41.0;119.0) past drone_hangar(defence),drone_hangar(fixed)@6.8 siege_tank(moving)@8.9 aa_vehicle(moving)@8.1 ifv(moving)@3.5 ifv(moving)@6.4 shield_generator@9
redrock,Endless,1,obstacles,831,aa_vehicle,0,9540,477.0,487.0,10.0,50.3,124.0,45.0,99.0,AttackMove,YieldWait,fortress,,moved,0,,behind ifv#866,drone_hangar(fixed)@8.2 aa_vehicle(parked)@9.4 aa_vehicle(moving)@6.6 aa_vehicle(moving)@5.4 ifv(moving)@6.5 ifv(moving)@4.3
redrock,Endless,1,obstacles,785,heavy_tank,0,9580,479.0,489.0,10.0,38.3,118.0,57.0,111.0,AttackMove,OffRoute,fortress,,gave up,0,,to (53.0;117.0) past base_wall,siege_tank(moving)@8.2 aa_vehicle(moving)@9.8 aa_vehicle(moving)@9.9 artillery(moving)@5.5 ifv(moving)@9.7 ifv(moving)@6.0 base_wall@6
redrock,Endless,1,obstacles,785,heavy_tank,0,9950,497.5,506.0,8.5,44.8,123.7,43.8,130.9,AttackMove,YieldWait,fortress,,gave up,0,,behind artillery#843,aa_vehicle(parked)@7.4 aa_vehicle(moving)@4.5 ifv(moving)@7.3 aa_vehicle(parked)@6.1 ifv(moving)@5.3 ifv(moving)@9.1
redrock,Endless,1,obstacles,871,titan_tank,0,9950,497.5,508.5,11.0,50.4,103.4,51.7,124.6,AttackMove,YieldWait,fortress+gate,nopark,moved,1,ghost,behind main_battle_tank#805,main_battle_tank(moving)@5.7 titan_tank(moving)@8.5 main_battle_tank(moving)@6.5 aa_vehicle(moving)@5.2 ifv(parked)@7.8 shield_generator@7
redrock,Endless,1,obstacles,805,main_battle_tank,0,10070,503.5,512.0,8.5,47.5,100.8,51.7,124.6,AttackMove,BlockedByFriend,fortress+gate,nopark,moved,0,,main_battle_tank#763 moving,ifv(moving)@5.1 main_battle_tank(moving)@4.2 titan_tank(moving)@5.6 aa_vehicle(moving)@4.4 aa_vehicle(moving)@9.6 ifv(moving)@4.7 titan_tank(moving)@5.3 base_wall@8 shield_generator@10
redrock,Endless,1,obstacles,831,aa_vehicle,0,10190,509.5,520.0,10.5,44.0,110.6,45.0,99.0,AttackMove,YieldWait,fortress+gate,narrow+nopark,moved,1,ghost,behind titan_tank#871,aa_vehicle(moving)@8.6 ifv(moving)@4.3 titan_tank(moving)@4.7 base_wall@8 base_wall@4 shield_generator@7
redrock,Endless,1,obstacles,865,ifv,0,10190,509.5,520.0,10.5,50.8,102.0,51.7,124.6,AttackMove,YieldWait,fortress+gate,nopark,moved,1,ghost,behind aa_vehicle#811,gun_pit(fixed)@9.4 ifv(moving)@8.2 titan_tank(parked)@5.2 aa_vehicle(parked)@4.8 titan_tank(moving)@6.6 shield_generator@8
redrock,Endless,1,obstacles,810,aa_vehicle,0,10400,520.0,529.5,9.5,49.2,116.0,38.7,73.5,AttackMove,YieldWait,fortress+gate,nopark,moved,0,,behind ifv#867,titan_tank(moving)@8.2 heavy_tank(moving)@4.1 ifv(moving)@4.8 ifv(moving)@9.5 shield_generator@6
redrock,Endless,1,obstacles,785,heavy_tank,0,10470,523.5,534.0,10.5,50.3,119.9,45.0,99.0,AttackMove,BlockedByFriend,fortress+gate,nopark,moved,0,,aa_vehicle#810 moving,drone_hangar(fixed)@9.2 titan_tank(moving)@7.0 aa_vehicle(moving)@4.4 aa_vehicle(parked)@7.1 shield_generator@10
redrock,Endless,2,light,695,scout_jeep,0,3000,150.0,158.5,8.5,124.8,105.3,125.0,115.0,AttackMove,BlockedByFriend,fortress,,moved,0,,armored_car#697 moving,scout_jeep(moving)@3.4 armored_car(moving)@3.0 armored_car(moving)@3.6 base_wall@9
redrock,Endless,2,light,700,armored_car,0,3730,186.5,197.0,10.5,111.8,114.7,125.0,115.0,AttackMove,YieldWait,fortress,,moved,1,ghost,behind mobile_fortress#694,main_battle_tank(moving)@6.1 armored_car(moving)@8.1 armored_car(moving)@3.5 ifv(moving)@4.7
redrock,Endless,2,light,691,main_battle_tank,0,3850,192.5,202.5,10.0,112.1,109.2,125.0,115.0,AttackMove,YieldWait,fortress,,moved,0,,behind mobile_fortress#694,main_battle_tank(moving)@8.3 light_tank(moving)@9.2 armored_car(moving)@9.3 armored_car(moving)@3.2 armored_car(moving)@7.3 armored_car(moving)@4.9 armored_car(moving)@8.6 ifv(parked)@9.1 ifv(moving)@5.4
redrock,Endless,2,light,753,armored_car,0,4770,238.5,248.0,9.5,129.4,106.7,125.0,115.0,AttackMove,BlockedByFriend,fortress,,moved,0,,scout_jeep#735 moving,main_battle_tank(moving)@4.4 main_battle_tank(moving)@5.4 mobile_fortress(moving)@8.0 scout_jeep(moving)@8.8 scout_jeep(moving)@2.8 base_wall@5 base_wall@7
redrock,Endless,2,light,691,main_battle_tank,0,4850,242.5,251.0,8.5,125.7,106.3,125.0,115.0,AttackMove,BlockedByFriend,fortress,,moved,0,,scout_jeep#734 moving,main_battle_tank(moving)@7.4 light_tank(moving)@6.8 mobile_fortress(moving)@9.1 armored_car(moving)@3.9 scout_jeep(moving)@3.7 scout_jeep(moving)@3.4 armored_car(moving)@5.9 base_wall@9
redrock,Endless,2,light,700,armored_car,0,5310,265.5,276.5,11.0,117.2,115.2,113.6,125.5,AttackMove,YieldWait,fortress,,moved,0,,behind aa_vehicle#721,main_battle_tank(moving)@6.9 main_battle_tank(moving)@7.0 light_tank(parked)@7.9 armored_car(moving)@9.4 aa_vehicle(moving)@3.7 aa_vehicle(parked)@9.3 ifv(moving)@7.9 scout_jeep(moving)@4.1 scout_jeep(moving)@6.2 elite_mbt(moving)@8.7 elite_heavy_tank(moving)@9.4 armored_car(parked)@8.0
redrock,Endless,2,light,775,main_battle_tank,0,6040,302.0,314.0,12.0,119.2,115.9,114.6,139.3,AttackMove,YieldWait,fortress,,moved,1,ghost,behind ifv#779,main_battle_tank(moving)@4.2 main_battle_tank(moving)@8.1 armored_car(moving)@9.0 scout_jeep(moving)@6.9 scout_jeep(parked)@8.1 aa_vehicle(parked)@4.6 ifv(parked)@4.6
redrock,Endless,2,light,780,ifv,0,6300,315.0,324.5,9.5,110.3,130.8,125.0,115.0,AttackMove,BlockedByFriend,fortress+gate,narrow+nopark,moved,0,,light_tank#692 moving,main_battle_tank(moving)@5.6 light_tank(moving)@3.5 elite_heavy_tank(moving)@4.2 main_battle_tank(moving)@9.0 base_wall@7
redrock,Weekly,1,light,674,ammo_carrier,1,3600,180.0,189.5,9.5,110.2,102.2,100.6,112.1,Move,BlockedByFriend,fortress,,moved,0,,counter_battery_radar#696 moving,heavy_rocket_artillery(moving)@7.8 counter_battery_radar(moving)@5.3
redrock,Weekly,1,light,683,mobile_fortress,1,5570,278.5,287.0,8.5,113.0,112.4,78.3,76.1,AttackMove,BlockedByFriend,fortress,,moved,0,,heavy_tank#707 moving,heavy_tank(moving)@9.8
redrock,Weekly,1,light,714,elite_heavy_tank,1,5700,285.0,295.5,10.5,100.9,115.1,125.0,115.0,AttackMove,YieldWait,fortress,,moved,0,,behind mobile_fortress#683,mobile_fortress(moving)@9.2 command_vehicle(moving)@3.8
redrock,Weekly,1,light,726,command_vehicle,1,5830,291.5,300.5,9.0,98.5,113.1,106.8,101.1,Move,YieldWait,fortress,,moved,0,,behind mobile_fortress#683,mobile_fortress(moving)@9.2
redrock,Weekly,1,light,704,ew_jammer,1,6290,314.5,325.0,10.5,107.3,101.3,102.1,113.6,Move,YieldWait,fortress,,moved,0,,behind mobile_fortress#683,rocket_technical(parked)@5.4
redrock,Weekly,1,light,704,ew_jammer,1,6840,342.0,351.0,9.0,96.5,98.4,92.1,106.8,Move,BlockedByFriend,fortress,route,moved,0,,heavy_rocket_artillery#741 moving,counter_battery_radar(moving)@4.1 elite_heavy_tank(parked)@8.1 command_vehicle(moving)@5.2 rocket_technical(parked)@2.7 heavy_rocket_artillery(moving)@5.6 rocket_technical(parked)@7.7 rocket_technical(parked)@6.7 armored_car(moving)@8.7
redrock,Weekly,1,light,751,flame_tank,1,10700,535.0,546.0,11.0,106.2,80.0,110.5,89.8,Move,OffRoute,fortress,,moved,1,ghost,to (105.0;87.0) past fortress_gate,heavy_tank(moving)@4.5 shahed_truck(moving)@5.7 turtle_tank(parked)@6.7 command_vehicle(moving)@7.7 fortress_gate@8
redrock,Weekly,1,light,707,heavy_tank,1,10710,535.5,544.5,9.0,101.9,79.0,113.5,112.3,AttackMove,YieldWait,fortress,,moved,0,,waiting on a yield,elite_heavy_tank(moving)@8.7 flame_tank(moving)@4.7 shahed_truck(moving)@6.5 command_vehicle(moving)@5.6
redrock,Weekly,1,light,777,armored_bulldozer,0,11050,552.5,564.0,11.5,-86.7,-87.1,-92.9,-93.5,Move,YieldWait,camp0,route,gave up,1,ghost,waiting on a yield,aa_vehicle(moving)@5.5 titan_tank(moving)@5.6 armored_bulldozer(moving)@7.4
redrock,Weekly,2,full,694,heavy_rocket_artillery,1,2100,105.0,117.5,12.5,60.7,88.8,47.0,77.0,Move,BlockedByDefence,fortress+gate,nopark,moved,1,ghost,guard_tower#645 parked,c_ram(fixed)@7.3 guard_tower(fixed)@7.1
redrock,Weekly,2,full,702,rocket_technical,1,3040,152.0,160.5,8.5,56.0,111.8,23.0,111.9,Move,OffRoute,fortress,,moved,0,,to (55.0;117.0) past shield_generator,command_vehicle(moving)@8.4 counter_battery_radar(moving)@8.1 ammo_carrier(moving)@8.1 heavy_tank(moving)@4.7 bmpt(moving)@7.7 shield_generator@5
redrock,Weekly,2,full,812,elite_heavy_tank,1,8320,416.0,429.0,13.0,85.0,86.9,105.3,115.4,AttackMove,BlockedByFriend,fortress,,moved,0,,fpv_carrier#792 parked,mobile_fortress(moving)@9.4 fpv_carrier(parked)@7.1 floodlight_mast@4
redrock,Weekly,2,full,812,elite_heavy_tank,1,8720,436.0,444.5,8.5,97.9,102.7,105.3,115.4,AttackMove,BlockedByFriend,fortress,,moved,0,,rocket_technical#799 parked,command_vehicle(parked)@8.4 heavy_rocket_artillery(parked)@7.8 ammo_carrier(parked)@4.9 ammo_carrier(moving)@8.5 ammo_carrier(moving)@7.1 ammo_carrier(parked)@4.6 rocket_technical(moving)@8.5 counter_battery_radar(parked)@5.1 rocket_technical(parked)@4.1
redrock,Weekly,2,full,714,ammo_carrier,1,9150,457.5,468.5,11.0,91.6,103.0,101.2,104.4,Move,BlockedByFriend,fortress,,moved,1,ghost,ammo_carrier#716 moving,heavy_rocket_artillery(moving)@6.3 ammo_carrier(parked)@4.4 ammo_carrier(moving)@9.4 ammo_carrier(moving)@3.9 ammo_carrier(moving)@8.8 rocket_technical(parked)@9.7 fpv_carrier(moving)@9.7
redrock,Weekly,2,full,749,mlrs,1,10880,544.0,554.0,10.0,87.5,111.0,104.1,98.0,Move,YieldWait,fortress,road,moved,0,,behind mobile_fortress#776,vbied(moving)@2.5
redrock,Weekly,2,full,715,ammo_carrier,1,11090,554.5,567.5,13.0,97.1,108.2,107.1,101.4,Move,BlockedByFriend,fortress,,moved,0,,ammo_carrier#714 moving,ammo_carrier(moving)@5.7 ammo_carrier(moving)@8.3 ammo_carrier(moving)@8.7 vbied(moving)@6.7 mobile_fortress(parked)@8.9
redrock,Weekly,2,full,708,twin_tank,1,11410,570.5,582.0,11.5,114.2,107.0,103.2,122.7,AttackMove,BlockedByFriend,fortress,,moved,1,ghost,sapper#780 moving,command_vehicle(moving)@7.0 scout_jeep(moving)@7.6 ammo_carrier(moving)@8.6 ammo_carrier(moving)@9.6 ammo_carrier(parked)@5.8 ammo_carrier(moving)@4.8 heavy_tank(moving)@8.3 sapper(moving)@4.0 counter_battery_radar(moving)@5.6 fpv_carrier(moving)@5.4 rocket_technical(moving)@9.8
junglepass,Defend,1,obstacles,898,ifv,0,1490,74.5,85.0,10.5,98.0,97.3,108.7,95.2,Move,OffRoute,fortress+gate,nopark,moved,0,,to (109.0;99.0) past repair_bay(defence),heavy_turret(fixed)@9.4 repair_bay(fixed)@7.0 aa_vehicle(parked)@6.4 ifv(parked)@8.1 ifv(parked)@4.9 heavy_tank(parked)@8.0
junglepass,Defend,1,obstacles,916,titan_tank,0,2490,124.5,133.0,8.5,86.9,98.7,78.6,92.4,Move,BlockedByFriend,fortress,,moved,0,,ifv#912 parked,heavy_turret(fixed)@8.7 ifv(parked)@5.6 ifv(moving)@9.6 heavy_tank(moving)@8.3 ifv(parked)@9.0 aa_vehicle(moving)@6.0 siege_tank(moving)@5.6 base_wall@4
junglepass,Defend,1,obstacles,913,ifv,0,2560,128.0,136.5,8.5,83.1,107.5,91.0,97.0,Move,BlockedByFriend,fortress,route,gave up,0,,ifv#912 parked,ifv(parked)@4.1 ifv(moving)@8.7 aa_vehicle(moving)@7.6
junglepass,Defend,1,obstacles,916,titan_tank,0,4540,227.0,235.5,8.5,94.2,99.2,51.0,57.0,AttackMove,BlockedByFriend,fortress+gate,nopark,moved,0,,aa_vehicle#971 moving,heavy_turret(fixed)@8.8 aa_vehicle(moving)@4.8 aa_vehicle(moving)@5.9
junglepass,Defend,1,obstacles,993,artillery,0,7050,352.5,361.0,8.5,78.4,60.8,89.0,61.0,Move,YieldWait,fortress,,moved,0,,behind siege_tank#926,c_ram(fixed)@6.7 siege_tank(moving)@4.3 siege_tank(parked)@8.9
junglepass,Defend,2,light,941,armored_car,0,4230,211.5,221.0,9.5,126.2,104.1,125.0,115.0,AttackMove,YieldWait,fortress,,moved,0,,behind mobile_fortress#924,scout_jeep(moving)@6.7 armored_car(moving)@3.7 base_wall@8
junglepass,Defend,2,light,943,scout_jeep,0,4250,212.5,223.0,10.5,116.7,112.4,125.0,115.0,AttackMove,YieldWait,fortress,,moved,1,ghost,behind mobile_fortress#924,mobile_fortress(parked)@9.1 aa_vehicle(parked)@8.0 scout_jeep(moving)@7.1 armored_car(moving)@5.0
junglepass,Defend,2,light,942,scout_jeep,0,4410,220.5,231.5,11.0,119.0,105.4,125.0,115.0,AttackMove,YieldWait,fortress,,gave up,1,ghost,behind mobile_fortress#924,armored_car(moving)@3.3
junglepass,Defend,2,light,941,armored_car,0,4530,226.5,237.5,11.0,130.0,106.8,125.0,115.0,AttackMove,YieldWait,fortress,,gave up,1,ghost,behind mobile_fortress#924,main_battle_tank(moving)@6.1 mobile_fortress(moving)@8.3 armored_car(moving)@2.2 base_wall@5 base_wall@7
junglepass,Defend,2,light,947,armored_car,0,4530,226.5,240.5,14.0,128.0,105.8,125.0,115.0,AttackMove,BlockedByFriend,fortress,,moved,1,ghost,mobile_fortress#924 moving,main_battle_tank(moving)@4.6 mobile_fortress(moving)@7.5 armored_car(moving)@2.2 base_wall@6 base_wall@9
junglepass,Defend,2,light,922,main_battle_tank,0,4700,235.0,246.0,11.0,125.3,100.4,125.0,115.0,AttackMove,YieldWait,fortress,,moved,1,ghost,behind mobile_fortress#924,mobile_fortress(parked)@8.0 base_wall@10 base_wall@9
junglepass,Defend,2,light,987,light_tank,0,5440,272.0,280.5,8.5,103.2,110.4,102.0,101.9,Move,Unknown,fortress,,moved,0,,speed 5.6 strikes 2,main_battle_tank(moving)@8.9 mobile_fortress(moving)@9.6 elite_heavy_tank(moving)@9.8 armored_car(moving)@8.2
junglepass,Defend,2,light,896,siege_tank,0,5520,276.0,284.5,8.5,91.0,105.0,95.7,113.5,Move,YieldWait,fortress,,gave up,0,,behind mobile_fortress#924,main_battle_tank(parked)@9.8 aa_vehicle(moving)@4.1
junglepass,Defend,2,light,961,elite_heavy_tank,0,5660,283.0,294.5,11.5,114.0,126.1,119.0,146.1,AttackMove,YieldWait,fortress,,moved,1,ghost,behind elite_heavy_tank#962,elite_heavy_tank(moving)@7.9 base_wall@8
junglepass,Endless,1,light,876,titan_tank,0,3540,177.0,186.0,9.0,88.0,103.6,110.4,125.7,AttackMove,BlockedByFriend,fortress,,moved,0,,ifv#912 moving,mobile_fortress(moving)@8.8 ifv(moving)@5.9
junglepass,Endless,1,light,927,aa_vehicle,0,4170,208.5,219.5,11.0,86.4,118.4,77.0,137.0,AttackMove,OffRoute,fortress,,moved,1,ghost,to (85.0;115.0) past base_wall,mobile_fortress(parked)@7.4 base_wall@5
junglepass,Endless,1,light,936,siege_tank,0,4840,242.0,253.5,11.5,88.7,103.0,124.4,112.7,Move,BlockedByFriend,fortress,,moved,1,ghost,heavy_tank#908 moving,heavy_tank(moving)@5.8
junglepass,Endless,1,light,864,siege_tank,0,4980,249.0,258.5,9.5,103.1,101.2,105.8,114.5,Move,BlockedByFriend,fortress,route,moved,0,,ifv#954 parked,ifv(moving)@4.3 siege_tank(moving)@7.6 siege_tank(moving)@7.5 ifv(parked)@4.5
junglepass,Endless,2,full,910,siege_tank,0,1230,61.5,74.5,13.0,98.0,97.1,15.1,32.0,Move,BlockedByFriend,fortress,,moved,1,ghost,light_tank#911 moving,missile_battery(fixed)@9.3 airfield(fixed)@6.8 main_battle_tank(moving)@9.4 armored_car(moving)@3.6 aa_vehicle(moving)@9.2 aa_vehicle(moving)@6.7 light_tank(moving)@3.4 scout_jeep(moving)@4.8 scout_jeep(moving)@4.7 aa_vehicle(moving)@10.0
junglepass,Endless,2,full,901,aa_vehicle,0,1900,95.0,111.0,16.0,98.0,91.8,59.0,-19.0,AttackMove,BlockedByFriend,fortress,,moved,1,ghost,main_battle_tank#923 moving,missile_battery(fixed)@7.0 airfield(fixed)@5.0 main_battle_tank(moving)@7.4 armored_car(moving)@7.4 aa_vehicle(moving)@9.8 main_battle_tank(moving)@3.7 light_tank(moving)@6.6 ifv(moving)@9.4 base_wall@9
junglepass,Endless,2,full,923,main_battle_tank,0,2010,100.5,113.0,12.5,100.4,87.5,1.0,61.0,AttackMove,BlockedByFriend,fortress,,moved,0,,armored_car#897 moving,missile_battery(fixed)@10.0 airfield(fixed)@5.6 armored_car(moving)@3.5 aa_vehicle(moving)@5.2 base_wall@6 base_wall@6
junglepass,Endless,2,full,899,aa_vehicle,0,2880,144.0,153.0,9.0,100.0,96.6,108.2,98.2,AttackMove,BlockedByFriend,fortress,,gave up,0,,ifv#955 moving,airfield(fixed)@5.1 armored_car(moving)@7.6 main_battle_tank(moving)@6.2 ifv(moving)@4.3
junglepass,Endless,2,full,954,scout_jeep,0,4120,206.0,214.5,8.5,111.2,35.9,116.3,32.2,AttackMove,YieldWait,fortress,,gave up,0,,behind siege_tank#894,main_battle_tank(moving)@5.5 siege_tank(moving)@6.0 armored_car(moving)@8.7 aa_vehicle(moving)@7.5 ifv(moving)@6.1 ifv(moving)@3.0 light_tank(moving)@5.8 light_tank(moving)@7.7 armored_car(moving)@1.8 light_tank(moving)@2.4 light_tank(moving)@2.8 aa_vehicle(moving)@9.3 base_wall@8
junglepass,Endless,2,full,920,ifv,0,4190,209.5,226.5,17.0,110.1,43.0,52.4,15.5,AttackMove,YieldWait,fortress,,moved,0,,behind aa_vehicle#899,aa_vehicle(moving)@4.5 aa_vehicle(moving)@4.7 main_battle_tank(moving)@4.1 ifv(moving)@2.6 main_battle_tank(moving)@9.9 ifv(moving)@7.9 scout_jeep(moving)@7.3 ifv(moving)@7.7 armored_car(moving)@6.2 light_tank(moving)@9.5 light_tank(moving)@9.7 aa_vehicle(moving)@8.5 base_wall@7
junglepass,Endless,2,full,926,ifv,0,4280,214.0,223.5,9.5,110.7,38.3,47.2,18.7,AttackMove,OffRoute,fortress,,moved,0,,to (109.0;33.0) past base_wall,main_battle_tank(moving)@6.4 armored_car(moving)@3.7 aa_vehicle(moving)@3.5 siege_tank(moving)@8.3 ifv(moving)@4.9 main_battle_tank(moving)@7.3 light_tank(moving)@9.8 scout_jeep(moving)@8.4 ifv(moving)@9.8 light_tank(moving)@6.5 aa_vehicle(moving)@5.7 base_wall@7
junglepass,Endless,2,full,899,aa_vehicle,0,4290,214.5,224.0,9.5,113.7,39.8,66.0,21.7,AttackMove,BlockedByFriend,fortress,,moved,0,,ifv#926 moving,main_battle_tank(moving)@8.4 armored_car(moving)@5.2 siege_tank(moving)@4.8 ifv(moving)@3.7 main_battle_tank(moving)@7.2 ifv(moving)@3.5 ifv(moving)@8.4 scout_jeep(moving)@6.9 light_tank(moving)@7.5 aa_vehicle(moving)@3.5 base_wall@10
junglepass,Endless,2,full,923,main_battle_tank,0,4330,216.5,227.5,11.0,108.6,45.3,60.8,24.9,AttackMove,BlockedByFriend,fortress,,moved,1,ghost,scout_jeep#954 moving,aa_vehicle(moving)@7.1 siege_tank(moving)@8.5 ifv(moving)@3.7 ifv(moving)@8.9 main_battle_tank(moving)@4.6 main_battle_tank(moving)@7.5 ifv(moving)@6.9 scout_jeep(moving)@3.8 ifv(moving)@2.8 aa_vehicle(moving)@5.3 base_wall@7
junglepass,Endless,2,full,945,light_tank,0,4350,217.5,226.0,8.5,112.9,30.0,52.7,27.7,AttackMove,BlockedByFriend,fortress,,moved,0,,light_tank#967 moving,main_battle_tank(moving)@6.5 siege_tank(moving)@7.8 armored_car(moving)@3.7 aa_vehicle(moving)@9.2 ifv(moving)@7.1 light_tank(moving)@8.2 light_tank(moving)@3.0 light_tank(moving)@9.8 aa_vehicle(moving)@5.6 boulders@7
junglepass,Endless,2,full,942,main_battle_tank,0,4400,220.0,229.5,9.5,108.4,50.7,57.1,63.1,AttackMove,BlockedByFriend,fortress+gate,nopark,moved,0,,main_battle_tank#943 moving,siege_tank(moving)@7.5 aa_vehicle(moving)@8.6 main_battle_tank(moving)@5.9 main_battle_tank(moving)@3.7 main_battle_tank(moving)@5.4 ifv(moving)@4.9 scout_jeep(moving)@4.1 ifv(moving)@3.5 aa_vehicle(moving)@4.9 ifv(moving)@9.5 shield_generator@9
junglepass,Endless,2,full,976,ifv,0,4460,223.0,233.0,10.0,106.5,60.0,113.0,51.0,AttackMove,YieldWait,fortress+gate,narrow+nopark,moved,0,,behind main_battle_tank#946,main_battle_tank(moving)@7.8 main_battle_tank(moving)@5.1 ifv(moving)@8.3 shield_generator@7
junglepass,Endless,2,full,940,light_tank,0,4540,227.0,236.5,9.5,103.8,31.9,57.9,24.6,AttackMove,BlockedByFriend,fortress+gate,nopark,moved,1,ghost,light_tank#967 moving,main_battle_tank(moving)@4.3 siege_tank(moving)@5.5 aa_vehicle(moving)@8.0 main_battle_tank(moving)@4.5 ifv(moving)@6.8 light_tank(moving)@7.9 light_tank(moving)@3.0 aa_vehicle(moving)@5.6 base_wall@8
junglepass,Endless,2,full,889,main_battle_tank,0,4560,228.0,238.5,10.5,105.3,36.0,57.1,63.1,AttackMove,BlockedByFriend,fortress,,moved,1,ghost,main_battle_tank#923 moving,siege_tank(moving)@9.2 aa_vehicle(moving)@7.1 aa_vehicle(moving)@9.8 main_battle_tank(moving)@4.5 ifv(moving)@8.4 light_tank(moving)@3.7 light_tank(moving)@7.2 base_wall@4
junglepass,Endless,2,full,894,siege_tank,0,4580,229.0,237.5,8.5,102.1,28.9,108.5,47.7,Move,YieldWait,fortress+gate,nopark,moved,0,,behind light_tank#967,main_battle_tank(moving)@7.6 aa_vehicle(moving)@9.3 main_battle_tank(moving)@7.3 ifv(moving)@5.0 light_tank(moving)@3.5 light_tank(moving)@8.8 light_tank(moving)@2.8 aa_vehicle(moving)@5.3 cliff_a@9 boulders@9
junglepass,Endless,2,full,923,main_battle_tank,0,4610,230.5,242.5,12.0,108.2,32.0,60.8,24.9,AttackMove,YieldWait,fortress+gate,nopark,moved,0,,behind aa_vehicle#899,main_battle_tank(moving)@2.7 siege_tank(moving)@5.8 aa_vehicle(moving)@2.9 aa_vehicle(moving)@4.6 ifv(moving)@3.9 ifv(moving)@6.3 aa_vehicle(moving)@7.1 boulders@9 base_wall@9
junglepass,Endless,2,full,899,aa_vehicle,0,4680,234.0,243.0,9.0,110.4,30.1,66.0,21.7,AttackMove,BlockedByFriend,fortress,,moved,0,,main_battle_tank#923 moving,siege_tank(moving)@8.8 aa_vehicle(moving)@3.8 main_battle_tank(moving)@3.7 main_battle_tank(moving)@8.8 aa_vehicle(moving)@3.5 boulders@7
junglepass,Endless,2,full,943,main_battle_tank,0,6130,306.5,315.5,9.0,106.2,69.5,113.0,51.0,AttackMove,BlockedByFriend,fortress,road,moved,0,,scout_jeep#1005 moving,main_battle_tank(parked)@6.9 armored_car(moving)@9.7 main_battle_tank(parked)@8.1 scout_jeep(moving)@3.9 scout_jeep(moving)@9.9 scout_jeep(moving)@3.3 light_tank(moving)@5.9 armored_car(moving)@4.1
junglepass,Endless,2,full,889,main_battle_tank,0,7050,352.5,361.5,9.0,118.4,52.4,73.7,60.9,AttackMove,BlockedByFriend,fortress,,moved,0,,aa_vehicle#1029 moving,siege_tank(moving)@8.2 armored_car(moving)@6.6 main_battle_tank(moving)@4.2 main_battle_tank(moving)@7.4 scout_jeep(moving)@8.8 scout_jeep(moving)@9.5 scout_jeep(moving)@4.1 aa_vehicle(moving)@5.2 shield_generator@8
junglepass,Endless,2,full,994,main_battle_tank,0,7280,364.0,372.5,8.5,112.9,66.0,113.0,51.0,AttackMove,Unknown,fortress,,moved,0,,speed 1.8 strikes 3,main_battle_tank(moving)@6.6 main_battle_tank(moving)@6.8 scout_jeep(moving)@9.8 ifv(moving)@8.7 shield_generator@8
junglepass,Endless,2,full,990,scout_jeep,0,7570,378.5,390.5,12.0,135.6,45.7,45.0,95.0,Move,OffRoute,fortress,,moved,1,ghost,to (139.0;59.0) past missile_battery(defence),missile_battery(fixed)@7.9 armored_car(parked)@4.0 base_wall@8 base_wall@6 floodlight_mast@6
junglepass,Endless,2,full,1108,main_battle_tank,0,8850,442.5,452.0,9.5,100.5,96.4,70.2,78.1,AttackMove,Unknown,fortress,,moved,0,,speed 2.0 strikes 0,airfield(fixed)@4.6 siege_tank(moving)@8.9
junglepass,Endless,2,full,1191,siege_tank,0,10990,549.5,561.0,11.5,108.6,88.1,35.0,73.0,Move,BlockedByDefence,fortress,,moved,1,ghost,airfield#860 parked,airfield(fixed)@7.1 base_wall@7 fortress_gate@6
junglepass,Endless,2,full,1110,main_battle_tank,0,11330,566.5,575.5,9.0,56.3,124.0,51.0,105.0,AttackMove,Unknown,fortress,,moved,0,,speed 3.2 strikes 0,missile_battery(fixed)@7.5 main_battle_tank(moving)@9.4 armored_car(moving)@8.0 scout_jeep(parked)@7.1 ifv(moving)@7.3
junglepass,Weekly,1,full,936,heavy_tank,0,3900,195.0,205.0,10.0,-93.4,-87.4,113.8,74.6,AttackMove,BlockedByFriend,camp0,road,moved,1,ghost,titan_tank#926 moving,titan_tank(moving)@5.2
junglepass,Weekly,1,full,971,bmpt,1,6110,305.5,314.0,8.5,97.8,94.1,110.6,110.1,AttackMove,BlockedByDefence,fortress,,moved,0,,airfield#860 parked,heavy_turret(fixed)@7.5 airfield(fixed)@5.4 ew_jammer(moving)@7.7 command_vehicle(moving)@4.8 rocket_technical(moving)@8.6
junglepass,Weekly,1,full,932,heavy_tank,1,6510,325.5,335.5,10.0,85.8,129.0,117.5,113.4,AttackMove,YieldWait,fortress,,moved,0,,behind mobile_fortress#967,heavy_turret(fixed)@5.9 mobile_fortress(moving)@8.8 base_wall@5
junglepass,Weekly,1,full,967,mobile_fortress,1,6770,338.5,352.5,14.0,79.9,134.2,95.7,109.9,AttackMove,BlockedByFriend,fortress,,moved,0,,heavy_rocket_artillery#922 parked,base_wall@8
junglepass,Weekly,1,full,934,turtle_tank,1,7160,358.0,366.5,8.5,101.1,123.0,109.0,123.1,AttackMove,BlockedByFriend,fortress,,gave up,0,,rocket_technical#921 moving,gun_pit(fixed)@5.8 scout_jeep(moving)@9.5 rocket_technical(moving)@3.4 rocket_technical(parked)@5.6 counter_battery_radar(moving)@8.2 ammo_carrier(parked)@5.9 ammo_carrier(parked)@9.0
junglepass,Weekly,1,full,925,twin_tank,1,7920,396.0,404.5,8.5,96.7,98.9,109.8,109.3,AttackMove,BlockedByFriend,fortress,route,moved,0,,ammo_carrier#973 moving,airfield(fixed)@8.9 heavy_tank(moving)@6.5 ammo_carrier(moving)@6.4
junglepass,Weekly,1,full,993,rocket_technical,1,8870,443.5,452.0,8.5,69.3,68.5,47.1,48.3,Move,BlockedByFriend,fortress,road+route,moved,0,,rocket_technical#992 moving,mobile_fortress(parked)@8.6 elite_heavy_tank(moving)@6.1 rocket_technical(moving)@2.8
junglepass,Weekly,2,obstacles,910,smoke_carrier,1,7040,352.0,362.0,10.0,87.2,97.5,112.3,111.8,AttackMove,YieldWait,fortress,,moved,0,,behind mobile_fortress#1018,heavy_turret(fixed)@7.5 base_wall@4
junglepass,Weekly,2,obstacles,1018,mobile_fortress,1,7590,379.5,388.5,9.0,98.9,103.6,52.3,62.5,AttackMove,BlockedByFriend,fortress,,moved,0,,scout_jeep#918 moving,scout_jeep(moving)@7.8 mine_layer(moving)@9.7
junglepass,Weekly,2,obstacles,917,command_vehicle,1,7970,398.5,409.0,10.5,75.8,107.8,92.9,101.0,Move,BlockedByFriend,fortress,,moved,1,ghost,ew_jammer#916 moving,ew_jammer(moving)@5.2 fpv_carrier(moving)@8.3 ammo_carrier(moving)@7.5 ammo_carrier(moving)@3.2 rocket_technical(moving)@9.7 ammo_carrier(moving)@3.9
junglepass,Weekly,2,obstacles,949,rocket_technical,1,8050,402.5,414.0,11.5,80.0,97.0,86.9,102.6,Move,OffRoute,fortress,,moved,1,ghost,to (86.9;102.6) past base_wall,ew_jammer(moving)@7.1 fpv_carrier(moving)@2.5 rocket_technical(moving)@5.4 base_wall@10 base_wall@4
junglepass,Weekly,2,obstacles,932,fpv_carrier,1,8110,405.5,415.5,10.0,80.0,99.2,87.0,97.0,Move,BlockedByFriend,fortress,route,moved,0,,rocket_technical#950 moving,ew_jammer(moving)@7.6 rocket_technical(moving)@1.8 rocket_technical(moving)@3.0 ammo_carrier(moving)@7.0 engineer_vehicle(parked)@9.4 base_wall@5
junglepass,Weekly,2,obstacles,945,ammo_carrier,1,8150,407.5,417.0,9.5,88.0,120.3,92.4,108.6,Move,BlockedByFriend,fortress,,moved,0,,mine_layer#1038 moving,drone_hangar(fixed)@8.0 heavy_tank(moving)@6.1 mobile_fortress(moving)@8.3 mine_layer(moving)@3.9
junglepass,Weekly,2,obstacles,1000,heavy_tank,1,8890,444.5,459.5,15.0,85.9,123.9,95.7,109.9,AttackMove,OffRoute,fortress,,moved,1,ghost,to (95.7;109.9) past base_wall,drone_hangar(fixed)@6.6 ew_jammer(moving)@7.6 command_vehicle(moving)@5.0 sapper(moving)@6.4 ammo_carrier(moving)@8.3 mobile_fortress(moving)@8.6 rocket_technical(parked)@5.2 base_wall@7
junglepass,Weekly,2,obstacles,926,sapper,1,9050,452.5,463.5,11.0,79.9,127.9,112.3,111.8,AttackMove,OffRoute,fortress,,moved,1,ghost,to (95.0;113.0) past base_wall,ew_jammer(moving)@9.8 command_vehicle(parked)@8.1 base_wall@4
junglepass,Weekly,2,obstacles,936,bmpt,1,10540,527.0,536.5,9.5,84.3,124.0,111.9,111.4,AttackMove,BlockedByFriend,fortress,,moved,0,,mobile_fortress#1018 moving,drone_hangar(fixed)@8.0 ammo_carrier(moving)@8.1 heavy_rocket_artillery(moving)@9.0 base_wall@6
junglepass,Weekly,2,obstacles,1000,heavy_tank,1,11600,580.0,588.5,8.5,72.3,115.4,105.0,122.9,AttackMove,BlockedByFriend,fortress,road,moved,0,,ew_jammer#916 moving,ew_jammer(moving)@4.8 ammo_carrier(moving)@9.7 ammo_carrier(moving)@7.0 vbied(moving)@9.6
capital,Defend,1,light,801,titan_tank,0,3070,153.5,162.0,8.5,84.7,60.5,117.0,53.0,AttackMove,BlockedByFriend,fortress,,moved,0,,heavy_tank#812 moving,heavy_tank(moving)@4.1 aa_vehicle(moving)@6.2 ifv(moving)@9.9
capital,Defend,1,light,873,aa_vehicle,0,4500,225.0,234.0,9.0,106.9,116.4,101.9,102.1,Move,BlockedByFriend,fortress,,moved,0,,mobile_fortress#871 moving,main_battle_tank(moving)@9.4 mobile_fortress(moving)@9.4 titan_tank(moving)@9.2 siege_tank(moving)@6.2
capital,Defend,1,light,809,siege_tank,0,5950,297.5,308.0,10.5,87.1,113.2,97.1,106.8,Move,YieldWait,fortress,road,moved,1,ghost,behind titan_tank#836,titan_tank(parked)@7.8 ifv(moving)@8.3 ifv(moving)@9.9 base_wall@10
capital,Defend,1,light,880,siege_tank,0,6000,300.0,309.0,9.0,92.9,128.4,100.1,121.0,Move,GateWait,fortress,,gave up,0,,doorway 0,titan_tank(moving)@8.8 ifv(moving)@8.3 aa_vehicle(moving)@4.6 base_wall@7 base_wall@6
capital,Defend,1,light,850,siege_tank,0,6470,323.5,336.5,13.0,85.6,128.0,92.3,119.4,Move,BlockedByFriend,fortress+gate,narrow+nopark,moved,1,ghost,main_battle_tank#843 moving,titan_tank(moving)@9.2 titan_tank(moving)@9.1 siege_tank(moving)@8.5 main_battle_tank(moving)@7.1 siege_tank(moving)@9.8 base_wall@6 base_wall@6
capital,Defend,1,light,880,siege_tank,0,7140,357.0,365.5,8.5,86.0,124.1,81.0,135.0,Move,Unknown,fortress+gate,nopark,moved,0,,speed 2.0 strikes 0,titan_tank(moving)@7.1 base_wall@3
capital,Defend,1,light,906,main_battle_tank,0,7260,363.0,372.0,9.0,133.0,136.5,139.1,116.4,AttackMove,BlockedByFriend,fortress,,moved,0,,mobile_fortress#871 moving,titan_tank(parked)@7.5 elite_heavy_tank(moving)@5.0
capital,Defend,1,light,909,elite_heavy_tank,0,7460,373.0,381.5,8.5,108.1,117.0,125.0,115.0,AttackMove,OffRoute,fortress,,moved,0,,to (125.0;115.0) past command_hq,heavy_tank(moving)@5.6 main_battle_tank(parked)@8.0 siege_tank(moving)@9.0 ifv(parked)@5.3 heavy_tank(moving)@6.1 elite_mbt(moving)@8.3 artillery(parked)@4.9 aa_vehicle(moving)@7.7
capital,Defend,1,light,909,elite_heavy_tank,0,8030,401.5,410.5,9.0,111.3,115.0,113.0,103.9,AttackMove,BlockedByFriend,fortress,,moved,0,,titan_tank#878 moving,titan_tank(moving)@3.4 heavy_tank(moving)@7.9 titan_tank(moving)@7.3 ifv(parked)@9.6 aa_vehicle(moving)@4.0 heavy_tank(moving)@7.3 main_battle_tank(moving)@6.5 aa_vehicle(moving)@9.0
capital,Defend,1,light,852,heavy_tank,0,8060,403.0,411.5,8.5,106.8,109.6,97.2,142.8,AttackMove,BlockedByFriend,fortress,route,moved,0,,aa_vehicle#896 moving,heavy_tank(moving)@7.5 titan_tank(moving)@9.3 ifv(moving)@7.7 aa_vehicle(moving)@4.2 heavy_tank(moving)@8.4 elite_heavy_tank(moving)@5.1 aa_vehicle(moving)@4.0
capital,Defend,2,full,866,armored_car,0,2740,137.0,147.5,10.5,96.4,98.0,99.2,87.9,Move,OffRoute,fortress,,moved,1,ghost,to (99.2;87.9) past missile_battery(defence),missile_battery(fixed)@8.8 airfield(fixed)@8.6 main_battle_tank(parked)@9.8 scout_jeep(moving)@10.0 aa_vehicle(parked)@4.7 scout_jeep(moving)@7.9 armored_car(parked)@8.5 scout_jeep(parked)@4.0 scout_jeep(parked)@4.9 light_tank(parked)@6.4 main_battle_tank(parked)@8.4 aa_vehicle(parked)@9.7
capital,Defend,2,full,832,main_battle_tank,0,2910,145.5,156.0,10.5,101.1,89.1,108.1,92.0,AttackMove,BlockedByFriend,fortress,,moved,0,,aa_vehicle#853 parked,airfield(fixed)@3.9 aa_vehicle(parked)@4.8 light_tank(parked)@4.8 scout_jeep(moving)@8.3 armored_car(parked)@4.0 aa_vehicle(moving)@3.2 mlrs(moving)@7.7 base_wall@8 base_wall@6
capital,Defend,2,full,879,aa_vehicle,0,2910,145.5,156.0,10.5,100.0,86.1,86.6,7.7,AttackMove,YieldWait,fortress,,moved,1,ghost,waiting on a yield,airfield(fixed)@7.1 main_battle_tank(moving)@3.2 aa_vehicle(parked)@5.1 light_tank(parked)@6.6 armored_car(parked)@2.0 base_wall@5 base_wall@5
capital,Defend,2,full,866,armored_car,0,3160,158.0,168.0,10.0,99.0,86.0,76.7,50.5,Move,YieldWait,fortress,,moved,0,,behind aa_vehicle#853,missile_battery(fixed)@9.4 airfield(fixed)@7.6 main_battle_tank(moving)@3.7 aa_vehicle(moving)@6.3 base_wall@4 base_wall@6
capital,Defend,2,full,865,armored_car,0,3290,164.5,173.0,8.5,105.3,96.9,103.7,8.8,Move,BlockedByDefence,fortress,,moved,0,,airfield#805 parked,airfield(fixed)@5.0 main_battle_tank(moving)@8.9 aa_vehicle(moving)@9.2 armored_car(moving)@9.8
capital,Defend,2,full,837,siege_tank,0,5310,265.5,274.0,8.5,24.7,22.1,-9.0,77.0,Move,BlockedByDefence,fortress,,moved,0,,minefield#826 parked,minefield(fixed)@6.1
capital,Defend,2,full,874,siege_tank,0,6500,325.0,333.5,8.5,-16.2,74.7,21.5,123.3,Move,BlockedByFriend,fortress,,moved,0,,siege_tank#837 moving,
capital,Defend,2,full,895,ifv,0,6690,334.5,345.5,11.0,35.7,114.8,59.0,51.0,AttackMove,BlockedByFriend,fortress,,moved,0,,aa_vehicle#887 moving,main_battle_tank(moving)@8.9 main_battle_tank(parked)@4.9 scout_jeep(moving)@10.0 armored_car(moving)@6.4 aa_vehicle(moving)@8.5 aa_vehicle(moving)@4.4 armored_car(moving)@3.5 ifv(moving)@8.3 aa_vehicle(moving)@4.7 armored_car(moving)@9.3 scout_jeep(moving)@2.8 armored_car(moving)@6.3 base_wall@5
capital,Defend,2,full,891,armored_car,0,7260,363.0,372.5,9.5,35.0,121.7,60.5,24.3,Move,YieldWait,fortress,,moved,0,,behind aa_vehicle#887,aa_vehicle(moving)@2.9 ifv(parked)@9.3 siege_tank(moving)@8.9 mlrs(moving)@4.9 siege_tank(moving)@3.8 scout_jeep(moving)@5.3 armored_car(moving)@7.1 armored_car(moving)@5.6
capital,Endless,1,full,847,heavy_tank,0,1260,63.0,72.5,9.5,101.1,86.6,81.0,11.0,AttackMove,BlockedByDefence,fortress,,moved,0,,airfield#805 parked,airfield(fixed)@6.2 ifv(moving)@7.9 ifv(moving)@9.1 base_wall@6 base_wall@4
capital,Endless,1,full,849,ifv,0,1610,80.5,90.5,10.0,101.1,87.8,18.6,91.3,AttackMove,YieldWait,fortress,,moved,0,,waiting on a yield,airfield(fixed)@5.1 titan_tank(moving)@4.8 base_wall@7 base_wall@5
capital,Endless,1,full,853,aa_vehicle,0,2200,110.0,120.5,10.5,98.4,93.9,12.6,93.2,AttackMove,BlockedByDefence,fortress,,moved,1,ghost,airfield#805 parked,heavy_turret(fixed)@7.9 airfield(fixed)@4.9 heavy_tank(moving)@7.4 titan_tank(moving)@5.2 ifv(moving)@5.3
capital,Endless,1,full,847,heavy_tank,0,2670,133.5,143.0,9.5,86.8,108.9,12.6,94.4,AttackMove,YieldWait,fortress,,moved,0,,waiting on a yield,aa_vehicle(moving)@4.4 ifv(moving)@5.5 titan_tank(moving)@6.6 siege_tank(moving)@6.8
capital,Endless,1,full,897,heavy_tank,0,3720,186.0,197.0,11.0,98.7,88.2,92.4,106.3,Move,BlockedByDefence,fortress,,moved,1,ghost,airfield#805 parked,heavy_turret(fixed)@8.2 airfield(fixed)@6.1 base_wall@5 base_wall@7
capital,Endless,1,full,863,ifv,0,4820,241.0,255.0,14.0,34.7,117.1,72.2,72.7,AttackMove,YieldWait,fortress,,moved,0,,behind titan_tank#857,aa_vehicle(moving)@8.9 titan_tank(moving)@5.7 main_battle_tank(moving)@5.1 ifv(moving)@4.2 ifv(moving)@3.0 aa_vehicle(moving)@7.0 base_wall@7
capital,Endless,1,full,849,ifv,0,5220,261.0,271.5,10.5,27.5,113.1,64.9,69.3,AttackMove,BlockedByFriend,fortress,,moved,1,ghost,titan_tank#828 moving,titan_tank(moving)@4.5 titan_tank(moving)@5.8 aa_vehicle(moving)@4.5 ifv(moving)@9.1 aa_vehicle(moving)@7.0 siege_tank(moving)@4.1
capital,Endless,1,full,918,siege_tank,0,5240,262.0,271.0,9.0,63.0,113.9,21.0,113.4,Move,BlockedByFriend,fortress,,moved,0,,siege_tank#920 moving,ifv(moving)@7.2 ifv(moving)@9.3 siege_tank(moving)@7.9
capital,Endless,1,full,852,ifv,0,5330,266.5,275.0,8.5,34.5,117.0,69.3,49.1,AttackMove,YieldWait,fortress,,moved,0,,behind titan_tank#830,titan_tank(moving)@4.6 titan_tank(moving)@8.3 aa_vehicle(moving)@9.3 artillery(moving)@9.6 aa_vehicle(moving)@3.6 siege_tank(moving)@7.7 base_wall@7
capital,Endless,1,full,838,aa_vehicle,0,5450,272.5,281.5,9.0,28.1,110.7,7.1,72.5,AttackMove,YieldWait,fortress,road,moved,0,,waiting on a yield,titan_tank(moving)@6.7 ifv(moving)@9.6 artillery(moving)@6.4
capital,Endless,1,full,921,main_battle_tank,0,5590,279.5,288.5,9.0,52.9,63.7,57.0,51.0,AttackMove,BlockedByFriend,fortress,,moved,0,,titan_tank#857 parked,aa_turret(fixed)@4.9 titan_tank(parked)@5.5 aa_vehicle(moving)@9.2 shield_generator@8
capital,Endless,1,full,836,siege_tank,0,5650,282.5,295.0,12.5,62.5,94.9,-25.0,105.0,Move,YieldWait,fortress,,moved,1,ghost,waiting on a yield,gun_pit(fixed)@5.6 ifv(moving)@8.8 heavy_tank(moving)@7.7
capital,Endless,1,full,938,heavy_tank,0,6570,328.5,337.5,9.0,67.0,54.3,57.2,63.7,AttackMove,BlockedByFriend,fortress,,gave up,0,,ifv#863 moving,ifv(moving)@3.5 titan_tank(moving)@8.3 ifv(moving)@4.5 heavy_tank(parked)@6.8 aa_vehicle(moving)@6.7
capital,Endless,1,full,897,heavy_tank,0,6830,341.5,352.5,11.0,59.3,62.0,17.4,58.2,AttackMove,BlockedByFriend,fortress,,moved,0,,aa_vehicle#939 moving,titan_tank(moving)@8.5 ifv(moving)@9.7 ifv(moving)@9.1 heavy_tank(moving)@8.3 aa_vehicle(moving)@5.8 ifv(moving)@4.5 ifv(moving)@4.2 shield_generator@5
capital,Endless,1,full,902,titan_tank,0,6960,348.0,359.0,11.0,62.0,45.7,50.8,60.8,AttackMove,BlockedByFriend,fortress+gate,route+narrow+nopark,moved,1,ghost,heavy_tank#938 moving,ifv(moving)@5.2 heavy_tank(moving)@8.9 heavy_tank(moving)@4.9 aa_vehicle(moving)@10.0 guard_tower(fixed)@3.8
capital,Endless,1,full,880,aa_vehicle,0,7440,372.0,382.0,10.0,63.1,52.9,53.0,63.0,AttackMove,BlockedByFriend,fortress,route,moved,0,,main_battle_tank#858 moving,titan_tank(moving)@6.9 ifv(moving)@6.3 main_battle_tank(moving)@4.6 titan_tank(moving)@9.6 main_battle_tank(moving)@9.3 ifv(moving)@9.5 ifv(moving)@5.4 guard_tower(fixed)@6.4 shield_generator@7
capital,Endless,1,full,940,ifv,0,7500,375.0,384.0,9.0,65.9,44.1,7.1,66.9,AttackMove,OffRoute,fortress+gate,route+narrow+nopark,moved,0,,to (63.0;43.0) past fortress_gate,titan_tank(moving)@8.6 titan_tank(moving)@5.7 main_battle_tank(moving)@5.3 heavy_tank(moving)@9.7 ifv(moving)@4.5 guard_tower(fixed)@7.9 fortress_gate@7
capital,Endless,1,full,918,siege_tank,0,7950,397.5,406.0,8.5,59.9,64.3,39.3,40.0,Move,BlockedByFriend,fortress,,moved,0,,siege_tank#836 moving,siege_tank(moving)@5.3 artillery(moving)@5.3 artillery(moving)@9.0 shield_generator@8
capital,Endless,1,full,918,siege_tank,0,8230,411.5,421.0,9.5,66.1,60.6,39.3,40.0,Move,YieldWait,fortress,,moved,0,,behind siege_tank#836,siege_tank(moving)@8.5 ifv(parked)@8.2 artillery(moving)@6.4 aa_vehicle(moving)@3.8 shield_generator@10
capital,Endless,1,full,830,titan_tank,0,8690,434.5,443.0,8.5,60.7,42.1,57.2,64.3,AttackMove,BlockedByFriend,fortress,,moved,0,,heavy_tank#938 moving,titan_tank(moving)@6.7 heavy_tank(moving)@6.9 heavy_tank(moving)@9.7 siege_tank(moving)@6.3 heavy_tank(moving)@5.4 main_battle_tank(moving)@7.9 guard_tower(fixed)@6.1
capital,Endless,1,full,830,titan_tank,0,8860,443.0,456.0,13.0,62.0,41.8,56.9,34.3,AttackMove,BlockedByFriend,fortress,,moved,0,,heavy_tank#938 moving,heavy_tank(moving)@7.0 titan_tank(parked)@5.8 heavy_tank(moving)@9.6 heavy_tank(moving)@7.5 siege_tank(moving)@5.4 heavy_tank(moving)@5.4 main_battle_tank(moving)@7.8 guard_tower(fixed)@6.9
capital,Endless,1,full,938,heavy_tank,0,8910,445.5,454.0,8.5,68.5,43.3,63.4,60.5,AttackMove,BlockedByFriend,fortress,road,moved,0,,siege_tank#918 moving,titan_tank(moving)@6.3 titan_tank(parked)@9.5 main_battle_tank(moving)@7.7 siege_tank(moving)@5.8 main_battle_tank(moving)@8.5
capital,Endless,1,full,1022,artillery,0,9470,473.5,482.0,8.5,106.9,97.9,52.8,26.5,Move,Unknown,fortress,,moved,0,,speed 2.9 strikes 0,airfield(fixed)@6.7
capital,Endless,1,full,963,main_battle_tank,0,10040,502.0,513.0,11.0,113.0,46.7,121.8,46.7,AttackMove,BlockedByFriend,fortress,,gave up,0,,aa_vehicle#1021 moving,titan_tank(moving)@9.1 heavy_tank(moving)@5.8 heavy_tank(moving)@9.2 ifv(moving)@7.9 aa_vehicle(moving)@4.6 aa_vehicle(moving)@5.3 aa_vehicle(moving)@4.1 shield_generator@7
capital,Endless,1,full,938,heavy_tank,0,10110,505.5,514.0,8.5,104.5,38.5,116.4,56.5,AttackMove,BlockedByFriend,fortress,,moved,0,,heavy_tank#897 moving,heavy_tank(moving)@4.0 ifv(moving)@5.5 aa_vehicle(moving)@9.4 aa_vehicle(moving)@9.5 aa_vehicle(moving)@6.1 base_wall@9
capital,Endless,1,full,1019,aa_vehicle,0,10200,510.0,518.5,8.5,110.1,48.0,116.4,56.5,AttackMove,BlockedByFriend,fortress,,moved,0,,heavy_tank#875 moving,heavy_tank(moving)@6.0 heavy_tank(moving)@6.0 heavy_tank(moving)@8.1 ifv(moving)@6.4 aa_vehicle(moving)@10.0 aa_vehicle(moving)@3.4 shield_generator@5
capital,Endless,1,full,897,heavy_tank,0,10360,518.0,528.5,10.5,104.9,46.2,87.3,17.2,AttackMove,BlockedByFriend,fortress,,gave up,0,,aa_vehicle#1017 moving,heavy_tank(moving)@9.3 aa_vehicle(moving)@5.8 aa_vehicle(moving)@7.9 aa_vehicle(parked)@4.9 aa_vehicle(moving)@7.6 shield_generator@9
capital,Endless,1,full,967,titan_tank,0,10690,534.5,543.5,9.0,115.4,72.6,116.2,49.2,AttackMove,BlockedByFriend,fortress,road,gave up,0,,ifv#1049 moving,main_battle_tank(moving)@8.9 ifv(moving)@6.7
capital,Endless,1,full,875,heavy_tank,0,11050,552.5,563.5,11.0,109.3,42.7,110.6,66.4,AttackMove,BlockedByFriend,fortress,,moved,1,ghost,ifv#1049 moving,titan_tank(parked)@6.2 siege_tank(moving)@7.1 titan_tank(moving)@6.7 main_battle_tank(moving)@7.9 aa_vehicle(moving)@6.3 aa_vehicle(moving)@4.1 ifv(moving)@3.9
capital,Endless,1,full,878,siege_tank,0,11480,574.0,584.5,10.5,101.1,41.7,111.5,12.6,Move,BlockedByFriend,fortress,,moved,0,,ifv#1072 parked,heavy_tank(parked)@8.1 main_battle_tank(parked)@6.7 ifv(parked)@6.5 ifv(parked)@3.9 ifv(parked)@4.9
capital,Endless,1,full,967,titan_tank,0,11820,591.0,600.1,9.1,116.9,51.9,93.3,22.4,AttackMove,BlockedByFriend,fortress,,open,1,ghost,aa_vehicle#991 moving,titan_tank(moving)@8.3 heavy_tank(moving)@5.3 main_battle_tank(moving)@7.9 aa_vehicle(moving)@4.4 aa_vehicle(moving)@7.5 ifv(parked)@9.6 ifv(moving)@7.4 titan_tank(moving)@8.8 ifv(moving)@4.6 shield_generator@7
capital,Endless,1,full,1080,titan_tank,0,11820,591.0,599.5,8.5,114.4,60.4,94.0,25.4,AttackMove,BlockedByDefence,fortress,,moved,0,,atgm_tower#811 parked,atgm_tower(fixed)@7.3 heavy_tank(moving)@5.2 titan_tank(moving)@8.8 shield_generator@9
capital,Endless,2,obstacles,857,armored_car,0,1410,70.5,80.0,9.5,86.0,100.4,80.3,108.5,Move,BlockedByFriend,fortress,,gave up,0,,scout_jeep#846 parked,siege_tank(moving)@9.2 aa_vehicle(parked)@8.6 aa_vehicle(moving)@4.4 scout_jeep(parked)@3.8 mlrs(moving)@7.4 light_tank(parked)@9.4 base_wall@5
capital,Endless,2,obstacles,842,aa_vehicle,0,1590,79.5,90.5,11.0,86.1,96.4,77.6,87.8,Move,BlockedByFriend,fortress,,moved,1,ghost,mlrs#862 moving,heavy_turret(fixed)@7.3 scout_jeep(moving)@8.4 armored_car(moving)@8.9 mlrs(moving)@5.1 light_tank(moving)@8.6 scout_jeep(moving)@5.3 scout_jeep(moving)@8.5 base_wall@9 base_wall@3
capital,Endless,2,obstacles,883,siege_tank,0,2620,131.0,140.0,9.0,87.4,68.3,66.7,-1.1,Move,BlockedByFriend,fortress,road,moved,0,,armored_car#857 moving,main_battle_tank(moving)@6.4 armored_car(moving)@6.6 armored_car(moving)@5.8 scout_jeep(moving)@8.0 armored_car(moving)@3.5 aa_vehicle(moving)@8.4 light_tank(moving)@9.2 scout_jeep(moving)@8.7 scout_jeep(moving)@5.9 aa_vehicle(moving)@4.9 light_tank(moving)@3.9
capital,Endless,2,obstacles,891,ifv,0,3810,190.5,199.5,9.0,81.5,103.4,63.3,71.2,AttackMove,YieldWait,fortress,route,moved,0,,waiting on a yield,main_battle_tank(moving)@3.9 aa_vehicle(parked)@9.4 armored_car(moving)@7.1 light_tank(moving)@4.7 ifv(moving)@9.4 ifv(moving)@3.8 armored_car(moving)@5.1 armored_car(moving)@5.8 base_wall@8
capital,Endless,2,obstacles,839,siege_tank,0,5890,294.5,306.0,11.5,114.4,59.6,123.0,19.0,Move,BlockedByFriend,fortress,,moved,1,ghost,main_battle_tank#888 moving,gun_pit(fixed)@7.5 siege_tank(moving)@6.9 main_battle_tank(moving)@5.4 aa_vehicle(parked)@10.0 scout_jeep(moving)@9.6 light_tank(moving)@9.6 shield_generator@8
capital,Endless,2,obstacles,892,ifv,0,6930,346.5,355.0,8.5,59.2,109.8,51.0,117.0,AttackMove,YieldWait,fortress+gate,nopark,moved,0,,behind main_battle_tank#832,gun_pit(fixed)@9.8 main_battle_tank(parked)@5.6 ifv(moving)@7.6 ifv(moving)@2.9 aa_vehicle(parked)@8.6 armored_car(moving)@4.5 light_tank(moving)@4.8 aa_vehicle(parked)@5.9 aa_vehicle(parked)@7.6 shield_generator@8
capital,Endless,2,obstacles,840,siege_tank,0,8840,442.0,455.0,13.0,44.0,135.3,29.3,144.0,Move,YieldWait,fortress,,moved,0,,behind siege_tank#883,minefield(fixed)@7.8 main_battle_tank(moving)@7.6 siege_tank(moving)@7.7 base_wall@5
capital,Endless,2,obstacles,972,armored_car,0,9030,451.5,461.0,9.5,62.3,119.4,56.0,112.7,AttackMove,YieldWait,fortress,,gave up,0,,behind armored_car#966,ifv(parked)@4.1 light_tank(moving)@7.9 armored_car(moving)@5.0 light_tank(moving)@8.9 armored_car(moving)@5.5 scout_jeep(moving)@7.6 aa_vehicle(moving)@4.8 scout_jeep(moving)@8.9 aa_vehicle(moving)@7.7
capital,Endless,2,obstacles,1018,siege_tank,0,9110,455.5,466.5,11.0,45.0,135.8,79.0,143.0,Move,BlockedByDefence,fortress,,moved,1,ghost,minefield#816 parked,minefield(fixed)@6.7 siege_tank(moving)@5.7 aa_vehicle(moving)@8.8 base_wall@5
capital,Endless,2,obstacles,972,armored_car,0,9400,470.0,480.5,10.5,56.1,105.8,56.0,112.7,AttackMove,YieldWait,fortress+gate,narrow+nopark,gave up,1,ghost,behind main_battle_tank#1017,gun_pit(fixed)@7.0 ifv(parked)@9.3 light_tank(moving)@9.1 scout_jeep(moving)@9.2 aa_vehicle(moving)@5.9 main_battle_tank(moving)@6.2 ifv(parked)@8.8 shield_generator@7
capital,Endless,2,obstacles,888,main_battle_tank,0,9670,483.5,492.0,8.5,43.7,118.0,56.4,112.9,AttackMove,BlockedByFriend,fortress+gate,nopark,moved,0,,aa_vehicle#976 moving,main_battle_tank(moving)@8.2 aa_vehicle(parked)@6.5 scout_jeep(moving)@9.6 light_tank(moving)@3.9 light_tank(moving)@7.6 armored_car(parked)@4.0 aa_vehicle(moving)@4.5 scout_jeep(moving)@7.8 ifv(moving)@4.7 base_wall@7
capital,Endless,2,obstacles,883,siege_tank,0,10160,508.0,522.0,14.0,38.6,132.0,46.4,144.0,Move,OffRoute,fortress,,moved,1,ghost,to (46.4;144.0) past base_wall,siege_tank(moving)@8.5 siege_tank(moving)@6.1 light_tank(moving)@9.1 mlrs(parked)@9.3 base_wall@6
capital,Endless,2,obstacles,832,main_battle_tank,0,10730,536.5,546.0,9.5,45.4,116.9,32.8,108.1,AttackMove,BlockedByFriend,fortress+gate,nopark,moved,0,,scout_jeep#973 moving,aa_vehicle(moving)@8.4 scout_jeep(moving)@5.8 light_tank(parked)@3.3 scout_jeep(moving)@3.6 aa_vehicle(moving)@7.0 scout_jeep(moving)@8.3 aa_vehicle(parked)@6.6 ifv(moving)@8.8 base_wall@7 shield_generator@9
capital,Endless,2,obstacles,1017,main_battle_tank,0,10920,546.0,556.0,10.0,41.5,130.6,51.0,117.0,AttackMove,BlockedByFriend,fortress,,moved,0,,main_battle_tank#1050 moving,siege_tank(moving)@8.4 aa_vehicle(moving)@5.9 scout_jeep(moving)@4.2 siege_tank(moving)@5.1 ifv(moving)@8.0 main_battle_tank(moving)@4.1 base_wall@8
capital,Endless,2,obstacles,995,aa_vehicle,0,11100,555.0,565.0,10.0,44.8,113.5,44.8,68.5,AttackMove,BlockedByObstacle,fortress+gate,narrow+nopark,moved,0,,base_wall,main_battle_tank(moving)@10.0 ifv(moving)@4.3 light_tank(moving)@6.3 armored_car(moving)@8.3 light_tank(moving)@8.6 armored_car(moving)@3.9 aa_vehicle(moving)@7.0 main_battle_tank(moving)@10.0 base_wall@5 shield_generator@7
capital,Endless,2,obstacles,1017,main_battle_tank,0,11380,569.0,579.0,10.0,42.1,118.6,44.8,71.7,AttackMove,BlockedByFriend,fortress+gate,nopark,gave up,0,,main_battle_tank#1050 moving,aa_vehicle(moving)@8.4 aa_vehicle(moving)@7.5 scout_jeep(moving)@9.1 main_battle_tank(moving)@4.4 base_wall@7
capital,Endless,2,obstacles,839,siege_tank,0,11550,577.5,586.0,8.5,44.3,141.2,45.6,120.7,Move,YieldWait,fortress,,moved,0,,waiting on a yield,minefield(fixed)@8.1 siege_tank(parked)@5.8 base_wall@5 base_wall@6
capital,Weekly,1,obstacles,885,titan_tank,0,4050,202.5,211.5,9.0,-89.8,-82.2,-93.8,-92.6,Move,BlockedByFriend,camp0,,moved,0,,aa_vehicle#888 moving,minefield(fixed)@9.4 aa_vehicle(moving)@3.7 ifv(moving)@5.4
capital,Weekly,1,obstacles,877,armored_bulldozer,0,4770,238.5,247.0,8.5,-42.0,24.1,11.0,73.0,AttackMove,Unknown,field+gate,road+narrow+nopark,moved,0,,speed 3.4 strikes 0,aa_vehicle(moving)@5.3 heavy_tank(moving)@7.4 office_block@9 wreck_truck@8
capital,Weekly,1,obstacles,881,twin_tank,1,5150,257.5,267.5,10.0,102.5,122.2,119.0,115.0,AttackMove,OffRoute,fortress,,moved,0,,to (119.0;115.0) past ammo_depot(defence),gun_pit(fixed)@6.3 ammo_depot(fixed)@8.8 scout_jeep(moving)@3.4 flame_tank(parked)@3.9
capital,Weekly,1,obstacles,884,fpv_carrier,1,6290,314.5,323.5,9.0,90.0,99.9,90.9,106.7,Move,YieldWait,fortress,,gave up,0,,behind mobile_fortress#908,heavy_turret(fixed)@9.0 counter_battery_radar(moving)@7.1 counter_battery_radar(moving)@3.7 armored_car(moving)@7.5 base_wall@8
capital,Weekly,1,obstacles,878,ammo_carrier,1,6330,316.5,325.5,9.0,69.7,95.3,79.0,85.0,Move,BlockedByFriend,fortress,road,moved,0,,sapper#871 parked,heavy_tank(moving)@8.1 sapper(parked)@6.0 twin_tank(moving)@4.3 mobile_fortress(moving)@8.6
capital,Weekly,1,obstacles,869,flame_tank,1,7820,391.0,399.5,8.5,90.3,60.2,75.2,33.3,AttackMove,Unknown,fortress,,moved,0,,speed 4.1 strikes 0,super_gun(fixed)@9.5 mobile_fortress(parked)@9.9
capital,Weekly,1,obstacles,908,mobile_fortress,1,8560,428.0,440.0,12.0,81.7,82.5,95.7,109.9,AttackMove,BlockedByFriend,fortress,,moved,1,ghost,wheeled_gun#892 moving,
capital,Weekly,1,obstacles,925,elite_heavy_tank,1,9650,482.5,491.0,8.5,96.6,85.9,116.1,105.0,AttackMove,YieldWait,fortress+gate,route+nopark,moved,0,,behind heavy_rocket_artillery#867,heavy_turret(fixed)@7.6 repair_bay(fixed)@9.2 heavy_rocket_artillery(moving)@7.0 rocket_technical(moving)@8.9 fpv_carrier(moving)@4.1 counter_battery_radar(moving)@9.5 counter_battery_radar(moving)@7.5 base_wall@8
capital,Weekly,1,obstacles,923,siege_tank,0,10300,515.0,524.0,9.0,38.8,-30.0,27.0,-57.0,Move,Unknown,field,road,moved,0,,speed 2.0 strikes 0,aa_vehicle(parked)@5.2 river_water@9 river_water@7 river_water@6 river_water@8
capital,Weekly,1,obstacles,947,titan_tank,0,10990,549.5,562.0,12.5,-92.0,-95.5,104.4,64.4,AttackMove,OffRoute,camp0,,moved,1,ghost,to (-49.0;-97.0) past gun_pit(defence),gun_pit(fixed)@5.3 aa_vehicle(parked)@5.1 aa_vehicle(parked)@8.3 aa_vehicle(parked)@8.0 ifv(parked)@9.4
capital,Weekly,1,obstacles,858,command_vehicle,1,11610,580.5,591.5,11.0,99.9,86.4,104.5,101.4,Move,BlockedByFriend,fortress+gate,route+nopark,moved,1,ghost,ammo_carrier#878 moving,heavy_turret(fixed)@10.0 repair_bay(fixed)@6.8 ammo_carrier(moving)@4.8 fpv_carrier(parked)@10.0 elite_heavy_tank(moving)@4.9 base_wall@5
capital,Weekly,2,light,858,rocket_technical,1,5070,253.5,262.5,9.0,83.7,101.3,92.6,100.3,Move,YieldWait,fortress,,moved,0,,behind mobile_fortress#862,scout_jeep(moving)@1.8 scout_jeep(moving)@6.3 ew_jammer(moving)@4.7 thermobaric_launcher(moving)@6.9 ammo_carrier(moving)@5.1 rocket_technical(moving)@4.0 counter_battery_radar(moving)@7.7
capital,Weekly,2,light,823,heavy_rocket_artillery,1,5150,257.5,268.0,10.5,83.1,86.0,92.6,98.5,Move,YieldWait,fortress,,moved,1,ghost,behind mobile_fortress#862,scout_jeep(moving)@8.2 heavy_tank(moving)@5.7 wheeled_gun(moving)@9.6
capital,Weekly,2,light,864,rocket_technical,1,5200,260.0,269.5,9.5,84.2,96.8,92.3,99.7,Move,YieldWait,fortress,,moved,0,,behind mobile_fortress#862,scout_jeep(moving)@3.9 scout_jeep(moving)@4.7 heavy_rocket_artillery(moving)@8.3 ew_jammer(moving)@9.5 rocket_technical(moving)@6.4 mobile_fortress(moving)@9.6
capital,Weekly,2,light,808,scout_jeep,1,5230,261.5,270.0,8.5,85.0,98.7,139.0,103.0,Move,BlockedByFriend,fortress,,gave up,0,,rocket_technical#864 moving,scout_jeep(moving)@5.2 heavy_rocket_artillery(moving)@6.3 ew_jammer(moving)@7.3 rocket_technical(moving)@3.2 mobile_fortress(moving)@9.8 rocket_technical(moving)@2.5 counter_battery_radar(moving)@9.2
capital,Weekly,2,light,858,rocket_technical,1,5250,262.5,271.5,9.0,84.3,100.7,92.6,100.3,Move,YieldWait,fortress,,moved,0,,behind mobile_fortress#862,scout_jeep(moving)@4.3 scout_jeep(moving)@8.7 heavy_rocket_artillery(parked)@8.3 ew_jammer(moving)@4.1 ammo_carrier(moving)@7.5 rocket_technical(moving)@4.7 counter_battery_radar(moving)@7.7
capital,Weekly,2,light,875,heavy_tank,1,7220,361.0,370.5,9.5,104.2,106.5,111.5,101.9,AttackMove,BlockedByFriend,fortress,route,gave up,0,,heavy_tank#841 moving,heavy_rocket_artillery(moving)@6.2 heavy_tank(moving)@4.9 counter_battery_radar(moving)@7.2 rocket_technical(moving)@2.7 flame_tank(moving)@7.1 elite_heavy_tank(parked)@9.3
capital,Weekly,2,light,908,elite_heavy_tank,1,7680,384.0,392.5,8.5,73.2,99.5,110.4,125.7,AttackMove,Unknown,fortress,road,moved,0,,speed 2.1 strikes 0,mobile_fortress(parked)@9.2
capital,Weekly,2,light,875,heavy_tank,1,7800,390.0,398.5,8.5,97.0,85.8,87.1,48.3,AttackMove,BlockedByFriend,fortress,route,moved,0,,elite_heavy_tank#909 moving,smoke_carrier(moving)@7.2 thermobaric_launcher(moving)@8.6 ammo_carrier(moving)@5.4 flame_tank(moving)@3.8 elite_heavy_tank(moving)@5.2 base_wall@7
capital,Weekly,2,light,841,heavy_tank,1,8370,418.5,427.0,8.5,97.9,82.5,125.0,115.0,AttackMove,StalePath,fortress,route,moved,0,,leg 2/6 to (95.0;81.0) crosses base_wall,long_sam(moving)@7.9 ew_jammer(moving)@4.9 ammo_carrier(moving)@6.8 rocket_technical(moving)@6.7 rocket_technical(moving)@9.3 base_wall@6
capital,Weekly,2,light,830,ew_jammer,1,8740,437.0,447.5,10.5,107.0,86.4,94.8,58.9,Move,BlockedByFriend,fortress,,moved,1,ghost,tank_destroyer#877 moving,mobile_fortress(moving)@9.5 tank_destroyer(moving)@4.3 base_wall@4 fortress_gate@7
capital,Weekly,2,light,908,elite_heavy_tank,1,9300,465.0,475.0,10.0,79.8,50.0,76.5,28.3,AttackMove,BlockedByFriend,fortress,,moved,0,,mobile_fortress#862 moving,long_sam(moving)@8.4 mine_layer(moving)@6.8 ew_jammer(moving)@5.5
capital,Weekly,2,light,875,heavy_tank,1,10080,504.0,513.5,9.5,97.0,98.9,94.2,91.1,Move,BlockedByFriend,fortress,,moved,0,,flame_tank#932 moving,heavy_tank(moving)@7.2 mobile_fortress(moving)@8.9 flame_tank(moving)@3.8
capital,Weekly,2,light,962,vbied,1,11490,574.5,583.0,8.5,91.5,86.0,101.0,87.1,Move,BlockedByFriend,fortress,,moved,0,,mobile_fortress#862 moving,mobile_fortress(moving)@9.8 twin_tank(moving)@4.3 mine_layer(moving)@5.1
capital,Weekly,2,light,862,mobile_fortress,1,11580,579.0,589.0,10.0,101.3,86.1,40.2,-25.7,AttackMove,BlockedByFriend,fortress,,moved,0,,vbied#962 moving,base_wall@4
capital,Weekly,2,light,962,vbied,1,11660,583.0,591.5,8.5,94.2,83.9,101.0,87.1,Move,OffRoute,fortress,route,moved,0,,to (101.0;87.1) past base_wall,elite_heavy_tank(moving)@3.2 base_wall@10
