map,mode,seed,config,vehicle,def,team,start_tick,start_s,end_s,seconds,x,y,goal_x,goal_y,order,cause,area,lanes,outcome,rescues,rescue_kinds,detail,nearby
ashfield,Defend,1,full,512,siege_tank,0,2900,145.0,158.5,13.5,53.2,100.9,63.0,91.0,Move,OffRoute,fortress+gate,nopark,moved,0,,to (55.0;95.0) past ammo_dump,gun_pit(fixed)@6.8 siege_tank(moving)@4.6 ifv(moving)@8.5 ammo_dump@7 floodlight_mast@8
ashfield,Defend,1,full,512,siege_tank,0,3960,198.0,236.5,38.5,52.9,100.8,63.0,91.0,Move,BlockedByDefence,fortress+gate,nopark,moved,0,,gun_pit#455 parked,gun_pit(fixed)@7.2 siege_tank(moving)@7.0 ammo_dump@7 floodlight_mast@7
ashfield,Defend,1,full,512,siege_tank,0,5470,273.5,284.5,11.0,62.9,93.4,33.0,115.2,Move,BlockedByDefence,fortress,,moved,0,,gun_pit#455 parked,gun_pit(fixed)@7.2
ashfield,Defend,1,full,483,siege_tank,0,5800,290.0,299.0,9.0,34.0,125.7,47.5,118.3,Move,YieldWait,fortress,,moved,0,,behind siege_tank#481,siege_tank(moving)@4.3 stone_wall@9 base_wall@7
ashfield,Defend,1,full,571,artillery,0,6480,324.0,335.0,11.0,99.9,61.0,114.2,35.8,Move,BlockedByFriend,fortress,,moved,0,,titan_tank#501 moving,heavy_tank(moving)@5.9 titan_tank(moving)@5.2 heavy_tank(moving)@6.7
ashfield,Defend,1,full,490,heavy_tank,0,6530,326.5,335.5,9.0,105.5,59.4,113.2,65.3,AttackMove,BlockedByFriend,fortress+gate,narrow+nopark,moved,0,,artillery#571 moving,heavy_tank(parked)@9.8 heavy_tank(moving)@8.7 main_battle_tank(parked)@6.5 artillery(moving)@5.2 shield_generator@8
ashfield,Defend,1,full,481,siege_tank,0,6940,347.0,361.0,14.0,92.6,62.2,124.8,16.9,Move,BlockedByDefence,fortress,,moved,0,,super_gun#472 parked,siege_tank(moving)@8.7 artillery(moving)@5.2
ashfield,Defend,1,full,553,main_battle_tank,0,7000,350.0,358.5,8.5,108.0,58.8,107.4,68.8,AttackMove,YieldWait,fortress+gate,narrow+nopark,moved,0,,behind heavy_tank#490,titan_tank(moving)@9.7 heavy_tank(moving)@2.8 siege_tank(moving)@7.3 ifv(parked)@8.4 aa_vehicle(moving)@5.4 shield_generator@5
ashfield,Defend,1,full,473,titan_tank,0,7240,362.0,385.5,23.5,113.4,64.1,119.2,54.2,AttackMove,BlockedByFriend,fortress,,moved,0,,siege_tank#512 moving,titan_tank(moving)@8.4 siege_tank(moving)@4.3 heavy_tank(moving)@5.4 ifv(moving)@7.7 shield_generator@6
ashfield,Defend,1,full,575,ifv,0,7270,363.5,373.0,9.5,105.6,68.5,96.7,72.0,Idle,BlockedByFriend,fortress,road,moved,0,,titan_tank#501 moving,titan_tank(moving)@8.2 siege_tank(moving)@8.4 titan_tank(moving)@5.4 siege_tank(moving)@5.9 heavy_tank(moving)@2.8 aa_vehicle(moving)@7.4
ashfield,Defend,1,full,483,siege_tank,0,7340,367.0,378.5,11.5,121.1,71.4,136.2,21.3,Move,BlockedByFriend,fortress,,moved,0,,heavy_tank#532 moving,titan_tank(moving)@5.1 siege_tank(moving)@8.1 heavy_tank(moving)@7.0 aa_vehicle(moving)@9.7 fuel_depot@8
ashfield,Defend,1,full,501,titan_tank,0,7340,367.0,375.5,8.5,107.0,72.1,113.0,51.0,AttackMove,BlockedByFriend,fortress,road,moved,0,,ifv#575 moving,titan_tank(moving)@8.8 siege_tank(moving)@6.7 aa_vehicle(moving)@4.5 ifv(moving)@3.7 aa_vehicle(moving)@6.6
ashfield,Defend,1,full,483,siege_tank,0,7570,378.5,388.5,10.0,121.0,69.7,136.2,21.3,Move,YieldWait,fortress+gate,nopark,moved,0,,waiting on a yield,titan_tank(moving)@6.2 titan_tank(moving)@5.3 siege_tank(moving)@7.4 heavy_tank(moving)@8.0 main_battle_tank(moving)@4.3 aa_vehicle(moving)@6.8 fuel_depot@9
ashfield,Defend,1,full,553,main_battle_tank,0,7800,390.0,399.0,9.0,119.1,52.5,113.2,65.3,AttackMove,BlockedByFriend,fortress,,moved,0,,ifv#570 parked,siege_tank(moving)@5.1 heavy_tank(parked)@4.8 heavy_tank(moving)@8.9 ifv(parked)@3.7 ifv(parked)@7.7 shield_generator@8
ashfield,Defend,1,full,500,titan_tank,0,8240,412.0,424.5,12.5,122.0,72.2,119.2,54.2,AttackMove,GateWait,fortress,,moved,0,,doorway 0,titan_tank(parked)@9.1 main_battle_tank(moving)@8.8 ifv(moving)@7.5 fuel_depot@7
ashfield,Defend,1,full,569,main_battle_tank,0,8500,425.0,434.0,9.0,104.6,55.0,80.7,60.5,AttackMove,YieldWait,fortress+gate,narrow+nopark,moved,0,,behind ifv#573,ifv(moving)@5.4 ifv(moving)@8.1 shield_generator@9
ashfield,Defend,1,full,575,ifv,0,8510,425.5,442.0,16.5,98.6,60.9,113.0,51.0,AttackMove,YieldWait,fortress,,moved,0,,behind ifv#573,super_gun(fixed)@9.6 siege_tank(moving)@7.1 heavy_tank(moving)@7.7 heavy_tank(moving)@4.7 main_battle_tank(moving)@7.6 main_battle_tank(moving)@8.4 ifv(moving)@7.7 ifv(moving)@4.8
ashfield,Defend,1,full,512,siege_tank,0,9010,450.5,459.5,9.0,90.2,72.0,124.0,16.0,Move,BlockedByFriend,fortress,road,moved,0,,ifv#575 moving,siege_tank(moving)@8.2 heavy_tank(moving)@6.7 main_battle_tank(moving)@8.8 ifv(moving)@5.8 aa_vehicle(moving)@9.0 ifv(moving)@6.6 aa_vehicle(moving)@6.5 ifv(moving)@8.2 ifv(moving)@9.1
ashfield,Defend,2,obstacles,494,siege_tank,0,1060,53.0,62.0,9.0,86.3,100.9,-13.0,63.8,Move,BlockedByFriend,fortress,,moved,0,,aa_vehicle#491 moving,aa_vehicle(moving)@6.3 ifv(moving)@4.0 light_tank(parked)@7.9 base_wall@6
ashfield,Defend,2,obstacles,519,main_battle_tank,0,2960,148.0,159.0,11.0,82.6,102.4,91.0,97.0,Move,YieldWait,fortress,,moved,0,,behind scout_jeep#529,aa_vehicle(moving)@7.8 main_battle_tank(moving)@5.6 main_battle_tank(moving)@7.4 scout_jeep(moving)@4.3 scout_jeep(moving)@4.5 ifv(moving)@7.2 light_tank(moving)@9.4 base_wall@6
ashfield,Defend,2,obstacles,506,aa_vehicle,0,3080,154.0,166.0,12.0,86.0,96.2,31.0,17.0,AttackMove,YieldWait,fortress,,moved,0,,waiting on a yield,heavy_turret(fixed)@7.2 main_battle_tank(moving)@4.0 main_battle_tank(moving)@7.7 scout_jeep(moving)@7.1 ifv(moving)@9.2 ifv(moving)@7.6 base_wall@9 base_wall@3
ashfield,Defend,2,obstacles,581,armored_car,0,4830,241.5,252.5,11.0,96.2,97.2,89.0,96.9,Move,StalePath,fortress+gate,nopark,gave up,0,,leg 2/2 to (89.0;96.9) crosses heavy_turret(defence),heavy_turret(fixed)@8.1 repair_bay(fixed)@8.3 armored_car(moving)@6.5 armored_car(moving)@8.0 armored_car(moving)@4.6 scout_jeep(moving)@6.4 main_battle_tank(moving)@3.6
ashfield,Defend,2,obstacles,589,ifv,0,5710,285.5,299.5,14.0,58.3,105.5,51.0,105.0,AttackMove,YieldWait,fortress+gate,narrow+nopark,gave up,0,,behind ifv#585,gun_pit(fixed)@5.8 aa_vehicle(moving)@8.6 aa_vehicle(moving)@9.1 armored_car(parked)@7.6 armored_car(moving)@8.2 main_battle_tank(moving)@6.6 ifv(moving)@4.4 shield_generator@5
ashfield,Defend,2,obstacles,519,main_battle_tank,0,5950,297.5,310.0,12.5,44.2,108.1,69.8,110.4,AttackMove,YieldWait,fortress,,moved,0,,behind aa_vehicle#568,scout_jeep(moving)@5.1 aa_vehicle(moving)@9.8 light_tank(parked)@9.4 aa_vehicle(moving)@8.5 aa_vehicle(moving)@5.0 armored_car(moving)@5.2 armored_car(moving)@3.9 armored_car(moving)@8.6 armored_car(moving)@7.8 main_battle_tank(moving)@4.0 ifv(moving)@7.5 base_wall@6
ashfield,Defend,2,obstacles,615,ifv,0,7440,372.0,380.5,8.5,65.7,110.0,47.7,117.6,AttackMove,BlockedByFriend,fortress,,moved,0,,ifv#587 moving,ifv(moving)@4.1 light_tank(moving)@6.1 light_tank(moving)@6.6 ifv(moving)@9.9 ifv(moving)@9.0 shield_generator@8 ammo_dump@9
ashfield,Defend,2,obstacles,603,main_battle_tank,0,8000,400.0,411.0,11.0,65.8,102.3,45.8,111.6,AttackMove,BlockedByDefence,fortress+gate,nopark,moved,0,,gun_pit#458 parked,gun_pit(fixed)@6.3 ifv(moving)@7.6 mlrs(parked)@6.0 aa_vehicle(parked)@9.2 aa_vehicle(moving)@5.2
ashfield,Defend,2,obstacles,615,ifv,0,8590,429.5,439.0,9.5,54.7,106.0,68.3,104.4,AttackMove,YieldWait,fortress+gate,nopark,moved,0,,behind main_battle_tank#603,gun_pit(fixed)@8.0 main_battle_tank(moving)@4.9 light_tank(moving)@8.1 aa_vehicle(moving)@8.5 ifv(moving)@6.4 main_battle_tank(moving)@4.7 main_battle_tank(parked)@7.8 scout_jeep(moving)@3.0 aa_vehicle(moving)@6.3 aa_vehicle(moving)@9.4 shield_generator@6
ashfield,Defend,2,obstacles,603,main_battle_tank,0,8610,430.5,440.5,10.0,59.1,105.9,45.8,111.6,AttackMove,BlockedByFriend,fortress+gate,narrow+nopark,moved,0,,ifv#615 moving,gun_pit(fixed)@6.0 main_battle_tank(moving)@8.6 main_battle_tank(moving)@7.8 main_battle_tank(parked)@9.3 ifv(moving)@3.2 scout_jeep(parked)@7.6 aa_vehicle(moving)@8.4 aa_vehicle(moving)@7.5 aa_vehicle(moving)@5.1 shield_generator@5
ashfield,Defend,2,obstacles,646,aa_vehicle,0,8650,432.5,442.5,10.0,62.7,105.4,47.7,117.6,AttackMove,YieldWait,fortress+gate,narrow+nopark,moved,0,,behind main_battle_tank#603,gun_pit(fixed)@6.1 main_battle_tank(moving)@5.6 main_battle_tank(moving)@6.5 mlrs(moving)@8.3 ifv(moving)@4.6 ifv(moving)@6.5 aa_vehicle(moving)@4.7 aa_vehicle(moving)@9.2 shield_generator@7
ashfield,Defend,2,obstacles,584,main_battle_tank,0,8670,433.5,444.5,11.0,65.5,110.4,51.0,105.0,AttackMove,YieldWait,fortress,,moved,0,,behind aa_vehicle#639,ifv(moving)@6.6 ifv(moving)@7.0 aa_vehicle(moving)@4.0 aa_vehicle(moving)@7.0 shield_generator@8 ammo_dump@8
ashfield,Defend,2,obstacles,608,main_battle_tank,0,8850,442.5,457.0,14.5,54.9,99.7,70.2,110.4,AttackMove,BlockedByFriend,fortress+gate,nopark,moved,0,,aa_vehicle#568 moving,gun_pit(fixed)@5.2 aa_vehicle(moving)@4.5 ifv(moving)@8.2 main_battle_tank(moving)@10.0 scout_jeep(parked)@8.2 aa_vehicle(moving)@8.9 aa_vehicle(moving)@7.6 aa_vehicle(moving)@4.8 siege_tank(moving)@9.2
ashfield,Defend,2,obstacles,584,main_battle_tank,0,9270,463.5,473.5,10.0,60.6,104.4,51.0,105.0,AttackMove,BlockedByDefence,fortress+gate,narrow+nopark,moved,0,,gun_pit#458 parked,gun_pit(fixed)@4.4 main_battle_tank(moving)@4.6 light_tank(parked)@10.0 main_battle_tank(moving)@6.5 light_tank(moving)@7.5 scout_jeep(moving)@9.5 main_battle_tank(moving)@7.6 armored_car(moving)@5.7 shield_generator@7
ashfield,Defend,2,obstacles,519,main_battle_tank,0,9280,464.0,474.0,10.0,56.3,105.7,68.3,104.4,AttackMove,OffRoute,fortress+gate,narrow+nopark,moved,0,,to (55.0;95.0) past gun_pit(defence),gun_pit(fixed)@6.8 main_battle_tank(moving)@4.6 ifv(moving)@9.4 main_battle_tank(moving)@3.0 light_tank(moving)@6.7 ifv(moving)@7.3 armored_car(moving)@8.9 scout_jeep(parked)@4.8 armored_car(moving)@9.3 shield_generator@6
ashfield,Endless,1,obstacles,486,siege_tank,0,1800,90.0,98.5,8.5,-13.7,42.5,-9.7,66.7,Move,Unknown,fortress,route,gave up,0,,speed 1.8 strikes 0,
ashfield,Endless,1,obstacles,476,titan_tank,0,3530,176.5,186.0,9.5,56.7,80.4,51.0,57.0,AttackMove,BlockedByFriend,fortress,,moved,0,,aa_vehicle#495 moving,gun_pit(fixed)@6.3 minefield(fixed)@6.5 aa_vehicle(moving)@4.8 main_battle_tank(moving)@3.3
ashfield,Endless,1,obstacles,495,aa_vehicle,0,3630,181.5,191.0,9.5,58.8,80.1,51.0,57.0,AttackMove,BlockedByDefence,fortress,,moved,0,,minefield#462 parked,gun_pit(fixed)@7.6 minefield(fixed)@4.6 main_battle_tank(moving)@3.1 ifv(moving)@4.5
ashfield,Endless,1,obstacles,534,main_battle_tank,0,3760,188.0,196.5,8.5,58.7,82.1,51.0,57.0,AttackMove,BlockedByDefence,fortress,,moved,0,,minefield#462 parked,gun_pit(fixed)@6.1 minefield(fixed)@4.3 titan_tank(moving)@8.9 aa_vehicle(moving)@5.2 aa_vehicle(moving)@4.5 ifv(moving)@8.5
ashfield,Endless,1,obstacles,484,siege_tank,0,5050,252.5,263.0,10.5,41.8,63.9,35.0,71.0,Move,YieldWait,fortress,,gave up,0,,waiting on a yield,dragons_teeth(fixed)@7.1 titan_tank(parked)@8.3 artillery(moving)@5.9 fortress_gate@7
ashfield,Endless,1,obstacles,525,siege_tank,0,5490,274.5,283.5,9.0,34.7,60.1,35.0,83.0,Move,StalePath,fortress,,moved,0,,leg 2/6 to (45.0;57.0) crosses dragons_teeth(defence),
ashfield,Endless,1,obstacles,594,main_battle_tank,0,5690,284.5,293.0,8.5,49.0,102.7,51.8,114.8,AttackMove,BlockedByFriend,fortress,,moved,0,,titan_tank#476 moving,titan_tank(moving)@4.8 heavy_tank(moving)@7.6 titan_tank(moving)@4.4 main_battle_tank(moving)@4.2 heavy_tank(moving)@7.9 ifv(parked)@5.9 base_wall@9
ashfield,Endless,1,obstacles,513,titan_tank,0,5740,287.0,296.0,9.0,48.5,96.1,64.4,114.5,AttackMove,BlockedByFriend,fortress,,moved,0,,main_battle_tank#534 moving,main_battle_tank(moving)@4.9 heavy_tank(moving)@7.4 main_battle_tank(parked)@9.2
ashfield,Endless,1,obstacles,478,titan_tank,0,6880,344.0,353.0,9.0,46.8,122.6,55.0,125.0,Move,BlockedByFriend,fortress+gate,nopark,moved,0,,heavy_tank#501 moving,titan_tank(moving)@9.5 heavy_tank(moving)@4.8 titan_tank(moving)@5.7 main_battle_tank(moving)@9.7 aa_vehicle(moving)@6.3 floodlight_mast@7
ashfield,Endless,1,obstacles,621,titan_tank,0,7760,388.0,396.5,8.5,106.9,63.4,113.0,51.0,AttackMove,BlockedByFriend,fortress+gate,nopark,moved,0,,heavy_tank#553 moving,heavy_tank(moving)@7.4 titan_tank(moving)@6.2 heavy_tank(moving)@3.5 ifv(parked)@6.2 ifv(moving)@6.7 shield_generator@8
ashfield,Endless,1,obstacles,513,titan_tank,0,7930,396.5,406.5,10.0,99.9,69.1,113.0,51.0,AttackMove,YieldWait,fortress,road,moved,0,,waiting on a yield,titan_tank(moving)@7.6 heavy_tank(moving)@7.3 titan_tank(moving)@9.3 main_battle_tank(moving)@6.2 aa_vehicle(moving)@5.1
ashfield,Endless,1,obstacles,478,titan_tank,0,8090,404.5,413.0,8.5,91.5,65.1,52.4,52.2,AttackMove,BlockedByFriend,fortress,,gave up,0,,titan_tank#621 moving,titan_tank(moving)@8.9
ashfield,Endless,1,obstacles,501,heavy_tank,0,8360,418.0,428.5,10.5,104.0,59.1,118.7,54.5,AttackMove,BlockedByFriend,fortress+gate,narrow+nopark,moved,0,,titan_tank#476 moving,titan_tank(moving)@6.0 titan_tank(moving)@7.6 main_battle_tank(moving)@8.4 titan_tank(moving)@4.7 aa_vehicle(moving)@9.2 shield_generator@9
ashfield,Endless,1,obstacles,476,titan_tank,0,8440,422.0,434.0,12.0,104.7,54.3,113.2,65.3,AttackMove,YieldWait,fortress+gate,narrow+nopark,moved,0,,behind heavy_tank#501,heavy_tank(moving)@7.0 heavy_tank(moving)@6.6 main_battle_tank(moving)@6.4 shield_generator@9
ashfield,Endless,1,obstacles,478,titan_tank,0,8480,424.0,434.0,10.0,107.0,65.1,98.0,71.1,Move,GateWait,fortress,,moved,0,,doorway 0,heavy_tank(moving)@5.3 titan_tank(moving)@9.0 ifv(moving)@5.7 aa_vehicle(moving)@9.5 aa_vehicle(moving)@6.6 shield_generator@9
ashfield,Endless,1,obstacles,478,titan_tank,0,9050,452.5,463.5,11.0,106.3,48.7,111.0,41.0,Move,YieldWait,fortress+gate,nopark,moved,0,,behind heavy_tank#553,heavy_tank(moving)@8.7 heavy_tank(moving)@8.9 titan_tank(moving)@9.5 main_battle_tank(moving)@5.3 base_wall@9
ashfield,Endless,1,obstacles,478,titan_tank,0,9270,463.5,473.5,10.0,108.9,51.9,111.0,41.0,Move,YieldWait,fortress+gate,nopark,moved,0,,behind heavy_tank#501,heavy_tank(moving)@6.5 main_battle_tank(parked)@8.1 shield_generator@7
ashfield,Endless,1,obstacles,486,siege_tank,0,11080,554.0,564.5,10.5,108.3,44.4,123.7,53.8,Move,YieldWait,fortress,,moved,0,,waiting on a yield,heavy_tank(moving)@7.5 titan_tank(moving)@6.8 aa_vehicle(moving)@6.7 base_wall@6
ashfield,Endless,2,light,451,main_battle_tank,0,1620,81.0,93.5,12.5,0.6,72.1,57.0,51.0,AttackMove,BlockedByFriend,fortress,road+route,moved,0,,mlrs#464 moving,main_battle_tank(moving)@4.0 main_battle_tank(moving)@4.9 siege_tank(moving)@9.0 mlrs(moving)@4.2 artillery_wreck@7
ashfield,Weekly,1,light,486,flame_tank,1,3780,189.0,204.5,15.5,107.8,86.8,99.3,68.7,AttackMove,BlockedByFriend,fortress,,moved,0,,mobile_fortress#487 moving,smoke_carrier(moving)@3.5 sapper(moving)@4.7 mobile_fortress(moving)@7.3 fortress_gate@6
ashfield,Weekly,1,light,502,fpv_carrier,1,4040,202.0,213.5,11.5,88.9,94.7,94.1,85.7,Move,YieldWait,fortress,,moved,0,,behind mobile_fortress#487,mine_layer(moving)@4.9 thermobaric_launcher(moving)@7.5 vbied(moving)@5.7 vbied(moving)@5.3 mobile_fortress(moving)@9.5 base_wall@9
ashfield,Weekly,1,light,477,sapper,1,4100,205.0,214.0,9.0,108.9,89.0,92.9,65.2,AttackMove,BlockedByFriend,fortress,,moved,0,,sam_launcher#454 moving,smoke_carrier(moving)@6.6 sam_launcher(moving)@4.5 bmpt(moving)@8.1 fortress_gate@7
ashfield,Weekly,1,light,477,sapper,1,5200,260.0,269.0,9.0,95.3,121.8,110.4,125.7,AttackMove,YieldWait,fortress,,moved,0,,behind mobile_fortress#487,command_vehicle(moving)@6.9 mine_layer(moving)@2.9 twin_tank(moving)@5.7 mobile_fortress(parked)@9.7 fpv_carrier(moving)@4.4
ashfield,Weekly,1,light,463,bmpt,1,5240,262.0,273.0,11.0,109.1,130.0,103.2,122.7,AttackMove,BlockedByFriend,fortress,,moved,0,,mobile_fortress#487 parked,mobile_fortress(parked)@9.9 heavy_tank(moving)@4.5 base_wall@7 base_wall@5
ashfield,Weekly,1,light,477,sapper,1,5470,273.5,288.0,14.5,97.9,122.9,105.3,115.4,AttackMove,BlockedByFriend,fortress,,moved,0,,twin_tank#476 moving,scout_jeep(moving)@4.1 mine_layer(moving)@7.5 twin_tank(moving)@3.5 mobile_fortress(parked)@9.5 turtle_tank(moving)@7.0
ashfield,Weekly,1,light,505,heavy_tank,1,5540,277.0,292.5,15.5,113.3,122.0,109.8,109.3,AttackMove,BlockedByFriend,fortress,,moved,0,,sam_launcher#454 moving,sam_launcher(moving)@4.7 bmpt(parked)@5.2 bmpt(parked)@9.8 mine_layer(moving)@9.6
ashfield,Weekly,1,light,486,flame_tank,1,6280,314.0,325.5,11.5,125.8,111.6,113.1,118.9,AttackMove,YieldWait,fortress,,gave up,0,,behind mobile_fortress#487,mine_layer(parked)@3.5 base_wall@8
ashfield,Weekly,1,light,463,bmpt,1,6380,319.0,330.5,11.5,110.9,115.3,95.9,127.8,AttackMove,BlockedByFriend,fortress,,moved,0,,mobile_fortress#487 parked,scout_jeep(moving)@9.7 mine_layer(parked)@4.0 twin_tank(moving)@4.4 sapper(parked)@9.0 heavy_tank(moving)@6.6
ashfield,Weekly,1,light,480,thermobaric_launcher,1,6390,319.5,331.0,11.5,102.4,109.2,110.6,107.1,Move,YieldWait,fortress,,gave up,0,,behind mobile_fortress#487,scout_jeep(moving)@8.8 twin_tank(moving)@8.3 mobile_fortress(parked)@8.4 elite_heavy_tank(moving)@6.2 heavy_tank(moving)@4.1 rocket_technical(moving)@9.8
ashfield,Weekly,1,light,500,turtle_tank,1,6570,328.5,337.5,9.0,115.9,99.0,82.9,90.1,AttackMove,BlockedByFriend,fortress,,moved,0,,rocket_technical#517 moving,command_vehicle(moving)@8.7 bmpt(moving)@4.6 flame_tank(moving)@8.1 elite_heavy_tank(moving)@5.4 rocket_technical(moving)@5.8
ashfield,Weekly,1,light,505,heavy_tank,1,6700,335.0,344.0,9.0,106.4,114.5,84.4,98.9,AttackMove,BlockedByFriend,fortress,,moved,0,,elite_heavy_tank#497 parked,bmpt(moving)@6.9 heavy_rocket_artillery(moving)@8.9 elite_heavy_tank(parked)@5.6 mine_layer(moving)@5.1
ashfield,Weekly,1,light,505,heavy_tank,1,7360,368.0,383.0,15.0,115.2,110.4,110.5,117.1,AttackMove,BlockedByFriend,fortress,,gave up,0,,elite_heavy_tank#497 moving,twin_tank(moving)@7.0 sapper(moving)@4.4 elite_heavy_tank(moving)@6.4
ashfield,Weekly,1,light,477,sapper,1,7410,370.5,380.0,9.5,111.2,109.8,103.2,114.9,AttackMove,BlockedByFriend,fortress,,gave up,0,,sam_launcher#454 moving,sam_launcher(moving)@4.9 mine_layer(moving)@8.7 twin_tank(moving)@5.1 elite_heavy_tank(moving)@6.7 heavy_tank(moving)@4.4 rocket_technical(moving)@9.4 railgun_truck(moving)@9.5
ashfield,Weekly,1,light,477,sapper,1,7870,393.5,402.0,8.5,113.4,110.6,58.4,47.4,AttackMove,BlockedByFriend,fortress,,moved,0,,elite_heavy_tank#497 moving,scout_jeep(moving)@9.0 bmpt(moving)@6.9 elite_heavy_tank(moving)@4.7
ashfield,Weekly,1,light,496,elite_heavy_tank,1,10670,533.5,544.0,10.5,104.3,93.0,93.6,91.4,Move,BlockedByFriend,fortress,,moved,0,,mine_layer#474 moving,mine_layer(moving)@5.6 twin_tank(moving)@9.3 sapper(moving)@6.8 flame_tank(moving)@6.3 mobile_fortress(moving)@8.3 turtle_tank(moving)@9.9
ashfield,Weekly,2,full,568,mobile_fortress,1,8880,444.0,454.0,10.0,88.1,116.0,77.0,137.0,AttackMove,BlockedByFriend,fortress,road,moved,0,,armored_car#564 moving,bmpt(moving)@8.4 armored_car(moving)@8.2
ashfield,Weekly,2,full,525,bmpt,1,9020,451.0,460.0,9.0,92.9,121.7,77.0,137.0,AttackMove,YieldWait,fortress,,moved,0,,behind mobile_fortress#568,drone_hangar(fixed)@6.0 main_battle_tank(parked)@9.5
ashfield,Weekly,2,full,525,bmpt,1,9580,479.0,493.0,14.0,89.8,121.9,77.0,137.0,AttackMove,BlockedByFriend,fortress,,moved,0,,mobile_fortress#568 moving,drone_hangar(fixed)@5.8 armored_car(moving)@5.7 mobile_fortress(moving)@7.1
ashfield,Weekly,2,full,564,armored_car,1,9970,498.5,509.0,10.5,97.6,116.7,107.8,122.2,Move,BlockedByFriend,fortress,,moved,0,,counter_battery_radar#553 moving,command_vehicle(moving)@5.9 rocket_technical(moving)@4.6 bmpt(moving)@8.3 counter_battery_radar(moving)@3.3 armored_car(moving)@5.1 sapper(moving)@7.5
ashfield,Weekly,2,full,633,sapper,1,10310,515.5,524.0,8.5,99.7,112.2,95.6,118.4,AttackMove,BlockedByFriend,fortress,,gave up,0,,bmpt#525 moving,command_vehicle(moving)@4.0 mine_layer(parked)@7.0 bmpt(moving)@2.9 counter_battery_radar(parked)@6.3 engineer_vehicle(parked)@8.4 rocket_technical(parked)@7.4
ashfield,Weekly,2,full,519,heavy_tank,1,11010,550.5,560.5,10.0,86.2,95.5,95.5,97.4,Move,YieldWait,fortress,,gave up,0,,behind heavy_rocket_artillery#645,heavy_rocket_artillery(moving)@5.6
ironport,Defend,1,obstacles,514,siege_tank,0,4190,209.5,228.0,18.5,53.2,100.4,77.7,75.8,Move,BlockedByObstacle,fortress+gate,nopark,moved,0,,ammo_dump,gun_pit(fixed)@6.8 shield_generator@10 ammo_dump@7 floodlight_mast@8
ironport,Defend,1,obstacles,538,titan_tank,0,6850,342.5,355.0,12.5,59.1,108.4,50.3,95.4,AttackMove,BlockedByFriend,fortress+gate,nopark,moved,0,,aa_vehicle#602 moving,gun_pit(fixed)@8.4 main_battle_tank(moving)@6.0 titan_tank(moving)@9.7 main_battle_tank(moving)@9.3 aa_vehicle(moving)@6.5 aa_vehicle(moving)@5.4 shield_generator@8
ironport,Defend,1,obstacles,506,titan_tank,0,7270,363.5,377.0,13.5,59.3,108.7,52.5,131.8,AttackMove,BlockedByFriend,fortress+gate,nopark,moved,0,,ifv#625 moving,gun_pit(fixed)@8.8 siege_tank(moving)@9.0 main_battle_tank(moving)@8.9 aa_vehicle(moving)@5.7 aa_vehicle(moving)@5.9 ifv(moving)@9.6 ifv(moving)@5.1 shield_generator@8
ironport,Defend,1,obstacles,561,titan_tank,0,8210,410.5,420.5,10.0,45.7,116.3,50.3,95.4,AttackMove,GateWait,fortress,,moved,0,,doorway 0,main_battle_tank(moving)@5.5 heavy_tank(moving)@4.0 ifv(parked)@9.2 aa_vehicle(parked)@6.9 base_wall@7 shield_generator@8 container@6
ironport,Defend,1,obstacles,517,heavy_tank,0,8480,424.0,439.0,15.0,57.8,107.9,20.0,82.4,AttackMove,BlockedByFriend,fortress+gate,nopark,moved,0,,aa_vehicle#633 parked,gun_pit(fixed)@8.2 titan_tank(moving)@5.4 siege_tank(moving)@9.9 ifv(moving)@5.9 aa_vehicle(parked)@4.0 aa_vehicle(moving)@5.4 shield_generator@7
ironport,Defend,2,light,514,siege_tank,0,4020,201.0,209.5,8.5,107.8,55.9,103.0,43.0,Move,Unknown,fortress,,moved,0,,speed 1.7 strikes 0,siege_tank(moving)@8.0
ironport,Defend,2,light,569,scout_jeep,0,4820,241.0,250.0,9.0,128.7,106.7,125.0,115.0,AttackMove,BlockedByFriend,fortress,,moved,0,,mobile_fortress#561 parked,armored_car(moving)@3.9 mobile_fortress(parked)@7.1 elite_heavy_tank(moving)@7.6 base_wall@6 base_wall@7
ironport,Endless,1,light,551,aa_vehicle,0,4270,213.5,223.0,9.5,121.5,104.0,110.2,128.7,AttackMove,BlockedByFriend,fortress,,moved,0,,aa_vehicle#553 moving,titan_tank(moving)@6.2 mobile_fortress(moving)@8.3 aa_vehicle(moving)@3.8 aa_vehicle(moving)@3.8
ironport,Endless,1,light,553,aa_vehicle,0,4300,215.0,224.5,9.5,123.2,107.5,117.1,112.7,AttackMove,BlockedByFriend,fortress,,gave up,0,,aa_vehicle#551 moving,titan_tank(moving)@9.4 aa_vehicle(parked)@8.6 aa_vehicle(moving)@3.7 aa_vehicle(moving)@7.0
ironport,Endless,1,light,544,siege_tank,0,4510,225.5,236.5,11.0,104.3,46.3,112.2,57.4,Move,BlockedByDefence,fortress,,moved,0,,super_gun#474 parked,
ironport,Endless,1,light,551,aa_vehicle,0,4890,244.5,255.0,10.5,100.6,86.0,81.8,77.8,AttackMove,BlockedByFriend,fortress,,moved,0,,titan_tank#477 parked,titan_tank(parked)@4.4 ifv(moving)@5.7 base_wall@5
ironport,Endless,1,light,574,siege_tank,0,5210,260.5,271.0,10.5,130.0,114.4,93.3,95.3,Move,BlockedByFriend,fortress,,moved,0,,titan_tank#498 moving,titan_tank(moving)@8.0 base_wall@5 base_wall@7
ironport,Endless,1,light,498,titan_tank,0,6710,335.5,344.0,8.5,112.2,103.7,112.0,118.3,AttackMove,BlockedByFriend,fortress,,moved,0,,main_battle_tank#627 moving,heavy_tank(moving)@6.4 siege_tank(parked)@7.5 aa_vehicle(parked)@8.4 ifv(moving)@6.5 main_battle_tank(moving)@5.5
ironport,Endless,2,full,579,aa_vehicle,0,4680,234.0,243.0,9.0,66.9,79.5,30.8,76.6,AttackMove,BlockedByFriend,fortress,,moved,0,,main_battle_tank#588 parked,minefield(fixed)@4.7 ifv(moving)@6.7 main_battle_tank(moving)@7.5 scout_jeep(moving)@3.9 armored_car(moving)@6.5 main_battle_tank(moving)@6.6 main_battle_tank(parked)@3.6
ironport,Endless,2,full,556,main_battle_tank,0,4730,236.5,245.5,9.0,59.5,80.1,30.7,77.2,AttackMove,BlockedByFriend,fortress,,gave up,0,,main_battle_tank#587 moving,rocket_turret(fixed)@8.0 minefield(fixed)@4.0 ifv(moving)@7.0 scout_jeep(moving)@4.6 armored_car(moving)@9.4 aa_vehicle(moving)@7.8 main_battle_tank(moving)@3.9 main_battle_tank(moving)@10.0
ironport,Endless,2,full,560,scout_jeep,0,4730,236.5,245.0,8.5,63.7,78.4,55.6,81.4,Move,BlockedByFriend,fortress,,moved,0,,ifv#542 moving,minefield(fixed)@3.6 ifv(moving)@3.9 main_battle_tank(moving)@4.6 armored_car(moving)@5.0 armored_car(moving)@9.1 aa_vehicle(moving)@3.9 main_battle_tank(moving)@4.2 main_battle_tank(moving)@9.1 light_tank(moving)@8.4
ironport,Endless,2,full,587,main_battle_tank,0,4900,245.0,253.5,8.5,58.6,77.9,28.3,53.3,AttackMove,YieldWait,fortress,,moved,0,,behind ifv#542,rocket_turret(fixed)@9.3 minefield(fixed)@6.0 main_battle_tank(moving)@4.6 armored_car(moving)@3.7 light_tank(moving)@5.1
ironport,Endless,2,full,588,main_battle_tank,0,5300,265.0,275.5,10.5,46.4,117.3,35.8,44.5,AttackMove,BlockedByFriend,fortress,,moved,0,,ifv#595 moving,main_battle_tank(moving)@5.7 scout_jeep(parked)@6.4 siege_tank(moving)@6.1 main_battle_tank(moving)@9.4 ifv(moving)@5.1 base_wall@8 shield_generator@9 container@7
ironport,Endless,2,full,623,command_vehicle,1,6530,326.5,335.5,9.0,-67.9,-71.6,-35.4,-48.5,Move,BlockedByFriend,field,route,moved,0,,rocket_technical#670 moving,main_battle_tank(moving)@4.9 zu23_technical(moving)@4.5 rocket_technical(moving)@6.2 light_tank(moving)@3.3 rocket_technical(moving)@3.0 sandbags@9
ironport,Endless,2,full,671,aa_vehicle,0,7200,360.0,370.5,10.5,44.9,115.0,11.4,101.2,AttackMove,YieldWait,fortress,,moved,0,,behind aa_vehicle#673,main_battle_tank(moving)@6.8 light_tank(moving)@9.9 light_tank(moving)@9.4 light_tank(moving)@9.3 scout_jeep(moving)@8.1 aa_vehicle(moving)@5.6 aa_vehicle(moving)@7.1 ifv(moving)@4.7 base_wall@6 shield_generator@8 container@5
ironport,Endless,2,full,650,scout_jeep,0,7320,366.0,374.5,8.5,53.3,117.2,74.8,103.1,Move,BlockedByFriend,fortress+gate,narrow+nopark,moved,0,,ifv#652 moving,missile_battery(fixed)@8.6 main_battle_tank(moving)@4.3 main_battle_tank(moving)@5.6 light_tank(moving)@9.8 light_tank(moving)@7.3 armored_car(moving)@5.8 ifv(moving)@3.1 armored_car(moving)@7.3 aa_vehicle(moving)@9.3 aa_vehicle(moving)@7.1 aa_vehicle(moving)@1.1 aa_vehicle(moving)@9.7 ifv(moving)@4.4 scout_jeep(moving)@7.1 shield_generator@8
ironport,Endless,2,full,677,ifv,0,7440,372.0,381.5,9.5,47.8,116.8,57.0,111.0,AttackMove,GateWait,fortress,,gave up,0,,doorway 0,main_battle_tank(moving)@4.2 light_tank(moving)@4.6 light_tank(moving)@8.9 armored_car(moving)@7.6 ifv(moving)@8.4 armored_car(moving)@7.3 aa_vehicle(moving)@4.8 aa_vehicle(moving)@5.0 aa_vehicle(moving)@9.3 aa_vehicle(moving)@4.2 scout_jeep(moving)@9.6 base_wall@9 shield_generator@8 container@7
ironport,Endless,2,full,675,aa_vehicle,0,7480,374.0,386.5,12.5,51.8,117.4,6.6,112.1,AttackMove,BlockedByFriend,fortress+gate,nopark,moved,0,,ifv#677 moving,missile_battery(fixed)@9.4 main_battle_tank(moving)@7.0 armored_car(moving)@6.8 ifv(moving)@5.1 armored_car(moving)@3.9 aa_vehicle(moving)@8.5 aa_vehicle(moving)@7.5 aa_vehicle(moving)@9.0 ifv(moving)@3.8 scout_jeep(moving)@4.9 shield_generator@7
ironport,Endless,2,full,671,aa_vehicle,0,7540,377.0,390.0,13.0,44.8,114.2,32.8,108.1,AttackMove,BlockedByFriend,fortress,,moved,0,,ifv#677 parked,main_battle_tank(moving)@8.1 light_tank(moving)@8.2 light_tank(moving)@6.2 armored_car(moving)@8.1 armored_car(moving)@6.2 aa_vehicle(moving)@4.2 aa_vehicle(moving)@7.7 ifv(parked)@2.8 base_wall@5 shield_generator@7 container@4
ironport,Endless,2,full,682,scout_jeep,0,7540,377.0,385.5,8.5,56.3,114.1,45.8,120.1,AttackMove,OffRoute,fortress+gate,nopark,moved,0,,to (49.0;117.0) past shield_generator,scout_jeep(moving)@4.5 armored_car(moving)@9.9 ifv(moving)@3.5 armored_car(moving)@5.9 armored_car(moving)@4.5 aa_vehicle(moving)@5.9 aa_vehicle(parked)@4.5 ifv(parked)@9.5 scout_jeep(moving)@9.1 shield_generator@7
ironport,Endless,2,full,673,aa_vehicle,0,7560,378.0,387.0,9.0,45.4,119.4,42.0,129.7,AttackMove,GateWait,fortress,,moved,0,,doorway 0,main_battle_tank(moving)@7.1 main_battle_tank(moving)@3.3 light_tank(moving)@6.6 light_tank(moving)@3.8 light_tank(moving)@3.8 armored_car(moving)@4.1 armored_car(moving)@7.6 aa_vehicle(moving)@4.4 aa_vehicle(moving)@6.7 aa_vehicle(moving)@6.2 ifv(parked)@3.8 base_wall@9 container@9
ironport,Endless,2,full,674,aa_vehicle,0,7560,378.0,388.0,10.0,44.3,126.1,63.2,109.4,AttackMove,YieldWait,fortress,,moved,0,,behind light_tank#596,main_battle_tank(moving)@3.9 main_battle_tank(moving)@4.0 light_tank(moving)@3.5 light_tank(moving)@4.8 light_tank(moving)@7.6 armored_car(moving)@9.2 armored_car(moving)@9.8 aa_vehicle(moving)@6.7 aa_vehicle(moving)@9.6
ironport,Endless,2,full,596,light_tank,0,7590,379.5,388.5,9.0,47.4,125.0,40.7,131.3,AttackMove,GateWait,fortress,,moved,0,,doorway 0,main_battle_tank(moving)@5.8 main_battle_tank(moving)@3.3 ifv(moving)@8.0 light_tank(moving)@7.6 light_tank(moving)@7.9 armored_car(moving)@8.7 aa_vehicle(moving)@9.9 aa_vehicle(moving)@3.7 aa_vehicle(moving)@3.9 aa_vehicle(moving)@4.2 ifv(moving)@8.8
ironport,Endless,2,full,556,main_battle_tank,0,7660,383.0,393.5,10.5,41.7,124.7,57.0,111.0,AttackMove,BlockedByFriend,fortress,,moved,0,,light_tank#644 moving,light_tank(moving)@6.8 light_tank(moving)@5.8 light_tank(moving)@3.2 aa_vehicle(moving)@7.8 aa_vehicle(moving)@2.5 aa_vehicle(moving)@6.2 aa_vehicle(moving)@5.7 scout_jeep(moving)@6.0
ironport,Endless,2,full,652,ifv,0,7840,392.0,402.0,10.0,56.0,113.8,17.2,111.9,AttackMove,BlockedByFriend,fortress+gate,nopark,moved,0,,scout_jeep#684 moving,scout_jeep(moving)@4.1 armored_car(moving)@3.7 armored_car(moving)@3.8 armored_car(moving)@7.0 aa_vehicle(moving)@9.7 aa_vehicle(moving)@6.4 ifv(moving)@6.6 scout_jeep(moving)@4.4 scout_jeep(moving)@2.7 siege_tank(moving)@9.4 ifv(moving)@8.9 shield_generator@6
ironport,Endless,2,full,682,scout_jeep,0,7940,397.0,405.5,8.5,62.6,113.3,45.8,120.1,AttackMove,BlockedByFriend,fortress,,moved,0,,scout_jeep#709 moving,scout_jeep(moving)@6.4 armored_car(moving)@3.5 ifv(moving)@4.5 armored_car(moving)@5.8 armored_car(moving)@4.7 aa_vehicle(moving)@5.7 ifv(moving)@9.7 scout_jeep(moving)@8.1 ifv(moving)@6.2 scout_jeep(moving)@3.5 armored_car(moving)@3.6
ironport,Endless,2,full,586,main_battle_tank,0,8300,415.0,424.0,9.0,50.7,120.5,59.2,75.7,AttackMove,BlockedByFriend,fortress+gate,nopark,moved,0,,scout_jeep#709 moving,missile_battery(fixed)@8.5 main_battle_tank(moving)@8.6 light_tank(moving)@7.9 light_tank(moving)@6.0 light_tank(moving)@7.4 armored_car(moving)@8.0 aa_vehicle(parked)@5.8 aa_vehicle(moving)@7.7 scout_jeep(moving)@9.2 scout_jeep(moving)@6.0 scout_jeep(moving)@9.6 ifv(moving)@4.5 scout_jeep(moving)@4.0 armored_car(moving)@5.9
ironport,Endless,2,full,684,scout_jeep,0,8360,418.0,427.5,9.5,58.3,113.1,27.0,104.1,Move,YieldWait,fortress+gate,nopark,moved,0,,behind scout_jeep#682,siege_tank(moving)@9.1 ifv(moving)@5.3 armored_car(moving)@3.2 aa_vehicle(parked)@3.3 ifv(moving)@8.9 scout_jeep(moving)@3.3 armored_car(moving)@7.2 shield_generator@8
ironport,Endless,2,full,673,aa_vehicle,0,8720,436.0,444.5,8.5,47.1,119.1,57.0,111.0,AttackMove,BlockedByFriend,fortress,,moved,0,,scout_jeep#650 moving,main_battle_tank(moving)@7.2 main_battle_tank(moving)@7.3 light_tank(moving)@3.7 scout_jeep(moving)@3.2 scout_jeep(moving)@2.7 ifv(moving)@7.1 scout_jeep(moving)@4.3 main_battle_tank(moving)@6.4 shield_generator@10 container@9
ironport,Endless,2,full,707,siege_tank,0,8900,445.0,455.5,10.5,45.6,139.8,35.0,143.0,Move,BlockedByDefence,fortress,,moved,0,,minefield#488 parked,minefield(fixed)@6.4 siege_tank(moving)@8.2 base_wall@8
ironport,Weekly,1,full,535,titan_tank,0,4000,200.0,209.0,9.0,-95.5,-90.5,30.5,75.6,AttackMove,Unknown,camp0,,moved,0,,speed 1.5 strikes 0,atgm_tower(fixed)@10.0 aa_vehicle(moving)@8.3 aa_vehicle(parked)@7.2
ironport,Weekly,1,full,591,wheeled_gun,1,7350,367.5,376.0,8.5,99.5,123.5,112.4,118.5,AttackMove,YieldWait,fortress,,moved,0,,behind mobile_fortress#608,heavy_turret(fixed)@8.9 gun_pit(fixed)@6.1 vbied(moving)@8.7 mobile_fortress(moving)@8.0
ironport,Weekly,1,full,573,heavy_tank,1,9330,466.5,475.0,8.5,78.1,91.6,103.2,122.7,AttackMove,Unknown,fortress,,moved,0,,speed 3.3 strikes 1,fpv_carrier(parked)@6.3 fpv_carrier(moving)@9.2 rocket_technical(moving)@9.7
ironport,Weekly,1,full,618,counter_battery_radar,1,10820,541.0,549.5,8.5,101.1,104.0,88.4,85.0,Move,BlockedByFriend,fortress,route,moved,0,,elite_heavy_tank#629 moving,fpv_carrier(moving)@6.8 mobile_fortress(parked)@9.1 thermobaric_launcher(moving)@8.2 elite_heavy_tank(moving)@7.6
ironport,Weekly,1,full,543,main_battle_tank,1,11400,570.0,579.0,9.0,96.1,89.3,97.2,77.1,AttackMove,BlockedByFriend,fortress,,moved,0,,fpv_carrier#604 moving,heavy_tank(moving)@6.7 fpv_carrier(moving)@4.7 thermobaric_launcher(moving)@8.4 counter_battery_radar(moving)@9.7 ew_jammer(moving)@4.3 base_wall@10
ironport,Weekly,2,obstacles,548,thermobaric_launcher,1,2430,121.5,130.0,8.5,79.8,110.4,23.0,115.0,Move,BlockedByFriend,fortress,road+route,moved,0,,scout_jeep#534 moving,scout_jeep(parked)@9.2 smoke_carrier(moving)@4.8 scout_jeep(parked)@8.5 scout_jeep(moving)@3.7 scout_jeep(moving)@6.3 sapper(parked)@6.5 railgun_truck(moving)@6.1
metrocity,Defend,1,light,404,titan_tank,0,4040,202.0,211.5,9.5,117.9,109.1,123.4,92.0,AttackMove,BlockedByFriend,fortress,,moved,0,,mobile_fortress#448 parked,main_battle_tank(moving)@3.4 mobile_fortress(parked)@9.0 titan_tank(moving)@7.1
metrocity,Defend,1,light,463,aa_vehicle,0,4480,224.0,233.0,9.0,94.5,102.4,104.8,79.8,AttackMove,BlockedByFriend,fortress,route,moved,0,,titan_tank#402 moving,titan_tank(moving)@3.9 siege_tank(moving)@6.5 titan_tank(moving)@8.5 aa_vehicle(moving)@4.7 ifv(moving)@4.5
metrocity,Defend,1,light,479,ifv,0,5350,267.5,276.0,8.5,107.5,97.3,117.8,113.7,AttackMove,Unknown,fortress,,moved,0,,speed 5.1 strikes 0,titan_tank(moving)@7.2 aa_vehicle(moving)@3.5 elite_heavy_tank(moving)@6.8 main_battle_tank(moving)@5.6
metrocity,Defend,1,light,402,titan_tank,0,5360,268.0,278.0,10.0,101.3,101.5,116.1,105.0,AttackMove,BlockedByFriend,fortress,route,moved,0,,heavy_tank#419 moving,heavy_tank(moving)@5.9 ifv(moving)@7.5 artillery(parked)@9.5 aa_vehicle(moving)@4.1 main_battle_tank(moving)@8.4
metrocity,Defend,1,light,479,ifv,0,6050,302.5,315.0,12.5,107.1,124.6,132.9,137.3,AttackMove,YieldWait,fortress,,moved,0,,behind titan_tank#402,titan_tank(moving)@5.4 heavy_tank(moving)@4.7 main_battle_tank(moving)@7.9 ifv(moving)@7.6 aa_vehicle(moving)@7.2 main_battle_tank(moving)@4.2 base_wall@10
metrocity,Defend,1,light,402,titan_tank,0,6100,305.0,315.0,10.0,107.0,130.0,119.0,146.1,AttackMove,OffRoute,fortress+gate,nopark,moved,0,,to (113.0;135.0) past base_wall,heavy_tank(moving)@7.9 ifv(moving)@4.1 main_battle_tank(moving)@6.2 base_wall@5
metrocity,Defend,2,full,464,light_tank,0,1990,99.5,109.5,10.0,86.5,101.8,55.0,-13.0,AttackMove,OffRoute,fortress,,gave up,0,,to (79.0;103.0) past base_wall,aa_vehicle(moving)@2.7 ifv(moving)@5.1 light_tank(moving)@3.1 base_wall@7
metrocity,Defend,2,full,476,main_battle_tank,0,2800,140.0,151.0,11.0,98.0,96.1,104.3,88.3,AttackMove,BlockedByFriend,fortress,,moved,0,,ifv#461 moving,missile_battery(fixed)@8.7 aa_vehicle(moving)@7.3 ifv(moving)@3.6 light_tank(moving)@3.8 light_tank(moving)@6.5 main_battle_tank(moving)@4.2 ifv(moving)@5.4 armored_car(moving)@6.2 aa_vehicle(moving)@3.9 ifv(moving)@8.6
metrocity,Defend,2,full,475,main_battle_tank,0,2840,142.0,154.5,12.5,98.8,101.1,99.4,87.7,Move,YieldWait,fortress,,moved,0,,behind aa_vehicle#489,aa_vehicle(moving)@9.8 light_tank(moving)@3.7 light_tank(moving)@3.3 main_battle_tank(moving)@6.2 ifv(moving)@6.8 aa_vehicle(moving)@3.6 aa_vehicle(moving)@9.9 ifv(moving)@6.5 scout_jeep(moving)@3.5 scout_jeep(moving)@9.1 scout_jeep(moving)@4.5
metrocity,Defend,2,full,477,ifv,0,2890,144.5,156.5,12.0,92.5,98.0,99.4,87.7,Move,OffRoute,fortress,,moved,0,,to (99.4;87.7) past missile_battery(defence),missile_battery(fixed)@7.2 light_tank(moving)@3.1 main_battle_tank(moving)@7.2 aa_vehicle(moving)@5.8 scout_jeep(moving)@4.7 scout_jeep(moving)@9.1 scout_jeep(moving)@8.0 base_wall@9
metrocity,Defend,2,full,489,aa_vehicle,0,3010,150.5,159.5,9.0,100.8,98.0,55.0,-13.0,AttackMove,YieldWait,fortress,,moved,0,,waiting on a yield,aa_vehicle(moving)@3.7 light_tank(moving)@3.0 light_tank(moving)@7.4 main_battle_tank(moving)@4.6 main_battle_tank(moving)@7.1 ifv(moving)@8.3 armored_car(moving)@4.6 ifv(moving)@5.0 scout_jeep(parked)@2.8
metrocity,Defend,2,full,501,main_battle_tank,0,6460,323.0,332.5,9.5,47.0,118.5,46.2,125.3,AttackMove,GateWait,fortress,,moved,0,,doorway 0,siege_tank(moving)@6.6 light_tank(parked)@4.1 ifv(moving)@4.1 main_battle_tank(moving)@4.2 main_battle_tank(moving)@9.9 light_tank(moving)@6.4 scout_jeep(moving)@3.7 shield_generator@9
metrocity,Defend,2,full,500,main_battle_tank,0,7270,363.5,375.0,11.5,49.9,121.2,63.2,109.4,AttackMove,BlockedByFriend,fortress+gate,nopark,moved,0,,ifv#555 moving,missile_battery(fixed)@9.1 light_tank(moving)@6.7 ifv(moving)@3.8 main_battle_tank(moving)@8.1 aa_vehicle(moving)@8.1 light_tank(moving)@4.2 ifv(moving)@3.5 ifv(parked)@4.4 armored_car(parked)@8.1 scout_jeep(moving)@4.3
metrocity,Defend,2,full,499,main_battle_tank,0,7730,386.5,395.5,9.0,38.2,115.7,51.6,122.2,AttackMove,BlockedByFriend,fortress,road,moved,0,,armored_car#569 moving,siege_tank(parked)@5.8 siege_tank(moving)@6.8 light_tank(parked)@9.8 main_battle_tank(moving)@9.0 siege_tank(moving)@7.8 scout_jeep(moving)@6.0 armored_car(moving)@6.6 armored_car(moving)@4.0 armored_car(parked)@6.2 scout_jeep(moving)@8.1
metrocity,Defend,2,full,588,main_battle_tank,0,8380,419.0,428.0,9.0,46.3,117.7,43.3,127.0,AttackMove,GateWait,fortress,,moved,0,,doorway 0,siege_tank(moving)@9.2 main_battle_tank(moving)@3.9 main_battle_tank(moving)@5.4 main_battle_tank(moving)@8.9 light_tank(moving)@7.2 ifv(moving)@9.6 aa_vehicle(parked)@5.0 ifv(moving)@7.8 scout_jeep(moving)@9.3 armored_car(moving)@8.0 light_tank(moving)@3.7 shield_generator@9
metrocity,Defend,2,full,475,main_battle_tank,0,8470,423.5,432.0,8.5,42.3,121.4,38.0,127.7,AttackMove,BlockedByFriend,fortress,,moved,0,,aa_vehicle#593 parked,siege_tank(moving)@6.6 main_battle_tank(parked)@9.6 main_battle_tank(parked)@8.6 main_battle_tank(moving)@5.1 aa_vehicle(parked)@3.5 ifv(moving)@6.0 armored_car(moving)@5.7 light_tank(moving)@5.6
metrocity,Defend,2,full,615,light_tank,0,8500,425.0,434.5,9.5,47.7,117.9,31.3,86.2,AttackMove,BlockedByFriend,fortress,,moved,0,,main_battle_tank#588 moving,main_battle_tank(moving)@6.4 main_battle_tank(moving)@7.8 main_battle_tank(moving)@9.0 ifv(parked)@10.0 main_battle_tank(moving)@3.0 aa_vehicle(moving)@3.3 armored_car(moving)@8.4 shield_generator@9
metrocity,Defend,2,full,588,main_battle_tank,0,9430,471.5,480.5,9.0,122.6,49.6,131.8,49.4,AttackMove,BlockedByFriend,fortress,,moved,0,,light_tank#623 moving,armored_car(moving)@7.9 scout_jeep(moving)@7.0 light_tank(moving)@3.3 container_stack@8
metrocity,Defend,2,full,619,armored_car,0,11690,584.5,600.1,15.6,115.3,114.4,125.0,115.0,AttackMove,YieldWait,fortress,,open,0,,behind mobile_fortress#654,armored_car(moving)@6.5 main_battle_tank(parked)@6.2 mobile_fortress(parked)@8.8
metrocity,Defend,2,full,660,scout_jeep,0,11790,589.5,598.5,9.0,121.8,104.9,125.0,115.0,AttackMove,YieldWait,fortress,,gave up,0,,behind mobile_fortress#654,atgm_tower(fixed)@7.0 armored_car(moving)@9.4 scout_jeep(moving)@7.4
metrocity,Endless,1,full,453,artillery,0,1180,59.0,68.0,9.0,86.1,97.4,3.4,52.3,Move,OffRoute,fortress,,moved,0,,to (47.0;119.0) past base_wall,heavy_turret(fixed)@8.1 aa_vehicle(moving)@5.2 aa_vehicle(moving)@4.2 base_wall@10 base_wall@3
metrocity,Endless,1,full,440,aa_vehicle,0,1350,67.5,77.0,9.5,88.6,103.4,87.5,114.0,Move,BlockedByFriend,fortress,,moved,0,,aa_vehicle#456 moving,aa_vehicle(moving)@7.6 aa_vehicle(moving)@9.8 aa_vehicle(moving)@4.8 ifv(moving)@4.3 artillery(moving)@5.7 aa_vehicle(moving)@4.3 ifv(moving)@9.3 ifv(moving)@6.7 base_wall@9
metrocity,Endless,1,full,441,aa_vehicle,0,1560,78.0,89.0,11.0,95.4,98.8,98.0,89.3,Move,BlockedByFriend,fortress,,moved,0,,ifv#452 moving,heavy_turret(fixed)@8.9 titan_tank(moving)@8.0 aa_vehicle(moving)@10.0 aa_vehicle(moving)@5.4 ifv(moving)@3.9 aa_vehicle(moving)@4.9 ifv(moving)@7.3 ifv(moving)@7.3
metrocity,Endless,1,full,463,heavy_tank,0,3290,164.5,183.0,18.5,91.9,98.2,84.5,107.4,Move,YieldWait,fortress,,gave up,0,,behind heavy_tank#486,heavy_turret(fixed)@7.3 titan_tank(parked)@9.6 titan_tank(moving)@9.6 aa_vehicle(moving)@9.2 heavy_tank(moving)@5.0 ifv(moving)@3.9 base_wall@9
metrocity,Endless,1,full,509,aa_vehicle,0,4560,228.0,236.5,8.5,96.0,95.5,40.9,34.1,AttackMove,OffRoute,fortress,,moved,0,,to (85.0;103.0) past heavy_turret(defence),heavy_turret(fixed)@6.8 titan_tank(moving)@5.6 heavy_tank(moving)@5.4
metrocity,Endless,1,full,530,siege_tank,0,4950,247.5,256.5,9.0,99.5,87.5,74.6,59.9,Move,YieldWait,fortress,,moved,0,,behind heavy_tank#463,heavy_turret(fixed)@9.2 aa_vehicle(parked)@6.6 heavy_tank(moving)@7.7 base_wall@5 base_wall@6
metrocity,Endless,1,full,463,heavy_tank,0,5490,274.5,284.0,9.5,91.0,106.9,86.1,96.4,Move,BlockedByFriend,fortress,route,moved,0,,aa_vehicle#554 moving,ifv(moving)@7.4 aa_vehicle(moving)@8.8 aa_vehicle(moving)@4.7
metrocity,Endless,1,full,431,titan_tank,0,6700,335.0,347.0,12.0,46.0,112.3,15.2,84.7,AttackMove,YieldWait,fortress+gate,narrow+nopark,moved,0,,behind titan_tank#533,titan_tank(moving)@7.2 ifv(moving)@7.8 base_wall@6 shield_generator@5
metrocity,Endless,1,full,530,siege_tank,0,6970,348.5,358.5,10.0,38.4,100.1,22.0,110.3,Move,BlockedByFriend,fortress,road,moved,0,,main_battle_tank#560 moving,main_battle_tank(moving)@5.9 aa_vehicle(moving)@9.3
metrocity,Endless,1,full,486,heavy_tank,0,7720,386.0,395.5,9.5,43.0,121.5,23.7,93.1,AttackMove,YieldWait,fortress,,moved,0,,waiting on a yield,titan_tank(moving)@4.6 heavy_tank(moving)@8.0 titan_tank(moving)@8.7 titan_tank(moving)@5.3 ifv(moving)@7.6 aa_vehicle(moving)@5.7
metrocity,Endless,2,obstacles,460,siege_tank,0,3170,158.5,167.5,9.0,50.2,70.0,35.0,95.0,Move,BlockedByFriend,fortress,road,moved,0,,siege_tank#443 moving,siege_tank(moving)@5.3 siege_tank(moving)@3.2 dragons_teeth(fixed)@8.7
metrocity,Endless,2,obstacles,470,aa_vehicle,0,3410,170.5,179.0,8.5,45.5,96.5,45.4,120.8,AttackMove,BlockedByFriend,fortress,,moved,0,,main_battle_tank#436 moving,main_battle_tank(parked)@7.8 main_battle_tank(moving)@3.6 light_tank(moving)@8.2 ifv(moving)@4.8 scout_jeep(moving)@7.3 scout_jeep(moving)@2.7 ifv(moving)@9.4 base_wall@6 base_wall@9
metrocity,Endless,2,obstacles,476,thermobaric_launcher,1,5460,273.0,282.5,9.5,-3.9,18.8,-102.8,-97.2,Move,Unknown,field,,moved,0,,speed 2.0 strikes 2,heavy_rocket_artillery(parked)@8.0 tank_trap@4 tank_trap@6 tank_trap@6
metrocity,Endless,2,obstacles,689,ifv,0,9450,472.5,483.5,11.0,110.0,126.0,75.8,119.9,Idle,NoPath,fortress,,moved,0,,goal (75.8;119.9) in open ground; other region (16070 cells); fortress,gun_pit(fixed)@7.4 ammo_depot(fixed)@6.1 base_wall@8
metrocity,Endless,2,obstacles,691,ifv,0,10570,528.5,537.0,8.5,107.6,86.3,117.5,108.3,AttackMove,BlockedByFriend,fortress,,moved,0,,mobile_fortress#685 parked,repair_bay(fixed)@7.8 mobile_fortress(parked)@8.0 elite_heavy_tank(moving)@8.9 main_battle_tank(moving)@3.8
metrocity,Endless,2,obstacles,736,main_battle_tank,0,10580,529.0,537.5,8.5,108.2,82.9,116.1,105.0,AttackMove,BlockedByFriend,fortress,,moved,0,,ifv#691 moving,mobile_fortress(parked)@7.5 ifv(moving)@3.5 elite_heavy_tank(moving)@5.0
metrocity,Endless,2,obstacles,736,main_battle_tank,0,11080,554.0,562.5,8.5,103.5,82.4,116.1,105.0,AttackMove,Unknown,fortress,,moved,0,,speed 4.8 strikes 2,ifv(moving)@6.8 elite_heavy_tank(parked)@8.2 siege_tank(parked)@5.5
metrocity,Endless,2,obstacles,691,ifv,0,11170,558.5,567.0,8.5,108.9,86.3,77.6,70.5,AttackMove,BlockedByFriend,fortress,,moved,0,,mobile_fortress#685 parked,repair_bay(fixed)@8.5 mobile_fortress(parked)@7.3 siege_tank(parked)@4.6
metrocity,Weekly,1,obstacles,467,heavy_tank,1,4520,226.0,235.0,9.0,35.7,86.0,119.0,115.0,AttackMove,BlockedByFriend,fortress,road,moved,0,,ew_jammer#493 moving,rocket_technical(moving)@3.7 rocket_technical(moving)@9.7 sapper(moving)@4.9 ew_jammer(moving)@6.7 twin_tank(parked)@9.7 base_wall@7
metrocity,Weekly,1,obstacles,507,armored_bulldozer,0,6660,333.0,342.0,9.0,-82.4,-90.1,11.4,-1.6,Move,Unknown,camp0,,moved,0,,speed 0.8 strikes 2,c_ram(fixed)@6.3 siege_tank(moving)@5.2
metrocity,Weekly,1,obstacles,467,heavy_tank,1,7220,361.0,370.0,9.0,87.0,104.1,91.0,97.0,Move,YieldWait,fortress,route,gave up,0,,behind flame_tank#520,sam_launcher(moving)@7.7 flame_tank(moving)@6.7 mine_layer(moving)@6.4 base_wall@9
metrocity,Weekly,1,obstacles,540,mobile_fortress,1,8150,407.5,419.0,11.5,111.4,129.9,119.1,69.4,AttackMove,NoPath,fortress,,moved,0,,goal (119.1;69.4) in open ground; other region (15542 cells); fortress,gun_pit(fixed)@8.6 ammo_depot(fixed)@9.9 base_wall@4 base_wall@9
metrocity,Weekly,1,obstacles,540,mobile_fortress,1,8380,419.0,431.0,12.0,111.1,130.0,80.5,103.3,AttackMove,BlockedByDefence,fortress,,moved,0,,gun_pit#404 parked,gun_pit(fixed)@8.3 ammo_depot(fixed)@10.0 base_wall@4 base_wall@10
metrocity,Weekly,1,obstacles,540,mobile_fortress,1,8620,431.0,448.5,17.5,113.9,129.9,75.8,119.9,Idle,NoPath,fortress,,moved,0,,goal (75.8;119.9) in open ground; other region (15587 cells); fortress,base_wall@5 base_wall@7
metrocity,Weekly,1,obstacles,537,siege_tank,0,9070,453.5,462.0,8.5,93.0,28.8,116.2,31.8,Move,Unknown,fortress,road,moved,0,,speed 1.8 strikes 0,
metrocity,Weekly,1,obstacles,540,mobile_fortress,1,9690,484.5,600.1,115.6,111.2,130.0,122.0,93.9,Move,BlockedByDefence,fortress,,open,0,,gun_pit#404 parked,gun_pit(fixed)@8.3 ammo_depot(fixed)@10.0 base_wall@4 base_wall@10
metrocity,Weekly,2,light,457,counter_battery_radar,1,2840,142.0,151.0,9.0,82.1,98.3,61.2,115.9,Move,BlockedByFriend,fortress,,moved,0,,mobile_fortress#448 parked,smoke_carrier(moving)@3.2 command_vehicle(moving)@7.9 mobile_fortress(parked)@8.6
metrocity,Weekly,2,light,516,engineer_vehicle,1,6490,324.5,334.5,10.0,114.2,97.9,103.8,97.5,Move,BlockedByFriend,fortress,road,moved,0,,thermobaric_launcher#429 moving,thermobaric_launcher(moving)@7.4 heavy_tank(moving)@8.3 sapper(moving)@3.9
metrocity,Weekly,2,light,448,mobile_fortress,1,7190,359.5,370.0,10.5,116.0,138.6,87.9,59.0,AttackMove,BlockedByFriend,fortress,,moved,0,,heavy_rocket_artillery#430 moving,heavy_rocket_artillery(moving)@8.3 base_wall@6
metrocity,Weekly,2,light,528,flame_tank,1,8760,438.0,447.0,9.0,72.7,46.1,68.0,55.3,Move,YieldWait,fortress,road,moved,0,,behind mobile_fortress#448,heavy_tank(moving)@7.0 mobile_fortress(moving)@9.3
metrocity,Weekly,2,light,533,counter_battery_radar,1,10290,514.5,524.0,9.5,31.2,39.2,22.4,21.1,Move,BlockedByFriend,fortress,road,moved,0,,mobile_fortress#448 moving,
metrocity,Weekly,2,light,544,ew_jammer,1,10690,534.5,544.0,9.5,33.8,16.9,19.9,12.0,Move,YieldWait,fortress,road,moved,0,,behind mobile_fortress#448,command_vehicle(moving)@5.7 thermobaric_launcher(moving)@5.9 heavy_rocket_artillery(moving)@7.8 vbied(moving)@8.7 fpv_carrier(moving)@5.2
redrock,Defend,1,full,720,ifv,0,2330,116.5,127.0,10.5,86.1,99.8,100.4,86.9,Move,BlockedByFriend,fortress,,moved,0,,aa_vehicle#725 moving,aa_vehicle(moving)@9.0 aa_vehicle(moving)@8.0 heavy_tank(moving)@5.2 ifv(moving)@8.2 ifv(moving)@4.8 aa_vehicle(moving)@9.6 aa_vehicle(moving)@3.8 base_wall@5
redrock,Defend,1,full,710,heavy_tank,0,3180,159.0,167.5,8.5,96.2,91.3,61.0,-3.0,AttackMove,YieldWait,fortress,,moved,0,,waiting on a yield,heavy_turret(fixed)@5.2 aa_vehicle(parked)@4.9 aa_vehicle(moving)@5.9 ifv(parked)@6.2 base_wall@8
redrock,Defend,1,full,715,titan_tank,0,4410,220.5,235.0,14.5,61.4,-16.7,61.0,-3.0,AttackMove,YieldWait,fortress,narrow,moved,0,,behind heavy_tank#714,heavy_tank(moving)@5.4 ifv(moving)@8.1 radar_station@7
redrock,Defend,1,full,714,heavy_tank,0,5610,280.5,290.0,9.5,77.1,0.2,63.0,57.0,AttackMove,BlockedByFriend,fortress,,moved,0,,titan_tank#763 moving,titan_tank(moving)@5.4 heavy_tank(moving)@7.2 titan_tank(moving)@6.7 cliff_b@7
redrock,Defend,1,full,748,heavy_tank,0,5640,282.0,291.0,9.0,74.4,8.2,61.0,-3.0,AttackMove,OffRoute,fortress,narrow,moved,0,,to (61.0;-3.0) past cliff_b,titan_tank(parked)@7.5 siege_tank(moving)@8.0 heavy_tank(moving)@8.1 titan_tank(moving)@3.7
redrock,Defend,1,full,726,siege_tank,0,6720,336.0,351.5,15.5,84.5,-3.2,79.0,21.0,Move,BlockedByFriend,fortress+gate,nopark,moved,0,,siege_tank#765 moving,siege_tank(moving)@7.6 siege_tank(moving)@8.2 power_pylon@7
redrock,Defend,1,full,688,titan_tank,0,6810,340.5,352.5,12.0,66.7,76.8,21.0,87.0,AttackMove,BlockedByFriend,fortress,,moved,0,,aa_vehicle#794 moving,mg_bunker(fixed)@6.4 heavy_tank(moving)@4.5 titan_tank(moving)@7.2 aa_vehicle(moving)@4.8 ifv(moving)@5.2
redrock,Defend,1,full,763,titan_tank,0,9690,484.5,493.5,9.0,38.6,111.0,51.7,124.6,AttackMove,BlockedByFriend,fortress,,moved,0,,titan_tank#787 moving,titan_tank(moving)@6.9 heavy_tank(moving)@9.4 main_battle_tank(parked)@7.4 titan_tank(moving)@6.9 aa_vehicle(moving)@8.2 ifv(moving)@4.2 siege_tank(moving)@9.5 main_battle_tank(parked)@4.2 aa_vehicle(parked)@9.9
redrock,Defend,1,full,854,zu23_technical,1,10030,501.5,514.5,13.0,-16.8,8.0,15.3,56.9,AttackMove,StalePath,field,,moved,0,,leg 2/6 to (-17.0;5.0) crosses barricade,command_vehicle(moving)@8.2 counter_battery_radar(moving)@4.1 mlrs(parked)@4.0 light_tank(moving)@5.7 barricade@6
redrock,Defend,1,full,698,siege_tank,0,10210,510.5,519.5,9.0,32.3,100.4,33.2,110.3,Move,YieldWait,fortress,,gave up,0,,behind heavy_tank#710,heavy_tank(moving)@9.7 main_battle_tank(moving)@3.8 heavy_tank(moving)@7.9 aa_vehicle(moving)@5.4
redrock,Defend,2,obstacles,689,ifv,0,1020,51.0,64.0,13.0,-6.6,64.1,33.0,13.0,AttackMove,BlockedByObstacle,fortress,,moved,0,,cliff_b,minefield(fixed)@5.3
redrock,Defend,2,obstacles,724,aa_vehicle,0,1900,95.0,104.0,9.0,108.0,97.5,112.4,79.0,Move,BlockedByFriend,fortress,,moved,0,,scout_jeep#710 moving,repair_bay(fixed)@7.1 scout_jeep(moving)@5.4
redrock,Defend,2,obstacles,705,siege_tank,0,3360,168.0,176.5,8.5,65.1,0.4,78.2,21.3,Move,Unknown,fortress,,moved,0,,speed 2.4 strikes 0,
redrock,Defend,2,obstacles,728,light_tank,0,5350,267.5,277.0,9.5,56.1,114.1,46.1,127.0,AttackMove,StalePath,fortress+gate,nopark,moved,0,,leg 2/5 to (57.0;115.0) crosses shield_generator,main_battle_tank(moving)@5.9 main_battle_tank(moving)@3.7 aa_vehicle(parked)@4.8 aa_vehicle(moving)@3.4 aa_vehicle(moving)@3.8 aa_vehicle(moving)@9.8 shield_generator@7
redrock,Defend,2,obstacles,785,aa_vehicle,0,5400,270.0,279.0,9.0,58.6,114.9,45.6,120.5,AttackMove,Unknown,fortress+gate,nopark,moved,0,,speed 1.5 strikes 0,drone_hangar(fixed)@9.1 siege_tank(moving)@6.8 light_tank(moving)@6.1 main_battle_tank(moving)@9.0 aa_vehicle(parked)@5.7 aa_vehicle(moving)@2.8 aa_vehicle(moving)@4.3 aa_vehicle(moving)@9.9 shield_generator@9
redrock,Defend,2,obstacles,698,siege_tank,0,5770,288.5,298.0,9.5,56.7,116.2,28.5,126.3,Move,BlockedByFriend,fortress+gate,nopark,moved,0,,scout_jeep#775 moving,drone_hangar(fixed)@8.0 main_battle_tank(moving)@7.2 scout_jeep(moving)@3.1 aa_vehicle(parked)@9.1 aa_vehicle(moving)@7.6 aa_vehicle(moving)@3.7 scout_jeep(moving)@6.4 shield_generator@8
redrock,Defend,2,obstacles,807,armored_car,0,5970,298.5,308.0,9.5,44.0,132.6,34.6,128.5,Move,OffRoute,fortress,,moved,0,,to (43.0;131.0) past base_wall,siege_tank(moving)@6.6 siege_tank(moving)@3.2 base_wall@7
redrock,Defend,2,obstacles,749,main_battle_tank,0,6550,327.5,337.5,10.0,46.3,121.4,50.2,129.3,AttackMove,GateWait,fortress,,gave up,0,,doorway 0,siege_tank(moving)@5.8 aa_vehicle(moving)@8.3 armored_car(moving)@5.6 scout_jeep(moving)@4.2 scout_jeep(moving)@8.0
redrock,Defend,2,obstacles,698,siege_tank,0,6830,341.5,351.0,9.5,42.0,125.6,28.5,126.3,Move,YieldWait,fortress,,moved,0,,waiting on a yield,siege_tank(moving)@6.5 light_tank(moving)@5.6 main_battle_tank(parked)@2.3 armored_car(moving)@8.9 armored_car(moving)@8.4 scout_jeep(moving)@4.6 ifv(moving)@8.5 scout_jeep(moving)@9.4 scout_jeep(moving)@4.4 scout_jeep(parked)@9.8 armored_car(moving)@3.6 armored_car(moving)@8.7
redrock,Defend,2,obstacles,818,scout_jeep,0,6860,343.0,353.0,10.0,48.8,132.1,30.8,124.3,Move,BlockedByFriend,fortress,,moved,0,,siege_tank#725 moving,minefield(fixed)@7.9 siege_tank(moving)@3.1 main_battle_tank(moving)@8.5 ifv(moving)@5.9 scout_jeep(moving)@3.4 scout_jeep(moving)@7.1 armored_car(moving)@5.1
redrock,Defend,2,obstacles,852,aa_vehicle,0,9460,473.0,482.0,9.0,107.5,55.4,107.6,68.5,AttackMove,YieldWait,fortress+gate,narrow+nopark,moved,0,,behind light_tank#813,siege_tank(moving)@9.7 ifv(moving)@7.1 light_tank(moving)@5.1 armored_car(moving)@3.0 scout_jeep(moving)@4.1 armored_car(parked)@8.6 ifv(moving)@6.4 main_battle_tank(moving)@8.1 shield_generator@6
redrock,Defend,2,obstacles,881,siege_tank,0,9600,480.0,489.5,9.5,91.5,70.9,133.9,20.0,Move,YieldWait,fortress,road,moved,0,,waiting on a yield,light_tank(moving)@8.1 main_battle_tank(moving)@6.0 aa_vehicle(moving)@5.0 light_tank(moving)@3.0 light_tank(moving)@9.2
redrock,Defend,2,obstacles,777,siege_tank,0,9610,480.5,490.0,9.5,100.1,63.3,109.1,33.2,Move,BlockedByFriend,fortress+gate,nopark,moved,0,,light_tank#856 moving,ifv(moving)@8.3 armored_car(moving)@4.5 scout_jeep(moving)@4.4 aa_vehicle(moving)@7.2 light_tank(moving)@4.0 aa_vehicle(moving)@8.2 aa_vehicle(parked)@8.4
redrock,Defend,2,obstacles,777,siege_tank,0,9970,498.5,508.0,9.5,98.1,69.5,109.1,33.2,Move,YieldWait,fortress,road,gave up,0,,waiting on a yield,light_tank(moving)@5.7 armored_car(moving)@9.6 main_battle_tank(moving)@8.3 aa_vehicle(moving)@9.9 siege_tank(moving)@6.3 light_tank(moving)@7.9 light_tank(moving)@6.0
redrock,Endless,1,obstacles,718,main_battle_tank,0,2400,120.0,128.5,8.5,86.0,96.7,34.8,-6.9,AttackMove,YieldWait,fortress,,gave up,0,,behind ifv#711,heavy_turret(fixed)@7.5 ifv(moving)@6.6 titan_tank(parked)@5.7 heavy_tank(moving)@9.3 heavy_tank(moving)@9.7 base_wall@9 base_wall@3
redrock,Endless,1,obstacles,765,heavy_tank,0,4350,217.5,227.5,10.0,67.3,116.3,51.6,123.4,AttackMove,Unknown,fortress,,moved,0,,speed 0.6 strikes 0,aa_vehicle(moving)@5.6 titan_tank(moving)@8.8 aa_vehicle(moving)@6.6 aa_vehicle(moving)@7.1
redrock,Endless,1,obstacles,691,titan_tank,0,4580,229.0,244.0,15.0,62.0,108.4,51.7,124.6,AttackMove,YieldWait,fortress+gate,nopark,moved,0,,waiting on a yield,gun_pit(fixed)@8.6 aa_vehicle(moving)@4.8 main_battle_tank(moving)@10.0 main_battle_tank(moving)@8.3 aa_vehicle(moving)@7.5 aa_vehicle(moving)@3.4 heavy_tank(moving)@6.4
redrock,Endless,1,obstacles,765,heavy_tank,0,5040,252.0,261.0,9.0,62.4,94.9,57.0,111.0,AttackMove,YieldWait,fortress,,moved,0,,waiting on a yield,gun_pit(fixed)@5.6 aa_vehicle(moving)@5.1 titan_tank(moving)@5.5
redrock,Endless,1,obstacles,744,aa_vehicle,0,5970,298.5,313.5,15.0,50.7,120.0,50.8,103.3,AttackMove,BlockedByFriend,fortress+gate,nopark,moved,0,,main_battle_tank#718 moving,drone_hangar(fixed)@8.7 ifv(moving)@7.3 main_battle_tank(moving)@4.3 heavy_tank(moving)@9.6 titan_tank(moving)@4.7 main_battle_tank(moving)@4.7 ifv(moving)@7.0 heavy_tank(moving)@4.2 aa_vehicle(moving)@9.4
redrock,Endless,1,obstacles,800,heavy_tank,0,6040,302.0,321.5,19.5,55.5,116.8,52.5,131.8,AttackMove,YieldWait,fortress+gate,narrow+nopark,moved,0,,behind aa_vehicle#744,drone_hangar(fixed)@7.8 main_battle_tank(moving)@8.6 heavy_tank(moving)@6.5 titan_tank(moving)@8.5 aa_vehicle(moving)@5.2 aa_vehicle(parked)@9.3 shield_generator@8
redrock,Endless,1,obstacles,718,main_battle_tank,0,6140,307.0,321.0,14.0,45.9,116.3,54.3,86.4,AttackMove,BlockedByFriend,fortress,,moved,0,,titan_tank#734 moving,titan_tank(moving)@4.4 main_battle_tank(moving)@9.3 aa_vehicle(moving)@5.6 aa_vehicle(moving)@8.8 heavy_tank(parked)@9.7 ifv(parked)@8.1 base_wall@7 shield_generator@8 container@5
redrock,Endless,1,obstacles,735,main_battle_tank,0,6190,309.5,320.0,10.5,44.6,125.3,45.1,106.8,AttackMove,BlockedByFriend,fortress,,gave up,0,,aa_vehicle#739 moving,ifv(parked)@6.4 main_battle_tank(moving)@8.3 aa_vehicle(moving)@4.8 aa_vehicle(moving)@8.9 artillery(moving)@6.4 ifv(moving)@6.1
redrock,Endless,1,obstacles,691,titan_tank,0,6460,323.0,332.0,9.0,56.3,106.3,63.1,135.3,Move,BlockedByFriend,fortress,,moved,0,,aa_vehicle#804 moving,siege_tank(moving)@9.6 titan_tank(moving)@8.9 titan_tank(parked)@6.2 heavy_tank(moving)@6.6 aa_vehicle(moving)@3.9 aa_vehicle(moving)@4.5 shield_generator@6
redrock,Endless,1,obstacles,800,heavy_tank,0,6520,326.0,337.5,11.5,56.2,112.2,52.5,131.8,AttackMove,BlockedByFriend,fortress+gate,nopark,moved,0,,aa_vehicle#739 moving,ifv(moving)@5.2 titan_tank(moving)@5.6 main_battle_tank(moving)@7.5 aa_vehicle(moving)@5.3 aa_vehicle(moving)@3.2 aa_vehicle(moving)@6.0 aa_vehicle(moving)@8.2 shield_generator@6
redrock,Endless,1,obstacles,782,ifv,0,6600,330.0,339.5,9.5,48.6,120.1,57.0,109.0,AttackMove,YieldWait,fortress+gate,nopark,moved,0,,behind main_battle_tank#735,main_battle_tank(moving)@4.7 main_battle_tank(moving)@5.4 artillery(moving)@7.5 aa_vehicle(parked)@3.9 container@10
redrock,Endless,1,obstacles,800,heavy_tank,0,6750,337.5,348.0,10.5,59.7,112.1,69.1,115.7,AttackMove,BlockedByFriend,fortress+gate,nopark,moved,0,,ifv#782 moving,ifv(moving)@5.3 main_battle_tank(moving)@8.8 heavy_tank(moving)@7.3 main_battle_tank(moving)@5.5 aa_vehicle(moving)@9.2 ifv(moving)@4.2 aa_vehicle(parked)@5.6 aa_vehicle(parked)@7.4 aa_vehicle(moving)@5.8 shield_generator@9
redrock,Endless,1,obstacles,800,heavy_tank,0,7600,380.0,398.0,18.0,61.4,131.1,52.4,130.0,AttackMove,BlockedByDefence,fortress,,moved,0,,minefield#674 parked,drone_hangar(fixed)@7.7 minefield(fixed)@5.7
redrock,Endless,1,obstacles,697,siege_tank,0,7930,396.5,409.0,12.5,44.0,87.5,38.6,130.6,Move,BlockedByObstacle,fortress,,moved,0,,base_wall,titan_tank(moving)@4.4 titan_tank(moving)@7.6 base_wall@9 base_wall@4 base_wall@9
redrock,Endless,1,obstacles,761,siege_tank,0,7930,396.5,405.0,8.5,81.6,76.6,41.4,130.0,Move,Unknown,fortress,,moved,0,,speed 1.9 strikes 0,base_wall@9
redrock,Endless,1,obstacles,806,aa_vehicle,0,8220,411.0,419.5,8.5,38.2,120.1,45.0,99.0,AttackMove,BlockedByFriend,fortress,,moved,0,,titan_tank#717 moving,titan_tank(moving)@4.6 main_battle_tank(moving)@3.8 main_battle_tank(parked)@7.1 heavy_tank(moving)@8.5 ifv(parked)@9.0 aa_vehicle(parked)@7.8 aa_vehicle(moving)@5.2 base_wall@8
redrock,Endless,1,obstacles,717,titan_tank,0,8340,417.0,425.5,8.5,43.9,118.1,57.0,88.9,AttackMove,OffRoute,fortress+gate,nopark,moved,0,,to (45.0;103.0) past base_wall,siege_tank(moving)@9.3 main_battle_tank(moving)@5.6 heavy_tank(moving)@4.3 main_battle_tank(moving)@8.6 heavy_tank(moving)@7.3 ifv(moving)@9.4 aa_vehicle(moving)@4.3 aa_vehicle(moving)@8.0 base_wall@7
redrock,Endless,1,obstacles,699,siege_tank,0,8390,419.5,428.5,9.0,52.1,117.1,27.0,141.0,Move,YieldWait,fortress+gate,narrow+nopark,moved,0,,behind heavy_tank#720,drone_hangar(fixed)@9.4 titan_tank(moving)@7.1 heavy_tank(moving)@7.9 shield_generator@7
redrock,Endless,1,obstacles,717,titan_tank,0,8540,427.0,437.0,10.0,45.9,114.6,57.0,88.9,AttackMove,BlockedByFriend,fortress+gate,narrow+nopark,moved,0,,ifv#831 moving,siege_tank(moving)@7.9 titan_tank(moving)@6.7 heavy_tank(moving)@8.4 aa_vehicle(moving)@5.3 ifv(moving)@5.2 base_wall@6 shield_generator@7
redrock,Endless,1,obstacles,734,titan_tank,0,8540,427.0,440.5,13.5,45.8,108.0,51.7,124.6,AttackMove,YieldWait,fortress+gate,narrow+nopark,gave up,0,,behind titan_tank#717,titan_tank(moving)@6.7 siege_tank(moving)@6.4 heavy_tank(moving)@7.2 base_wall@7 shield_generator@6
redrock,Endless,1,obstacles,699,siege_tank,0,8660,433.0,447.0,14.0,52.7,118.0,27.0,141.0,Move,BlockedByFriend,fortress+gate,narrow+nopark,moved,0,,aa_vehicle#806 moving,drone_hangar(fixed)@8.3 titan_tank(moving)@9.4 aa_vehicle(moving)@6.3 ifv(moving)@6.5 shield_generator@8
redrock,Endless,1,obstacles,717,titan_tank,0,8740,437.0,448.0,11.0,45.0,113.0,57.0,88.9,AttackMove,BlockedByFriend,fortress+gate,narrow+nopark,moved,0,,ifv#782 moving,siege_tank(moving)@8.1 ifv(moving)@7.3 aa_vehicle(moving)@4.0 ifv(moving)@5.8 base_wall@5 shield_generator@7
redrock,Endless,1,obstacles,806,aa_vehicle,0,8960,448.0,457.0,9.0,46.0,113.7,45.0,99.0,AttackMove,YieldWait,fortress+gate,narrow+nopark,moved,0,,behind titan_tank#717,titan_tank(moving)@7.1 heavy_tank(moving)@6.4 heavy_tank(moving)@6.2 base_wall@6 shield_generator@6
redrock,Endless,1,obstacles,881,siege_tank,0,9370,468.5,481.0,12.5,56.4,98.2,21.3,78.4,Move,BlockedByFriend,fortress,,moved,0,,aa_vehicle#877 moving,titan_tank(moving)@6.5 siege_tank(moving)@4.9 artillery(parked)@7.9 heavy_tank(parked)@7.2 aa_vehicle(moving)@5.5 aa_vehicle(moving)@6.6
redrock,Endless,1,obstacles,854,heavy_tank,0,10470,523.5,532.5,9.0,65.5,100.5,68.3,89.1,AttackMove,YieldWait,fortress,,moved,0,,waiting on a yield,main_battle_tank(moving)@8.5 main_battle_tank(moving)@4.8 titan_tank(moving)@6.4 aa_vehicle(moving)@10.0 gun_pit(fixed)@5.5 ifv(parked)@8.3 ifv(moving)@4.0
redrock,Endless,2,light,662,main_battle_tank,0,1570,78.5,92.0,13.5,82.1,-0.6,55.6,0.5,AttackMove,OffRoute,fortress,,moved,0,,to (55.6;0.5) past cliff_b,aa_vehicle(moving)@5.2 cliff_b@9 power_pylon@10
redrock,Endless,2,light,667,siege_tank,0,1840,92.0,101.5,9.5,35.2,54.5,33.7,64.4,Move,Unknown,fortress,,gave up,0,,speed 0.5 strikes 0,base_wall@5 base_wall@8 floodlight_mast@8
redrock,Endless,2,light,698,siege_tank,0,4790,239.5,251.5,12.0,84.6,87.1,97.7,100.6,Move,BlockedByFriend,fortress,,moved,0,,siege_tank#696 moving,siege_tank(moving)@8.0 elite_heavy_tank(parked)@7.0
redrock,Endless,2,light,807,elite_mbt,0,5650,282.5,291.0,8.5,107.5,130.0,101.2,141.9,AttackMove,OffRoute,fortress,,moved,0,,to (101.2;141.9) past base_wall,siege_tank(moving)@9.1 aa_vehicle(moving)@6.3 light_tank(parked)@4.4 ifv(moving)@5.4 armored_car(moving)@9.9 base_wall@6
redrock,Endless,2,light,696,siege_tank,0,6990,349.5,359.0,9.5,84.8,115.0,77.7,122.9,Move,BlockedByFriend,fortress,road,moved,0,,siege_tank#698 moving,siege_tank(moving)@4.2 base_wall@7
redrock,Weekly,1,light,705,twin_tank,1,5620,281.0,291.5,10.5,87.5,110.1,106.4,115.9,AttackMove,BlockedByFriend,fortress,road,moved,0,,rocket_technical#695 parked,command_vehicle(moving)@7.0 heavy_rocket_artillery(parked)@6.9 sapper(moving)@7.1 rocket_technical(parked)@3.0 mobile_fortress(parked)@7.7 engineer_vehicle(parked)@3.7
redrock,Weekly,1,light,705,twin_tank,1,7490,374.5,385.5,11.0,74.7,63.3,77.1,56.1,AttackMove,BlockedByFriend,fortress,,moved,0,,flame_tank#683 moving,scout_jeep(moving)@9.2 flame_tank(moving)@5.5 sapper(moving)@8.0 thermobaric_launcher(moving)@5.5 mine_layer(moving)@6.6 elite_heavy_tank(moving)@6.8 engineer_vehicle(moving)@5.9 fpv_carrier(moving)@9.2
redrock,Weekly,1,light,683,flame_tank,1,8030,401.5,410.0,8.5,65.5,52.9,139.0,107.0,AttackMove,Unknown,fortress,,moved,0,,speed 1.4 strikes 0,heavy_rocket_artillery(moving)@6.7 flame_tank(moving)@3.8 engineer_vehicle(moving)@5.4
redrock,Weekly,1,light,670,scout_jeep,1,8260,413.0,422.0,9.0,88.2,96.0,94.2,90.8,Move,YieldWait,fortress,,gave up,0,,behind mobile_fortress#697,bmpt(parked)@9.5 flame_tank(moving)@9.3 wheeled_gun(moving)@6.4 elite_heavy_tank(moving)@4.4 vbied(moving)@3.1
redrock,Weekly,1,light,664,smoke_carrier,1,9250,462.5,471.5,9.0,114.8,114.0,109.6,102.9,AttackMove,BlockedByFriend,fortress,,gave up,0,,sapper#685 parked,sam_launcher(moving)@4.3 bmpt(parked)@8.8 heavy_rocket_artillery(moving)@8.3 sapper(parked)@3.6 turtle_tank(parked)@4.4 elite_heavy_tank(parked)@6.8 engineer_vehicle(parked)@7.5
redrock,Weekly,2,full,757,counter_battery_radar,1,4800,240.0,250.5,10.5,22.0,110.6,30.3,115.7,Move,BlockedByFriend,fortress,,moved,0,,heavy_tank#730 moving,ew_jammer(moving)@8.9 heavy_tank(moving)@5.0 rocket_technical(moving)@6.4 counter_battery_radar(moving)@9.9
redrock,Weekly,2,full,801,counter_battery_radar,1,7950,397.5,408.0,10.5,100.7,97.6,45.0,77.0,Move,BlockedByFriend,fortress,,moved,0,,thermobaric_launcher#716 moving,command_vehicle(moving)@5.9 thermobaric_launcher(moving)@4.6 thermobaric_launcher(moving)@6.5 counter_battery_radar(moving)@4.8 counter_battery_radar(moving)@7.5 armored_car(moving)@9.4 counter_battery_radar(moving)@2.9
junglepass,Defend,1,obstacles,995,aa_vehicle,0,4390,219.5,228.0,8.5,88.1,101.7,53.0,51.0,AttackMove,YieldWait,fortress,,gave up,0,,behind aa_vehicle#1055,aa_vehicle(moving)@7.9 titan_tank(moving)@4.1 aa_vehicle(moving)@3.8 main_battle_tank(moving)@9.8 base_wall@7
junglepass,Defend,1,obstacles,1040,siege_tank,0,5140,257.0,265.5,8.5,8.2,130.1,15.9,93.0,Move,Unknown,fortress,,moved,0,,speed 1.8 strikes 2,boulders@8
junglepass,Defend,1,obstacles,1066,aa_vehicle,0,8610,430.5,445.5,15.0,51.8,112.7,64.7,98.0,AttackMove,YieldWait,fortress,,gave up,0,,behind ifv#1114,titan_tank(moving)@9.9 titan_tank(moving)@7.8 main_battle_tank(parked)@8.0 aa_vehicle(parked)@3.4 ifv(moving)@7.0 ifv(moving)@8.2 heavy_tank(moving)@6.7 ifv(moving)@3.9 shield_generator@6
junglepass,Defend,1,obstacles,1082,ifv,0,8700,435.0,444.5,9.5,55.6,104.9,51.8,114.8,AttackMove,YieldWait,fortress+gate,nopark,moved,0,,behind heavy_tank#1091,gun_pit(fixed)@6.6 aa_vehicle(moving)@7.0 heavy_tank(moving)@5.7 aa_vehicle(moving)@3.8 ifv(moving)@9.5 heavy_tank(moving)@6.7 aa_vehicle(moving)@5.4 shield_generator@7
junglepass,Defend,1,obstacles,1093,aa_vehicle,0,8780,439.0,449.5,10.5,54.5,100.3,51.8,114.8,AttackMove,YieldWait,fortress+gate,nopark,moved,0,,behind heavy_tank#1117,gun_pit(fixed)@5.6 aa_vehicle(moving)@10.0 ifv(moving)@9.0 ifv(moving)@7.9 ifv(moving)@3.3 heavy_tank(moving)@8.7 ifv(moving)@3.5 heavy_tank(moving)@5.8 aa_vehicle(moving)@6.4
junglepass,Defend,1,obstacles,1132,aa_vehicle,0,8790,439.5,448.0,8.5,57.4,105.1,51.8,114.8,AttackMove,BlockedByFriend,fortress+gate,narrow+nopark,moved,0,,ifv#1082 moving,gun_pit(fixed)@5.8 aa_vehicle(moving)@7.6 ifv(moving)@6.0 heavy_tank(moving)@9.2 aa_vehicle(moving)@6.2 aa_vehicle(moving)@9.1 shield_generator@6 container@10
junglepass,Defend,1,obstacles,1138,siege_tank,0,9480,474.0,482.5,8.5,53.2,103.9,19.0,89.0,Move,BlockedByFriend,fortress+gate,nopark,moved,0,,main_battle_tank#1057 moving,gun_pit(fixed)@7.8 titan_tank(moving)@9.9 siege_tank(moving)@8.0 main_battle_tank(moving)@3.8 ifv(moving)@4.5 heavy_tank(moving)@6.9 aa_vehicle(moving)@3.6 shield_generator@9
junglepass,Defend,2,light,1006,light_tank,0,3640,182.0,190.5,8.5,87.5,117.5,77.0,137.0,AttackMove,YieldWait,fortress,,moved,0,,behind ifv#1035,armored_car(moving)@7.8 main_battle_tank(moving)@8.4 ifv(moving)@3.1 light_tank(moving)@9.8 base_wall@6
junglepass,Defend,2,light,1026,mobile_fortress,0,4020,201.0,214.0,13.0,85.2,128.2,95.7,109.9,AttackMove,BlockedByFriend,fortress+gate,nopark,moved,0,,armored_car#1055 moving,light_tank(moving)@7.1 ifv(moving)@8.1 light_tank(moving)@8.9 armored_car(moving)@8.7 base_wall@6
junglepass,Defend,2,light,1061,elite_heavy_tank,0,4580,229.0,239.5,10.5,77.4,115.7,105.3,115.4,AttackMove,BlockedByFriend,fortress,road,moved,0,,mobile_fortress#1026 parked,mobile_fortress(parked)@9.1
junglepass,Defend,2,light,1061,elite_heavy_tank,0,6040,302.0,311.5,9.5,122.0,113.7,110.4,125.7,AttackMove,BlockedByFriend,fortress,,gave up,0,,elite_mbt#1086 moving,light_tank(moving)@8.5 elite_mbt(moving)@6.0
junglepass,Defend,2,light,962,siege_tank,0,6070,303.5,315.5,12.0,109.8,110.9,113.1,120.4,Move,BlockedByFriend,fortress,,moved,0,,elite_mbt#1086 moving,main_battle_tank(moving)@5.3 light_tank(moving)@7.0 main_battle_tank(moving)@5.2 ifv(moving)@5.8 main_battle_tank(moving)@4.1 elite_mbt(moving)@5.6 siege_tank(moving)@8.8
junglepass,Endless,1,light,951,titan_tank,0,870,43.5,52.0,8.5,59.1,49.4,25.2,38.5,AttackMove,Unknown,fortress,,moved,0,,speed 1.8 strikes 0,base_wall@10 shield_generator@8
junglepass,Endless,1,light,977,siege_tank,0,1390,69.5,81.0,11.5,87.2,100.0,45.0,111.0,Move,BlockedByFriend,fortress,,moved,0,,ifv#979 moving,artillery(moving)@9.2 siege_tank(moving)@8.8 ifv(moving)@5.7 aa_vehicle(moving)@6.9 base_wall@6
junglepass,Endless,1,light,961,siege_tank,0,2460,123.0,132.5,9.5,35.3,60.8,48.5,48.5,Move,BlockedByFriend,fortress,road,moved,0,,artillery#974 moving,titan_tank(moving)@5.4 siege_tank(moving)@7.3 artillery(moving)@6.0 siege_tank(parked)@8.8 base_wall@9 base_wall@5 floodlight_mast@9
junglepass,Endless,1,light,961,siege_tank,0,2720,136.0,145.0,9.0,34.7,67.2,48.5,48.5,Move,BlockedByFriend,fortress,route,moved,0,,siege_tank#977 moving,artillery(parked)@9.7 siege_tank(moving)@6.1 base_wall@8
junglepass,Endless,1,light,951,titan_tank,0,4150,207.5,217.0,9.5,82.8,108.1,75.8,119.9,AttackMove,BlockedByFriend,fortress,,moved,0,,artillery#1023 moving,aa_vehicle(moving)@9.4 ifv(moving)@7.4 titan_tank(moving)@4.8 artillery(moving)@4.9 artillery(moving)@7.9
junglepass,Endless,1,light,975,siege_tank,0,5770,288.5,297.0,8.5,112.9,87.7,125.1,88.8,Move,BlockedByFriend,fortress,road,moved,0,,titan_tank#953 parked,titan_tank(parked)@4.8 siege_tank(moving)@7.1 artillery(moving)@5.5 elite_heavy_tank(parked)@6.9
junglepass,Endless,1,light,951,titan_tank,0,6790,339.5,352.0,12.5,115.2,134.0,125.0,115.0,AttackMove,OffRoute,fortress+gate,nopark,moved,0,,to (113.0;115.0) past command_hq,main_battle_tank(moving)@4.7 heavy_tank(moving)@6.1 ifv(moving)@9.8 elite_mbt(moving)@4.9
junglepass,Endless,1,light,1047,main_battle_tank,0,6830,341.5,350.5,9.0,110.7,131.2,118.9,136.9,AttackMove,BlockedByFriend,fortress+gate,narrow+nopark,moved,0,,ifv#1070 moving,titan_tank(moving)@5.4 heavy_tank(moving)@6.9 ifv(moving)@5.1 elite_heavy_tank(moving)@9.8 elite_heavy_tank(moving)@9.8 base_wall@7
junglepass,Endless,1,light,1076,elite_mbt,0,6870,343.5,353.5,10.0,120.6,135.5,125.0,115.0,AttackMove,YieldWait,fortress+gate,nopark,moved,0,,behind titan_tank#951,titan_tank(moving)@6.8 main_battle_tank(moving)@9.0
junglepass,Endless,1,light,1068,heavy_tank,0,7150,357.5,368.0,10.5,105.4,138.8,125.0,115.0,AttackMove,YieldWait,fortress,,moved,0,,behind titan_tank#951,titan_tank(moving)@7.7 elite_heavy_tank(moving)@9.8 elite_mbt(moving)@8.6 base_wall@5
junglepass,Endless,2,full,1012,light_tank,0,1590,79.5,89.0,9.5,100.8,96.7,51.8,-16.6,AttackMove,BlockedByFriend,fortress,,moved,0,,aa_vehicle#994 moving,aa_vehicle(moving)@3.0 aa_vehicle(moving)@6.1 aa_vehicle(moving)@9.0 aa_vehicle(moving)@3.7 ifv(moving)@6.8 ifv(moving)@4.5
junglepass,Endless,2,full,996,aa_vehicle,0,1770,88.5,97.5,9.0,97.6,98.0,98.8,88.0,Move,OffRoute,fortress,,moved,0,,to (98.8;88.0) past missile_battery(defence),missile_battery(fixed)@9.6 aa_vehicle(moving)@8.4 aa_vehicle(moving)@8.0 ifv(moving)@3.3 light_tank(moving)@3.0 ifv(moving)@9.2
junglepass,Endless,2,full,1066,light_tank,0,4040,202.0,211.5,9.5,65.8,85.1,63.0,57.0,AttackMove,YieldWait,fortress,,moved,0,,behind main_battle_tank#1044,minefield(fixed)@4.2 ifv(moving)@4.6 main_battle_tank(moving)@5.6
junglepass,Endless,2,full,1061,siege_tank,0,4380,219.0,229.5,10.5,38.8,118.4,-0.8,78.3,Move,YieldWait,fortress,route,moved,0,,behind siege_tank#988,siege_tank(moving)@9.2 siege_tank(moving)@6.4 siege_tank(moving)@6.4
junglepass,Endless,2,full,1087,ifv,0,4800,240.0,249.0,9.0,59.9,78.5,16.1,50.6,AttackMove,BlockedByFriend,fortress,,moved,0,,light_tank#1066 moving,rocket_turret(fixed)@9.6 minefield(fixed)@4.7 armored_car(moving)@8.8 main_battle_tank(moving)@7.0 light_tank(parked)@6.6 light_tank(moving)@3.5
junglepass,Endless,2,full,1063,mlrs,0,4830,241.5,250.0,8.5,34.5,120.3,97.0,121.0,Move,YieldWait,fortress,,moved,0,,behind siege_tank#1062,siege_tank(moving)@5.3 light_tank(moving)@3.0 siege_tank(moving)@6.8
junglepass,Endless,2,full,1154,main_battle_tank,0,7770,388.5,397.0,8.5,112.7,68.5,118.0,54.9,AttackMove,BlockedByFriend,fortress,road,moved,0,,main_battle_tank#1157 moving,light_tank(parked)@8.0 ifv(parked)@5.0 scout_jeep(parked)@4.7 scout_jeep(moving)@6.0 aa_vehicle(moving)@7.9 main_battle_tank(moving)@3.3 light_tank(parked)@5.1 aa_vehicle(moving)@4.0
junglepass,Endless,2,full,1094,ifv,0,8130,406.5,419.5,13.0,122.8,54.7,113.1,64.1,AttackMove,BlockedByFriend,fortress,,gave up,0,,scout_jeep#1115 moving,missile_battery(fixed)@9.0 main_battle_tank(moving)@3.8 scout_jeep(moving)@2.7 armored_car(moving)@6.5 light_tank(moving)@7.4 armored_car(moving)@5.3 aa_vehicle(moving)@8.6 scout_jeep(moving)@7.0 scout_jeep(moving)@6.3 main_battle_tank(moving)@9.2 main_battle_tank(moving)@3.4 aa_vehicle(moving)@8.5
junglepass,Endless,2,full,1061,siege_tank,0,10860,543.0,551.5,8.5,79.5,92.0,78.3,32.0,Move,BlockedByFriend,fortress,route,moved,0,,siege_tank#1255 moving,siege_tank(moving)@5.5 armored_car(moving)@9.9 scout_jeep(moving)@7.4 base_wall@6 base_wall@6 floodlight_mast@9 container@5
junglepass,Weekly,1,full,1023,heavy_tank,1,2850,142.5,151.0,8.5,18.1,115.4,125.0,115.0,AttackMove,YieldWait,fortress,narrow,moved,0,,behind thermobaric_launcher#1007,thermobaric_launcher(moving)@7.2 rocket_technical(moving)@6.4
junglepass,Weekly,1,full,1007,thermobaric_launcher,1,3760,188.0,197.5,9.5,19.3,95.0,32.5,102.7,Move,BlockedByFriend,fortress,,moved,0,,turtle_tank#1031 moving,rocket_technical(moving)@5.6 rocket_technical(moving)@8.6 turtle_tank(moving)@4.7 cliff_a@10
junglepass,Weekly,1,full,1024,heavy_tank,1,4660,233.0,241.5,8.5,86.9,105.3,57.3,89.5,AttackMove,BlockedByFriend,fortress,,moved,0,,rocket_technical#1015 moving,sam_launcher(moving)@6.6 mine_layer(moving)@8.4 command_vehicle(moving)@9.4 fpv_carrier(moving)@7.3 rocket_technical(moving)@7.4 rocket_technical(parked)@8.2 rocket_technical(moving)@6.2 twin_tank(moving)@9.7 heavy_tank(moving)@8.2 heavy_tank(moving)@5.6 base_wall@10
junglepass,Weekly,1,full,1029,heavy_tank,1,4720,236.0,247.5,11.5,86.9,101.6,64.3,94.1,AttackMove,BlockedByFriend,fortress,,moved,0,,scout_jeep#1003 moving,scout_jeep(moving)@7.7 sam_launcher(moving)@9.8 scout_jeep(moving)@3.7 scout_jeep(moving)@5.3 mine_layer(moving)@9.1 rocket_technical(moving)@6.6 rocket_technical(moving)@9.9 twin_tank(moving)@3.9 heavy_tank(moving)@7.0 heavy_tank(moving)@5.3
junglepass,Weekly,1,full,1031,turtle_tank,1,5470,273.5,286.0,12.5,116.2,109.2,110.5,117.1,AttackMove,BlockedByFriend,fortress,,gave up,0,,mobile_fortress#1041 parked,scout_jeep(moving)@9.9 vbied(moving)@8.5
junglepass,Weekly,1,full,998,sam_launcher,1,6760,338.0,347.0,9.0,102.9,101.2,86.9,81.5,AttackMove,Unknown,fortress,route,moved,0,,speed 3.0 strikes 0,mobile_fortress(moving)@8.1
junglepass,Weekly,1,full,1024,heavy_tank,1,7600,380.0,388.5,8.5,94.0,90.0,64.1,56.7,AttackMove,BlockedByFriend,fortress,route,moved,0,,sam_launcher#998 moving,sam_launcher(moving)@5.4 mobile_fortress(parked)@7.2 counter_battery_radar(parked)@8.2 rocket_technical(parked)@5.8 rocket_technical(moving)@4.0
junglepass,Weekly,1,full,1023,heavy_tank,1,9470,473.5,482.0,8.5,56.6,47.8,65.8,65.6,Move,BlockedByFriend,fortress,,moved,0,,counter_battery_radar#1079 moving,twin_tank(moving)@8.3 heavy_tank(parked)@9.2 counter_battery_radar(moving)@4.4
junglepass,Weekly,2,obstacles,999,siege_tank,0,2140,107.0,124.5,17.5,33.3,-22.0,25.8,-27.1,Move,BlockedByFriend,field,,moved,0,,armored_car#1022 parked,light_tank(parked)@6.0 ifv(parked)@8.2 armored_car(parked)@3.8 ruin@9
junglepass,Weekly,2,obstacles,1017,thermobaric_launcher,1,2560,128.0,145.5,17.5,54.9,100.0,105.6,110.8,Move,BlockedByFriend,fortress+gate,narrow+nopark,moved,0,,rocket_technical#1039 moving,gun_pit(fixed)@5.1 rocket_technical(moving)@6.6 rocket_technical(moving)@3.9 rocket_technical(moving)@7.0 ammo_dump@8 floodlight_mast@10
junglepass,Weekly,2,obstacles,1099,mobile_fortress,1,6660,333.0,396.0,63.0,111.3,129.8,95.7,109.9,AttackMove,BlockedByDefence,fortress,,gave up,0,,gun_pit#953 parked,gun_pit(fixed)@8.4 ammo_depot(fixed)@9.8 base_wall@8 base_wall@4 base_wall@10
junglepass,Weekly,2,obstacles,1082,sapper,1,6710,335.5,346.0,10.5,110.1,111.6,109.9,102.5,AttackMove,BlockedByFriend,fortress,,moved,0,,mine_layer#1009 moving,ammo_depot(fixed)@8.4 smoke_carrier(moving)@3.2 mine_layer(moving)@6.0 scout_jeep(moving)@4.6 flame_tank(moving)@3.6 rocket_technical(parked)@10.0 counter_battery_radar(parked)@9.0 counter_battery_radar(parked)@9.4 counter_battery_radar(parked)@6.3 vbied(moving)@4.7 armored_car(moving)@8.3
junglepass,Weekly,2,obstacles,1011,scout_jeep,1,6780,339.0,347.5,8.5,105.3,114.8,103.8,122.8,AttackMove,BlockedByFriend,fortress,,moved,0,,heavy_rocket_artillery#1034 moving,ammo_depot(fixed)@7.7 smoke_carrier(moving)@8.2 shahed_truck(moving)@9.8 flame_tank(moving)@4.0 heavy_rocket_artillery(moving)@4.3 rocket_technical(parked)@6.2 rocket_technical(moving)@8.5 counter_battery_radar(moving)@4.3 counter_battery_radar(parked)@9.1 counter_battery_radar(parked)@7.2 sapper(moving)@7.9 vbied(moving)@5.8
junglepass,Weekly,2,obstacles,1012,scout_jeep,1,6840,342.0,353.0,11.0,95.3,108.1,87.2,106.9,AttackMove,BlockedByFriend,fortress,,moved,0,,armored_car#1084 moving,ew_jammer(parked)@5.5 command_vehicle(moving)@4.5 thermobaric_launcher(moving)@9.6 engineer_vehicle(moving)@6.6 rocket_technical(parked)@6.5 rocket_technical(parked)@7.1 rocket_technical(moving)@6.8 rocket_technical(moving)@2.9 rocket_technical(parked)@2.4 bmpt(moving)@8.6 counter_battery_radar(parked)@8.3 counter_battery_radar(parked)@5.4 counter_battery_radar(moving)@9.8 counter_battery_radar(parked)@7.4 armored_car(moving)@4.1 engineer_vehicle(moving)@4.2
junglepass,Weekly,2,obstacles,1031,engineer_vehicle,1,6940,347.0,362.0,15.0,91.2,101.6,99.9,108.7,Move,BlockedByFriend,fortress,route,moved,0,,rocket_technical#1037 parked,mine_layer(moving)@7.4 command_vehicle(moving)@5.6 thermobaric_launcher(moving)@9.5 rocket_technical(parked)@3.4 rocket_technical(moving)@9.9 counter_battery_radar(parked)@4.7 armored_car(moving)@6.4
junglepass,Weekly,2,obstacles,1009,mine_layer,1,7040,352.0,363.0,11.0,99.4,100.7,77.0,137.0,AttackMove,BlockedByFriend,fortress,route,moved,0,,rocket_technical#1040 parked,repair_bay(fixed)@9.0 ew_jammer(moving)@7.2 command_vehicle(moving)@9.0 thermobaric_launcher(moving)@6.6 engineer_vehicle(moving)@7.5 rocket_technical(parked)@4.9 rocket_technical(parked)@3.8 rocket_technical(parked)@3.2 rocket_technical(parked)@6.9 counter_battery_radar(parked)@6.7 counter_battery_radar(moving)@3.5
junglepass,Weekly,2,obstacles,1010,command_vehicle,1,7200,360.0,369.5,9.5,92.9,103.6,100.0,108.9,Move,BlockedByFriend,fortress,route,moved,0,,counter_battery_radar#1079 moving,ew_jammer(parked)@8.2 mine_layer(moving)@5.3 engineer_vehicle(moving)@4.8 heavy_rocket_artillery(moving)@5.3 rocket_technical(parked)@3.2 rocket_technical(parked)@6.4 rocket_technical(moving)@8.8 rocket_technical(moving)@5.4 rocket_technical(moving)@9.9 bmpt(moving)@5.7 counter_battery_radar(moving)@9.4 counter_battery_radar(moving)@4.0
junglepass,Weekly,2,obstacles,1031,engineer_vehicle,1,7240,362.0,374.0,12.0,95.3,100.0,99.9,108.7,Move,BlockedByFriend,fortress+gate,route+nopark,moved,0,,command_vehicle#1010 moving,heavy_turret(fixed)@9.9 ew_jammer(parked)@8.8 command_vehicle(moving)@4.0 rocket_technical(parked)@8.3 rocket_technical(moving)@7.1 rocket_technical(parked)@9.1 counter_battery_radar(moving)@5.9 counter_battery_radar(moving)@5.4
junglepass,Weekly,2,obstacles,1010,command_vehicle,1,7750,387.5,397.5,10.0,97.9,98.6,92.6,113.8,Move,BlockedByFriend,fortress+gate,nopark,moved,0,,smoke_carrier#1002 moving,repair_bay(fixed)@8.0 smoke_carrier(moving)@4.7 ew_jammer(moving)@9.3 engineer_vehicle(moving)@5.4 heavy_rocket_artillery(parked)@8.1 rocket_technical(moving)@9.4 rocket_technical(moving)@8.3 sapper(moving)@9.4
junglepass,Weekly,2,obstacles,1099,mobile_fortress,1,7920,396.0,412.0,16.0,114.0,130.0,63.1,148.0,Idle,NoPath,fortress,,moved,0,,goal (63.1;148.0) in open ground; other region (12745 cells); fortress,base_wall@4 base_wall@7
junglepass,Weekly,2,obstacles,1010,command_vehicle,1,8060,403.0,416.5,13.5,98.0,97.9,98.1,106.7,Move,BlockedByFriend,fortress+gate,nopark,moved,0,,ew_jammer#1004 parked,heavy_turret(fixed)@9.8 repair_bay(fixed)@7.4 ew_jammer(parked)@5.9 shahed_truck(moving)@9.1 heavy_rocket_artillery(parked)@8.9 rocket_technical(parked)@6.4 rocket_technical(parked)@4.0 rocket_technical(moving)@9.6 rocket_technical(parked)@9.4 counter_battery_radar(parked)@8.8
junglepass,Weekly,2,obstacles,1099,mobile_fortress,1,8240,412.0,423.5,11.5,111.3,129.7,95.7,109.9,AttackMove,BlockedByDefence,fortress,,moved,0,,gun_pit#953 parked,gun_pit(fixed)@8.4 ammo_depot(fixed)@9.7 base_wall@8 base_wall@4 base_wall@10
junglepass,Weekly,2,obstacles,1082,sapper,1,8300,415.0,426.5,11.5,93.4,103.0,117.5,108.3,AttackMove,BlockedByFriend,fortress,route,moved,0,,rocket_technical#1039 parked,ew_jammer(moving)@6.0 command_vehicle(moving)@6.0 shahed_truck(moving)@4.9 rocket_technical(parked)@2.6 rocket_technical(parked)@3.8 rocket_technical(parked)@8.3 counter_battery_radar(parked)@5.6 engineer_vehicle(parked)@7.2
junglepass,Weekly,2,obstacles,1011,scout_jeep,1,8410,420.5,429.5,9.0,106.0,116.7,113.7,107.3,AttackMove,OffRoute,fortress,,moved,0,,to (113.7;107.3) past ammo_depot(defence),ammo_depot(fixed)@6.0 mine_layer(moving)@4.3 thermobaric_launcher(parked)@3.1 engineer_vehicle(moving)@8.1 rocket_technical(parked)@5.4 rocket_technical(moving)@7.6 bmpt(moving)@8.8
junglepass,Weekly,2,obstacles,1099,mobile_fortress,1,8470,423.5,457.5,34.0,113.7,129.2,77.0,137.0,AttackMove,BlockedByDefence,fortress,,gave up,0,,ammo_depot#956 parked,ammo_depot(fixed)@9.6 base_wall@5 base_wall@8
junglepass,Weekly,2,obstacles,1009,mine_layer,1,8480,424.0,432.5,8.5,105.2,113.0,77.0,137.0,AttackMove,BlockedByFriend,fortress,,moved,0,,armored_car#1078 moving,ammo_depot(fixed)@9.1 smoke_carrier(moving)@6.1 thermobaric_launcher(parked)@6.0 flame_tank(moving)@7.1 engineer_vehicle(moving)@9.7 rocket_technical(parked)@3.9 rocket_technical(parked)@5.4 bmpt(moving)@6.8 counter_battery_radar(moving)@8.5 counter_battery_radar(moving)@6.3 armored_car(moving)@5.6 sapper(moving)@7.5
junglepass,Weekly,2,obstacles,1025,flame_tank,1,8730,436.5,445.0,8.5,99.7,114.8,102.1,123.1,AttackMove,BlockedByFriend,fortress,,moved,0,,engineer_vehicle#1031 moving,smoke_carrier(moving)@6.2 ew_jammer(moving)@5.4 mine_layer(moving)@5.4 command_vehicle(parked)@8.0 thermobaric_launcher(parked)@8.8 engineer_vehicle(moving)@5.1 rocket_technical(moving)@7.7 rocket_technical(parked)@5.7 rocket_technical(parked)@2.6 counter_battery_radar(parked)@4.2 counter_battery_radar(moving)@5.1 counter_battery_radar(moving)@9.9 armored_car(moving)@2.2 sapper(moving)@6.4 engineer_vehicle(moving)@7.4
junglepass,Weekly,2,obstacles,1025,flame_tank,1,8900,445.0,454.5,9.5,98.7,115.8,89.7,114.9,AttackMove,BlockedByFriend,fortress,,moved,0,,rocket_technical#1049 parked,smoke_carrier(moving)@8.0 ew_jammer(moving)@7.4 mine_layer(moving)@6.5 command_vehicle(moving)@10.0 thermobaric_launcher(parked)@8.2 engineer_vehicle(parked)@4.9 rocket_technical(moving)@3.3 rocket_technical(moving)@9.2 rocket_technical(moving)@5.6 rocket_technical(parked)@4.0 bmpt(moving)@9.2 counter_battery_radar(moving)@5.9 counter_battery_radar(moving)@3.6 counter_battery_radar(moving)@8.6 armored_car(parked)@8.0 counter_battery_radar(moving)@5.2 engineer_vehicle(moving)@8.3
junglepass,Weekly,2,obstacles,1009,mine_layer,1,9050,452.5,461.5,9.0,97.7,121.9,77.0,137.0,AttackMove,BlockedByFriend,fortress,,moved,0,,rocket_technical#1040 moving,drone_hangar(fixed)@8.3 gun_pit(fixed)@8.4 smoke_carrier(moving)@3.8 ew_jammer(moving)@10.0 command_vehicle(moving)@8.0 thermobaric_launcher(parked)@8.4 engineer_vehicle(moving)@5.3 rocket_technical(moving)@6.6 rocket_technical(moving)@4.6 rocket_technical(parked)@7.4 bmpt(moving)@6.9 armored_car(moving)@8.5
junglepass,Weekly,2,obstacles,1052,bmpt,1,9110,455.5,464.0,8.5,89.7,119.7,111.9,111.4,AttackMove,BlockedByFriend,fortress,,moved,0,,rocket_technical#1039 moving,drone_hangar(fixed)@8.0 smoke_carrier(moving)@5.4 ew_jammer(moving)@8.6 mine_layer(moving)@7.1 command_vehicle(parked)@10.0 shahed_truck(moving)@6.7 rocket_technical(moving)@6.0 rocket_technical(moving)@3.4 rocket_technical(moving)@8.6 rocket_technical(parked)@7.0 base_wall@7
junglepass,Weekly,2,obstacles,1099,mobile_fortress,1,9400,470.0,487.5,17.5,113.8,129.7,77.0,137.0,AttackMove,BlockedByDefence,fortress,,gave up,0,,ammo_depot#956 parked,base_wall@5 base_wall@8
junglepass,Weekly,2,obstacles,1099,mobile_fortress,1,9870,493.5,513.0,19.5,113.9,130.0,65.7,59.7,Idle,NoPath,fortress,,gave up,0,,goal (65.7;59.7) in open ground; other region (12932 cells); fortress,base_wall@4 base_wall@7
junglepass,Weekly,2,obstacles,1018,shahed_truck,1,10100,505.0,514.0,9.0,96.1,100.3,92.6,91.3,Move,BlockedByFriend,fortress,route,moved,0,,armored_car#1084 moving,mine_layer(moving)@6.3 rocket_technical(moving)@3.0 rocket_technical(moving)@4.2 rocket_technical(moving)@7.9 counter_battery_radar(moving)@9.1 counter_battery_radar(moving)@8.0 counter_battery_radar(parked)@5.0 sapper(moving)@6.7 vbied(moving)@8.2 armored_car(moving)@4.1 engineer_vehicle(moving)@6.9 heavy_tank(moving)@9.7
junglepass,Weekly,2,obstacles,1099,mobile_fortress,1,10520,526.0,550.5,24.5,114.0,129.1,77.0,137.0,AttackMove,BlockedByDefence,fortress,,gave up,0,,ammo_depot#956 parked,ammo_depot(fixed)@9.6 base_wall@5 base_wall@8
junglepass,Weekly,2,obstacles,1052,bmpt,1,10610,530.5,540.5,10.0,96.9,94.5,111.9,111.4,AttackMove,YieldWait,fortress,route,moved,0,,behind engineer_vehicle#1090,repair_bay(fixed)@6.4 mine_layer(moving)@8.6 command_vehicle(moving)@7.0 shahed_truck(moving)@10.0 rocket_technical(moving)@3.8 rocket_technical(moving)@7.0 rocket_technical(parked)@2.6 rocket_technical(moving)@3.1 counter_battery_radar(moving)@6.1 counter_battery_radar(moving)@7.6 engineer_vehicle(moving)@6.6
junglepass,Weekly,2,obstacles,1099,mobile_fortress,1,11030,551.5,584.5,33.0,114.0,129.9,77.0,137.0,AttackMove,BlockedByDefence,fortress,,moved,0,,ammo_depot#956 parked,base_wall@5 base_wall@7
junglepass,Weekly,2,obstacles,1004,ew_jammer,1,11070,553.5,562.5,9.0,99.1,99.0,90.0,105.4,Move,YieldWait,fortress,route,moved,0,,behind counter_battery_radar#1070,repair_bay(fixed)@7.6 command_vehicle(moving)@9.7 shahed_truck(moving)@8.8 rocket_technical(moving)@6.7 counter_battery_radar(moving)@5.0 counter_battery_radar(moving)@9.4 counter_battery_radar(moving)@6.3 counter_battery_radar(moving)@9.3 sapper(moving)@10.0 engineer_vehicle(moving)@4.2
junglepass,Weekly,2,obstacles,1145,siege_tank,0,11280,564.0,574.0,10.0,-4.3,12.2,-17.0,-11.0,Move,Unknown,field,,moved,0,,speed 0.5 strikes 1,
capital,Defend,1,light,911,mobile_fortress,0,4800,240.0,248.5,8.5,114.2,115.1,138.6,73.3,AttackMove,Unknown,fortress,,moved,0,,speed 1.8 strikes 0,titan_tank(moving)@8.2 aa_vehicle(moving)@8.9
capital,Defend,1,light,931,aa_vehicle,0,5890,294.5,304.0,9.5,139.3,110.2,126.4,68.9,AttackMove,BlockedByFriend,fortress,,moved,0,,mobile_fortress#911 parked,titan_tank(parked)@8.3 main_battle_tank(moving)@8.3 mobile_fortress(parked)@9.6 ifv(moving)@4.3 heavy_tank(moving)@8.3
capital,Defend,1,light,946,main_battle_tank,0,6170,308.5,317.0,8.5,117.9,102.5,118.9,136.9,AttackMove,BlockedByFriend,fortress,,moved,0,,titan_tank#854 moving,titan_tank(moving)@5.8 elite_heavy_tank(moving)@8.0 ifv(moving)@4.4 ifv(moving)@9.4
capital,Defend,1,light,949,ifv,0,6190,309.5,318.5,9.0,117.6,104.9,118.9,136.9,AttackMove,BlockedByFriend,fortress,,moved,0,,main_battle_tank#946 moving,titan_tank(moving)@4.9 heavy_tank(moving)@9.3 aa_vehicle(moving)@9.8 main_battle_tank(moving)@4.7 elite_heavy_tank(moving)@6.3
capital,Defend,1,light,947,elite_heavy_tank,0,6230,311.5,320.5,9.0,132.2,108.5,118.3,138.0,AttackMove,BlockedByFriend,fortress,,moved,0,,heavy_tank#926 moving,siege_tank(moving)@9.9 titan_tank(moving)@7.4 ifv(moving)@4.4 heavy_tank(moving)@7.1 aa_vehicle(moving)@9.1 titan_tank(moving)@7.1 elite_heavy_tank(moving)@9.2 ifv(moving)@7.5
capital,Defend,1,light,886,titan_tank,0,6240,312.0,320.5,8.5,136.2,102.4,123.4,92.0,AttackMove,YieldWait,fortress,,moved,0,,behind elite_heavy_tank#947,siege_tank(moving)@7.7 ifv(moving)@4.9 elite_heavy_tank(moving)@7.6 ifv(moving)@8.2 base_wall@7
capital,Defend,1,light,930,ifv,0,6330,316.5,334.0,17.5,124.5,115.6,125.6,138.4,AttackMove,BlockedByFriend,fortress,,moved,0,,aa_vehicle#932 moving,heavy_tank(moving)@5.8 ifv(moving)@7.8 aa_vehicle(moving)@4.3 titan_tank(moving)@4.2 ifv(moving)@8.0 command_hq@9
capital,Defend,1,light,936,titan_tank,0,6330,316.5,325.5,9.0,128.3,113.8,122.8,74.3,AttackMove,BlockedByFriend,fortress,,moved,0,,ifv#930 moving,heavy_tank(moving)@7.4 aa_vehicle(moving)@9.2 ifv(moving)@4.3 heavy_tank(moving)@7.3 ifv(moving)@4.2 aa_vehicle(moving)@7.6 elite_heavy_tank(moving)@6.6 elite_heavy_tank(moving)@8.7
capital,Defend,1,light,947,elite_heavy_tank,0,6410,320.5,329.0,8.5,134.0,108.5,118.3,138.0,AttackMove,YieldWait,fortress,,moved,0,,waiting on a yield,titan_tank(moving)@8.0 heavy_tank(moving)@8.5 aa_vehicle(moving)@4.0 ifv(moving)@7.6 heavy_tank(moving)@8.8 aa_vehicle(moving)@5.7 elite_heavy_tank(moving)@6.6 ifv(moving)@3.8
capital,Defend,1,light,926,heavy_tank,0,6880,344.0,354.0,10.0,136.5,116.4,107.2,97.2,AttackMove,BlockedByFriend,fortress,,moved,0,,ifv#952 moving,heavy_tank(moving)@3.7 ifv(moving)@8.8 aa_vehicle(moving)@8.6 aa_vehicle(moving)@8.0 main_battle_tank(moving)@5.8 elite_heavy_tank(moving)@9.4 ifv(moving)@5.7 ifv(moving)@8.0 ifv(moving)@5.0 elite_mbt(moving)@7.1 aa_vehicle(moving)@8.2
capital,Defend,1,light,932,aa_vehicle,0,6970,348.5,357.0,8.5,130.1,113.0,125.4,141.5,AttackMove,BlockedByFriend,fortress,,moved,0,,elite_mbt#956 moving,titan_tank(moving)@9.6 heavy_tank(moving)@7.4 aa_vehicle(moving)@8.9 elite_mbt(moving)@4.2 elite_heavy_tank(moving)@6.1 aa_vehicle(moving)@4.9
capital,Defend,1,light,947,elite_heavy_tank,0,6990,349.5,363.5,14.0,136.0,127.7,118.3,138.0,AttackMove,BlockedByFriend,fortress,,moved,0,,ifv#951 moving,mobile_fortress(parked)@8.4 main_battle_tank(moving)@3.8 ifv(moving)@6.8 ifv(moving)@6.3 ifv(moving)@10.0
capital,Defend,1,light,951,ifv,0,7060,353.0,362.0,9.0,142.2,124.9,125.6,138.4,AttackMove,BlockedByFriend,fortress,,moved,0,,main_battle_tank#946 moving,heavy_tank(moving)@6.8 ifv(moving)@8.2 titan_tank(moving)@6.8 main_battle_tank(moving)@5.8 elite_heavy_tank(moving)@6.7 ifv(moving)@2.1 ifv(moving)@3.8
capital,Defend,1,light,946,main_battle_tank,0,7100,355.0,364.0,9.0,137.0,121.3,118.9,136.9,AttackMove,BlockedByFriend,fortress,,moved,0,,elite_heavy_tank#947 moving,heavy_tank(moving)@3.9 heavy_tank(moving)@8.7 titan_tank(moving)@7.3 elite_heavy_tank(moving)@2.6 ifv(moving)@3.1 ifv(moving)@6.6 ifv(moving)@9.5 elite_mbt(moving)@8.6
capital,Defend,1,light,949,ifv,0,7130,356.5,366.0,9.5,140.6,121.0,118.9,136.9,AttackMove,YieldWait,fortress,,moved,0,,behind ifv#951,heavy_tank(moving)@5.6 ifv(parked)@8.4 ifv(moving)@7.5 titan_tank(moving)@5.8 main_battle_tank(moving)@3.0 elite_heavy_tank(moving)@4.6 ifv(moving)@3.5 ifv(moving)@5.9
capital,Defend,1,light,952,ifv,0,7200,360.0,374.0,14.0,146.0,122.9,132.9,137.3,AttackMove,YieldWait,fortress,,moved,0,,behind mobile_fortress#911,mobile_fortress(moving)@9.0 ifv(moving)@9.3 ifv(moving)@5.9 titan_tank(moving)@9.2 main_battle_tank(moving)@8.1 ifv(moving)@6.7 ifv(moving)@3.2
capital,Defend,1,light,902,main_battle_tank,0,7250,362.5,373.0,10.5,134.0,136.8,125.0,115.0,AttackMove,YieldWait,fortress,,moved,0,,behind mobile_fortress#911,
capital,Defend,1,light,951,ifv,0,7290,364.5,374.5,10.0,145.8,121.9,125.6,138.4,AttackMove,BlockedByFriend,fortress,,moved,0,,mobile_fortress#911 moving,mobile_fortress(moving)@8.2 ifv(moving)@6.3 titan_tank(moving)@9.2 main_battle_tank(moving)@7.1 ifv(moving)@3.5 ifv(moving)@2.9
capital,Defend,1,light,957,elite_heavy_tank,0,7390,369.5,386.0,16.5,125.3,110.7,118.3,138.0,AttackMove,BlockedByFriend,fortress,,gave up,0,,titan_tank#854 moving,titan_tank(moving)@5.0 aa_vehicle(parked)@5.0 elite_heavy_tank(moving)@6.9 artillery(moving)@6.4 elite_mbt(moving)@9.6 ifv(moving)@7.3
capital,Defend,1,light,936,titan_tank,0,7440,372.0,381.5,9.5,146.8,113.9,118.3,138.0,AttackMove,BlockedByFriend,fortress,,moved,0,,heavy_tank#904 moving,heavy_tank(moving)@5.9 mobile_fortress(moving)@8.6 ifv(moving)@9.1 ifv(moving)@9.7
capital,Defend,2,full,883,main_battle_tank,0,1330,66.5,77.0,10.5,22.1,19.2,11.0,73.0,AttackMove,StalePath,fortress,,moved,0,,leg 3/17 to (25.0;21.0) crosses office_block,minefield(fixed)@4.3 ifv(moving)@3.7 main_battle_tank(moving)@7.4
capital,Defend,2,full,901,light_tank,0,2830,141.5,150.5,9.0,19.7,74.0,22.5,86.4,AttackMove,OffRoute,fortress,road,gave up,0,,to (22.5;86.4) past radar_station,main_battle_tank(moving)@5.2 scout_jeep(moving)@6.7 aa_vehicle(parked)@4.3 aa_vehicle(moving)@7.7 light_tank(moving)@4.2 armored_car(moving)@7.9 armored_car(moving)@9.3 scout_jeep(parked)@9.3 armored_car(moving)@9.4 light_tank(moving)@3.6
capital,Defend,2,full,911,siege_tank,0,5730,286.5,295.0,8.5,-8.3,111.5,7.0,121.0,Move,BlockedByFriend,fortress+gate,road+nopark,moved,0,,mlrs#941 moving,siege_tank(moving)@5.8 mlrs(moving)@7.6
capital,Defend,2,full,974,siege_tank,0,6400,320.0,328.5,8.5,-29.1,99.8,57.0,105.0,Move,BlockedByFriend,fortress,road,moved,0,,siege_tank#976 moving,siege_tank(moving)@5.0 bus@9
capital,Defend,2,full,974,siege_tank,0,7800,390.0,400.0,10.0,99.3,62.9,90.4,29.3,Move,BlockedByFriend,fortress,,moved,0,,siege_tank#911 moving,rocket_turret(fixed)@8.2 siege_tank(moving)@6.0
capital,Defend,2,full,1053,main_battle_tank,0,10570,528.5,538.5,10.0,58.1,70.9,91.2,72.6,AttackMove,BlockedByFriend,fortress,road,moved,0,,scout_jeep#1024 moving,main_battle_tank(moving)@8.7 aa_vehicle(moving)@5.9 aa_vehicle(moving)@6.9 scout_jeep(moving)@4.2 armored_car(moving)@3.3 aa_vehicle(moving)@5.2 ifv(moving)@6.3 light_tank(moving)@9.2 light_tank(moving)@5.6 ifv(moving)@9.9 ifv(parked)@7.0
capital,Defend,2,full,1055,ifv,0,10580,529.0,537.5,8.5,65.0,63.2,91.0,66.5,AttackMove,BlockedByFriend,fortress,,moved,0,,aa_vehicle#1021 moving,main_battle_tank(parked)@8.1 main_battle_tank(parked)@8.0 aa_vehicle(moving)@4.3 armored_car(moving)@4.4 aa_vehicle(moving)@8.5 light_tank(parked)@5.2 ifv(parked)@6.5 light_tank(moving)@4.9 scout_jeep(moving)@9.4 scout_jeep(parked)@3.5 armored_car(moving)@6.6 main_battle_tank(moving)@9.7 light_tank(moving)@4.7 ifv(parked)@7.3
capital,Endless,1,full,889,aa_vehicle,0,4660,233.0,242.5,9.5,8.9,88.6,11.0,73.0,AttackMove,YieldWait,fortress,,moved,0,,behind ifv#942,ifv(parked)@8.4 aa_vehicle(moving)@6.6 ifv(moving)@4.5 ifv(moving)@5.3 radar_station@8
capital,Endless,1,full,879,titan_tank,0,6560,328.0,337.0,9.0,28.9,72.8,12.2,88.3,AttackMove,Unknown,fortress,road,moved,0,,speed 2.3 strikes 0,aa_vehicle(parked)@8.8 ifv(parked)@4.8
capital,Endless,1,full,902,ifv,0,8040,402.0,411.5,9.5,22.2,81.8,-41.7,60.1,AttackMove,YieldWait,fortress,,moved,0,,behind ifv#962,titan_tank(moving)@8.7 aa_vehicle(parked)@8.9 aa_vehicle(moving)@7.5 titan_tank(moving)@4.8 ifv(moving)@9.1 ifv(moving)@6.6 ifv(moving)@4.2
capital,Endless,1,full,908,titan_tank,0,8770,438.5,447.0,8.5,-5.4,61.0,11.3,66.4,AttackMove,Unknown,fortress,road,moved,0,,speed 0.7 strikes 1,aa_vehicle(moving)@5.0 siege_tank(moving)@5.3 river_water@9 river_water@9 wreck_tank@10
capital,Endless,1,full,1074,main_battle_tank,0,10070,503.5,514.0,10.5,62.7,56.3,57.0,51.0,AttackMove,YieldWait,fortress,route,moved,0,,behind ifv#942,aa_vehicle(moving)@5.6 ifv(moving)@4.3 ifv(parked)@7.4 titan_tank(moving)@7.6 heavy_tank(moving)@8.3 aa_vehicle(moving)@7.9 ifv(moving)@4.9 aa_vehicle(moving)@3.6 shield_generator@6
capital,Endless,1,full,908,titan_tank,0,10790,539.5,549.0,9.5,68.2,55.9,69.4,66.1,AttackMove,BlockedByFriend,fortress,road,moved,0,,heavy_tank#1013 moving,titan_tank(moving)@6.3 titan_tank(moving)@7.6 heavy_tank(moving)@5.8 main_battle_tank(moving)@10.0 heavy_tank(moving)@5.7
capital,Endless,1,full,881,titan_tank,0,11670,583.5,592.0,8.5,109.3,59.0,117.0,53.0,AttackMove,BlockedByFriend,fortress,,moved,0,,aa_vehicle#1132 moving,heavy_tank(moving)@6.0 titan_tank(moving)@9.5 heavy_tank(moving)@9.1 main_battle_tank(moving)@4.6 aa_vehicle(moving)@5.6 shield_generator@6
capital,Endless,1,full,914,heavy_tank,0,11830,591.5,600.1,8.6,111.3,68.2,109.0,47.0,AttackMove,BlockedByFriend,fortress,road,open,0,,main_battle_tank#1074 moving,titan_tank(moving)@8.9 heavy_tank(moving)@8.1 main_battle_tank(moving)@5.6 main_battle_tank(moving)@8.7 ifv(moving)@6.5
capital,Endless,1,full,881,titan_tank,0,11840,592.0,600.1,8.1,111.8,59.3,117.0,53.0,AttackMove,YieldWait,fortress,,open,0,,behind heavy_tank#900,heavy_tank(moving)@5.1 heavy_tank(moving)@8.6 titan_tank(moving)@8.2 main_battle_tank(moving)@3.3 main_battle_tank(moving)@8.9 aa_vehicle(moving)@9.5 ifv(moving)@7.6 shield_generator@7
capital,Endless,2,obstacles,885,main_battle_tank,0,1430,71.5,80.5,9.0,17.4,88.3,11.0,73.0,AttackMove,YieldWait,fortress,,moved,0,,waiting on a yield,main_battle_tank(parked)@3.6 aa_vehicle(parked)@6.3 radar_station@9
capital,Endless,2,obstacles,905,light_tank,0,1530,76.5,91.5,15.0,16.9,74.0,6.4,91.8,AttackMove,OffRoute,fortress,road,moved,0,,to (21.0;89.0) past radar_station,ifv(parked)@5.3 scout_jeep(moving)@7.1 aa_vehicle(parked)@5.7 armored_car(moving)@5.8 armored_car(moving)@8.4 aa_vehicle(parked)@3.1 radar_station@9
capital,Endless,2,obstacles,887,main_battle_tank,0,2390,119.5,130.0,10.5,34.9,118.1,58.3,75.3,AttackMove,BlockedByFriend,fortress,,gave up,0,,main_battle_tank#885 moving,main_battle_tank(moving)@6.5 main_battle_tank(moving)@4.2 light_tank(moving)@6.2 mlrs(moving)@4.3 base_wall@8
capital,Endless,2,obstacles,916,siege_tank,0,5670,283.5,295.5,12.0,112.0,58.4,107.1,9.7,Move,YieldWait,fortress,,moved,0,,waiting on a yield,gun_pit(fixed)@6.1 light_tank(moving)@6.2 armored_car(moving)@4.8 aa_vehicle(moving)@9.2 shield_generator@6
capital,Endless,2,obstacles,1015,siege_tank,0,7130,356.5,368.5,12.0,106.7,31.2,88.3,15.4,Move,BlockedByFriend,fortress,,moved,0,,siege_tank#891 moving,siege_tank(moving)@5.6 siege_tank(moving)@9.1 main_battle_tank(moving)@4.9 armored_car(moving)@8.8 mlrs(moving)@4.4 ifv(moving)@9.8 light_tank(moving)@7.1 scout_jeep(moving)@9.7
capital,Endless,2,obstacles,1110,main_battle_tank,0,10150,507.5,516.5,9.0,44.2,103.8,51.6,122.2,AttackMove,BlockedByObstacle,fortress+gate,nopark,moved,0,,base_wall,siege_tank(moving)@6.8 main_battle_tank(moving)@8.5 aa_vehicle(moving)@6.6 main_battle_tank(moving)@4.2 scout_jeep(moving)@3.6 armored_car(moving)@6.4 base_wall@9 shield_generator@9
capital,Endless,2,obstacles,891,siege_tank,0,11290,564.5,574.5,10.0,25.0,145.3,35.0,143.0,Move,YieldWait,fortress,,gave up,0,,behind siege_tank#916,siege_tank(parked)@9.9
capital,Weekly,1,obstacles,912,heavy_rocket_artillery,1,5090,254.5,268.5,14.0,86.6,122.0,10.0,95.9,Move,BlockedByFriend,fortress,,moved,0,,wheeled_gun#930 moving,drone_hangar(fixed)@7.4 wheeled_gun(moving)@8.1 rocket_technical(moving)@8.4 rocket_technical(moving)@8.5 base_wall@3 base_wall@9
capital,Weekly,2,light,901,engineer_vehicle,1,5040,252.0,262.0,10.0,96.9,113.7,103.0,108.1,Move,YieldWait,fortress,road,moved,0,,behind sapper#908,ew_jammer(moving)@10.0 thermobaric_launcher(moving)@8.3 counter_battery_radar(moving)@6.6 engineer_vehicle(moving)@3.3 sapper(moving)@5.0 rocket_technical(parked)@9.2
capital,Weekly,2,light,908,sapper,1,5660,283.0,291.5,8.5,95.2,106.6,84.8,79.6,AttackMove,YieldWait,fortress,,moved,0,,waiting on a yield,command_vehicle(moving)@8.8 thermobaric_launcher(moving)@6.8 twin_tank(moving)@10.0 counter_battery_radar(moving)@8.2 heavy_tank(moving)@4.7 engineer_vehicle(moving)@6.9 armored_car(moving)@3.4 engineer_vehicle(moving)@6.5
capital,Weekly,2,light,883,thermobaric_launcher,1,6140,307.0,316.5,9.5,96.1,94.2,91.4,82.8,Move,BlockedByFriend,fortress,route,moved,0,,mine_layer#873 moving,ew_jammer(moving)@5.9 mine_layer(moving)@4.4 command_vehicle(moving)@4.4 counter_battery_radar(moving)@7.9 engineer_vehicle(moving)@9.5
capital,Weekly,2,light,898,engineer_vehicle,1,8990,449.5,459.5,10.0,105.4,106.2,98.9,84.5,Move,BlockedByFriend,fortress,route,moved,0,,armored_car#984 moving,twin_tank(moving)@9.1 mobile_fortress(moving)@9.3 counter_battery_radar(moving)@6.0 armored_car(moving)@4.1
capital,Weekly,2,light,967,counter_battery_radar,1,9000,450.0,460.0,10.0,103.2,111.3,103.1,87.5,Move,BlockedByFriend,fortress,,moved,0,,engineer_vehicle#898 moving,engineer_vehicle(moving)@5.9 scout_jeep(moving)@8.8 armored_car(moving)@9.9
capital,Weekly,2,light,901,engineer_vehicle,1,10500,525.0,535.0,10.0,114.8,87.3,104.7,102.9,Move,BlockedByFriend,fortress,road,moved,0,,elite_heavy_tank#1000 moving,command_vehicle(moving)@8.3 engineer_vehicle(moving)@7.0 elite_heavy_tank(moving)@4.7
capital,Weekly,2,light,908,sapper,1,10850,542.5,552.5,10.0,112.5,112.2,125.0,115.0,AttackMove,YieldWait,fortress,,gave up,0,,behind elite_heavy_tank#1000,command_vehicle(parked)@7.0 twin_tank(moving)@4.2 mobile_fortress(moving)@8.5 elite_heavy_tank(moving)@5.9 mine_layer(moving)@8.1
capital,Weekly,2,light,883,thermobaric_launcher,1,11590,579.5,589.5,10.0,104.3,98.4,105.1,87.4,Move,BlockedByFriend,fortress,,moved,0,,thermobaric_launcher#968 moving,engineer_vehicle(parked)@7.9 counter_battery_radar(moving)@7.5 thermobaric_launcher(moving)@4.4 elite_heavy_tank(moving)@7.9
