map,mode,seed,config,vehicle,def,team,start_tick,start_s,end_s,seconds,x,y,goal_x,goal_y,order,cause,area,lanes,outcome,rescues,rescue_kinds,detail,nearby
ashfield,Defend,1,full,507,titan_tank,0,2130,106.5,115.0,8.5,99.8,89.5,57.2,64.3,AttackMove,BlockedByFriend,fortress,,moved,0,,main_battle_tank#513 parked,heavy_turret(fixed)@8.9 main_battle_tank(parked)@3.9 base_wall@7 base_wall@7
ashfield,Defend,1,full,487,siege_tank,0,2910,145.5,155.0,9.5,53.4,100.8,53.0,63.0,Move,BlockedByObstacle,fortress+gate,nopark,moved,0,,ammo_dump,gun_pit(fixed)@6.6 ammo_dump@7 floodlight_mast@8
ashfield,Defend,1,full,534,aa_vehicle,0,4180,209.0,219.5,10.5,65.9,52.5,32.1,24.9,AttackMove,YieldWait,fortress,route,moved,0,,behind heavy_tank#528,aa_vehicle(moving)@3.6 titan_tank(moving)@7.7 heavy_tank(moving)@4.7 main_battle_tank(moving)@8.5 aa_vehicle(moving)@5.0 guard_tower(fixed)@8.2 shield_generator@10
ashfield,Defend,1,full,528,heavy_tank,0,4190,209.5,221.0,11.5,63.0,48.9,33.8,27.8,AttackMove,BlockedByFriend,fortress+gate,route+nopark,moved,0,,aa_vehicle#537 moving,aa_vehicle(moving)@4.7 titan_tank(moving)@9.6 main_battle_tank(moving)@5.8 aa_vehicle(moving)@4.6 aa_vehicle(moving)@7.0 aa_vehicle(moving)@4.9 guard_tower(fixed)@4.1
ashfield,Defend,1,full,513,main_battle_tank,0,4700,235.0,243.5,8.5,42.3,36.5,33.7,33.6,AttackMove,Unknown,fortress,route,moved,0,,speed 1.6 strikes 1,heavy_tank(moving)@5.3 siege_tank(moving)@5.1 heavy_tank(moving)@5.2 heavy_tank(moving)@8.7
ashfield,Defend,1,full,533,main_battle_tank,0,5780,289.0,302.0,13.0,111.3,61.0,112.8,46.7,AttackMove,OffRoute,fortress,,moved,0,,to (107.0;59.0) past shield_generator,titan_tank(moving)@9.8 titan_tank(moving)@10.0 heavy_tank(moving)@8.4 heavy_tank(moving)@8.8 ifv(moving)@8.2 ifv(moving)@4.0 aa_vehicle(moving)@8.1 aa_vehicle(moving)@8.4 aa_vehicle(parked)@3.6 shield_generator@7
ashfield,Defend,1,full,507,titan_tank,0,6500,325.0,334.5,9.5,118.0,52.9,107.0,53.0,AttackMove,BlockedByFriend,fortress,narrow,moved,0,,heavy_tank#528 moving,heavy_tank(moving)@9.5 heavy_tank(moving)@5.2 ifv(parked)@6.9 main_battle_tank(parked)@6.1 aa_vehicle(moving)@5.4 aa_vehicle(parked)@9.9 shield_generator@5
ashfield,Defend,1,full,580,siege_tank,0,7610,380.5,390.5,10.0,97.9,70.4,111.4,9.1,Move,YieldWait,fortress,road+route,moved,0,,waiting on a yield,titan_tank(moving)@5.1 titan_tank(moving)@6.1 aa_vehicle(moving)@4.3 artillery(moving)@8.3
ashfield,Defend,1,full,477,titan_tank,0,7650,382.5,395.5,13.0,100.9,74.6,107.0,53.0,AttackMove,BlockedByFriend,fortress,route,gave up,0,,artillery#600 moving,siege_tank(moving)@4.5 aa_vehicle(moving)@8.3 artillery(moving)@3.9
ashfield,Defend,1,full,554,aa_vehicle,0,8770,438.5,453.0,14.5,44.3,106.5,53.0,119.0,AttackMove,YieldWait,fortress,narrow,moved,0,,behind aa_vehicle#549,titan_tank(moving)@7.3 titan_tank(parked)@4.5 aa_vehicle(parked)@3.8 base_wall@5 base_wall@7
ashfield,Defend,1,full,477,titan_tank,0,9820,491.0,503.5,12.5,44.0,115.1,50.7,121.4,Move,YieldWait,fortress,narrow,moved,0,,behind heavy_tank#528,titan_tank(moving)@9.0 heavy_tank(parked)@4.6 heavy_tank(parked)@4.7 siege_tank(moving)@7.1 aa_vehicle(moving)@9.0 base_wall@5
ashfield,Defend,1,full,623,aa_vehicle,0,9830,491.5,500.0,8.5,47.4,107.3,53.0,119.0,AttackMove,YieldWait,fortress,narrow,moved,0,,behind heavy_tank#566,titan_tank(moving)@8.9 heavy_tank(moving)@5.0 heavy_tank(parked)@5.2 siege_tank(moving)@3.5 aa_vehicle(parked)@5.3 aa_vehicle(moving)@5.6 aa_vehicle(moving)@6.9 base_wall@8 base_wall@9 shield_generator@8
ashfield,Defend,1,full,580,siege_tank,0,10120,506.0,517.5,11.5,47.9,106.2,19.0,139.0,Move,BlockedByFriend,fortress,narrow,moved,0,,ifv#644 moving,heavy_tank(moving)@4.8 heavy_tank(parked)@6.9 aa_vehicle(parked)@7.5 aa_vehicle(moving)@6.1 ifv(moving)@4.1 base_wall@8 base_wall@10 shield_generator@9
ashfield,Defend,2,obstacles,516,siege_tank,0,1720,86.0,96.0,10.0,100.3,98.9,20.7,9.2,Move,BlockedByDefence,fortress,,moved,0,,repair_bay#454 parked,repair_bay(fixed)@6.9 ammo_depot(fixed)@6.9 aa_vehicle(moving)@7.8 siege_tank(moving)@6.8 siege_tank(moving)@7.9 aa_vehicle(moving)@8.7
ashfield,Defend,2,obstacles,519,siege_tank,0,1870,93.5,102.5,9.0,108.9,96.5,99.0,99.0,Move,BlockedByFriend,fortress,,moved,0,,aa_vehicle#514 moving,ammo_depot(fixed)@7.1 aa_vehicle(moving)@6.8 siege_tank(moving)@9.3
ashfield,Defend,2,obstacles,617,light_tank,0,7200,360.0,372.0,12.0,108.0,56.8,112.9,47.9,AttackMove,YieldWait,fortress,narrow,moved,0,,behind scout_jeep#631,light_tank(moving)@3.6 ifv(moving)@6.7 armored_car(moving)@7.3 aa_vehicle(moving)@3.3 scout_jeep(moving)@3.2 scout_jeep(moving)@6.7 shield_generator@6 ammo_dump@6
ashfield,Defend,2,obstacles,618,ifv,0,7360,368.0,377.5,9.5,124.0,60.3,107.0,53.0,AttackMove,BlockedByFriend,fortress,,moved,0,,aa_vehicle#614 moving,heavy_turret(fixed)@7.5 main_battle_tank(parked)@7.4 aa_vehicle(moving)@4.0 light_tank(moving)@6.8 scout_jeep(moving)@4.5 container_stack@7
ashfield,Defend,2,obstacles,603,armored_car,0,7490,374.5,383.0,8.5,106.6,46.7,107.0,53.0,AttackMove,BlockedByFriend,fortress,,gave up,0,,ifv#600 moving,light_tank(moving)@7.0 ifv(moving)@9.6 ifv(moving)@3.4 scout_jeep(moving)@4.2 armored_car(moving)@6.4 armored_car(moving)@5.8 main_battle_tank(moving)@9.2 base_wall@7 base_wall@9 shield_generator@10
ashfield,Defend,2,obstacles,605,aa_vehicle,0,7670,383.5,392.0,8.5,118.1,45.9,118.5,62.6,AttackMove,BlockedByFriend,fortress,,gave up,0,,ifv#600 parked,main_battle_tank(moving)@9.8 ifv(parked)@4.0 armored_car(moving)@8.8 aa_vehicle(moving)@8.8 light_tank(moving)@4.1 armored_car(moving)@3.9 scout_jeep(moving)@4.7 base_wall@8 shield_generator@10
ashfield,Defend,2,obstacles,634,scout_jeep,0,7670,383.5,401.5,17.5,123.0,60.1,117.0,25.0,Move,OffRoute,fortress,,died,0,,to (119.0;33.0) past heavy_turret(defence),heavy_turret(fixed)@7.9 main_battle_tank(moving)@5.3 ifv(moving)@5.0 aa_vehicle(moving)@6.9 light_tank(moving)@3.7 armored_car(moving)@4.8 container_stack@8
ashfield,Defend,2,obstacles,616,light_tank,0,7860,393.0,401.5,8.0,121.5,53.0,104.4,59.5,AttackMove,BlockedByFriend,fortress,narrow,died,0,,aa_vehicle#605 moving,main_battle_tank(parked)@4.1 armored_car(moving)@7.8 aa_vehicle(moving)@3.6 light_tank(moving)@9.4 armored_car(moving)@4.4 scout_jeep(moving)@8.5 armored_car(moving)@3.7 shield_generator@9
ashfield,Defend,2,obstacles,645,aa_vehicle,0,8120,406.0,415.0,9.0,102.1,68.8,107.0,53.0,AttackMove,YieldWait,fortress,road,gave up,0,,behind ifv#596,light_tank(moving)@6.0 ifv(moving)@5.8 ifv(moving)@9.7 armored_car(moving)@4.8 ifv(moving)@6.4 scout_jeep(moving)@3.0 main_battle_tank(parked)@7.6 main_battle_tank(moving)@5.9 aa_vehicle(moving)@8.9
ashfield,Defend,2,obstacles,683,siege_tank,0,9490,474.5,491.5,17.0,100.7,99.2,76.1,67.9,Move,BlockedByDefence,fortress,,moved,0,,repair_bay#454 parked,repair_bay(fixed)@7.0 ammo_depot(fixed)@7.1 light_tank(moving)@5.1
ashfield,Endless,1,obstacles,513,ifv,0,2930,146.5,157.0,10.5,57.2,81.7,23.4,36.3,AttackMove,BlockedByFriend,fortress,,moved,0,,ifv#511 moving,gun_pit(fixed)@5.4 minefield(fixed)@5.8 titan_tank(parked)@8.8 main_battle_tank(moving)@8.0 ifv(moving)@3.8 aa_vehicle(moving)@7.4
ashfield,Endless,1,obstacles,511,ifv,0,2950,147.5,156.5,9.0,59.4,78.5,38.8,45.1,AttackMove,BlockedByFriend,fortress,,moved,0,,ifv#492 moving,gun_pit(fixed)@9.2 aa_vehicle(moving)@8.1 ifv(moving)@5.2 titan_tank(parked)@5.9 main_battle_tank(moving)@9.9 ifv(moving)@3.8 aa_vehicle(moving)@3.6
ashfield,Endless,1,obstacles,527,siege_tank,0,3820,191.0,200.0,9.0,-4.3,57.3,13.0,49.0,Move,BlockedByFriend,fortress,route,moved,0,,siege_tank#519 moving,siege_tank(moving)@9.3
ashfield,Endless,1,obstacles,509,titan_tank,0,4330,216.5,226.0,9.5,9.0,47.3,63.0,57.0,AttackMove,Unknown,fortress,,gave up,0,,speed 0.7 strikes 0,aa_vehicle(moving)@9.1 siege_tank(moving)@8.5 ifv(moving)@4.7
ashfield,Endless,1,obstacles,579,aa_vehicle,0,5960,298.0,315.5,17.5,123.9,67.8,118.2,50.8,AttackMove,BlockedByFriend,fortress,,moved,0,,ifv#582 parked,titan_tank(parked)@9.6 ifv(parked)@9.7 ifv(parked)@5.2 fuel_depot@8 container_stack@4
ashfield,Endless,1,obstacles,560,aa_vehicle,0,6620,331.0,341.5,10.5,108.0,65.7,118.9,57.2,AttackMove,YieldWait,fortress,,moved,0,,behind heavy_tank#501,heavy_tank(parked)@4.2 titan_tank(moving)@7.4 siege_tank(moving)@6.3 siege_tank(moving)@9.0 ifv(moving)@6.8 ammo_dump@7
ashfield,Endless,1,obstacles,563,aa_vehicle,0,6660,333.0,344.5,11.5,112.5,47.2,118.9,57.2,AttackMove,YieldWait,fortress,narrow,moved,0,,behind aa_vehicle#559,heavy_tank(parked)@9.1 main_battle_tank(moving)@9.1 aa_vehicle(moving)@5.3 aa_vehicle(moving)@5.8 aa_vehicle(moving)@4.9 heavy_tank(moving)@4.0 base_wall@7 shield_generator@7
ashfield,Endless,1,obstacles,553,ifv,0,6920,346.0,356.0,10.0,102.2,60.0,112.9,47.9,AttackMove,OffRoute,fortress,,moved,0,,to (107.0;57.0) past super_gun(defence),heavy_tank(moving)@8.0 siege_tank(moving)@6.8 siege_tank(moving)@7.1 aa_vehicle(moving)@5.3 titan_tank(moving)@4.7 ifv(moving)@6.5
ashfield,Endless,1,obstacles,580,aa_vehicle,0,7190,359.5,373.0,13.5,106.3,44.0,104.4,59.5,AttackMove,YieldWait,fortress,,moved,0,,behind main_battle_tank#510,heavy_tank(moving)@5.3 main_battle_tank(moving)@3.6 siege_tank(moving)@8.0 base_wall@5 base_wall@7
ashfield,Endless,1,obstacles,519,siege_tank,0,7320,366.0,383.0,17.0,121.6,69.1,126.5,12.8,Move,YieldWait,fortress,,moved,0,,waiting on a yield,titan_tank(moving)@9.4 aa_vehicle(moving)@9.2 titan_tank(moving)@9.0 main_battle_tank(moving)@5.0 ifv(parked)@6.9 ifv(moving)@7.0 fuel_depot@9 container_stack@7
ashfield,Endless,1,obstacles,560,aa_vehicle,0,7430,371.5,381.5,10.0,123.9,60.5,120.9,66.3,AttackMove,BlockedByFriend,fortress,,gave up,0,,main_battle_tank#623 moving,heavy_turret(fixed)@7.7 titan_tank(moving)@5.9 siege_tank(moving)@9.7 artillery(moving)@8.3 aa_vehicle(moving)@4.4 ifv(parked)@8.1 main_battle_tank(moving)@3.8 container_stack@7
ashfield,Endless,1,obstacles,509,titan_tank,0,7470,373.5,385.5,12.0,119.2,61.7,107.0,53.0,AttackMove,BlockedByFriend,fortress,narrow,moved,0,,aa_vehicle#563 parked,siege_tank(moving)@8.4 aa_vehicle(moving)@4.8 artillery(moving)@5.4 aa_vehicle(parked)@4.1 aa_vehicle(moving)@9.7 ifv(moving)@6.9 main_battle_tank(moving)@3.7 shield_generator@10 ammo_dump@7
ashfield,Endless,1,obstacles,559,aa_vehicle,0,7490,374.5,388.0,13.5,120.8,44.7,107.0,53.0,AttackMove,BlockedByFriend,fortress+gate,nopark,moved,0,,aa_vehicle#576 moving,titan_tank(parked)@8.6 heavy_tank(moving)@8.4 main_battle_tank(moving)@3.7 aa_vehicle(moving)@3.6 heavy_tank(parked)@5.5 floodlight_mast@9
ashfield,Endless,1,obstacles,623,main_battle_tank,0,7550,377.5,386.5,9.0,122.7,66.2,114.5,75.8,AttackMove,BlockedByFriend,fortress,,moved,0,,artillery#561 moving,titan_tank(moving)@6.6 siege_tank(moving)@8.5 siege_tank(moving)@9.4 aa_vehicle(moving)@3.7 artillery(moving)@5.7 ifv(parked)@7.7 container_stack@5
ashfield,Endless,1,obstacles,527,siege_tank,0,7590,379.5,390.0,10.5,105.0,45.7,135.0,53.0,Move,YieldWait,fortress,,moved,0,,behind heavy_tank#505,heavy_tank(parked)@6.5 main_battle_tank(moving)@8.4 aa_vehicle(parked)@8.2 aa_vehicle(parked)@7.0 base_wall@6 base_wall@9
ashfield,Endless,1,obstacles,527,siege_tank,0,7870,393.5,410.0,16.5,105.5,45.6,135.0,53.0,Move,BlockedByFriend,fortress,,moved,0,,aa_vehicle#577 moving,heavy_tank(moving)@9.0 heavy_tank(moving)@8.2 main_battle_tank(moving)@5.6 aa_vehicle(moving)@3.8 aa_vehicle(parked)@6.8 base_wall@6 base_wall@9
ashfield,Endless,1,obstacles,501,heavy_tank,0,7990,399.5,408.5,9.0,105.3,55.9,120.5,32.2,Move,YieldWait,fortress,narrow,moved,0,,behind aa_vehicle#580,aa_vehicle(moving)@4.7 aa_vehicle(moving)@6.7 aa_vehicle(parked)@5.3 ifv(moving)@5.6 ifv(moving)@4.7 shield_generator@8
ashfield,Endless,1,obstacles,551,titan_tank,0,8000,400.0,410.5,10.5,102.1,68.3,107.0,53.0,AttackMove,YieldWait,fortress,road,moved,0,,behind ifv#627,ifv(moving)@7.0 aa_vehicle(moving)@8.5 titan_tank(moving)@5.4 ifv(moving)@7.1
ashfield,Endless,1,obstacles,553,ifv,0,8040,402.0,410.5,8.5,110.4,73.9,112.8,46.7,AttackMove,Unknown,fortress,road,moved,0,,speed 6.8 strikes 1,siege_tank(moving)@8.0 titan_tank(moving)@6.8 ifv(moving)@7.5 fortress_gate@10
ashfield,Endless,1,obstacles,627,ifv,0,8110,405.5,415.0,9.5,104.4,59.9,112.8,46.7,AttackMove,YieldWait,fortress,narrow,moved,0,,behind heavy_tank#501,heavy_tank(moving)@5.1 siege_tank(moving)@7.4 titan_tank(moving)@8.0 aa_vehicle(moving)@7.2 aa_vehicle(moving)@8.6 aa_vehicle(parked)@9.4 titan_tank(moving)@4.9 ifv(moving)@3.7
ashfield,Endless,1,obstacles,630,ifv,0,8150,407.5,417.5,10.0,108.0,58.7,112.8,46.7,AttackMove,YieldWait,fortress,narrow,moved,0,,behind heavy_tank#501,heavy_tank(moving)@7.4 siege_tank(moving)@8.1 aa_vehicle(moving)@5.3 aa_vehicle(moving)@9.0 titan_tank(moving)@6.6 ifv(moving)@8.1 ifv(moving)@3.6 shield_generator@7
ashfield,Endless,1,obstacles,505,heavy_tank,0,8230,411.5,424.0,12.5,104.0,44.0,118.9,57.2,AttackMove,YieldWait,fortress,,moved,0,,behind siege_tank#527,heavy_tank(moving)@4.9 aa_vehicle(moving)@9.8 aa_vehicle(parked)@9.4 aa_vehicle(parked)@8.1 base_wall@9 base_wall@4 base_wall@9
ashfield,Endless,1,obstacles,576,aa_vehicle,0,8230,411.5,420.5,9.0,112.9,48.0,118.4,56.9,AttackMove,YieldWait,fortress,narrow,moved,0,,behind siege_tank#527,heavy_tank(moving)@5.4 heavy_tank(moving)@9.8 siege_tank(moving)@8.8 aa_vehicle(parked)@7.1 aa_vehicle(parked)@6.5 base_wall@8 shield_generator@6
ashfield,Endless,1,obstacles,550,siege_tank,0,8330,416.5,428.0,11.5,116.9,60.2,119.6,5.5,Move,BlockedByFriend,fortress,,gave up,0,,ifv#627 moving,titan_tank(parked)@7.4 siege_tank(moving)@6.4 aa_vehicle(moving)@9.8 titan_tank(moving)@6.1 main_battle_tank(moving)@6.0 ifv(moving)@6.4 ifv(moving)@5.4 shield_generator@7
ashfield,Endless,1,obstacles,579,aa_vehicle,0,8460,423.0,432.5,9.5,105.0,58.3,53.0,119.0,AttackMove,YieldWait,fortress,,moved,0,,waiting on a yield,titan_tank(moving)@4.3 main_battle_tank(moving)@8.1 ifv(moving)@9.1 siege_tank(moving)@8.3
ashfield,Endless,1,obstacles,550,siege_tank,0,10610,530.5,542.0,11.5,64.8,113.6,57.0,143.0,Move,BlockedByFriend,fortress,,gave up,0,,aa_vehicle#719 moving,titan_tank(parked)@6.1 aa_vehicle(parked)@9.2 aa_vehicle(moving)@3.9 heavy_tank(moving)@4.8
ashfield,Endless,1,obstacles,720,heavy_tank,0,10720,536.0,549.5,13.5,61.0,110.7,53.0,119.0,AttackMove,YieldWait,fortress,,moved,0,,behind siege_tank#550,siege_tank(moving)@4.8 titan_tank(moving)@8.0 main_battle_tank(parked)@9.4 aa_vehicle(parked)@9.0 shield_generator@7
ashfield,Endless,2,light,540,ifv,0,3210,160.5,169.5,9.0,106.4,117.0,99.3,107.5,Move,YieldWait,fortress,,moved,0,,behind mobile_fortress#519,aa_vehicle(moving)@5.3 main_battle_tank(moving)@8.3
ashfield,Endless,2,light,518,aa_vehicle,0,3250,162.5,172.5,10.0,100.4,116.6,125.0,115.0,AttackMove,BlockedByFriend,fortress,,moved,0,,scout_jeep#545 moving,ifv(moving)@5.5 scout_jeep(moving)@4.4
ashfield,Endless,2,light,546,armored_car,0,4800,240.0,249.0,9.0,116.3,114.9,125.0,115.0,AttackMove,YieldWait,fortress,,moved,0,,behind elite_heavy_tank#547,light_tank(parked)@8.4 main_battle_tank(parked)@5.5 light_tank(moving)@3.7 scout_jeep(moving)@8.2 scout_jeep(moving)@6.7 elite_heavy_tank(parked)@8.1 scout_jeep(moving)@9.5 light_tank(parked)@9.6 armored_car(parked)@8.0
ashfield,Endless,2,light,461,siege_tank,0,5310,265.5,274.5,9.0,87.6,112.1,93.7,102.5,Move,BlockedByFriend,fortress,road,moved,0,,siege_tank#459 moving,siege_tank(moving)@6.6 siege_tank(moving)@8.1
ashfield,Endless,2,light,459,siege_tank,0,7270,363.5,374.0,10.5,99.0,147.0,89.2,100.4,Move,BlockedByObstacle,fortress,,moved,0,,outline,elite_heavy_tank(moving)@9.5
ashfield,Endless,2,light,500,engineer_vehicle,1,7540,377.0,386.0,9.0,49.6,30.1,-9.5,-18.7,Move,BlockedByFriend,fortress+gate,nopark,moved,0,,armored_car#614 moving,zu23_technical(moving)@4.1 armored_car(moving)@4.1 vbied(moving)@7.3 wreck_tank@8
ashfield,Weekly,1,light,472,shahed_truck,1,5010,250.5,263.5,13.0,86.1,113.2,91.8,107.5,Move,BlockedByFriend,fortress,road,moved,0,,scout_jeep#463 moving,command_vehicle(moving)@6.1 scout_jeep(moving)@3.7 heavy_tank(moving)@8.5 mine_layer(moving)@3.0 turtle_tank(moving)@8.1 mobile_fortress(moving)@8.5 base_wall@9
ashfield,Weekly,1,light,463,scout_jeep,1,5110,255.5,265.5,10.0,83.1,109.9,89.0,97.0,Move,BlockedByFriend,fortress,,moved,0,,mobile_fortress#506 moving,command_vehicle(moving)@3.2 shahed_truck(moving)@2.6 ew_jammer(moving)@8.2 heavy_tank(moving)@8.1 mine_layer(moving)@7.0 rocket_technical(moving)@6.4 mobile_fortress(moving)@6.7
ashfield,Weekly,1,light,522,engineer_vehicle,1,6320,316.0,325.0,9.0,50.1,54.7,44.3,36.4,Move,BlockedByFriend,fortress,,moved,0,,flame_tank#523 moving,command_vehicle(moving)@4.1 bmpt(moving)@9.3 shahed_truck(moving)@8.8 ew_jammer(moving)@8.0 thermobaric_launcher(moving)@9.7 counter_battery_radar(moving)@6.8 counter_battery_radar(moving)@6.3 flame_tank(moving)@3.9
ashfield,Weekly,1,light,498,twin_tank,1,7180,359.0,368.0,9.0,100.2,102.2,99.8,94.1,Move,YieldWait,fortress,route,moved,0,,behind mobile_fortress#506,
ashfield,Weekly,1,light,498,twin_tank,1,7490,374.5,383.0,8.5,106.2,92.8,93.3,91.6,Move,YieldWait,fortress,,moved,0,,behind mobile_fortress#506,mobile_fortress(moving)@9.5 armored_car(moving)@5.1 base_wall@10
ashfield,Weekly,1,light,480,heavy_tank,1,7540,377.0,386.0,9.0,112.0,104.3,99.1,94.9,Move,BlockedByFriend,fortress,,moved,0,,bmpt#467 moving,bmpt(moving)@5.4
ashfield,Weekly,1,light,467,bmpt,1,7600,380.0,390.5,10.5,107.1,107.2,94.7,90.5,Move,BlockedByFriend,fortress,route,moved,0,,mobile_fortress#506 moving,heavy_tank(moving)@5.1 mobile_fortress(moving)@8.2
ashfield,Weekly,1,light,480,heavy_tank,1,7720,386.0,395.5,9.5,111.3,106.2,99.1,94.9,Move,YieldWait,fortress,,moved,0,,behind mobile_fortress#506,
ashfield,Weekly,1,light,467,bmpt,1,7980,399.0,407.5,8.5,86.0,91.6,94.7,90.5,Move,YieldWait,fortress,,moved,0,,waiting on a yield,scout_jeep(moving)@3.0 base_wall@8 base_wall@4
ashfield,Weekly,1,light,498,twin_tank,1,8660,433.0,446.0,13.0,129.9,116.0,139.5,132.9,AttackMove,BlockedByFriend,fortress,,moved,0,,turtle_tank#495 parked,turtle_tank(parked)@5.2 base_wall@6 base_wall@6
ashfield,Weekly,1,light,483,thermobaric_launcher,1,10410,520.5,529.5,9.0,105.8,114.8,97.0,131.0,Move,BlockedByFriend,fortress,,moved,0,,command_vehicle#461 moving,command_vehicle(moving)@4.9 heavy_tank(moving)@5.5 counter_battery_radar(parked)@8.3 elite_heavy_tank(moving)@7.8 heavy_tank(moving)@9.4
ashfield,Weekly,1,light,461,command_vehicle,1,10710,535.5,546.0,10.5,105.5,124.3,109.7,116.3,Move,YieldWait,fortress,,moved,0,,behind mobile_fortress#506,shahed_truck(moving)@7.9 ew_jammer(moving)@4.2 thermobaric_launcher(moving)@8.5 mobile_fortress(moving)@8.3 counter_battery_radar(parked)@3.5 counter_battery_radar(moving)@3.7 engineer_vehicle(parked)@7.0 railgun_truck(moving)@8.8 elite_heavy_tank(moving)@8.9 base_wall@10
ashfield,Weekly,1,light,473,heavy_rocket_artillery,1,10710,535.5,544.0,8.5,88.4,123.9,101.9,111.8,Move,BlockedByFriend,fortress,,moved,0,,heavy_rocket_artillery#466 moving,heavy_rocket_artillery(moving)@6.7 shahed_truck(moving)@9.7
ashfield,Weekly,1,light,477,ew_jammer,1,10740,537.0,546.0,9.0,108.2,127.1,107.9,119.3,Move,BlockedByFriend,fortress+gate,nopark,gave up,0,,command_vehicle#461 moving,command_vehicle(moving)@3.9 shahed_truck(moving)@9.5 thermobaric_launcher(moving)@6.2 counter_battery_radar(parked)@5.8 counter_battery_radar(moving)@5.1 engineer_vehicle(parked)@4.5 railgun_truck(moving)@6.0 elite_heavy_tank(moving)@7.1 base_wall@8
ashfield,Weekly,1,light,526,railgun_truck,1,10760,538.0,550.5,12.5,113.1,130.4,125.0,115.0,AttackMove,BlockedByFriend,fortress+gate,narrow+nopark,moved,0,,thermobaric_launcher#483 moving,command_vehicle(moving)@10.0 ew_jammer(moving)@6.0 thermobaric_launcher(moving)@4.6 engineer_vehicle(parked)@8.2 elite_heavy_tank(moving)@4.6 base_wall@10
ashfield,Weekly,1,light,550,elite_heavy_tank,1,10880,544.0,554.0,10.0,111.6,134.4,106.2,98.5,AttackMove,BlockedByFriend,fortress+gate,nopark,moved,0,,vbied#559 moving,bmpt(moving)@5.1 ew_jammer(moving)@7.3 thermobaric_launcher(moving)@8.4 twin_tank(moving)@7.6 railgun_truck(moving)@6.7 vbied(moving)@4.3 base_wall@8
ashfield,Weekly,1,light,483,thermobaric_launcher,1,10910,545.5,554.5,9.0,113.0,124.6,97.0,131.0,Move,BlockedByFriend,fortress,,moved,0,,engineer_vehicle#522 moving,command_vehicle(moving)@7.7 shahed_truck(moving)@5.7 counter_battery_radar(moving)@6.2 engineer_vehicle(moving)@3.3 railgun_truck(moving)@3.3 elite_heavy_tank(moving)@8.0 vbied(moving)@9.9 sapper(moving)@9.7
ashfield,Weekly,1,light,522,engineer_vehicle,1,10940,547.0,556.0,9.0,112.6,119.5,127.8,139.9,Move,BlockedByFriend,fortress,,moved,0,,thermobaric_launcher#483 moving,command_vehicle(moving)@5.6 shahed_truck(moving)@9.8 thermobaric_launcher(moving)@3.3 counter_battery_radar(moving)@9.8 railgun_truck(parked)@5.6 flame_tank(moving)@8.8 sapper(moving)@6.9
ashfield,Weekly,1,light,559,vbied,1,10990,549.5,562.5,13.0,117.3,134.0,125.0,115.0,AttackMove,OffRoute,fortress+gate,nopark,moved,0,,to (113.0;115.0) past command_hq,bmpt(moving)@6.7 turtle_tank(moving)@5.2 twin_tank(moving)@3.8 elite_heavy_tank(moving)@7.1
ashfield,Weekly,1,light,467,bmpt,1,11220,561.0,572.0,11.0,110.0,132.8,93.3,93.8,AttackMove,OffRoute,fortress+gate,narrow+nopark,moved,0,,to (93.3;93.8) past base_wall,turtle_tank(moving)@4.9 twin_tank(moving)@4.0 base_wall@6
ashfield,Weekly,1,light,550,elite_heavy_tank,1,11770,588.5,599.0,10.5,111.9,121.3,125.0,115.0,AttackMove,BlockedByFriend,fortress,,moved,0,,smoke_carrier#571 moving,turtle_tank(moving)@6.1 flame_tank(moving)@3.8 sapper(moving)@6.9 smoke_carrier(moving)@3.3
ashfield,Weekly,2,full,509,mine_layer,1,3390,169.5,182.0,12.5,80.0,106.4,89.0,99.0,Move,OffRoute,fortress+gate,route+nopark,moved,0,,to (85.0;111.0) past base_wall,sapper(moving)@3.2 turtle_tank(moving)@7.4 twin_tank(moving)@9.5 base_wall@4
ashfield,Weekly,2,full,542,twin_tank,1,3570,178.5,196.0,17.5,89.2,98.2,35.0,22.4,AttackMove,BlockedByFriend,fortress,,moved,0,,bmpt#529 moving,missile_battery(fixed)@7.4 scout_jeep(moving)@7.9 sapper(moving)@5.8 heavy_tank(moving)@5.8 bmpt(moving)@4.2 base_wall@6 base_wall@8
ashfield,Weekly,2,full,595,rocket_technical,1,10160,508.0,516.5,8.5,87.8,98.2,95.1,105.1,Move,YieldWait,fortress,,moved,0,,behind turtle_tank#541,missile_battery(fixed)@7.9 turtle_tank(moving)@5.3 rocket_technical(parked)@7.3 armored_car(moving)@4.7 base_wall@5 base_wall@7
ironport,Defend,1,obstacles,582,ifv,0,4170,208.5,221.5,13.0,61.2,86.6,57.7,71.6,AttackMove,BlockedByDefence,fortress+gate,nopark,moved,0,,minefield#500 parked,gun_pit(fixed)@7.2 minefield(fixed)@5.0 ifv(parked)@6.6
ironport,Defend,1,obstacles,545,ifv,0,4490,224.5,233.5,9.0,67.7,81.4,32.5,48.6,AttackMove,BlockedByDefence,fortress,,moved,0,,minefield#500 parked,minefield(fixed)@4.7 siege_tank(moving)@5.8 heavy_tank(moving)@7.6 aa_vehicle(moving)@7.0 titan_tank(moving)@8.6 ifv(moving)@6.6
ironport,Defend,1,obstacles,599,heavy_tank,0,6060,303.0,311.5,8.5,70.4,120.9,61.0,127.0,AttackMove,BlockedByDefence,fortress,,moved,0,,gun_pit#497 parked,gun_pit(fixed)@6.9 aa_vehicle(moving)@6.9 ifv(moving)@9.0
ironport,Defend,1,obstacles,572,ifv,0,6240,312.0,324.5,12.5,58.0,108.0,45.4,101.7,AttackMove,OffRoute,fortress+gate,nopark,moved,0,,to (45.4;101.7) past shield_generator,gun_pit(fixed)@8.2 heavy_tank(moving)@6.1 ifv(moving)@3.8 shield_generator@7 container_stack@4
ironport,Defend,1,obstacles,546,titan_tank,0,6600,330.0,343.5,13.5,50.7,95.2,44.1,99.7,AttackMove,BlockedByFriend,fortress,,gave up,0,,heavy_tank#526 moving,titan_tank(moving)@5.2 heavy_tank(moving)@4.9 ifv(moving)@4.6 ifv(moving)@7.0 aa_vehicle(moving)@9.7
ironport,Defend,1,obstacles,598,siege_tank,0,6840,342.0,350.5,8.5,47.0,82.6,27.6,87.7,Move,BlockedByFriend,fortress,,moved,0,,siege_tank#528 moving,siege_tank(moving)@9.1 siege_tank(moving)@7.0 aa_vehicle(parked)@8.6 gun_pit(fixed)@7.8
ironport,Defend,1,obstacles,596,main_battle_tank,0,7220,361.0,369.5,8.5,54.1,102.8,65.0,118.7,AttackMove,OffRoute,fortress+gate,narrow+nopark,moved,0,,to (65.0;107.0) past gun_pit(defence),gun_pit(fixed)@6.5 titan_tank(moving)@9.0 main_battle_tank(moving)@5.4 shield_generator@9
ironport,Defend,1,obstacles,570,titan_tank,0,7780,389.0,399.5,10.5,54.9,91.3,53.3,48.4,AttackMove,YieldWait,fortress,,moved,0,,behind titan_tank#546,titan_tank(moving)@5.5
ironport,Defend,1,obstacles,675,artillery,0,9740,487.0,496.0,9.0,61.9,106.2,40.8,81.0,Move,BlockedByDefence,fortress+gate,nopark,moved,0,,gun_pit#496 parked,gun_pit(fixed)@6.5 titan_tank(parked)@8.8 heavy_tank(moving)@7.1 titan_tank(moving)@4.5 aa_vehicle(parked)@6.4
ironport,Defend,2,light,621,main_battle_tank,0,5380,269.0,281.0,12.0,103.6,111.0,98.4,102.8,Move,YieldWait,fortress,,gave up,0,,behind mobile_fortress#569,mobile_fortress(moving)@7.7 scout_jeep(moving)@8.1 light_tank(parked)@6.4 light_tank(moving)@7.8 scout_jeep(parked)@10.0
ironport,Defend,2,light,631,aa_vehicle,0,6210,310.5,319.5,9.0,95.5,98.1,59.6,80.6,AttackMove,BlockedByFriend,fortress,route,moved,0,,siege_tank#527 parked,siege_tank(moving)@6.4 siege_tank(moving)@8.0 siege_tank(parked)@6.4 light_tank(moving)@8.1 scout_jeep(moving)@6.7
ironport,Defend,2,light,630,armored_bulldozer,1,7130,356.5,365.0,8.5,-20.4,-23.0,125.0,115.0,AttackMove,Unknown,field+gate,route+nopark,moved,0,,speed 2.8 strikes 0,armored_bulldozer(moving)@4.6 rocket_technical(moving)@9.0 armored_car(moving)@6.9 jersey_barrier@6 wreck_car@9
ironport,Defend,2,light,691,main_battle_tank,0,10980,549.0,559.0,10.0,114.2,111.8,121.6,137.7,Move,BlockedByFriend,fortress,,moved,0,,main_battle_tank#731 moving,light_tank(moving)@6.6 main_battle_tank(moving)@4.0 armored_car(parked)@9.2
ironport,Endless,1,light,557,ifv,0,3990,199.5,208.0,8.5,121.5,105.5,92.0,126.6,AttackMove,BlockedByFriend,fortress,,moved,0,,mobile_fortress#540 parked,
ironport,Endless,1,light,582,elite_heavy_tank,0,5250,262.5,272.0,9.5,113.6,110.4,123.5,103.2,AttackMove,BlockedByFriend,fortress,,gave up,0,,aa_vehicle#565 parked,siege_tank(moving)@7.9 titan_tank(moving)@9.8 titan_tank(moving)@4.1 elite_heavy_tank(moving)@6.9 aa_vehicle(parked)@4.8 elite_mbt(parked)@8.3 ifv(moving)@5.0
ironport,Endless,1,light,579,siege_tank,0,5290,264.5,276.5,12.0,114.7,91.0,126.2,102.6,Move,BlockedByFriend,fortress,road,moved,0,,elite_heavy_tank#562 moving,titan_tank(moving)@4.7 main_battle_tank(moving)@7.1 elite_heavy_tank(moving)@6.0
ironport,Endless,1,light,627,aa_vehicle,0,6530,326.5,335.6,9.1,94.3,109.5,93.2,97.9,Move,YieldWait,fortress,,open,0,,behind titan_tank#603,heavy_tank(parked)@4.8 artillery(moving)@5.8 siege_tank(moving)@8.1 titan_tank(parked)@5.6 artillery(moving)@4.9
ironport,Endless,2,full,598,ew_jammer,1,3790,189.5,198.5,9.0,-26.0,-21.7,39.7,18.7,Move,BlockedByFriend,field,,moved,0,,shahed_truck#520 parked,shahed_truck(parked)@5.7 jersey_barrier@6
ironport,Endless,2,full,542,siege_tank,0,4130,206.5,215.5,9.0,47.4,120.9,58.2,64.5,Move,YieldWait,fortress+gate,nopark,moved,0,,behind siege_tank#547,missile_battery(fixed)@9.7 light_tank(moving)@3.1 light_tank(moving)@4.7 base_wall@7 shield_generator@10 floodlight_mast@5
ironport,Endless,2,full,548,aa_vehicle,0,4680,234.0,244.5,10.5,42.3,126.0,34.2,116.4,AttackMove,YieldWait,fortress+gate,narrow+nopark,moved,0,,behind siege_tank#547,siege_tank(moving)@4.9 aa_vehicle(moving)@3.2 base_wall@6 floodlight_mast@6
ironport,Endless,2,full,542,siege_tank,0,6870,343.5,355.5,12.0,60.3,76.1,76.3,77.0,Move,BlockedByDefence,fortress,route,moved,0,,minefield#663 parked,minefield(fixed)@6.5
ironport,Endless,2,full,687,aa_vehicle,0,7700,385.0,393.5,8.5,61.5,117.6,27.7,83.7,AttackMove,BlockedByFriend,fortress+gate,nopark,moved,0,,scout_jeep#695 moving,light_tank(moving)@3.6 main_battle_tank(moving)@6.4 ifv(moving)@7.9 aa_vehicle(moving)@4.4 scout_jeep(parked)@6.4 scout_jeep(moving)@3.4 armored_car(moving)@4.5 main_battle_tank(moving)@8.9
ironport,Endless,2,full,696,armored_car,0,8000,400.0,409.0,9.0,58.2,112.5,30.5,99.8,Move,YieldWait,fortress,,moved,0,,behind main_battle_tank#652,main_battle_tank(moving)@6.8 armored_car(moving)@7.2 ifv(moving)@8.0 main_battle_tank(moving)@8.6 aa_vehicle(moving)@4.9 scout_jeep(moving)@7.0 aa_vehicle(moving)@7.1 scout_jeep(parked)@2.0 scout_jeep(moving)@4.2 scout_jeep(moving)@4.5 armored_car(moving)@4.3 shield_generator@6
ironport,Endless,2,full,547,siege_tank,0,10920,546.0,554.5,8.5,145.0,64.7,114.7,10.6,Move,Unknown,fortress,,moved,0,,speed 2.3 strikes 0,container_stack@8
ironport,Endless,2,full,654,mlrs,0,11120,556.0,564.5,8.5,126.2,44.1,135.8,46.8,Move,BlockedByFriend,fortress,narrow,moved,0,,scout_jeep#810 moving,aa_vehicle(parked)@8.5 ifv(parked)@8.6 light_tank(parked)@9.7 armored_car(moving)@3.5 aa_vehicle(parked)@9.6 armored_car(moving)@7.2 ifv(parked)@5.4 ifv(moving)@8.9 scout_jeep(moving)@7.7 scout_jeep(moving)@4.2 scout_jeep(moving)@4.8 main_battle_tank(parked)@4.8 base_wall@6
ironport,Endless,2,full,521,siege_tank,0,11270,563.5,576.5,13.0,119.3,54.8,114.7,10.6,Move,YieldWait,fortress,narrow,moved,0,,behind ifv#807,missile_battery(fixed)@8.7 ifv(moving)@6.8 armored_car(moving)@9.2 scout_jeep(moving)@9.3 light_tank(moving)@4.1 shield_generator@6 container_stack@10
ironport,Endless,2,full,800,armored_car,0,11360,568.0,577.0,9.0,128.0,47.4,119.0,53.0,AttackMove,YieldWait,fortress,narrow,moved,0,,behind mlrs#654,missile_battery(fixed)@6.6 siege_tank(moving)@8.8 mlrs(moving)@5.6 main_battle_tank(moving)@9.1 ifv(moving)@9.1 scout_jeep(moving)@3.2 scout_jeep(moving)@8.3 light_tank(moving)@7.5 armored_car(moving)@3.5 base_wall@8
ironport,Endless,2,full,761,aa_vehicle,0,11440,572.0,580.5,8.5,119.5,38.5,94.6,12.7,AttackMove,YieldWait,fortress,narrow,gave up,0,,behind ifv#806,ifv(moving)@8.0 light_tank(moving)@8.0 aa_vehicle(moving)@3.4 aa_vehicle(parked)@5.3 armored_car(moving)@6.7 ifv(moving)@6.6 scout_jeep(moving)@8.4 scout_jeep(moving)@8.5 base_wall@8
ironport,Endless,2,full,813,light_tank,0,11440,572.0,584.0,12.0,121.8,50.7,96.8,19.7,AttackMove,BlockedByFriend,fortress,narrow,moved,0,,scout_jeep#811 moving,missile_battery(fixed)@7.0 siege_tank(moving)@5.4 mlrs(parked)@3.2 aa_vehicle(moving)@9.8 armored_car(moving)@7.2 armored_car(moving)@8.9 ifv(moving)@6.2 scout_jeep(moving)@7.4 scout_jeep(moving)@3.9 scout_jeep(moving)@3.6 scout_jeep(moving)@3.5 armored_car(moving)@6.8 main_battle_tank(moving)@5.8 shield_generator@9
ironport,Endless,2,full,790,armored_car,0,11460,573.0,583.5,10.5,111.8,47.3,98.4,14.9,AttackMove,YieldWait,fortress,narrow,moved,0,,behind scout_jeep#808,ifv(moving)@8.1 scout_jeep(moving)@5.3 scout_jeep(moving)@8.5 scout_jeep(moving)@7.1 scout_jeep(moving)@7.7 base_wall@7 shield_generator@7
ironport,Endless,2,full,521,siege_tank,0,11530,576.5,585.0,8.5,118.6,52.4,114.7,10.6,Move,BlockedByFriend,fortress,narrow,moved,0,,scout_jeep#811 moving,missile_battery(fixed)@9.5 armored_car(moving)@8.5 armored_car(moving)@5.4 scout_jeep(moving)@5.9 scout_jeep(moving)@8.6 scout_jeep(moving)@3.1 light_tank(moving)@5.5 armored_car(moving)@7.9 main_battle_tank(moving)@3.8 shield_generator@6
ironport,Endless,2,full,815,armored_car,0,11670,583.5,594.0,10.5,130.5,48.0,105.0,45.0,Move,BlockedByFriend,fortress,narrow,moved,0,,siege_tank#547 moving,missile_battery(fixed)@6.5 siege_tank(moving)@9.3 siege_tank(moving)@4.1 main_battle_tank(moving)@5.0 base_wall@8
ironport,Weekly,1,full,536,scout_jeep,1,5860,293.0,301.5,8.5,99.7,113.4,125.0,115.0,AttackMove,BlockedByFriend,fortress,route,moved,0,,mobile_fortress#594 moving,scout_jeep(moving)@8.3 heavy_tank(moving)@3.9 main_battle_tank(moving)@6.8 fpv_carrier(moving)@7.1 elite_fpv_carrier(moving)@7.8
ironport,Weekly,1,full,552,main_battle_tank,1,6120,306.0,314.5,8.5,107.4,123.4,125.0,115.0,AttackMove,OffRoute,fortress+gate,nopark,moved,0,,to (115.0;115.0) past command_hq,gun_pit(fixed)@6.8 scout_jeep(moving)@9.7 heavy_tank(moving)@4.5
ironport,Weekly,1,full,541,sapper,1,6310,315.5,324.5,9.0,117.1,107.9,111.3,102.2,AttackMove,BlockedByFriend,fortress,,moved,0,,mobile_fortress#594 moving,sam_launcher(moving)@6.8 fpv_carrier(moving)@3.9
ironport,Weekly,1,full,552,main_battle_tank,1,6310,315.5,330.5,15.0,112.2,122.8,125.0,115.0,AttackMove,BlockedByFriend,fortress+gate,nopark,moved,0,,mobile_fortress#594 moving,heavy_tank(moving)@5.0 mobile_fortress(moving)@8.0
ironport,Weekly,1,full,546,heavy_tank,1,6340,317.0,331.0,14.0,109.1,126.5,125.0,115.0,AttackMove,OffRoute,fortress+gate,nopark,moved,0,,to (125.0;115.0) past command_hq,gun_pit(fixed)@6.4 main_battle_tank(parked)@5.1 base_wall@9 base_wall@8
ironport,Weekly,1,full,541,sapper,1,6560,328.0,338.5,10.5,103.7,108.0,106.9,116.2,AttackMove,BlockedByFriend,fortress,,moved,0,,fpv_carrier#560 moving,sam_launcher(moving)@5.5 scout_jeep(moving)@6.2 fpv_carrier(moving)@4.3 mobile_fortress(moving)@8.3
ironport,Weekly,1,full,594,mobile_fortress,1,7400,370.0,382.5,12.5,71.5,129.0,95.7,109.9,AttackMove,BlockedByFriend,fortress,,moved,0,,scout_jeep#536 moving,scout_jeep(moving)@9.7 ammo_dump@8
ironport,Weekly,1,full,560,fpv_carrier,1,8370,418.5,428.5,10.0,87.4,120.5,79.3,121.0,Move,YieldWait,fortress,,moved,0,,behind mobile_fortress#594,heavy_turret(fixed)@8.1 elite_fpv_carrier(moving)@7.9 fpv_carrier(moving)@9.7 base_wall@4
ironport,Weekly,1,full,628,ew_jammer,1,8940,447.0,458.0,11.0,105.5,112.6,96.1,103.5,Move,BlockedByFriend,fortress,,moved,0,,rocket_technical#605 moving,smoke_carrier(parked)@4.9 sam_launcher(parked)@7.1 command_vehicle(moving)@5.8 fpv_carrier(moving)@9.8 armored_car(moving)@7.8 rocket_technical(moving)@4.8
ironport,Weekly,1,full,605,rocket_technical,1,8960,448.0,458.0,10.0,101.1,114.6,99.1,105.6,Move,BlockedByFriend,fortress,,moved,0,,ew_jammer#628 moving,smoke_carrier(parked)@6.5 command_vehicle(moving)@8.9 fpv_carrier(moving)@8.3 vbied(moving)@8.1 armored_car(moving)@8.2 armored_car(moving)@4.6 ew_jammer(moving)@4.7
ironport,Weekly,1,full,534,command_vehicle,1,9140,457.0,471.0,14.0,105.2,108.7,96.6,102.2,Move,BlockedByFriend,fortress,route,moved,0,,ew_jammer#628 moving,smoke_carrier(moving)@5.8 sam_launcher(moving)@6.7 counter_battery_radar(moving)@3.7 counter_battery_radar(moving)@9.9 rocket_technical(moving)@9.2 ew_jammer(moving)@4.1
ironport,Weekly,1,full,628,ew_jammer,1,9230,461.5,473.0,11.5,105.4,111.8,97.1,102.5,Move,YieldWait,fortress,,moved,0,,behind mobile_fortress#594,smoke_carrier(moving)@6.4 sam_launcher(moving)@9.4 command_vehicle(moving)@4.5 main_battle_tank(moving)@6.1 counter_battery_radar(moving)@7.2 flame_tank(moving)@6.2 vbied(moving)@5.8 armored_car(moving)@4.0
ironport,Weekly,2,obstacles,557,thermobaric_launcher,1,4930,246.5,257.5,11.0,88.5,100.7,90.7,116.8,Move,YieldWait,fortress+gate,narrow+nopark,moved,0,,behind ew_jammer#583,heavy_turret(fixed)@10.0 repair_bay(fixed)@5.5 ew_jammer(moving)@8.7 rocket_technical(moving)@8.7 base_wall@7 base_wall@6
ironport,Weekly,2,obstacles,535,smoke_carrier,1,7730,386.5,396.0,9.5,109.1,107.4,62.9,92.6,AttackMove,BlockedByFriend,fortress,route,moved,0,,ew_jammer#583 moving,thermobaric_launcher(moving)@6.4 heavy_tank(moving)@5.4 mine_layer(moving)@8.2 ew_jammer(moving)@5.5
metrocity,Defend,1,light,412,siege_tank,0,930,46.5,55.5,9.0,84.1,75.6,49.0,125.0,Move,Unknown,fortress,,moved,0,,speed 2.1 strikes 1,siege_tank(moving)@5.4 base_wall@9 floodlight_mast@8 container_stack@6
metrocity,Defend,1,light,451,mobile_fortress,0,3170,158.5,167.5,9.0,124.4,116.0,77.6,90.8,AttackMove,BlockedByFriend,fortress,,gave up,0,,aa_vehicle#436 moving,aa_vehicle(moving)@8.4 ifv(moving)@8.0 command_hq@9
metrocity,Defend,1,light,436,aa_vehicle,0,3810,190.5,202.5,12.0,128.0,109.1,116.1,105.0,AttackMove,YieldWait,fortress,,moved,0,,behind mobile_fortress#451,ifv(parked)@5.5 base_wall@8 base_wall@7
metrocity,Defend,1,light,484,elite_heavy_tank,0,4870,243.5,252.5,9.0,117.5,96.1,116.1,105.0,AttackMove,BlockedByFriend,fortress,,gave up,0,,mobile_fortress#451 moving,aa_vehicle(parked)@8.5
metrocity,Defend,1,light,483,main_battle_tank,0,5190,259.5,268.5,9.0,101.3,95.4,112.0,118.3,AttackMove,BlockedByFriend,fortress,,moved,0,,elite_heavy_tank#485 moving,mobile_fortress(parked)@7.1 siege_tank(moving)@7.0 elite_heavy_tank(moving)@5.8
metrocity,Defend,1,light,422,heavy_tank,0,6680,334.0,345.0,11.0,98.7,121.5,117.1,112.7,AttackMove,BlockedByFriend,fortress,,moved,0,,titan_tank#420 parked,titan_tank(parked)@5.3 elite_heavy_tank(moving)@6.3
metrocity,Defend,1,light,485,elite_heavy_tank,0,7360,368.0,377.5,9.5,128.6,115.6,132.9,137.3,AttackMove,YieldWait,fortress,,moved,0,,behind elite_heavy_tank#505,heavy_tank(moving)@4.4 elite_mbt(moving)@7.4 aa_vehicle(moving)@7.8
metrocity,Defend,2,full,452,siege_tank,0,3910,195.5,204.0,8.5,58.1,106.8,47.0,97.4,Move,Unknown,fortress+gate,route+narrow+nopark,moved,0,,speed 0.5 strikes 0,c_ram(fixed)@7.1 shield_generator@8
metrocity,Defend,2,full,452,siege_tank,0,4600,230.0,240.5,10.5,45.3,98.4,24.6,91.9,Move,BlockedByFriend,fortress+gate,nopark,moved,0,,armored_car#524 moving,siege_tank(moving)@7.4 aa_vehicle(moving)@7.0 light_tank(moving)@3.4 main_battle_tank(moving)@6.3 siege_tank(moving)@9.0 armored_car(moving)@4.7 base_wall@6
metrocity,Defend,2,full,434,main_battle_tank,0,5580,279.0,289.0,10.0,53.9,104.7,59.0,113.0,AttackMove,BlockedByFriend,fortress+gate,nopark,moved,0,,aa_vehicle#463 moving,c_ram(fixed)@7.7 aa_vehicle(moving)@5.5 light_tank(moving)@9.5 main_battle_tank(moving)@7.2 scout_jeep(moving)@2.9 aa_vehicle(moving)@7.9 shield_generator@8
metrocity,Defend,2,full,579,main_battle_tank,0,7870,393.5,406.0,12.5,55.3,100.8,41.2,106.4,AttackMove,BlockedByFriend,fortress+gate,nopark,moved,0,,ifv#581 moving,c_ram(fixed)@4.7 main_battle_tank(moving)@6.0 scout_jeep(moving)@5.7 ifv(moving)@8.7 ifv(moving)@9.6 ifv(moving)@4.7 light_tank(moving)@7.9 armored_car(moving)@7.5 ifv(moving)@3.8
metrocity,Defend,2,full,550,ifv,0,7880,394.0,403.5,9.5,50.6,101.2,59.0,113.0,AttackMove,BlockedByFriend,fortress+gate,nopark,moved,0,,ifv#581 moving,c_ram(fixed)@9.5 main_battle_tank(moving)@3.6 scout_jeep(moving)@8.3 armored_car(moving)@9.7 ifv(moving)@5.1 aa_vehicle(parked)@8.0 light_tank(moving)@5.0 armored_car(moving)@3.7 scout_jeep(moving)@7.3 scout_jeep(moving)@8.1 scout_jeep(moving)@7.3 main_battle_tank(moving)@4.8 ifv(moving)@3.9
metrocity,Defend,2,full,555,light_tank,0,7980,399.0,409.0,10.0,48.0,102.6,59.0,113.0,AttackMove,BlockedByFriend,fortress,,moved,0,,light_tank#557 moving,main_battle_tank(moving)@6.7 scout_jeep(moving)@7.0 ifv(moving)@4.2 armored_car(moving)@6.3 light_tank(moving)@3.6 aa_vehicle(moving)@5.8 main_battle_tank(moving)@7.6 ifv(moving)@3.7
metrocity,Defend,2,full,553,armored_car,0,8160,408.0,416.5,8.5,46.0,107.4,37.4,110.6,AttackMove,BlockedByObstacle,fortress,,moved,0,,shield_generator,ifv(moving)@8.0 light_tank(moving)@3.9 armored_car(moving)@4.3 light_tank(moving)@6.5 main_battle_tank(moving)@4.0 ifv(moving)@9.3 shield_generator@8
metrocity,Endless,1,full,465,titan_tank,0,1780,89.0,97.5,8.5,96.1,95.9,63.0,57.0,AttackMove,BlockedByFriend,fortress,,moved,0,,ifv#461 moving,heavy_turret(fixed)@7.0 ifv(moving)@8.7 ifv(moving)@4.2 ifv(moving)@6.0 aa_vehicle(moving)@6.4
metrocity,Endless,1,full,477,aa_vehicle,0,3090,154.5,164.0,9.5,58.5,62.4,63.2,53.2,AttackMove,YieldWait,fortress,,moved,0,,waiting on a yield,aa_turret(fixed)@10.0 ifv(parked)@6.2 ifv(parked)@9.6 titan_tank(moving)@6.0 titan_tank(moving)@8.0 titan_tank(moving)@4.4 aa_vehicle(moving)@9.1 shield_generator@6
metrocity,Endless,1,full,458,heavy_tank,0,4850,242.5,251.5,9.0,86.1,112.5,77.6,114.1,Move,BlockedByFriend,fortress+gate,road+route+nopark,gave up,0,,ifv#523 moving,main_battle_tank(moving)@5.7 aa_vehicle(moving)@7.6 heavy_tank(moving)@6.0 ifv(moving)@5.6 base_wall@9 base_wall@10
metrocity,Endless,1,full,465,titan_tank,0,7000,350.0,361.5,11.5,60.0,123.3,44.1,99.7,AttackMove,BlockedByFriend,fortress+gate,nopark,moved,0,,main_battle_tank#500 moving,artillery_emplacement(fixed)@7.6 main_battle_tank(moving)@5.6 heavy_tank(moving)@6.3 aa_vehicle(moving)@9.7 main_battle_tank(moving)@7.4 aa_vehicle(moving)@9.4 container_stack@9
metrocity,Endless,1,full,522,heavy_tank,0,7010,350.5,360.0,9.5,64.8,118.9,51.0,119.0,AttackMove,YieldWait,fortress,,moved,0,,behind titan_tank#465,titan_tank(moving)@6.5 siege_tank(moving)@6.1 main_battle_tank(moving)@6.6 aa_vehicle(moving)@3.8
metrocity,Endless,1,full,635,artillery,0,10810,540.5,549.0,8.5,102.0,67.5,112.1,73.9,Move,BlockedByFriend,fortress,,moved,0,,heavy_tank#605 moving,atgm_tower(fixed)@7.4 main_battle_tank(moving)@2.8 main_battle_tank(moving)@10.0 siege_tank(moving)@7.9 heavy_tank(moving)@4.8 ifv(moving)@9.8 ifv(moving)@6.3
metrocity,Endless,1,full,572,aa_vehicle,0,10900,545.0,555.5,10.5,102.9,78.3,95.8,78.6,AttackMove,BlockedByFriend,fortress,,moved,0,,ifv#606 moving,titan_tank(moving)@6.7 main_battle_tank(moving)@9.8 siege_tank(moving)@5.3 heavy_tank(moving)@6.2 ifv(moving)@2.9 ifv(moving)@9.7 base_wall@5
metrocity,Endless,1,full,639,aa_vehicle,0,10910,545.5,555.5,10.0,113.1,64.6,65.8,50.8,AttackMove,BlockedByFriend,fortress,,moved,0,,aa_vehicle#636 moving,atgm_tower(fixed)@6.0 titan_tank(moving)@5.9 main_battle_tank(moving)@8.3 aa_vehicle(moving)@4.9 ifv(moving)@7.8
metrocity,Endless,2,obstacles,439,main_battle_tank,0,690,34.5,43.0,8.5,103.1,107.0,45.4,-15.3,AttackMove,BlockedByFriend,fortress,route,moved,0,,armored_car#449 moving,siege_tank(moving)@4.7 siege_tank(moving)@9.5 armored_car(moving)@4.4 armored_car(moving)@7.0 scout_jeep(moving)@5.4
metrocity,Endless,2,obstacles,482,armored_bulldozer,1,5620,281.0,292.5,11.5,-10.0,12.3,69.0,45.0,AttackMove,BlockedByFriend,field,,moved,0,,heavy_rocket_artillery#525 parked,heavy_rocket_artillery(parked)@5.9 tank_trap@5 tank_trap@6 tank_trap@6
metrocity,Endless,2,obstacles,585,scout_jeep,0,7980,399.0,412.5,13.5,116.6,115.5,125.0,115.0,AttackMove,YieldWait,fortress,,moved,0,,behind mobile_fortress#608,radar_station(fixed)@7.2 armored_car(moving)@3.8 mobile_fortress(parked)@7.4 main_battle_tank(moving)@5.4 ifv(moving)@8.0
metrocity,Endless,2,obstacles,614,main_battle_tank,0,8180,409.0,421.0,12.0,110.8,107.7,125.0,115.0,AttackMove,YieldWait,fortress,,moved,0,,behind mobile_fortress#608,siege_tank(parked)@8.7 mobile_fortress(parked)@7.5 armored_car(moving)@2.6 ifv(moving)@3.7 light_tank(moving)@7.3 ifv(moving)@7.8
metrocity,Endless,2,obstacles,627,ifv,0,8200,410.0,420.0,10.0,112.5,111.0,125.0,115.0,AttackMove,YieldWait,fortress,,moved,0,,behind mobile_fortress#608,radar_station(fixed)@9.1 mobile_fortress(parked)@7.8 armored_car(moving)@6.1 main_battle_tank(moving)@3.6 main_battle_tank(moving)@6.3 light_tank(moving)@3.8
metrocity,Endless,2,obstacles,549,siege_tank,0,8620,431.0,443.0,12.0,107.6,102.1,117.1,115.3,Move,BlockedByFriend,fortress,,moved,0,,light_tank#659 moving,mobile_fortress(parked)@8.8 ifv(moving)@9.4 siege_tank(parked)@4.5 ifv(moving)@8.7 light_tank(moving)@6.7 scout_jeep(moving)@8.1
metrocity,Endless,2,obstacles,585,scout_jeep,0,8690,434.5,443.5,9.0,128.1,115.9,118.8,115.4,AttackMove,BlockedByFriend,fortress,,gave up,0,,armored_car#611 moving,armored_car(moving)@5.6 armored_car(moving)@3.0 main_battle_tank(parked)@9.8 main_battle_tank(parked)@6.4 light_tank(parked)@9.9 base_wall@7 base_wall@7 command_hq@10
metrocity,Endless,2,obstacles,657,siege_tank,0,8900,445.0,454.0,9.0,90.3,112.1,103.7,123.2,Move,BlockedByFriend,fortress,road,moved,0,,scout_jeep#681 moving,siege_tank(moving)@5.3 main_battle_tank(moving)@5.9 scout_jeep(moving)@8.8 scout_jeep(moving)@4.0 scout_jeep(moving)@9.4
metrocity,Endless,2,obstacles,682,scout_jeep,0,9620,481.0,493.5,12.5,106.0,118.8,113.1,112.7,AttackMove,OffRoute,fortress,,moved,0,,to (113.1;112.7) past radar_station(defence),radar_station(fixed)@5.1 main_battle_tank(moving)@8.5 main_battle_tank(parked)@5.6 main_battle_tank(moving)@9.6 aa_vehicle(parked)@5.6 mlrs(moving)@3.7 scout_jeep(moving)@9.7
metrocity,Weekly,1,obstacles,462,armored_bulldozer,0,1470,73.5,85.5,12.0,-89.7,-85.0,56.5,-21.5,Attack,BlockedByFriend,camp0,,moved,0,,titan_tank#458 moving,c_ram(fixed)@5.8 titan_tank(moving)@5.7 titan_tank(moving)@8.9 heavy_tank(moving)@6.0
metrocity,Weekly,1,obstacles,484,titan_tank,0,4750,237.5,247.0,9.5,-88.8,-89.8,85.7,74.5,AttackMove,Unknown,camp0,,moved,0,,speed 2.0 strikes 2,c_ram(fixed)@7.5 aa_vehicle(moving)@8.0 siege_tank(moving)@5.8
metrocity,Weekly,1,obstacles,510,counter_battery_radar,1,4800,240.0,249.5,9.5,109.7,97.9,99.5,101.5,Move,BlockedByFriend,fortress,,moved,0,,counter_battery_radar#514 moving,ammo_depot(fixed)@8.6 command_vehicle(moving)@7.0 scout_jeep(moving)@3.6 fpv_carrier(parked)@4.7 twin_tank(moving)@9.3 counter_battery_radar(moving)@9.6 counter_battery_radar(moving)@4.6
metrocity,Weekly,1,obstacles,507,counter_battery_radar,1,4860,243.0,251.5,8.5,96.6,106.7,87.0,111.0,Move,YieldWait,fortress,route,moved,0,,waiting on a yield,repair_bay(fixed)@5.9 smoke_carrier(moving)@3.5 command_vehicle(moving)@6.3 heavy_tank(moving)@9.7 counter_battery_radar(moving)@5.5
metrocity,Weekly,1,obstacles,512,counter_battery_radar,1,4870,243.5,256.5,13.0,100.2,102.6,87.0,111.0,Move,BlockedByFriend,fortress,,moved,0,,command_vehicle#459 moving,repair_bay(fixed)@6.3 smoke_carrier(moving)@9.3 command_vehicle(moving)@4.1 fpv_carrier(parked)@6.3 twin_tank(moving)@10.0 counter_battery_radar(moving)@6.1 counter_battery_radar(moving)@5.5 counter_battery_radar(moving)@8.2
metrocity,Weekly,1,obstacles,512,counter_battery_radar,1,5240,262.0,272.0,10.0,107.1,106.6,99.0,103.0,Move,BlockedByFriend,fortress,route,moved,0,,rocket_technical#519 parked,smoke_carrier(moving)@9.2 command_vehicle(moving)@9.6 scout_jeep(parked)@9.2 bmpt(moving)@6.8 bmpt(moving)@3.8 wheeled_gun(moving)@6.3 counter_battery_radar(parked)@4.5 counter_battery_radar(parked)@6.6 counter_battery_radar(moving)@7.4 rocket_technical(parked)@4.3 rocket_technical(parked)@3.9
metrocity,Weekly,1,obstacles,449,siege_tank,0,5250,262.5,274.5,12.0,64.0,39.1,83.3,124.0,Attack,StalePath,fortress,road,moved,0,,leg 2/5 to (63.0;41.0) crosses fortress_gate,aa_vehicle(parked)@6.1 fortress_gate@7
metrocity,Weekly,1,obstacles,472,fpv_carrier,1,5420,271.0,280.0,9.0,100.5,99.0,109.6,111.9,Move,YieldWait,fortress,,moved,0,,behind command_vehicle#459,repair_bay(fixed)@7.0 ammo_depot(fixed)@7.0 command_vehicle(moving)@5.9 rocket_technical(moving)@8.5
metrocity,Weekly,1,obstacles,506,mobile_fortress,1,6400,320.0,333.5,13.5,83.0,137.0,125.0,115.0,AttackMove,BlockedByFriend,fortress,,moved,0,,rocket_technical#519 moving,counter_battery_radar(moving)@8.9 rocket_technical(moving)@9.2 elite_heavy_tank(moving)@10.0
metrocity,Weekly,1,obstacles,464,flame_tank,1,6940,347.0,357.0,10.0,78.9,127.9,80.9,116.5,AttackMove,BlockedByFriend,fortress,,moved,0,,elite_heavy_tank#525 moving,command_vehicle(moving)@5.7 bmpt(moving)@5.2 fpv_carrier(parked)@7.9 counter_battery_radar(parked)@9.8 counter_battery_radar(parked)@4.8 counter_battery_radar(parked)@7.5 rocket_technical(moving)@9.8 wheeled_gun(moving)@5.5 elite_heavy_tank(moving)@3.9
metrocity,Weekly,1,obstacles,513,counter_battery_radar,1,8320,416.0,425.0,9.0,98.7,108.2,109.0,97.0,Move,YieldWait,fortress,route,moved,0,,waiting on a yield,repair_bay(fixed)@8.2 heavy_tank(moving)@7.4 fpv_carrier(moving)@6.5 rocket_technical(parked)@5.6 elite_heavy_tank(moving)@5.3
metrocity,Weekly,1,obstacles,475,wheeled_gun,1,8340,417.0,427.5,10.5,105.9,118.8,125.0,115.0,AttackMove,OffRoute,fortress,,moved,0,,to (115.0;115.0) past radar_station(defence),radar_station(fixed)@5.3 heavy_tank(moving)@4.0 bmpt(moving)@7.6 fpv_carrier(moving)@9.2 wheeled_gun(moving)@5.5 elite_heavy_tank(moving)@9.4
metrocity,Weekly,1,obstacles,476,fpv_carrier,1,8510,425.5,440.5,15.0,126.0,97.9,127.1,111.4,Move,OffRoute,fortress,,moved,0,,to (123.0;109.0) past c_ram(defence),c_ram(fixed)@5.7 mobile_fortress(moving)@8.5
metrocity,Weekly,1,obstacles,524,elite_heavy_tank,1,8770,438.5,462.0,23.5,108.6,126.3,96.5,78.4,Idle,NoPath,fortress,,moved,0,,goal (96.5;78.4) in open ground; other region (15809 cells); fortress,gun_pit(fixed)@6.0 radar_station(fixed)@6.8 base_wall@9 base_wall@8
metrocity,Weekly,1,obstacles,465,heavy_rocket_artillery,1,9420,471.0,480.0,9.0,120.3,95.9,93.2,92.6,Move,BlockedByFriend,fortress,,moved,0,,counter_battery_radar#513 moving,bmpt(moving)@8.3 counter_battery_radar(moving)@8.5 counter_battery_radar(moving)@5.8
metrocity,Weekly,1,obstacles,506,mobile_fortress,1,9420,471.0,486.0,15.0,112.9,86.0,84.4,73.5,AttackMove,BlockedByFriend,fortress+gate,road+nopark,moved,0,,counter_battery_radar#513 moving,counter_battery_radar(moving)@8.7 counter_battery_radar(moving)@7.8 rocket_technical(parked)@8.7 fortress_gate@3
metrocity,Weekly,1,obstacles,466,bmpt,1,9460,473.0,481.5,8.5,126.2,96.8,125.0,115.0,AttackMove,YieldWait,fortress,,moved,0,,behind heavy_rocket_artillery#465,c_ram(fixed)@6.6 heavy_rocket_artillery(moving)@9.8 counter_battery_radar(moving)@8.6
metrocity,Weekly,1,obstacles,555,sapper,1,9810,490.5,503.0,12.5,111.2,108.6,105.0,99.0,Move,YieldWait,fortress,,moved,0,,behind mobile_fortress#506,mobile_fortress(moving)@9.0
metrocity,Weekly,1,obstacles,524,elite_heavy_tank,1,10050,502.5,520.5,18.0,110.0,125.5,119.3,62.3,Idle,NoPath,fortress,,gave up,0,,goal (119.3;62.3) in open ground; other region (15843 cells); fortress,gun_pit(fixed)@7.7 radar_station(fixed)@5.6 base_wall@9
metrocity,Weekly,1,obstacles,524,elite_heavy_tank,1,10760,538.0,553.5,15.5,112.8,125.1,92.6,72.8,Idle,NoPath,fortress,,gave up,0,,goal (92.6;72.8) in open ground; other region (15864 cells); fortress,radar_station(fixed)@5.4 base_wall@9
metrocity,Weekly,1,obstacles,524,elite_heavy_tank,1,11730,586.5,600.1,13.6,109.8,127.8,73.7,67.2,Idle,NoPath,fortress,,open,0,,goal (73.7;67.2) in open ground; other region (15864 cells); fortress,gun_pit(fixed)@6.8 radar_station(fixed)@7.9 heavy_rocket_artillery(parked)@8.1 base_wall@8 base_wall@7
metrocity,Weekly,2,light,417,long_sam,1,2280,114.0,124.5,10.5,61.7,126.0,56.6,136.3,Move,OffRoute,fortress,,moved,0,,to (56.6;136.3) past container_stack,scout_jeep(moving)@5.1 mine_layer(moving)@4.2 sapper(moving)@7.5 container_stack@6
metrocity,Weekly,2,light,433,heavy_tank,1,2480,124.0,132.5,8.5,86.0,121.6,20.7,96.6,AttackMove,GateWait,fortress,,gave up,0,,doorway 0,base_wall@3 base_wall@9
metrocity,Weekly,2,light,410,smoke_carrier,1,2860,143.0,153.0,10.0,83.8,110.4,14.8,93.4,AttackMove,BlockedByFriend,fortress,road,moved,0,,flame_tank#444 moving,heavy_tank(moving)@5.4 flame_tank(moving)@3.1 counter_battery_radar(moving)@6.7
metrocity,Weekly,2,light,433,heavy_tank,1,3890,194.5,205.0,10.5,35.4,98.7,106.3,115.4,AttackMove,BlockedByFriend,fortress,road,moved,0,,command_vehicle#469 moving,ew_jammer(moving)@8.0 long_sam(moving)@9.1 counter_battery_radar(moving)@8.3 elite_heavy_tank(moving)@7.6 command_vehicle(moving)@4.0 base_wall@5
metrocity,Weekly,2,light,468,elite_heavy_tank,1,4420,221.0,229.5,8.5,32.2,99.0,19.7,64.2,AttackMove,BlockedByFriend,fortress,road,gave up,0,,command_vehicle#469 moving,ew_jammer(moving)@8.4 long_sam(moving)@5.5 counter_battery_radar(moving)@8.1 command_vehicle(moving)@5.8 base_wall@8
metrocity,Weekly,2,light,467,elite_heavy_tank,1,8140,407.0,419.5,12.5,86.7,77.2,125.0,115.0,AttackMove,BlockedByFriend,fortress,,gave up,0,,engineer_vehicle#508 moving,smoke_carrier(moving)@7.5 ew_jammer(moving)@8.3 elite_heavy_tank(moving)@3.6 command_vehicle(moving)@9.5 wheeled_gun(moving)@6.5 engineer_vehicle(moving)@5.3 fpv_carrier(parked)@8.3
metrocity,Weekly,2,light,508,engineer_vehicle,1,8250,412.5,422.0,9.5,82.0,78.6,88.5,86.9,Move,BlockedByFriend,fortress,route,moved,0,,ew_jammer#412 moving,smoke_carrier(moving)@7.0 ew_jammer(moving)@4.0 thermobaric_launcher(moving)@8.2 elite_heavy_tank(parked)@5.3 elite_heavy_tank(moving)@8.5 command_vehicle(moving)@7.4 wheeled_gun(moving)@7.9 flame_tank(moving)@9.9
metrocity,Weekly,2,light,578,turtle_tank,1,10880,544.0,553.5,9.5,103.6,104.9,72.7,87.3,AttackMove,BlockedByFriend,fortress,route,gave up,0,,ew_jammer#412 moving,ew_jammer(moving)@5.1 flame_tank(moving)@9.6 sapper(moving)@8.7 rocket_technical(parked)@8.8 fpv_carrier(moving)@9.0
redrock,Defend,1,full,719,heavy_tank,0,2570,128.5,140.5,12.0,92.2,97.3,102.7,92.8,Move,BlockedByFriend,fortress,,moved,0,,titan_tank#710 moving,heavy_turret(fixed)@6.5 titan_tank(moving)@7.0 aa_vehicle(moving)@3.6 titan_tank(moving)@9.4 aa_vehicle(moving)@9.5 heavy_tank(moving)@8.4 base_wall@9
redrock,Defend,1,full,719,heavy_tank,0,3060,153.0,161.5,8.5,94.6,97.4,102.7,92.8,Move,BlockedByFriend,fortress,,moved,0,,titan_tank#710 moving,heavy_turret(fixed)@7.3 aa_vehicle(moving)@8.4 titan_tank(moving)@4.5 aa_vehicle(parked)@6.9 aa_vehicle(moving)@9.6 titan_tank(moving)@8.8 heavy_tank(moving)@9.4 siege_tank(moving)@6.1 heavy_tank(moving)@5.9
redrock,Defend,1,full,749,heavy_tank,0,3220,161.0,169.5,8.5,96.3,104.7,57.2,63.7,AttackMove,BlockedByFriend,fortress,,moved,0,,aa_vehicle#751 parked,aa_vehicle(moving)@5.6 heavy_tank(moving)@8.7 aa_vehicle(moving)@5.3 siege_tank(moving)@7.6 aa_vehicle(moving)@5.2 aa_vehicle(parked)@4.1
redrock,Defend,1,full,747,ifv,0,3290,164.5,175.5,11.0,101.9,88.0,63.0,57.0,AttackMove,BlockedByFriend,fortress,,moved,0,,main_battle_tank#724 moving,aa_vehicle(parked)@7.3 main_battle_tank(moving)@3.9 titan_tank(moving)@6.4 base_wall@7 base_wall@5
redrock,Defend,1,full,724,main_battle_tank,0,3310,165.5,178.0,12.5,105.7,90.5,63.0,57.0,AttackMove,BlockedByFriend,fortress,,moved,0,,ifv#747 moving,aa_vehicle(parked)@4.7 titan_tank(moving)@9.8 ifv(moving)@4.2 base_wall@7
redrock,Defend,1,full,710,titan_tank,0,6340,317.0,327.5,10.5,66.4,64.0,73.9,71.8,AttackMove,BlockedByFriend,fortress,route,moved,0,,aa_vehicle#792 moving,aa_vehicle(moving)@9.7 main_battle_tank(parked)@8.0 titan_tank(moving)@5.6 aa_vehicle(moving)@6.2 main_battle_tank(moving)@8.9 ifv(moving)@6.8 aa_vehicle(moving)@4.6 aa_vehicle(moving)@4.3
redrock,Defend,1,full,726,titan_tank,0,6370,318.5,332.0,13.5,60.1,62.2,47.7,32.3,AttackMove,BlockedByFriend,fortress,,moved,0,,ifv#783 moving,aa_vehicle(moving)@8.2 titan_tank(moving)@7.4 titan_tank(moving)@7.8 ifv(moving)@4.2 aa_vehicle(moving)@7.7 aa_vehicle(moving)@9.9 aa_vehicle(moving)@6.9 shield_generator@6
redrock,Defend,1,full,728,aa_vehicle,0,6430,321.5,331.0,9.5,66.0,58.2,48.4,23.0,AttackMove,OffRoute,fortress,route,moved,0,,to (55.0;29.0) past guard_tower(defence),aa_vehicle(moving)@6.5 titan_tank(moving)@9.4 titan_tank(moving)@4.5 heavy_tank(moving)@5.4 titan_tank(moving)@5.2 ifv(moving)@7.9 aa_vehicle(moving)@4.1 aa_vehicle(moving)@5.6 shield_generator@9
redrock,Defend,1,full,693,titan_tank,0,6650,332.5,343.0,10.5,74.2,58.8,77.1,48.1,AttackMove,YieldWait,fortress,,moved,0,,waiting on a yield,c_ram(fixed)@8.9 artillery(moving)@7.4 heavy_tank(moving)@8.4 titan_tank(moving)@6.0 ifv(moving)@6.6 aa_vehicle(moving)@5.5 aa_vehicle(moving)@4.8
redrock,Defend,1,full,734,heavy_tank,0,6860,343.0,351.5,8.5,64.2,50.0,53.0,63.0,AttackMove,BlockedByFriend,fortress,route,moved,0,,titan_tank#710 moving,titan_tank(moving)@8.7 titan_tank(moving)@5.0 main_battle_tank(moving)@9.3 titan_tank(moving)@6.1 main_battle_tank(parked)@8.1 ifv(moving)@9.4 aa_vehicle(moving)@7.7 aa_vehicle(moving)@6.8
redrock,Defend,1,full,734,heavy_tank,0,7090,354.5,363.0,8.5,66.4,55.8,53.0,63.0,AttackMove,BlockedByFriend,fortress,route,moved,0,,titan_tank#693 moving,titan_tank(moving)@5.5 titan_tank(moving)@8.3 main_battle_tank(parked)@8.8 aa_vehicle(moving)@2.9 shield_generator@9
redrock,Defend,1,full,701,siege_tank,0,7110,355.5,368.0,12.5,77.0,57.8,69.6,65.3,Move,BlockedByFriend,fortress,,moved,0,,titan_tank#693 moving,c_ram(fixed)@6.0 titan_tank(moving)@6.5 siege_tank(moving)@7.4
redrock,Defend,1,full,840,aa_vehicle,0,9270,463.5,472.0,8.5,61.9,120.0,34.2,116.4,AttackMove,YieldWait,fortress+gate,nopark,moved,0,,behind heavy_tank#843,titan_tank(moving)@3.7 heavy_tank(moving)@8.7 ifv(parked)@8.2 aa_vehicle(moving)@8.6 aa_vehicle(moving)@7.5 heavy_tank(moving)@8.6 ifv(moving)@8.0 garage@7
redrock,Defend,1,full,822,aa_vehicle,0,9320,466.0,476.0,10.0,68.5,115.4,34.2,116.4,AttackMove,YieldWait,fortress+gate,road+nopark,moved,0,,behind ifv#844,aa_vehicle(moving)@7.2 aa_vehicle(moving)@4.3 ifv(moving)@6.7 main_battle_tank(moving)@6.6 garage@8
redrock,Defend,1,full,726,titan_tank,0,9480,474.0,482.5,8.5,59.0,121.5,30.8,117.3,AttackMove,YieldWait,fortress+gate,narrow+nopark,moved,0,,behind aa_vehicle#838,artillery_emplacement(fixed)@8.2 heavy_tank(moving)@8.2 ifv(parked)@6.6 aa_vehicle(moving)@5.7 aa_vehicle(moving)@9.7 ifv(moving)@5.0 garage@9
redrock,Defend,1,full,838,aa_vehicle,0,9480,474.0,486.0,12.0,64.5,120.0,34.2,116.4,AttackMove,YieldWait,fortress+gate,nopark,moved,0,,behind ifv#844,titan_tank(moving)@8.5 titan_tank(moving)@5.7 heavy_tank(moving)@7.5 ifv(parked)@9.2 aa_vehicle(moving)@9.0 aa_vehicle(moving)@4.0 ifv(moving)@3.3 main_battle_tank(moving)@6.2 garage@8
redrock,Defend,1,full,839,aa_vehicle,0,9500,475.0,487.0,12.0,68.8,118.4,38.8,93.4,AttackMove,YieldWait,fortress+gate,narrow+nopark,moved,0,,behind ifv#844,atgm_tower(fixed)@9.8 titan_tank(moving)@5.1 aa_vehicle(moving)@4.5 aa_vehicle(moving)@4.1 ifv(moving)@7.8 main_battle_tank(moving)@4.1 garage@9
redrock,Defend,1,full,734,heavy_tank,0,9730,486.5,499.5,13.0,60.0,123.7,32.5,116.9,AttackMove,StalePath,fortress+gate,nopark,moved,0,,leg 2/9 to (61.0;123.0) crosses artillery_emplacement(defence),artillery_emplacement(fixed)@7.4 ifv(parked)@4.3 aa_vehicle(moving)@8.6 aa_vehicle(moving)@3.7 main_battle_tank(moving)@4.3 aa_vehicle(moving)@8.2
redrock,Defend,1,full,839,aa_vehicle,0,9780,489.0,510.0,21.0,63.0,120.0,30.8,117.3,AttackMove,YieldWait,fortress+gate,nopark,moved,0,,behind heavy_tank#734,titan_tank(moving)@8.1 heavy_tank(moving)@4.2 ifv(parked)@8.3 aa_vehicle(moving)@7.3 main_battle_tank(moving)@3.7 aa_vehicle(moving)@4.3 garage@7
redrock,Defend,1,full,846,main_battle_tank,0,9790,489.5,500.0,10.5,63.3,123.7,32.0,109.9,AttackMove,YieldWait,fortress+gate,nopark,moved,0,,behind aa_vehicle#839,titan_tank(moving)@8.4 heavy_tank(moving)@3.4 ifv(parked)@4.9 aa_vehicle(moving)@4.6 aa_vehicle(moving)@3.7 aa_vehicle(moving)@3.6 ammo_dump@10
redrock,Defend,1,full,821,ifv,0,9970,498.5,507.0,8.0,60.0,126.6,15.7,77.4,AttackMove,YieldWait,fortress,,died,0,,behind main_battle_tank#846,artillery_emplacement(fixed)@6.2 titan_tank(moving)@7.5 siege_tank(moving)@9.3 aa_vehicle(moving)@7.0 main_battle_tank(moving)@6.8 aa_vehicle(moving)@3.6 ammo_dump@9
redrock,Defend,1,full,843,heavy_tank,0,10490,524.5,534.0,9.5,47.0,126.4,61.0,127.0,AttackMove,GateWait,fortress,,moved,0,,doorway 0,artillery_emplacement(fixed)@7.2 titan_tank(parked)@8.4 titan_tank(moving)@8.5 siege_tank(moving)@7.2 aa_vehicle(moving)@9.1 ifv(moving)@5.6
redrock,Defend,2,obstacles,743,main_battle_tank,0,3250,162.5,176.0,13.5,95.0,107.1,98.5,114.9,Move,YieldWait,fortress,,gave up,0,,behind aa_vehicle#729,repair_bay(fixed)@5.7 aa_vehicle(moving)@9.6 ifv(moving)@5.8
redrock,Defend,2,obstacles,743,main_battle_tank,0,7300,365.0,374.0,9.0,78.7,94.9,107.0,53.0,AttackMove,BlockedByObstacle,fortress,,gave up,0,,base_wall,siege_tank(moving)@4.4 mlrs(parked)@9.9 aa_vehicle(moving)@8.2 base_wall@8 base_wall@5 container@8
redrock,Defend,2,obstacles,869,armored_car,0,9510,475.5,484.0,8.5,119.6,106.3,123.5,99.4,AttackMove,YieldWait,fortress,,moved,0,,behind mobile_fortress#890,c_ram(fixed)@9.4 scout_jeep(moving)@9.0
redrock,Defend,2,obstacles,871,scout_jeep,0,10020,501.0,516.0,15.0,129.9,111.0,125.0,115.0,AttackMove,YieldWait,fortress,,moved,0,,behind mobile_fortress#890,c_ram(fixed)@8.1 mobile_fortress(moving)@6.7 base_wall@8 base_wall@4 base_wall@10
redrock,Defend,2,obstacles,871,scout_jeep,0,10320,516.0,530.5,14.5,129.9,109.0,125.0,115.0,AttackMove,YieldWait,fortress,,gave up,0,,behind mobile_fortress#890,c_ram(fixed)@6.1 mobile_fortress(moving)@7.0 base_wall@6 base_wall@5
redrock,Defend,2,obstacles,900,scout_jeep,0,10320,516.0,528.5,12.5,115.2,111.2,125.0,115.0,AttackMove,YieldWait,fortress,,moved,0,,behind mobile_fortress#890,radar_station(fixed)@9.8 armored_car(moving)@2.8 armored_car(moving)@4.0
redrock,Defend,2,obstacles,871,scout_jeep,0,10690,534.5,549.0,14.5,130.0,108.0,125.0,115.0,AttackMove,YieldWait,fortress,,gave up,0,,behind mobile_fortress#890,c_ram(fixed)@5.2 mobile_fortress(parked)@7.1 base_wall@6 base_wall@6
redrock,Defend,2,obstacles,869,armored_car,0,10710,535.5,545.5,10.0,118.4,116.0,125.0,115.0,AttackMove,YieldWait,fortress,,gave up,0,,behind main_battle_tank#927,radar_station(fixed)@8.4 mobile_fortress(moving)@8.2 ifv(moving)@9.4 armored_car(parked)@6.6 main_battle_tank(parked)@2.8
redrock,Defend,2,obstacles,934,light_tank,0,10890,544.5,557.0,12.5,108.4,104.7,125.0,115.0,AttackMove,YieldWait,fortress,,moved,0,,behind mobile_fortress#890,light_tank(moving)@4.4 mobile_fortress(moving)@8.0 ifv(moving)@9.9 main_battle_tank(moving)@7.3 scout_jeep(moving)@4.7 armored_car(parked)@9.7 scout_jeep(parked)@6.0
redrock,Defend,2,obstacles,927,main_battle_tank,0,11240,562.0,570.5,8.5,129.4,109.5,95.7,109.9,AttackMove,BlockedByFriend,fortress,,moved,0,,scout_jeep#871 moving,c_ram(fixed)@6.6 armored_car(parked)@4.6 scout_jeep(moving)@2.6 armored_car(moving)@6.4 mlrs(moving)@2.0 base_wall@7 base_wall@5
redrock,Defend,2,obstacles,929,mlrs,0,11250,562.5,572.0,9.5,127.8,108.2,89.0,101.0,Move,YieldWait,fortress,,moved,0,,behind mobile_fortress#890,c_ram(fixed)@5.3 armored_car(moving)@4.1 scout_jeep(moving)@4.2 mobile_fortress(moving)@9.7 armored_car(moving)@7.8 main_battle_tank(moving)@1.9 base_wall@8 base_wall@7
redrock,Endless,1,obstacles,729,main_battle_tank,0,6910,345.5,354.0,8.5,46.6,121.3,64.3,104.1,AttackMove,YieldWait,fortress+gate,nopark,moved,0,,behind aa_vehicle#791,drone_hangar(fixed)@9.9 siege_tank(moving)@6.3 ifv(moving)@9.6 heavy_tank(moving)@9.4 ifv(moving)@3.4 aa_vehicle(moving)@6.1 base_wall@7 floodlight_mast@4
redrock,Endless,1,obstacles,704,siege_tank,0,6940,347.0,356.0,9.0,51.7,120.0,31.5,128.0,Move,YieldWait,fortress+gate,narrow+nopark,moved,0,,behind ifv#783,drone_hangar(fixed)@8.3 main_battle_tank(moving)@3.5 ifv(moving)@5.4 aa_vehicle(moving)@8.7 shield_generator@8 floodlight_mast@9
redrock,Endless,1,obstacles,706,siege_tank,0,7050,352.5,361.5,9.0,35.7,118.1,31.5,128.0,Move,Unknown,fortress,,gave up,0,,speed 1.8 strikes 1,artillery(moving)@9.7 ifv(moving)@9.6 base_wall@7 base_wall@5 floodlight_mast@8
redrock,Endless,1,obstacles,764,heavy_tank,0,8810,440.5,449.5,9.0,64.7,105.4,44.8,100.7,AttackMove,Unknown,fortress,,moved,0,,speed 2.0 strikes 0,heavy_tank(moving)@3.7 titan_tank(moving)@9.0 titan_tank(moving)@9.4 ifv(moving)@7.9 gun_pit(fixed)@7.2
redrock,Endless,1,obstacles,745,titan_tank,0,9000,450.0,459.5,9.5,58.4,105.0,44.1,99.7,AttackMove,BlockedByFriend,fortress+gate,nopark,moved,0,,heavy_tank#769 moving,main_battle_tank(parked)@6.6 heavy_tank(moving)@5.3 titan_tank(parked)@8.3 ifv(moving)@9.3 gun_pit(fixed)@5.3 aa_vehicle(parked)@8.9 shield_generator@9
redrock,Endless,1,obstacles,924,aa_vehicle,0,10470,523.5,532.0,8.5,106.8,63.6,118.2,56.8,AttackMove,BlockedByFriend,fortress,,moved,0,,titan_tank#745 moving,main_battle_tank(moving)@4.4 titan_tank(moving)@5.6 ifv(moving)@4.5 container_stack@8 container_stack@4
redrock,Endless,1,obstacles,764,heavy_tank,0,10730,536.5,546.0,9.5,54.3,91.6,101.7,61.2,AttackMove,Unknown,fortress+gate,nopark,moved,0,,speed 0.6 strikes 2,gun_pit(fixed)@5.6
redrock,Endless,1,obstacles,769,heavy_tank,0,10780,539.0,547.5,8.0,105.7,51.1,70.5,71.3,Move,Unknown,fortress,,died,0,,speed 1.9 strikes 0,aa_vehicle(moving)@9.5
redrock,Endless,2,light,759,scout_jeep,0,4340,217.0,231.5,14.5,118.3,107.3,125.0,115.0,AttackMove,YieldWait,fortress,,moved,0,,behind mobile_fortress#748,armored_car(moving)@6.6
redrock,Endless,2,light,825,scout_jeep,0,6520,326.0,334.5,8.5,113.1,124.8,125.0,115.0,AttackMove,OffRoute,fortress,,gave up,0,,to (125.0;115.0) past command_hq,ifv(moving)@4.1 main_battle_tank(moving)@8.9 light_tank(moving)@9.9 aa_vehicle(parked)@8.2 armored_car(moving)@7.3 light_tank(parked)@9.3 base_wall@9
redrock,Endless,2,light,674,siege_tank,0,7440,372.0,381.0,9.0,77.9,123.0,75.6,133.8,Move,Unknown,fortress,,gave up,0,,speed 2.4 strikes 1,base_wall@6 base_wall@9
redrock,Endless,2,light,848,main_battle_tank,0,8250,412.5,421.0,8.5,126.0,113.2,112.7,132.9,AttackMove,BlockedByFriend,fortress,,moved,0,,elite_heavy_tank#787 moving,elite_heavy_tank(moving)@3.3 light_tank(parked)@7.1 elite_heavy_tank(moving)@7.1
redrock,Weekly,1,light,696,thermobaric_launcher,1,3140,157.0,166.0,9.0,103.8,116.8,75.4,105.0,Move,BlockedByFriend,fortress,,moved,0,,mobile_fortress#704 moving,mobile_fortress(moving)@9.2
redrock,Weekly,1,light,706,twin_tank,1,3470,173.5,188.0,14.5,83.8,116.0,112.0,125.6,AttackMove,OffRoute,fortress+gate,road+narrow+nopark,moved,0,,to (112.0;125.6) past base_wall,sam_launcher(moving)@3.7 twin_tank(moving)@9.4 turtle_tank(moving)@5.5 engineer_vehicle(moving)@9.5 base_wall@6
redrock,Weekly,1,light,711,turtle_tank,1,3660,183.0,193.0,10.0,81.9,110.4,111.2,125.7,AttackMove,YieldWait,fortress+gate,road+route+narrow+nopark,moved,0,,behind sam_launcher#673,sam_launcher(moving)@7.0 command_vehicle(moving)@4.0 sapper(moving)@8.0 rocket_technical(parked)@7.9 twin_tank(moving)@6.6 base_wall@7
redrock,Weekly,1,light,709,twin_tank,1,5120,256.0,265.5,9.5,115.9,84.4,89.9,56.8,AttackMove,Unknown,fortress,road,gave up,0,,speed 0.8 strikes 0,mobile_fortress(parked)@9.8 engineer_vehicle(moving)@8.2 sapper(parked)@9.5
redrock,Weekly,1,light,676,command_vehicle,1,5880,294.0,302.5,8.5,103.6,84.3,103.3,96.9,Move,BlockedByFriend,fortress,,moved,0,,mobile_fortress#704 parked,thermobaric_launcher(parked)@8.4 mobile_fortress(parked)@7.8 twin_tank(parked)@8.4 turtle_tank(moving)@8.7 engineer_vehicle(moving)@3.0
redrock,Weekly,1,light,735,elite_heavy_tank,1,7540,377.0,390.5,13.5,90.7,86.0,36.9,31.0,AttackMove,BlockedByFriend,fortress,,moved,0,,fpv_carrier#719 parked,fpv_carrier(parked)@4.8 sapper(moving)@6.7 shahed_truck(moving)@6.8 main_battle_tank(moving)@8.1 base_wall@4 base_wall@8 container@10
redrock,Weekly,1,light,756,heavy_tank,1,7750,387.5,397.0,9.5,98.3,91.9,51.2,29.6,AttackMove,BlockedByFriend,fortress,route,moved,0,,elite_heavy_tank#735 moving,fpv_carrier(moving)@5.6 sapper(moving)@9.2 elite_heavy_tank(moving)@4.4 elite_heavy_tank(parked)@5.0 vbied(moving)@8.6
redrock,Weekly,1,light,736,elite_heavy_tank,1,8590,429.5,441.0,11.5,46.2,44.1,42.3,25.7,AttackMove,OffRoute,fortress,,moved,0,,to (42.3;25.7) past base_wall,twin_tank(moving)@8.5 base_wall@4 base_wall@6 floodlight_mast@7
redrock,Weekly,1,light,784,titan_tank,0,11260,563.0,573.5,10.5,-82.6,-84.8,-92.8,-93.6,Move,BlockedByFriend,field,route,moved,0,,armored_bulldozer#753 moving,armored_bulldozer(moving)@7.2 armored_bulldozer(moving)@8.3
redrock,Weekly,2,full,724,thermobaric_launcher,1,6920,346.0,359.5,13.5,112.7,113.1,104.9,107.6,Move,BlockedByFriend,fortress,,moved,0,,counter_battery_radar#777 moving,scout_jeep(moving)@4.2 scout_jeep(moving)@4.1 command_vehicle(parked)@6.9 scout_jeep(moving)@5.6 flame_tank(parked)@5.2 counter_battery_radar(moving)@5.3 counter_battery_radar(moving)@4.3 twin_tank(parked)@6.4
redrock,Weekly,2,full,763,counter_battery_radar,1,7260,363.0,371.5,8.5,103.9,106.5,93.6,108.9,Move,YieldWait,fortress,,gave up,0,,behind ew_jammer#820,command_vehicle(moving)@6.8 thermobaric_launcher(moving)@8.0 rocket_technical(parked)@9.7 twin_tank(moving)@5.5 ew_jammer(parked)@6.2
redrock,Weekly,2,full,717,command_vehicle,1,7410,370.5,379.5,9.0,98.9,111.9,91.0,111.0,Move,BlockedByFriend,fortress,route,moved,0,,sapper#821 moving,ew_jammer(moving)@6.9 thermobaric_launcher(moving)@6.0 counter_battery_radar(moving)@9.7 counter_battery_radar(parked)@7.5 twin_tank(moving)@7.7 engineer_vehicle(moving)@8.3 ew_jammer(moving)@4.5 sapper(moving)@3.9
redrock,Weekly,2,full,812,mobile_fortress,1,7530,376.5,386.0,9.5,75.5,127.3,95.7,109.9,AttackMove,BlockedByFriend,fortress,,moved,0,,heavy_tank#737 moving,base_wall@10 base_wall@8
redrock,Weekly,2,full,812,mobile_fortress,1,8240,412.0,424.0,12.0,86.0,116.3,70.3,57.1,AttackMove,BlockedByFriend,fortress+gate,nopark,moved,0,,heavy_rocket_artillery#806 moving,vbied(moving)@7.0 base_wall@6
redrock,Weekly,2,full,737,heavy_tank,1,8350,417.5,426.0,8.5,97.5,99.9,106.9,116.2,AttackMove,BlockedByFriend,fortress,route,moved,0,,ew_jammer#820 moving,ew_jammer(moving)@8.7 command_vehicle(moving)@7.4 thermobaric_launcher(moving)@3.3 thermobaric_launcher(moving)@8.9 rocket_technical(parked)@8.5 counter_battery_radar(parked)@7.0 counter_battery_radar(moving)@5.0 rocket_technical(parked)@6.1 ew_jammer(moving)@5.0
redrock,Weekly,2,full,812,mobile_fortress,1,8510,425.5,434.0,8.5,83.0,110.2,77.0,137.0,AttackMove,BlockedByFriend,fortress+gate,road+narrow+nopark,moved,0,,heavy_rocket_artillery#806 moving,rocket_technical(moving)@8.6 heavy_rocket_artillery(moving)@9.5 base_wall@6
redrock,Weekly,2,full,785,twin_tank,1,8930,446.5,457.5,11.0,81.6,112.9,77.0,137.0,AttackMove,OffRoute,fortress+gate,road+narrow+nopark,moved,0,,to (77.0;137.0) past base_wall,scout_jeep(moving)@8.4 base_wall@9 base_wall@9
redrock,Weekly,2,full,812,mobile_fortress,1,9200,460.0,469.5,9.5,77.4,127.9,110.5,117.1,AttackMove,BlockedByDefence,fortress,,moved,0,,drone_hangar#665 parked,base_wall@8 base_wall@6
redrock,Weekly,2,full,723,thermobaric_launcher,1,10220,511.0,519.5,8.5,90.7,104.5,81.0,97.0,Move,BlockedByFriend,fortress,,moved,0,,counter_battery_radar#777 moving,ew_jammer(moving)@4.8 counter_battery_radar(moving)@4.0 engineer_vehicle(moving)@4.7 rocket_technical(parked)@9.3 counter_battery_radar(moving)@6.9 base_wall@7
redrock,Weekly,2,full,762,flame_tank,1,11810,590.5,600.1,9.6,119.5,114.3,113.4,119.0,AttackMove,BlockedByFriend,fortress,,open,0,,sapper#821 moving,twin_tank(parked)@5.0 sapper(moving)@5.6
junglepass,Defend,1,obstacles,983,titan_tank,0,4690,234.5,244.0,9.5,57.0,91.1,53.0,63.0,AttackMove,BlockedByFriend,fortress+gate,narrow+nopark,moved,0,,main_battle_tank#1049 moving,gun_pit(fixed)@5.9 gun_pit(fixed)@9.4 siege_tank(moving)@9.1 heavy_tank(moving)@5.0 aa_vehicle(moving)@9.4 artillery(moving)@8.4 main_battle_tank(moving)@4.3
junglepass,Defend,1,obstacles,1023,heavy_tank,0,6660,333.0,341.5,8.5,108.5,47.1,119.2,50.2,AttackMove,BlockedByFriend,fortress,narrow,gave up,0,,ifv#1050 parked,ifv(parked)@4.9 aa_vehicle(parked)@7.0 ifv(moving)@4.7 ifv(moving)@8.2 base_wall@8 base_wall@8 shield_generator@8
junglepass,Defend,1,obstacles,1016,heavy_tank,0,6780,339.0,350.5,11.5,125.4,44.8,107.0,53.0,AttackMove,YieldWait,fortress+gate,nopark,moved,0,,behind heavy_tank#1061,heavy_turret(fixed)@9.6 heavy_tank(moving)@7.2 ifv(moving)@9.5 aa_vehicle(moving)@6.8 base_wall@7 floodlight_mast@5
junglepass,Defend,1,obstacles,1016,heavy_tank,0,7450,372.5,381.0,8.5,119.6,42.1,107.0,53.0,AttackMove,BlockedByFriend,fortress,narrow,moved,0,,heavy_tank#1061 moving,heavy_tank(parked)@9.1 heavy_tank(moving)@4.8 aa_vehicle(moving)@8.0 base_wall@8
junglepass,Defend,1,obstacles,1107,aa_vehicle,0,7540,377.0,396.0,19.0,122.6,62.0,112.8,46.7,AttackMove,YieldWait,fortress+gate,nopark,moved,0,,behind main_battle_tank#1049,heavy_turret(fixed)@9.6 titan_tank(moving)@5.8 main_battle_tank(moving)@5.0 ifv(parked)@7.7 aa_vehicle(moving)@3.6 container@8 container_stack@10
junglepass,Defend,1,obstacles,1049,main_battle_tank,0,7560,378.0,393.0,15.0,118.0,64.1,119.2,50.2,AttackMove,YieldWait,fortress+gate,narrow+nopark,moved,0,,behind titan_tank#983,titan_tank(moving)@5.6 ifv(parked)@9.7 aa_vehicle(moving)@5.6 aa_vehicle(parked)@7.0 aa_vehicle(moving)@3.6 container@4
junglepass,Defend,1,obstacles,1016,heavy_tank,0,7760,388.0,401.0,13.0,121.5,44.6,107.0,53.0,AttackMove,BlockedByFriend,fortress+gate,nopark,moved,0,,aa_vehicle#1064 moving,titan_tank(moving)@6.9 heavy_tank(moving)@5.9 aa_vehicle(moving)@4.0 aa_vehicle(parked)@8.8 base_wall@10 floodlight_mast@9
junglepass,Defend,1,obstacles,1110,aa_vehicle,0,7770,388.5,402.0,13.5,123.7,63.7,118.2,50.8,AttackMove,BlockedByFriend,fortress+gate,nopark,moved,0,,aa_vehicle#1109 moving,titan_tank(moving)@8.2 main_battle_tank(moving)@9.8 ifv(moving)@8.9 aa_vehicle(moving)@3.9 aa_vehicle(moving)@3.7 container@9 container_stack@8
junglepass,Defend,1,obstacles,1088,ifv,0,7840,392.0,403.0,11.0,104.5,45.4,118.7,50.5,AttackMove,YieldWait,fortress,,moved,0,,behind heavy_tank#1023,titan_tank(moving)@5.5 heavy_tank(parked)@4.5 aa_vehicle(moving)@9.6 ifv(parked)@7.7 base_wall@5 base_wall@9
junglepass,Defend,1,obstacles,1061,heavy_tank,0,7870,393.5,404.0,10.5,122.0,49.5,106.9,65.9,AttackMove,YieldWait,fortress+gate,narrow+nopark,moved,0,,behind aa_vehicle#1065,heavy_turret(fixed)@7.5 heavy_tank(moving)@6.3 ifv(moving)@5.9 aa_vehicle(parked)@8.9 aa_vehicle(moving)@4.0
junglepass,Defend,1,obstacles,985,titan_tank,0,8130,406.5,415.0,8.5,111.2,44.3,81.6,15.7,AttackMove,YieldWait,fortress,narrow,moved,0,,behind ifv#1088,heavy_tank(moving)@5.4 aa_vehicle(moving)@5.8 base_wall@8 base_wall@4 shield_generator@10
junglepass,Defend,1,obstacles,1049,main_battle_tank,0,9280,464.0,473.0,9.0,60.3,120.3,47.8,116.3,AttackMove,OffRoute,fortress+gate,nopark,moved,0,,to (47.0;119.0) past container_stack,drone_hangar(fixed)@10.0 titan_tank(moving)@6.3 heavy_tank(moving)@5.5 ifv(moving)@9.1 ifv(moving)@3.2 ifv(moving)@8.7 aa_vehicle(moving)@9.0 aa_vehicle(moving)@6.8 container_stack@4 container@8
junglepass,Defend,1,obstacles,1144,aa_vehicle,0,9380,469.0,483.0,14.0,72.0,118.1,53.0,119.0,AttackMove,YieldWait,fortress+gate,nopark,moved,0,,behind aa_vehicle#1121,gun_pit(fixed)@7.9 aa_vehicle(moving)@5.4 aa_vehicle(moving)@8.3
junglepass,Defend,1,obstacles,1049,main_battle_tank,0,9460,473.0,485.5,12.5,58.8,120.0,67.4,111.9,AttackMove,BlockedByFriend,fortress+gate,narrow+nopark,gave up,0,,aa_vehicle#1145 moving,drone_hangar(fixed)@9.3 titan_tank(parked)@6.7 heavy_tank(moving)@9.9 ifv(parked)@3.7 ifv(moving)@5.8 aa_vehicle(moving)@8.6 aa_vehicle(moving)@4.2 shield_generator@9 container_stack@5 container@8
junglepass,Defend,1,obstacles,1121,aa_vehicle,0,9480,474.0,482.5,8.5,66.8,122.5,53.0,119.0,AttackMove,YieldWait,fortress+gate,nopark,moved,0,,behind aa_vehicle#1145,gun_pit(fixed)@9.5 main_battle_tank(moving)@7.7 heavy_tank(moving)@7.6 ifv(moving)@3.5 aa_vehicle(moving)@6.5 aa_vehicle(moving)@6.9 container_stack@9 container_stack@7
junglepass,Defend,1,obstacles,1061,heavy_tank,0,9580,479.0,491.0,12.0,60.8,128.9,47.9,124.4,AttackMove,YieldWait,fortress+gate,nopark,moved,0,,behind aa_vehicle#1145,drone_hangar(fixed)@6.9 main_battle_tank(moving)@8.6 aa_vehicle(moving)@8.8 aa_vehicle(moving)@5.2 ammo_dump@8 container_stack@7
junglepass,Defend,1,obstacles,1145,aa_vehicle,0,9610,480.5,490.0,9.5,61.7,123.7,47.8,116.3,AttackMove,BlockedByFriend,fortress+gate,nopark,moved,0,,main_battle_tank#1049 moving,drone_hangar(fixed)@8.8 main_battle_tank(moving)@4.7 heavy_tank(moving)@5.3 ifv(moving)@8.8 aa_vehicle(moving)@8.2 container_stack@8 container_stack@8
junglepass,Defend,1,obstacles,985,titan_tank,0,9690,484.5,496.5,12.0,44.2,101.5,47.8,116.3,AttackMove,YieldWait,fortress,,moved,0,,behind heavy_tank#1023,heavy_tank(moving)@4.5 siege_tank(moving)@9.8 ifv(moving)@7.7 ifv(moving)@7.8 artillery(moving)@3.8 base_wall@7 base_wall@5
junglepass,Defend,1,obstacles,1106,ifv,0,9700,485.0,499.0,14.0,50.7,106.0,53.0,119.0,AttackMove,OffRoute,fortress,,moved,0,,to (47.0;119.0) past shield_generator,titan_tank(moving)@7.7 heavy_tank(moving)@4.9 aa_vehicle(parked)@3.7 ifv(moving)@5.3 aa_vehicle(moving)@7.8 artillery(moving)@6.2 shield_generator@7
junglepass,Defend,1,obstacles,1093,ifv,0,9780,489.0,499.5,10.5,51.2,100.8,47.8,116.3,AttackMove,YieldWait,fortress,,moved,0,,behind artillery#1139,titan_tank(moving)@7.2 siege_tank(moving)@4.8 aa_vehicle(parked)@6.2 ifv(moving)@5.2 artillery(moving)@6.6 aa_vehicle(moving)@3.8 siege_tank(moving)@9.1 artillery(moving)@4.1 aa_vehicle(moving)@9.2
junglepass,Defend,1,obstacles,1061,heavy_tank,0,10090,504.5,513.0,8.5,56.4,121.9,17.0,103.9,AttackMove,YieldWait,fortress+gate,narrow+nopark,moved,0,,behind ifv#1063,drone_hangar(fixed)@6.6 titan_tank(moving)@7.9 ifv(moving)@5.0 artillery(moving)@9.1 aa_vehicle(moving)@4.3 shield_generator@10 container_stack@7
junglepass,Defend,1,obstacles,1145,aa_vehicle,0,10320,516.0,524.5,8.5,52.8,102.3,15.6,101.4,AttackMove,YieldWait,fortress,,moved,0,,waiting on a yield,siege_tank(moving)@8.1 main_battle_tank(moving)@3.5 siege_tank(moving)@9.6 artillery(moving)@7.0 aa_vehicle(moving)@3.1
junglepass,Defend,1,obstacles,1088,ifv,0,10330,516.5,525.5,9.0,43.1,118.2,16.1,102.1,AttackMove,YieldWait,fortress,narrow,moved,0,,behind ifv#1063,titan_tank(moving)@9.4 titan_tank(moving)@5.7 heavy_tank(moving)@6.7 heavy_tank(moving)@6.8 heavy_tank(moving)@6.0 ifv(moving)@3.9 ifv(moving)@6.9 base_wall@7
junglepass,Defend,1,obstacles,1063,ifv,0,10440,522.0,530.5,8.5,44.3,115.3,17.1,110.6,AttackMove,BlockedByFriend,fortress,narrow,moved,0,,titan_tank#985 parked,titan_tank(moving)@8.7 titan_tank(parked)@3.8 heavy_tank(moving)@9.9 heavy_tank(moving)@4.4 ifv(moving)@3.0 aa_vehicle(parked)@6.4 base_wall@5
junglepass,Defend,1,obstacles,1023,heavy_tank,0,10470,523.5,539.0,15.5,44.0,125.0,18.8,98.5,AttackMove,YieldWait,fortress,,moved,0,,behind heavy_tank#1061,titan_tank(moving)@5.6 heavy_tank(moving)@7.2 ifv(moving)@8.2 base_wall@6 floodlight_mast@5
junglepass,Defend,2,light,982,siege_tank,0,3990,199.5,210.5,11.0,76.1,109.2,87.4,103.3,Move,YieldWait,fortress+gate,nopark,moved,0,,behind siege_tank#1034,main_battle_tank(moving)@3.9 siege_tank(parked)@9.9 main_battle_tank(moving)@4.2 aa_vehicle(parked)@8.0 aa_vehicle(parked)@7.7 scout_jeep(moving)@6.1 siege_tank(moving)@8.4 base_wall@9
junglepass,Defend,2,light,1041,scout_jeep,0,5820,291.0,310.0,19.0,114.8,115.4,125.0,115.0,AttackMove,YieldWait,fortress,,moved,0,,waiting on a yield,ifv(moving)@2.7 light_tank(moving)@5.5 armored_car(parked)@8.7 armored_car(moving)@4.6 elite_heavy_tank(moving)@6.6 elite_mbt(parked)@6.2
junglepass,Defend,2,light,1051,armored_car,0,6160,308.0,317.0,9.0,120.7,106.1,125.0,115.0,AttackMove,BlockedByFriend,fortress,,moved,0,,scout_jeep#1081 moving,mobile_fortress(moving)@7.4 armored_car(parked)@4.2 main_battle_tank(moving)@3.9 elite_heavy_tank(moving)@9.4 ifv(moving)@9.4 main_battle_tank(moving)@7.4 scout_jeep(moving)@3.7 scout_jeep(moving)@8.3 scout_jeep(moving)@8.2
junglepass,Defend,2,light,1061,elite_heavy_tank,0,6700,335.0,347.0,12.0,130.0,108.8,119.0,146.1,AttackMove,OffRoute,fortress+gate,nopark,moved,0,,to (137.0;115.0) past base_wall,aa_vehicle(moving)@8.4 main_battle_tank(moving)@4.3 elite_mbt(moving)@8.2 base_wall@6
junglepass,Endless,1,light,973,titan_tank,0,4020,201.0,209.5,8.5,93.4,76.9,92.0,126.6,AttackMove,BlockedByFriend,fortress,,moved,0,,siege_tank#992 moving,titan_tank(moving)@9.0 siege_tank(moving)@4.8 siege_tank(moving)@7.0
junglepass,Endless,1,light,1026,aa_vehicle,0,4320,216.0,229.0,13.0,114.0,122.8,125.0,115.0,AttackMove,BlockedByFriend,fortress,,moved,0,,titan_tank#954 parked,titan_tank(parked)@4.6 titan_tank(parked)@4.0 aa_vehicle(parked)@9.1
junglepass,Endless,1,light,1072,siege_tank,0,6220,311.0,325.5,14.5,97.0,98.2,84.0,107.0,Move,YieldWait,fortress,route,moved,0,,behind mobile_fortress#1013,
junglepass,Endless,1,light,1065,elite_mbt,0,7130,356.5,366.0,9.5,109.7,111.0,119.2,110.2,AttackMove,BlockedByFriend,fortress,,moved,0,,elite_heavy_tank#1066 moving,heavy_tank(moving)@7.8 titan_tank(moving)@9.7 elite_heavy_tank(moving)@6.8 ifv(moving)@3.4 elite_heavy_tank(moving)@4.5 siege_tank(moving)@8.0 aa_vehicle(moving)@7.3
junglepass,Endless,2,full,1021,aa_vehicle,0,3940,197.0,208.5,11.5,62.3,54.9,57.1,63.1,AttackMove,YieldWait,fortress,route,gave up,0,,behind aa_vehicle#1020,scout_jeep(moving)@9.4 main_battle_tank(moving)@3.9 aa_vehicle(moving)@3.4 ifv(moving)@4.7 ifv(parked)@8.4 scout_jeep(moving)@8.4 main_battle_tank(moving)@7.5 light_tank(moving)@5.8 shield_generator@6
junglepass,Endless,2,full,1033,main_battle_tank,0,4100,205.0,214.0,9.0,56.3,70.8,59.0,51.0,AttackMove,BlockedByFriend,fortress,road,moved,0,,light_tank#1047 moving,aa_vehicle(moving)@5.8 light_tank(moving)@8.3 ifv(moving)@6.5 main_battle_tank(moving)@7.4 scout_jeep(parked)@4.7 light_tank(moving)@3.6 aa_vehicle(moving)@8.4
junglepass,Endless,2,full,1016,ifv,0,4170,208.5,217.0,8.5,56.8,63.3,29.1,38.9,AttackMove,BlockedByFriend,fortress,,moved,0,,main_battle_tank#1033 moving,dragons_teeth(fixed)@8.5 aa_vehicle(moving)@8.4 main_battle_tank(moving)@4.9 main_battle_tank(moving)@3.8 ifv(moving)@8.2 scout_jeep(moving)@9.0 scout_jeep(moving)@6.8 light_tank(moving)@6.9 aa_vehicle(moving)@5.6 shield_generator@6
junglepass,Endless,2,full,989,siege_tank,0,4650,232.5,241.5,9.0,52.8,102.7,63.0,95.0,Move,BlockedByFriend,fortress+gate,nopark,moved,0,,ifv#1041 moving,c_ram(fixed)@7.6 main_battle_tank(moving)@4.0 ifv(moving)@6.7 scout_jeep(moving)@7.3 shield_generator@10 ammo_dump@8 floodlight_mast@7
junglepass,Endless,2,full,1064,mlrs,0,4790,239.5,248.5,9.0,116.2,45.5,111.0,-5.0,Move,BlockedByFriend,fortress,narrow,moved,0,,aa_vehicle#1021 moving,aa_vehicle(moving)@3.2 ifv(moving)@5.9 ifv(moving)@7.5 scout_jeep(moving)@2.9 base_wall@7 shield_generator@9
junglepass,Endless,2,full,1041,ifv,0,4890,244.5,254.5,10.0,52.4,102.1,53.0,63.0,AttackMove,BlockedByFriend,fortress+gate,nopark,moved,0,,scout_jeep#1045 moving,c_ram(fixed)@7.9 siege_tank(moving)@5.7 ifv(moving)@9.8 main_battle_tank(moving)@4.0 scout_jeep(moving)@3.1 ammo_dump@8 floodlight_mast@7
junglepass,Endless,2,full,1047,light_tank,0,5730,286.5,295.5,9.0,109.1,47.9,53.0,63.0,AttackMove,BlockedByFriend,fortress,narrow,moved,0,,scout_jeep#1046 moving,aa_vehicle(moving)@8.9 scout_jeep(moving)@3.7 aa_vehicle(moving)@8.8 light_tank(moving)@4.9 armored_car(moving)@5.3 main_battle_tank(moving)@7.1 ifv(moving)@7.8 base_wall@9 base_wall@8 shield_generator@7
junglepass,Endless,2,full,1093,armored_car,0,5910,295.5,304.5,9.0,118.8,48.5,107.0,53.0,AttackMove,YieldWait,fortress,narrow,moved,0,,behind light_tank#1090,main_battle_tank(moving)@3.2 main_battle_tank(parked)@9.3 light_tank(moving)@7.8 ifv(moving)@7.6 aa_vehicle(moving)@9.3 light_tank(moving)@3.4 armored_car(moving)@9.5 armored_car(moving)@3.7 scout_jeep(moving)@4.8 ifv(parked)@6.4 shield_generator@8
junglepass,Endless,2,full,1049,main_battle_tank,0,5980,299.0,308.0,9.0,106.0,59.7,112.9,47.9,AttackMove,YieldWait,fortress,narrow,gave up,0,,behind ifv#1040,ifv(moving)@9.2 scout_jeep(moving)@6.0 aa_vehicle(moving)@6.4 main_battle_tank(parked)@3.5 aa_vehicle(moving)@3.6 scout_jeep(moving)@6.8 scout_jeep(moving)@4.6 shield_generator@9 container@9
junglepass,Endless,2,full,1047,light_tank,0,6010,300.5,313.0,12.5,111.3,45.8,53.0,63.0,AttackMove,BlockedByFriend,fortress,narrow,moved,0,,ifv#1099 parked,aa_vehicle(moving)@7.6 ifv(moving)@5.6 scout_jeep(moving)@7.4 light_tank(moving)@3.2 light_tank(parked)@7.9 armored_car(moving)@8.0 scout_jeep(moving)@4.2 ifv(parked)@2.8 scout_jeep(moving)@9.7 scout_jeep(moving)@9.8 base_wall@9 base_wall@6 shield_generator@8
junglepass,Endless,2,full,1120,scout_jeep,0,6490,324.5,337.0,12.5,108.9,48.0,111.1,29.3,Move,OffRoute,fortress,narrow,moved,0,,to (107.0;61.0) past shield_generator,aa_vehicle(parked)@4.5 ifv(parked)@4.5 scout_jeep(moving)@7.5 main_battle_tank(moving)@4.1 aa_vehicle(parked)@9.2 ifv(moving)@3.7 armored_car(moving)@4.0 base_wall@9 base_wall@9 shield_generator@7
junglepass,Endless,2,full,1122,armored_car,0,6580,329.0,340.5,11.5,107.0,44.0,120.8,30.5,Move,BlockedByFriend,fortress,,moved,0,,scout_jeep#1120 moving,aa_vehicle(parked)@7.3 ifv(parked)@9.7 scout_jeep(parked)@9.4 main_battle_tank(moving)@4.6 armored_car(moving)@7.9 ifv(moving)@7.6 scout_jeep(moving)@3.6 base_wall@5 base_wall@6
junglepass,Endless,2,full,1117,mine_layer,1,6750,337.5,348.5,11.0,-3.0,-32.1,15.1,-16.6,Move,YieldWait,field,,moved,0,,behind fpv_carrier#1136,ew_jammer(moving)@6.8 main_battle_tank(moving)@9.9 light_tank(moving)@6.0 rocket_technical(moving)@3.8 zu23_technical(moving)@5.1 boulders@6
junglepass,Endless,2,full,1098,scout_jeep,0,6880,344.0,353.5,9.5,111.2,45.6,107.0,53.0,AttackMove,YieldWait,fortress,narrow,moved,0,,behind armored_car#1091,aa_vehicle(parked)@4.4 scout_jeep(moving)@9.6 main_battle_tank(moving)@5.9 aa_vehicle(parked)@7.7 armored_car(moving)@6.6 armored_car(moving)@8.6 main_battle_tank(moving)@7.6 ifv(parked)@9.1 scout_jeep(moving)@5.0 scout_jeep(moving)@2.4 armored_car(moving)@2.6 base_wall@9 base_wall@6 shield_generator@9
junglepass,Endless,2,full,1121,scout_jeep,0,7060,353.0,363.0,10.0,106.3,44.1,107.8,64.1,AttackMove,BlockedByFriend,fortress,,moved,0,,main_battle_tank#1049 moving,scout_jeep(parked)@6.7 main_battle_tank(moving)@3.9 armored_car(moving)@3.3 main_battle_tank(parked)@9.6 scout_jeep(moving)@5.9 ifv(moving)@9.6 armored_car(moving)@9.3 base_wall@5 base_wall@7
junglepass,Endless,2,full,1049,main_battle_tank,0,7070,353.5,365.0,11.5,104.0,47.3,112.9,47.9,AttackMove,BlockedByFriend,fortress,,moved,0,,scout_jeep#1121 moving,scout_jeep(parked)@4.8 armored_car(moving)@9.9 armored_car(moving)@3.9 main_battle_tank(parked)@7.5 scout_jeep(moving)@2.9 ifv(moving)@6.1 scout_jeep(moving)@3.9 base_wall@7
junglepass,Endless,2,full,989,siege_tank,0,7240,362.0,374.0,12.0,125.0,46.5,74.1,47.3,Move,BlockedByFriend,fortress+gate,narrow+nopark,moved,0,,aa_vehicle#1007 moving,missile_battery(fixed)@8.1 aa_vehicle(moving)@5.8 ifv(moving)@9.9 aa_vehicle(parked)@6.7 light_tank(moving)@6.7 aa_vehicle(parked)@9.3 scout_jeep(moving)@8.5 base_wall@8 floodlight_mast@6
junglepass,Endless,2,full,1085,aa_vehicle,0,7330,366.5,375.5,9.0,120.0,62.5,112.9,47.9,AttackMove,YieldWait,fortress+gate,nopark,moved,0,,behind armored_car#1093,main_battle_tank(moving)@7.9 main_battle_tank(moving)@4.8 ifv(moving)@7.2 ifv(parked)@5.2 armored_car(moving)@9.9 armored_car(moving)@8.0 container@5
junglepass,Endless,2,full,1120,scout_jeep,0,7430,371.5,383.0,11.5,118.4,44.8,111.1,29.3,Move,YieldWait,fortress,,moved,0,,behind aa_vehicle#1089,siege_tank(moving)@4.4 aa_vehicle(parked)@5.5 scout_jeep(moving)@4.7 light_tank(moving)@5.8 main_battle_tank(parked)@6.5 aa_vehicle(moving)@3.1 light_tank(moving)@4.0 armored_car(moving)@9.8 aa_vehicle(moving)@7.1 armored_car(moving)@9.8 base_wall@8
junglepass,Endless,2,full,1085,aa_vehicle,0,7510,375.5,388.5,13.0,120.7,62.2,112.9,47.9,AttackMove,YieldWait,fortress+gate,nopark,moved,0,,behind main_battle_tank#1033,main_battle_tank(parked)@4.1 armored_car(moving)@10.0 main_battle_tank(moving)@9.5 aa_vehicle(parked)@8.0 container@6
junglepass,Endless,2,full,1094,main_battle_tank,0,7760,388.0,397.5,9.5,108.9,61.3,112.9,47.9,AttackMove,YieldWait,fortress,,moved,0,,behind scout_jeep#1121,main_battle_tank(moving)@5.3 main_battle_tank(parked)@3.9 main_battle_tank(moving)@9.2 ifv(moving)@4.7 ifv(moving)@8.7 ifv(parked)@7.7 aa_vehicle(moving)@3.3 armored_car(parked)@9.7 armored_car(moving)@10.0 scout_jeep(moving)@7.4 scout_jeep(moving)@6.6 shield_generator@8 container@6
junglepass,Endless,2,full,1046,scout_jeep,0,7960,398.0,416.0,18.0,122.8,48.0,118.0,56.7,AttackMove,OffRoute,fortress+gate,nopark,moved,0,,to (119.0;55.0) past missile_battery(defence),missile_battery(fixed)@8.0 aa_vehicle(moving)@9.1 light_tank(parked)@6.1 main_battle_tank(moving)@6.4 aa_vehicle(moving)@6.8 mlrs(moving)@2.8 aa_vehicle(moving)@3.8 light_tank(parked)@3.8 light_tank(moving)@9.3 aa_vehicle(parked)@6.8 armored_car(moving)@4.8 floodlight_mast@8
junglepass,Endless,2,full,1017,main_battle_tank,0,8760,438.0,447.0,9.0,108.8,61.0,107.2,68.4,AttackMove,YieldWait,fortress,,moved,0,,behind main_battle_tank#1032,main_battle_tank(moving)@5.4 ifv(moving)@3.7 ifv(moving)@4.0 scout_jeep(moving)@5.2 light_tank(parked)@9.8 ifv(moving)@7.3 armored_car(moving)@7.1 armored_car(moving)@8.9 scout_jeep(moving)@9.6 shield_generator@8 container@6
junglepass,Endless,2,full,1091,armored_car,0,8770,438.5,448.5,10.0,102.5,60.1,107.0,53.0,AttackMove,OffRoute,fortress,,gave up,0,,to (107.0;53.0) past super_gun(defence),main_battle_tank(moving)@5.9 ifv(moving)@5.3 ifv(moving)@8.0 scout_jeep(moving)@3.9 ifv(moving)@8.1 armored_car(moving)@7.4
junglepass,Endless,2,full,1098,scout_jeep,0,8780,439.0,448.5,9.5,118.0,63.4,118.0,56.7,AttackMove,YieldWait,fortress+gate,nopark,moved,0,,behind main_battle_tank#1033,main_battle_tank(parked)@6.4 main_battle_tank(moving)@4.0 ifv(moving)@9.8 aa_vehicle(moving)@6.1 aa_vehicle(parked)@5.9 light_tank(moving)@2.4 light_tank(moving)@5.2 scout_jeep(moving)@2.6 container@4
junglepass,Endless,2,full,1099,ifv,0,10050,502.5,511.0,8.5,121.9,60.3,38.8,122.7,AttackMove,YieldWait,fortress,,moved,0,,behind main_battle_tank#1094,main_battle_tank(parked)@7.7 light_tank(moving)@8.2 main_battle_tank(moving)@5.9 siege_tank(moving)@3.9 scout_jeep(moving)@9.9 scout_jeep(moving)@6.5
junglepass,Endless,2,full,1196,siege_tank,0,10070,503.5,515.5,12.0,117.5,60.3,143.0,55.0,Move,BlockedByFriend,fortress,,moved,0,,ifv#1099 moving,main_battle_tank(moving)@5.6 light_tank(moving)@6.7 main_battle_tank(moving)@5.6 ifv(moving)@5.5 scout_jeep(moving)@8.0 scout_jeep(moving)@5.4 scout_jeep(moving)@2.6 shield_generator@8
junglepass,Endless,2,full,1000,siege_tank,0,10160,508.0,519.0,11.0,106.8,49.8,129.0,17.0,Move,BlockedByFriend,fortress,narrow,moved,0,,main_battle_tank#1017 parked,main_battle_tank(parked)@5.2 ifv(moving)@4.9 aa_vehicle(moving)@6.4 shield_generator@7
junglepass,Endless,2,full,1084,ifv,0,10170,508.5,518.0,9.5,108.5,45.5,82.6,21.6,AttackMove,BlockedByFriend,fortress,narrow,moved,0,,aa_vehicle#1116 moving,siege_tank(moving)@5.4 main_battle_tank(parked)@9.7 aa_vehicle(moving)@4.7 base_wall@7 base_wall@7 shield_generator@10
junglepass,Weekly,1,full,1024,titan_tank,0,2650,132.5,141.0,8.5,-83.2,-90.2,30.5,17.4,AttackMove,StalePath,camp0,,moved,0,,leg 2/2 to (30.5;17.4) crosses guard_tower(defence),guard_tower(fixed)@8.5 heavy_tank(moving)@6.8
junglepass,Weekly,1,full,1042,siege_tank,0,5040,252.0,262.0,10.0,-56.4,-62.8,-26.2,-37.3,Move,YieldWait,field,route,moved,0,,waiting on a yield,aa_vehicle(moving)@8.6 artillery(moving)@6.5 wreck_car@8
junglepass,Weekly,1,full,1027,heavy_tank,1,7050,352.5,361.0,8.5,88.8,103.3,125.0,115.0,AttackMove,BlockedByFriend,fortress,,moved,0,,fpv_carrier#1055 moving,heavy_tank(moving)@7.8 rocket_technical(moving)@9.9 turtle_tank(moving)@5.7 fpv_carrier(moving)@5.0 rocket_technical(moving)@6.9 command_vehicle(moving)@9.7 ew_jammer(moving)@9.1 base_wall@9 base_wall@5
junglepass,Weekly,1,full,1062,ew_jammer,1,9210,460.5,471.5,11.0,108.6,107.7,103.0,114.9,Move,BlockedByFriend,fortress,route,moved,0,,heavy_tank#1027 moving,rocket_technical(moving)@6.5 turtle_tank(moving)@5.0 heavy_tank(moving)@5.3 command_vehicle(moving)@5.0 flame_tank(moving)@8.6 counter_battery_radar(moving)@5.7 mobile_fortress(moving)@9.3
junglepass,Weekly,1,full,1074,armored_car,1,9240,462.0,472.0,10.0,104.0,123.2,112.4,118.5,AttackMove,YieldWait,fortress+gate,nopark,gave up,0,,behind mobile_fortress#1091,gun_pit(fixed)@5.4 twin_tank(moving)@7.4 twin_tank(moving)@8.2 mobile_fortress(moving)@8.6 fpv_carrier(moving)@8.8
junglepass,Weekly,1,full,1026,turtle_tank,1,9250,462.5,477.0,14.5,103.8,108.9,112.7,118.7,AttackMove,BlockedByFriend,fortress,route,gave up,0,,ew_jammer#1062 moving,rocket_technical(moving)@8.5 heavy_tank(moving)@9.6 ew_jammer(moving)@5.1 counter_battery_radar(moving)@4.7 mobile_fortress(moving)@6.9
junglepass,Weekly,1,full,1080,counter_battery_radar,1,9250,462.5,472.0,9.5,103.3,104.3,97.7,112.0,Move,BlockedByFriend,fortress,,moved,0,,turtle_tank#1026 moving,rocket_technical(moving)@7.7 turtle_tank(moving)@4.7 command_vehicle(parked)@9.5 ew_jammer(moving)@6.5
junglepass,Weekly,1,full,1066,twin_tank,1,9750,487.5,496.5,9.0,91.7,121.1,77.0,137.0,AttackMove,BlockedByFriend,fortress,,moved,0,,wheeled_gun#1101 moving,heavy_turret(fixed)@6.4 heavy_tank(moving)@3.8 rocket_technical(parked)@6.3 counter_battery_radar(parked)@6.6 wheeled_gun(moving)@4.7 scout_jeep(moving)@8.7
junglepass,Weekly,1,full,1074,armored_car,1,10500,525.0,535.0,10.0,87.1,145.3,111.1,144.0,Move,YieldWait,fortress,,moved,0,,behind wheeled_gun#1101,mobile_fortress(moving)@8.2 wheeled_gun(moving)@3.1 vbied(moving)@2.4
junglepass,Weekly,1,full,1101,wheeled_gun,1,10710,535.5,544.5,9.0,86.8,144.7,109.6,144.0,Move,BlockedByFriend,fortress,,moved,0,,mobile_fortress#1091 moving,fpv_carrier(moving)@3.4 scout_jeep(moving)@9.8 vbied(moving)@9.4
junglepass,Weekly,2,obstacles,1037,rocket_technical,1,4200,210.0,220.0,10.0,98.0,105.0,91.0,111.0,Move,OffRoute,fortress,,moved,0,,to (91.0;111.0) past repair_bay(defence),repair_bay(fixed)@5.3 ew_jammer(moving)@2.8 thermobaric_launcher(moving)@9.6 counter_battery_radar(moving)@6.8
junglepass,Weekly,2,obstacles,1020,thermobaric_launcher,1,4420,221.0,230.0,9.0,86.6,107.9,79.0,103.0,Move,Unknown,fortress+gate,nopark,moved,0,,speed 2.9 strikes 0,repair_bay(fixed)@9.8 rocket_technical(moving)@6.7 rocket_technical(moving)@8.8 twin_tank(moving)@8.4 base_wall@5
junglepass,Weekly,2,obstacles,1020,thermobaric_launcher,1,4780,239.0,248.0,9.0,76.0,109.2,79.0,103.0,Move,YieldWait,fortress,,moved,0,,behind engineer_vehicle#1039,scout_jeep(moving)@6.4 command_vehicle(moving)@9.3 scout_jeep(moving)@2.8 ew_jammer(moving)@6.7 shahed_truck(moving)@7.0 rocket_technical(parked)@8.5 rocket_technical(parked)@7.4 engineer_vehicle(moving)@5.5 counter_battery_radar(moving)@9.5 twin_tank(moving)@5.0 wheeled_gun(moving)@3.7 base_wall@9
junglepass,Weekly,2,obstacles,1061,twin_tank,1,4930,246.5,258.0,11.5,72.3,105.4,105.6,123.0,AttackMove,BlockedByFriend,fortress,road,moved,0,,scout_jeep#1013 moving,scout_jeep(moving)@6.4 ew_jammer(moving)@8.7 command_vehicle(moving)@5.7 scout_jeep(moving)@3.8 thermobaric_launcher(parked)@4.1 ew_jammer(moving)@4.8 shahed_truck(parked)@9.2 fpv_carrier(parked)@9.4 engineer_vehicle(parked)@8.0 counter_battery_radar(parked)@7.8 wheeled_gun(moving)@5.8
junglepass,Weekly,2,obstacles,1039,engineer_vehicle,1,6410,320.5,329.5,9.0,106.2,111.0,91.0,111.0,Move,BlockedByFriend,fortress,route,moved,0,,ew_jammer#1005 moving,ew_jammer(moving)@4.6 command_vehicle(moving)@4.5 scout_jeep(moving)@9.9 sapper(parked)@5.5 shahed_truck(parked)@6.5 rocket_technical(parked)@8.7 rocket_technical(parked)@9.8 counter_battery_radar(moving)@8.9 counter_battery_radar(moving)@9.6
junglepass,Weekly,2,obstacles,1100,bmpt,1,7400,370.0,379.0,9.0,105.4,114.6,123.6,105.5,AttackMove,BlockedByFriend,fortress,,moved,0,,ew_jammer#1005 parked,radar_station(fixed)@7.8 scout_jeep(moving)@2.9 ew_jammer(parked)@4.8 command_vehicle(parked)@4.9 sapper(moving)@7.8 shahed_truck(parked)@4.5 fpv_carrier(moving)@9.8 rocket_technical(moving)@8.9 engineer_vehicle(parked)@9.3 counter_battery_radar(parked)@8.7 twin_tank(parked)@9.5 vbied(parked)@7.2
junglepass,Weekly,2,obstacles,1026,fpv_carrier,1,8680,434.0,446.5,12.5,90.0,104.5,101.7,101.6,Move,OffRoute,fortress+gate,narrow+nopark,moved,0,,to (101.0;105.0) past repair_bay(defence),repair_bay(fixed)@5.0 command_vehicle(moving)@3.7 scout_jeep(moving)@5.3 ew_jammer(moving)@9.9 rocket_technical(moving)@9.0 rocket_technical(parked)@8.0 counter_battery_radar(moving)@9.7 wheeled_gun(moving)@6.5 engineer_vehicle(moving)@8.2 base_wall@7
junglepass,Weekly,2,obstacles,1126,mobile_fortress,1,8720,436.0,451.5,15.5,111.6,130.0,95.7,109.9,AttackMove,BlockedByDefence,fortress,,moved,0,,gun_pit#954 parked,gun_pit(fixed)@8.7 radar_station(fixed)@10.0 base_wall@9 base_wall@4 base_wall@9
junglepass,Weekly,2,obstacles,1126,mobile_fortress,1,9120,456.0,478.0,22.0,111.3,129.8,95.7,109.9,AttackMove,BlockedByDefence,fortress,,moved,0,,gun_pit#954 parked,gun_pit(fixed)@8.4 radar_station(fixed)@9.8 base_wall@8 base_wall@4 base_wall@10
junglepass,Weekly,2,obstacles,1126,mobile_fortress,1,9560,478.0,493.5,15.5,112.7,129.9,62.9,99.7,AttackMove,NoPath,fortress,,moved,0,,goal (62.9;99.7) in open ground; other region (12935 cells); fortress,gun_pit(fixed)@9.7 base_wall@10 base_wall@4 base_wall@8
junglepass,Weekly,2,obstacles,1126,mobile_fortress,1,10140,507.0,515.5,8.5,113.9,129.8,125.0,115.0,AttackMove,BlockedByDefence,fortress,,gave up,0,,radar_station#958 parked,base_wall@5 base_wall@7
junglepass,Weekly,2,obstacles,1126,mobile_fortress,1,10310,515.5,541.0,25.5,114.0,129.8,58.4,80.8,Idle,NoPath,fortress,,moved,0,,goal (58.4;80.8) in open ground; other region (12963 cells); fortress,base_wall@5 base_wall@7
junglepass,Weekly,2,obstacles,1126,mobile_fortress,1,10820,541.0,552.5,11.5,111.5,130.0,95.7,109.9,AttackMove,BlockedByDefence,fortress,,moved,0,,gun_pit#954 parked,gun_pit(fixed)@8.6 base_wall@9 base_wall@4 base_wall@9
junglepass,Weekly,2,obstacles,1126,mobile_fortress,1,11050,552.5,562.0,9.5,111.7,129.7,95.7,109.9,AttackMove,BlockedByDefence,fortress,,moved,0,,gun_pit#954 parked,gun_pit(fixed)@8.8 radar_station(fixed)@9.8 base_wall@9 base_wall@4 base_wall@9
junglepass,Weekly,2,obstacles,1126,mobile_fortress,1,11240,562.0,598.0,36.0,111.6,129.8,95.7,109.9,AttackMove,BlockedByDefence,fortress,,moved,0,,gun_pit#954 parked,gun_pit(fixed)@8.7 radar_station(fixed)@9.8 base_wall@9 base_wall@4 base_wall@9
junglepass,Weekly,2,obstacles,1024,sapper,1,11380,569.0,580.5,11.5,84.5,110.7,125.0,115.0,AttackMove,YieldWait,fortress+gate,road+narrow+nopark,moved,0,,behind thermobaric_launcher#1020,thermobaric_launcher(moving)@5.9 ew_jammer(moving)@7.7 shahed_truck(moving)@4.3 armored_car(moving)@8.3 base_wall@7
capital,Defend,1,light,864,siege_tank,0,3390,169.5,178.5,9.0,80.2,81.7,99.0,89.2,Move,OffRoute,fortress,route,moved,0,,to (79.0;111.0) past base_wall,siege_tank(moving)@9.3 base_wall@8 base_wall@7
capital,Defend,1,light,914,aa_vehicle,0,4390,219.5,229.5,10.0,113.5,124.1,125.0,115.0,AttackMove,YieldWait,fortress,,moved,0,,behind aa_vehicle#911,main_battle_tank(moving)@9.5 aa_vehicle(moving)@5.6 base_wall@10
capital,Defend,1,light,896,main_battle_tank,0,4510,225.5,235.0,9.5,112.2,115.0,125.0,115.0,AttackMove,YieldWait,fortress,,moved,0,,behind mobile_fortress#910,titan_tank(moving)@5.2 mobile_fortress(moving)@7.9 aa_vehicle(moving)@9.3 aa_vehicle(moving)@7.2 aa_vehicle(moving)@6.8
capital,Defend,1,light,922,heavy_tank,0,6600,330.0,341.0,11.0,145.3,141.5,125.7,139.6,AttackMove,YieldWait,fortress,,moved,0,,behind ifv#917,titan_tank(moving)@5.9 ifv(moving)@8.1 heavy_tank(moving)@8.7
capital,Defend,1,light,856,titan_tank,0,6620,331.0,339.5,8.5,145.6,136.1,118.3,138.0,AttackMove,BlockedByFriend,fortress,,moved,0,,elite_heavy_tank#936 moving,ifv(moving)@9.1 heavy_tank(moving)@5.5 elite_heavy_tank(moving)@7.1 main_battle_tank(moving)@9.8
capital,Defend,2,full,896,aa_vehicle,0,2210,110.5,137.5,27.0,44.2,126.7,58.3,75.3,AttackMove,YieldWait,fortress+gate,nopark,moved,0,,behind siege_tank#918,missile_battery(fixed)@9.9 ifv(moving)@4.4 main_battle_tank(moving)@6.4 main_battle_tank(moving)@3.6 aa_vehicle(moving)@3.9 siege_tank(moving)@5.6 base_wall@8 floodlight_mast@7
capital,Defend,2,full,887,main_battle_tank,0,2250,112.5,127.5,15.0,44.2,130.4,57.6,69.2,AttackMove,YieldWait,fortress+gate,narrow+nopark,moved,0,,behind aa_vehicle#897,ifv(moving)@3.9 main_battle_tank(moving)@3.9 aa_vehicle(moving)@3.9 aa_vehicle(moving)@4.1 siege_tank(moving)@8.9 base_wall@9 container@8
capital,Defend,2,full,918,siege_tank,0,2260,113.0,123.0,10.0,46.1,121.3,26.5,124.6,Move,YieldWait,fortress+gate,nopark,moved,0,,behind aa_vehicle#897,main_battle_tank(moving)@9.4 aa_vehicle(moving)@6.0 aa_vehicle(moving)@7.3 siege_tank(moving)@6.3 base_wall@6 floodlight_mast@3
capital,Defend,2,full,883,ifv,0,2330,116.5,137.0,20.5,39.5,129.9,63.0,57.0,AttackMove,YieldWait,fortress+gate,narrow+nopark,moved,0,,behind main_battle_tank#887,main_battle_tank(moving)@3.8 siege_tank(moving)@8.8 aa_vehicle(moving)@4.8 aa_vehicle(moving)@6.2 siege_tank(moving)@9.8 base_wall@10 base_wall@8 container@9
capital,Defend,2,full,919,siege_tank,0,2340,117.0,126.5,9.5,52.1,118.0,26.5,124.6,Move,YieldWait,fortress+gate,narrow+nopark,moved,0,,behind siege_tank#918,mlrs(moving)@4.5 siege_tank(moving)@8.2 scout_jeep(moving)@9.9 armored_car(moving)@6.8 shield_generator@6 container_stack@8 floodlight_mast@9
capital,Defend,2,full,918,siege_tank,0,2460,123.0,135.5,12.5,47.9,124.8,56.2,136.6,Idle,BlockedByFriend,fortress+gate,narrow+nopark,moved,0,,aa_vehicle#897 moving,missile_battery(fixed)@6.9 ifv(moving)@9.6 main_battle_tank(moving)@9.2 main_battle_tank(moving)@8.2 aa_vehicle(moving)@6.2 aa_vehicle(moving)@5.1 mlrs(moving)@6.8 siege_tank(moving)@4.9 scout_jeep(moving)@7.4 armored_car(moving)@9.0 base_wall@9 floodlight_mast@7
capital,Defend,2,full,897,aa_vehicle,0,2470,123.5,136.5,13.0,46.3,129.3,113.0,59.0,AttackMove,BlockedByFriend,fortress+gate,nopark,moved,0,,main_battle_tank#887 moving,missile_battery(fixed)@7.8 ifv(moving)@7.0 main_battle_tank(moving)@4.7 main_battle_tank(moving)@3.7 aa_vehicle(moving)@4.8 siege_tank(moving)@4.9 siege_tank(moving)@9.0 container@10 floodlight_mast@10
capital,Defend,2,full,895,aa_vehicle,0,2540,127.0,137.0,10.0,35.8,129.3,51.4,67.8,AttackMove,YieldWait,fortress+gate,nopark,moved,0,,behind ifv#883,ifv(moving)@4.6 main_battle_tank(moving)@8.1 main_battle_tank(moving)@4.1 aa_vehicle(moving)@6.5 base_wall@10
capital,Defend,2,full,887,main_battle_tank,0,2550,127.5,136.5,9.0,43.3,132.0,57.6,69.2,AttackMove,BlockedByFriend,fortress+gate,narrow+nopark,moved,0,,aa_vehicle#897 moving,ifv(moving)@4.1 main_battle_tank(moving)@7.9 aa_vehicle(moving)@8.3 aa_vehicle(moving)@6.5 aa_vehicle(moving)@3.4 siege_tank(moving)@8.0 siege_tank(moving)@8.3 base_wall@7 container@7
capital,Defend,2,full,918,siege_tank,0,2710,135.5,145.5,10.0,44.0,125.7,68.1,108.4,Move,OffRoute,fortress+gate,narrow+nopark,moved,0,,to (47.0;121.0) past floodlight_mast,ifv(moving)@6.3 main_battle_tank(moving)@7.8 aa_vehicle(moving)@8.6 aa_vehicle(moving)@6.5 aa_vehicle(moving)@4.4 mlrs(moving)@5.1 siege_tank(moving)@6.6 scout_jeep(moving)@7.2 scout_jeep(moving)@9.5 armored_car(moving)@8.8 base_wall@7 floodlight_mast@6
capital,Defend,2,full,895,aa_vehicle,0,2740,137.0,166.5,29.5,36.0,128.2,51.4,67.8,AttackMove,YieldWait,fortress+gate,nopark,moved,0,,behind aa_vehicle#896,ifv(moving)@7.7 main_battle_tank(moving)@4.8 aa_vehicle(moving)@4.6 aa_vehicle(moving)@4.1 siege_tank(parked)@9.9 ifv(moving)@4.2 siege_tank(moving)@8.3 base_wall@9
capital,Defend,2,full,887,main_battle_tank,0,2750,137.5,147.0,9.5,45.7,133.4,57.6,69.2,AttackMove,YieldWait,fortress+gate,narrow+nopark,moved,0,,behind siege_tank#919,missile_battery(fixed)@9.9 ifv(moving)@3.6 main_battle_tank(moving)@4.8 aa_vehicle(moving)@6.6 aa_vehicle(moving)@9.9 mlrs(moving)@8.6 siege_tank(moving)@7.4 siege_tank(moving)@3.6 base_wall@7 container@6
capital,Defend,2,full,896,aa_vehicle,0,2750,137.5,149.5,12.0,39.5,131.1,58.3,75.3,AttackMove,YieldWait,fortress+gate,narrow+nopark,moved,0,,behind ifv#883,ifv(moving)@3.0 main_battle_tank(moving)@6.6 main_battle_tank(moving)@9.1 aa_vehicle(moving)@4.6 aa_vehicle(moving)@5.1 ifv(moving)@4.9 siege_tank(moving)@5.8 siege_tank(moving)@8.4 base_wall@7 container@8
capital,Defend,2,full,923,scout_jeep,0,2770,138.5,175.5,37.0,49.2,121.8,33.0,57.0,Move,YieldWait,fortress+gate,nopark,moved,0,,behind armored_car#925,missile_battery(fixed)@7.8 mlrs(moving)@4.9 light_tank(moving)@6.4 siege_tank(moving)@8.4 scout_jeep(moving)@3.3 armored_car(moving)@3.5 armored_car(moving)@4.2 scout_jeep(moving)@5.8 base_wall@9 floodlight_mast@6
capital,Defend,2,full,927,scout_jeep,0,2770,138.5,150.5,12.0,55.0,122.0,32.4,62.2,Move,YieldWait,fortress+gate,narrow+nopark,moved,0,,behind armored_car#925,missile_battery(fixed)@6.1 mlrs(moving)@8.3 light_tank(moving)@3.9 scout_jeep(moving)@5.8 scout_jeep(moving)@7.1 armored_car(moving)@4.0 armored_car(moving)@9.4 container_stack@9
capital,Defend,2,full,925,armored_car,0,2780,139.0,150.0,11.0,51.5,119.5,32.8,67.9,Move,BlockedByFriend,fortress+gate,narrow+nopark,moved,0,,scout_jeep#923 moving,missile_battery(fixed)@8.9 mlrs(moving)@8.1 light_tank(moving)@3.0 scout_jeep(moving)@3.2 scout_jeep(moving)@3.3 armored_car(moving)@5.5 scout_jeep(moving)@4.0 shield_generator@8 container_stack@9 floodlight_mast@9
capital,Defend,2,full,919,siege_tank,0,2800,140.0,168.5,28.5,46.5,131.3,26.5,124.6,Move,YieldWait,fortress+gate,nopark,moved,0,,behind siege_tank#918,missile_battery(fixed)@8.2 ifv(moving)@4.8 main_battle_tank(moving)@6.0 main_battle_tank(moving)@3.7 aa_vehicle(moving)@9.8 aa_vehicle(moving)@7.3 mlrs(moving)@4.8 siege_tank(moving)@6.3 base_wall@9 container@8
capital,Defend,2,full,913,light_tank,0,2810,140.5,152.0,11.5,53.8,118.0,31.9,109.3,Move,YieldWait,fortress+gate,narrow+nopark,moved,0,,behind scout_jeep#927,missile_battery(fixed)@10.0 scout_jeep(moving)@5.3 scout_jeep(moving)@6.5 armored_car(moving)@3.1 armored_car(moving)@7.7 scout_jeep(moving)@4.0 shield_generator@6 container_stack@7
capital,Defend,2,full,924,scout_jeep,0,2810,140.5,149.5,9.0,47.4,118.4,32.3,56.5,Move,YieldWait,fortress+gate,nopark,moved,0,,behind armored_car#926,mlrs(moving)@8.3 light_tank(moving)@6.5 siege_tank(moving)@8.8 scout_jeep(moving)@3.9 armored_car(moving)@4.1 armored_car(moving)@3.0 scout_jeep(moving)@8.2 base_wall@10 base_wall@8 shield_generator@8 floodlight_mast@5
capital,Defend,2,full,883,ifv,0,2820,141.0,165.0,24.0,41.7,132.0,63.0,57.0,AttackMove,YieldWait,fortress+gate,narrow+nopark,moved,0,,behind siege_tank#919,main_battle_tank(moving)@8.0 main_battle_tank(moving)@3.0 main_battle_tank(moving)@9.8 aa_vehicle(moving)@5.5 aa_vehicle(moving)@2.8 aa_vehicle(moving)@8.3 mlrs(moving)@8.2 siege_tank(moving)@5.9 siege_tank(moving)@4.7 base_wall@6 container@7
capital,Defend,2,full,885,main_battle_tank,0,2880,144.0,157.5,13.5,47.1,137.3,113.3,70.3,AttackMove,YieldWait,fortress+gate,nopark,moved,0,,behind main_battle_tank#887,ifv(moving)@7.3 main_battle_tank(moving)@4.5 aa_vehicle(moving)@9.8 siege_tank(moving)@5.9 base_wall@7 container@5
capital,Defend,2,full,900,mlrs,0,2910,145.5,155.0,9.5,47.7,126.1,35.0,121.0,Move,BlockedByFriend,fortress+gate,nopark,moved,0,,siege_tank#919 moving,missile_battery(fixed)@6.6 ifv(moving)@8.1 main_battle_tank(moving)@8.7 light_tank(moving)@8.1 siege_tank(moving)@7.3 siege_tank(moving)@5.2 scout_jeep(moving)@4.9 scout_jeep(moving)@8.1 armored_car(moving)@7.9 armored_car(moving)@3.3 scout_jeep(moving)@6.4 base_wall@10 floodlight_mast@8
capital,Defend,2,full,887,main_battle_tank,0,2940,147.0,166.0,19.0,44.9,134.0,57.6,69.2,AttackMove,YieldWait,fortress+gate,narrow+nopark,moved,0,,behind siege_tank#919,ifv(moving)@2.9 main_battle_tank(moving)@3.7 aa_vehicle(moving)@9.4 aa_vehicle(moving)@6.0 mlrs(moving)@7.9 siege_tank(moving)@8.9 siege_tank(moving)@4.1 base_wall@6 container@5
capital,Defend,2,full,926,armored_car,0,2970,148.5,166.5,18.0,46.0,121.7,27.4,59.5,Move,OffRoute,fortress+gate,nopark,moved,0,,to (39.0;131.0) past floodlight_mast,mlrs(moving)@4.4 light_tank(moving)@6.2 siege_tank(moving)@8.1 siege_tank(moving)@8.4 scout_jeep(moving)@3.2 scout_jeep(moving)@3.8 armored_car(moving)@3.7 scout_jeep(moving)@6.6 base_wall@6 floodlight_mast@3
capital,Defend,2,full,896,aa_vehicle,0,2990,149.5,165.5,16.0,40.0,132.0,58.3,75.3,AttackMove,YieldWait,fortress+gate,narrow+nopark,moved,0,,behind aa_vehicle#895,ifv(moving)@3.3 main_battle_tank(moving)@5.8 main_battle_tank(moving)@4.9 aa_vehicle(moving)@4.2 aa_vehicle(moving)@4.9 mlrs(moving)@7.7 ifv(moving)@9.4 siege_tank(moving)@5.3 siege_tank(moving)@8.0 base_wall@6 container@7
capital,Defend,2,full,927,scout_jeep,0,3010,150.5,161.5,11.0,53.2,121.3,32.4,62.2,Move,YieldWait,fortress+gate,narrow+nopark,moved,0,,behind scout_jeep#923,missile_battery(fixed)@6.7 light_tank(moving)@3.7 scout_jeep(moving)@3.1 scout_jeep(moving)@6.2 armored_car(moving)@7.9 armored_car(moving)@7.2 shield_generator@9 container_stack@9
capital,Defend,2,full,925,armored_car,0,3030,151.5,167.0,15.5,46.0,118.0,32.8,67.9,Move,YieldWait,fortress+gate,nopark,moved,0,,behind armored_car#926,mlrs(moving)@9.2 light_tank(moving)@3.9 scout_jeep(moving)@6.0 scout_jeep(moving)@6.2 armored_car(moving)@4.7 scout_jeep(moving)@6.7 base_wall@8 base_wall@6 shield_generator@8 floodlight_mast@4
capital,Defend,2,full,918,siege_tank,0,3070,153.5,164.0,10.5,40.2,126.0,61.0,131.0,Move,BlockedByFriend,fortress+gate,narrow+nopark,moved,0,,mlrs#900 moving,ifv(moving)@6.8 main_battle_tank(moving)@9.9 siege_tank(moving)@8.7 aa_vehicle(moving)@4.7 aa_vehicle(moving)@5.7 aa_vehicle(moving)@7.3 siege_tank(moving)@9.3 mlrs(moving)@3.9 siege_tank(moving)@8.8 scout_jeep(moving)@7.7 armored_car(moving)@6.7 base_wall@6 floodlight_mast@7
capital,Defend,2,full,900,mlrs,0,3100,155.0,166.5,11.5,45.1,127.4,35.0,121.0,Move,YieldWait,fortress+gate,nopark,moved,0,,behind siege_tank#918,missile_battery(fixed)@8.9 ifv(moving)@5.1 main_battle_tank(moving)@6.4 aa_vehicle(moving)@9.2 aa_vehicle(moving)@8.4 light_tank(moving)@7.1 siege_tank(moving)@5.0 siege_tank(moving)@4.4 scout_jeep(moving)@8.8 scout_jeep(moving)@2.2 armored_car(moving)@9.2 armored_car(moving)@5.3 base_wall@9 floodlight_mast@8
capital,Defend,2,full,911,ifv,0,3250,162.5,175.0,12.5,32.6,135.2,107.0,69.6,AttackMove,YieldWait,fortress+gate,nopark,moved,0,,behind aa_vehicle#896,main_battle_tank(moving)@4.9 aa_vehicle(moving)@4.4 aa_vehicle(moving)@8.3 mlrs(moving)@9.1 siege_tank(moving)@6.9 base_wall@8
capital,Defend,2,full,883,ifv,0,3300,165.0,174.0,9.0,43.1,132.0,63.0,57.0,AttackMove,YieldWait,fortress+gate,narrow+nopark,moved,0,,behind scout_jeep#924,main_battle_tank(moving)@6.6 aa_vehicle(moving)@8.7 aa_vehicle(moving)@8.8 mlrs(moving)@5.8 siege_tank(moving)@4.5 siege_tank(moving)@5.6 scout_jeep(moving)@4.3 armored_car(moving)@7.1 armored_car(moving)@4.7 scout_jeep(moving)@8.9 base_wall@7 container@7
capital,Defend,2,full,918,siege_tank,0,3370,168.5,177.0,8.5,37.3,131.8,61.0,131.0,Move,BlockedByFriend,fortress+gate,narrow+nopark,moved,0,,scout_jeep#924 moving,ifv(moving)@4.4 aa_vehicle(moving)@7.0 aa_vehicle(moving)@7.2 aa_vehicle(moving)@6.4 mlrs(moving)@6.3 ifv(moving)@3.5 scout_jeep(moving)@3.2 armored_car(moving)@8.4 scout_jeep(moving)@7.8 base_wall@7 container@8
capital,Defend,2,full,895,aa_vehicle,0,3440,172.0,181.5,9.5,35.9,124.6,51.4,67.8,AttackMove,OffRoute,fortress+gate,nopark,moved,0,,to (45.0;127.0) past base_wall,ifv(moving)@9.2 aa_vehicle(moving)@3.9 siege_tank(moving)@4.2 mlrs(moving)@7.2 ifv(moving)@7.5 siege_tank(moving)@4.3 scout_jeep(moving)@6.0 armored_car(moving)@9.1 scout_jeep(moving)@6.1 base_wall@6 floodlight_mast@8
capital,Defend,2,full,925,armored_car,0,3440,172.0,181.5,9.5,44.9,125.8,32.8,67.9,Move,BlockedByFriend,fortress+gate,narrow+nopark,moved,0,,light_tank#913 moving,missile_battery(fixed)@9.4 ifv(moving)@7.0 aa_vehicle(moving)@9.1 light_tank(moving)@4.0 siege_tank(moving)@5.5 scout_jeep(moving)@2.2 scout_jeep(moving)@9.3 armored_car(moving)@5.1 scout_jeep(moving)@6.7 base_wall@8 floodlight_mast@6
capital,Defend,2,full,883,ifv,0,3480,174.0,184.0,10.0,42.6,131.6,63.0,57.0,AttackMove,YieldWait,fortress+gate,narrow+nopark,moved,0,,behind armored_car#926,main_battle_tank(moving)@5.6 aa_vehicle(moving)@9.3 ifv(moving)@9.7 light_tank(moving)@4.6 siege_tank(moving)@6.5 scout_jeep(moving)@5.7 scout_jeep(moving)@6.7 armored_car(moving)@8.2 armored_car(moving)@3.2 scout_jeep(moving)@4.4 base_wall@7 container@7
capital,Defend,2,full,913,light_tank,0,3600,180.0,189.5,9.5,46.0,127.3,31.9,109.3,Move,BlockedByFriend,fortress+gate,nopark,moved,0,,armored_car#925 moving,missile_battery(fixed)@8.0 ifv(moving)@3.4 main_battle_tank(moving)@5.0 siege_tank(moving)@7.2 scout_jeep(moving)@4.2 armored_car(moving)@3.1 mlrs(moving)@6.4 base_wall@9 floodlight_mast@8
capital,Defend,2,full,887,main_battle_tank,0,3800,190.0,199.5,9.5,47.8,127.8,107.0,69.6,AttackMove,YieldWait,fortress+gate,nopark,moved,0,,behind mlrs#947,missile_battery(fixed)@6.2 ifv(moving)@4.4 light_tank(moving)@8.6 siege_tank(moving)@8.8 siege_tank(moving)@7.7 mlrs(moving)@4.1 floodlight_mast@9
capital,Defend,2,full,895,aa_vehicle,0,3850,192.5,201.5,9.0,28.0,126.7,21.1,126.9,AttackMove,YieldWait,fortress,,gave up,0,,behind siege_tank#892,siege_tank(moving)@5.7 aa_vehicle(moving)@5.8 aa_vehicle(moving)@3.3 siege_tank(moving)@7.6 ifv(moving)@6.2 light_tank(moving)@8.4 scout_jeep(moving)@6.6 armored_car(moving)@4.2
capital,Defend,2,full,898,siege_tank,0,4030,201.5,217.5,16.0,35.5,121.7,61.0,131.0,Move,BlockedByFriend,fortress,,moved,0,,scout_jeep#927 moving,mlrs(parked)@7.7 ifv(moving)@6.6 light_tank(moving)@6.6 scout_jeep(moving)@7.6 scout_jeep(moving)@6.5 base_wall@5 floodlight_mast@8
capital,Defend,2,full,950,aa_vehicle,0,4400,220.0,232.5,12.5,68.5,113.8,61.0,131.0,AttackMove,YieldWait,fortress+gate,road+nopark,moved,0,,behind main_battle_tank#921,main_battle_tank(moving)@3.4 siege_tank(moving)@7.9 light_tank(moving)@2.9 main_battle_tank(moving)@5.2 aa_vehicle(moving)@3.5 main_battle_tank(moving)@4.7 armored_car(moving)@7.1 container_stack@10
capital,Defend,2,full,961,main_battle_tank,0,4420,221.0,238.5,17.5,64.0,115.6,61.0,131.0,AttackMove,OffRoute,fortress+gate,nopark,moved,0,,to (55.0;121.0) past container_stack,main_battle_tank(moving)@7.7 siege_tank(moving)@8.1 light_tank(moving)@4.5 light_tank(moving)@6.0 ifv(moving)@9.6 main_battle_tank(moving)@3.6 scout_jeep(moving)@5.6 aa_vehicle(moving)@8.6 aa_vehicle(moving)@4.5 aa_vehicle(moving)@4.3 armored_car(moving)@9.5 container_stack@5
capital,Defend,2,full,905,light_tank,0,4460,223.0,233.0,10.0,61.3,122.1,61.0,131.0,Move,BlockedByFriend,fortress+gate,nopark,moved,0,,scout_jeep#924 moving,missile_battery(fixed)@9.4 siege_tank(moving)@6.8 light_tank(moving)@7.5 ifv(moving)@4.3 main_battle_tank(moving)@3.3 scout_jeep(moving)@3.5 aa_vehicle(moving)@9.1 main_battle_tank(moving)@7.2 container_stack@8 container@6
capital,Defend,2,full,892,siege_tank,0,4650,232.5,250.5,18.0,67.8,123.9,68.1,108.4,Move,YieldWait,fortress+gate,nopark,moved,0,,behind light_tank#902,main_battle_tank(moving)@6.8 siege_tank(moving)@9.5 light_tank(moving)@6.7 ifv(moving)@6.3 main_battle_tank(moving)@7.8 scout_jeep(moving)@4.1 armored_car(moving)@9.6 main_battle_tank(moving)@8.8 armored_car(moving)@8.9 fuel_depot@9 container@4 container@4
capital,Defend,2,full,921,main_battle_tank,0,4690,234.5,256.5,22.0,60.0,124.0,27.7,114.3,AttackMove,OffRoute,fortress+gate,nopark,moved,0,,to (47.0;121.0) past container,missile_battery(fixed)@7.2 main_battle_tank(moving)@4.2 siege_tank(moving)@7.5 aa_vehicle(moving)@7.5 siege_tank(moving)@7.5 light_tank(moving)@9.3 ifv(moving)@5.3 scout_jeep(moving)@8.5 armored_car(moving)@7.7 main_battle_tank(moving)@5.9 armored_car(moving)@4.2 container@6
capital,Defend,2,full,885,main_battle_tank,0,4750,237.5,253.5,16.0,72.4,118.0,61.0,131.0,AttackMove,OffRoute,fortress+gate,nopark,moved,0,,to (55.0;121.0) past container,main_battle_tank(moving)@9.8 main_battle_tank(moving)@3.5 siege_tank(moving)@7.6 light_tank(moving)@9.2 ifv(moving)@8.6 scout_jeep(moving)@6.2 aa_vehicle(moving)@3.9 aa_vehicle(moving)@7.3 ifv(moving)@9.6 container@6
capital,Defend,2,full,888,main_battle_tank,0,4750,237.5,271.5,34.0,56.7,122.0,46.3,71.8,AttackMove,YieldWait,fortress+gate,narrow+nopark,moved,0,,behind ifv#911,missile_battery(fixed)@6.6 aa_vehicle(moving)@4.2 light_tank(moving)@6.3 ifv(moving)@8.1 main_battle_tank(moving)@3.9 armored_car(moving)@10.0 armored_car(moving)@7.3 main_battle_tank(moving)@4.8 armored_car(moving)@4.3 container_stack@8
capital,Defend,2,full,949,aa_vehicle,0,4770,238.5,269.5,31.0,46.6,118.2,61.0,131.0,AttackMove,BlockedByFriend,fortress+gate,nopark,moved,0,,armored_car#926 moving,aa_vehicle(moving)@8.2 aa_vehicle(moving)@3.3 aa_vehicle(moving)@6.8 light_tank(moving)@5.8 armored_car(moving)@3.3 scout_jeep(moving)@9.5 base_wall@9 base_wall@7 shield_generator@8 floodlight_mast@4
capital,Defend,2,full,895,aa_vehicle,0,4810,240.5,254.0,13.5,55.0,118.2,51.4,67.8,AttackMove,YieldWait,fortress+gate,narrow+nopark,moved,0,,behind main_battle_tank#961,missile_battery(fixed)@9.9 main_battle_tank(moving)@4.2 aa_vehicle(moving)@4.9 aa_vehicle(moving)@8.9 light_tank(moving)@5.3 ifv(moving)@9.0 main_battle_tank(moving)@7.7 armored_car(moving)@3.1 light_tank(moving)@9.1 aa_vehicle(moving)@9.0 main_battle_tank(moving)@4.2 armored_car(moving)@6.5 shield_generator@7 container_stack@6
capital,Defend,2,full,961,main_battle_tank,0,4820,241.0,258.5,17.5,59.3,118.4,34.2,116.4,AttackMove,BlockedByFriend,fortress+gate,narrow+nopark,moved,0,,armored_car#963 moving,main_battle_tank(moving)@4.3 siege_tank(moving)@9.6 aa_vehicle(moving)@4.1 aa_vehicle(moving)@8.8 light_tank(moving)@7.8 light_tank(moving)@9.8 ifv(moving)@4.8 main_battle_tank(moving)@5.7 scout_jeep(moving)@7.1 armored_car(moving)@6.3 light_tank(moving)@8.5 aa_vehicle(moving)@9.4 armored_car(moving)@3.2 shield_generator@10 container_stack@4
capital,Defend,2,full,963,armored_car,0,4860,243.0,257.0,14.0,61.5,121.6,65.0,131.0,Move,YieldWait,fortress+gate,narrow+nopark,moved,0,,behind main_battle_tank#921,missile_battery(fixed)@9.8 main_battle_tank(moving)@4.8 siege_tank(moving)@4.5 aa_vehicle(moving)@6.7 ifv(moving)@6.5 main_battle_tank(moving)@2.8 armored_car(moving)@8.1 ifv(parked)@9.7 aa_vehicle(moving)@7.7 aa_vehicle(moving)@10.0 main_battle_tank(moving)@3.7 container_stack@8 container@7
capital,Defend,2,full,887,main_battle_tank,0,4870,243.5,253.0,9.5,71.8,113.4,61.0,131.0,AttackMove,BlockedByFriend,fortress+gate,road+nopark,gave up,0,,aa_vehicle#951 moving,main_battle_tank(moving)@4.8 main_battle_tank(moving)@5.2 ifv(moving)@7.4 aa_vehicle(moving)@5.6 aa_vehicle(moving)@3.6 ifv(moving)@4.9
capital,Defend,2,full,905,light_tank,0,4920,246.0,269.5,23.5,50.4,120.5,61.0,131.0,Move,YieldWait,fortress+gate,narrow+nopark,moved,0,,behind aa_vehicle#897,missile_battery(fixed)@8.3 main_battle_tank(moving)@7.5 aa_vehicle(moving)@6.4 aa_vehicle(moving)@2.9 aa_vehicle(moving)@4.5 armored_car(moving)@3.5 scout_jeep(moving)@6.3 aa_vehicle(moving)@4.1 shield_generator@9 floodlight_mast@7
capital,Defend,2,full,950,aa_vehicle,0,4930,246.5,259.0,12.5,69.3,118.0,61.0,131.0,AttackMove,OffRoute,fortress+gate,nopark,moved,0,,to (67.0;119.0) past container,main_battle_tank(moving)@4.7 main_battle_tank(moving)@5.2 siege_tank(moving)@3.9 ifv(moving)@5.0 main_battle_tank(moving)@9.8 light_tank(moving)@6.8 aa_vehicle(moving)@3.3 main_battle_tank(moving)@8.9 armored_car(moving)@7.9 ifv(moving)@8.1 container@6 container@10
capital,Defend,2,full,926,armored_car,0,4960,248.0,257.0,9.0,54.8,119.8,59.0,85.0,Move,BlockedByFriend,fortress+gate,narrow+nopark,moved,0,,aa_vehicle#895 moving,missile_battery(fixed)@8.3 main_battle_tank(moving)@2.7 aa_vehicle(moving)@3.8 aa_vehicle(moving)@3.2 aa_vehicle(moving)@8.9 light_tank(moving)@4.2 main_battle_tank(moving)@9.2 scout_jeep(moving)@9.2 aa_vehicle(moving)@6.9 main_battle_tank(moving)@6.7 armored_car(moving)@6.0 shield_generator@8 container_stack@7
capital,Defend,2,full,951,aa_vehicle,0,4960,248.0,260.0,12.0,68.7,115.2,61.0,131.0,AttackMove,BlockedByFriend,fortress+gate,road+nopark,moved,0,,ifv#911 moving,main_battle_tank(moving)@4.8 main_battle_tank(moving)@8.0 main_battle_tank(parked)@7.5 siege_tank(moving)@5.2 light_tank(moving)@9.0 ifv(moving)@3.2 light_tank(moving)@3.2 aa_vehicle(moving)@2.8 main_battle_tank(moving)@8.0 armored_car(moving)@9.9 ifv(moving)@4.6 container_stack@10 container@9
capital,Defend,2,full,897,aa_vehicle,0,4970,248.5,271.5,23.0,46.0,121.1,113.0,59.0,AttackMove,BlockedByFriend,fortress+gate,nopark,moved,0,,aa_vehicle#949 moving,main_battle_tank(moving)@9.7 aa_vehicle(moving)@6.8 light_tank(moving)@4.9 scout_jeep(moving)@9.4 armored_car(moving)@5.3 armored_car(moving)@9.1 scout_jeep(moving)@4.3 aa_vehicle(moving)@3.7 base_wall@6 floodlight_mast@3
capital,Defend,2,full,927,scout_jeep,0,4980,249.0,257.5,8.5,47.9,124.4,59.0,85.0,Move,BlockedByFriend,fortress+gate,narrow+nopark,moved,0,,aa_vehicle#897 moving,missile_battery(fixed)@7.1 main_battle_tank(moving)@7.9 aa_vehicle(moving)@7.3 aa_vehicle(moving)@3.6 light_tank(moving)@4.4 scout_jeep(moving)@5.4 armored_car(moving)@3.5 aa_vehicle(moving)@6.3 base_wall@9 floodlight_mast@7
capital,Defend,2,full,896,aa_vehicle,0,5010,250.5,274.5,24.0,52.3,118.3,58.3,75.3,AttackMove,YieldWait,fortress+gate,narrow+nopark,moved,0,,behind armored_car#926,missile_battery(fixed)@9.8 main_battle_tank(moving)@4.0 aa_vehicle(moving)@6.7 aa_vehicle(moving)@6.7 light_tank(moving)@2.9 armored_car(moving)@9.7 armored_car(moving)@3.9 scout_jeep(moving)@6.1 aa_vehicle(moving)@4.0 armored_car(moving)@7.3 shield_generator@6 container_stack@8 floodlight_mast@9
capital,Defend,2,full,925,armored_car,0,5120,256.0,274.5,18.5,44.0,124.9,75.0,113.0,Move,OffRoute,fortress+gate,narrow+nopark,moved,0,,to (47.0;121.0) past floodlight_mast,aa_vehicle(moving)@4.4 light_tank(moving)@7.8 siege_tank(moving)@8.9 scout_jeep(moving)@2.1 scout_jeep(moving)@4.1 aa_vehicle(moving)@6.4 base_wall@6 floodlight_mast@5
capital,Defend,2,full,963,armored_car,0,5140,257.0,273.5,16.5,57.3,122.0,65.0,131.0,Move,YieldWait,fortress+gate,narrow+nopark,moved,0,,behind main_battle_tank#888,missile_battery(fixed)@6.9 main_battle_tank(moving)@3.4 aa_vehicle(moving)@6.0 aa_vehicle(moving)@6.9 aa_vehicle(moving)@9.8 light_tank(moving)@7.8 main_battle_tank(moving)@8.3 armored_car(moving)@4.0 ifv(parked)@9.7 aa_vehicle(moving)@8.4 main_battle_tank(moving)@3.6 container_stack@8 container@10
capital,Defend,2,full,961,main_battle_tank,0,5170,258.5,273.0,14.5,61.0,123.4,33.8,110.1,AttackMove,OffRoute,fortress+gate,nopark,moved,0,,to (47.0;121.0) past container,missile_battery(fixed)@8.4 main_battle_tank(moving)@7.2 aa_vehicle(moving)@3.8 main_battle_tank(moving)@5.0 armored_car(moving)@5.6 ifv(parked)@7.9 aa_vehicle(moving)@7.6 aa_vehicle(moving)@6.9 armored_car(moving)@4.0 ifv(moving)@9.6 container_stack@10 container@6
capital,Defend,2,full,921,main_battle_tank,0,5180,259.0,273.5,14.5,65.8,124.0,33.8,110.1,AttackMove,OffRoute,fortress+gate,nopark,moved,0,,to (47.0;121.0) past container,aa_vehicle(moving)@3.6 armored_car(moving)@8.6 light_tank(moving)@9.0 ifv(parked)@9.1 aa_vehicle(moving)@4.6 aa_vehicle(moving)@7.4 main_battle_tank(moving)@4.6 armored_car(moving)@8.7 ifv(moving)@7.6 container@6 container@3
capital,Defend,2,full,926,armored_car,0,5230,261.5,273.5,12.0,59.9,118.4,59.0,85.0,Move,YieldWait,fortress+gate,narrow+nopark,moved,0,,behind aa_vehicle#951,main_battle_tank(moving)@5.4 aa_vehicle(moving)@4.6 aa_vehicle(moving)@8.2 main_battle_tank(moving)@8.0 aa_vehicle(moving)@8.2 aa_vehicle(moving)@4.4 main_battle_tank(moving)@5.6 armored_car(moving)@3.8 ifv(moving)@8.1 container_stack@4
capital,Defend,2,full,951,aa_vehicle,0,5230,261.5,290.5,29.0,64.0,117.0,61.0,131.0,AttackMove,OffRoute,fortress+gate,narrow+nopark,moved,0,,to (63.0;119.0) past container_stack,main_battle_tank(moving)@9.9 main_battle_tank(moving)@9.8 siege_tank(moving)@7.8 aa_vehicle(moving)@3.8 light_tank(moving)@8.1 main_battle_tank(moving)@7.1 armored_car(moving)@4.4 light_tank(moving)@6.8 aa_vehicle(moving)@5.2 main_battle_tank(moving)@7.2 armored_car(moving)@7.9 ifv(moving)@3.7 container_stack@6 container@10
capital,Defend,2,full,965,ifv,0,5240,262.0,271.0,9.0,67.7,116.4,61.0,131.0,AttackMove,YieldWait,fortress+gate,narrow+nopark,moved,0,,behind aa_vehicle#951,main_battle_tank(moving)@8.5 main_battle_tank(moving)@7.1 siege_tank(moving)@6.3 aa_vehicle(moving)@5.0 light_tank(moving)@4.2 main_battle_tank(moving)@7.9 scout_jeep(moving)@9.5 armored_car(moving)@7.9 light_tank(moving)@3.2 aa_vehicle(moving)@4.8 aa_vehicle(moving)@3.7 main_battle_tank(moving)@9.8 container_stack@9 container@8
capital,Defend,2,full,923,scout_jeep,0,5260,263.0,293.0,30.0,44.0,128.5,75.0,113.0,Move,OffRoute,fortress+gate,narrow+nopark,moved,0,,to (47.0;121.0) past floodlight_mast,aa_vehicle(moving)@5.7 siege_tank(moving)@5.3 armored_car(moving)@2.9 scout_jeep(moving)@2.5 aa_vehicle(moving)@7.8 base_wall@9 floodlight_mast@9
capital,Defend,2,full,940,light_tank,0,5280,264.0,272.5,8.5,69.4,117.1,61.0,131.0,AttackMove,YieldWait,fortress+gate,nopark,moved,0,,behind ifv#965,main_battle_tank(moving)@9.2 main_battle_tank(moving)@4.7 aa_vehicle(moving)@3.6 light_tank(moving)@2.9 main_battle_tank(moving)@8.0 scout_jeep(moving)@6.6 armored_car(moving)@9.4 aa_vehicle(moving)@5.3 aa_vehicle(moving)@5.4 main_battle_tank(moving)@8.7 ifv(moving)@3.5 container@7
capital,Defend,2,full,950,aa_vehicle,0,5290,264.5,274.0,9.5,68.0,122.2,35.5,104.0,AttackMove,YieldWait,fortress+gate,nopark,moved,0,,behind aa_vehicle#895,aa_vehicle(moving)@3.3 light_tank(moving)@8.3 main_battle_tank(moving)@3.3 armored_car(moving)@9.4 light_tank(moving)@5.5 aa_vehicle(moving)@6.7 main_battle_tank(moving)@5.9 armored_car(moving)@9.7 ifv(moving)@8.0 container@4 container@5
capital,Defend,2,full,918,siege_tank,0,5340,267.0,275.5,8.5,35.8,129.3,47.4,144.0,Move,YieldWait,fortress+gate,nopark,moved,0,,behind scout_jeep#923,aa_vehicle(moving)@6.8 scout_jeep(moving)@6.9 scout_jeep(moving)@9.5 base_wall@10
capital,Defend,2,full,905,light_tank,0,5390,269.5,279.0,9.5,47.7,119.9,35.5,104.0,AttackMove,YieldWait,fortress+gate,nopark,moved,0,,behind aa_vehicle#896,main_battle_tank(moving)@9.8 aa_vehicle(moving)@6.6 scout_jeep(moving)@8.0 armored_car(moving)@5.1 scout_jeep(moving)@6.6 aa_vehicle(moving)@2.2 armored_car(moving)@3.1 base_wall@8 shield_generator@9 floodlight_mast@5
capital,Defend,2,full,927,scout_jeep,0,5430,271.5,294.0,22.5,45.1,126.2,59.0,85.0,Move,YieldWait,fortress+gate,nopark,moved,0,,behind armored_car#925,missile_battery(fixed)@9.0 light_tank(moving)@6.1 scout_jeep(moving)@2.2 armored_car(moving)@2.3 aa_vehicle(moving)@6.0 armored_car(moving)@9.2 base_wall@8 floodlight_mast@7
capital,Defend,2,full,940,light_tank,0,5450,272.5,284.0,11.5,67.4,116.1,61.0,131.0,AttackMove,YieldWait,fortress+gate,narrow+nopark,moved,0,,behind ifv#965,main_battle_tank(moving)@3.8 main_battle_tank(moving)@4.6 aa_vehicle(moving)@4.1 light_tank(moving)@2.8 ifv(moving)@8.6 armored_car(moving)@6.5 aa_vehicle(moving)@7.4 aa_vehicle(moving)@3.7 main_battle_tank(moving)@7.4 ifv(moving)@3.8 container_stack@9 container@8
capital,Defend,2,full,926,armored_car,0,5480,274.0,289.5,15.5,63.9,121.5,59.0,85.0,Move,YieldWait,fortress+gate,narrow+nopark,moved,0,,behind aa_vehicle#951,main_battle_tank(moving)@8.4 main_battle_tank(moving)@9.9 main_battle_tank(moving)@6.9 aa_vehicle(moving)@4.4 aa_vehicle(moving)@7.7 light_tank(moving)@7.0 main_battle_tank(moving)@4.6 light_tank(moving)@5.9 aa_vehicle(moving)@3.6 aa_vehicle(moving)@4.2 main_battle_tank(moving)@3.6 ifv(moving)@9.6 container_stack@9 container@8 container@6
capital,Defend,2,full,950,aa_vehicle,0,5480,274.0,337.5,63.5,66.7,123.8,35.5,104.0,AttackMove,YieldWait,fortress+gate,nopark,moved,0,,behind armored_car#926,main_battle_tank(moving)@9.5 aa_vehicle(moving)@4.1 light_tank(moving)@6.7 main_battle_tank(moving)@6.7 armored_car(moving)@3.6 light_tank(moving)@7.2 ifv(parked)@9.8 aa_vehicle(moving)@6.9 main_battle_tank(moving)@6.9 container@5 container@3
capital,Defend,2,full,925,armored_car,0,5490,274.5,285.0,10.5,47.4,124.2,75.0,113.0,Move,YieldWait,fortress+gate,narrow+nopark,moved,0,,behind light_tank#905,missile_battery(fixed)@7.6 aa_vehicle(moving)@9.1 light_tank(moving)@4.3 scout_jeep(moving)@5.0 scout_jeep(moving)@3.4 aa_vehicle(moving)@4.7 armored_car(moving)@6.5 base_wall@9 floodlight_mast@6
capital,Defend,2,full,895,aa_vehicle,0,5500,275.0,284.0,9.0,68.0,120.4,51.4,67.8,AttackMove,YieldWait,fortress+gate,nopark,moved,0,,behind light_tank#940,main_battle_tank(moving)@7.6 main_battle_tank(moving)@6.1 light_tank(moving)@3.5 ifv(moving)@9.3 main_battle_tank(moving)@8.8 armored_car(moving)@4.2 light_tank(moving)@3.5 aa_vehicle(moving)@3.6 aa_vehicle(moving)@5.5 main_battle_tank(moving)@7.8 ifv(moving)@7.5 container@5 container@7
capital,Defend,2,full,961,main_battle_tank,0,5500,275.0,284.0,9.0,60.2,120.9,33.8,110.1,AttackMove,YieldWait,fortress+gate,narrow+nopark,moved,0,,behind main_battle_tank#888,missile_battery(fixed)@9.4 main_battle_tank(moving)@9.5 main_battle_tank(moving)@3.5 aa_vehicle(moving)@7.8 aa_vehicle(moving)@4.2 main_battle_tank(moving)@3.1 armored_car(moving)@3.8 light_tank(moving)@8.1 aa_vehicle(moving)@7.1 aa_vehicle(moving)@5.8 container_stack@7 container@8
capital,Defend,2,full,965,ifv,0,5500,275.0,284.5,9.5,68.4,112.9,61.0,131.0,AttackMove,YieldWait,fortress+gate,road+nopark,moved,0,,behind light_tank#940,main_battle_tank(moving)@2.7 main_battle_tank(moving)@4.8 siege_tank(moving)@5.9 aa_vehicle(moving)@7.5 light_tank(moving)@5.5 ifv(moving)@4.8 armored_car(moving)@9.5 light_tank(moving)@4.3 aa_vehicle(moving)@5.7 container_stack@9
capital,Defend,2,full,885,main_battle_tank,0,5510,275.5,287.0,11.5,65.9,113.2,61.0,131.0,AttackMove,YieldWait,fortress+gate,nopark,moved,0,,behind aa_vehicle#951,main_battle_tank(moving)@6.9 main_battle_tank(moving)@9.2 siege_tank(moving)@6.2 aa_vehicle(moving)@8.0 light_tank(moving)@6.3 ifv(moving)@6.6 armored_car(moving)@8.2 light_tank(moving)@4.6 aa_vehicle(moving)@3.8 main_battle_tank(moving)@9.7 ifv(moving)@2.6 container_stack@7
capital,Defend,2,full,921,main_battle_tank,0,5510,275.5,303.0,27.5,60.0,124.0,33.8,110.1,AttackMove,OffRoute,fortress+gate,nopark,moved,0,,to (47.0;121.0) past container,missile_battery(fixed)@7.2 main_battle_tank(moving)@6.3 aa_vehicle(moving)@8.6 aa_vehicle(moving)@4.8 armored_car(moving)@4.8 light_tank(moving)@9.2 ifv(parked)@7.2 aa_vehicle(moving)@6.7 aa_vehicle(moving)@8.5 main_battle_tank(moving)@3.1 container@6
capital,Defend,2,full,888,main_battle_tank,0,5560,278.0,288.0,10.0,59.2,118.1,46.3,71.8,AttackMove,BlockedByFriend,fortress+gate,narrow+nopark,moved,0,,main_battle_tank#961 moving,main_battle_tank(moving)@9.0 aa_vehicle(moving)@6.6 aa_vehicle(moving)@4.3 main_battle_tank(moving)@5.9 armored_car(moving)@6.5 light_tank(moving)@3.1 aa_vehicle(moving)@5.2 main_battle_tank(moving)@3.2 armored_car(moving)@8.0 ifv(moving)@9.1 shield_generator@9 container_stack@4
capital,Defend,2,full,905,light_tank,0,5580,279.0,289.5,10.5,48.5,121.8,35.5,104.0,AttackMove,YieldWait,fortress+gate,nopark,moved,0,,behind aa_vehicle#949,missile_battery(fixed)@8.3 aa_vehicle(moving)@7.9 siege_tank(moving)@9.5 scout_jeep(moving)@7.1 armored_car(moving)@3.1 scout_jeep(moving)@4.7 aa_vehicle(moving)@4.3 main_battle_tank(moving)@8.5 armored_car(moving)@3.5 base_wall@9 floodlight_mast@6
capital,Defend,2,full,965,ifv,0,5690,284.5,297.5,13.0,68.8,116.8,61.0,131.0,AttackMove,YieldWait,fortress+gate,nopark,moved,0,,behind aa_vehicle#895,main_battle_tank(moving)@3.7 main_battle_tank(moving)@5.4 main_battle_tank(moving)@5.7 aa_vehicle(moving)@4.7 aa_vehicle(moving)@9.7 light_tank(moving)@4.7 ifv(moving)@7.7 scout_jeep(parked)@7.3 armored_car(moving)@3.4 aa_vehicle(moving)@7.4 aa_vehicle(moving)@7.3 container@7
capital,Defend,2,full,925,armored_car,0,5700,285.0,293.5,8.5,46.1,120.8,75.0,113.0,Move,YieldWait,fortress+gate,nopark,moved,0,,behind light_tank#905,light_tank(moving)@5.9 scout_jeep(moving)@3.0 scout_jeep(moving)@5.6 light_tank(moving)@10.0 aa_vehicle(moving)@5.5 main_battle_tank(moving)@6.1 armored_car(moving)@3.0 base_wall@6 floodlight_mast@3
capital,Defend,2,full,902,light_tank,0,5740,287.0,306.0,19.0,73.5,118.0,29.1,120.5,AttackMove,YieldWait,fortress+gate,nopark,moved,0,,behind ifv#965,main_battle_tank(moving)@5.8 main_battle_tank(moving)@9.2 main_battle_tank(moving)@7.7 aa_vehicle(moving)@9.7 scout_jeep(moving)@2.5 armored_car(moving)@9.6 ifv(moving)@4.6 container@6
capital,Defend,2,full,895,aa_vehicle,0,5840,292.0,306.5,14.5,64.0,114.1,51.4,67.8,AttackMove,BlockedByFriend,fortress+gate,nopark,moved,0,,armored_car#926 moving,main_battle_tank(moving)@7.5 main_battle_tank(moving)@9.0 main_battle_tank(moving)@4.3 main_battle_tank(moving)@5.8 aa_vehicle(moving)@7.2 ifv(moving)@4.0 main_battle_tank(moving)@9.7 scout_jeep(moving)@8.8 armored_car(moving)@3.4 light_tank(moving)@9.9 aa_vehicle(moving)@9.9 aa_vehicle(moving)@6.8 ifv(moving)@6.0 container_stack@5
capital,Defend,2,full,925,armored_car,0,5870,293.5,304.5,11.0,47.1,119.1,75.0,113.0,Move,BlockedByFriend,fortress+gate,nopark,moved,0,,scout_jeep#923 moving,scout_jeep(moving)@3.2 scout_jeep(moving)@4.4 aa_vehicle(moving)@6.6 main_battle_tank(moving)@7.9 armored_car(moving)@3.4 base_wall@7 shield_generator@9 floodlight_mast@4
capital,Defend,2,full,949,aa_vehicle,0,5870,293.5,305.0,11.5,53.2,121.7,29.1,120.5,AttackMove,BlockedByFriend,fortress+gate,narrow+nopark,moved,0,,scout_jeep#923 moving,missile_battery(fixed)@6.4 main_battle_tank(moving)@7.1 scout_jeep(moving)@3.9 armored_car(moving)@6.6 scout_jeep(moving)@7.0 light_tank(moving)@4.1 main_battle_tank(moving)@4.1 armored_car(moving)@4.7 shield_generator@10 container_stack@10
capital,Defend,2,full,888,main_battle_tank,0,5880,294.0,303.0,9.0,64.4,118.1,46.3,71.8,AttackMove,YieldWait,fortress+gate,narrow+nopark,moved,0,,behind armored_car#926,main_battle_tank(moving)@9.4 main_battle_tank(moving)@7.3 aa_vehicle(moving)@3.3 aa_vehicle(moving)@3.9 light_tank(moving)@8.3 ifv(moving)@6.7 main_battle_tank(moving)@5.1 scout_jeep(moving)@9.5 armored_car(moving)@6.4 light_tank(moving)@8.0 aa_vehicle(moving)@6.7 main_battle_tank(moving)@9.3 ifv(moving)@3.8 container_stack@7 container@9 container@9
capital,Defend,2,full,927,scout_jeep,0,5880,294.0,304.0,10.0,46.4,123.4,59.0,85.0,Move,OffRoute,fortress+gate,narrow+nopark,moved,0,,to (65.0;119.0) past missile_battery(defence),missile_battery(fixed)@8.9 scout_jeep(moving)@3.3 armored_car(moving)@4.4 aa_vehicle(moving)@7.0 armored_car(moving)@6.8 base_wall@7 floodlight_mast@5
capital,Defend,2,full,924,scout_jeep,0,5900,295.0,307.0,12.0,73.2,115.9,61.0,131.0,AttackMove,BlockedByFriend,fortress+gate,road+nopark,moved,0,,light_tank#902 moving,main_battle_tank(moving)@3.8 main_battle_tank(moving)@8.6 siege_tank(moving)@3.2 aa_vehicle(moving)@9.2 aa_vehicle(moving)@8.8 light_tank(moving)@2.7 ifv(moving)@8.0 armored_car(moving)@4.5 aa_vehicle(moving)@9.7 ifv(moving)@5.7 container@8
capital,Defend,2,full,923,scout_jeep,0,5910,295.5,306.5,11.0,49.1,120.6,75.0,113.0,Move,BlockedByFriend,fortress+gate,nopark,moved,0,,armored_car#963 moving,missile_battery(fixed)@8.9 main_battle_tank(moving)@9.7 armored_car(moving)@3.4 scout_jeep(moving)@3.9 light_tank(moving)@7.7 aa_vehicle(moving)@4.2 main_battle_tank(moving)@6.3 armored_car(moving)@2.9 base_wall@9 shield_generator@9 floodlight_mast@6
capital,Defend,2,full,963,armored_car,0,5920,296.0,306.0,10.0,50.6,118.0,65.0,131.0,Move,OffRoute,fortress+gate,narrow+nopark,moved,0,,to (47.0;129.0) past missile_battery(defence),main_battle_tank(moving)@8.4 scout_jeep(moving)@2.8 armored_car(moving)@4.5 scout_jeep(moving)@6.0 light_tank(moving)@6.8 aa_vehicle(moving)@4.1 main_battle_tank(moving)@4.6 shield_generator@6 container_stack@9 floodlight_mast@8
capital,Defend,2,full,940,light_tank,0,5930,296.5,323.5,27.0,56.2,122.0,29.1,120.5,AttackMove,YieldWait,fortress+gate,narrow+nopark,moved,0,,behind main_battle_tank#961,missile_battery(fixed)@6.4 main_battle_tank(moving)@7.9 main_battle_tank(moving)@3.7 scout_jeep(moving)@7.5 scout_jeep(moving)@8.6 aa_vehicle(moving)@3.7 main_battle_tank(moving)@4.0 armored_car(moving)@6.6 container_stack@8
capital,Defend,2,full,919,siege_tank,0,5940,297.0,305.5,8.5,46.4,143.4,34.9,144.0,Move,YieldWait,fortress,,moved,0,,waiting on a yield,siege_tank(moving)@2.5 base_wall@8 base_wall@7 container@6
capital,Defend,2,full,961,main_battle_tank,0,5940,297.0,312.5,15.5,55.9,118.0,33.8,110.1,AttackMove,BlockedByFriend,fortress+gate,narrow+nopark,moved,0,,main_battle_tank#921 moving,main_battle_tank(moving)@7.1 aa_vehicle(moving)@9.5 main_battle_tank(moving)@3.6 scout_jeep(moving)@7.4 armored_car(moving)@9.9 scout_jeep(moving)@9.8 light_tank(moving)@3.9 aa_vehicle(moving)@2.9 armored_car(moving)@5.4 shield_generator@7 container_stack@5
capital,Defend,2,full,911,ifv,0,5970,298.5,311.5,13.0,67.0,110.8,35.5,104.0,AttackMove,YieldWait,fortress+gate,nopark,moved,0,,behind aa_vehicle#895,main_battle_tank(moving)@8.1 main_battle_tank(moving)@3.9 main_battle_tank(moving)@3.0 main_battle_tank(moving)@8.8 aa_vehicle(moving)@3.6 light_tank(moving)@6.5 scout_jeep(moving)@7.9 armored_car(moving)@5.7 aa_vehicle(moving)@4.8 ifv(moving)@7.3 container_stack@9
capital,Defend,2,full,887,main_battle_tank,0,6020,301.0,317.5,16.5,64.0,111.3,61.0,131.0,AttackMove,BlockedByFriend,fortress+gate,nopark,moved,0,,ifv#911 moving,main_battle_tank(moving)@3.6 main_battle_tank(moving)@9.9 aa_vehicle(moving)@7.8 aa_vehicle(moving)@9.5 light_tank(moving)@7.1 ifv(moving)@4.1 scout_jeep(moving)@7.8 ifv(moving)@6.3 container_stack@6
capital,Defend,2,full,896,aa_vehicle,0,6050,302.5,317.0,14.5,66.7,120.3,58.3,75.3,AttackMove,YieldWait,fortress+gate,nopark,moved,0,,behind ifv#965,main_battle_tank(moving)@8.6 main_battle_tank(moving)@9.3 main_battle_tank(moving)@4.7 light_tank(moving)@3.2 ifv(moving)@6.2 main_battle_tank(moving)@8.9 scout_jeep(moving)@5.8 aa_vehicle(moving)@4.0 ifv(moving)@3.9 container_stack@10 container@6 container@7
capital,Defend,2,full,886,main_battle_tank,0,6170,308.5,318.5,10.0,66.9,111.0,33.8,110.1,AttackMove,BlockedByFriend,fortress+gate,nopark,moved,0,,main_battle_tank#887 moving,main_battle_tank(moving)@3.8 main_battle_tank(moving)@3.7 aa_vehicle(moving)@9.7 light_tank(moving)@5.1 ifv(moving)@7.5 scout_jeep(moving)@4.0 armored_car(moving)@5.9 aa_vehicle(moving)@9.2 ifv(moving)@9.8 container_stack@8
capital,Defend,2,full,921,main_battle_tank,0,6210,310.5,348.5,38.0,57.8,121.9,29.1,120.5,AttackMove,BlockedByFriend,fortress+gate,narrow+nopark,moved,0,,light_tank#940 moving,missile_battery(fixed)@7.2 main_battle_tank(moving)@3.4 aa_vehicle(moving)@9.8 ifv(moving)@6.7 scout_jeep(moving)@5.2 scout_jeep(moving)@9.5 armored_car(moving)@6.5 scout_jeep(moving)@8.7 light_tank(moving)@2.8 ifv(moving)@8.6 main_battle_tank(moving)@3.9 ifv(moving)@4.5 container_stack@8 container@9
capital,Defend,2,full,923,scout_jeep,0,6240,312.0,333.5,21.5,53.8,118.6,75.0,113.0,Move,BlockedByFriend,fortress+gate,narrow+nopark,moved,0,,main_battle_tank#961 moving,missile_battery(fixed)@9.4 main_battle_tank(moving)@7.4 main_battle_tank(moving)@5.3 armored_car(moving)@2.6 scout_jeep(moving)@5.4 light_tank(moving)@3.6 main_battle_tank(moving)@2.9 ifv(moving)@5.8 shield_generator@7 container_stack@7
capital,Defend,2,full,961,main_battle_tank,0,6250,312.5,344.0,31.5,56.3,118.0,27.7,114.3,AttackMove,BlockedByFriend,fortress+gate,narrow+nopark,moved,0,,scout_jeep#923 moving,main_battle_tank(moving)@8.7 main_battle_tank(moving)@5.9 ifv(moving)@7.7 main_battle_tank(moving)@4.3 scout_jeep(moving)@3.0 scout_jeep(moving)@7.5 armored_car(moving)@5.2 scout_jeep(moving)@8.4 light_tank(moving)@4.1 ifv(moving)@3.1 shield_generator@7 container_stack@5
capital,Defend,2,full,902,light_tank,0,6300,315.0,327.0,12.0,70.0,117.8,29.1,120.5,AttackMove,YieldWait,fortress+gate,nopark,moved,0,,behind aa_vehicle#896,main_battle_tank(moving)@9.8 main_battle_tank(moving)@4.8 main_battle_tank(moving)@7.0 main_battle_tank(moving)@6.5 siege_tank(moving)@3.4 aa_vehicle(moving)@3.1 ifv(moving)@9.9 scout_jeep(moving)@6.9 armored_car(moving)@8.8 aa_vehicle(moving)@7.4 aa_vehicle(moving)@6.7 container@6
capital,Defend,2,full,925,armored_car,0,6300,315.0,323.5,8.5,51.8,119.2,75.0,113.0,Move,BlockedByFriend,fortress+gate,narrow+nopark,moved,0,,scout_jeep#923 moving,missile_battery(fixed)@9.1 ifv(moving)@10.0 main_battle_tank(moving)@6.8 scout_jeep(moving)@3.0 scout_jeep(moving)@5.0 light_tank(moving)@3.1 main_battle_tank(moving)@5.0 ifv(moving)@8.0 shield_generator@7 container_stack@9 floodlight_mast@9
capital,Defend,2,full,965,ifv,0,6300,315.0,348.0,33.0,59.7,118.0,27.7,114.3,AttackMove,YieldWait,fortress+gate,narrow+nopark,moved,0,,behind main_battle_tank#961,main_battle_tank(moving)@9.8 main_battle_tank(moving)@5.8 main_battle_tank(moving)@3.8 aa_vehicle(moving)@7.3 ifv(moving)@4.6 main_battle_tank(moving)@4.3 scout_jeep(moving)@5.7 scout_jeep(moving)@5.5 armored_car(moving)@8.0 armored_car(moving)@9.3 light_tank(moving)@7.5 aa_vehicle(moving)@8.3 main_battle_tank(moving)@3.0 shield_generator@10 container_stack@4
capital,Defend,2,full,887,main_battle_tank,0,6350,317.5,336.0,18.5,64.2,114.6,61.0,131.0,AttackMove,BlockedByFriend,fortress+gate,nopark,moved,0,,main_battle_tank#888 moving,main_battle_tank(moving)@4.4 main_battle_tank(moving)@3.5 siege_tank(moving)@9.1 aa_vehicle(moving)@3.9 light_tank(moving)@6.4 ifv(moving)@7.5 main_battle_tank(moving)@9.6 scout_jeep(moving)@6.4 armored_car(moving)@7.3 aa_vehicle(moving)@9.7 main_battle_tank(moving)@8.4 ifv(moving)@5.9 container_stack@5
capital,Defend,2,full,924,scout_jeep,0,6400,320.0,330.0,10.0,65.3,120.9,61.0,131.0,AttackMove,YieldWait,fortress+gate,nopark,moved,0,,behind ifv#911,main_battle_tank(moving)@9.0 main_battle_tank(moving)@5.2 main_battle_tank(moving)@2.6 siege_tank(moving)@9.3 aa_vehicle(moving)@6.0 light_tank(moving)@6.8 ifv(moving)@3.9 main_battle_tank(moving)@8.1 aa_vehicle(moving)@3.4 main_battle_tank(moving)@9.6 ifv(moving)@6.8 container_stack@9 container@7 container@6
capital,Defend,2,full,892,siege_tank,0,6410,320.5,329.0,8.5,72.4,114.9,35.0,143.0,Move,YieldWait,fortress+gate,road+nopark,moved,0,,behind light_tank#902,main_battle_tank(moving)@6.3 main_battle_tank(moving)@8.4 main_battle_tank(moving)@9.4 aa_vehicle(moving)@4.4 light_tank(moving)@3.1 scout_jeep(moving)@9.7 armored_car(moving)@8.4 aa_vehicle(moving)@3.7 container@9
capital,Defend,2,full,888,main_battle_tank,0,6430,321.5,333.0,11.5,64.5,119.2,46.3,71.8,AttackMove,YieldWait,fortress+gate,narrow+nopark,moved,0,,behind scout_jeep#924,main_battle_tank(moving)@7.8 main_battle_tank(moving)@3.7 siege_tank(moving)@9.9 aa_vehicle(moving)@5.1 light_tank(moving)@6.9 ifv(moving)@3.9 main_battle_tank(moving)@7.4 scout_jeep(moving)@2.3 aa_vehicle(moving)@5.3 main_battle_tank(moving)@7.8 ifv(moving)@4.2 container_stack@8 container@8 container@8
capital,Defend,2,full,911,ifv,0,6430,321.5,342.5,21.0,62.2,122.3,35.5,104.0,AttackMove,OffRoute,fortress+gate,nopark,moved,0,,to (47.0;121.0) past missile_battery(defence),missile_battery(fixed)@9.9 main_battle_tank(moving)@7.1 main_battle_tank(moving)@3.9 aa_vehicle(moving)@8.9 main_battle_tank(moving)@4.6 scout_jeep(moving)@8.0 scout_jeep(moving)@3.5 armored_car(moving)@9.3 ifv(parked)@8.0 aa_vehicle(moving)@4.9 main_battle_tank(moving)@6.9 ifv(moving)@4.6 container_stack@9 container@9 container@6
capital,Defend,2,full,925,armored_car,0,6470,323.5,341.0,17.5,53.4,118.9,75.0,113.0,Move,BlockedByFriend,fortress+gate,narrow+nopark,moved,0,,scout_jeep#923 moving,missile_battery(fixed)@9.2 ifv(moving)@9.6 main_battle_tank(moving)@5.3 scout_jeep(moving)@3.6 scout_jeep(moving)@3.5 main_battle_tank(moving)@3.8 ifv(moving)@7.2 shield_generator@7 container_stack@7
capital,Defend,2,full,927,scout_jeep,0,6540,327.0,353.0,26.0,49.0,119.1,59.0,85.0,Move,BlockedByFriend,fortress+gate,nopark,moved,0,,armored_car#925 moving,scout_jeep(moving)@6.9 armored_car(moving)@3.8 main_battle_tank(moving)@7.3 armored_car(moving)@3.8 base_wall@9 shield_generator@8 floodlight_mast@6
capital,Defend,2,full,924,scout_jeep,0,6600,330.0,342.5,12.5,64.5,121.3,61.0,131.0,AttackMove,YieldWait,fortress+gate,nopark,moved,0,,behind ifv#911,main_battle_tank(moving)@3.7 main_battle_tank(moving)@6.4 light_tank(moving)@7.8 ifv(moving)@3.6 main_battle_tank(moving)@6.9 scout_jeep(moving)@8.4 ifv(parked)@9.6 aa_vehicle(moving)@2.9 main_battle_tank(moving)@6.0 ifv(moving)@4.1 container_stack@9 container@7 container@6
capital,Defend,2,full,963,armored_car,0,6690,334.5,343.0,8.5,47.8,120.7,75.0,113.0,Move,BlockedByFriend,fortress+gate,nopark,moved,0,,scout_jeep#927 moving,missile_battery(fixed)@9.6 main_battle_tank(moving)@9.0 scout_jeep(moving)@7.5 armored_car(moving)@5.7 scout_jeep(moving)@3.3 base_wall@8 shield_generator@10 floodlight_mast@5
capital,Defend,2,full,887,main_battle_tank,0,6720,336.0,347.0,11.0,65.6,119.3,61.0,131.0,AttackMove,YieldWait,fortress+gate,narrow+nopark,moved,0,,behind ifv#965,main_battle_tank(moving)@8.0 main_battle_tank(moving)@6.0 light_tank(moving)@3.7 ifv(moving)@4.7 main_battle_tank(moving)@10.0 scout_jeep(moving)@3.5 armored_car(moving)@5.1 aa_vehicle(moving)@3.6 aa_vehicle(moving)@9.4 main_battle_tank(moving)@7.5 ifv(moving)@4.1 container_stack@8 container@7 container@8
capital,Defend,2,full,923,scout_jeep,0,6740,337.0,346.5,9.5,54.8,118.0,75.0,113.0,Move,OffRoute,fortress+gate,narrow+nopark,moved,0,,to (69.0;117.0) past shield_generator,main_battle_tank(moving)@4.0 scout_jeep(moving)@8.0 armored_car(moving)@3.5 scout_jeep(moving)@5.7 main_battle_tank(moving)@3.2 armored_car(moving)@4.2 ifv(moving)@5.9 shield_generator@7 container_stack@6
capital,Defend,2,full,950,aa_vehicle,0,6750,337.5,350.5,13.0,67.7,121.4,35.5,104.0,AttackMove,YieldWait,fortress+gate,nopark,moved,0,,behind ifv#911,main_battle_tank(moving)@3.7 main_battle_tank(moving)@8.1 light_tank(moving)@6.6 ifv(moving)@3.4 scout_jeep(moving)@5.4 armored_car(moving)@6.5 ifv(moving)@7.6 container@4 container@6
capital,Defend,2,full,886,main_battle_tank,0,6780,339.0,354.5,15.5,64.3,111.1,33.8,110.1,AttackMove,YieldWait,fortress+gate,nopark,gave up,0,,behind light_tank#902,main_battle_tank(moving)@3.0 main_battle_tank(moving)@8.4 main_battle_tank(moving)@9.7 light_tank(moving)@4.4 armored_car(moving)@5.5 ifv(moving)@8.8 container_stack@6
capital,Defend,2,full,885,main_battle_tank,0,6790,339.5,348.0,8.5,67.0,110.0,61.0,131.0,AttackMove,YieldWait,fortress+gate,nopark,moved,0,,behind armored_car#926,main_battle_tank(moving)@2.9 main_battle_tank(moving)@7.5 siege_tank(moving)@9.0 light_tank(moving)@6.1 armored_car(moving)@6.4 container_stack@9
capital,Defend,2,full,925,armored_car,0,6820,341.0,352.0,11.0,51.3,121.9,75.0,113.0,Move,YieldWait,fortress+gate,narrow+nopark,moved,0,,behind main_battle_tank#921,missile_battery(fixed)@6.6 main_battle_tank(moving)@3.5 scout_jeep(moving)@3.9 scout_jeep(moving)@8.6 scout_jeep(moving)@2.7 main_battle_tank(moving)@6.0 armored_car(moving)@4.3 ifv(moving)@6.9 shield_generator@10 floodlight_mast@9
capital,Defend,2,full,902,light_tank,0,6830,341.5,353.5,12.0,64.3,115.1,33.8,110.1,AttackMove,OffRoute,fortress+gate,nopark,moved,0,,to (63.0;119.0) past container_stack,main_battle_tank(moving)@5.1 main_battle_tank(moving)@3.7 main_battle_tank(moving)@4.4 ifv(moving)@8.2 scout_jeep(moving)@7.1 armored_car(moving)@3.7 aa_vehicle(moving)@5.9 aa_vehicle(moving)@9.3 main_battle_tank(moving)@8.9 ifv(moving)@7.8 container_stack@5
capital,Defend,2,full,911,ifv,0,6850,342.5,355.0,12.5,63.3,123.2,35.5,104.0,AttackMove,BlockedByFriend,fortress+gate,nopark,moved,0,,aa_vehicle#950 moving,main_battle_tank(moving)@4.7 light_tank(moving)@8.1 main_battle_tank(moving)@8.7 scout_jeep(moving)@4.3 armored_car(moving)@6.4 ifv(parked)@7.4 aa_vehicle(moving)@2.7 main_battle_tank(moving)@9.8 ifv(moving)@7.0 container@8 container@4
capital,Defend,2,full,963,armored_car,0,6860,343.0,355.0,12.0,48.9,118.0,75.0,113.0,Move,YieldWait,fortress+gate,nopark,moved,0,,behind scout_jeep#923,main_battle_tank(moving)@6.7 scout_jeep(moving)@3.4 armored_car(moving)@4.3 scout_jeep(moving)@3.3 main_battle_tank(moving)@5.6 ifv(moving)@9.3 base_wall@9 shield_generator@7 floodlight_mast@6
capital,Defend,2,full,921,main_battle_tank,0,6970,348.5,366.0,17.5,56.5,122.0,33.8,110.1,AttackMove,YieldWait,fortress+gate,narrow+nopark,moved,0,,behind armored_car#925,missile_battery(fixed)@6.5 main_battle_tank(moving)@6.4 light_tank(moving)@9.3 ifv(moving)@3.6 scout_jeep(moving)@3.2 scout_jeep(moving)@3.3 armored_car(moving)@8.7 ifv(parked)@9.4 aa_vehicle(moving)@7.4 main_battle_tank(moving)@5.8 armored_car(moving)@7.9 ifv(moving)@4.1 container_stack@8
capital,Defend,2,full,950,aa_vehicle,0,7010,350.5,359.0,8.5,62.9,122.2,35.5,104.0,AttackMove,YieldWait,fortress+gate,nopark,moved,0,,behind main_battle_tank#887,main_battle_tank(moving)@9.0 main_battle_tank(moving)@3.8 light_tank(moving)@3.3 ifv(moving)@3.1 main_battle_tank(moving)@6.7 scout_jeep(moving)@9.8 scout_jeep(moving)@5.9 armored_car(moving)@4.9 ifv(parked)@8.2 aa_vehicle(moving)@8.5 ifv(moving)@8.7 container_stack@9 container@9 container@5
capital,Defend,2,full,887,main_battle_tank,0,7060,353.0,366.0,13.0,59.7,119.4,33.2,96.4,AttackMove,YieldWait,fortress+gate,narrow+nopark,gave up,0,,behind scout_jeep#924,main_battle_tank(moving)@6.3 light_tank(moving)@3.8 ifv(moving)@4.6 main_battle_tank(moving)@4.3 scout_jeep(moving)@6.8 scout_jeep(moving)@2.9 armored_car(moving)@7.2 aa_vehicle(moving)@3.7 aa_vehicle(moving)@7.5 main_battle_tank(moving)@9.5 ifv(moving)@6.6 container_stack@5 container@10
capital,Defend,2,full,927,scout_jeep,0,7060,353.0,364.5,11.0,47.0,119.1,59.0,85.0,Move,BlockedByFriend,fortress+gate,nopark,died,0,,armored_car#963 moving,main_battle_tank(moving)@9.7 scout_jeep(moving)@6.0 armored_car(moving)@6.0 main_battle_tank(moving)@3.5 armored_car(moving)@3.1 ifv(moving)@6.7 base_wall@10 base_wall@7 shield_generator@9 floodlight_mast@4
capital,Defend,2,full,925,armored_car,0,7080,354.0,362.5,8.5,48.0,125.3,75.0,113.0,Move,OffRoute,fortress+gate,narrow+nopark,moved,0,,to (53.0;121.0) past missile_battery(defence),missile_battery(fixed)@6.6 main_battle_tank(moving)@9.0 scout_jeep(moving)@8.2 scout_jeep(moving)@6.4 main_battle_tank(moving)@7.7 armored_car(moving)@3.2 ifv(moving)@6.2 base_wall@10 floodlight_mast@7
capital,Defend,2,full,911,ifv,0,7100,355.0,372.5,17.5,60.1,124.0,35.5,104.0,AttackMove,OffRoute,fortress+gate,nopark,moved,0,,to (55.0;119.0) past container,missile_battery(fixed)@7.3 main_battle_tank(moving)@9.9 main_battle_tank(moving)@5.8 light_tank(moving)@5.8 main_battle_tank(moving)@3.7 scout_jeep(moving)@6.6 scout_jeep(moving)@6.7 armored_car(moving)@5.9 ifv(parked)@6.3 aa_vehicle(moving)@2.8 aa_vehicle(moving)@8.1 ifv(moving)@7.8 container@6
capital,Defend,2,full,963,armored_car,0,7100,355.0,363.5,8.5,47.5,122.1,75.0,113.0,Move,BlockedByFriend,fortress+gate,narrow+nopark,moved,0,,scout_jeep#927 moving,missile_battery(fixed)@8.8 main_battle_tank(moving)@9.5 scout_jeep(moving)@7.0 scout_jeep(moving)@9.1 armored_car(moving)@3.6 scout_jeep(moving)@3.6 main_battle_tank(moving)@4.6 ifv(moving)@5.1 base_wall@8 floodlight_mast@5
capital,Defend,2,full,885,main_battle_tank,0,7160,358.0,366.5,8.5,65.2,115.3,61.0,131.0,AttackMove,YieldWait,fortress,,moved,0,,behind aa_vehicle#951,main_battle_tank(moving)@4.3 siege_tank(moving)@8.4 light_tank(moving)@4.2 main_battle_tank(moving)@9.0 armored_car(moving)@7.5 aa_vehicle(moving)@7.3 aa_vehicle(moving)@4.7
capital,Defend,2,full,926,armored_car,0,7190,359.5,368.0,8.5,64.2,122.5,65.0,131.0,Move,YieldWait,fortress,,moved,0,,behind light_tank#902,main_battle_tank(moving)@6.4 main_battle_tank(moving)@9.1 light_tank(moving)@4.7 ifv(moving)@4.4 aa_vehicle(moving)@5.7 aa_vehicle(moving)@3.7 container@7 container@5
capital,Defend,2,full,892,siege_tank,0,7200,360.0,371.5,11.5,73.0,117.4,35.0,143.0,Move,BlockedByFriend,fortress+gate,nopark,moved,0,,aa_vehicle#951 moving,main_battle_tank(moving)@7.9 aa_vehicle(moving)@6.9 container@6
capital,Defend,2,full,885,main_battle_tank,0,7330,366.5,375.5,9.0,63.6,115.1,67.9,108.5,AttackMove,GateWait,fortress,,moved,0,,doorway 0,main_battle_tank(moving)@4.1 siege_tank(moving)@3.8 ifv(moving)@8.4 armored_car(moving)@9.9 aa_vehicle(moving)@8.9 scout_jeep(moving)@7.6
capital,Defend,2,full,887,main_battle_tank,0,7600,380.0,395.0,15.0,49.4,121.9,33.2,96.4,AttackMove,BlockedByFriend,fortress+gate,narrow+nopark,moved,0,,ifv#911 moving,missile_battery(fixed)@7.6 aa_vehicle(moving)@4.7 ifv(moving)@3.0 light_tank(moving)@5.5 ifv(moving)@6.7 main_battle_tank(moving)@3.7 ifv(moving)@6.9 scout_jeep(moving)@5.7 scout_jeep(moving)@5.9 scout_jeep(moving)@7.9
capital,Defend,2,full,1006,scout_jeep,0,7660,383.0,392.5,9.5,54.7,120.1,33.0,108.8,Move,YieldWait,fortress+gate,narrow+nopark,moved,0,,behind scout_jeep#1007,missile_battery(fixed)@7.9 main_battle_tank(moving)@3.9 main_battle_tank(moving)@5.4 siege_tank(moving)@9.6 aa_vehicle(moving)@9.8 ifv(moving)@7.2 light_tank(moving)@3.7 main_battle_tank(moving)@9.1 armored_car(moving)@8.8 scout_jeep(moving)@3.1 scout_jeep(moving)@1.9 scout_jeep(moving)@2.1 scout_jeep(moving)@5.8 shield_generator@9
capital,Defend,2,full,965,ifv,0,7700,385.0,398.5,13.5,42.4,118.1,45.4,101.7,AttackMove,OffRoute,fortress+gate,nopark,moved,0,,to (45.4;101.7) past base_wall,main_battle_tank(moving)@7.7 aa_vehicle(moving)@5.0 aa_vehicle(moving)@4.3 ifv(moving)@5.1 light_tank(moving)@9.8 main_battle_tank(moving)@3.4 armored_car(moving)@7.9 light_tank(moving)@8.0 ifv(moving)@3.6 aa_vehicle(moving)@6.5 main_battle_tank(moving)@7.5 scout_jeep(moving)@9.8 base_wall@7
capital,Defend,2,full,961,main_battle_tank,0,7740,387.0,400.0,13.0,45.3,124.1,62.5,117.4,AttackMove,OffRoute,fortress+gate,nopark,moved,0,,to (61.0;119.0) past missile_battery(defence),missile_battery(fixed)@9.6 main_battle_tank(moving)@3.9 aa_vehicle(moving)@4.4 aa_vehicle(moving)@4.4 light_tank(moving)@3.0 ifv(moving)@2.9 main_battle_tank(moving)@8.9 light_tank(moving)@7.6 ifv(moving)@6.4 aa_vehicle(moving)@8.9 ifv(moving)@7.0 scout_jeep(moving)@7.9 scout_jeep(moving)@6.5 scout_jeep(moving)@9.5
capital,Defend,2,full,1007,scout_jeep,0,7780,389.0,402.5,13.5,51.7,122.0,28.3,104.8,Move,YieldWait,fortress+gate,narrow+nopark,moved,0,,behind main_battle_tank#887,missile_battery(fixed)@6.4 main_battle_tank(moving)@3.0 main_battle_tank(moving)@7.4 ifv(moving)@8.9 light_tank(moving)@5.0 ifv(moving)@7.4 main_battle_tank(moving)@6.4 scout_jeep(moving)@2.7 scout_jeep(moving)@2.3 scout_jeep(moving)@4.1 scout_jeep(moving)@4.9 shield_generator@10
capital,Defend,2,full,1009,scout_jeep,0,7820,391.0,404.0,13.0,53.1,118.0,32.7,104.7,Move,YieldWait,fortress+gate,narrow+nopark,moved,0,,behind scout_jeep#1008,main_battle_tank(moving)@5.8 main_battle_tank(moving)@5.5 light_tank(moving)@6.6 light_tank(moving)@6.3 ifv(moving)@8.5 main_battle_tank(moving)@9.9 scout_jeep(moving)@3.6 scout_jeep(moving)@4.1 scout_jeep(moving)@2.4 scout_jeep(moving)@2.2 shield_generator@6
capital,Defend,2,full,887,main_battle_tank,0,7900,395.0,404.5,9.5,47.4,122.3,33.2,96.4,AttackMove,YieldWait,fortress+gate,nopark,moved,0,,behind ifv#943,missile_battery(fixed)@8.7 light_tank(moving)@5.6 ifv(moving)@4.3 aa_vehicle(moving)@6.1 main_battle_tank(moving)@7.1 ifv(moving)@9.1 scout_jeep(moving)@4.8 scout_jeep(moving)@8.4 scout_jeep(moving)@3.3 scout_jeep(moving)@6.7 scout_jeep(moving)@4.9
capital,Defend,2,full,892,siege_tank,0,8050,402.5,415.5,13.0,60.8,107.4,35.0,143.0,Move,BlockedByFriend,fortress+gate,nopark,moved,0,,main_battle_tank#885 moving,c_ram(fixed)@7.4 main_battle_tank(moving)@6.5 aa_vehicle(moving)@6.2 scout_jeep(parked)@6.8 shield_generator@10
capital,Defend,2,full,1005,armored_car,0,8090,404.5,414.0,9.5,44.1,99.7,28.0,106.0,Move,GateWait,fortress,,moved,0,,doorway 0,ifv(moving)@4.0 base_wall@5 base_wall@6
capital,Defend,2,full,885,main_battle_tank,0,8400,420.0,432.5,12.5,60.0,123.2,36.8,122.2,AttackMove,OffRoute,fortress+gate,nopark,gave up,0,,to (36.8;122.2) past container,missile_battery(fixed)@7.7 main_battle_tank(parked)@7.8 siege_tank(moving)@5.2 aa_vehicle(parked)@9.5 container@7
capital,Defend,2,full,887,main_battle_tank,0,8400,420.0,429.5,9.5,34.3,130.0,33.2,96.4,AttackMove,BlockedByFriend,fortress,,moved,0,,aa_vehicle#896 moving,aa_vehicle(moving)@4.2 siege_tank(moving)@8.8 light_tank(moving)@9.9 main_battle_tank(moving)@3.9 light_tank(parked)@4.4 aa_vehicle(moving)@7.1 base_wall@10
capital,Defend,2,full,895,aa_vehicle,0,8430,421.5,433.5,12.0,46.1,123.1,61.1,116.7,AttackMove,BlockedByFriend,fortress+gate,nopark,moved,0,,main_battle_tank#961 moving,missile_battery(fixed)@9.4 siege_tank(moving)@9.6 light_tank(moving)@5.8 ifv(moving)@2.4 light_tank(moving)@7.0 main_battle_tank(moving)@9.5 armored_car(moving)@7.5 aa_vehicle(moving)@4.4 aa_vehicle(moving)@9.1 main_battle_tank(moving)@3.9
capital,Defend,2,full,886,main_battle_tank,0,8600,430.0,438.5,8.5,44.8,109.7,34.2,116.4,AttackMove,YieldWait,fortress+gate,narrow+nopark,moved,0,,behind armored_car#925,light_tank(parked)@8.7 ifv(moving)@7.3 armored_car(moving)@4.2 scout_jeep(moving)@9.1 base_wall@7 base_wall@5 shield_generator@8
capital,Defend,2,full,1007,scout_jeep,0,8640,432.0,445.0,13.0,59.0,120.7,28.3,104.8,Move,YieldWait,fortress+gate,nopark,moved,0,,behind main_battle_tank#961,missile_battery(fixed)@8.9 main_battle_tank(moving)@3.3 main_battle_tank(parked)@5.7 aa_vehicle(moving)@7.4 light_tank(moving)@7.1 armored_car(moving)@10.0 aa_vehicle(moving)@8.0 main_battle_tank(moving)@2.9 ifv(parked)@5.7 container@9
capital,Defend,2,full,895,aa_vehicle,0,8670,433.5,443.0,9.5,46.0,123.3,61.1,116.7,AttackMove,BlockedByFriend,fortress+gate,nopark,moved,0,,aa_vehicle#896 moving,missile_battery(fixed)@9.3 siege_tank(moving)@6.1 aa_vehicle(moving)@3.1 light_tank(parked)@2.9 ifv(moving)@7.9 light_tank(moving)@6.9 main_battle_tank(moving)@5.0 light_tank(parked)@7.9 aa_vehicle(moving)@5.4 main_battle_tank(moving)@9.8 armored_car(moving)@7.6 scout_jeep(parked)@9.9 scout_jeep(moving)@4.0 scout_jeep(moving)@9.8
capital,Defend,2,full,896,aa_vehicle,0,8700,435.0,451.5,16.5,42.9,120.9,45.4,101.7,AttackMove,YieldWait,fortress+gate,nopark,moved,0,,behind aa_vehicle#895,main_battle_tank(moving)@8.2 siege_tank(moving)@6.6 aa_vehicle(moving)@2.9 light_tank(parked)@6.1 ifv(moving)@6.7 light_tank(moving)@9.0 main_battle_tank(moving)@4.5 armored_car(moving)@9.9 light_tank(moving)@6.8 aa_vehicle(moving)@8.3 aa_vehicle(moving)@9.8 armored_car(moving)@4.2 scout_jeep(moving)@3.7 scout_jeep(moving)@4.1 base_wall@9
capital,Defend,2,full,950,aa_vehicle,0,8720,436.0,448.5,12.5,50.9,122.0,34.2,116.4,AttackMove,YieldWait,fortress+gate,narrow+nopark,moved,0,,behind siege_tank#892,missile_battery(fixed)@6.7 main_battle_tank(moving)@9.4 siege_tank(moving)@4.6 aa_vehicle(moving)@5.3 aa_vehicle(moving)@8.3 light_tank(parked)@7.9 ifv(moving)@9.2 light_tank(moving)@3.0 main_battle_tank(moving)@9.9 main_battle_tank(moving)@4.6 ifv(moving)@9.9 scout_jeep(moving)@6.7 scout_jeep(moving)@6.9
capital,Defend,2,full,892,siege_tank,0,8750,437.5,448.5,11.0,48.3,118.1,35.0,143.0,Move,YieldWait,fortress+gate,narrow+nopark,moved,0,,behind scout_jeep#1008,aa_vehicle(moving)@6.2 aa_vehicle(moving)@4.6 light_tank(moving)@9.6 ifv(moving)@5.7 light_tank(moving)@2.9 main_battle_tank(parked)@9.5 armored_car(moving)@9.0 light_tank(moving)@9.0 aa_vehicle(moving)@4.6 main_battle_tank(moving)@6.5 armored_car(moving)@8.4 scout_jeep(moving)@8.8 scout_jeep(moving)@3.4 shield_generator@7
capital,Defend,2,full,1005,armored_car,0,8770,438.5,453.0,14.5,40.3,118.0,59.0,113.0,AttackMove,YieldWait,fortress+gate,nopark,moved,0,,behind aa_vehicle#896,siege_tank(moving)@8.2 aa_vehicle(moving)@6.8 aa_vehicle(moving)@4.3 siege_tank(moving)@6.4 ifv(moving)@4.5 main_battle_tank(parked)@7.7 armored_car(moving)@8.5 light_tank(moving)@2.7 aa_vehicle(moving)@6.6 scout_jeep(moving)@6.4 scout_jeep(moving)@8.0 base_wall@6
capital,Defend,2,full,913,light_tank,0,8810,440.5,454.5,14.0,51.4,118.0,36.8,122.2,AttackMove,YieldWait,fortress+gate,narrow+nopark,moved,0,,behind siege_tank#892,siege_tank(moving)@3.6 aa_vehicle(moving)@8.1 aa_vehicle(moving)@6.5 ifv(moving)@6.1 armored_car(moving)@8.7 armored_car(parked)@9.0 aa_vehicle(moving)@3.9 main_battle_tank(moving)@2.8 scout_jeep(moving)@5.2 shield_generator@6
capital,Defend,2,full,925,armored_car,0,8830,441.5,451.0,9.5,44.7,113.3,28.0,105.8,Move,BlockedByFriend,fortress+gate,narrow+nopark,moved,0,,ifv#911 moving,siege_tank(moving)@8.9 aa_vehicle(moving)@7.2 ifv(moving)@3.6 light_tank(moving)@8.3 light_tank(moving)@7.9 armored_car(moving)@6.4 scout_jeep(moving)@9.2 base_wall@5 shield_generator@7
capital,Defend,2,full,885,main_battle_tank,0,8840,442.0,461.5,19.5,59.8,122.0,36.8,122.2,AttackMove,YieldWait,fortress+gate,nopark,moved,0,,behind scout_jeep#1007,missile_battery(fixed)@8.3 main_battle_tank(moving)@5.2 light_tank(moving)@8.6 armored_car(parked)@7.4 aa_vehicle(moving)@7.2 main_battle_tank(moving)@6.1 scout_jeep(moving)@4.9 container@8
capital,Defend,2,full,961,main_battle_tank,0,8850,442.5,456.0,13.5,55.6,118.0,34.2,116.4,AttackMove,YieldWait,fortress+gate,narrow+nopark,moved,0,,behind light_tank#913,main_battle_tank(moving)@5.6 main_battle_tank(moving)@8.3 siege_tank(moving)@8.3 aa_vehicle(moving)@8.0 light_tank(moving)@3.1 armored_car(parked)@5.1 aa_vehicle(moving)@4.5 scout_jeep(moving)@3.5 shield_generator@7
capital,Defend,2,full,950,aa_vehicle,0,8970,448.5,467.5,19.0,52.7,121.1,34.2,116.4,AttackMove,BlockedByFriend,fortress+gate,narrow+nopark,moved,0,,light_tank#913 moving,missile_battery(fixed)@7.1 main_battle_tank(moving)@7.7 aa_vehicle(moving)@3.9 light_tank(moving)@2.4 light_tank(moving)@5.2 main_battle_tank(moving)@3.6 armored_car(moving)@6.6 scout_jeep(moving)@8.2 scout_jeep(moving)@3.5 shield_generator@9
capital,Defend,2,full,1007,scout_jeep,0,8990,449.5,464.0,14.5,56.2,120.4,28.3,104.8,Move,YieldWait,fortress+gate,narrow+nopark,moved,0,,behind aa_vehicle#950,missile_battery(fixed)@7.9 main_battle_tank(moving)@4.4 main_battle_tank(parked)@6.7 aa_vehicle(moving)@6.8 aa_vehicle(parked)@5.5 light_tank(moving)@6.1 light_tank(moving)@8.8 aa_vehicle(moving)@3.6 main_battle_tank(moving)@2.9 ifv(parked)@8.6 armored_car(moving)@9.5 shield_generator@9
capital,Defend,2,full,940,light_tank,0,9080,454.0,475.0,21.0,46.8,120.7,59.0,113.0,AttackMove,YieldWait,fortress+gate,nopark,moved,0,,behind aa_vehicle#896,main_battle_tank(moving)@6.3 aa_vehicle(moving)@2.4 aa_vehicle(moving)@4.0 light_tank(moving)@4.0 main_battle_tank(moving)@7.2 aa_vehicle(moving)@7.5 main_battle_tank(moving)@7.5 armored_car(moving)@4.9 scout_jeep(moving)@2.6 scout_jeep(moving)@9.7 scout_jeep(moving)@4.6 scout_jeep(moving)@6.7
capital,Defend,2,full,896,aa_vehicle,0,9090,454.5,472.0,17.5,49.4,118.0,45.4,101.7,AttackMove,BlockedByFriend,fortress+gate,narrow+nopark,moved,0,,main_battle_tank#961 moving,main_battle_tank(moving)@7.8 aa_vehicle(moving)@3.4 light_tank(moving)@4.1 armored_car(moving)@8.9 light_tank(moving)@3.9 aa_vehicle(moving)@6.2 main_battle_tank(moving)@3.9 armored_car(moving)@7.7 scout_jeep(moving)@6.0 scout_jeep(moving)@6.9 scout_jeep(moving)@8.8 scout_jeep(moving)@9.7 shield_generator@7
capital,Defend,2,full,913,light_tank,0,9090,454.5,473.5,19.0,50.7,122.0,36.8,122.2,AttackMove,YieldWait,fortress+gate,narrow+nopark,moved,0,,behind light_tank#940,missile_battery(fixed)@6.9 main_battle_tank(moving)@9.5 aa_vehicle(moving)@5.8 aa_vehicle(moving)@4.1 light_tank(moving)@9.7 main_battle_tank(moving)@8.2 armored_car(moving)@9.3 light_tank(moving)@4.0 aa_vehicle(moving)@3.5 main_battle_tank(moving)@4.6 armored_car(moving)@4.6 scout_jeep(moving)@4.2 scout_jeep(moving)@5.7 scout_jeep(moving)@8.2
capital,Defend,2,full,961,main_battle_tank,0,9120,456.0,468.5,12.5,52.6,118.3,34.2,116.4,AttackMove,BlockedByFriend,fortress+gate,narrow+nopark,moved,0,,aa_vehicle#896 moving,missile_battery(fixed)@9.8 main_battle_tank(moving)@9.4 main_battle_tank(moving)@9.3 aa_vehicle(moving)@6.8 aa_vehicle(moving)@2.8 aa_vehicle(parked)@7.4 light_tank(moving)@4.2 armored_car(moving)@5.8 light_tank(moving)@6.0 aa_vehicle(moving)@4.0 armored_car(moving)@8.6 scout_jeep(moving)@8.0 scout_jeep(moving)@3.3 shield_generator@6
capital,Defend,2,full,1008,scout_jeep,0,9130,456.5,465.0,8.5,52.9,105.8,59.0,113.0,AttackMove,BlockedByFriend,fortress+gate,nopark,moved,0,,armored_car#925 moving,c_ram(fixed)@9.2 main_battle_tank(moving)@7.2 aa_vehicle(parked)@9.2 light_tank(parked)@8.2 armored_car(moving)@3.2 shield_generator@6
capital,Defend,2,full,1005,armored_car,0,9140,457.0,466.0,9.0,48.0,125.8,59.0,113.0,AttackMove,OffRoute,fortress+gate,nopark,moved,0,,to (59.0;119.0) past missile_battery(defence),missile_battery(fixed)@6.4 main_battle_tank(moving)@6.8 aa_vehicle(moving)@8.3 aa_vehicle(moving)@8.0 siege_tank(moving)@8.7 light_tank(moving)@3.5 light_tank(moving)@4.6 main_battle_tank(moving)@5.4 light_tank(moving)@4.5 aa_vehicle(moving)@7.6 main_battle_tank(moving)@8.7 scout_jeep(moving)@2.1 scout_jeep(moving)@7.9
capital,Defend,2,full,895,aa_vehicle,0,9240,462.0,474.0,12.0,44.0,117.7,61.1,116.7,AttackMove,YieldWait,fortress+gate,narrow+nopark,moved,0,,behind light_tank#940,main_battle_tank(moving)@4.2 aa_vehicle(moving)@3.1 light_tank(moving)@6.5 light_tank(moving)@6.0 main_battle_tank(moving)@8.3 armored_car(moving)@5.0 light_tank(moving)@5.4 main_battle_tank(moving)@8.0 scout_jeep(moving)@7.1 scout_jeep(moving)@7.8 scout_jeep(moving)@3.0 base_wall@7 shield_generator@10
capital,Defend,2,full,1006,scout_jeep,0,9240,462.0,473.5,11.5,48.0,123.7,59.0,113.0,AttackMove,OffRoute,fortress+gate,nopark,moved,0,,to (59.0;119.0) past missile_battery(defence),missile_battery(fixed)@7.4 main_battle_tank(moving)@4.7 aa_vehicle(moving)@7.1 aa_vehicle(moving)@5.7 light_tank(moving)@8.7 light_tank(moving)@4.2 siege_tank(moving)@9.3 light_tank(moving)@1.9 aa_vehicle(moving)@6.6 main_battle_tank(moving)@6.9 armored_car(moving)@4.8 scout_jeep(moving)@9.2 scout_jeep(moving)@3.1 scout_jeep(moving)@8.0
capital,Defend,2,full,887,main_battle_tank,0,9270,463.5,476.5,13.0,43.0,121.9,59.0,113.0,AttackMove,YieldWait,fortress+gate,nopark,gave up,0,,behind aa_vehicle#895,aa_vehicle(moving)@4.7 aa_vehicle(moving)@5.6 light_tank(moving)@3.3 light_tank(moving)@6.5 siege_tank(moving)@7.4 main_battle_tank(moving)@6.0 armored_car(moving)@9.7 light_tank(moving)@3.6 mlrs(moving)@8.2 main_battle_tank(moving)@9.6 scout_jeep(moving)@5.3 scout_jeep(moving)@5.2 scout_jeep(moving)@2.9
capital,Defend,2,full,1007,scout_jeep,0,9280,464.0,478.5,14.5,55.5,119.4,28.3,104.8,Move,YieldWait,fortress+gate,narrow+nopark,moved,0,,behind main_battle_tank#961,missile_battery(fixed)@8.8 main_battle_tank(moving)@5.7 main_battle_tank(moving)@9.4 aa_vehicle(moving)@8.8 aa_vehicle(parked)@7.8 light_tank(moving)@6.4 armored_car(moving)@6.2 light_tank(moving)@9.1 aa_vehicle(moving)@3.0 main_battle_tank(moving)@3.9 ifv(moving)@4.5 scout_jeep(moving)@9.6 scout_jeep(moving)@9.0 shield_generator@8
capital,Defend,2,full,961,main_battle_tank,0,9370,468.5,477.0,8.5,54.1,118.8,59.0,113.0,Idle,BlockedByFriend,fortress+gate,narrow+nopark,moved,0,,scout_jeep#1007 moving,missile_battery(fixed)@9.2 main_battle_tank(moving)@7.0 aa_vehicle(moving)@9.4 aa_vehicle(moving)@6.5 light_tank(moving)@6.2 light_tank(moving)@5.5 aa_vehicle(moving)@2.6 ifv(parked)@8.4 scout_jeep(moving)@3.4 scout_jeep(moving)@9.4 scout_jeep(moving)@8.2 shield_generator@7
capital,Defend,2,full,885,main_battle_tank,0,9430,471.5,487.0,15.5,61.7,123.1,36.8,122.2,AttackMove,OffRoute,fortress+gate,nopark,moved,0,,to (47.0;121.0) past container,missile_battery(fixed)@9.1 main_battle_tank(moving)@7.5 main_battle_tank(parked)@6.1 aa_vehicle(parked)@9.3 armored_car(moving)@4.1 light_tank(moving)@9.9 main_battle_tank(moving)@5.3 container@10 container@5
capital,Defend,2,full,898,siege_tank,0,9600,480.0,493.5,13.5,45.7,144.0,23.3,144.0,Move,BlockedByFriend,fortress,,moved,0,,mlrs#947 parked,mlrs(parked)@7.8 base_wall@8 base_wall@6 container@6
capital,Defend,2,full,911,ifv,0,9760,488.0,497.0,9.0,59.3,107.7,36.8,122.2,AttackMove,BlockedByFriend,fortress+gate,narrow+nopark,moved,0,,ifv#943 moving,c_ram(fixed)@7.8 aa_vehicle(moving)@6.1 ifv(moving)@3.5 ifv(moving)@7.2 scout_jeep(parked)@6.8 scout_jeep(moving)@6.1 shield_generator@8
capital,Defend,2,full,885,main_battle_tank,0,9810,490.5,500.0,9.5,60.0,122.6,36.8,122.2,AttackMove,OffRoute,fortress+gate,nopark,moved,0,,to (47.0;121.0) past container,missile_battery(fixed)@8.1 main_battle_tank(moving)@5.1 main_battle_tank(moving)@9.9 armored_car(moving)@5.9 scout_jeep(moving)@6.9 scout_jeep(moving)@4.9 scout_jeep(moving)@9.1 container@7
capital,Defend,2,full,925,armored_car,0,10190,509.5,525.5,16.0,47.8,125.0,59.0,113.0,AttackMove,OffRoute,fortress+gate,nopark,moved,0,,to (59.0;119.0) past missile_battery(defence),missile_battery(fixed)@6.9 main_battle_tank(moving)@6.7 main_battle_tank(moving)@5.2 aa_vehicle(moving)@5.7 light_tank(moving)@2.2 main_battle_tank(moving)@9.1 mlrs(moving)@7.5 main_battle_tank(moving)@5.4
capital,Defend,2,full,961,main_battle_tank,0,10210,510.5,522.5,12.0,45.7,119.5,59.0,113.0,AttackMove,YieldWait,fortress+gate,nopark,moved,0,,behind main_battle_tank#888,main_battle_tank(moving)@3.8 main_battle_tank(moving)@5.7 aa_vehicle(moving)@7.6 light_tank(moving)@5.2 light_tank(moving)@3.8 main_battle_tank(moving)@8.4 armored_car(moving)@6.7 mlrs(moving)@4.1 aa_vehicle(moving)@6.8 base_wall@9 shield_generator@10
capital,Defend,2,full,921,main_battle_tank,0,10410,520.5,530.5,10.0,49.8,119.5,39.0,131.0,Move,YieldWait,fortress+gate,narrow+nopark,moved,0,,behind main_battle_tank#885,missile_battery(fixed)@9.5 main_battle_tank(moving)@3.9 main_battle_tank(moving)@9.7 light_tank(moving)@9.8 aa_vehicle(moving)@6.5 main_battle_tank(moving)@4.5 shield_generator@8
capital,Defend,2,full,950,aa_vehicle,0,10410,520.5,529.0,8.5,43.4,120.3,45.4,101.7,AttackMove,YieldWait,fortress+gate,nopark,moved,0,,behind main_battle_tank#961,main_battle_tank(moving)@3.6 aa_vehicle(moving)@5.3 light_tank(moving)@5.6 main_battle_tank(moving)@6.5 main_battle_tank(moving)@5.6 scout_jeep(moving)@7.4 base_wall@9
capital,Endless,1,full,916,aa_vehicle,0,2070,103.5,115.5,12.0,86.9,106.1,12.5,91.2,AttackMove,BlockedByFriend,fortress+gate,nopark,moved,0,,aa_vehicle#914 moving,aa_vehicle(moving)@9.6 heavy_tank(moving)@4.8 titan_tank(moving)@9.7 heavy_tank(moving)@4.8 aa_vehicle(moving)@3.7 aa_vehicle(moving)@6.8 aa_vehicle(moving)@7.3 base_wall@4
capital,Endless,1,full,904,heavy_tank,0,2080,104.0,114.5,10.5,88.2,111.4,87.7,99.5,Move,BlockedByFriend,fortress+gate,road+route+nopark,moved,0,,aa_vehicle#914 moving,aa_vehicle(moving)@6.7 titan_tank(moving)@7.3 heavy_tank(moving)@8.8 aa_vehicle(moving)@4.6 aa_vehicle(moving)@5.1 aa_vehicle(moving)@7.7 base_wall@9
capital,Endless,1,full,929,main_battle_tank,0,6100,305.0,321.5,16.5,13.5,71.6,-19.8,58.0,AttackMove,BlockedByFriend,fortress,road,moved,0,,heavy_tank#912 moving,aa_vehicle(moving)@6.8 titan_tank(parked)@7.6 heavy_tank(moving)@5.6 aa_vehicle(moving)@4.6 titan_tank(moving)@5.6 radar_station@10
capital,Endless,1,full,1081,artillery,0,9160,458.0,470.5,12.5,95.1,97.9,-4.6,70.2,Move,BlockedByFriend,fortress,,gave up,0,,siege_tank#1080 moving,heavy_turret(fixed)@8.0 titan_tank(moving)@8.6 main_battle_tank(moving)@7.3 artillery(moving)@6.3 siege_tank(moving)@5.0 aa_vehicle(moving)@8.4
capital,Endless,1,full,998,siege_tank,0,9780,489.0,498.0,9.0,65.1,67.8,15.0,31.0,Move,Unknown,fortress,route,moved,0,,speed 1.9 strikes 0,ammo_dump@7
capital,Endless,1,full,1080,siege_tank,0,9900,495.0,515.0,20.0,86.0,117.6,16.0,75.3,Move,YieldWait,fortress+gate,nopark,moved,0,,behind titan_tank#1026,ifv(moving)@5.1 artillery(moving)@6.6 titan_tank(moving)@8.2 ifv(moving)@7.4 aa_vehicle(moving)@9.9 base_wall@5
capital,Endless,1,full,1080,siege_tank,0,10330,516.5,532.5,16.0,86.0,120.6,16.0,75.3,Move,GateWait,fortress,,moved,0,,doorway 0,artillery_emplacement(fixed)@8.9 main_battle_tank(moving)@9.8 base_wall@3 base_wall@10
capital,Endless,1,full,904,heavy_tank,0,11180,559.0,568.5,9.5,114.6,65.0,121.2,71.6,AttackMove,BlockedByFriend,fortress,,gave up,0,,main_battle_tank#1112 moving,ifv(moving)@7.9 main_battle_tank(moving)@5.7 main_battle_tank(moving)@9.3 main_battle_tank(moving)@4.9 ifv(moving)@5.9 atgm_tower(fixed)@7.5
capital,Endless,1,full,1080,siege_tank,0,11190,559.5,568.0,8.5,53.3,68.0,16.0,75.3,Move,Unknown,fortress,road,moved,0,,speed 2.4 strikes 0,aa_turret(fixed)@8.1
capital,Endless,2,obstacles,912,aa_vehicle,0,1500,75.0,84.0,9.0,90.1,113.6,79.0,103.0,Move,BlockedByFriend,fortress,road+route,moved,0,,aa_vehicle#915 moving,aa_vehicle(moving)@3.8 aa_vehicle(moving)@5.8 aa_vehicle(moving)@4.6 ifv(moving)@7.1
capital,Endless,2,obstacles,919,siege_tank,0,2440,122.0,132.0,10.0,67.9,118.3,6.1,94.3,Move,BlockedByFriend,fortress+gate,narrow+nopark,moved,0,,main_battle_tank#889 moving,ifv(moving)@7.0 main_battle_tank(moving)@3.0 main_battle_tank(moving)@8.1 main_battle_tank(moving)@5.7 mlrs(moving)@8.2 scout_jeep(moving)@5.4 armored_car(moving)@5.9 armored_car(moving)@6.6 armored_car(moving)@5.2 scout_jeep(moving)@4.3 container_stack@10 container@6 container@9
capital,Endless,2,obstacles,890,main_battle_tank,0,2500,125.0,135.5,10.5,60.2,118.6,57.6,69.2,AttackMove,YieldWait,fortress+gate,narrow+nopark,moved,0,,behind main_battle_tank#889,ifv(moving)@5.6 main_battle_tank(moving)@5.3 main_battle_tank(moving)@9.5 siege_tank(moving)@6.3 scout_jeep(moving)@7.7 armored_car(moving)@8.4 container_stack@5 container@10
capital,Endless,2,obstacles,886,ifv,0,2520,126.0,137.0,11.0,63.5,123.1,67.3,50.4,AttackMove,BlockedByFriend,fortress+gate,nopark,moved,0,,siege_tank#919 moving,main_battle_tank(moving)@8.3 main_battle_tank(moving)@5.4 main_battle_tank(moving)@4.6 siege_tank(moving)@3.9 scout_jeep(moving)@9.1 armored_car(moving)@6.1 scout_jeep(moving)@9.5 container@8 container@4
capital,Endless,2,obstacles,891,main_battle_tank,0,2530,126.5,167.0,40.5,67.9,124.0,42.1,48.2,AttackMove,BlockedByFriend,fortress+gate,nopark,moved,0,,siege_tank#919 moving,ifv(moving)@4.5 main_battle_tank(moving)@9.5 siege_tank(moving)@4.5 scout_jeep(moving)@8.3 armored_car(moving)@9.6 armored_car(moving)@7.2 scout_jeep(moving)@6.9 fuel_depot@9 container@4 container@4
capital,Endless,2,obstacles,897,siege_tank,0,2620,131.0,140.0,9.0,76.0,109.4,29.9,120.3,Move,BlockedByFriend,fortress+gate,route+nopark,moved,0,,mlrs#927 moving,main_battle_tank(moving)@8.8 mlrs(moving)@6.4 ifv(moving)@4.0 base_wall@9
capital,Endless,2,obstacles,944,scout_jeep,0,2650,132.5,145.0,12.5,70.6,118.0,33.6,64.9,Move,OffRoute,fortress+gate,nopark,moved,0,,to (63.0;119.0) past container,ifv(moving)@6.2 main_battle_tank(moving)@6.5 siege_tank(moving)@9.4 armored_car(moving)@9.7 mlrs(moving)@6.2 scout_jeep(moving)@9.5 armored_car(moving)@2.8 armored_car(moving)@6.1 armored_car(moving)@9.9 ifv(moving)@9.7 container@6
capital,Endless,2,obstacles,919,siege_tank,0,2750,137.5,150.0,12.5,60.0,123.9,6.1,94.3,Move,YieldWait,fortress+gate,nopark,moved,0,,behind armored_car#940,drone_hangar(fixed)@7.3 ifv(moving)@6.3 main_battle_tank(moving)@4.9 main_battle_tank(moving)@5.6 mlrs(moving)@8.8 scout_jeep(moving)@3.5 armored_car(moving)@8.8 armored_car(moving)@4.8 armored_car(moving)@5.9 container_stack@10 container@6
capital,Endless,2,obstacles,927,mlrs,0,2820,141.0,149.5,8.5,64.0,114.7,27.6,125.3,Move,BlockedByFriend,fortress+gate,nopark,moved,0,,scout_jeep#944 moving,ifv(moving)@3.8 main_battle_tank(moving)@9.8 siege_tank(moving)@9.3 armored_car(moving)@5.5 siege_tank(moving)@7.9 scout_jeep(moving)@9.2 armored_car(moving)@6.3 armored_car(moving)@9.4 armored_car(moving)@9.4 scout_jeep(moving)@2.6 container_stack@5
capital,Endless,2,obstacles,939,armored_car,0,2940,147.0,168.5,21.5,60.0,123.5,32.7,66.4,Move,OffRoute,fortress+gate,nopark,moved,0,,to (59.0;121.0) past container,drone_hangar(fixed)@7.5 ifv(moving)@6.1 main_battle_tank(moving)@3.6 main_battle_tank(moving)@8.0 mlrs(moving)@6.2 mlrs(moving)@7.1 scout_jeep(moving)@3.3 armored_car(moving)@3.5 container_stack@10 container@7
capital,Endless,2,obstacles,897,siege_tank,0,2960,148.0,160.0,12.0,71.5,117.7,29.9,120.3,Move,YieldWait,fortress+gate,nopark,moved,0,,behind mlrs#927,ifv(moving)@8.3 main_battle_tank(moving)@7.1 armored_car(moving)@7.2 mlrs(moving)@6.2 armored_car(moving)@9.8 scout_jeep(moving)@6.7 container@6
capital,Endless,2,obstacles,890,main_battle_tank,0,3060,153.0,163.0,10.0,56.5,122.0,57.6,69.2,AttackMove,BlockedByFriend,fortress+gate,narrow+nopark,moved,0,,scout_jeep#929 moving,drone_hangar(fixed)@6.5 mlrs(moving)@4.2 mlrs(moving)@7.4 scout_jeep(moving)@2.9 armored_car(moving)@4.9 armored_car(moving)@3.7 scout_jeep(moving)@8.3 container_stack@8
capital,Endless,2,obstacles,897,siege_tank,0,3280,164.0,176.0,12.0,64.3,113.0,29.9,120.3,Move,BlockedByFriend,fortress+gate,nopark,moved,0,,armored_car#900 moving,main_battle_tank(moving)@8.5 armored_car(moving)@5.3 mlrs(moving)@5.9 container_stack@5
capital,Endless,2,obstacles,927,mlrs,0,3330,166.5,176.5,10.0,60.0,121.5,27.6,125.3,Move,BlockedByFriend,fortress+gate,narrow+nopark,moved,0,,mlrs#902 moving,drone_hangar(fixed)@8.8 main_battle_tank(moving)@3.0 main_battle_tank(moving)@6.0 armored_car(moving)@6.5 mlrs(moving)@5.7 container_stack@8 container@8
capital,Endless,2,obstacles,891,main_battle_tank,0,3340,167.0,180.0,13.0,66.1,122.6,119.0,43.0,AttackMove,YieldWait,fortress+gate,nopark,moved,0,,behind armored_car#900,main_battle_tank(moving)@6.3 siege_tank(moving)@9.0 armored_car(moving)@3.5 mlrs(moving)@6.7 container@5 container@4
capital,Endless,2,obstacles,889,main_battle_tank,0,4700,235.0,244.0,9.0,63.3,109.3,34.2,116.4,AttackMove,BlockedByFriend,fortress+gate,narrow+nopark,moved,0,,siege_tank#919 moving,gun_pit(fixed)@9.8 main_battle_tank(moving)@6.2 siege_tank(moving)@5.9 scout_jeep(moving)@7.6 container_stack@6
capital,Endless,2,obstacles,919,siege_tank,0,4700,235.0,244.0,9.0,68.7,111.6,74.6,67.4,Move,YieldWait,fortress,road,gave up,0,,waiting on a yield,main_battle_tank(moving)@5.9 main_battle_tank(moving)@3.8 siege_tank(moving)@9.7 armored_car(moving)@4.4 scout_jeep(moving)@2.8 scout_jeep(moving)@6.2 light_tank(moving)@7.7 light_tank(moving)@6.8 ifv(moving)@8.0
capital,Endless,2,obstacles,927,mlrs,0,5470,273.5,288.0,14.5,46.9,118.0,35.9,80.9,Move,StalePath,fortress+gate,nopark,gave up,0,,leg 2/8 to (47.0;121.0) crosses shield_generator,main_battle_tank(moving)@7.4 aa_vehicle(moving)@3.2 light_tank(moving)@7.9 ifv(moving)@5.1 armored_car(moving)@8.3 base_wall@9 base_wall@7 shield_generator@8 floodlight_mast@4
capital,Endless,2,obstacles,973,aa_vehicle,0,5700,285.0,303.0,18.0,46.8,122.0,33.8,110.1,AttackMove,YieldWait,fortress+gate,narrow+nopark,moved,0,,behind mlrs#927,drone_hangar(fixed)@9.4 main_battle_tank(moving)@8.3 mlrs(moving)@3.9 aa_vehicle(moving)@5.7 scout_jeep(moving)@4.0 light_tank(moving)@5.7 light_tank(moving)@8.9 armored_car(moving)@3.9 armored_car(moving)@3.9 base_wall@7 floodlight_mast@4
capital,Endless,2,obstacles,990,armored_car,0,5740,287.0,317.5,30.5,44.0,124.0,75.0,111.0,Move,OffRoute,fortress+gate,narrow+nopark,moved,0,,to (47.0;121.0) past floodlight_mast,main_battle_tank(moving)@6.4 mlrs(moving)@6.1 scout_jeep(moving)@8.3 aa_vehicle(moving)@3.9 aa_vehicle(moving)@3.6 scout_jeep(moving)@8.1 scout_jeep(moving)@4.2 light_tank(moving)@8.2 light_tank(moving)@4.1 main_battle_tank(moving)@8.4 armored_car(moving)@8.9 base_wall@6 floodlight_mast@4
capital,Endless,2,obstacles,988,light_tank,0,5790,289.5,307.0,17.5,51.3,122.0,27.9,107.9,AttackMove,YieldWait,fortress+gate,narrow+nopark,moved,0,,behind armored_car#998,drone_hangar(fixed)@6.6 mlrs(moving)@4.8 aa_vehicle(moving)@3.8 aa_vehicle(moving)@7.7 scout_jeep(moving)@5.6 armored_car(moving)@7.4 ifv(moving)@4.1 armored_car(moving)@3.9 aa_vehicle(moving)@5.6 floodlight_mast@9
capital,Endless,2,obstacles,974,aa_vehicle,0,5840,292.0,310.0,18.0,45.1,127.5,74.2,86.7,AttackMove,YieldWait,fortress+gate,nopark,moved,0,,behind armored_car#990,drone_hangar(fixed)@9.0 main_battle_tank(moving)@4.9 main_battle_tank(moving)@6.8 mlrs(moving)@6.5 scout_jeep(moving)@6.3 scout_jeep(moving)@5.2 aa_vehicle(moving)@3.8 scout_jeep(moving)@9.9 scout_jeep(moving)@3.0 light_tank(moving)@8.7 light_tank(moving)@2.7 armored_car(moving)@3.5 main_battle_tank(moving)@4.7 base_wall@9 floodlight_mast@8
capital,Endless,2,obstacles,998,armored_car,0,5840,292.0,302.0,10.0,50.6,118.0,27.4,109.8,Move,YieldWait,fortress+gate,narrow+nopark,moved,0,,behind mlrs#927,mlrs(moving)@4.9 aa_vehicle(moving)@7.6 light_tank(moving)@4.1 armored_car(moving)@9.0 ifv(moving)@3.3 aa_vehicle(moving)@6.4 shield_generator@6 container_stack@9 floodlight_mast@8
capital,Endless,2,obstacles,989,light_tank,0,5910,295.5,319.0,23.5,41.9,128.6,68.5,96.0,AttackMove,YieldWait,fortress+gate,narrow+nopark,moved,0,,behind aa_vehicle#974,main_battle_tank(moving)@6.1 main_battle_tank(moving)@8.5 main_battle_tank(moving)@3.7 scout_jeep(moving)@2.6 scout_jeep(moving)@4.1 aa_vehicle(moving)@6.7 aa_vehicle(moving)@3.1 scout_jeep(moving)@3.9 scout_jeep(moving)@6.1 armored_car(moving)@5.1 ifv(moving)@4.3 main_battle_tank(moving)@7.1 armored_car(moving)@8.3 base_wall@9 base_wall@10 container@10 floodlight_mast@9
capital,Endless,2,obstacles,999,aa_vehicle,0,5940,297.0,305.5,8.5,54.9,121.9,32.9,90.8,AttackMove,YieldWait,fortress+gate,narrow+nopark,moved,0,,behind ifv#996,drone_hangar(fixed)@6.2 siege_tank(moving)@3.2 mlrs(moving)@7.5 aa_vehicle(moving)@7.8 scout_jeep(moving)@9.5 light_tank(moving)@3.7 ifv(moving)@4.4 armored_car(moving)@7.8 aa_vehicle(moving)@8.5 container_stack@9
capital,Endless,2,obstacles,891,main_battle_tank,0,5990,299.5,316.0,16.5,37.7,126.0,69.0,83.9,AttackMove,BlockedByFriend,fortress+gate,narrow+nopark,moved,0,,light_tank#989 moving,main_battle_tank(moving)@3.5 light_tank(moving)@5.2 ifv(moving)@8.5 scout_jeep(moving)@9.4 aa_vehicle(moving)@6.5 scout_jeep(moving)@4.0 light_tank(moving)@3.2 armored_car(moving)@7.0 ifv(moving)@6.7 base_wall@6 floodlight_mast@8
capital,Endless,2,obstacles,987,scout_jeep,0,6000,300.0,310.0,10.0,47.9,129.5,47.0,77.5,Move,YieldWait,fortress+gate,nopark,moved,0,,behind aa_vehicle#973,drone_hangar(fixed)@6.3 main_battle_tank(moving)@6.9 scout_jeep(moving)@2.1 scout_jeep(moving)@3.3 aa_vehicle(moving)@3.1 aa_vehicle(moving)@4.5 scout_jeep(moving)@7.7 light_tank(moving)@7.6 light_tank(moving)@8.0 armored_car(moving)@6.5 ifv(moving)@6.3 armored_car(moving)@7.5 aa_vehicle(moving)@9.2
capital,Endless,2,obstacles,998,armored_car,0,6040,302.0,325.0,23.0,47.2,122.0,27.4,109.8,Move,YieldWait,fortress+gate,narrow+nopark,moved,0,,behind armored_car#990,drone_hangar(fixed)@9.1 mlrs(moving)@4.1 scout_jeep(moving)@7.7 aa_vehicle(moving)@4.7 aa_vehicle(moving)@7.0 scout_jeep(moving)@6.0 light_tank(moving)@2.6 light_tank(moving)@7.9 armored_car(moving)@3.6 ifv(moving)@5.4 aa_vehicle(moving)@6.1 base_wall@7 floodlight_mast@5
capital,Endless,2,obstacles,996,ifv,0,6060,303.0,315.5,12.5,51.5,118.0,34.2,116.4,AttackMove,YieldWait,fortress+gate,narrow+nopark,moved,0,,behind mlrs#927,siege_tank(moving)@5.3 mlrs(moving)@4.5 aa_vehicle(moving)@9.4 light_tank(moving)@4.5 armored_car(moving)@9.4 armored_car(moving)@6.5 aa_vehicle(moving)@4.2 aa_vehicle(moving)@8.4 shield_generator@6 container_stack@9 floodlight_mast@9
capital,Endless,2,obstacles,999,aa_vehicle,0,6110,305.5,328.0,22.5,53.0,122.0,35.5,104.0,AttackMove,YieldWait,fortress+gate,narrow+nopark,moved,0,,behind light_tank#988,drone_hangar(fixed)@6.1 siege_tank(moving)@5.1 mlrs(moving)@6.8 scout_jeep(moving)@9.5 aa_vehicle(moving)@7.4 light_tank(moving)@3.6 armored_car(moving)@8.6 ifv(moving)@4.3 armored_car(moving)@6.3 aa_vehicle(moving)@5.5 aa_vehicle(moving)@8.9
capital,Endless,2,obstacles,988,light_tank,0,6140,307.0,338.0,31.0,49.9,122.0,27.9,107.9,AttackMove,OffRoute,fortress+gate,nopark,moved,0,,to (47.0;125.0) past drone_hangar(defence),drone_hangar(fixed)@7.3 siege_tank(moving)@8.2 mlrs(moving)@4.8 scout_jeep(moving)@7.8 aa_vehicle(moving)@6.3 scout_jeep(moving)@8.1 armored_car(moving)@6.0 ifv(moving)@9.6 ifv(moving)@4.0 armored_car(moving)@2.8 aa_vehicle(moving)@3.3 aa_vehicle(moving)@7.7 floodlight_mast@7
capital,Endless,2,obstacles,895,siege_tank,0,6200,310.0,343.0,33.0,56.8,118.0,18.4,139.5,Move,YieldWait,fortress+gate,narrow+nopark,moved,0,,behind aa_vehicle#999,armored_car(moving)@7.6 siege_tank(moving)@8.5 mlrs(moving)@9.2 light_tank(moving)@8.1 ifv(moving)@6.1 aa_vehicle(moving)@5.3 aa_vehicle(moving)@4.0 aa_vehicle(moving)@3.7 aa_vehicle(moving)@7.7 shield_generator@8 container_stack@5
capital,Endless,2,obstacles,889,main_battle_tank,0,6240,312.0,325.5,13.5,47.8,134.3,69.1,89.8,AttackMove,BlockedByFriend,fortress+gate,narrow+nopark,moved,0,,aa_vehicle#973 moving,drone_hangar(fixed)@8.8 light_tank(moving)@7.8 scout_jeep(moving)@8.3 scout_jeep(moving)@7.4 aa_vehicle(moving)@3.5 aa_vehicle(moving)@8.1 scout_jeep(moving)@4.1 scout_jeep(moving)@9.5 light_tank(moving)@7.0 ifv(moving)@5.0 main_battle_tank(moving)@3.3 base_wall@9 container@7
capital,Endless,2,obstacles,971,scout_jeep,0,6240,312.0,321.5,9.5,46.0,126.2,79.0,103.0,Move,BlockedByFriend,fortress+gate,nopark,moved,0,,light_tank#989 moving,drone_hangar(fixed)@8.2 main_battle_tank(moving)@8.3 main_battle_tank(moving)@7.7 light_tank(moving)@3.7 mlrs(moving)@8.4 aa_vehicle(moving)@4.9 aa_vehicle(moving)@7.2 scout_jeep(moving)@2.9 light_tank(moving)@5.3 light_tank(moving)@1.9 armored_car(moving)@6.4 ifv(moving)@6.3 main_battle_tank(moving)@9.4 ifv(moving)@9.3 armored_car(moving)@2.8 aa_vehicle(moving)@8.0 base_wall@9 floodlight_mast@7
capital,Endless,2,obstacles,987,scout_jeep,0,6240,312.0,325.5,13.5,43.1,126.0,47.0,77.5,Move,OffRoute,fortress+gate,narrow+nopark,moved,0,,to (47.0;121.0) past base_wall,main_battle_tank(moving)@9.5 main_battle_tank(moving)@4.9 light_tank(moving)@2.2 mlrs(moving)@9.5 ifv(moving)@8.2 scout_jeep(moving)@2.9 aa_vehicle(moving)@6.1 aa_vehicle(moving)@5.5 light_tank(moving)@7.4 light_tank(moving)@4.6 armored_car(moving)@7.2 ifv(moving)@6.0 armored_car(moving)@4.0 base_wall@7 floodlight_mast@6
capital,Endless,2,obstacles,1000,aa_vehicle,0,6310,315.5,330.5,15.0,58.0,122.0,33.8,110.1,AttackMove,YieldWait,fortress+gate,narrow+nopark,moved,0,,behind aa_vehicle#999,drone_hangar(fixed)@7.2 siege_tank(moving)@4.2 siege_tank(moving)@9.9 armored_car(moving)@5.0 siege_tank(moving)@9.5 light_tank(moving)@8.9 ifv(moving)@6.3 aa_vehicle(moving)@5.4 aa_vehicle(moving)@3.6 aa_vehicle(moving)@3.9 container_stack@8 container@9
capital,Endless,2,obstacles,900,armored_car,0,6340,317.0,332.5,15.5,61.2,123.5,30.2,100.3,Move,OffRoute,fortress+gate,nopark,moved,0,,to (47.0;121.0) past container,drone_hangar(fixed)@8.5 siege_tank(moving)@7.3 siege_tank(moving)@7.3 siege_tank(moving)@9.0 ifv(moving)@9.9 aa_vehicle(moving)@8.8 aa_vehicle(moving)@3.9 aa_vehicle(moving)@4.6 aa_vehicle(moving)@3.5 container_stack@10 container@6
capital,Endless,2,obstacles,1021,aa_vehicle,0,6340,317.0,332.5,15.5,63.1,120.6,61.0,131.0,AttackMove,BlockedByFriend,fortress+gate,narrow+nopark,moved,0,,aa_vehicle#1020 moving,siege_tank(moving)@7.3 siege_tank(moving)@4.5 armored_car(moving)@3.5 mlrs(moving)@10.0 siege_tank(moving)@5.7 aa_vehicle(moving)@5.7 aa_vehicle(moving)@3.3 container_stack@8 container@9 container@7
capital,Endless,2,obstacles,1020,aa_vehicle,0,6360,318.0,334.0,16.0,60.1,119.0,32.9,119.1,AttackMove,YieldWait,fortress+gate,narrow+nopark,moved,0,,behind aa_vehicle#1000,siege_tank(moving)@4.0 siege_tank(moving)@7.4 armored_car(moving)@5.5 mlrs(moving)@9.5 siege_tank(moving)@5.6 ifv(moving)@7.2 aa_vehicle(moving)@8.2 aa_vehicle(moving)@3.6 aa_vehicle(moving)@3.1 container_stack@5 container@10
capital,Endless,2,obstacles,891,main_battle_tank,0,6370,318.5,332.5,14.0,33.3,126.1,69.0,83.9,AttackMove,YieldWait,fortress+gate,nopark,moved,0,,behind ifv#950,main_battle_tank(moving)@9.1 ifv(moving)@5.4 aa_vehicle(moving)@8.1 base_wall@9
capital,Endless,2,obstacles,974,aa_vehicle,0,6390,319.5,331.5,12.0,39.6,131.9,74.2,86.7,AttackMove,YieldWait,fortress+gate,narrow+nopark,moved,0,,behind ifv#992,main_battle_tank(moving)@5.6 main_battle_tank(moving)@8.0 light_tank(moving)@7.0 ifv(moving)@3.7 scout_jeep(moving)@7.3 aa_vehicle(moving)@6.8 scout_jeep(moving)@9.3 scout_jeep(moving)@9.0 light_tank(moving)@9.8 ifv(moving)@3.6 armored_car(moving)@9.4 base_wall@6 container@7
capital,Endless,2,obstacles,989,light_tank,0,6400,320.0,329.0,9.0,48.0,126.3,68.5,96.0,AttackMove,OffRoute,fortress+gate,nopark,moved,0,,to (49.0;119.0) past drone_hangar(defence),drone_hangar(fixed)@6.3 main_battle_tank(moving)@5.6 light_tank(moving)@3.0 mlrs(moving)@8.2 ifv(moving)@9.0 scout_jeep(moving)@4.9 scout_jeep(moving)@9.4 aa_vehicle(moving)@6.5 scout_jeep(moving)@8.0 scout_jeep(moving)@4.5 light_tank(moving)@4.8 armored_car(moving)@8.3 ifv(moving)@7.5 main_battle_tank(moving)@8.8 ifv(moving)@9.5 armored_car(moving)@2.2 aa_vehicle(moving)@5.8 floodlight_mast@8
capital,Endless,2,obstacles,990,armored_car,0,6400,320.0,354.5,34.5,46.0,118.2,75.0,113.0,Move,YieldWait,fortress+gate,nopark,moved,0,,behind mlrs#927,main_battle_tank(moving)@9.8 mlrs(moving)@3.2 scout_jeep(moving)@3.6 scout_jeep(moving)@6.1 light_tank(moving)@4.5 light_tank(moving)@8.3 ifv(moving)@6.7 armored_car(moving)@6.9 aa_vehicle(moving)@6.9 base_wall@9 base_wall@6 shield_generator@9 floodlight_mast@4
capital,Endless,2,obstacles,992,ifv,0,6420,321.0,330.0,9.0,43.0,131.0,63.0,86.9,AttackMove,YieldWait,fortress+gate,narrow+nopark,moved,0,,behind light_tank#910,main_battle_tank(moving)@4.4 light_tank(moving)@5.3 ifv(moving)@4.8 scout_jeep(moving)@9.7 scout_jeep(moving)@6.8 aa_vehicle(moving)@3.5 aa_vehicle(moving)@4.6 scout_jeep(moving)@7.0 scout_jeep(moving)@7.1 light_tank(moving)@8.1 main_battle_tank(moving)@9.8 armored_car(moving)@4.9 base_wall@8 container@7
capital,Endless,2,obstacles,996,ifv,0,6420,321.0,338.5,17.5,53.0,118.0,34.2,116.4,AttackMove,BlockedByFriend,fortress+gate,narrow+nopark,moved,0,,siege_tank#895 moving,siege_tank(moving)@4.0 mlrs(moving)@3.5 scout_jeep(moving)@7.9 light_tank(moving)@5.4 light_tank(moving)@8.3 armored_car(moving)@7.0 aa_vehicle(moving)@4.1 aa_vehicle(moving)@7.3 aa_vehicle(moving)@7.3 aa_vehicle(moving)@10.0 shield_generator@6 container_stack@7
capital,Endless,2,obstacles,910,light_tank,0,6440,322.0,330.5,8.5,46.9,126.9,63.2,93.0,AttackMove,BlockedByFriend,fortress+gate,nopark,moved,0,,light_tank#989 moving,drone_hangar(fixed)@7.2 main_battle_tank(moving)@6.0 mlrs(moving)@9.4 ifv(moving)@7.6 scout_jeep(moving)@6.0 scout_jeep(moving)@8.0 aa_vehicle(moving)@7.3 aa_vehicle(moving)@9.6 scout_jeep(moving)@7.9 scout_jeep(moving)@3.2 light_tank(moving)@5.4 light_tank(moving)@3.2 armored_car(moving)@8.5 ifv(moving)@3.8 main_battle_tank(moving)@9.4 armored_car(moving)@3.8 aa_vehicle(moving)@7.0 base_wall@10 floodlight_mast@8
capital,Endless,2,obstacles,994,main_battle_tank,0,6440,322.0,350.5,28.5,53.1,134.0,73.7,92.8,AttackMove,OffRoute,fortress+gate,nopark,moved,0,,to (45.0;127.0) past drone_hangar(defence),drone_hangar(fixed)@6.1 main_battle_tank(moving)@5.3 light_tank(moving)@9.4 scout_jeep(moving)@4.7 aa_vehicle(moving)@7.8 scout_jeep(moving)@3.0 ifv(moving)@9.4
capital,Endless,2,obstacles,902,mlrs,0,6460,323.0,332.5,9.5,65.3,109.3,-5.0,143.0,Move,YieldWait,fortress+gate,nopark,moved,0,,behind siege_tank#919,siege_tank(moving)@9.6 siege_tank(moving)@4.8 siege_tank(moving)@9.7 armored_car(moving)@6.7 container_stack@8
capital,Endless,2,obstacles,986,scout_jeep,0,6460,323.0,353.0,30.0,48.9,134.0,75.0,113.0,Move,BlockedByFriend,fortress+gate,narrow+nopark,moved,0,,scout_jeep#972 moving,drone_hangar(fixed)@7.9 main_battle_tank(parked)@7.4 light_tank(moving)@8.1 scout_jeep(moving)@2.8 aa_vehicle(moving)@4.1 ifv(moving)@5.5 main_battle_tank(moving)@3.6 base_wall@10 container@8
capital,Endless,2,obstacles,897,siege_tank,0,6470,323.5,341.5,18.0,67.8,118.5,29.9,120.3,Move,StalePath,fortress+gate,narrow+nopark,moved,0,,leg 3/7 to (47.0;121.0) crosses container,armored_car(moving)@6.6 mlrs(moving)@9.7 siege_tank(moving)@5.5 aa_vehicle(moving)@9.4 aa_vehicle(moving)@7.5 aa_vehicle(moving)@5.0 siege_tank(moving)@6.3 container_stack@10 container@6 container@9
capital,Endless,2,obstacles,919,siege_tank,0,6470,323.5,337.0,13.5,64.6,114.0,16.8,137.4,Move,OffRoute,fortress+gate,nopark,moved,0,,to (47.0;121.0) past container_stack,siege_tank(moving)@9.1 siege_tank(moving)@5.5 mlrs(moving)@4.9 aa_vehicle(moving)@9.7 aa_vehicle(moving)@6.6 aa_vehicle(moving)@6.0 siege_tank(moving)@8.4 armored_car(moving)@9.6 container_stack@6
capital,Endless,2,obstacles,890,main_battle_tank,0,6480,324.0,356.0,32.0,43.0,126.1,68.4,89.9,AttackMove,OffRoute,fortress+gate,narrow+nopark,moved,0,,to (47.0;125.0) past base_wall,light_tank(moving)@3.7 ifv(moving)@3.6 scout_jeep(moving)@7.0 aa_vehicle(moving)@8.1 aa_vehicle(moving)@8.1 scout_jeep(moving)@9.7 scout_jeep(moving)@2.7 light_tank(moving)@6.0 light_tank(moving)@5.2 armored_car(moving)@9.3 ifv(moving)@4.9 armored_car(moving)@7.8 aa_vehicle(moving)@9.7 base_wall@7 floodlight_mast@6
capital,Endless,2,obstacles,971,scout_jeep,0,6500,325.0,342.0,17.0,46.0,120.3,79.0,103.0,Move,YieldWait,fortress+gate,nopark,moved,0,,behind armored_car#990,main_battle_tank(moving)@6.6 light_tank(moving)@5.9 mlrs(moving)@5.2 scout_jeep(moving)@3.9 light_tank(moving)@2.0 light_tank(moving)@5.4 armored_car(moving)@2.5 ifv(moving)@9.8 ifv(moving)@8.1 aa_vehicle(moving)@4.6 base_wall@6 floodlight_mast@3
capital,Endless,2,obstacles,987,scout_jeep,0,6510,325.5,352.0,26.5,44.5,124.0,47.0,77.5,Move,OffRoute,fortress+gate,narrow+nopark,moved,0,,to (47.0;121.0) past floodlight_mast,main_battle_tank(moving)@2.8 light_tank(moving)@2.6 mlrs(moving)@8.2 ifv(moving)@6.6 scout_jeep(moving)@3.9 light_tank(moving)@3.5 light_tank(moving)@3.9 armored_car(moving)@6.3 ifv(moving)@6.3 aa_vehicle(moving)@6.6 base_wall@6 floodlight_mast@4
capital,Endless,2,obstacles,972,scout_jeep,0,6520,326.0,343.5,17.5,47.1,136.6,75.0,113.0,Move,YieldWait,fortress+gate,nopark,moved,0,,behind scout_jeep#986,main_battle_tank(moving)@7.5 ifv(moving)@9.3 aa_vehicle(moving)@4.1 scout_jeep(moving)@2.6 ifv(moving)@6.5 main_battle_tank(moving)@4.8 base_wall@7 container@5
capital,Endless,2,obstacles,999,aa_vehicle,0,6560,328.0,337.0,9.0,50.9,122.0,35.5,104.0,AttackMove,YieldWait,fortress+gate,narrow+nopark,moved,0,,behind light_tank#988,drone_hangar(fixed)@6.8 main_battle_tank(moving)@9.8 siege_tank(moving)@9.3 light_tank(moving)@6.5 mlrs(moving)@4.0 scout_jeep(moving)@5.1 scout_jeep(moving)@7.2 light_tank(moving)@3.4 light_tank(moving)@4.8 armored_car(moving)@6.1 ifv(moving)@9.5 ifv(moving)@5.0 aa_vehicle(moving)@8.2 aa_vehicle(moving)@8.9 floodlight_mast@8
capital,Endless,2,obstacles,927,mlrs,0,6580,329.0,346.5,17.5,50.8,118.0,44.3,114.8,Move,BlockedByFriend,fortress+gate,narrow+nopark,moved,0,,aa_vehicle#999 moving,siege_tank(moving)@8.6 light_tank(moving)@9.4 scout_jeep(moving)@5.3 scout_jeep(moving)@9.1 light_tank(moving)@5.5 light_tank(moving)@8.1 armored_car(moving)@4.5 ifv(moving)@3.3 aa_vehicle(moving)@3.8 aa_vehicle(moving)@9.4 aa_vehicle(moving)@8.3 shield_generator@6 container_stack@9 floodlight_mast@8
capital,Endless,2,obstacles,989,light_tank,0,6580,329.0,339.0,10.0,48.0,125.6,68.5,96.0,AttackMove,OffRoute,fortress+gate,narrow+nopark,moved,0,,to (49.0;119.0) past drone_hangar(defence),drone_hangar(fixed)@6.5 main_battle_tank(moving)@5.4 light_tank(moving)@1.7 mlrs(moving)@8.1 ifv(moving)@7.4 scout_jeep(moving)@5.7 aa_vehicle(moving)@9.1 scout_jeep(moving)@8.7 scout_jeep(moving)@4.2 light_tank(moving)@3.4 armored_car(moving)@7.7 ifv(moving)@4.9 main_battle_tank(moving)@9.0 ifv(moving)@9.7 aa_vehicle(moving)@4.3 base_wall@10 floodlight_mast@7
capital,Endless,2,obstacles,973,aa_vehicle,0,6590,329.5,350.0,20.5,44.3,134.0,61.0,131.0,AttackMove,BlockedByFriend,fortress+gate,narrow+nopark,moved,0,,ifv#950 moving,main_battle_tank(moving)@7.2 light_tank(moving)@7.9 ifv(moving)@3.4 scout_jeep(moving)@3.8 aa_vehicle(moving)@6.7 scout_jeep(moving)@4.1 scout_jeep(moving)@9.9 light_tank(moving)@8.6 ifv(moving)@4.3 main_battle_tank(moving)@6.8 base_wall@6 container@5
capital,Endless,2,obstacles,992,ifv,0,6600,330.0,340.0,10.0,46.7,130.5,63.0,86.9,AttackMove,YieldWait,fortress+gate,nopark,moved,0,,behind light_tank#989,drone_hangar(fixed)@7.7 main_battle_tank(moving)@5.2 light_tank(moving)@4.4 ifv(moving)@3.7 scout_jeep(moving)@6.0 aa_vehicle(moving)@4.2 aa_vehicle(moving)@7.9 scout_jeep(moving)@4.3 scout_jeep(moving)@7.0 light_tank(moving)@7.4 light_tank(moving)@4.0 main_battle_tank(moving)@5.6 aa_vehicle(moving)@8.9 container@9
capital,Endless,2,obstacles,910,light_tank,0,6610,330.5,346.0,15.5,45.8,125.9,63.2,93.0,AttackMove,BlockedByFriend,fortress+gate,narrow+nopark,moved,0,,scout_jeep#987 moving,drone_hangar(fixed)@8.5 main_battle_tank(moving)@3.4 mlrs(moving)@9.6 ifv(moving)@5.7 scout_jeep(moving)@5.2 aa_vehicle(moving)@8.0 aa_vehicle(moving)@8.2 scout_jeep(moving)@9.1 scout_jeep(moving)@2.6 light_tank(moving)@3.2 light_tank(moving)@2.4 armored_car(moving)@7.9 ifv(moving)@4.7 main_battle_tank(moving)@9.7 aa_vehicle(moving)@5.3 base_wall@8 floodlight_mast@7
capital,Endless,2,obstacles,1004,armored_car,1,6700,335.0,344.5,9.0,88.3,36.0,95.0,52.0,AttackMove,BlockedByFriend,fortress,,died,0,,zu23_technical#1005 parked,zu23_technical(parked)@3.3 scout_jeep(moving)@3.0 base_wall@9 base_wall@4
capital,Endless,2,obstacles,1010,scout_jeep,1,6700,335.0,344.5,9.5,85.3,36.0,95.0,52.0,AttackMove,StalePath,fortress,,moved,0,,leg 1/1 to (95.0;52.0) crosses super_gun(defence),armored_car(moving)@3.0 zu23_technical(parked)@6.3 base_wall@7 base_wall@5
capital,Endless,2,obstacles,950,ifv,0,6710,335.5,356.5,21.0,43.9,131.4,68.2,83.8,AttackMove,YieldWait,fortress+gate,narrow+nopark,moved,0,,behind light_tank#910,main_battle_tank(moving)@5.6 light_tank(moving)@4.4 scout_jeep(moving)@6.3 aa_vehicle(moving)@2.7 aa_vehicle(moving)@3.5 scout_jeep(moving)@5.6 scout_jeep(moving)@7.1 light_tank(moving)@9.5 light_tank(moving)@6.7 ifv(moving)@4.3 main_battle_tank(moving)@8.3 armored_car(moving)@6.7 base_wall@8 container@7
capital,Endless,2,obstacles,1020,aa_vehicle,0,6720,336.0,355.0,19.0,59.7,122.0,32.9,119.1,AttackMove,YieldWait,fortress+gate,narrow+nopark,moved,0,,behind siege_tank#895,drone_hangar(fixed)@8.3 siege_tank(moving)@5.0 armored_car(moving)@3.6 mlrs(moving)@9.4 ifv(moving)@6.1 aa_vehicle(moving)@4.0 aa_vehicle(moving)@3.9 container_stack@8 container@8
capital,Endless,2,obstacles,1000,aa_vehicle,0,6730,336.5,345.0,8.5,59.2,118.2,33.8,110.1,AttackMove,BlockedByFriend,fortress+gate,narrow+nopark,moved,0,,ifv#996 moving,siege_tank(moving)@6.0 armored_car(moving)@2.3 siege_tank(moving)@9.1 mlrs(moving)@7.8 ifv(moving)@4.0 aa_vehicle(moving)@4.8 aa_vehicle(moving)@5.6 siege_tank(moving)@7.9 shield_generator@10 container_stack@4
capital,Endless,2,obstacles,996,ifv,0,6770,338.5,359.0,20.5,55.6,118.0,34.2,116.4,AttackMove,YieldWait,fortress+gate,narrow+nopark,moved,0,,behind mlrs#927,siege_tank(moving)@4.2 armored_car(moving)@6.1 siege_tank(moving)@8.8 mlrs(moving)@3.5 scout_jeep(moving)@7.5 armored_car(moving)@9.6 aa_vehicle(moving)@7.8 aa_vehicle(moving)@3.2 aa_vehicle(moving)@6.8 aa_vehicle(moving)@8.8 shield_generator@7 container_stack@5
capital,Endless,2,obstacles,992,ifv,0,6800,340.0,357.0,17.0,46.7,129.2,34.2,116.4,AttackMove,BlockedByFriend,fortress+gate,nopark,moved,0,,light_tank#988 moving,drone_hangar(fixed)@7.4 main_battle_tank(moving)@7.1 light_tank(moving)@3.8 ifv(moving)@4.9 scout_jeep(moving)@7.2 aa_vehicle(moving)@3.1 aa_vehicle(moving)@8.0 scout_jeep(moving)@4.9 scout_jeep(moving)@4.4 light_tank(moving)@3.6 light_tank(moving)@6.7 main_battle_tank(moving)@6.6 armored_car(moving)@7.0 aa_vehicle(moving)@7.9 floodlight_mast@10
capital,Endless,2,obstacles,998,armored_car,0,6820,341.0,350.5,9.5,40.0,128.8,75.0,113.0,Move,BlockedByFriend,fortress+gate,narrow+nopark,moved,0,,light_tank#910 moving,main_battle_tank(moving)@2.8 main_battle_tank(moving)@7.3 light_tank(moving)@4.1 ifv(moving)@4.3 scout_jeep(moving)@9.7 aa_vehicle(moving)@6.5 aa_vehicle(moving)@2.7 scout_jeep(moving)@9.6 scout_jeep(moving)@7.0 light_tank(moving)@8.6 light_tank(moving)@9.8 ifv(moving)@7.5 base_wall@9 base_wall@9 floodlight_mast@9
capital,Endless,2,obstacles,974,aa_vehicle,0,6830,341.5,352.0,10.5,39.1,131.5,74.2,86.7,AttackMove,YieldWait,fortress+gate,narrow+nopark,moved,0,,behind armored_car#998,main_battle_tank(moving)@5.5 main_battle_tank(moving)@8.2 light_tank(moving)@6.7 ifv(moving)@3.8 scout_jeep(moving)@8.3 aa_vehicle(moving)@6.7 scout_jeep(moving)@9.6 scout_jeep(moving)@9.5 ifv(moving)@8.8 armored_car(moving)@2.7 base_wall@7 container@8
capital,Endless,2,obstacles,900,armored_car,0,6840,342.0,365.0,23.0,60.9,118.0,30.2,100.3,Move,YieldWait,fortress+gate,narrow+nopark,moved,0,,behind aa_vehicle#1000,siege_tank(moving)@8.8 siege_tank(moving)@9.5 mlrs(moving)@5.1 mlrs(moving)@6.3 ifv(moving)@5.0 aa_vehicle(moving)@3.2 aa_vehicle(moving)@6.0 aa_vehicle(moving)@3.1 siege_tank(moving)@7.0 container_stack@4
capital,Endless,2,obstacles,971,scout_jeep,0,6840,342.0,352.5,10.5,48.0,119.6,79.0,103.0,Move,YieldWait,fortress+gate,nopark,moved,0,,behind mlrs#927,siege_tank(moving)@4.2 light_tank(moving)@8.2 mlrs(moving)@8.2 scout_jeep(moving)@5.4 light_tank(moving)@6.1 light_tank(moving)@2.6 armored_car(moving)@2.6 ifv(moving)@8.0 aa_vehicle(moving)@3.7 base_wall@8 shield_generator@9 floodlight_mast@5
capital,Endless,2,obstacles,919,siege_tank,0,6850,342.5,352.5,10.0,60.9,107.0,16.8,137.4,Move,BlockedByDefence,fortress+gate,nopark,moved,0,,gun_pit#868 parked,gun_pit(fixed)@7.1 mlrs(moving)@9.6 container_stack@7
capital,Endless,2,obstacles,972,scout_jeep,0,6870,343.5,360.0,16.5,46.0,135.9,75.0,113.0,Move,YieldWait,fortress+gate,narrow+nopark,gave up,0,,behind scout_jeep#986,main_battle_tank(moving)@3.3 light_tank(moving)@9.5 ifv(moving)@5.7 aa_vehicle(moving)@6.1 aa_vehicle(moving)@8.3 scout_jeep(moving)@2.9 light_tank(moving)@9.7 ifv(moving)@6.8 main_battle_tank(moving)@8.0 armored_car(moving)@9.8 base_wall@6 container@4
capital,Endless,2,obstacles,908,command_vehicle,1,6880,344.0,354.5,10.5,75.4,-68.4,73.0,-53.0,Move,OffRoute,field,road+route,moved,0,,to (77.0;-57.0) past wreck_tank,thermobaric_launcher(moving)@5.9 ew_jammer(moving)@5.4 main_battle_tank(moving)@3.2 light_tank(moving)@5.9 wreck_tank@8
capital,Endless,2,obstacles,1021,aa_vehicle,0,6880,344.0,357.5,13.5,63.5,120.5,61.0,131.0,AttackMove,BlockedByFriend,fortress+gate,narrow+nopark,moved,0,,aa_vehicle#1000 moving,siege_tank(moving)@8.3 armored_car(moving)@2.8 mlrs(moving)@3.9 mlrs(moving)@7.6 ifv(moving)@6.4 aa_vehicle(moving)@2.5 aa_vehicle(moving)@4.9 siege_tank(moving)@4.9 container_stack@8 container@9 container@7
capital,Endless,2,obstacles,988,light_tank,0,6910,345.5,359.0,13.5,47.9,127.4,27.9,107.9,AttackMove,YieldWait,fortress+gate,nopark,moved,0,,behind light_tank#910,drone_hangar(fixed)@6.1 main_battle_tank(moving)@8.7 main_battle_tank(moving)@8.4 siege_tank(moving)@8.1 light_tank(moving)@2.9 ifv(moving)@7.7 scout_jeep(moving)@8.5 aa_vehicle(moving)@4.3 scout_jeep(moving)@5.8 scout_jeep(moving)@6.0 light_tank(moving)@8.2 armored_car(moving)@9.3 ifv(moving)@3.0 main_battle_tank(moving)@9.0 armored_car(moving)@7.5 aa_vehicle(moving)@8.3 floodlight_mast@9
capital,Endless,2,obstacles,1022,siege_tank,0,7030,351.5,386.0,34.5,66.7,124.0,35.0,143.0,Move,OffRoute,fortress+gate,nopark,moved,0,,to (47.0;121.0) past container,armored_car(moving)@5.2 mlrs(moving)@9.8 mlrs(moving)@7.5 scout_jeep(moving)@9.4 main_battle_tank(moving)@8.4 aa_vehicle(moving)@7.5 aa_vehicle(moving)@4.6 aa_vehicle(moving)@4.0 container@5 container@3
capital,Endless,2,obstacles,974,aa_vehicle,0,7040,352.0,361.0,9.0,39.5,130.1,74.2,86.7,AttackMove,BlockedByFriend,fortress+gate,narrow+nopark,moved,0,,main_battle_tank#890 moving,main_battle_tank(moving)@3.5 main_battle_tank(moving)@8.2 ifv(moving)@8.3 aa_vehicle(moving)@4.0 scout_jeep(moving)@6.7 light_tank(moving)@7.9 ifv(moving)@3.4 armored_car(moving)@4.9 base_wall@8 container@9
capital,Endless,2,obstacles,989,light_tank,0,7050,352.5,365.5,13.0,46.1,118.4,68.5,96.0,AttackMove,BlockedByFriend,fortress+gate,nopark,moved,0,,aa_vehicle#999 moving,siege_tank(moving)@8.5 light_tank(moving)@4.5 scout_jeep(moving)@9.5 light_tank(moving)@7.6 armored_car(moving)@9.3 armored_car(moving)@9.4 aa_vehicle(moving)@4.0 base_wall@9 base_wall@6 shield_generator@9 floodlight_mast@3
capital,Endless,2,obstacles,910,light_tank,0,7120,356.0,367.0,11.0,48.0,125.1,63.2,93.0,AttackMove,OffRoute,fortress+gate,narrow+nopark,moved,0,,to (63.0;121.0) past drone_hangar(defence),drone_hangar(fixed)@6.7 main_battle_tank(moving)@10.0 siege_tank(moving)@6.2 ifv(moving)@5.5 aa_vehicle(moving)@3.4 scout_jeep(moving)@7.8 scout_jeep(moving)@9.1 light_tank(moving)@3.0 light_tank(moving)@5.1 armored_car(moving)@8.9 armored_car(moving)@8.0 aa_vehicle(moving)@3.0 base_wall@9 floodlight_mast@7
capital,Endless,2,obstacles,990,armored_car,0,7140,357.0,371.0,14.0,54.0,119.4,73.3,105.2,Move,BlockedByFriend,fortress+gate,narrow+nopark,moved,0,,scout_jeep#971 moving,drone_hangar(fixed)@8.6 siege_tank(moving)@6.6 armored_car(moving)@7.5 light_tank(moving)@8.3 mlrs(moving)@6.1 scout_jeep(moving)@3.2 scout_jeep(moving)@3.4 light_tank(moving)@6.0 ifv(moving)@6.0 aa_vehicle(moving)@8.6 shield_generator@8 container_stack@7
capital,Endless,2,obstacles,971,scout_jeep,0,7150,357.5,372.0,14.5,57.1,120.0,79.0,103.0,Move,YieldWait,fortress+gate,narrow+nopark,moved,0,,behind mlrs#927,drone_hangar(fixed)@8.6 armored_car(moving)@5.7 mlrs(moving)@8.7 mlrs(moving)@2.7 scout_jeep(moving)@2.2 light_tank(moving)@8.2 armored_car(moving)@3.2 ifv(moving)@3.2 aa_vehicle(moving)@7.2 aa_vehicle(moving)@8.3 shield_generator@9 container_stack@6
capital,Endless,2,obstacles,1021,aa_vehicle,0,7150,357.5,366.5,9.0,67.5,118.8,34.8,116.3,AttackMove,YieldWait,fortress+gate,narrow+nopark,moved,0,,behind armored_car#900,siege_tank(moving)@5.5 armored_car(moving)@7.9 mlrs(moving)@5.4 siege_tank(moving)@8.6 mlrs(moving)@8.1 ifv(moving)@8.0 aa_vehicle(moving)@3.7 aa_vehicle(moving)@5.8 siege_tank(moving)@3.9 armored_car(moving)@6.0 container_stack@10 container@6 container@8
capital,Endless,2,obstacles,902,mlrs,0,7180,359.0,371.5,12.5,64.0,114.7,-5.0,143.0,Move,BlockedByFriend,fortress+gate,nopark,moved,0,,aa_vehicle#1000 moving,siege_tank(moving)@6.8 armored_car(moving)@9.6 siege_tank(moving)@4.6 mlrs(moving)@7.0 scout_jeep(moving)@8.7 ifv(moving)@5.7 aa_vehicle(moving)@3.6 aa_vehicle(moving)@9.3 aa_vehicle(moving)@5.5 siege_tank(moving)@9.9 armored_car(moving)@8.4 armored_car(moving)@8.1 container_stack@5
capital,Endless,2,obstacles,996,ifv,0,7180,359.0,377.0,18.0,59.3,118.0,34.2,116.4,AttackMove,YieldWait,fortress+gate,narrow+nopark,moved,0,,behind scout_jeep#971,armored_car(moving)@6.4 mlrs(moving)@5.7 siege_tank(moving)@9.8 mlrs(moving)@3.0 scout_jeep(moving)@3.0 scout_jeep(moving)@5.2 light_tank(moving)@8.7 armored_car(moving)@5.7 aa_vehicle(moving)@4.5 aa_vehicle(moving)@7.6 aa_vehicle(moving)@8.6 shield_generator@9 container_stack@4
capital,Endless,2,obstacles,927,mlrs,0,7190,359.5,370.0,10.5,60.1,121.1,44.3,114.8,Move,BlockedByFriend,fortress+gate,narrow+nopark,moved,0,,ifv#996 moving,drone_hangar(fixed)@9.2 armored_car(moving)@3.3 mlrs(moving)@7.6 scout_jeep(moving)@2.9 scout_jeep(moving)@4.2 light_tank(moving)@8.8 armored_car(moving)@6.4 main_battle_tank(parked)@9.8 ifv(moving)@3.2 aa_vehicle(moving)@4.9 aa_vehicle(moving)@4.5 aa_vehicle(moving)@8.1 siege_tank(moving)@8.2 container_stack@7 container@8
capital,Endless,2,obstacles,889,main_battle_tank,0,7210,360.5,371.0,10.5,46.1,135.5,69.1,89.8,AttackMove,YieldWait,fortress+gate,narrow+nopark,moved,0,,behind ifv#950,main_battle_tank(moving)@8.7 ifv(moving)@5.1 scout_jeep(moving)@3.1 aa_vehicle(moving)@7.9 scout_jeep(moving)@6.4 light_tank(moving)@5.1 base_wall@7 container@5
capital,Endless,2,obstacles,1000,aa_vehicle,0,7220,361.0,371.5,10.5,65.6,117.5,34.4,110.2,AttackMove,BlockedByFriend,fortress+gate,narrow+nopark,moved,0,,aa_vehicle#1021 moving,siege_tank(moving)@6.1 armored_car(moving)@7.8 mlrs(moving)@3.1 siege_tank(moving)@6.5 mlrs(moving)@6.1 scout_jeep(moving)@9.1 ifv(moving)@5.9 aa_vehicle(moving)@6.8 aa_vehicle(moving)@3.3 siege_tank(moving)@6.4 armored_car(moving)@9.7 container_stack@7 container@8 container@10
capital,Endless,2,obstacles,1020,aa_vehicle,0,7220,361.0,376.0,15.0,63.5,124.0,32.9,119.1,AttackMove,YieldWait,fortress+gate,nopark,moved,0,,behind armored_car#900,armored_car(moving)@3.4 mlrs(moving)@9.6 mlrs(moving)@4.4 scout_jeep(moving)@7.8 scout_jeep(moving)@8.2 main_battle_tank(parked)@7.0 ifv(moving)@7.0 aa_vehicle(moving)@6.8 aa_vehicle(moving)@6.2 siege_tank(moving)@4.5 container@8 container@4
capital,Endless,2,obstacles,987,scout_jeep,0,7260,363.0,377.5,14.5,55.8,121.8,72.7,106.4,Move,YieldWait,fortress+gate,narrow+nopark,moved,0,,behind armored_car#990,drone_hangar(fixed)@6.5 armored_car(moving)@5.2 light_tank(moving)@8.6 mlrs(moving)@7.1 scout_jeep(moving)@3.0 light_tank(moving)@4.3 armored_car(moving)@3.7 ifv(moving)@4.5 aa_vehicle(moving)@9.6 aa_vehicle(moving)@8.4 container_stack@8
capital,Endless,2,obstacles,974,aa_vehicle,0,7270,363.5,374.0,10.5,45.0,125.9,74.2,86.7,AttackMove,YieldWait,fortress+gate,narrow+nopark,moved,0,,behind light_tank#910,drone_hangar(fixed)@9.3 main_battle_tank(moving)@7.2 main_battle_tank(moving)@4.8 main_battle_tank(moving)@9.4 siege_tank(moving)@8.0 light_tank(moving)@4.4 ifv(moving)@6.1 scout_jeep(moving)@7.6 light_tank(moving)@2.9 armored_car(moving)@9.1 armored_car(moving)@4.7 aa_vehicle(moving)@3.8 base_wall@8 floodlight_mast@6
capital,Endless,2,obstacles,998,armored_car,0,7270,363.5,379.0,15.5,40.3,126.0,75.0,113.0,Move,OffRoute,fortress+gate,narrow+nopark,moved,0,,to (47.0;125.0) past base_wall,main_battle_tank(moving)@9.6 main_battle_tank(moving)@2.4 main_battle_tank(moving)@5.2 siege_tank(moving)@9.9 light_tank(moving)@8.0 ifv(moving)@6.2 aa_vehicle(moving)@4.7 scout_jeep(moving)@6.0 light_tank(moving)@5.4 aa_vehicle(moving)@8.0 base_wall@6 floodlight_mast@7
capital,Endless,2,obstacles,895,siege_tank,0,7290,364.5,410.0,45.5,46.0,118.3,18.4,139.5,Move,YieldWait,fortress+gate,nopark,moved,0,,behind light_tank#910,light_tank(moving)@4.5 aa_vehicle(moving)@6.7 light_tank(moving)@9.4 light_tank(moving)@9.1 armored_car(moving)@5.3 base_wall@9 base_wall@6 shield_generator@9 floodlight_mast@3
capital,Endless,2,obstacles,900,armored_car,0,7300,365.0,375.0,10.0,61.1,121.3,30.2,100.3,Move,BlockedByFriend,fortress+gate,narrow+nopark,moved,0,,mlrs#927 moving,drone_hangar(fixed)@9.8 mlrs(moving)@3.8 scout_jeep(moving)@1.9 scout_jeep(moving)@4.6 light_tank(moving)@6.4 main_battle_tank(parked)@9.5 ifv(moving)@4.1 aa_vehicle(moving)@8.7 aa_vehicle(moving)@2.9 aa_vehicle(moving)@6.9 siege_tank(moving)@4.7 container_stack@8 container@7
capital,Endless,2,obstacles,950,ifv,0,7310,365.5,374.0,8.5,42.7,131.3,68.2,83.8,AttackMove,BlockedByFriend,fortress+gate,narrow+nopark,moved,0,,scout_jeep#986 moving,main_battle_tank(moving)@3.9 main_battle_tank(moving)@3.9 main_battle_tank(moving)@6.6 scout_jeep(moving)@9.0 aa_vehicle(moving)@6.8 scout_jeep(moving)@3.5 light_tank(moving)@3.5 armored_car(moving)@6.4 aa_vehicle(moving)@5.3 base_wall@7 container@7
capital,Endless,2,obstacles,1021,aa_vehicle,0,7330,366.5,378.0,11.5,66.8,118.7,34.8,116.3,AttackMove,BlockedByFriend,fortress+gate,narrow+nopark,moved,0,,armored_car#900 moving,siege_tank(moving)@6.3 armored_car(moving)@4.5 siege_tank(moving)@8.0 mlrs(moving)@4.6 scout_jeep(moving)@7.4 scout_jeep(moving)@10.0 ifv(moving)@8.7 aa_vehicle(moving)@3.7 aa_vehicle(moving)@7.8 siege_tank(moving)@5.3 armored_car(moving)@7.6 container_stack@9 container@7 container@8
capital,Endless,2,obstacles,919,siege_tank,0,7370,368.5,379.5,11.0,65.0,111.0,16.8,137.4,Move,YieldWait,fortress+gate,nopark,moved,0,,behind mlrs#902,siege_tank(moving)@9.6 mlrs(moving)@3.2 mlrs(moving)@7.2 scout_jeep(moving)@8.3 aa_vehicle(moving)@4.5 aa_vehicle(moving)@8.1 armored_car(moving)@7.3 container_stack@7
capital,Endless,2,obstacles,889,main_battle_tank,0,7510,375.5,392.0,16.5,45.5,133.0,69.1,89.8,AttackMove,BlockedByFriend,fortress+gate,narrow+nopark,moved,0,,ifv#950 moving,drone_hangar(fixed)@9.8 ifv(moving)@3.6 scout_jeep(moving)@4.9 aa_vehicle(moving)@6.8 scout_jeep(moving)@8.7 armored_car(moving)@8.5 aa_vehicle(moving)@5.6 base_wall@7 container@6
capital,Endless,2,obstacles,974,aa_vehicle,0,7510,375.5,384.5,9.0,46.1,126.2,23.3,88.5,AttackMove,YieldWait,fortress+gate,nopark,moved,0,,behind light_tank#910,drone_hangar(fixed)@8.1 main_battle_tank(moving)@6.8 main_battle_tank(moving)@4.6 siege_tank(moving)@8.2 light_tank(moving)@6.2 ifv(moving)@3.6 scout_jeep(moving)@3.1 scout_jeep(moving)@9.3 ifv(moving)@8.8 armored_car(moving)@2.6 aa_vehicle(moving)@6.5 base_wall@9 floodlight_mast@7
capital,Endless,2,obstacles,1020,aa_vehicle,0,7520,376.0,388.0,12.0,61.7,122.4,31.4,95.2,AttackMove,YieldWait,fortress+gate,nopark,moved,0,,behind scout_jeep#971,drone_hangar(fixed)@9.5 armored_car(moving)@5.4 mlrs(moving)@9.4 scout_jeep(moving)@8.1 scout_jeep(moving)@5.1 light_tank(moving)@3.2 main_battle_tank(parked)@8.4 ifv(moving)@8.1 aa_vehicle(moving)@3.8 siege_tank(moving)@5.4 armored_car(moving)@8.2 container_stack@9 container@10 container@6
capital,Endless,2,obstacles,996,ifv,0,7540,377.0,387.5,10.5,53.2,121.7,34.2,116.4,AttackMove,YieldWait,fortress+gate,narrow+nopark,moved,0,,behind armored_car#990,drone_hangar(fixed)@6.4 main_battle_tank(moving)@5.5 siege_tank(moving)@8.0 armored_car(moving)@3.3 light_tank(moving)@2.4 scout_jeep(moving)@7.7 light_tank(moving)@6.7 armored_car(moving)@3.9 armored_car(moving)@9.4 aa_vehicle(moving)@8.5 shield_generator@10 container_stack@10
capital,Endless,2,obstacles,910,light_tank,0,7550,377.5,388.0,10.5,50.6,122.0,63.2,93.0,AttackMove,YieldWait,fortress+gate,narrow+nopark,moved,0,,behind armored_car#990,drone_hangar(fixed)@6.9 main_battle_tank(moving)@3.0 siege_tank(moving)@6.0 armored_car(moving)@6.0 ifv(moving)@8.8 scout_jeep(moving)@5.5 aa_vehicle(moving)@9.3 light_tank(moving)@9.9 armored_car(moving)@4.0 ifv(moving)@2.6 armored_car(moving)@6.9 floodlight_mast@8
capital,Endless,2,obstacles,990,armored_car,0,7550,377.5,388.0,10.5,51.5,118.1,65.0,131.0,Move,YieldWait,fortress+gate,narrow+nopark,moved,0,,behind siege_tank#895,main_battle_tank(moving)@6.1 siege_tank(moving)@5.5 armored_car(moving)@5.4 light_tank(moving)@4.0 scout_jeep(moving)@9.3 light_tank(moving)@8.3 ifv(moving)@3.9 armored_car(moving)@9.6 shield_generator@6 container_stack@8 floodlight_mast@9
capital,Endless,2,obstacles,1021,aa_vehicle,0,7640,382.0,399.0,17.0,62.0,118.0,34.8,116.3,AttackMove,YieldWait,fortress+gate,narrow+nopark,moved,0,,behind light_tank#989,armored_car(moving)@8.2 light_tank(moving)@8.1 scout_jeep(moving)@5.4 light_tank(moving)@3.6 aa_vehicle(moving)@8.3 aa_vehicle(moving)@6.0 siege_tank(moving)@5.7 armored_car(moving)@8.0 armored_car(moving)@3.3 container_stack@5 container@10
capital,Endless,2,obstacles,998,armored_car,0,7670,383.5,401.5,18.0,44.0,124.2,75.0,113.0,Move,OffRoute,fortress+gate,narrow+nopark,moved,0,,to (47.0;121.0) past floodlight_mast,main_battle_tank(moving)@4.7 siege_tank(moving)@6.7 ifv(moving)@5.5 scout_jeep(moving)@3.4 aa_vehicle(moving)@4.3 armored_car(moving)@9.1 ifv(moving)@7.4 base_wall@6 floodlight_mast@4
capital,Endless,2,obstacles,989,light_tank,0,7710,385.5,398.5,13.0,58.7,119.2,68.5,96.0,AttackMove,BlockedByFriend,fortress+gate,narrow+nopark,moved,0,,aa_vehicle#1021 moving,drone_hangar(fixed)@10.0 armored_car(moving)@5.9 light_tank(moving)@4.7 scout_jeep(moving)@7.7 armored_car(moving)@8.6 ifv(moving)@8.3 aa_vehicle(moving)@8.0 aa_vehicle(moving)@2.8 aa_vehicle(moving)@3.5 siege_tank(moving)@5.0 armored_car(moving)@7.5 armored_car(moving)@7.2 shield_generator@10 container_stack@5
capital,Endless,2,obstacles,972,scout_jeep,0,7720,386.0,396.5,10.5,47.3,124.5,75.0,113.0,Move,YieldWait,fortress+gate,narrow+nopark,moved,0,,behind main_battle_tank#890,drone_hangar(fixed)@7.6 main_battle_tank(moving)@5.6 siege_tank(moving)@6.0 armored_car(moving)@8.2 light_tank(moving)@7.9 ifv(moving)@4.1 aa_vehicle(moving)@3.1 scout_jeep(moving)@6.4 armored_car(moving)@7.1 ifv(moving)@4.5 armored_car(moving)@3.3 aa_vehicle(moving)@9.9 base_wall@9 floodlight_mast@6
capital,Endless,2,obstacles,990,armored_car,0,7760,388.0,404.5,16.5,49.9,118.2,65.0,131.0,Move,YieldWait,fortress+gate,nopark,moved,0,,behind ifv#996,main_battle_tank(moving)@3.9 siege_tank(moving)@3.9 armored_car(moving)@3.1 light_tank(moving)@6.2 mlrs(moving)@8.4 ifv(moving)@9.7 scout_jeep(moving)@6.0 aa_vehicle(moving)@9.3 light_tank(moving)@9.1 ifv(moving)@3.9 armored_car(moving)@8.3 aa_vehicle(moving)@6.4 shield_generator@7 floodlight_mast@7
capital,Endless,2,obstacles,1020,aa_vehicle,0,7760,388.0,396.5,8.5,56.0,120.0,35.5,104.0,AttackMove,YieldWait,fortress+gate,narrow+nopark,moved,0,,behind armored_car#900,drone_hangar(fixed)@8.2 main_battle_tank(moving)@9.9 armored_car(moving)@3.4 light_tank(moving)@2.2 scout_jeep(moving)@9.1 light_tank(moving)@3.0 armored_car(moving)@6.4 ifv(moving)@5.7 aa_vehicle(moving)@9.6 aa_vehicle(moving)@6.5 siege_tank(moving)@7.7 armored_car(moving)@9.0 shield_generator@9 container_stack@7
capital,Endless,2,obstacles,996,ifv,0,7780,389.0,408.0,19.0,50.5,122.0,34.2,116.4,AttackMove,YieldWait,fortress+gate,narrow+nopark,moved,0,,behind main_battle_tank#890,drone_hangar(fixed)@6.9 main_battle_tank(moving)@4.8 siege_tank(moving)@6.0 armored_car(moving)@3.9 light_tank(moving)@4.6 ifv(moving)@5.3 scout_jeep(moving)@3.0 aa_vehicle(moving)@6.9 light_tank(moving)@9.0 armored_car(moving)@4.1 armored_car(moving)@6.9 aa_vehicle(moving)@5.5 floodlight_mast@8
capital,Endless,2,obstacles,890,main_battle_tank,0,7790,389.5,403.0,13.5,46.2,119.7,68.4,89.9,AttackMove,BlockedByFriend,fortress+gate,nopark,moved,0,,siege_tank#895 moving,siege_tank(moving)@1.6 armored_car(moving)@6.6 light_tank(moving)@9.3 mlrs(moving)@8.8 ifv(moving)@6.4 scout_jeep(moving)@3.7 aa_vehicle(moving)@7.7 armored_car(moving)@3.6 ifv(moving)@5.2 armored_car(moving)@5.0 aa_vehicle(moving)@9.6 base_wall@10 base_wall@6 shield_generator@10 floodlight_mast@3
capital,Endless,2,obstacles,910,light_tank,0,7790,389.5,415.0,25.5,55.1,121.9,63.2,93.0,AttackMove,YieldWait,fortress+gate,narrow+nopark,moved,0,,behind aa_vehicle#1020,drone_hangar(fixed)@6.2 main_battle_tank(moving)@9.3 siege_tank(moving)@9.8 armored_car(moving)@4.0 ifv(moving)@8.2 scout_jeep(moving)@7.8 light_tank(moving)@4.6 armored_car(moving)@6.9 ifv(moving)@4.4 aa_vehicle(moving)@2.3 aa_vehicle(moving)@8.1 siege_tank(moving)@8.4 container_stack@9
capital,Endless,2,obstacles,1022,siege_tank,0,7820,391.0,407.5,16.5,63.2,124.0,30.5,144.0,Move,YieldWait,fortress+gate,nopark,moved,0,,behind light_tank#989,light_tank(moving)@8.6 scout_jeep(moving)@9.3 light_tank(moving)@4.6 main_battle_tank(parked)@6.9 aa_vehicle(moving)@8.1 aa_vehicle(moving)@8.8 aa_vehicle(moving)@5.9 armored_car(moving)@4.5 armored_car(moving)@4.1 container@8 container@4
capital,Endless,2,obstacles,1000,aa_vehicle,0,7830,391.5,401.0,9.5,64.8,116.0,34.4,110.2,AttackMove,YieldWait,fortress+gate,narrow+nopark,moved,0,,behind armored_car#1023,siege_tank(moving)@7.4 mlrs(moving)@3.7 scout_jeep(moving)@9.7 scout_jeep(moving)@2.6 light_tank(moving)@8.8 aa_vehicle(moving)@9.3 aa_vehicle(moving)@5.7 siege_tank(moving)@8.0 armored_car(moving)@4.1 armored_car(moving)@7.3 container_stack@6
capital,Endless,2,obstacles,900,armored_car,0,7870,393.5,420.0,26.5,52.6,118.7,30.2,100.3,Move,BlockedByFriend,fortress+gate,narrow+nopark,moved,0,,armored_car#990 moving,drone_hangar(fixed)@9.4 main_battle_tank(moving)@6.8 siege_tank(moving)@6.7 light_tank(moving)@4.0 scout_jeep(moving)@6.8 light_tank(moving)@8.4 armored_car(moving)@3.3 ifv(moving)@3.9 armored_car(moving)@8.6 aa_vehicle(moving)@2.4 aa_vehicle(moving)@4.7 shield_generator@7 container_stack@8 floodlight_mast@10
capital,Endless,2,obstacles,974,aa_vehicle,0,7870,393.5,402.5,9.0,43.3,127.8,74.2,86.7,AttackMove,YieldWait,fortress+gate,narrow+nopark,moved,0,,behind armored_car#998,main_battle_tank(moving)@7.9 ifv(moving)@3.6 scout_jeep(moving)@6.3 scout_jeep(moving)@4.1 ifv(moving)@9.3 armored_car(moving)@4.5 base_wall@8 floodlight_mast@8
capital,Endless,2,obstacles,1023,armored_car,0,7880,394.0,403.0,9.0,65.6,120.7,65.0,131.0,Move,YieldWait,fortress+gate,nopark,moved,0,,behind siege_tank#1022,mlrs(moving)@6.1 light_tank(moving)@4.2 aa_vehicle(moving)@4.3 aa_vehicle(moving)@8.1 siege_tank(moving)@4.1 armored_car(moving)@3.4 container_stack@9 container@7 container@6
capital,Endless,2,obstacles,986,scout_jeep,0,7890,394.5,405.0,10.5,43.9,131.0,75.0,113.0,Move,YieldWait,fortress+gate,narrow+nopark,moved,0,,behind aa_vehicle#974,ifv(moving)@2.5 scout_jeep(moving)@8.5 aa_vehicle(moving)@5.1 armored_car(moving)@5.7 base_wall@8 container@8
capital,Endless,2,obstacles,1039,armored_car,0,7920,396.0,411.0,15.0,68.0,123.8,58.7,134.9,Move,OffRoute,fortress+gate,nopark,moved,0,,to (47.0;121.0) past container,mlrs(moving)@6.4 light_tank(moving)@5.6 main_battle_tank(parked)@9.4 aa_vehicle(moving)@7.9 siege_tank(moving)@6.9 armored_car(moving)@3.4 fuel_depot@9 container@4 container@4
capital,Endless,2,obstacles,972,scout_jeep,0,7930,396.5,407.5,11.0,47.9,124.4,75.0,113.0,Move,BlockedByFriend,fortress+gate,narrow+nopark,moved,0,,main_battle_tank#890 moving,drone_hangar(fixed)@7.1 main_battle_tank(moving)@2.9 siege_tank(moving)@6.5 armored_car(moving)@8.0 light_tank(moving)@7.4 ifv(moving)@7.1 aa_vehicle(moving)@4.3 scout_jeep(moving)@7.0 armored_car(moving)@3.9 ifv(moving)@4.5 armored_car(moving)@4.0 aa_vehicle(moving)@9.7 base_wall@9 floodlight_mast@7
capital,Endless,2,obstacles,1020,aa_vehicle,0,7930,396.5,421.5,25.0,55.3,118.2,35.5,104.0,AttackMove,BlockedByFriend,fortress+gate,narrow+nopark,moved,0,,armored_car#900 moving,drone_hangar(fixed)@9.9 siege_tank(moving)@8.0 armored_car(moving)@2.5 light_tank(moving)@3.8 scout_jeep(moving)@9.7 light_tank(moving)@9.5 armored_car(moving)@7.4 ifv(moving)@5.2 aa_vehicle(moving)@3.5 siege_tank(moving)@8.1 shield_generator@7 container_stack@6
capital,Endless,2,obstacles,1000,aa_vehicle,0,8020,401.0,413.5,12.5,65.5,115.9,34.4,110.2,AttackMove,BlockedByFriend,fortress+gate,nopark,moved,0,,light_tank#989 moving,siege_tank(moving)@5.1 mlrs(moving)@5.3 siege_tank(moving)@6.7 scout_jeep(moving)@5.9 scout_jeep(moving)@7.8 light_tank(moving)@3.1 aa_vehicle(moving)@9.7 aa_vehicle(moving)@9.6 siege_tank(moving)@6.6 armored_car(moving)@4.0 armored_car(parked)@7.7 container_stack@7 container@10
capital,Endless,2,obstacles,919,siege_tank,0,8060,403.0,413.5,10.5,64.1,109.4,16.8,137.4,Move,BlockedByFriend,fortress+gate,nopark,moved,0,,scout_jeep#971 moving,siege_tank(moving)@8.7 scout_jeep(moving)@6.4 scout_jeep(parked)@9.2 light_tank(moving)@9.2 aa_vehicle(moving)@6.6 container_stack@7
capital,Endless,2,obstacles,1023,armored_car,0,8060,403.0,414.5,11.5,66.1,119.7,65.0,131.0,Move,YieldWait,fortress+gate,narrow+nopark,moved,0,,behind siege_tank#1022,siege_tank(moving)@6.9 mlrs(moving)@4.8 scout_jeep(moving)@8.7 scout_jeep(parked)@9.8 light_tank(moving)@2.3 aa_vehicle(moving)@3.9 aa_vehicle(moving)@8.7 siege_tank(moving)@5.1 armored_car(moving)@3.7 container_stack@9 container@7 container@7
capital,Endless,2,obstacles,989,light_tank,0,8070,403.5,413.5,10.0,64.4,118.4,68.5,96.0,AttackMove,YieldWait,fortress+gate,narrow+nopark,moved,0,,behind aa_vehicle#1000,siege_tank(moving)@7.6 mlrs(moving)@6.3 siege_tank(moving)@8.9 scout_jeep(moving)@8.8 aa_vehicle(moving)@2.9 aa_vehicle(moving)@9.0 aa_vehicle(moving)@7.5 siege_tank(moving)@3.9 armored_car(moving)@2.2 armored_car(moving)@5.9 container_stack@7 container@9 container@9
capital,Endless,2,obstacles,1021,aa_vehicle,0,8140,407.0,415.5,8.5,58.0,121.4,34.8,116.3,AttackMove,BlockedByFriend,fortress+gate,narrow+nopark,moved,0,,aa_vehicle#1020 moving,drone_hangar(fixed)@7.7 armored_car(moving)@5.2 light_tank(moving)@6.0 armored_car(moving)@8.9 main_battle_tank(parked)@8.9 aa_vehicle(moving)@8.6 aa_vehicle(moving)@3.5 siege_tank(moving)@6.7 armored_car(moving)@3.7 armored_car(moving)@9.9 container_stack@7 container@9
capital,Endless,2,obstacles,990,armored_car,0,8150,407.5,418.5,11.0,49.3,121.6,65.0,131.0,Move,BlockedByFriend,fortress+gate,nopark,moved,0,,ifv#996 moving,drone_hangar(fixed)@7.9 siege_tank(moving)@3.1 armored_car(moving)@4.4 light_tank(moving)@2.6 scout_jeep(moving)@5.0 ifv(moving)@3.6 aa_vehicle(moving)@7.1 aa_vehicle(moving)@10.0 base_wall@9 shield_generator@10 floodlight_mast@7
capital,Endless,2,obstacles,996,ifv,0,8160,408.0,417.5,9.5,49.7,118.0,34.2,116.4,AttackMove,YieldWait,fortress+gate,nopark,moved,0,,behind siege_tank#895,siege_tank(moving)@6.0 armored_car(moving)@3.8 light_tank(moving)@4.3 scout_jeep(moving)@8.5 armored_car(moving)@3.7 aa_vehicle(moving)@7.0 aa_vehicle(moving)@9.5 base_wall@10 shield_generator@6 floodlight_mast@7
capital,Endless,2,obstacles,1000,aa_vehicle,0,8290,414.5,428.5,14.0,66.1,119.6,34.2,116.4,AttackMove,YieldWait,fortress+gate,narrow+nopark,moved,0,,behind armored_car#1039,siege_tank(moving)@5.8 scout_jeep(moving)@5.4 scout_jeep(moving)@2.9 light_tank(moving)@5.9 siege_tank(moving)@5.9 armored_car(moving)@7.1 armored_car(moving)@3.4 container_stack@9 container@7 container@7
capital,Endless,2,obstacles,910,light_tank,0,8300,415.0,430.0,15.0,51.1,121.5,34.2,116.4,AttackMove,YieldWait,fortress+gate,narrow+nopark,moved,0,,behind armored_car#990,drone_hangar(fixed)@7.2 main_battle_tank(moving)@7.8 armored_car(moving)@3.5 scout_jeep(moving)@3.2 armored_car(moving)@6.1 ifv(moving)@6.8 aa_vehicle(moving)@3.1 aa_vehicle(moving)@4.6 siege_tank(moving)@9.6 armored_car(moving)@9.3 shield_generator@10 floodlight_mast@8
capital,Endless,2,obstacles,1023,armored_car,0,8320,416.0,452.5,36.5,60.1,123.9,65.0,131.0,Move,OffRoute,fortress+gate,nopark,moved,0,,to (47.0;121.0) past container,drone_hangar(fixed)@7.4 light_tank(moving)@9.3 scout_jeep(moving)@8.3 main_battle_tank(parked)@6.1 armored_car(parked)@8.3 aa_vehicle(moving)@6.9 aa_vehicle(moving)@8.4 aa_vehicle(moving)@5.0 siege_tank(moving)@5.4 armored_car(moving)@3.9 container_stack@10 container@6
capital,Endless,2,obstacles,990,armored_car,0,8370,418.5,438.5,20.0,46.0,118.0,65.0,131.0,Move,YieldWait,fortress+gate,nopark,moved,0,,behind scout_jeep#986,main_battle_tank(moving)@6.0 armored_car(moving)@3.9 light_tank(moving)@7.0 scout_jeep(moving)@3.5 aa_vehicle(moving)@7.6 base_wall@9 base_wall@6 shield_generator@8 floodlight_mast@4
capital,Endless,2,obstacles,1021,aa_vehicle,0,8380,419.0,427.5,8.5,55.3,122.0,34.8,116.3,AttackMove,YieldWait,fortress+gate,narrow+nopark,moved,0,,behind aa_vehicle#1020,drone_hangar(fixed)@6.1 main_battle_tank(moving)@9.8 armored_car(moving)@6.4 light_tank(moving)@3.5 scout_jeep(moving)@6.6 main_battle_tank(parked)@9.3 aa_vehicle(moving)@3.8 siege_tank(moving)@5.4 armored_car(moving)@5.2 armored_car(moving)@5.9 container_stack@9
capital,Endless,2,obstacles,900,armored_car,0,8400,420.0,429.5,9.5,51.9,118.8,30.2,100.3,Move,BlockedByFriend,fortress+gate,narrow+nopark,moved,0,,aa_vehicle#1020 moving,drone_hangar(fixed)@9.5 main_battle_tank(moving)@7.7 light_tank(moving)@3.3 scout_jeep(moving)@2.6 armored_car(moving)@5.7 aa_vehicle(moving)@3.2 aa_vehicle(moving)@4.4 siege_tank(moving)@6.8 armored_car(moving)@9.7 armored_car(moving)@9.7 shield_generator@7 container_stack@9 floodlight_mast@9
capital,Endless,2,obstacles,897,siege_tank,0,8420,421.0,432.0,11.0,65.2,113.1,29.9,120.3,Move,BlockedByFriend,fortress+gate,nopark,moved,0,,scout_jeep#987 moving,scout_jeep(moving)@3.7 light_tank(moving)@5.0 aa_vehicle(moving)@6.8 siege_tank(moving)@8.0 armored_car(moving)@9.1 main_battle_tank(moving)@4.3 container_stack@6
capital,Endless,2,obstacles,1022,siege_tank,0,8440,422.0,438.5,16.5,59.0,118.1,30.5,144.0,Move,YieldWait,fortress+gate,narrow+nopark,moved,0,,behind aa_vehicle#1020,siege_tank(moving)@8.5 armored_car(moving)@7.3 scout_jeep(moving)@8.4 scout_jeep(moving)@5.2 light_tank(moving)@6.8 aa_vehicle(moving)@3.6 aa_vehicle(moving)@2.7 aa_vehicle(moving)@5.5 armored_car(moving)@6.0 armored_car(moving)@4.6 shield_generator@9 container_stack@4
capital,Endless,2,obstacles,987,scout_jeep,0,8490,424.5,436.5,12.0,64.2,118.0,65.0,131.0,Move,YieldWait,fortress+gate,narrow+nopark,moved,0,,behind siege_tank#1022,siege_tank(moving)@5.5 light_tank(moving)@2.7 aa_vehicle(moving)@2.9 aa_vehicle(moving)@9.3 aa_vehicle(moving)@9.4 siege_tank(moving)@4.6 armored_car(moving)@7.3 armored_car(moving)@5.0 main_battle_tank(moving)@6.0 container_stack@7 container@9 container@9
capital,Endless,2,obstacles,1039,armored_car,0,8510,425.5,435.5,10.0,62.0,121.6,61.0,131.0,AttackMove,YieldWait,fortress+gate,narrow+nopark,moved,0,,behind siege_tank#1022,siege_tank(moving)@9.9 scout_jeep(moving)@3.8 light_tank(moving)@4.4 main_battle_tank(parked)@8.6 aa_vehicle(moving)@1.1 aa_vehicle(moving)@7.9 aa_vehicle(moving)@6.6 siege_tank(moving)@4.6 armored_car(moving)@3.1 main_battle_tank(moving)@8.5 container_stack@8 container@10 container@6
capital,Endless,2,obstacles,1021,aa_vehicle,0,8550,427.5,438.0,10.5,54.9,122.0,34.8,116.3,AttackMove,YieldWait,fortress+gate,narrow+nopark,moved,0,,behind armored_car#900,drone_hangar(fixed)@6.1 main_battle_tank(moving)@9.3 armored_car(moving)@2.9 light_tank(moving)@5.6 scout_jeep(moving)@8.7 scout_jeep(moving)@5.1 scout_jeep(moving)@9.1 armored_car(moving)@7.3 main_battle_tank(parked)@9.5 aa_vehicle(moving)@6.7 aa_vehicle(moving)@3.9 siege_tank(moving)@5.3 armored_car(moving)@5.5 armored_car(moving)@9.1 container_stack@9
capital,Endless,2,obstacles,989,light_tank,0,8580,429.0,438.0,9.0,67.0,118.2,27.9,107.9,AttackMove,BlockedByFriend,fortress+gate,narrow+nopark,moved,0,,main_battle_tank#1066 moving,siege_tank(moving)@4.6 mlrs(moving)@9.0 scout_jeep(moving)@7.7 scout_jeep(moving)@5.2 aa_vehicle(moving)@6.1 siege_tank(moving)@7.9 armored_car(moving)@8.2 armored_car(moving)@6.2 main_battle_tank(moving)@4.0 container_stack@9 container@7 container@9
capital,Endless,2,obstacles,986,scout_jeep,0,8590,429.5,440.0,10.5,51.8,118.0,75.0,113.0,Move,YieldWait,fortress+gate,narrow+nopark,moved,0,,behind aa_vehicle#1020,main_battle_tank(moving)@5.8 armored_car(moving)@2.9 light_tank(moving)@5.1 scout_jeep(moving)@7.5 armored_car(moving)@2.8 aa_vehicle(moving)@2.6 aa_vehicle(moving)@4.8 siege_tank(moving)@7.1 shield_generator@6 container_stack@8 floodlight_mast@9
capital,Endless,2,obstacles,1020,aa_vehicle,0,8590,429.5,438.5,9.0,54.3,119.0,35.5,104.0,AttackMove,YieldWait,fortress+gate,narrow+nopark,moved,0,,behind aa_vehicle#1021,drone_hangar(fixed)@9.0 main_battle_tank(moving)@8.3 armored_car(moving)@3.4 light_tank(moving)@6.7 scout_jeep(moving)@9.0 scout_jeep(moving)@2.6 scout_jeep(moving)@7.6 armored_car(moving)@5.3 aa_vehicle(moving)@7.8 aa_vehicle(moving)@2.4 siege_tank(moving)@4.6 armored_car(moving)@8.7 shield_generator@7 container_stack@7
capital,Endless,2,obstacles,1000,aa_vehicle,0,8670,433.5,442.0,8.5,63.7,119.1,34.2,116.4,AttackMove,OffRoute,fortress+gate,narrow+nopark,moved,0,,to (65.0;109.0) past container_stack,siege_tank(moving)@6.6 mlrs(moving)@10.0 scout_jeep(moving)@4.2 scout_jeep(moving)@9.7 scout_jeep(moving)@3.4 aa_vehicle(moving)@6.9 siege_tank(moving)@8.6 armored_car(moving)@4.8 armored_car(moving)@5.8 container_stack@7 container@9 container@8
capital,Endless,2,obstacles,1021,aa_vehicle,0,8760,438.0,448.0,10.0,55.5,118.0,34.8,116.3,AttackMove,YieldWait,fortress+gate,narrow+nopark,moved,0,,behind siege_tank#1022,main_battle_tank(moving)@8.4 scout_jeep(moving)@2.8 scout_jeep(moving)@4.8 aa_vehicle(moving)@7.4 siege_tank(moving)@4.7 armored_car(moving)@6.9 armored_car(moving)@8.8 shield_generator@7 container_stack@5
capital,Endless,2,obstacles,1000,aa_vehicle,0,8840,442.0,453.0,11.0,63.1,118.0,34.2,116.4,AttackMove,BlockedByFriend,fortress+gate,narrow+nopark,moved,0,,armored_car#1039 moving,mlrs(moving)@8.3 scout_jeep(moving)@3.9 scout_jeep(moving)@4.6 scout_jeep(moving)@8.8 armored_car(moving)@6.7 armored_car(moving)@2.9 main_battle_tank(moving)@3.1 container_stack@6 container@9
capital,Endless,2,obstacles,993,engineer_vehicle,1,11780,589.0,599.0,10.0,72.6,-34.3,63.0,-13.0,Move,BlockedByFriend,fortress,road,moved,0,,rocket_technical#1165 moving,thermobaric_launcher(moving)@6.4 rocket_technical(moving)@8.5 armored_car(moving)@5.3 rocket_technical(moving)@3.0 river_water@9 river_water@7 river_water@5
capital,Weekly,1,obstacles,904,armored_bulldozer,0,950,47.5,56.0,8.5,-75.3,-100.6,12.0,3.5,Attack,BlockedByFriend,camp0,road,moved,0,,titan_tank#910 moving,titan_tank(moving)@4.9 armored_bulldozer(moving)@5.5 aa_vehicle(moving)@4.7
capital,Weekly,1,obstacles,904,armored_bulldozer,0,2810,140.5,149.0,8.5,52.4,35.5,48.0,46.5,AttackMove,Unknown,fortress,,moved,0,,speed 4.2 strikes 0,armored_bulldozer(moving)@8.5 base_wall@9 floodlight_mast@7
capital,Weekly,1,obstacles,908,sam_launcher,1,3640,182.0,192.5,10.5,126.5,110.1,114.4,101.2,AttackMove,BlockedByFriend,fortress,,moved,0,,bmpt#920 parked,c_ram(fixed)@7.4 scout_jeep(parked)@5.9 smoke_carrier(moving)@3.1 scout_jeep(moving)@6.7 scout_jeep(parked)@6.3 scout_jeep(parked)@3.9 bmpt(parked)@5.2 heavy_tank(moving)@5.6 wheeled_gun(parked)@6.7 base_wall@10 base_wall@8
capital,Weekly,2,light,928,mobile_fortress,1,4790,239.5,252.0,12.5,91.6,103.8,61.4,50.3,AttackMove,BlockedByFriend,fortress,,gave up,0,,mine_layer#877 moving,sapper(moving)@9.0 bmpt(moving)@9.0
capital,Weekly,2,light,878,sapper,1,5050,252.5,261.5,9.0,84.9,115.6,60.9,113.0,AttackMove,BlockedByFriend,fortress,road,moved,0,,bmpt#921 moving,scout_jeep(moving)@6.4 long_sam(moving)@5.7 rocket_technical(moving)@4.7 rocket_technical(moving)@7.9 rocket_technical(moving)@6.8 rocket_technical(moving)@6.3 bmpt(moving)@5.1 engineer_vehicle(moving)@5.5 heavy_tank(moving)@9.2 base_wall@7
capital,Weekly,2,light,921,bmpt,1,5540,277.0,286.0,9.0,108.1,109.5,125.0,115.0,AttackMove,BlockedByFriend,fortress,route,moved,0,,smoke_carrier#862 moving,scout_jeep(moving)@8.7 smoke_carrier(moving)@4.1 scout_jeep(parked)@7.5 scout_jeep(moving)@5.2 mine_layer(moving)@4.2 sapper(moving)@9.3 rocket_technical(parked)@7.7 rocket_technical(moving)@6.3 ew_jammer(parked)@7.3
capital,Weekly,2,light,922,engineer_vehicle,1,5830,291.5,304.5,13.0,95.2,119.2,102.6,114.9,Move,YieldWait,fortress,,moved,0,,behind mobile_fortress#928,counter_battery_radar(moving)@6.2 rocket_technical(parked)@3.4 rocket_technical(moving)@6.4 rocket_technical(parked)@3.2 rocket_technical(moving)@9.7 mobile_fortress(moving)@8.9
capital,Weekly,2,light,899,counter_battery_radar,1,6030,301.5,311.0,9.5,91.7,113.3,105.8,115.7,Move,BlockedByFriend,fortress,road,gave up,0,,engineer_vehicle#922 moving,command_vehicle(moving)@7.1 rocket_technical(parked)@3.8 rocket_technical(parked)@9.8 rocket_technical(moving)@7.9 rocket_technical(moving)@4.2 rocket_technical(parked)@2.5 engineer_vehicle(moving)@4.4 mobile_fortress(moving)@9.4
capital,Weekly,2,light,886,heavy_rocket_artillery,1,6070,303.5,312.5,9.0,106.0,103.9,94.7,120.0,Move,BlockedByFriend,fortress,route,moved,0,,mobile_fortress#928 moving,mobile_fortress(moving)@10.0 ew_jammer(moving)@5.9
capital,Weekly,2,light,948,siege_tank,0,6220,311.0,320.0,9.0,-19.5,-78.4,81.3,-29.7,Move,BlockedByFriend,field,,moved,0,,aa_vehicle#950 moving,scout_jeep(moving)@9.7 aa_vehicle(moving)@5.2 wreck_tank@7
capital,Weekly,2,light,928,mobile_fortress,1,6880,344.0,357.0,13.0,90.9,79.1,97.2,142.8,AttackMove,BlockedByObstacle,fortress,,moved,0,,base_wall,base_wall@7
capital,Weekly,2,light,928,mobile_fortress,1,8150,407.5,419.0,11.5,90.0,137.7,122.7,91.6,AttackMove,BlockedByFriend,fortress,,gave up,0,,rocket_technical#914 parked,base_wall@7
capital,Weekly,2,light,886,heavy_rocket_artillery,1,8550,427.5,436.0,8.5,104.3,127.3,116.1,139.6,Move,YieldWait,fortress,,moved,0,,behind sapper#879,scout_jeep(moving)@7.1 scout_jeep(moving)@3.1 sapper(moving)@5.8 flame_tank(moving)@3.8 bmpt(moving)@7.1 engineer_vehicle(moving)@6.0 command_vehicle(moving)@3.9 ew_jammer(moving)@8.8 base_wall@7
capital,Weekly,2,light,871,scout_jeep,1,8650,432.5,443.0,10.5,113.7,133.5,112.7,103.5,Move,YieldWait,fortress+gate,narrow+nopark,moved,0,,behind bmpt#921,mine_layer(moving)@2.7 sapper(moving)@8.0 heavy_rocket_artillery(moving)@9.7 bmpt(moving)@5.3 elite_heavy_tank(moving)@6.9 base_wall@10
capital,Weekly,2,light,877,mine_layer,1,8700,435.0,443.5,8.5,115.3,134.0,122.8,90.8,AttackMove,OffRoute,fortress+gate,nopark,moved,0,,to (113.0;115.0) past command_hq,scout_jeep(moving)@4.6 sapper(moving)@6.5 heavy_rocket_artillery(moving)@9.9 bmpt(moving)@8.4 elite_heavy_tank(moving)@6.6
capital,Weekly,2,light,878,sapper,1,8830,441.5,452.0,10.5,112.5,127.0,125.5,88.0,AttackMove,BlockedByFriend,fortress+gate,nopark,moved,0,,heavy_tank#924 moving,scout_jeep(moving)@9.5 scout_jeep(moving)@4.6 mine_layer(moving)@9.0 heavy_rocket_artillery(moving)@7.0 bmpt(moving)@4.3 engineer_vehicle(parked)@7.3 heavy_tank(moving)@5.8 ew_jammer(parked)@9.0
capital,Weekly,2,light,921,bmpt,1,8860,443.0,451.5,8.5,107.1,129.8,117.3,91.3,AttackMove,BlockedByFriend,fortress+gate,nopark,moved,0,,heavy_rocket_artillery#886 moving,scout_jeep(moving)@7.9 scout_jeep(moving)@5.5 mine_layer(moving)@5.9 sapper(moving)@6.1 flame_tank(moving)@9.7 heavy_rocket_artillery(moving)@3.8 engineer_vehicle(moving)@5.9 base_wall@5
capital,Weekly,2,light,924,heavy_tank,1,8940,447.0,456.0,9.0,113.9,120.8,125.6,138.4,AttackMove,GateWait,fortress,,gave up,0,,doorway 0,scout_jeep(moving)@7.4 sapper(moving)@5.4 sapper(moving)@9.7 rocket_technical(moving)@3.3 engineer_vehicle(moving)@9.5 turtle_tank(moving)@5.7 command_vehicle(moving)@4.1 elite_heavy_tank(moving)@8.0
capital,Weekly,2,light,969,elite_heavy_tank,1,9050,452.5,462.0,9.5,114.7,136.8,125.0,115.0,AttackMove,Unknown,fortress+gate,nopark,moved,0,,speed 2.4 strikes 0,
capital,Weekly,2,light,947,turtle_tank,1,9200,460.0,473.0,13.0,120.7,116.0,125.7,138.8,AttackMove,YieldWait,fortress,,gave up,0,,behind scout_jeep#861,scout_jeep(moving)@3.8 sapper(moving)@9.7 flame_tank(moving)@9.9 armored_car(moving)@6.7 elite_heavy_tank(moving)@7.3 command_hq@10
capital,Weekly,2,light,886,heavy_rocket_artillery,1,9220,461.0,472.0,11.0,97.4,123.4,116.1,139.6,Move,BlockedByFriend,fortress,,gave up,0,,bmpt#921 moving,long_sam(moving)@5.7 mine_layer(moving)@9.7 flame_tank(moving)@8.7 rocket_technical(moving)@8.1 bmpt(moving)@6.3 engineer_vehicle(moving)@6.3
capital,Weekly,2,light,885,flame_tank,1,9290,464.5,482.0,17.5,101.1,130.0,119.0,136.6,AttackMove,YieldWait,fortress,,moved,0,,behind mine_layer#877,scout_jeep(moving)@5.6 mine_layer(moving)@5.2 heavy_rocket_artillery(moving)@9.7 rocket_technical(moving)@4.9 base_wall@7 base_wall@5
capital,Weekly,2,light,968,elite_heavy_tank,1,9400,470.0,482.5,12.5,114.0,121.8,117.5,82.2,AttackMove,OffRoute,fortress,,moved,0,,to (117.5;82.2) past command_hq,scout_jeep(moving)@5.3 sapper(moving)@5.8 sapper(moving)@8.4 heavy_tank(moving)@7.1 turtle_tank(moving)@7.2 command_vehicle(parked)@7.2
capital,Weekly,2,light,924,heavy_tank,1,9560,478.0,493.0,15.0,114.0,128.9,125.0,115.0,AttackMove,YieldWait,fortress+gate,nopark,moved,0,,behind elite_heavy_tank#968,flame_tank(moving)@6.6 turtle_tank(moving)@9.2 elite_heavy_tank(moving)@6.6 elite_heavy_tank(moving)@6.1
capital,Weekly,2,light,878,sapper,1,9650,482.5,491.0,8.5,107.2,122.7,125.5,88.0,AttackMove,BlockedByFriend,fortress,,moved,0,,scout_jeep#861 moving,scout_jeep(moving)@4.5 flame_tank(moving)@7.3 heavy_rocket_artillery(moving)@7.4 bmpt(moving)@9.4 heavy_tank(moving)@9.0 turtle_tank(moving)@4.4 armored_car(moving)@7.2 elite_heavy_tank(moving)@6.4
capital,Weekly,2,light,969,elite_heavy_tank,1,9650,482.5,492.0,9.5,111.6,134.3,125.0,115.0,AttackMove,BlockedByFriend,fortress+gate,nopark,moved,0,,heavy_tank#924 moving,scout_jeep(moving)@7.9 flame_tank(moving)@6.7 heavy_tank(moving)@5.1 base_wall@8
capital,Weekly,2,light,968,elite_heavy_tank,1,9830,491.5,503.0,11.5,112.6,119.7,117.5,82.2,AttackMove,BlockedByFriend,fortress,,moved,0,,elite_mbt#996 moving,sapper(moving)@5.3 flame_tank(moving)@6.8 vbied(moving)@8.7 elite_mbt(moving)@4.7 elite_heavy_tank(moving)@9.3
capital,Weekly,2,light,996,elite_mbt,1,10020,501.0,509.5,8.5,112.3,118.3,104.4,126.3,AttackMove,BlockedByFriend,fortress,,moved,0,,elite_heavy_tank#968 moving,sapper(moving)@9.6 flame_tank(moving)@4.1 elite_heavy_tank(moving)@5.6 elite_heavy_tank(moving)@6.3
capital,Weekly,2,light,878,sapper,1,10080,504.0,517.0,13.0,104.4,117.4,125.5,88.0,AttackMove,BlockedByFriend,fortress,,moved,0,,elite_heavy_tank#997 moving,long_sam(moving)@9.6 bmpt(moving)@4.5 engineer_vehicle(parked)@7.3 flame_tank(moving)@9.4 command_vehicle(parked)@5.5 elite_heavy_tank(moving)@5.8 elite_heavy_tank(moving)@9.6 ew_jammer(moving)@5.3 vbied(moving)@8.9 elite_heavy_tank(moving)@5.1
capital,Weekly,2,light,961,twin_tank,1,10190,509.5,519.0,9.5,128.4,111.4,110.5,117.1,AttackMove,BlockedByFriend,fortress,,gave up,0,,sapper#879 parked,sapper(parked)@4.8
capital,Weekly,2,light,886,heavy_rocket_artillery,1,10320,516.0,546.5,30.5,114.0,131.7,97.0,109.5,Move,YieldWait,fortress+gate,narrow+nopark,moved,0,,behind elite_heavy_tank#968,flame_tank(moving)@7.2 elite_heavy_tank(moving)@6.6 elite_mbt(parked)@7.8 elite_heavy_tank(moving)@9.9
capital,Weekly,2,light,942,flame_tank,1,10330,516.5,533.0,16.5,114.0,124.8,119.0,136.6,AttackMove,YieldWait,fortress,,moved,0,,behind heavy_rocket_artillery#886,heavy_rocket_artillery(moving)@6.8 mobile_fortress(moving)@8.4 elite_heavy_tank(moving)@6.0
capital,Weekly,2,light,968,elite_heavy_tank,1,10390,519.5,530.5,11.0,108.2,126.1,125.7,139.6,AttackMove,BlockedByFriend,fortress+gate,nopark,moved,0,,flame_tank#942 moving,heavy_rocket_artillery(moving)@7.5 mobile_fortress(moving)@8.2 flame_tank(moving)@6.1 command_vehicle(moving)@9.3 ew_jammer(moving)@9.3 elite_heavy_tank(moving)@4.7 base_wall@9
capital,Weekly,2,light,997,elite_heavy_tank,1,10640,532.0,552.5,20.5,101.5,128.6,125.7,139.6,AttackMove,BlockedByFriend,fortress,,moved,0,,flame_tank#942 moving,scout_jeep(moving)@8.8 flame_tank(moving)@6.7 elite_heavy_tank(moving)@7.7 fpv_carrier(moving)@8.3 base_wall@8 base_wall@6
capital,Weekly,2,light,942,flame_tank,1,10690,534.5,554.0,19.5,107.5,129.6,119.4,135.8,AttackMove,YieldWait,fortress+gate,nopark,moved,0,,behind elite_heavy_tank#968,scout_jeep(moving)@7.5 mine_layer(moving)@9.1 heavy_rocket_artillery(moving)@5.8 turtle_tank(moving)@5.8 command_vehicle(moving)@6.7 elite_heavy_tank(moving)@4.3 vbied(moving)@9.2 elite_mbt(moving)@9.3 elite_heavy_tank(moving)@5.2 base_wall@6
capital,Weekly,2,light,966,command_vehicle,1,10710,535.5,547.0,11.5,113.3,126.7,103.3,129.9,Move,BlockedByFriend,fortress+gate,nopark,moved,0,,elite_heavy_tank#968 moving,scout_jeep(moving)@5.5 mine_layer(moving)@8.5 heavy_rocket_artillery(moving)@6.3 flame_tank(moving)@5.9 turtle_tank(moving)@8.3 elite_heavy_tank(moving)@5.7 ew_jammer(moving)@5.1 vbied(moving)@8.0
capital,Weekly,2,light,947,turtle_tank,1,10730,536.5,546.5,10.0,110.0,135.2,117.1,78.9,AttackMove,BlockedByFriend,fortress+gate,nopark,moved,0,,heavy_rocket_artillery#886 moving,flame_tank(moving)@4.6 heavy_rocket_artillery(moving)@4.1 heavy_tank(moving)@8.2 flame_tank(moving)@5.7 command_vehicle(moving)@8.0 vbied(moving)@7.7 elite_heavy_tank(moving)@8.3 base_wall@6
capital,Weekly,2,light,968,elite_heavy_tank,1,10740,537.0,548.0,11.0,107.9,125.4,125.7,139.6,AttackMove,GateWait,fortress,,moved,0,,doorway 0,scout_jeep(moving)@2.9 mine_layer(moving)@5.5 heavy_rocket_artillery(moving)@8.9 rocket_technical(moving)@10.0 engineer_vehicle(moving)@8.9 flame_tank(moving)@4.5 command_vehicle(moving)@4.8 ew_jammer(moving)@5.6 elite_heavy_tank(moving)@6.3 base_wall@9
capital,Weekly,2,light,871,scout_jeep,1,10760,538.0,548.0,10.0,107.5,122.4,99.9,117.6,Move,GateWait,fortress,,moved,0,,doorway 0,mine_layer(moving)@3.2 rocket_technical(parked)@7.2 engineer_vehicle(moving)@6.5 flame_tank(moving)@7.0 twin_tank(moving)@7.7 command_vehicle(moving)@7.0 elite_heavy_tank(moving)@3.0 ew_jammer(moving)@3.1 elite_heavy_tank(moving)@8.4
capital,Weekly,2,light,924,heavy_tank,1,10790,539.5,548.0,8.5,115.7,141.1,112.7,118.7,AttackMove,BlockedByFriend,fortress,,moved,0,,vbied#995 moving,flame_tank(moving)@3.6 heavy_rocket_artillery(moving)@7.8 turtle_tank(moving)@6.8 armored_car(moving)@9.1 vbied(moving)@7.2 vbied(moving)@3.6
capital,Weekly,2,light,942,flame_tank,1,11080,554.0,563.5,9.5,110.4,127.0,119.4,135.8,AttackMove,YieldWait,fortress+gate,nopark,moved,0,,behind elite_heavy_tank#968,scout_jeep(moving)@6.6 mine_layer(moving)@7.5 sapper(moving)@7.9 heavy_rocket_artillery(moving)@5.3 rocket_technical(moving)@8.1 bmpt(moving)@9.9 engineer_vehicle(moving)@4.5 twin_tank(moving)@3.9 command_vehicle(moving)@6.5 elite_heavy_tank(moving)@4.1 base_wall@10
capital,Weekly,2,light,961,twin_tank,1,11080,554.0,596.0,42.0,108.0,130.0,111.1,138.8,Move,BlockedByFriend,fortress+gate,nopark,moved,0,,flame_tank#942 moving,scout_jeep(moving)@8.8 mine_layer(moving)@4.8 heavy_rocket_artillery(moving)@4.8 rocket_technical(moving)@9.6 engineer_vehicle(moving)@8.3 heavy_tank(moving)@9.1 flame_tank(moving)@3.9 command_vehicle(moving)@5.8 elite_heavy_tank(moving)@9.6 ew_jammer(moving)@9.3 elite_heavy_tank(moving)@6.9 base_wall@6
capital,Weekly,2,light,922,engineer_vehicle,1,11100,555.0,570.0,15.0,114.0,124.5,102.8,124.7,Move,GateWait,fortress,,moved,0,,doorway 0,scout_jeep(moving)@3.0 sapper(moving)@7.3 heavy_rocket_artillery(moving)@7.9 bmpt(moving)@6.0 flame_tank(moving)@4.8 armored_car(moving)@9.4 twin_tank(moving)@8.3 elite_heavy_tank(moving)@4.9
capital,Weekly,2,light,969,elite_heavy_tank,1,11180,559.0,569.5,10.5,117.9,116.0,125.7,139.6,AttackMove,BlockedByFriend,fortress,,moved,0,,armored_car#954 moving,sapper(parked)@6.5 sapper(moving)@9.6 bmpt(moving)@6.4 armored_car(moving)@5.3 smoke_carrier(parked)@9.2
capital,Weekly,2,light,877,mine_layer,1,11250,562.5,590.5,28.0,102.4,129.4,119.4,135.8,AttackMove,GateWait,fortress,,moved,0,,doorway 0,scout_jeep(moving)@7.6 sapper(moving)@9.6 twin_tank(moving)@5.3 command_vehicle(parked)@7.9 ew_jammer(moving)@6.5 elite_heavy_tank(moving)@4.8 base_wall@8 base_wall@5
capital,Weekly,2,light,879,sapper,1,11330,566.5,575.5,9.0,109.5,123.3,119.2,136.2,AttackMove,GateWait,fortress,,moved,0,,doorway 0,mine_layer(moving)@9.9 bmpt(moving)@3.3 engineer_vehicle(moving)@5.9 twin_tank(moving)@5.3 command_vehicle(parked)@9.4 elite_heavy_tank(moving)@5.9
capital,Weekly,2,light,921,bmpt,1,11410,570.5,596.5,26.0,113.6,125.4,125.7,139.6,AttackMove,GateWait,fortress,,moved,0,,doorway 0,sapper(moving)@5.1 heavy_rocket_artillery(moving)@9.1 engineer_vehicle(moving)@4.1 twin_tank(moving)@7.5 elite_heavy_tank(moving)@9.0
capital,Weekly,2,light,886,heavy_rocket_artillery,1,11420,571.0,584.0,13.0,114.5,134.4,97.0,109.5,Move,BlockedByFriend,fortress+gate,nopark,moved,0,,engineer_vehicle#922 moving,scout_jeep(moving)@8.2 bmpt(moving)@9.2 engineer_vehicle(moving)@6.9 heavy_tank(moving)@5.9 flame_tank(moving)@5.2 twin_tank(moving)@9.3 vbied(moving)@4.3 vbied(moving)@7.5
capital,Weekly,2,light,879,sapper,1,11650,582.5,598.0,15.5,110.3,122.3,119.2,136.2,AttackMove,GateWait,fortress,,moved,0,,doorway 0,heavy_rocket_artillery(moving)@5.0 bmpt(moving)@3.5 engineer_vehicle(moving)@6.9 armored_car(moving)@5.3 twin_tank(moving)@7.9 command_vehicle(moving)@6.8 vbied(moving)@7.2 elite_heavy_tank(moving)@6.6 heavy_tank(moving)@5.3
capital,Weekly,2,light,924,heavy_tank,1,11650,582.5,591.0,8.5,107.8,139.8,112.7,118.7,AttackMove,Unknown,fortress,,moved,0,,speed 3.2 strikes 2,scout_jeep(moving)@8.0 flame_tank(moving)@6.5 turtle_tank(moving)@3.3 twin_tank(moving)@9.9 vbied(moving)@10.0 base_wall@7
capital,Weekly,2,light,995,vbied,1,11710,585.5,594.5,9.0,109.6,129.4,125.0,115.0,AttackMove,BlockedByFriend,fortress+gate,nopark,moved,0,,twin_tank#961 moving,scout_jeep(moving)@3.4 sapper(moving)@7.1 heavy_rocket_artillery(moving)@3.9 bmpt(moving)@7.6 engineer_vehicle(moving)@6.3 twin_tank(moving)@2.8 vbied(moving)@4.4 elite_heavy_tank(moving)@7.9 base_wall@7
