id,ten_that,ho_id,bien_the_id,dong_vu_khi_id,nhom,co_mm,dau_no_kg,cong_suat_kw,nang_luong_mj,loai_sat_thuong,xuyen,dang_dan,so_nong,che_do_nong,so_phat_moi_loat,khoang_phat_trong_loat_s,thoi_gian_nap_s,bang_dan,nap_bang_s,so_loat_mang,nap_lai_kho_s,sat_thuong_moi_phat,loi_m,ria_m,toc_do_dan_m_s,tam_m,tam_toi_thieu_m,muc_tieu,tran_ban_m,do_tan,bac_no,bac_co,ke_thua_tu,dan_thay_the,cua_ai,mang_boi,so_don_vi_mang,ten_be,thoi_gian_canh_bao_s,co_vong_canh_bao,lech_nong_s,thoi_gian_bay_toi_tam_s,ngoai_doi_phat_phut_toi_da,ngoai_doi_phat_phut_duy_tri,ngoai_doi_loai,ngoai_doi_nguon,ly_do_sua,so_voi_ban_goc,sat_thuong_moi_phat_truoc,sat_thuong_moi_phat_sau,thoi_gian_nap_s_truoc,thoi_gian_nap_s_sau,tam_m_truoc,tam_m_sau,loi_m_truoc,loi_m_sau,ria_m_truoc,ria_m_sau,toc_do_dan_m_s_truoc,toc_do_dan_m_s_sau,so_phat_moi_loat_truoc,so_phat_moi_loat_sau,khoang_phat_trong_loat_s_truoc,khoang_phat_trong_loat_s_sau,so_nong_truoc,so_nong_sau,che_do_nong_truoc,che_do_nong_sau,xuyen_truoc,xuyen_sau,loai_sat_thuong_truoc,loai_sat_thuong_sau,bang_dan_truoc,bang_dan_sau,nap_bang_s_truoc,nap_bang_s_sau,dang_dan_truoc,dang_dan_sau,muc_tieu_truoc,muc_tieu_sau,ammo,aps_eligible,barrels,beam,big_game,bonuses,burst,burst_interval_s,caliber_mm,ceiling_m,charge,clip,clip_reload_s,cluster_count,cluster_damage,cluster_pen,cluster_radius_m,cluster_splash_m,cluster_tier,cooldown_s,damage,damage_type,edge_m,elite,energy_mj,family,flare_eligible,flare_resist,for,form,glides,ground_range_m,group_priority,guided,he,impact_scale,impact_tier,inherits,intercept_only,interceptable,jam_proof,laid,load,lofted,melee,min_range_m,min_reach_m,mrsi,one_at_a_time,pen,pierce,pierce_max,piercing,power_kw,prey,projectile,projectile_model,projectile_scale,projectile_speed_m_s,ramp_from,ramp_grace_s,ramp_seconds_s,ramp_to,range_m,real,reload_s,round,round_length,round_of,round_weight,salvo_mode,size,splash_m,spread,swarm,targets,thermobaric,top_attack,warhead_kg,weapon_family,weapon_family_id,weapon_variant_id,nguon,raw_json
aa_25_triple,Type 96 25 mm (triple),cal_25,flak,,autocannon,25,,,,Fragmentation,1,Bullet,1,RIPPLE,1,0.1,0.05,15,2.4,0,0.0,17,0.0,0.0,240,42,0.0,Air,,1.6,Small,T1,zu23,aa_25_triple_ap,boss,kraken;leviathan,2,kraken:10;kraken:11;kraken:12;kraken:13;kraken:14;kraken:7;kraken:8;kraken:9;leviathan:10;leviathan:11;leviathan:12;leviathan:13;leviathan:14;leviathan:7;leviathan:8;leviathan:9,NEED_CODE_CHECK,NEED_CODE_CHECK,,CHUA_AP:prompt_xuat_luot5,260,130,aa,Wikipedia 'Type 96 25 mm AT/AA gun': 220-260 rpm a barrel,,giong,,,,,,,,,,,,,,,,,,,,,,,,,,,,,,,,,,,,,,,,,25,,,15,2.4,,,,,,,0.05,17,,,,,autocannon,,,,,,,,,,,,zu23,,,,,,,,,,,,1,,,,,,,,,,,,,,42,Type 96 25 mm (triple),,,,,,,25,,,,Air,,,,,cal_25,flak,Assets/MachineBrigade/Resources/Data/balance.json: weapons[293],"{""id"":""aa_25_triple"",""inherits"":""zu23"",""weaponFamilyId"":""cal_25"",""weaponVariantId"":""flak"",""real"":""Type 96 25 mm (triple)"",""family"":""autocannon"",""size"":25,""caliberMm"":25,""pen"":1,""damage"":17,""cooldown"":0.05,""range"":42,""targets"":""Air"",""clip"":15,""clipReload"":2.4}"
aa_25_triple_ap,Type 96 25 mm AP (triple),cal_25,,,autocannon,25,,,,Kinetic,2,Bullet,1,RIPPLE,1,0.1,0.05,15,2.4,0,0.0,17,0,0.0,240,42,0.0,Ground,,1.6,Small,T1,aa_25_triple,,,,0,,NEED_CODE_CHECK,NEED_CODE_CHECK,,CHUA_AP:prompt_xuat_luot5,260,130,aa,Wikipedia 'Type 96 25 mm AT/AA gun': 220-260 rpm a barrel,,giong,,,,,,,,,,,,,,,,,,,,,,,,,,,,,,,,,,,,,,,,,,,,,,,,,,,,,17,Kinetic,,,,,,,ground,BeltedAutocannon,,,,,,,,aa_25_triple,,,,,,,,,,,,2,,,TRUE,,,,,,,,,,,,Type 96 25 mm AP (triple),,ap,,aa_25_triple,,,,0,,,Ground,,,,,,,Assets/MachineBrigade/Resources/Data/balance.json: secondRounds.rounds[0],"{""id"":""aa_25_triple_ap"",""roundOf"":""aa_25_triple"",""inherits"":""aa_25_triple"",""weaponVariantId"":"""",""weaponFamily"":"""",""round"":""ap"",""for"":[""ground""],""real"":""Type 96 25 mm AP (triple)"",""damageType"":""Kinetic"",""pen"":2,""damage"":17,""splash"":0,""form"":""BeltedAutocannon"",""piercing"":true,""targets"":""Ground""}"
agl_40,Mk 19 40 mm,gl_40,,mk_19_40_mm,grenade,40,,,,HighExplosive,2,Bullet,1,RIPPLE,6,0.2,3.2,0,0.0,0,0.0,26,2,0.0,70,30,0.0,Ground,,2.2,Small,T1,,,xe,bmpt;river_patrol_boat;twin_rotor_gunship,3,bmpt:3;bmpt:4;river_patrol_boat:1;twin_rotor_gunship:1,NEED_CODE_CHECK,NEED_CODE_CHECK,,CHUA_AP:prompt_xuat_luot5,375,60,ac,"US Army FM 3-22.27: 325-375 cyclic, 60 rapid",,giong,,,,,,,,,,,,,,,,,,,,,,,,,,,,,,,,,,,,,,,6,0.2,40,,,,,,,,,,,3.2,26,HighExplosive,,,,grenade,,,,,,,,,,,Small,,,,,,,,,,,,,2,,,,,,Bullet,,,,,,,,30,Mk 19 40 mm,,,,,,,40,,2.2,,,,,,mk_19_40_mm,gl_40,,Assets/MachineBrigade/Resources/Data/balance.json: weapons[227],"{""id"":""agl_40"",""weaponFamilyId"":""gl_40"",""weaponFamily"":""mk_19_40_mm"",""real"":""Mk 19 40 mm"",""family"":""grenade"",""size"":40,""caliberMm"":40,""pen"":2,""damageType"":""HighExplosive"",""damage"":26,""cooldown"":3.2,""range"":30,""spread"":2.2,""impactTier"":""Small"",""projectile"":""Bullet"",""burst"":6,""burstInterval"":0.2}"
aim9,AIM-9 Sidewinder,sam_aim_9_sidewinder,,aim_9_sidewinder,aa_missile,,9.4,,,Fragmentation,2,Missile,1,RIPPLE,1,0.1,8,0,0.0,0,0.0,236,1.5,0.0,55,30,0.0,Air,,0.0,Medium,T2,,,xe,wingman_drone,1,wingman_drone:0,NEED_CODE_CHECK,NEED_CODE_CHECK,,CHUA_AP:prompt_xuat_luot5,60,,missile,air-to-air: ~1 s between launches (est.),,giong,,,,,,,,,,,,,,,,,,,,,,,,,,,,,,,,,,,,,,,,,,,,,,,,,,,,8,236,Fragmentation,,,,aa_missile,,,,,,,,,,,Medium,,,,,,2,,,,,,,2,,,,,,Missile,,0.7,,,,,,30,AIM-9 Sidewinder,,,,,,,9.4,,,,Air,,,9.4,aim_9_sidewinder,sam_aim_9_sidewinder,,Assets/MachineBrigade/Resources/Data/balance.json: weapons[68],"{""id"":""aim9"",""weaponFamilyId"":""sam_aim_9_sidewinder"",""weaponFamily"":""aim_9_sidewinder"",""load"":2,""real"":""AIM-9 Sidewinder"",""family"":""aa_missile"",""size"":9.4,""warheadKg"":9.4,""pen"":2,""projectileScale"":0.7,""damageType"":""Fragmentation"",""damage"":236,""cooldown"":8,""range"":30,""impactTier"":""Medium"",""projectile"":""Missile"",""targets"":""Air""}"
air_cruise_missile,Kh-101 (400 kg),cruise_kh_101,,,cruise,,400,,,HighExplosive,3,Missile,1,RIPPLE,1,0.1,11.2,0,0.0,0,0.0,378,9,0.0,22,110,0.0,Ground,,0.0,Huge,T4,,,xe,heavy_bomber,1,heavy_bomber:2,NEED_CODE_CHECK,NEED_CODE_CHECK,,CHUA_AP:prompt_xuat_luot5,20,6,missile,cruise missiles: ~3 s between launches (est.),,giong,,,,,,,,,,,,,,,,,,,,,,,,,,,,,,,,,,,,,,,,,,,,,,,,,,,,11.2,378,HighExplosive,,,,cruise,,,,,,,,,,,Huge,,,,,,2,,,,,,,3,,,,,,Missile,cruise_missile,,22,,,,,110,Kh-101 (400 kg),,,,,450,,400,9,,,,,,400,,cruise_kh_101,,Assets/MachineBrigade/Resources/Data/balance.json: weapons[70],"{""id"":""air_cruise_missile"",""weaponFamilyId"":""cruise_kh_101"",""load"":2,""real"":""Kh-101 (400 kg)"",""family"":""cruise"",""size"":400,""warheadKg"":400,""pen"":3,""projectileModel"":""cruise_missile"",""damageType"":""HighExplosive"",""damage"":378,""cooldown"":11.2,""range"":110,""projectileSpeed"":22,""splash"":9,""impactTier"":""Huge"",""projectile"":""Missile"",""roundWeight"":450}"
air_to_air,AIM-120 AMRAAM,sam_aim_120_amraam,,,aa_missile,,20,,,Fragmentation,3,Missile,1,RIPPLE,1,0.1,3.99,0,0.0,0,0.0,294,2,0.0,60,60,0.0,Air,high,0.0,Medium,T2,,,boss;xe,fighter_jet;morrigan;stealth_fighter,3,fighter_jet:0;morrigan:0;morrigan:1;stealth_fighter:0,NEED_CODE_CHECK,NEED_CODE_CHECK,,CHUA_AP:prompt_xuat_luot5,60,,missile,air-to-air: ~1 s between launches (est.),,giong,,,,,,,,,,,,,,,,,,,,,,,,,,,,,,,,,,,,,,,,,,high,,,,,,,,,,3.99,294,Fragmentation,,,,aa_missile,,,,,,,,,,,Medium,,,,,,4,,,,,,,3,,,,,,Missile,aim120,0.85,60,,,,,60,AIM-120 AMRAAM,,,,,351,,20,2,,,Air,,,20,,sam_aim_120_amraam,,Assets/MachineBrigade/Resources/Data/balance.json: weapons[63],"{""id"":""air_to_air"",""weaponFamilyId"":""sam_aim_120_amraam"",""ceiling"":""high"",""load"":4,""real"":""AIM-120 AMRAAM"",""family"":""aa_missile"",""size"":20,""warheadKg"":20,""pen"":3,""projectileModel"":""aim120"",""projectileScale"":0.85,""damageType"":""Fragmentation"",""damage"":294,""cooldown"":3.99,""range"":60,""projectileSpeed"":60,""splash"":2,""impactTier"":""Medium"",""projectile"":""Missile"",""targets"":""Air"",""roundWeight"":351}"
airship_drones,FPV drone (1.5 kg),drone_fpv_drone,,fpv_drone,drone,,1.5,,,ShapedCharge,3,Drone,1,RIPPLE,3,0.35,8.35,0,0.0,0,0.0,140,2.5,0.0,26,70,0.0,Ground,,0.0,Large,T2,,,,,0,,NEED_CODE_CHECK,NEED_CODE_CHECK,,CHUA_AP:prompt_xuat_luot5,NEED_SOURCE,NEED_SOURCE,,NEED_SOURCE,,giong,,,,,,,,,,,,,,,,,,,,,,,,,,,,,,,,,,,,,,,3,0.35,,,,,,,,,,,,8.35,140,ShapedCharge,,,,drone,,,,,,,,,,,Large,,,,,,,,,,,,,3,,,TRUE,,,Drone,,,,,,,,70,FPV drone (1.5 kg),,,,,,,1.5,,,,,,TRUE,1.5,fpv_drone,drone_fpv_drone,,Assets/MachineBrigade/Resources/Data/balance.json: weapons[241],"{""id"":""airship_drones"",""weaponFamilyId"":""drone_fpv_drone"",""weaponFamily"":""fpv_drone"",""real"":""FPV drone (1.5 kg)"",""family"":""drone"",""size"":1.5,""warheadKg"":1.5,""pen"":3,""topAttack"":true,""piercing"":true,""damageType"":""ShapedCharge"",""damage"":140,""cooldown"":8.35,""range"":70,""impactTier"":""Large"",""projectile"":""Drone"",""burst"":3,""burstInterval"":0.35}"
airship_flak,S-60 57 mm,cal_57,flak,,autocannon,57,,,,Fragmentation,2,Bullet,1,RIPPLE,1,0.1,0.5,8,1.38,0,0.0,70,3,0.0,280,48,0.0,All,,1.4,Medium,T2,,,,,0,,NEED_CODE_CHECK,NEED_CODE_CHECK,,CHUA_AP:prompt_xuat_luot5,120,70,aa,"Wikipedia 'AZP S-60': 105-120 cyclic, 70 practical",,giong,,,,,,,,,,,,,,,,,,,,,,,,,,,,,,,,,,,,,,,,,57,,,8,1.38,,,,,,,0.5,70,Fragmentation,,,,autocannon,,,,,,,,,,,Medium,,,,,,,,,,,,,2,,,,,,Bullet,,,280,,,,,48,S-60 57 mm,,,,,,,57,3,1.4,,All,,,,,cal_57,flak,Assets/MachineBrigade/Resources/Data/balance.json: weapons[240],"{""id"":""airship_flak"",""weaponFamilyId"":""cal_57"",""weaponVariantId"":""flak"",""real"":""S-60 57 mm"",""family"":""autocannon"",""size"":57,""caliberMm"":57,""pen"":2,""damageType"":""Fragmentation"",""damage"":70,""cooldown"":0.5,""range"":48,""projectileSpeed"":280,""splash"":3,""spread"":1.4,""impactTier"":""Medium"",""projectile"":""Bullet"",""targets"":""All"",""clip"":8,""clipReload"":1.38}"
amos_120,120 mm AMOS (twin),cal_120_he,mortar,,mortar,120,,,,HighExplosive,2,Shell,1,RIPPLE,4,0.25,10,0,0.0,0,0.0,150,5,0.0,32,60,10,Ground,,4.5,Large,T3,,,xe,sp_mortar,1,sp_mortar:0,NEED_CODE_CHECK,NEED_CODE_CHECK,,CHUA_AP:prompt_xuat_luot5,13,10,gun,Wikipedia 'AMOS': 26 rpm the twin-barrel turret,,giong,,,,,,,,,,,,,,,,,,,,,,,,,,,,,,,,,,,,,,,4,0.25,120,,,,,,,,,,,10,150,HighExplosive,,,,mortar,,,,,,,,,,,Large,,,,,,,,,10,,TRUE,,2,,,,,,,mortar_bomb,,32,,,,,60,120 mm AMOS (twin),,,,,,,120,5,4.5,,,,,,,cal_120_he,mortar,Assets/MachineBrigade/Resources/Data/balance.json: weapons[276],"{""id"":""amos_120"",""weaponFamilyId"":""cal_120_he"",""weaponVariantId"":""mortar"",""real"":""120 mm AMOS (twin)"",""family"":""mortar"",""size"":120,""caliberMm"":120,""pen"":2,""damageType"":""HighExplosive"",""damage"":150,""burst"":4,""burstInterval"":0.25,""cooldown"":10,""range"":60,""minRange"":10,""projectileSpeed"":32,""splash"":5,""spread"":4.5,""impactTier"":""Large"",""projectileModel"":""mortar_bomb"",""mrsi"":true}"
anti_radar_missile,AGM-88 HARM,msl_agm_88_harm,,agm_88_harm,missile,,68,,,HighExplosive,3,Missile,1,RIPPLE,1,0.1,8,0,0.0,0,0.0,300,4,0.0,45,90,0.0,Ground,,0.0,Large,T3,,,xe,interceptor_jet,1,interceptor_jet:1,NEED_CODE_CHECK,NEED_CODE_CHECK,,CHUA_AP:prompt_xuat_luot5,60,10,atgm,"air-launched: ripples ~1 s apart, est. 6 s an aimed shot",,giong,,,,,,,,,,,,,,,,,,,,,,,,,,,,,,,,,,,,,,,,,,,,,,,,,,,,8,300,HighExplosive,,,,missile,,,,,,,,,,,Large,,,,,,,,,,,,,3,,,,,,Missile,harm,,45,,,,,90,AGM-88 HARM,,,2.09,,,,360,4,,,,,,68,agm_88_harm,msl_agm_88_harm,,Assets/MachineBrigade/Resources/Data/balance.json: weapons[297],"{""id"":""anti_radar_missile"",""weaponFamilyId"":""msl_agm_88_harm"",""real"":""AGM-88 HARM"",""weaponFamily"":""agm_88_harm"",""family"":""missile"",""size"":360,""warheadKg"":68,""pen"":3,""damageType"":""HighExplosive"",""damage"":300,""cooldown"":8,""range"":90,""projectileSpeed"":45,""splash"":4,""impactTier"":""Large"",""projectile"":""Missile"",""projectileModel"":""harm"",""roundLength"":2.09,""bonuses"":[{""class"":""AntiAir"",""mult"":2}]}"
anti_ship_missile,NSM / P-800 Oniks,msl_nsm_p_800_oniks,,nsm_oniks,missile,,250,,,HighExplosive,4,Missile,1,RIPPLE,1,0.1,30,0,0.0,0,0.0,450,7,0.0,30,140,0.0,Ground,,0.0,Huge,T4,,,,,0,,NEED_CODE_CHECK,NEED_CODE_CHECK,,CHUA_AP:prompt_xuat_luot5,20,6,missile,cruise missiles: ~3 s between launches (est.),,giong,,,,,,,,,,,,,,,,,,,,,,,,,,,,,,,,,,,,,,,,,,,,,,,,,,,,30,450,HighExplosive,,,,missile,,,,,,,,,,,Huge,,,,,,,,,,,,,4,,,,,,Missile,nsm_oniks,,30,,,,,140,NSM / P-800 Oniks,,,3.17,,,,680,7,,,,,,250,nsm_oniks,msl_nsm_p_800_oniks,,Assets/MachineBrigade/Resources/Data/balance.json: weapons[302],"{""id"":""anti_ship_missile"",""weaponFamilyId"":""msl_nsm_p_800_oniks"",""real"":""NSM / P-800 Oniks"",""weaponFamily"":""nsm_oniks"",""family"":""missile"",""size"":680,""warheadKg"":250,""pen"":4,""damageType"":""HighExplosive"",""damage"":450,""cooldown"":30,""range"":140,""projectileSpeed"":30,""splash"":7,""impactTier"":""Huge"",""projectile"":""Missile"",""projectileModel"":""nsm_oniks"",""roundLength"":3.17}"
apkws_rocket,APKWS (laser-guided Hydra 70),rkt_70_80,guided,apkws,rocket,70,,,,ShapedCharge,2,Rocket,1,RIPPLE,1,0.1,1,0,0.0,0,0.0,90,2,0.0,45,40,0.0,All,,0.0,Medium,T2,,,xe,attack_helicopter,1,attack_helicopter:4,NEED_CODE_CHECK,NEED_CODE_CHECK,,CHUA_AP:prompt_xuat_luot5,900,,rocket,rocket pods: ripples of 0.05-0.12 s (DECISIONS 19R),,giong,,,,,,,,,,,,,,,,,,,,,,,,,,,,,,,,,,,,,,,,,70,,,,,,,,,,,1,90,ShapedCharge,,,,rocket,,,,,,,,,,,Medium,,,,,,,,,,,,,2,,,,,,Rocket,apkws,,45,,,,,40,APKWS (laser-guided Hydra 70),,,0.8,,,,70,2,,,All,,,,apkws,rkt_70_80,guided,Assets/MachineBrigade/Resources/Data/balance.json: weapons[298],"{""id"":""apkws_rocket"",""weaponFamilyId"":""rkt_70_80"",""weaponVariantId"":""guided"",""real"":""APKWS (laser-guided Hydra 70)"",""weaponFamily"":""apkws"",""family"":""rocket"",""size"":70,""caliberMm"":70,""pen"":2,""damageType"":""ShapedCharge"",""damage"":90,""cooldown"":1,""range"":40,""projectileSpeed"":45,""splash"":2,""impactTier"":""Medium"",""projectile"":""Rocket"",""projectileModel"":""apkws"",""roundLength"":0.8,""targets"":""All""}"
at_gun_100,MT-12 Rapira 100 mm,cal_100_105_ap,,,tank_gun,100,,,,Kinetic,3,Shell,1,RIPPLE,1,0.1,5,0,0.0,0,0.0,200,0.0,0.0,200,38,0.0,Ground,,0.6,Medium,T2,,,thap,at_gun_emplacement;at_gun_emplacement.long,2,at_gun_emplacement:0;at_gun_emplacement.long:0,NEED_CODE_CHECK,NEED_CODE_CHECK,,CHUA_AP:prompt_xuat_luot5,14,6,gun,Wikipedia 'MT-12 Rapira': 6-14 rpm,,giong,,,,,,,,,,,,,,,,,,,,,,,,,,,,,,,,,,,,,,,,,100,,,,,,,,,,,5,200,Kinetic,,,,tank_gun,,,,,,,,,,,Medium,,,,,,,,,,,,,3,,,TRUE,,,,,,200,,,,,38,MT-12 Rapira 100 mm,,,,,,,100,,0.6,,,,,,,cal_100_105_ap,,Assets/MachineBrigade/Resources/Data/balance.json: weapons[270],"{""id"":""at_gun_100"",""weaponFamilyId"":""cal_100_105_ap"",""real"":""MT-12 Rapira 100 mm"",""family"":""tank_gun"",""size"":100,""caliberMm"":100,""pen"":3,""piercing"":true,""damageType"":""Kinetic"",""damage"":200,""cooldown"":5,""range"":38,""projectileSpeed"":200,""spread"":0.6,""impactTier"":""Medium""}"
ataka,9M120 Ataka,atgm_9m120_ataka,,9m120_ataka,atgm,,7.4,,,ShapedCharge,4,Missile,1,RIPPLE,2,0.5,10.92,0,0.0,0,0.0,247,0,0.0,26,40,0.0,Ground,,0.0,Medium,T2,,,xe,bmpt,1,bmpt:2,NEED_CODE_CHECK,NEED_CODE_CHECK,,CHUA_AP:prompt_xuat_luot5,4,3,atgm,Shturm / Ataka / Khrizantema launchers: est. 3-4 rpm a rail,,giong,,,,,,,,,,,,,,,,,,,,,,,,,,,,,,,,,,,,,,,2,0.5,,,,,,,,,,,,10.92,247,ShapedCharge,,,,atgm,,,,,,,,,,,Medium,,,,,,,,,,,,,4,,,TRUE,,,Missile,,0.88,,,,,,40,9M120 Ataka,,,,,,,42,,,,,,,7.4,9m120_ataka,atgm_9m120_ataka,,Assets/MachineBrigade/Resources/Data/balance.json: weapons[84],"{""id"":""ataka"",""weaponFamilyId"":""atgm_9m120_ataka"",""weaponFamily"":""9m120_ataka"",""real"":""9M120 Ataka"",""family"":""atgm"",""size"":42,""warheadKg"":7.4,""pen"":4,""piercing"":true,""projectileScale"":0.88,""damageType"":""ShapedCharge"",""damage"":247,""cooldown"":10.92,""range"":40,""impactTier"":""Medium"",""projectile"":""Missile"",""burst"":2,""burstInterval"":0.5}"
atgm,BGM-71 TOW-2,atgm_bgm_71_tow_2,,,atgm,,5.9,,,ShapedCharge,4,Missile,1,RIPPLE,1,0.1,12.33,0,0.0,0,0.0,190,0.0,0.0,20,40,0.0,Ground,,0.0,Medium,T2,,,xe,elite_apc;ifv;titan_tank,3,elite_apc:2;ifv:2;titan_tank:3,NEED_CODE_CHECK,NEED_CODE_CHECK,,CHUA_AP:prompt_xuat_luot5,3,2,atgm,Wikipedia 'BGM-71 TOW': ~3 rpm,,giong,,,,,,,,,,,,,,,,,,,,,,,,,,,,,,,,,,,,,,,,,,,,,,,,,,,,12.33,190,ShapedCharge,,,,atgm,,,,,,,,,,,Medium,,,,,,,,,,,,,4,,,TRUE,,,Missile,atgm_tow,0.8,20,,,,,40,BGM-71 TOW-2,,,,,,,22.6,,,,,,,5.9,,atgm_bgm_71_tow_2,,Assets/MachineBrigade/Resources/Data/balance.json: weapons[13],"{""id"":""atgm"",""weaponFamilyId"":""atgm_bgm_71_tow_2"",""real"":""BGM-71 TOW-2"",""family"":""atgm"",""size"":22.6,""warheadKg"":5.9,""pen"":4,""piercing"":true,""projectileModel"":""atgm_tow"",""projectileScale"":0.8,""damageType"":""ShapedCharge"",""damage"":190,""cooldown"":12.33,""range"":40,""projectileSpeed"":20,""impactTier"":""Medium"",""projectile"":""Missile""}"
atgm_heavy,9M133 Kornet,atgm_kornet,,9m133_kornet,atgm,,7,,,ShapedCharge,4,Missile,1,RIPPLE,2,0.7,6.8,0,0.0,0,0.0,230,0,0.0,22,42,0.0,Ground,,0.0,Medium,T2,,,,,0,,NEED_CODE_CHECK,NEED_CODE_CHECK,,CHUA_AP:prompt_xuat_luot5,3,3,atgm,Wikipedia '9M133 Kornet': 2-3 rpm,,giong,,,,,,,,,,,,,,,,,,,,,,,,,,,,,,,,,,,,,,,2,0.7,,,,,,,,,,,,6.8,230,ShapedCharge,,,,atgm,,,,,,,,,,,Medium,,,,,,,,,,,,,4,,,TRUE,,,Missile,,,,,,,,42,9M133 Kornet,,,,,,,29,,,,,,,7,9m133_kornet,atgm_kornet,,Assets/MachineBrigade/Resources/Data/balance.json: weapons[35],"{""id"":""atgm_heavy"",""weaponFamilyId"":""atgm_kornet"",""weaponFamily"":""9m133_kornet"",""real"":""9M133 Kornet"",""family"":""atgm"",""size"":29,""warheadKg"":7,""pen"":4,""piercing"":true,""damageType"":""ShapedCharge"",""damage"":230,""cooldown"":6.8,""range"":42,""impactTier"":""Medium"",""projectile"":""Missile"",""burst"":2,""burstInterval"":0.7}"
atgm_post,9M113 Konkurs,atgm_9m113_konkurs,,,atgm,,2.7,,,ShapedCharge,3,Missile,1,RIPPLE,1,0.1,12.1,0,0.0,0,0.0,190,0.0,0.0,19,34,0.0,Ground,,0.0,Medium,T2,,,,,0,,NEED_CODE_CHECK,NEED_CODE_CHECK,,CHUA_AP:prompt_xuat_luot5,3,2,atgm,Wikipedia '9M113 Konkurs': 2-3 rpm,,giong,,,,,,,,,,,,,,,,,,,,,,,,,,,,,,,,,,,,,,,,,,,,,,,,,,,,12.1,190,ShapedCharge,,,,atgm,,,,,,,,,,,Medium,,,,,,,,,,,,,3,,,TRUE,,,Missile,atgm_kornet,,19,,,,,34,9M113 Konkurs,,,,,,,25,,,,,,,2.7,,atgm_9m113_konkurs,,Assets/MachineBrigade/Resources/Data/balance.json: weapons[230],"{""id"":""atgm_post"",""weaponFamilyId"":""atgm_9m113_konkurs"",""real"":""9M113 Konkurs"",""family"":""atgm"",""size"":25,""warheadKg"":2.7,""pen"":3,""piercing"":true,""projectileModel"":""atgm_kornet"",""damageType"":""ShapedCharge"",""damage"":190,""cooldown"":12.1,""range"":34,""projectileSpeed"":19,""impactTier"":""Medium"",""projectile"":""Missile""}"
autocannon_25,M242 Bushmaster 25 mm,cal_25,,m242_bushmaster_25_mm,autocannon,25,,,,Kinetic,2,Bullet,1,RIPPLE,8,0.1667,1.4667,0,0.0,0,0.0,17,0,0.0,210,30,0.0,Ground,,0.9,Small,T1,,autocannon_25_flak,thap;xe,amphib_light_vehicle;armored_car;guard_tower.nest,3,amphib_light_vehicle:0;armored_car:0;guard_tower.nest:other,NEED_CODE_CHECK,NEED_CODE_CHECK,,CHUA_AP:prompt_xuat_luot5,500,200,ac,Wikipedia 'M242 Bushmaster': 200 or 500 rpm,,giong,,,,,,,,,,,,,,,,,,,,,,,,,,,,,,,,,,,,,,,8,0.1667,25,,,,,,,,,,,1.4667,17,Kinetic,,,,autocannon,,,,,,,,,,,Small,,,,,,,,,,,,,2,,,,,,Bullet,,,,,,,,30,M242 Bushmaster 25 mm,,,,,22,,25,,0.9,,Ground,,,,m242_bushmaster_25_mm,cal_25,,Assets/MachineBrigade/Resources/Data/balance.json: weapons[26],"{""id"":""autocannon_25"",""weaponFamilyId"":""cal_25"",""weaponFamily"":""m242_bushmaster_25_mm"",""burstInterval"":0.1667,""burst"":8,""real"":""M242 Bushmaster 25 mm"",""family"":""autocannon"",""size"":25,""caliberMm"":25,""pen"":2,""damageType"":""Kinetic"",""damage"":17,""cooldown"":1.4667,""range"":30,""spread"":0.9,""impactTier"":""Small"",""projectile"":""Bullet"",""targets"":""Ground"",""roundWeight"":22}"
autocannon_25_flak,M242 Bushmaster 25 mm air-burst,cal_25,flak,m242_bushmaster_25_mm_air_burst,autocannon,25,,,,Fragmentation,1,Bullet,1,RIPPLE,8,0.1667,1.4667,0,0.0,0,0.0,17,2,0.0,210,30,0.0,Air,,0.9,Small,T1,autocannon_25,,,,0,,NEED_CODE_CHECK,NEED_CODE_CHECK,,CHUA_AP:prompt_xuat_luot5,500,200,ac,Wikipedia 'M242 Bushmaster': 200 or 500 rpm,,giong,,,,,,,,,,,,,,,,,,,,,,,,,,,,,,,,,,,,,,,,,,,,,,,,,,,,,17,Fragmentation,,,,,,,air,Airburst,,,,,,,,autocannon_25,,,,,,,,,,,,1,,,FALSE,,,,,,,,,,,,M242 Bushmaster 25 mm air-burst,,flak,,autocannon_25,,,,2,,,Air,,,,m242_bushmaster_25_mm_air_burst,,flak,Assets/MachineBrigade/Resources/Data/balance.json: secondRounds.rounds[1],"{""id"":""autocannon_25_flak"",""roundOf"":""autocannon_25"",""inherits"":""autocannon_25"",""weaponVariantId"":""flak"",""weaponFamily"":""m242_bushmaster_25_mm_air_burst"",""round"":""flak"",""for"":[""air""],""real"":""M242 Bushmaster 25 mm air-burst"",""damageType"":""Fragmentation"",""pen"":1,""damage"":17,""splash"":2,""form"":""Airburst"",""piercing"":false,""targets"":""Air""}"
autocannon_30,2A42 30 mm,cal_30,,2a42_30_mm,autocannon,30,,,,Kinetic,2,Bullet,1,RIPPLE,10,0.1111,1.6111,0,0.0,0,0.0,22,0,0.0,200,30,0.0,Ground,,0.8,Small,T1,,autocannon_30_flak,boss_part;xe,airborne_vehicle;elite_apc;elite_heavy_tank;gun_30;heavy_tank,5,airborne_vehicle:1;elite_apc:0;elite_heavy_tank:1;gun_30:part;heavy_tank:1,NEED_CODE_CHECK,NEED_CODE_CHECK,,CHUA_AP:prompt_xuat_luot5,800,300,ac,"Wikipedia '2A42': 550-800 high, 200-300 low rpm",,giong,,,,,,,,,,,,,,,,,,,,,,,,,,,,,,,,,,,,,,,10,0.1111,30,,,,,,,,,,,1.6111,22,Kinetic,,,,autocannon,,,,,,,,,,,Small,,,,,,,,,,,,,2,,,,,,Bullet,,,,,,,,30,2A42 30 mm,,,,,,,30,,0.8,,Ground,,,,2a42_30_mm,cal_30,,Assets/MachineBrigade/Resources/Data/balance.json: weapons[8],"{""id"":""autocannon_30"",""weaponFamilyId"":""cal_30"",""weaponFamily"":""2a42_30_mm"",""burstInterval"":0.1111,""burst"":10,""real"":""2A42 30 mm"",""family"":""autocannon"",""size"":30,""caliberMm"":30,""pen"":2,""damageType"":""Kinetic"",""damage"":22,""cooldown"":1.6111,""range"":30,""spread"":0.8,""impactTier"":""Small"",""projectile"":""Bullet"",""targets"":""Ground""}"
autocannon_30_flak,2A42 30 mm air-burst,cal_30,flak,2a42_30_mm_air_burst,autocannon,30,,,,Fragmentation,2,Bullet,1,RIPPLE,10,0.1111,1.6111,0,0.0,0,0.0,22,2.5,0.0,200,30,0.0,Air,,0.8,Small,T1,autocannon_30,,,,0,,NEED_CODE_CHECK,NEED_CODE_CHECK,,CHUA_AP:prompt_xuat_luot5,800,300,ac,"Wikipedia '2A42': 550-800 high, 200-300 low rpm",,giong,,,,,,,,,,,,,,,,,,,,,,,,,,,,,,,,,,,,,,,,,,,,,,,,,,,,,22,Fragmentation,,,,,,,air,Airburst,,,,,,,,autocannon_30,,,,,,,,,,,,2,,,FALSE,,,,,,,,,,,,2A42 30 mm air-burst,,flak,,autocannon_30,,,,2.5,,,Air,,,,2a42_30_mm_air_burst,,flak,Assets/MachineBrigade/Resources/Data/balance.json: secondRounds.rounds[2],"{""id"":""autocannon_30_flak"",""roundOf"":""autocannon_30"",""inherits"":""autocannon_30"",""weaponVariantId"":""flak"",""weaponFamily"":""2a42_30_mm_air_burst"",""round"":""flak"",""for"":[""air""],""real"":""2A42 30 mm air-burst"",""damageType"":""Fragmentation"",""pen"":2,""damage"":22,""splash"":2.5,""form"":""Airburst"",""piercing"":false,""targets"":""Air""}"
autocannon_40,Bofors 40 mm,cal_40,,,autocannon,40,,,,Kinetic,2,Bullet,1,RIPPLE,1,0.1,0.2,10,1.72,0,0.0,30,1,0.0,210,28,0.0,All,,0.8,Small,T1,,autocannon_40_flak,boss;boss_part,gun_40;rail_supergun,2,gun_40:part;rail_supergun:1;rail_supergun:2,NEED_CODE_CHECK,NEED_CODE_CHECK,,CHUA_AP:prompt_xuat_luot5,330,120,aa,Wikipedia 'Bofors 40 mm L/70': 240-330 rpm,Gungnir's 40 mm guns: frozen (fix rule 8); their 1 m burst is Gungnir's own,giong,,,,,,,,,,,,,,,,,,,,,,,,,,,,,,,,,,,,,,,,,40,,,10,1.72,,,,,,,0.2,30,Kinetic,,,,autocannon,,,,,,,,,,,Small,,,,,,,,,,,,,2,,,,,,Bullet,,,210,,,,,28,Bofors 40 mm,,,,,51,,40,1,0.8,,All,,,,,cal_40,,Assets/MachineBrigade/Resources/Data/balance.json: weapons[106],"{""id"":""autocannon_40"",""weaponFamilyId"":""cal_40"",""real"":""Bofors 40 mm"",""family"":""autocannon"",""size"":40,""caliberMm"":40,""pen"":2,""damageType"":""Kinetic"",""damage"":30,""cooldown"":0.2,""range"":28,""projectileSpeed"":210,""splash"":1,""spread"":0.8,""impactTier"":""Small"",""projectile"":""Bullet"",""targets"":""All"",""clip"":10,""clipReload"":1.72,""roundWeight"":51}"
autocannon_40_flak,Bofors 40 mm air-burst,cal_40,flak,,autocannon,40,,,,Fragmentation,2,Bullet,1,RIPPLE,1,0.1,0.2,10,1.72,0,0.0,30,3.5,0.0,210,28,0.0,Air,,0.8,Small,T1,autocannon_40,,,,0,,NEED_CODE_CHECK,NEED_CODE_CHECK,,CHUA_AP:prompt_xuat_luot5,330,120,aa,Wikipedia 'Bofors 40 mm L/70': 240-330 rpm,,giong,,,,,,,,,,,,,,,,,,,,,,,,,,,,,,,,,,,,,,,,,,,,,,,,,,,,,30,Fragmentation,,,,,,,air,Airburst,,,,,,,,autocannon_40,,,,,,,,,,,,2,,,FALSE,,,,,,,,,,,,Bofors 40 mm air-burst,,flak,,autocannon_40,,,,3.5,,,Air,,,,,,flak,Assets/MachineBrigade/Resources/Data/balance.json: secondRounds.rounds[3],"{""id"":""autocannon_40_flak"",""roundOf"":""autocannon_40"",""inherits"":""autocannon_40"",""weaponVariantId"":""flak"",""weaponFamily"":"""",""round"":""flak"",""for"":[""air""],""real"":""Bofors 40 mm air-burst"",""damageType"":""Fragmentation"",""pen"":2,""damage"":30,""splash"":3.5,""form"":""Airburst"",""piercing"":false,""targets"":""Air""}"
avenger_stingers,Starstreak / Stinger SHORAD (Avenger pods),sam_starstreak_stinger_shorad,,,aa_missile,,1,,,Fragmentation,2,Missile,1,RIPPLE,8,0.5,15,0,0.0,0,0.0,170,2,0.0,42,44,0.0,Air,,0.0,Medium,T2,sam,,xe,shorad_vehicle,1,shorad_vehicle:0,NEED_CODE_CHECK,NEED_CODE_CHECK,,CHUA_AP:prompt_xuat_luot5,20,10,missile,Avenger / Stormer: ~3 s between rounds (est.); a MANPADS team 6-10 s,,giong,,,,,,,,,,,,,,,,,,,,,,,,,,,,,,,,,,,,,,,8,0.5,,,,,,,,,,,,15,,,,,,,,,,,,,,,,,,sam,,,,,,,,,,,,,,,,,,,,,,,,,,44,Starstreak / Stinger SHORAD (Avenger pods),,,,,,,,,,,,,,,,,,Assets/MachineBrigade/Resources/Data/balance.json: weapons[269],"{""id"":""avenger_stingers"",""inherits"":""sam"",""real"":""Starstreak / Stinger SHORAD (Avenger pods)"",""burst"":8,""burstInterval"":0.5,""cooldown"":15,""range"":44}"
ballistic_missile,9M723 Iskander (700 kg),bal_9m723_iskander,,,ballistic,,480,,,HighExplosive,4,Rocket,1,RIPPLE,2,1.5,22.71,0,0.0,2,0.0,630,10,0.0,50,180,40,Ground,,5,Ultimate,T4,,,xe,ballistic_launcher,1,ballistic_launcher:0,NEED_CODE_CHECK,NEED_CODE_CHECK,,CHUA_AP:prompt_xuat_luot5,2,2,missile,Wikipedia '9K720 Iskander': two missiles within a minute,,giong,,,,,,,,,,,,,,,,,,,,,,,,,,,,,,,,,2,,,,,,2,1.5,,,,,,,,,,,,22.71,630,HighExplosive,,,,ballistic,,,,,,,,,,,Ultimate,,,,,,,,,40,,,,4,,,,,,Rocket,,0.85,50,,,,,180,9M723 Iskander (700 kg),,,,,700,,700,10,5,,,,,480,,bal_9m723_iskander,,Assets/MachineBrigade/Resources/Data/balance.json: weapons[60],"{""id"":""ballistic_missile"",""weaponFamilyId"":""bal_9m723_iskander"",""real"":""9M723 Iskander (700 kg)"",""family"":""ballistic"",""size"":700,""warheadKg"":480,""pen"":4,""projectileScale"":0.85,""damageType"":""HighExplosive"",""damage"":630,""cooldown"":22.71,""range"":180,""minRange"":40,""projectileSpeed"":50,""splash"":10,""spread"":5,""impactTier"":""Ultimate"",""projectile"":""Rocket"",""burst"":2,""burstInterval"":1.5,""ammo"":2,""roundWeight"":700}"
bastion_gun,2A83 152 mm (twin),cal_152_155,ap,2a83_152_mm,tank_gun,152,,,,Kinetic,4,Shell,2,SIMULTANEOUS,1,0.05,5.21,0,0.0,0,0.0,320,2.5,0.0,160,40,0.0,Ground,,0.3,Large,T3,,bastion_gun_he,cong_trinh;thap,headquarters;headquarters.fortress_air;headquarters.fortress_ground;headquarters.shield;spawn_bastion,5,headquarters:0;headquarters.fortress_air:0;headquarters.fortress_ground:0;headquarters.shield:0;spawn_bastion:0,NEED_CODE_CHECK,NEED_CODE_CHECK,,CHUA_AP:prompt_xuat_luot5,10,8,gun,"Object 195 / T-14 152 mm, est. ~10 rpm (the sheet)",,doi,,,5.16,5.21,,,,,,,,,2,1,,,1,2,RIPPLE,SIMULTANEOUS,,,,,,,,,,,,,,,2,,,,1,0.05,152,,,,,,,,,,,5.21,320,Kinetic,,,,tank_gun,,,,,,,,,,1.5,Large,,,,,,,,,,,,,4,,,TRUE,,,,,,,,,,,40,2A83 152 mm (twin),,,,,,SIMULTANEOUS,152,,0.3,,,,,,2a83_152_mm,cal_152_155,ap,Assets/MachineBrigade/Resources/Data/balance.json: weapons[98],"{""id"":""bastion_gun"",""weaponFamilyId"":""cal_152_155"",""weaponVariantId"":""ap"",""salvoMode"":""SIMULTANEOUS"",""barrels"":2,""weaponFamily"":""2a83_152_mm"",""real"":""2A83 152 mm (twin)"",""family"":""tank_gun"",""size"":152,""caliberMm"":152,""pen"":4,""piercing"":true,""damageType"":""Kinetic"",""damage"":320,""cooldown"":5.21,""range"":40,""spread"":0.3,""impactTier"":""Large"",""burst"":1,""burstInterval"":0.05,""impactScale"":1.5}"
bastion_gun_he,2A83 152 mm HE-FRAG (twin),cal_152_155,,2a83_152_mm_he_frag,tank_gun,152,,,,HighExplosive,3,Shell,2,SIMULTANEOUS,1,0.05,5.21,0,0.0,0,0.0,320,6.5,0.0,150,40,0.0,Ground,,0.3,Huge,T3,bastion_gun,,,,0,,NEED_CODE_CHECK,NEED_CODE_CHECK,,CHUA_AP:prompt_xuat_luot5,10,8,gun,"Object 195 / T-14 152 mm, est. ~10 rpm (the sheet)",,doi,,,5.16,5.21,,,,,,,,,2,1,,,1,2,RIPPLE,SIMULTANEOUS,,,,,,,,,,,,,,,,,,,,,,,,,,,,,,,,,320,HighExplosive,,,,,,,light;structure,HeShell,,,,,,,Huge,bastion_gun,,,,,,,,,,,,3,,,FALSE,,,,,,150,,,,,,2A83 152 mm HE-FRAG (twin),,he,,bastion_gun,343,,,6.5,,,Ground,,,,2a83_152_mm_he_frag,,,Assets/MachineBrigade/Resources/Data/balance.json: secondRounds.rounds[4],"{""id"":""bastion_gun_he"",""roundOf"":""bastion_gun"",""inherits"":""bastion_gun"",""weaponVariantId"":"""",""weaponFamily"":""2a83_152_mm_he_frag"",""round"":""he"",""for"":[""light"",""structure""],""real"":""2A83 152 mm HE-FRAG (twin)"",""damageType"":""HighExplosive"",""pen"":3,""damage"":320,""splash"":6.5,""form"":""HeShell"",""piercing"":false,""targets"":""Ground"",""projectileSpeed"":150,""impactTier"":""Huge"",""roundWeight"":343}"
boat_rockets,S-8 80 mm,rkt_70_80,,s_8_80_mm,rocket,80,,,,HighExplosive,2,Rocket,1,RIPPLE,10,0.12,7,0,0.0,0,0.0,32,3,0.0,40,55,0.0,Ground,,4,Medium,T2,,,xe,missile_boat,1,missile_boat:0,NEED_CODE_CHECK,NEED_CODE_CHECK,,CHUA_AP:prompt_xuat_luot5,900,,rocket,rocket pods: ripples of 0.05-0.12 s (DECISIONS 19R),,giong,,,,,,,,,,,,,,,,,,,,,,,,,,,,,,,,,,,,,,,10,0.12,80,,,,,,,,,,,7,32,HighExplosive,,,,rocket,,,,,,,,,,,Medium,,,,,,,,,,,,,2,,,,,,Rocket,,0.9,,,,,,55,S-8 80 mm,,,,,,,80,,4,,,,,,s_8_80_mm,rkt_70_80,,Assets/MachineBrigade/Resources/Data/balance.json: weapons[250],"{""id"":""boat_rockets"",""weaponFamilyId"":""rkt_70_80"",""weaponFamily"":""s_8_80_mm"",""real"":""S-8 80 mm"",""family"":""rocket"",""size"":80,""caliberMm"":80,""pen"":2,""projectileScale"":0.9,""damageType"":""HighExplosive"",""damage"":32,""cooldown"":7,""range"":55,""spread"":4,""impactTier"":""Medium"",""projectile"":""Rocket"",""burst"":10,""burstInterval"":0.12}"
bofors_l70,Bofors 40 mm L/70,cal_40,flak,bofors_40_mm_l_70,autocannon,40,,,,Fragmentation,2,Bullet,1,RIPPLE,1,0.1,0.25,20,3,0,0.0,30,2.5,0.0,220,48,0.0,All,,1.2,Small,T1,,,cong_trinh;thap;xe,aa_gun_tower;aa_gun_vehicle;headquarters.fortress_air;heavy_flak_tower.bofors,4,aa_gun_tower:0;aa_gun_vehicle:0;headquarters.fortress_air:4;heavy_flak_tower.bofors:0,NEED_CODE_CHECK,NEED_CODE_CHECK,,CHUA_AP:prompt_xuat_luot5,330,120,aa,Wikipedia 'Bofors 40 mm L/70': 240-330 rpm,,giong,,,,,,,,,,,,,,,,,,,,,,,,,,,,,,,,,,,,,,,,,40,,,20,3,,,,,,,0.25,30,Fragmentation,,,,autocannon,,,,,,,,,,,Small,,,,,,,,,,,,,2,,,,,,Bullet,,,,,,,,48,Bofors 40 mm L/70,,,,,,,40,,1.2,,All,,,,bofors_40_mm_l_70,cal_40,flak,Assets/MachineBrigade/Resources/Data/balance.json: weapons[268],"{""id"":""bofors_l70"",""weaponFamilyId"":""cal_40"",""weaponVariantId"":""flak"",""weaponFamily"":""bofors_40_mm_l_70"",""real"":""Bofors 40 mm L/70"",""family"":""autocannon"",""size"":40,""caliberMm"":40,""pen"":2,""damageType"":""Fragmentation"",""damage"":30,""cooldown"":0.25,""range"":48,""spread"":1.2,""impactTier"":""Small"",""projectile"":""Bullet"",""targets"":""All"",""clip"":20,""clipReload"":3}"
bomber_payload,FAB-500 (500 kg),bomb_fab_500,,,bomb,,500,,,HighExplosive,3,Bomb,1,RIPPLE,7,0.2,11.2,0,0.0,0,0.0,420,10,0.0,35,28,0.0,Ground,,7,Huge,T4,,,xe,heavy_bomber,1,heavy_bomber:0,NEED_CODE_CHECK,NEED_CODE_CHECK,,CHUA_AP:prompt_xuat_luot5,600,,bomb,"a stick's release, 0.1 s and up (est.)",,giong,,,,,,,,,,,,,,,,,,,,,,,,,,,,,,,,,,,,,,,7,0.2,,,,,,,,,,,,11.2,420,HighExplosive,,,,bomb,,,,,,,,,,,Huge,,,,,,7,,,,,,,3,,,,,,Bomb,bomb,0.7324,35,,,,,28,FAB-500 (500 kg),,,1.2,,,,500,10,7,,,,,500,,bomb_fab_500,,Assets/MachineBrigade/Resources/Data/balance.json: weapons[49],"{""id"":""bomber_payload"",""weaponFamilyId"":""bomb_fab_500"",""load"":7,""real"":""FAB-500 (500 kg)"",""family"":""bomb"",""size"":500,""warheadKg"":500,""pen"":3,""projectileModel"":""bomb"",""projectileScale"":0.7324,""roundLength"":1.2,""damageType"":""HighExplosive"",""damage"":420,""cooldown"":11.2,""range"":28,""projectileSpeed"":35,""splash"":10,""spread"":7,""impactTier"":""Huge"",""projectile"":""Bomb"",""burst"":7,""burstInterval"":0.2}"
bomber_tail_guns,M3 12.7 mm (quad tail),cal_12_7,,,mg,12.7,,,,Kinetic,1,Bullet,1,RIPPLE,1,0.1,0.0167,26,2.78,0,0.0,9.5,0.0,0.0,240,30,0.0,Air,,1.5,Small,T0,,bomber_tail_guns_api,xe,heavy_bomber,1,heavy_bomber:1,NEED_CODE_CHECK,NEED_CODE_CHECK,,CHUA_AP:prompt_xuat_luot5,1200,200,mg,"Wikipedia 'M3 Browning' (AN/M3): 1,100-1,250 rpm",,giong,,,,,,,,,,,,,,,,,,,,,,,,,,,,,,,,,,,,,,,,,12.7,,,26,2.78,,,,,,,0.0167,9.5,Kinetic,,,,mg,,,,,,,,,,,Small,,,,,,,,,,,,,1,,,,,,Bullet,,,240,,,,,30,M3 12.7 mm (quad tail),,,,,19,,12.7,,1.5,,Air,,,,,cal_12_7,,Assets/MachineBrigade/Resources/Data/balance.json: weapons[50],"{""id"":""bomber_tail_guns"",""weaponFamilyId"":""cal_12_7"",""real"":""M3 12.7 mm (quad tail)"",""family"":""mg"",""size"":12.7,""caliberMm"":12.7,""pen"":1,""damageType"":""Kinetic"",""damage"":9.5,""cooldown"":0.0167,""range"":30,""projectileSpeed"":240,""spread"":1.5,""impactTier"":""Small"",""projectile"":""Bullet"",""targets"":""Air"",""roundWeight"":19,""clip"":26,""clipReload"":2.78}"
bomber_tail_guns_api,M3 12.7 mm API (quad tail),cal_12_7,,,mg,12.7,,,,Kinetic,2,Bullet,1,RIPPLE,1,0.1,0.0167,26,2.78,0,0.0,9.5,0.0,0.0,240,30,0.0,Air,,1.5,Small,T0,bomber_tail_guns,,,,0,,NEED_CODE_CHECK,NEED_CODE_CHECK,,CHUA_AP:prompt_xuat_luot5,1200,200,mg,"Wikipedia 'M3 Browning' (AN/M3): 1,100-1,250 rpm",,giong,,,,,,,,,,,,,,,,,,,,,,,,,,,,,,,,,,,,,,,,,,,,,,,,,,,,,9.5,Kinetic,,TRUE,,,,,any,BulletBig,,,,,,,,bomber_tail_guns,,,,,,,,,,,,2,,,TRUE,,,,,,,,,,,,M3 12.7 mm API (quad tail),,api,,bomber_tail_guns,,,,,,,,,,,,,,Assets/MachineBrigade/Resources/Data/balance.json: secondRounds.rounds[5],"{""id"":""bomber_tail_guns_api"",""roundOf"":""bomber_tail_guns"",""inherits"":""bomber_tail_guns"",""weaponFamily"":"""",""round"":""api"",""for"":[""any""],""elite"":true,""real"":""M3 12.7 mm API (quad tail)"",""damageType"":""Kinetic"",""pen"":2,""damage"":9.5,""form"":""BulletBig"",""piercing"":true}"
borer_cannon,2A70 100/76 mm,cal_76,,,tank_gun,76,,,,Kinetic,3,Shell,1,RIPPLE,1,0.1,6,0,0.0,0,0.0,120,1.5,0.0,170,34,0.0,Ground,,0.7,Medium,T2,,borer_cannon_he,boss,earth_borer,1,earth_borer:1;earth_borer:2,NEED_CODE_CHECK,NEED_CODE_CHECK,,CHUA_AP:prompt_xuat_luot5,10,8,gun,"Wikipedia '2A70': 10 rpm (100 mm), BMP-3",real 2A70 10 rpm (6 s); 2.08 s was too fast,doi,,,2.08,6,,,,,,,,,,,,,,,,,,,,,,,,,,,,,,,,,,,,,76,,,,,,,,,,,6,120,Kinetic,,,,tank_gun,,,,,,,,,,,Medium,,,,,,,,,,,,,3,,,TRUE,,,,,,170,,,,,34,2A70 100/76 mm,,,,,150,,76,1.5,0.7,,,,,,,cal_76,,Assets/MachineBrigade/Resources/Data/balance.json: weapons[239],"{""id"":""borer_cannon"",""weaponFamilyId"":""cal_76"",""real"":""2A70 100/76 mm"",""family"":""tank_gun"",""size"":76,""caliberMm"":76,""pen"":3,""piercing"":true,""damageType"":""Kinetic"",""damage"":120,""cooldown"":6,""range"":34,""projectileSpeed"":170,""splash"":1.5,""spread"":0.7,""impactTier"":""Medium"",""roundWeight"":150}"
borer_cannon_he,2A70 100/76 mm HE,cal_76,,,tank_gun,76,,,,HighExplosive,2,Shell,1,RIPPLE,1,0.1,6,0,0.0,0,0.0,120,3,0.0,170,34,0.0,Ground,,0.7,Large,T2,borer_cannon,,,,0,,NEED_CODE_CHECK,NEED_CODE_CHECK,,CHUA_AP:prompt_xuat_luot5,10,8,gun,"Wikipedia '2A70': 10 rpm (100 mm), BMP-3",,doi,,,2.08,6,,,,,,,,,,,,,,,,,,,,,,,,,,,,,,,,,,,,,,,,,,,,,,,,,120,HighExplosive,,,,,,,light;structure,HeShell,,,,,,,Large,borer_cannon,,,,,,,,,,,,2,,,FALSE,,,,,,,,,,,,2A70 100/76 mm HE,,he,,borer_cannon,,,,3,,,Ground,,,,,,,Assets/MachineBrigade/Resources/Data/balance.json: secondRounds.rounds[7],"{""id"":""borer_cannon_he"",""roundOf"":""borer_cannon"",""inherits"":""borer_cannon"",""weaponFamily"":"""",""round"":""he"",""for"":[""light"",""structure""],""real"":""2A70 100/76 mm HE"",""damageType"":""HighExplosive"",""pen"":2,""damage"":120,""splash"":3,""form"":""HeShell"",""piercing"":false,""targets"":""Ground"",""impactTier"":""Large""}"
borer_drill,drill head,melee_drill_head,,,melee,,,,,Kinetic,4,Bullet,1,RIPPLE,1,0.1,1.5,0,0.0,0,0.0,260,0.0,0.0,400,7,0.0,Ground,,0.0,Large,T0,,,boss,earth_borer,1,earth_borer:0,NEED_CODE_CHECK,NEED_CODE_CHECK,,CHUA_AP:prompt_xuat_luot5,NEED_SOURCE,NEED_SOURCE,,NEED_SOURCE,,giong,,,,,,,,,,,,,,,,,,,,,,,,,,,,,,,,,,,,,,,,,,,,,,,,,,,,1.5,260,Kinetic,,,,melee,,,,,,,,,,,Large,,,,,,,,TRUE,,,,,4,,,TRUE,,,Bullet,,,400,,,,,7,drill head,,,,,,,2,,,,Ground,,,,,melee_drill_head,,Assets/MachineBrigade/Resources/Data/balance.json: weapons[237],"{""id"":""borer_drill"",""weaponFamilyId"":""melee_drill_head"",""real"":""drill head"",""family"":""melee"",""size"":2,""pen"":4,""piercing"":true,""melee"":true,""damageType"":""Kinetic"",""damage"":260,""cooldown"":1.5,""range"":7,""projectileSpeed"":400,""impactTier"":""Large"",""projectile"":""Bullet"",""targets"":""Ground"",""bonuses"":[{""armor"":""Structure"",""mult"":2}]}"
boss_flak,Oerlikon 35 mm (twin),cal_35,,oerlikon_35_mm,autocannon,35,,,,Fragmentation,2,Bullet,1,RIPPLE,1,0.1,0.05,41,3.38,0,0.0,25,2.5,0.0,260,40,0.0,All,,1.5,Small,T1,,boss_flak_ap,boss;boss_part;xe,armored_train;flak_35;fortress_hive;mara_behemoth,4,armored_train:3;armored_train:5;flak_35:part;fortress_hive:2;fortress_hive:3;mara_behemoth:2;mara_behemoth:3,NEED_CODE_CHECK,NEED_CODE_CHECK,,CHUA_AP:prompt_xuat_luot5,550,300,aa,"Wikipedia 'Oerlikon GDF': 550 rpm a gun (the twin: 1,100)",,giong,,,,,,,,,,,,,,,,,,,,,,,,,,,,,,,,,,,,,,,,,35,,,41,3.38,,,,,,,0.05,25,Fragmentation,,,,autocannon,,,,,,,,,,,Small,,,,,,,,,,,,,2,,,,,,Bullet,,,,,,,,40,Oerlikon 35 mm (twin),,,,,,,35,,1.5,,All,,,,oerlikon_35_mm,cal_35,,Assets/MachineBrigade/Resources/Data/balance.json: weapons[225],"{""id"":""boss_flak"",""weaponFamilyId"":""cal_35"",""weaponFamily"":""oerlikon_35_mm"",""real"":""Oerlikon 35 mm (twin)"",""family"":""autocannon"",""size"":35,""caliberMm"":35,""pen"":2,""damageType"":""Fragmentation"",""damage"":25,""cooldown"":0.05,""range"":40,""spread"":1.5,""impactTier"":""Small"",""projectile"":""Bullet"",""targets"":""All"",""clip"":41,""clipReload"":3.38}"
boss_flak_ap,Oerlikon 35 mm AP (twin),cal_35,ap,oerlikon_35_mm_ap,autocannon,35,,,,Kinetic,2,Bullet,1,RIPPLE,1,0.1,0.05,41,3.38,0,0.0,25,0,0.0,260,40,0.0,Ground,,1.5,Small,T1,boss_flak,,,,0,,NEED_CODE_CHECK,NEED_CODE_CHECK,,CHUA_AP:prompt_xuat_luot5,550,300,aa,"Wikipedia 'Oerlikon GDF': 550 rpm a gun (the twin: 1,100)",,giong,,,,,,,,,,,,,,,,,,,,,,,,,,,,,,,,,,,,,,,,,,,,,,,,,,,,,25,Kinetic,,,,,,,ground,BeltedAutocannon,,,,,,,,boss_flak,,,,,,,,,,,,2,,,TRUE,,,,,,,,,,,,Oerlikon 35 mm AP (twin),,ap,,boss_flak,,,,0,,,Ground,,,,oerlikon_35_mm_ap,,ap,Assets/MachineBrigade/Resources/Data/balance.json: secondRounds.rounds[8],"{""id"":""boss_flak_ap"",""roundOf"":""boss_flak"",""inherits"":""boss_flak"",""weaponVariantId"":""ap"",""weaponFamily"":""oerlikon_35_mm_ap"",""round"":""ap"",""for"":[""ground""],""real"":""Oerlikon 35 mm AP (twin)"",""damageType"":""Kinetic"",""pen"":2,""damage"":25,""splash"":0,""form"":""BeltedAutocannon"",""piercing"":true,""targets"":""Ground""}"
boss_flamer,flamethrower (heavy),flame_flamethrower,,,flame,,,,,Fire,2,Flame,1,RIPPLE,1,0.1,0.25,0,0.0,0,0.0,30,3.5,0.0,38,20,0.0,Ground,,0.8,Medium,T1,,,boss,behemoth_inferno,1,behemoth_inferno:0;behemoth_inferno:2,NEED_CODE_CHECK,NEED_CODE_CHECK,,CHUA_AP:prompt_xuat_luot5,NEED_SOURCE,NEED_SOURCE,,NEED_SOURCE,,giong,,,,,,,,,,,,,,,,,,,,,,,,,,,,,,,,,,,,,,,,,,,,,,,,,,,,0.25,30,Fire,,,,flame,,,,,,,,,,,Medium,,,,,,,,,,,,,2,,,,,,Flame,,,38,,,,,20,flamethrower (heavy),,,,,,,3,3.5,0.8,,,,,,,flame_flamethrower,,Assets/MachineBrigade/Resources/Data/balance.json: weapons[232],"{""id"":""boss_flamer"",""weaponFamilyId"":""flame_flamethrower"",""real"":""flamethrower (heavy)"",""family"":""flame"",""size"":3,""pen"":2,""damageType"":""Fire"",""damage"":30,""cooldown"":0.25,""range"":20,""projectileSpeed"":38,""splash"":3.5,""spread"":0.8,""impactTier"":""Medium"",""projectile"":""Flame""}"
boss_heli_gun,M230 30 mm,cal_30,,,autocannon,30,,,,Kinetic,2,Bullet,1,RIPPLE,1,0.1,0.1667,40,3.167,0,0.0,22,0,0.0,200,26,0.0,All,,1.3,Small,T1,heli_gun,boss_heli_gun_flak,boss,mega_gunship,1,mega_gunship:1;mega_gunship:2,NEED_CODE_CHECK,NEED_CODE_CHECK,,CHUA_AP:prompt_xuat_luot5,625,300,ac,Wikipedia 'M230 chain gun': 625 rpm,,doi,,,,,,,,,,,220,200,,,,,,,,,,,,,,,3.1667,3.167,,,,,,,,,,,,,30,,,40,3.167,,,,,,,0.1667,,,,,,autocannon,,,,,,,,,,,,heli_gun,,,,,,,,,,,,2,,,,,,,,,200,,,,,,M230 30 mm,,,,,,,30,0,,,,,,,,,,Assets/MachineBrigade/Resources/Data/balance.json: weapons[242],"{""id"":""boss_heli_gun"",""weaponFamily"":"""",""real"":""M230 30 mm"",""family"":""autocannon"",""size"":30,""caliberMm"":30,""pen"":2,""inherits"":""heli_gun"",""splash"":0,""projectileSpeed"":200,""cooldown"":0.1667,""clip"":40,""clipReload"":3.167}"
boss_heli_gun_flak,M230 30 mm air-burst,cal_30,flak,m230_30_mm_air_burst,autocannon,30,,,,Fragmentation,2,Bullet,1,RIPPLE,1,0.1,0.1667,40,3.167,0,0.0,22,2.5,0.0,220,26,0.0,Air,,1.3,Small,T1,boss_heli_gun,,,,0,,NEED_CODE_CHECK,NEED_CODE_CHECK,,CHUA_AP:prompt_xuat_luot5,625,300,ac,Wikipedia 'M230 chain gun': 625 rpm,,doi,,,,,,,,,,,,,,,,,,,,,,,,,,,3.1667,3.167,,,,,,,,,,,,,,,,,,,,,,,,,22,Fragmentation,,,,,,,air,Airburst,,,,,,,,boss_heli_gun,,,,,,,,,,,,2,,,FALSE,,,,,,,,,,,,M230 30 mm air-burst,,flak,,boss_heli_gun,,,,2.5,,,Air,,,,m230_30_mm_air_burst,,flak,Assets/MachineBrigade/Resources/Data/balance.json: secondRounds.rounds[9],"{""id"":""boss_heli_gun_flak"",""roundOf"":""boss_heli_gun"",""inherits"":""boss_heli_gun"",""weaponVariantId"":""flak"",""weaponFamily"":""m230_30_mm_air_burst"",""round"":""flak"",""for"":[""air""],""real"":""M230 30 mm air-burst"",""damageType"":""Fragmentation"",""pen"":2,""damage"":22,""splash"":2.5,""form"":""Airburst"",""piercing"":false,""targets"":""Air""}"
boss_hmg,NSV 12.7 mm,cal_12_7,,nsv_12_7_mm,mg,12.7,,,,Kinetic,1,Bullet,1,RIPPLE,1,0.1,0.0833,100,5,0,0.0,15,0,0.0,240,30,0.0,All,,1.3,Small,T0,hmg_roof,boss_hmg_api,boss,armored_train;mega_gunship;supreme_command,3,armored_train:2;mega_gunship:5;mega_gunship:6;supreme_command:0;supreme_command:1,NEED_CODE_CHECK,NEED_CODE_CHECK,,CHUA_AP:prompt_xuat_luot5,800,100,mg,"Wikipedia 'NSV machine gun': 700-800 cyclic, 100 practical","wave 1 boss_hmg: 100 rounds at 720 rpm, changed in 5 s (NSV 700-800 rpm)",doi,9.5,15,,,,,,,,,,,,,,,,,,,,,,,,,5.0833,5,,,,,,,,,,,,,12.7,,,100,5,,,,,,,0.0833,15,,,,,mg,,,,,,,,,,,,hmg_roof,,,,,,,,,,,,1,,,,,,,,,,,,,,,NSV 12.7 mm,,,,,,,12.7,,,,,,,,nsv_12_7_mm,,,Assets/MachineBrigade/Resources/Data/balance.json: weapons[244],"{""id"":""boss_hmg"",""weaponFamily"":""nsv_12_7_mm"",""real"":""NSV 12.7 mm"",""family"":""mg"",""size"":12.7,""caliberMm"":12.7,""pen"":1,""inherits"":""hmg_roof"",""damage"":15,""cooldown"":0.0833,""clip"":100,""clipReload"":5}"
boss_hmg_api,NSV 12.7 mm API,cal_12_7,,nsv_12_7_mm_api,mg,12.7,,,,Kinetic,2,Bullet,1,RIPPLE,1,0.1,0.0833,100,5,0,0.0,15,0,0.0,240,30,0.0,All,,1.3,Small,T0,boss_hmg,,,,0,,NEED_CODE_CHECK,NEED_CODE_CHECK,,CHUA_AP:prompt_xuat_luot5,800,100,mg,"Wikipedia 'NSV machine gun': 700-800 cyclic, 100 practical",,doi,9.5,15,,,,,,,,,,,,,,,,,,,,,,,,,5.0833,5,,,,,,,,,,,,,,,,,,,,,,,,,15,Kinetic,,TRUE,,,,,any,BulletBig,,,,,,,,boss_hmg,,,,,,,,,,,,2,,,TRUE,,,,,,,,,,,,NSV 12.7 mm API,,api,,boss_hmg,,,,,,,,,,,nsv_12_7_mm_api,,,Assets/MachineBrigade/Resources/Data/balance.json: secondRounds.rounds[10],"{""id"":""boss_hmg_api"",""roundOf"":""boss_hmg"",""inherits"":""boss_hmg"",""weaponFamily"":""nsv_12_7_mm_api"",""round"":""api"",""for"":[""any""],""elite"":true,""real"":""NSV 12.7 mm API"",""damageType"":""Kinetic"",""pen"":2,""damage"":15,""form"":""BulletBig"",""piercing"":true}"
boss_howitzer,2A44 203 mm,cal_203,,,howitzer,203,,,,HighExplosive,4,Shell,1,RIPPLE,1,0.1,9.44,0,0.0,0,0.0,420,8,0.0,60,60,0.0,Ground,,3,Huge,T4,,boss_howitzer_guided,boss_part,howitzer_203,1,howitzer_203:part,NEED_CODE_CHECK,NEED_CODE_CHECK,,CHUA_AP:prompt_xuat_luot5,2.5,1,gun,Wikipedia '2S7 Pion': 1.5 rpm (2S7M Malka 2.5),,giong,,,,,,,,,,,,,,,,,,,,,,,,,,,,,,,,,,,,,,,,,203,,,,,,,,,,,9.44,420,HighExplosive,,,,howitzer,,,,,,,,,,,Huge,,,,,,,,,,,,,4,,,,,,,shell_155,0.9455,60,,,,,60,2A44 203 mm,,,1.04,,,,203,8,3,,,,,,,cal_203,,Assets/MachineBrigade/Resources/Data/balance.json: weapons[145],"{""id"":""boss_howitzer"",""weaponFamilyId"":""cal_203"",""real"":""2A44 203 mm"",""family"":""howitzer"",""size"":203,""caliberMm"":203,""pen"":4,""projectileModel"":""shell_155"",""projectileScale"":0.9455,""roundLength"":1.04,""damageType"":""HighExplosive"",""damage"":420,""cooldown"":9.44,""range"":60,""projectileSpeed"":60,""splash"":8,""spread"":3,""impactTier"":""Huge""}"
boss_howitzer_guided,2A44 203 mm guided,cal_203,,,howitzer,203,,,,HighExplosive,4,Shell,1,RIPPLE,1,0.1,9.44,0,0.0,0,0.0,420,8,0.0,60,60,0.0,Ground,,0,Huge,T4,boss_howitzer,,,,0,,NEED_CODE_CHECK,NEED_CODE_CHECK,,CHUA_AP:prompt_xuat_luot5,2.5,1,gun,Wikipedia '2S7 Pion': 1.5 rpm (2S7M Malka 2.5),,giong,,,,,,,,,,,,,,,,,,,,,,,,,,,,,,,,,,,,,,,1,,,,,,,,,,,,,,420,HighExplosive,,TRUE,,,,,armour,HeShell,,,,TRUE,,,,boss_howitzer,,,,,,,,,,,,4,,,,,,,,,,,,,,,2A44 203 mm guided,,guided,,boss_howitzer,,,,,0,,Ground,,,,,,,Assets/MachineBrigade/Resources/Data/balance.json: secondRounds.rounds[11],"{""id"":""boss_howitzer_guided"",""roundOf"":""boss_howitzer"",""inherits"":""boss_howitzer"",""weaponFamily"":"""",""round"":""guided"",""for"":[""armour""],""elite"":true,""real"":""2A44 203 mm guided"",""damageType"":""HighExplosive"",""pen"":4,""damage"":420,""spread"":0,""burst"":1,""guided"":true,""form"":""HeShell"",""targets"":""Ground""}"
boss_minigun,GShG 7.62 mm,cal_7_62,,,mg,7.62,,,,Kinetic,0,Bullet,1,RIPPLE,1,0.1,0.0172,40,6.09,0,0.0,5.5,0.0,0.0,240,24,0.0,All,,1.4,Small,T0,minigun,,boss,mega_gunship,1,mega_gunship:3,NEED_CODE_CHECK,NEED_CODE_CHECK,,CHUA_AP:prompt_xuat_luot5,6000,,mg,"Wikipedia 'GShG-7.62': 3,500 / 6,000 rpm",,giong,,,,,,,,,,,,,,,,,,,,,,,,,,,,,,,,,,,,,,,,,7.62,,,40,6.09,,,,,,,0.0172,,,,,,mg,,,,,,,,,,,,minigun,,,,,,,,,,,,0,,,,,,,,,,,,,,,GShG 7.62 mm,,,,,7,,7.62,,,,,,,,,,,Assets/MachineBrigade/Resources/Data/balance.json: weapons[243],"{""id"":""boss_minigun"",""real"":""GShG 7.62 mm"",""family"":""mg"",""size"":7.62,""caliberMm"":7.62,""pen"":0,""inherits"":""minigun"",""cooldown"":0.0172,""roundWeight"":7,""clip"":40,""clipReload"":6.09}"
boss_missiles,9M133 Kornet,atgm_kornet,,9m133_kornet,atgm,,7,,,ShapedCharge,4,Missile,1,RIPPLE,1,0.1,6.39,0,0.0,0,0.0,230,0,0.0,22,45,0.0,Ground,,0.0,Medium,T2,,,xe,mara_behemoth,1,mara_behemoth:4;mara_behemoth:5,NEED_CODE_CHECK,NEED_CODE_CHECK,,CHUA_AP:prompt_xuat_luot5,3,3,atgm,Wikipedia '9M133 Kornet': 2-3 rpm,,giong,,,,,,,,,,,,,,,,,,,,,,,,,,,,,,,,,,,,,,,,,,,,,,,,,,,,6.39,230,ShapedCharge,,,,atgm,,,,,,,,,,,Medium,,,,,,,,,,,,,4,,,TRUE,,,Missile,,,,,,,,45,9M133 Kornet,,,,,,,29,,,,Ground,,,7,9m133_kornet,atgm_kornet,,Assets/MachineBrigade/Resources/Data/balance.json: weapons[147],"{""id"":""boss_missiles"",""weaponFamilyId"":""atgm_kornet"",""weaponFamily"":""9m133_kornet"",""real"":""9M133 Kornet"",""family"":""atgm"",""size"":29,""warheadKg"":7,""pen"":4,""piercing"":true,""damageType"":""ShapedCharge"",""damage"":230,""cooldown"":6.39,""range"":45,""impactTier"":""Medium"",""projectile"":""Missile"",""targets"":""Ground""}"
boss_mortar,2B8 240 mm,cal_240,,2b8_240_mm,mortar,240,,,,HighExplosive,4,Shell,1,RIPPLE,1,0.1,9.78,0,0.0,0,0.0,450,9,0.0,38,80,12,Ground,,3.5,Huge,T4,,,,,0,,NEED_CODE_CHECK,NEED_CODE_CHECK,,CHUA_AP:prompt_xuat_luot5,1,1,gun,Wikipedia '2S4 Tyulpan': ~1 rpm,,giong,,,,,,,,,,,,,,,,,,,,,,,,,,,,,,,,,,,,,,,,,240,,,,,,,,,,,9.78,450,HighExplosive,,,,mortar,,,,,,,,,,,Huge,,,,,,,,,12,,,,4,,,,,,Shell,,,,,,,,80,2B8 240 mm,,,,,,,240,,3.5,,,,,,2b8_240_mm,cal_240,,Assets/MachineBrigade/Resources/Data/balance.json: weapons[235],"{""id"":""boss_mortar"",""weaponFamilyId"":""cal_240"",""weaponFamily"":""2b8_240_mm"",""real"":""2B8 240 mm"",""family"":""mortar"",""size"":240,""caliberMm"":240,""pen"":4,""damageType"":""HighExplosive"",""damage"":450,""cooldown"":9.78,""range"":80,""minRange"":12,""spread"":3.5,""impactTier"":""Huge"",""projectile"":""Shell""}"
boss_railgun,railgun (64 MJ),rail_railgun,,,railgun,,,,64,Kinetic,4,Bullet,1,RIPPLE,1,0.1,8,0,0.0,0,0.0,720,0.0,0.0,700,80,0.0,Ground,,0.4,Large,T3,,,boss,behemoth_tempest;nyx,2,behemoth_tempest:0;nyx:0,NEED_CODE_CHECK,NEED_CODE_CHECK,,CHUA_AP:prompt_xuat_luot5,NEED_SOURCE,NEED_SOURCE,,NEED_SOURCE,,giong,,,,,,,,,,,,,,,,,,,,,,,,,,,,,,,,,,,,,,,,,,,1.0,,,,,,,,,8,720,Kinetic,,,64,railgun,,,,,,,,,,1.6,Large,,,,,,,,,,,,,4,TRUE,,TRUE,,,Bullet,rail_slug,,700,,,,,80,railgun (64 MJ),,,,,,,64,,0.4,,,,,,,rail_railgun,,Assets/MachineBrigade/Resources/Data/balance.json: weapons[234],"{""id"":""boss_railgun"",""weaponFamilyId"":""rail_railgun"",""real"":""railgun (64 MJ)"",""family"":""railgun"",""size"":64,""energyMj"":64,""pen"":4,""piercing"":true,""charge"":1.0,""projectileModel"":""rail_slug"",""damageType"":""Kinetic"",""damage"":720,""cooldown"":8,""range"":80,""projectileSpeed"":700,""spread"":0.4,""impactTier"":""Large"",""projectile"":""Bullet"",""pierce"":true,""impactScale"":1.6}"
boss_rockets,BM-21 Grad 122 mm,rkt_grad_122,,,rocket,122,,,,HighExplosive,2,Rocket,1,RIPPLE,13,0.5,2.44,0,0.0,0,0.0,200,4.5,9,45,45,0.0,Ground,,5,Medium,T3,,,boss;boss_part,armored_train;rocket_pod,2,armored_train:1;rocket_pod:part,NEED_CODE_CHECK,NEED_CODE_CHECK,,CHUA_AP:prompt_xuat_luot5,120,,rocket,Wikipedia 'BM-21 Grad': 40 rockets in 20 s,"wave 1 boss_rockets: rockets 0.5 s apart (BM-21: 40 in 20 s), 2.44 s after the ripple; each pod keeps its rockets; made up: a full BM-21 pack of 40 tubes (8 before); made up: a full BM-21 pack of 40 tubes (13 before)",doi,57,200,2.94,2.44,,,,,0.0,9,,,,,,,,,,,,,,,,,,,,,,,,,,,,,13,0.5,122,,,,,,,,,,,2.44,200,HighExplosive,9,,,rocket,,,,,,,,,,,Medium,,,,,,,,,,,,,2,,,,,,Rocket,grad,,45,,,,,45,BM-21 Grad 122 mm,,,,,,,122,4.5,5,,,,,,,rkt_grad_122,,Assets/MachineBrigade/Resources/Data/balance.json: weapons[146],"{""id"":""boss_rockets"",""weaponFamilyId"":""rkt_grad_122"",""edge"":9,""real"":""BM-21 Grad 122 mm"",""family"":""rocket"",""size"":122,""caliberMm"":122,""pen"":2,""projectileModel"":""grad"",""damageType"":""HighExplosive"",""damage"":200,""cooldown"":2.44,""range"":45,""projectileSpeed"":45,""splash"":4.5,""spread"":5,""impactTier"":""Medium"",""projectile"":""Rocket"",""burst"":13,""burstInterval"":0.5}"
boss_thermo,TOS-1A 220 mm thermobaric,rkt_tos_220,,tos_1a_220_mm_thermobaric,rocket,220,,,,HighExplosive,3,Rocket,1,RIPPLE,6,0.3,12.51,0,0.0,0,0.0,97,7,0.0,35,46,10,Ground,,3,Large,T4,,,boss,behemoth_inferno,1,behemoth_inferno:1,NEED_CODE_CHECK,NEED_CODE_CHECK,,CHUA_AP:prompt_xuat_luot5,240,,rocket,Wikipedia 'TOS-1': 24 rockets in 6-12 s,,giong,,,,,,,,,,,,,,,,,,,,,,,,,,,,,,,,,,,,,,,6,0.3,220,,,,,,,,,,,12.51,97,HighExplosive,,,,rocket,,,,,,,,,,,Large,,,,,,,,,10,,,,3,,,,,,Rocket,,,,,,,,46,TOS-1A 220 mm thermobaric,,,,,,,220,,3,,,TRUE,,,tos_1a_220_mm_thermobaric,rkt_tos_220,,Assets/MachineBrigade/Resources/Data/balance.json: weapons[233],"{""id"":""boss_thermo"",""weaponFamilyId"":""rkt_tos_220"",""weaponFamily"":""tos_1a_220_mm_thermobaric"",""real"":""TOS-1A 220 mm thermobaric"",""family"":""rocket"",""size"":220,""caliberMm"":220,""pen"":3,""thermobaric"":true,""damageType"":""HighExplosive"",""damage"":97,""cooldown"":12.51,""range"":46,""minRange"":10,""spread"":3,""impactTier"":""Large"",""projectile"":""Rocket"",""burst"":6,""burstInterval"":0.3}"
bucket_wheel,bucket wheel,melee_bucket_wheel,,,melee,,,,,Kinetic,4,Shell,1,RIPPLE,1,0.1,2,0,0.0,0,0.0,1080,0.0,0.0,400,6,0.0,Ground,,0.0,Large,T0,,,boss,kronos,1,kronos:3,NEED_CODE_CHECK,NEED_CODE_CHECK,,CHUA_AP:prompt_xuat_luot5,NEED_SOURCE,NEED_SOURCE,,NEED_SOURCE,,giong,,,,,,,,,,,,,,,,,,,,,,,,,,,,,,,,,,,,,,,,,,,,,,,,,,,,2,1080,Kinetic,,,,melee,,,,,,,,,,,Large,,,,,TRUE,,,TRUE,,,,,4,,,TRUE,,,,,,400,,,,,6,bucket wheel,,,,,,,3,,,,,,,,,melee_bucket_wheel,,Assets/MachineBrigade/Resources/Data/balance.json: weapons[238],"{""id"":""bucket_wheel"",""weaponFamilyId"":""melee_bucket_wheel"",""real"":""bucket wheel"",""family"":""melee"",""size"":3,""pen"":4,""piercing"":true,""melee"":true,""laid"":true,""damageType"":""Kinetic"",""damage"":1080,""cooldown"":2,""range"":6,""projectileSpeed"":400,""impactTier"":""Large"",""bonuses"":[{""armor"":""Structure"",""mult"":3}]}"
buk_launcher,9M317 Buk,sam_9m317_buk,,9m317_buk,aa_missile,,70,,,Fragmentation,3,Missile,1,RIPPLE,2,0.5,2.8,0,0.0,0,0.0,320,2,0.0,50,55,0.0,Air,,0.0,Medium,T2,sam_long,,xe,sam_launcher,1,sam_launcher:0,NEED_CODE_CHECK,NEED_CODE_CHECK,,CHUA_AP:prompt_xuat_luot5,15,15,missile,Wikipedia 'Buk missile system': 4 s between launches,,giong,,,,,,,,,,,,,,,,,,,,,,,,,,,,,,,,,,,,,,,,,,,,,,,,,,,,2.8,,,,,,aa_missile,,,,,,,,,,,,sam_long,,,,,,,,,,,,3,,,,,,,,,,,,,,,9M317 Buk,,,,,,,70,,,,,,,70,9m317_buk,,,Assets/MachineBrigade/Resources/Data/balance.json: weapons[31],"{""id"":""buk_launcher"",""weaponFamily"":""9m317_buk"",""real"":""9M317 Buk"",""family"":""aa_missile"",""size"":70,""warheadKg"":70,""pen"":3,""inherits"":""sam_long"",""cooldown"":2.8}"
bunker_buster_bomb,GBU-28,bomb_gbu_28,,gbu_28,bomb,,2100,,,HighExplosive,4,Bomb,1,RIPPLE,1,0.1,90,0,0.0,0,0.0,1400,6,0.0,35,30,0.0,Ground,,0.0,Huge,T4,,,xe,glide_bomber,1,glide_bomber:2,NEED_CODE_CHECK,NEED_CODE_CHECK,,CHUA_AP:prompt_xuat_luot5,600,,bomb,"a stick's release, 0.1 s and up (est.)",,giong,,,,,,,,,,,,,,,,,,,,,,,,,,,,,,,,,,,,,,,,,,,,,,,,,,,,90,1400,HighExplosive,,,,bomb,,,,,,,,,,,Huge,,,,,,,,,,,,,4,,,,,,Bomb,gbu_28,,35,,,,,30,GBU-28,,,2.92,,,,2100,6,,,,,,2100,gbu_28,bomb_gbu_28,,Assets/MachineBrigade/Resources/Data/balance.json: weapons[295],"{""id"":""bunker_buster_bomb"",""weaponFamilyId"":""bomb_gbu_28"",""real"":""GBU-28"",""weaponFamily"":""gbu_28"",""family"":""bomb"",""size"":2100,""warheadKg"":2100,""pen"":4,""damageType"":""HighExplosive"",""damage"":1400,""cooldown"":90,""range"":30,""projectileSpeed"":35,""splash"":6,""impactTier"":""Huge"",""projectile"":""Bomb"",""projectileModel"":""gbu_28"",""roundLength"":2.92,""bonuses"":[{""armor"":""Structure"",""mult"":2}]}"
bunker_flame,flamethrower (bunker),flame_flamethrower,,,flame,,,,,Fire,1,Flame,1,RIPPLE,1,0.1,0.195,0,0.0,0,0.0,26,4.5,0.0,36,16,0.0,Ground,,1.2,Small,T1,flamethrower,,thap,mg_bunker.flame,1,mg_bunker.flame:0,NEED_CODE_CHECK,NEED_CODE_CHECK,,CHUA_AP:prompt_xuat_luot5,NEED_SOURCE,NEED_SOURCE,,NEED_SOURCE,,giong,,,,,,,,,,,,,,,,,,,,,,,,,,,,,,,,,,,,,,,,,,,,,,,,,,,,0.195,26,,,,,flame,,,,,,,,,,,,flamethrower,,,,,,,,,,,,1,,,,,,,,,,,,,,16,flamethrower (bunker),,,,,,,2,4.5,,,,,,,,,,Assets/MachineBrigade/Resources/Data/balance.json: weapons[118],"{""id"":""bunker_flame"",""splash"":4.5,""cooldown"":0.195,""real"":""flamethrower (bunker)"",""family"":""flame"",""size"":2,""pen"":1,""inherits"":""flamethrower"",""range"":16,""damage"":26}"
bunker_hmg,NSV 12.7 mm,cal_12_7,,nsv_12_7_mm,mg,12.7,,,,Kinetic,1,Bullet,1,RIPPLE,1,0.1,0.062,150,4.062,0,0.0,9.5,0,0.0,240,32,0.0,All,,1.4,Small,T0,,bunker_hmg_api,thap,bulwark_post;mg_bunker,2,bulwark_post:0;mg_bunker:0,NEED_CODE_CHECK,NEED_CODE_CHECK,,CHUA_AP:prompt_xuat_luot5,800,100,mg,"Wikipedia 'NSV machine gun': 700-800 cyclic, 100 practical",,giong,,,,,,,,,,,,,,,,,,,,,,,,,,,,,,,,,,,,,,,,,12.7,,,150,4.062,,,,,,,0.062,9.5,Kinetic,,,,mg,,,,,,,,,,,Small,,,,,,,,,,,,,1,,,,,,Bullet,,,,,,,,32,NSV 12.7 mm,,,,,,,12.7,,1.4,,All,,,,nsv_12_7_mm,cal_12_7,,Assets/MachineBrigade/Resources/Data/balance.json: weapons[139],"{""id"":""bunker_hmg"",""weaponFamilyId"":""cal_12_7"",""weaponFamily"":""nsv_12_7_mm"",""real"":""NSV 12.7 mm"",""family"":""mg"",""size"":12.7,""caliberMm"":12.7,""pen"":1,""damageType"":""Kinetic"",""damage"":9.5,""cooldown"":0.062,""range"":32,""spread"":1.4,""impactTier"":""Small"",""projectile"":""Bullet"",""targets"":""All"",""clip"":150,""clipReload"":4.062}"
bunker_hmg_api,NSV 12.7 mm API,cal_12_7,,nsv_12_7_mm_api,mg,12.7,,,,Kinetic,2,Bullet,1,RIPPLE,1,0.1,0.062,150,4.062,0,0.0,9.5,0,0.0,240,32,0.0,All,,1.4,Small,T0,bunker_hmg,,,,0,,NEED_CODE_CHECK,NEED_CODE_CHECK,,CHUA_AP:prompt_xuat_luot5,800,100,mg,"Wikipedia 'NSV machine gun': 700-800 cyclic, 100 practical",,giong,,,,,,,,,,,,,,,,,,,,,,,,,,,,,,,,,,,,,,,,,,,,,,,,,,,,,9.5,Kinetic,,TRUE,,,,,any,BulletBig,,,,,,,,bunker_hmg,,,,,,,,,,,,2,,,TRUE,,,,,,,,,,,,NSV 12.7 mm API,,api,,bunker_hmg,,,,,,,,,,,nsv_12_7_mm_api,,,Assets/MachineBrigade/Resources/Data/balance.json: secondRounds.rounds[12],"{""id"":""bunker_hmg_api"",""roundOf"":""bunker_hmg"",""inherits"":""bunker_hmg"",""weaponFamily"":""nsv_12_7_mm_api"",""round"":""api"",""for"":[""any""],""elite"":true,""real"":""NSV 12.7 mm API"",""damageType"":""Kinetic"",""pen"":2,""damage"":9.5,""form"":""BulletBig"",""piercing"":true}"
bunker_hmg_twin,NSV 12.7 mm (twin),cal_12_7,,nsv_12_7_mm,mg,12.7,,,,Kinetic,1,Bullet,1,RIPPLE,1,0.1,0.05,150,4.05,0,0.0,9.5,0,0.0,240,28,0.0,All,,1.4,Small,T0,bunker_hmg,bunker_hmg_twin_api,thap,mg_bunker.twin,1,mg_bunker.twin:0,NEED_CODE_CHECK,NEED_CODE_CHECK,,CHUA_AP:prompt_xuat_luot5,800,100,mg,"Wikipedia 'NSV machine gun': 700-800 cyclic, 100 practical",,giong,,,,,,,,,,,,,,,,,,,,,,,,,,,,,,,,,,,,,,,,,12.7,,,150,4.05,,,,,,,0.05,,,,,,mg,,,,,,,,,,,,bunker_hmg,,,,,,,,,,,,1,,,,,,,,,,,,,,28,NSV 12.7 mm (twin),,,,,,,12.7,,,,,,,,nsv_12_7_mm,,,Assets/MachineBrigade/Resources/Data/balance.json: weapons[117],"{""id"":""bunker_hmg_twin"",""weaponFamily"":""nsv_12_7_mm"",""real"":""NSV 12.7 mm (twin)"",""family"":""mg"",""size"":12.7,""caliberMm"":12.7,""pen"":1,""inherits"":""bunker_hmg"",""cooldown"":0.05,""range"":28,""clip"":150,""clipReload"":4.05}"
bunker_hmg_twin_api,NSV 12.7 mm API (twin),cal_12_7,,nsv_12_7_mm_api,mg,12.7,,,,Kinetic,2,Bullet,1,RIPPLE,1,0.1,0.05,150,4.05,0,0.0,9.5,0,0.0,240,28,0.0,All,,1.4,Small,T0,bunker_hmg_twin,,,,0,,NEED_CODE_CHECK,NEED_CODE_CHECK,,CHUA_AP:prompt_xuat_luot5,800,100,mg,"Wikipedia 'NSV machine gun': 700-800 cyclic, 100 practical",,giong,,,,,,,,,,,,,,,,,,,,,,,,,,,,,,,,,,,,,,,,,,,,,,,,,,,,,9.5,Kinetic,,TRUE,,,,,any,BulletBig,,,,,,,,bunker_hmg_twin,,,,,,,,,,,,2,,,TRUE,,,,,,,,,,,,NSV 12.7 mm API (twin),,api,,bunker_hmg_twin,,,,,,,,,,,nsv_12_7_mm_api,,,Assets/MachineBrigade/Resources/Data/balance.json: secondRounds.rounds[13],"{""id"":""bunker_hmg_twin_api"",""roundOf"":""bunker_hmg_twin"",""inherits"":""bunker_hmg_twin"",""weaponFamily"":""nsv_12_7_mm_api"",""round"":""api"",""for"":[""any""],""elite"":true,""real"":""NSV 12.7 mm API (twin)"",""damageType"":""Kinetic"",""pen"":2,""damage"":9.5,""form"":""BulletBig"",""piercing"":true}"
c_ram_gatling,Phalanx M61 20 mm,cal_20,,,autocannon,20,,,,Fragmentation,1,Bullet,1,RIPPLE,1,0.1,0.02,200,3.02,0,0.0,2,1.2,0.0,380,32,0.0,Air,,1.2,Small,T1,,,thap,c_ram;c_ram.centurion,2,c_ram:0;c_ram.centurion:0,NEED_CODE_CHECK,NEED_CODE_CHECK,,CHUA_AP:prompt_xuat_luot5,4500,,aa,"Wikipedia 'Phalanx CIWS': 4,500 rpm (C-RAM)",,giong,,,,,,,,,,,,,,,,,,,,,,,,,,,,,,,,,,,,,,,,,20,,,200,3.02,,,,,,,0.02,2,Fragmentation,,,,autocannon,,,,,,,,,,,Small,,TRUE,,,,,,,,,,,1,,,,,,Bullet,,,380,,,,,32,Phalanx M61 20 mm,,,,,,,20,1.2,1.2,,Air,,,,,cal_20,,Assets/MachineBrigade/Resources/Data/balance.json: weapons[114],"{""id"":""c_ram_gatling"",""weaponFamilyId"":""cal_20"",""real"":""Phalanx M61 20 mm"",""family"":""autocannon"",""size"":20,""caliberMm"":20,""pen"":1,""damageType"":""Fragmentation"",""damage"":2,""cooldown"":0.02,""range"":32,""projectileSpeed"":380,""splash"":1.2,""spread"":1.2,""impactTier"":""Small"",""projectile"":""Bullet"",""targets"":""Air"",""interceptOnly"":true,""clip"":200,""clipReload"":3.02}"
caesar_155,155 mm L/52 (CAESAR),cal_152_155,,,howitzer,155,,,,HighExplosive,3,Shell,1,RIPPLE,4,2,25,0,0.0,0,0.0,320,7,0.0,45,90,25,Ground,,5,Large,T3,,,xe,wheeled_howitzer,1,wheeled_howitzer:0,NEED_CODE_CHECK,NEED_CODE_CHECK,,CHUA_AP:prompt_xuat_luot5,10,3,gun,Wikipedia 'PzH 2000': 10 rpm (3 in 9 s burst),,giong,,,,,,,,,,,,,,,,,,,,,,,,,,,,,,,,,,,,,,,4,2,155,,,,,,,,,,,25,320,HighExplosive,,,,howitzer,,,,,,,,,,,Large,,,,,,,,,25,,,,3,,,,,,,shell_155,0.7273,45,,,,,90,155 mm L/52 (CAESAR),,,0.8,,,,155,7,5,,,,,,,cal_152_155,,Assets/MachineBrigade/Resources/Data/balance.json: weapons[275],"{""id"":""caesar_155"",""weaponFamilyId"":""cal_152_155"",""real"":""155 mm L/52 (CAESAR)"",""family"":""howitzer"",""size"":155,""caliberMm"":155,""pen"":3,""damageType"":""HighExplosive"",""damage"":320,""burst"":4,""burstInterval"":2,""cooldown"":25,""range"":90,""minRange"":25,""projectileSpeed"":45,""splash"":7,""spread"":5,""impactTier"":""Large"",""projectileModel"":""shell_155"",""roundLength"":0.8,""projectileScale"":0.7273}"
casemate_155,M284 155 mm (casemate),cal_152_155,,m284_155_mm_2,howitzer,155,,,,HighExplosive,3,Shell,1,RIPPLE,1,0.1,12.81,0,0.0,0,0,320,7,0.0,45,75,20,Ground,,4.5,Huge,T3,gun_155_sph,casemate_155_guided,boss_part,casemate_155,1,casemate_155:part,NEED_CODE_CHECK,NEED_CODE_CHECK,,CHUA_AP:prompt_xuat_luot5,4,1,gun,"US Army M109A7 fact file: 4 rpm for 3 min, 1 rpm sustained",,giong,,,,,,,,,,,,,,,,,,,,,,,,,,,,,,,,,0,,,,,,,,155,,,,,,,,,,,,,,,,,howitzer,,,,,,,,,,,,gun_155_sph,,,,,,,,20,,,,3,,,,,,,,,,,,,,75,M284 155 mm (casemate),0,,,,,,155,,,,,,,,m284_155_mm_2,,,Assets/MachineBrigade/Resources/Data/balance.json: weapons[262],"{""id"":""casemate_155"",""weaponFamily"":""m284_155_mm_2"",""inherits"":""gun_155_sph"",""real"":""M284 155 mm (casemate)"",""family"":""howitzer"",""size"":155,""caliberMm"":155,""pen"":3,""range"":75,""minRange"":20,""ammo"":0,""reload"":0}"
casemate_155_guided,M284 155 mm guided (casemate),cal_152_155,guided,m284_155_mm_guided,howitzer,155,,,,HighExplosive,3,Shell,1,RIPPLE,1,0.1,12.81,0,0.0,0,0,320,7,0.0,45,75,20,Ground,,0,Huge,T3,casemate_155,,,,0,,NEED_CODE_CHECK,NEED_CODE_CHECK,,CHUA_AP:prompt_xuat_luot5,4,1,gun,"US Army M109A7 fact file: 4 rpm for 3 min, 1 rpm sustained",,giong,,,,,,,,,,,,,,,,,,,,,,,,,,,,,,,,,,,,,,,1,,,,,,,,,,,,,,320,HighExplosive,,TRUE,,,,,armour,HeShell,,,,TRUE,,,,casemate_155,,,,,,,,,,,,3,,,,,,,,,,,,,,,M284 155 mm guided (casemate),,guided,,casemate_155,,,,,0,,Ground,,,,m284_155_mm_guided,,guided,Assets/MachineBrigade/Resources/Data/balance.json: secondRounds.rounds[14],"{""id"":""casemate_155_guided"",""roundOf"":""casemate_155"",""inherits"":""casemate_155"",""weaponVariantId"":""guided"",""weaponFamily"":""m284_155_mm_guided"",""round"":""guided"",""for"":[""armour""],""elite"":true,""real"":""M284 155 mm guided (casemate)"",""damageType"":""HighExplosive"",""pen"":3,""damage"":320,""spread"":0,""burst"":1,""guided"":true,""form"":""HeShell"",""targets"":""Ground""}"
ciws_aa,AK-630 30 mm,cal_30,ciws,ak_630_30_mm,autocannon,30,,,,Kinetic,2,Bullet,1,RIPPLE,1,0.1,0.0167,60,5.0167,0,0.0,12,0,0.0,300,34,0.0,Air,,1.3,Small,T1,hover_ciws,ciws_aa_flak,boss,landing_hovercraft;rail_supergun,2,landing_hovercraft:2;rail_supergun:3;rail_supergun:4,NEED_CODE_CHECK,NEED_CODE_CHECK,,CHUA_AP:prompt_xuat_luot5,5000,1000,aa,"Wikipedia 'AK-630': 4,000-5,000 rpm, 2,000-round belt",,giong,,,,,,,,,,,,,,,,,,,,,,,,,,,,,,,,,,,,,,,,,30,,,,,,,,,,,,,,,,,autocannon,,,,,,,,,,,,hover_ciws,,,,,,,,,,,,2,,,,,,,,,,,,,,,AK-630 30 mm,,,,,,,30,,,,Air,,,,ak_630_30_mm,,,Assets/MachineBrigade/Resources/Data/balance.json: weapons[253],"{""id"":""ciws_aa"",""weaponFamily"":""ak_630_30_mm"",""real"":""AK-630 30 mm"",""family"":""autocannon"",""size"":30,""caliberMm"":30,""pen"":2,""inherits"":""hover_ciws"",""targets"":""Air""}"
ciws_aa_flak,AK-630 30 mm air-burst,cal_30,flak,ak_630_30_mm_air_burst,autocannon,30,,,,Fragmentation,2,Bullet,1,RIPPLE,1,0.1,0.0167,60,5.0167,0,0.0,12,2.5,0.0,300,34,0.0,Air,,1.3,Small,T1,ciws_aa,,,,0,,NEED_CODE_CHECK,NEED_CODE_CHECK,,CHUA_AP:prompt_xuat_luot5,5000,1000,aa,"Wikipedia 'AK-630': 4,000-5,000 rpm, 2,000-round belt",,giong,,,,,,,,,,,,,,,,,,,,,,,,,,,,,,,,,,,,,,,,,,,,,,,,,,,,,12,Fragmentation,,,,,,,air,Airburst,,,,,,,,ciws_aa,,,,,,,,,,,,2,,,FALSE,,,,,,,,,,,,AK-630 30 mm air-burst,,flak,,ciws_aa,,,,2.5,,,Air,,,,ak_630_30_mm_air_burst,,flak,Assets/MachineBrigade/Resources/Data/balance.json: secondRounds.rounds[15],"{""id"":""ciws_aa_flak"",""roundOf"":""ciws_aa"",""inherits"":""ciws_aa"",""weaponVariantId"":""flak"",""weaponFamily"":""ak_630_30_mm_air_burst"",""round"":""flak"",""for"":[""air""],""real"":""AK-630 30 mm air-burst"",""damageType"":""Fragmentation"",""pen"":2,""damage"":12,""splash"":2.5,""form"":""Airburst"",""piercing"":false,""targets"":""Air""}"
cluster_at_bomb,CBU-97 Sensor Fuzed Weapon,bomb_cbu_97_sensor_fuzed_weapon,,cbu_97_sfw,bomb,,450,,,ShapedCharge,4,Bomb,1,RIPPLE,1,0.1,90,0,0.0,0,0.0,0,3,0.0,35,30,0.0,Ground,,0.0,Medium,T4,,,xe,glide_bomber,1,glide_bomber:1,NEED_CODE_CHECK,NEED_CODE_CHECK,,CHUA_AP:prompt_xuat_luot5,600,,bomb,"a stick's release, 0.1 s and up (est.)",,giong,,,,,,,,,,,,,,,,,,,,,,,,,,,,,,,,,,,,,,,,,,,,,,10,160,4,12.5,3,Medium,90,0,ShapedCharge,,,,bomb,,,,,,,,,,,Medium,,,,,,,,,,,,,4,,,,,,Bomb,cbu_97,,35,,,,,30,CBU-97 Sensor Fuzed Weapon,,,1.17,,,,450,,,,,,,450,cbu_97_sfw,bomb_cbu_97_sensor_fuzed_weapon,,Assets/MachineBrigade/Resources/Data/balance.json: weapons[294],"{""id"":""cluster_at_bomb"",""weaponFamilyId"":""bomb_cbu_97_sensor_fuzed_weapon"",""real"":""CBU-97 Sensor Fuzed Weapon"",""weaponFamily"":""cbu_97_sfw"",""family"":""bomb"",""size"":450,""warheadKg"":450,""pen"":4,""damageType"":""ShapedCharge"",""damage"":0,""cooldown"":90,""range"":30,""projectileSpeed"":35,""impactTier"":""Medium"",""projectile"":""Bomb"",""projectileModel"":""cbu_97"",""roundLength"":1.17,""cluster"":{""count"":10,""radius"":12.5,""damage"":160,""splash"":3,""pen"":4,""tier"":""Medium""}}"
coilgun,coilgun (10 MJ),rail_coilgun,,,railgun,,,,10,Kinetic,4,Bullet,1,RIPPLE,2,0.25,4.54,0,0.0,0,0.0,250,0.0,0.0,420,55,0.0,All,,0.6,Large,T3,,,boss,behemoth_tempest,1,behemoth_tempest:1;behemoth_tempest:2,NEED_CODE_CHECK,NEED_CODE_CHECK,,CHUA_AP:prompt_xuat_luot5,NEED_SOURCE,NEED_SOURCE,,NEED_SOURCE,,giong,,,,,,,,,,,,,,,,,,,,,,,,,,,,,,,,,,,,,,,2,0.25,,,0.5,,,,,,,,,4.54,250,Kinetic,,,10,railgun,,,,,,,,,,,Large,,,,,,,,,,,,,4,,,TRUE,,,Bullet,,,420,,,,,55,coilgun (10 MJ),,,,,,,10,,0.6,,All,,,,,rail_coilgun,,Assets/MachineBrigade/Resources/Data/balance.json: weapons[141],"{""id"":""coilgun"",""weaponFamilyId"":""rail_coilgun"",""real"":""coilgun (10 MJ)"",""family"":""railgun"",""size"":10,""energyMj"":10,""pen"":4,""piercing"":true,""charge"":0.5,""damageType"":""Kinetic"",""damage"":250,""cooldown"":4.54,""range"":55,""projectileSpeed"":420,""spread"":0.6,""impactTier"":""Large"",""projectile"":""Bullet"",""targets"":""All"",""burst"":2,""burstInterval"":0.25}"
coyote_interceptor,Coyote Block 2,drone_coyote_block_2,,coyote_block_2,drone,,5,,,Fragmentation,2,Drone,1,RIPPLE,1,0.1,1.125,0,0.0,0,0.0,120,2,0.0,40,45,0.0,Air,,0.0,Small,T2,,,xe,interceptor_drone_vehicle,1,interceptor_drone_vehicle:1,NEED_CODE_CHECK,NEED_CODE_CHECK,,CHUA_AP:prompt_xuat_luot5,NEED_SOURCE,NEED_SOURCE,,NEED_SOURCE,,giong,,,,,,,,,,,,,,,,,,,,,,,,,,,,,,,,,,,,,,,,,,,,,,,,,,,,1.125,120,Fragmentation,,,,drone,,,,,,,,,,,Small,,,,,,,,,,,,,2,,,,,Rotors,Drone,coyote_block2,,40,,,,,45,Coyote Block 2,,,0.8,,,,5,2,,,Air,,,5,coyote_block_2,drone_coyote_block_2,,Assets/MachineBrigade/Resources/Data/balance.json: weapons[299],"{""id"":""coyote_interceptor"",""weaponFamilyId"":""drone_coyote_block_2"",""real"":""Coyote Block 2"",""weaponFamily"":""coyote_block_2"",""family"":""drone"",""size"":5,""warheadKg"":5,""pen"":2,""damageType"":""Fragmentation"",""damage"":120,""cooldown"":1.125,""range"":45,""projectileSpeed"":40,""splash"":2,""impactTier"":""Small"",""projectile"":""Drone"",""projectileModel"":""coyote_block2"",""roundLength"":0.8,""targets"":""Air"",""prey"":""Rotors""}"
cruise_missile_ground,Typhon MRC (ground-launched Tomahawk),cruise_typhon_mrc,,,cruise_missile,,450,,,ShapedCharge,4,Missile,1,RIPPLE,1,0.1,15,2,30,0,0.0,450,0.0,0.0,22,180,0.0,All,,0.0,Huge,T4,,,xe,ground_cruise_missile_vehicle,1,ground_cruise_missile_vehicle:0,NEED_CODE_CHECK,NEED_CODE_CHECK,,CHUA_AP:prompt_xuat_luot5,20,6,missile,cruise missiles: ~3 s between launches (est.),,giong,,,,,,,,,,,,,,,,,,,,,,,,,,,,,,,,,,,,,,,,,,,,2,30,,,,,,,15,450,ShapedCharge,,,,cruise_missile,,,,,,,,,,,Huge,,,,,,,,,,,,,4,,,,,,Missile,,,22,,,,,180,Typhon MRC (ground-launched Tomahawk),,,,,,,450,,,,All,,,450,,cruise_typhon_mrc,,Assets/MachineBrigade/Resources/Data/balance.json: weapons[290],"{""id"":""cruise_missile_ground"",""weaponFamilyId"":""cruise_typhon_mrc"",""real"":""Typhon MRC (ground-launched Tomahawk)"",""family"":""cruise_missile"",""size"":450,""warheadKg"":450,""pen"":4,""damageType"":""ShapedCharge"",""damage"":450,""cooldown"":15,""range"":180,""projectileSpeed"":22,""impactTier"":""Huge"",""projectile"":""Missile"",""targets"":""All"",""clip"":2,""clipReload"":30}"
cruiser_203,Mk 71 203 mm (twin),cal_203,,,howitzer,203,,,,HighExplosive,4,Shell,2,SIMULTANEOUS,1,0.4,11.8,0,0.0,0,0.0,420,8,0.0,70,105,0.0,Ground,,2.6,Huge,T4,naval_76,cruiser_203_guided,xe,sea_cruiser,1,sea_cruiser:0;sea_cruiser:1,NEED_CODE_CHECK,NEED_CODE_CHECK,,CHUA_AP:prompt_xuat_luot5,12,12,gun,"Wikipedia '8""/55 caliber Mark 71': 12 rpm",,doi,,,11.4,11.8,,,,,,,,,2,1,,,1,2,RIPPLE,SIMULTANEOUS,,,,,,,,,,,,,,,2,,,,1,0.4,203,,,,,,,,,,,11.8,420,,,,,howitzer,,,,,,,,,,,Huge,naval_76,,,,,,,,,,,,4,,,,,,,shell_155,0.9455,70,,,,,105,Mk 71 203 mm (twin),,,1.04,,,SIMULTANEOUS,203,8,2.6,,,,,,,cal_203,,Assets/MachineBrigade/Resources/Data/balance.json: weapons[247],"{""id"":""cruiser_203"",""inherits"":""naval_76"",""weaponFamilyId"":""cal_203"",""salvoMode"":""SIMULTANEOUS"",""barrels"":2,""real"":""Mk 71 203 mm (twin)"",""family"":""howitzer"",""size"":203,""caliberMm"":203,""pen"":4,""projectileModel"":""shell_155"",""roundLength"":1.04,""projectileScale"":0.9455,""damage"":420,""cooldown"":11.8,""range"":105,""projectileSpeed"":70,""splash"":8,""spread"":2.6,""impactTier"":""Huge"",""burst"":1,""burstInterval"":0.4}"
cruiser_203_guided,Mk 71 203 mm guided (twin),cal_203,,,howitzer,203,,,,HighExplosive,4,Shell,1,RIPPLE,1,0.4,11.8,0,0.0,0,0.0,420,8,0.0,70,105,0.0,Ground,,0,Huge,T4,cruiser_203,,,,0,,NEED_CODE_CHECK,NEED_CODE_CHECK,,CHUA_AP:prompt_xuat_luot5,12,12,gun,"Wikipedia '8""/55 caliber Mark 71': 12 rpm",,doi,,,11.4,11.8,,,,,,,,,,,,,,,,,,,,,,,,,,,,,,,1,,,,1,,,,,,,,,,,,,,420,HighExplosive,,TRUE,,,,,armour,HeShell,,,,TRUE,,,,cruiser_203,,,,,,,,,,,,4,,,,,,,,,,,,,,,Mk 71 203 mm guided (twin),,guided,,cruiser_203,,RIPPLE,,,0,,Ground,,,,,,,Assets/MachineBrigade/Resources/Data/balance.json: secondRounds.rounds[16],"{""id"":""cruiser_203_guided"",""roundOf"":""cruiser_203"",""inherits"":""cruiser_203"",""salvoMode"":""RIPPLE"",""barrels"":1,""weaponFamily"":"""",""round"":""guided"",""for"":[""armour""],""elite"":true,""real"":""Mk 71 203 mm guided (twin)"",""damageType"":""HighExplosive"",""pen"":4,""damage"":420,""spread"":0,""burst"":1,""guided"":true,""form"":""HeShell"",""targets"":""Ground""}"
detonator,car bomb (900 kg),bomb_car_bomb,,,bomb,,900,,,HighExplosive,4,Shell,1,RIPPLE,1,0.1,1,0,0.0,0,0.0,770,10,0.0,100,3,0.0,Ground,,0.0,Ultimate,T4,,,xe,vbied,1,vbied:0,NEED_CODE_CHECK,NEED_CODE_CHECK,,CHUA_AP:prompt_xuat_luot5,600,,bomb,"a stick's release, 0.1 s and up (est.)",,giong,,,,,,,,,,,,,,,,,,,,,,,,,,,,,,,,,,,,,,,,,,,,,,,,,,,,1,770,HighExplosive,,,,bomb,,,,CarBomb,,,,,,,Ultimate,,,,,,,,,,,,,4,,,,,,,,,100,,,,,3,car bomb (900 kg),,,,,,,900,10,,,,,,900,,bomb_car_bomb,,Assets/MachineBrigade/Resources/Data/balance.json: weapons[77],"{""id"":""detonator"",""weaponFamilyId"":""bomb_car_bomb"",""real"":""car bomb (900 kg)"",""family"":""bomb"",""size"":900,""warheadKg"":900,""pen"":4,""form"":""CarBomb"",""damageType"":""HighExplosive"",""damage"":770,""cooldown"":1,""range"":3,""projectileSpeed"":100,""splash"":10,""impactTier"":""Ultimate"",""bonuses"":[{""armor"":""Structure"",""mult"":0.5}]}"
door_gun,PKT 7.62 mm,cal_7_62,,,mg,7.62,,,,Kinetic,0,Bullet,1,RIPPLE,1,0.1,0.0833,100,4.0833,0,0.0,5.5,0.0,0.0,220,22,0.0,All,,1.4,Small,T0,,,xe,gunship_heli,1,gunship_heli:3;gunship_heli:4,NEED_CODE_CHECK,NEED_CODE_CHECK,,CHUA_AP:prompt_xuat_luot5,800,250,mg,"Wikipedia 'PK machine gun' (PKT 700-800, practical 250); M240 650-950",,giong,,,,,,,,,,,,,,,,,,,,,,,,,,,,,,,,,,,,,,,,,7.62,,,100,4.0833,,,,,,,0.0833,5.5,Kinetic,,,,mg,,,,,,,,,,,Small,,,,,,,,,,,,,0,,,,,,Bullet,,,220,,,,,22,PKT 7.62 mm,,,,,7,,7.62,,1.4,,All,,,,,cal_7_62,,Assets/MachineBrigade/Resources/Data/balance.json: weapons[76],"{""id"":""door_gun"",""weaponFamilyId"":""cal_7_62"",""real"":""PKT 7.62 mm"",""family"":""mg"",""size"":7.62,""caliberMm"":7.62,""pen"":0,""damageType"":""Kinetic"",""damage"":5.5,""cooldown"":0.0833,""range"":22,""projectileSpeed"":220,""spread"":1.4,""impactTier"":""Small"",""projectile"":""Bullet"",""targets"":""All"",""roundWeight"":7,""clip"":100,""clipReload"":4.0833}"
dozer_blade,dozer blade,melee_dozer_blade,,,melee,,,,,Kinetic,3,Bullet,1,RIPPLE,1,0.1,1.6,0,0.0,0,0.0,110,0.0,0.0,400,4,0.0,Ground,,0.0,Medium,T0,,,xe,armored_bulldozer,1,armored_bulldozer:0,NEED_CODE_CHECK,NEED_CODE_CHECK,,CHUA_AP:prompt_xuat_luot5,NEED_SOURCE,NEED_SOURCE,,NEED_SOURCE,,giong,,,,,,,,,,,,,,,,,,,,,,,,,,,,,,,,,,,,,,,,,,,,,,,,,,,,1.6,110,Kinetic,,,,melee,,,,,,,,,,,Medium,,,,,,,,TRUE,,,,,3,,,TRUE,,,Bullet,,,400,,,,,4,dozer blade,,,,,,,1,,,,Ground,,,,,melee_dozer_blade,,Assets/MachineBrigade/Resources/Data/balance.json: weapons[111],"{""id"":""dozer_blade"",""weaponFamilyId"":""melee_dozer_blade"",""real"":""dozer blade"",""family"":""melee"",""size"":1,""pen"":3,""piercing"":true,""melee"":true,""damageType"":""Kinetic"",""damage"":110,""cooldown"":1.6,""range"":4,""projectileSpeed"":400,""impactTier"":""Medium"",""projectile"":""Bullet"",""targets"":""Ground"",""bonuses"":[{""armor"":""Structure"",""mult"":3},{""armor"":""Heavy"",""mult"":0.4},{""armor"":""Light"",""mult"":0.55}]}"
drone_gun,M3P 12.7 mm,cal_12_7,,,mg,12.7,,,,Kinetic,1,Bullet,1,RIPPLE,1,0.1,0.158,0,0.0,0,0.0,9.5,0.0,0.0,220,26,0.0,Ground,,1.4,Small,T0,,,,,0,,NEED_CODE_CHECK,NEED_CODE_CHECK,,CHUA_AP:prompt_xuat_luot5,1200,200,mg,"Wikipedia 'M3 Browning' (AN/M3): 1,100-1,250 rpm",,giong,,,,,,,,,,,,,,,,,,,,,,,,,,,,,,,,,,,,,,,,,12.7,,,,,,,,,,,0.158,9.5,Kinetic,,,,mg,,,,,,,,,,,Small,,,,,,,,,,,,,1,,,,,,Bullet,,,220,,,,,26,M3P 12.7 mm,,,,,12,,12.7,,1.4,,,,,,,cal_12_7,,Assets/MachineBrigade/Resources/Data/balance.json: weapons[231],"{""id"":""drone_gun"",""weaponFamilyId"":""cal_12_7"",""real"":""M3P 12.7 mm"",""family"":""mg"",""size"":12.7,""caliberMm"":12.7,""pen"":1,""damageType"":""Kinetic"",""damage"":9.5,""cooldown"":0.158,""range"":26,""projectileSpeed"":220,""spread"":1.4,""impactTier"":""Small"",""projectile"":""Bullet"",""roundWeight"":12}"
drone_missile,AGM-114 Hellfire,atgm_agm_114_hellfire,,agm_114_hellfire,atgm,,9,,,ShapedCharge,4,Missile,1,RIPPLE,1,0.1,3.58,0,0.0,0,0.0,260,0,0.0,26,48,0.0,Ground,,0.0,Medium,T2,,,xe,strike_drone,1,strike_drone:0,NEED_CODE_CHECK,NEED_CODE_CHECK,,CHUA_AP:prompt_xuat_luot5,60,10,atgm,"air-launched: ripples ~1 s apart, est. 6 s an aimed shot",,giong,,,,,,,,,,,,,,,,,,,,,,,,,,,,,,,,,,,,,,,,,,,,,,,,,,,,3.58,260,ShapedCharge,,,,atgm,,,,,,,,,,,Medium,,,,,,3,,,,,,,4,,,TRUE,,,Missile,,0.65,,,,,,48,AGM-114 Hellfire,,,,,,,49,,,,,,,9,agm_114_hellfire,atgm_agm_114_hellfire,,Assets/MachineBrigade/Resources/Data/balance.json: weapons[42],"{""id"":""drone_missile"",""weaponFamilyId"":""atgm_agm_114_hellfire"",""weaponFamily"":""agm_114_hellfire"",""load"":3,""real"":""AGM-114 Hellfire"",""family"":""atgm"",""size"":49,""warheadKg"":9,""pen"":4,""piercing"":true,""projectileScale"":0.65,""damageType"":""ShapedCharge"",""damage"":260,""cooldown"":3.58,""range"":48,""impactTier"":""Medium"",""projectile"":""Missile"",""bonuses"":[{""armor"":""Structure"",""mult"":1.5}]}"
fighter_cannon,GAU-22/A 25 mm,cal_25,flak,,autocannon,25,,,,Fragmentation,2,Bullet,1,RIPPLE,1,0.1,0.1151,44,1,0,0.0,18,0.0,0.0,320,30,0.0,All,,1.5,Small,T1,,fighter_cannon_ap,boss;xe,fighter_jet;morrigan;stealth_fighter,3,fighter_jet:2;morrigan:3;stealth_fighter:2,NEED_CODE_CHECK,NEED_CODE_CHECK,,CHUA_AP:prompt_xuat_luot5,3300,,ac,"Wikipedia 'GAU-22/A': 3,300 rpm",,giong,,,,,,,,,,,,,,,,,,,,,,,,,,,,,,,,,,,,,,,,,25,,,44,1,,,,,,,0.1151,18,Fragmentation,,,,autocannon,,,,BeltedAutocannon,,,,,,,Small,,,,,,,,,,,,,2,,,,,,Bullet,,,320,,,,,30,GAU-22/A 25 mm,,,,,30,,25,,1.5,,All,,,,,cal_25,flak,Assets/MachineBrigade/Resources/Data/balance.json: weapons[87],"{""id"":""fighter_cannon"",""weaponFamilyId"":""cal_25"",""weaponVariantId"":""flak"",""real"":""GAU-22/A 25 mm"",""family"":""autocannon"",""size"":25,""caliberMm"":25,""pen"":2,""form"":""BeltedAutocannon"",""damageType"":""Fragmentation"",""damage"":18,""cooldown"":0.1151,""range"":30,""projectileSpeed"":320,""spread"":1.5,""impactTier"":""Small"",""projectile"":""Bullet"",""targets"":""All"",""clip"":44,""clipReload"":1,""roundWeight"":30}"
fighter_cannon_ap,GAU-22/A 25 mm AP,cal_25,,,autocannon,25,,,,Kinetic,2,Bullet,1,RIPPLE,1,0.1,0.1151,44,1,0,0.0,18,0,0.0,320,30,0.0,Ground,,1.5,Small,T1,fighter_cannon,,,,0,,NEED_CODE_CHECK,NEED_CODE_CHECK,,CHUA_AP:prompt_xuat_luot5,3300,,ac,"Wikipedia 'GAU-22/A': 3,300 rpm",,giong,,,,,,,,,,,,,,,,,,,,,,,,,,,,,,,,,,,,,,,,,,,,,,,,,,,,,18,Kinetic,,,,,,,ground,BeltedAutocannon,,,,,,,,fighter_cannon,,,,,,,,,,,,2,,,TRUE,,,,,,,,,,,,GAU-22/A 25 mm AP,,ap,,fighter_cannon,,,,0,,,Ground,,,,,,,Assets/MachineBrigade/Resources/Data/balance.json: secondRounds.rounds[17],"{""id"":""fighter_cannon_ap"",""roundOf"":""fighter_cannon"",""inherits"":""fighter_cannon"",""weaponVariantId"":"""",""weaponFamily"":"""",""round"":""ap"",""for"":[""ground""],""real"":""GAU-22/A 25 mm AP"",""damageType"":""Kinetic"",""pen"":2,""damage"":18,""splash"":0,""form"":""BeltedAutocannon"",""piercing"":true,""targets"":""Ground""}"
flak_35,Oerlikon KDA 35 mm (Gepard),cal_35,,oerlikon_35_mm,autocannon,35,,,,Fragmentation,2,Bullet,1,RIPPLE,1,0.1,0.25,22,1.25,0,0.0,26,2.5,0.0,260,36,0.0,All,,1.5,Small,T1,,flak_35_ap,xe,aa_vehicle,1,aa_vehicle:0,NEED_CODE_CHECK,NEED_CODE_CHECK,,CHUA_AP:prompt_xuat_luot5,550,300,aa,Wikipedia 'Oerlikon GDF' / 'Gepard': 2 x 550 rpm,,giong,,,,,,,,,,,,,,,,,,,,,,,,,,,,,,,,,,,,,,,,,35,,,22,1.25,,,,,,,0.25,26,Fragmentation,,,,autocannon,,,,,,,,,,,Small,,,,,,,,,,,,,2,,,,,,Bullet,,,,,,,,36,Oerlikon KDA 35 mm (Gepard),,,,,,,35,,1.5,,All,,,,oerlikon_35_mm,cal_35,,Assets/MachineBrigade/Resources/Data/balance.json: weapons[19],"{""id"":""flak_35"",""weaponFamilyId"":""cal_35"",""weaponFamily"":""oerlikon_35_mm"",""real"":""Oerlikon KDA 35 mm (Gepard)"",""family"":""autocannon"",""size"":35,""caliberMm"":35,""pen"":2,""damageType"":""Fragmentation"",""damage"":26,""cooldown"":0.25,""range"":36,""spread"":1.5,""impactTier"":""Small"",""projectile"":""Bullet"",""targets"":""All"",""clip"":22,""clipReload"":1.25,""bonuses"":[{""class"":""Plane"",""mult"":1.5}]}"
flak_35_ap,Oerlikon 35 mm AP (Gepard),cal_35,ap,oerlikon_35_mm_ap,autocannon,35,,,,Kinetic,2,Bullet,1,RIPPLE,1,0.1,0.25,22,1.25,0,0.0,26,0,0.0,260,36,0.0,Ground,,1.5,Small,T1,flak_35,,,,0,,NEED_CODE_CHECK,NEED_CODE_CHECK,,CHUA_AP:prompt_xuat_luot5,550,300,aa,"Wikipedia 'Oerlikon GDF': 550 rpm a gun (the twin: 1,100)",,giong,,,,,,,,,,,,,,,,,,,,,,,,,,,,,,,,,,,,,,,,,,,,,,,,,,,,,26,Kinetic,,,,,,,ground,BeltedAutocannon,,,,,,,,flak_35,,,,,,,,,,,,2,,,TRUE,,,,,,,,,,,,Oerlikon 35 mm AP (Gepard),,ap,,flak_35,,,,0,,,Ground,,,,oerlikon_35_mm_ap,,ap,Assets/MachineBrigade/Resources/Data/balance.json: secondRounds.rounds[18],"{""id"":""flak_35_ap"",""roundOf"":""flak_35"",""inherits"":""flak_35"",""weaponVariantId"":""ap"",""weaponFamily"":""oerlikon_35_mm_ap"",""round"":""ap"",""for"":[""ground""],""real"":""Oerlikon 35 mm AP (Gepard)"",""damageType"":""Kinetic"",""pen"":2,""damage"":26,""splash"":0,""form"":""BeltedAutocannon"",""piercing"":true,""targets"":""Ground"",""bonuses"":[]}"
flak_88,KS-19 100 mm (1947),cal_100_105_he,flak,,howitzer,100,,,,Fragmentation,3,Shell,1,RIPPLE,1,0.1,2,0,0.0,0,0.0,120,6,0.0,160,70,0.0,All,,1.5,Large,T2,,,thap,heavy_flak_tower;heavy_flak_tower.heavy,2,heavy_flak_tower:0;heavy_flak_tower.heavy:0,NEED_CODE_CHECK,NEED_CODE_CHECK,,CHUA_AP:prompt_xuat_luot5,15,10,aa,Wikipedia 'KS-19': 15 rpm,,giong,,,,,,,,,,,,,,,,,,,,,,,,,,,,,,,,,,,,,,,,,100,,,,,,,,,,,2,120,Fragmentation,,,,howitzer,,,,,,50,TRUE,,,,Large,,,,,,,,,,,,,3,,,,,,Shell,,,160,,,,,70,KS-19 100 mm (1947),,,,,,,100,6,1.5,,All,,,,,cal_100_105_he,flak,Assets/MachineBrigade/Resources/Data/balance.json: weapons[267],"{""id"":""flak_88"",""weaponFamilyId"":""cal_100_105_he"",""weaponVariantId"":""flak"",""real"":""KS-19 100 mm (1947)"",""family"":""howitzer"",""size"":100,""caliberMm"":100,""pen"":3,""damageType"":""Fragmentation"",""damage"":120,""cooldown"":2,""range"":70,""groundRange"":50,""projectileSpeed"":160,""splash"":6,""spread"":1.5,""impactTier"":""Large"",""projectile"":""Shell"",""targets"":""All"",""groupPriority"":true}"
flak_quad,ZSU-23-4 23 mm (quad),cal_23,,,autocannon,23,,,,Fragmentation,1,Bullet,1,RIPPLE,1,0.1,0.0324,54,1.5,0,0.0,14,3.5,0.0,300,46,0.0,All,,1.6,Medium,T1,,flak_quad_ap,thap,aa_turret.flak,1,aa_turret.flak:0,NEED_CODE_CHECK,NEED_CODE_CHECK,,CHUA_AP:prompt_xuat_luot5,1000,400,aa,"Wikipedia 'ZSU-23-4 Shilka': 4 x 850-1,000 rpm",,giong,,,,,,,,,,,,,,,,,,,,,,,,,,,,,,,,,,,,,,,,,23,,,54,1.5,,,,,,,0.0324,14,Fragmentation,,,,autocannon,,,,,,,,,,,Medium,,,,,,,,,,,,,1,,,,,,Bullet,,,300,,,,,46,ZSU-23-4 23 mm (quad),,,,,22,,23,3.5,1.6,,All,,,,,cal_23,,Assets/MachineBrigade/Resources/Data/balance.json: weapons[93],"{""id"":""flak_quad"",""weaponFamilyId"":""cal_23"",""real"":""ZSU-23-4 23 mm (quad)"",""family"":""autocannon"",""size"":23,""caliberMm"":23,""pen"":1,""damageType"":""Fragmentation"",""damage"":14,""cooldown"":0.0324,""range"":46,""projectileSpeed"":300,""splash"":3.5,""spread"":1.6,""impactTier"":""Medium"",""projectile"":""Bullet"",""targets"":""All"",""clip"":54,""clipReload"":1.5,""roundWeight"":22}"
flak_quad_ap,ZSU-23-4 23 mm AP (quad),cal_23,,,autocannon,23,,,,Kinetic,2,Bullet,1,RIPPLE,1,0.1,0.0324,54,1.5,0,0.0,14,0,0.0,300,46,0.0,Ground,,1.6,Medium,T1,flak_quad,,,,0,,NEED_CODE_CHECK,NEED_CODE_CHECK,,CHUA_AP:prompt_xuat_luot5,1000,400,aa,"Wikipedia 'ZSU-23-4 Shilka': 4 x 850-1,000 rpm",,giong,,,,,,,,,,,,,,,,,,,,,,,,,,,,,,,,,,,,,,,,,,,,,,,,,,,,,14,Kinetic,,,,,,,ground,BeltedAutocannon,,,,,,,,flak_quad,,,,,,,,,,,,2,,,TRUE,,,,,,,,,,,,ZSU-23-4 23 mm AP (quad),,ap,,flak_quad,,,,0,,,Ground,,,,,,,Assets/MachineBrigade/Resources/Data/balance.json: secondRounds.rounds[19],"{""id"":""flak_quad_ap"",""roundOf"":""flak_quad"",""inherits"":""flak_quad"",""weaponFamily"":"""",""round"":""ap"",""for"":[""ground""],""real"":""ZSU-23-4 23 mm AP (quad)"",""damageType"":""Kinetic"",""pen"":2,""damage"":14,""splash"":0,""form"":""BeltedAutocannon"",""piercing"":true,""targets"":""Ground""}"
flamethrower,flamethrower,flame_flamethrower,,,flame,,,,,Fire,1,Flame,1,RIPPLE,1,0.1,0.25,0,0.0,0,0.0,21,2.5,0.0,36,13,0.0,Ground,,1.2,Small,T1,,,xe,flame_tank,1,flame_tank:0,NEED_CODE_CHECK,NEED_CODE_CHECK,,CHUA_AP:prompt_xuat_luot5,NEED_SOURCE,NEED_SOURCE,,NEED_SOURCE,,giong,,,,,,,,,,,,,,,,,,,,,,,,,,,,,,,,,,,,,,,,,,,,,,,,,,,,0.25,21,Fire,,,,flame,,,,,,,,,,,Small,,,,,,,,,,,,,1,,,,,,Flame,,,36,,,,,13,flamethrower,,,,,,,1,2.5,1.2,,,,,,,flame_flamethrower,,Assets/MachineBrigade/Resources/Data/balance.json: weapons[15],"{""id"":""flamethrower"",""weaponFamilyId"":""flame_flamethrower"",""real"":""flamethrower"",""family"":""flame"",""size"":1,""pen"":1,""damageType"":""Fire"",""damage"":21,""cooldown"":0.25,""range"":13,""projectileSpeed"":36,""splash"":2.5,""spread"":1.2,""impactTier"":""Small"",""projectile"":""Flame""}"
focus_laser,focused laser (300 kW),laser_focused_laser,,,laser,,,300,,Energy,4,Bullet,1,RIPPLE,1,0.1,0.1,80,1.5,0,0.0,12.5,0.0,0.0,3000,40,0.0,Ground,,0.0,Small,T1,,,xe,laser_tank,1,laser_tank:0,NEED_CODE_CHECK,NEED_CODE_CHECK,,CHUA_AP:prompt_xuat_luot5,NEED_SOURCE,NEED_SOURCE,,NEED_SOURCE,,giong,,,,,,,,,,,,,,,,,,,,,,,,,,,,,,,,,,,,TRUE,,,,,,,,80,1.5,,,,,,,0.1,12.5,Energy,,,,laser,,,,,,,,,,,Small,,,,,,,,,,,,,4,,,,300,,Bullet,,,3000,0.3,2.0,4,2.0,40,focused laser (300 kW),,,,,,,300,,,,,,,,,laser_focused_laser,,Assets/MachineBrigade/Resources/Data/balance.json: weapons[256],"{""id"":""focus_laser"",""weaponFamilyId"":""laser_focused_laser"",""real"":""focused laser (300 kW)"",""family"":""laser"",""size"":300,""powerKw"":300,""pen"":4,""damageType"":""Energy"",""damage"":12.5,""cooldown"":0.1,""range"":40,""projectileSpeed"":3000,""impactTier"":""Small"",""projectile"":""Bullet"",""beam"":true,""clip"":80,""clipReload"":1.5,""ramp"":{""from"":0.3,""to"":2.0,""seconds"":4,""grace"":2.0}}"
fpv_fibre,Fibre-optic FPV drone (1.5 kg),drone_fibre_optic_fpv_drone,,,drone,,1.5,,,ShapedCharge,3,Drone,1,RIPPLE,1,0.1,6,0,0.0,0,0.0,160,2.5,0.0,16,60,0.0,Ground,,0.0,Medium,T2,,,xe,fibre_fpv_carrier,1,fibre_fpv_carrier:0,NEED_CODE_CHECK,NEED_CODE_CHECK,,CHUA_AP:prompt_xuat_luot5,NEED_SOURCE,NEED_SOURCE,,NEED_SOURCE,,giong,,,,,,,,,,,,,,,,,,,,,,,,,,,,,,,,,,,,,,,,,,,,,,,,,,,,6,160,ShapedCharge,,,,drone,,,,,,,,,,,Medium,,,,TRUE,,,,,,,,TRUE,3,,,TRUE,,,Drone,fpv_drone,1.4551,16,,,,,60,Fibre-optic FPV drone (1.5 kg),,,0.8,,,,1.5,2.5,,,,,TRUE,1.5,,drone_fibre_optic_fpv_drone,,Assets/MachineBrigade/Resources/Data/balance.json: weapons[279],"{""id"":""fpv_fibre"",""weaponFamilyId"":""drone_fibre_optic_fpv_drone"",""real"":""Fibre-optic FPV drone (1.5 kg)"",""family"":""drone"",""size"":1.5,""warheadKg"":1.5,""pen"":3,""topAttack"":true,""piercing"":true,""damageType"":""ShapedCharge"",""damage"":160,""cooldown"":6,""range"":60,""projectileSpeed"":16,""splash"":2.5,""projectileModel"":""fpv_drone"",""roundLength"":0.8,""projectileScale"":1.4551,""impactTier"":""Medium"",""projectile"":""Drone"",""jamProof"":true,""oneAtATime"":true}"
fpv_hangar,FPV drone (1.5 kg),drone_fpv_drone,,fpv_drone,drone,,1.5,,,ShapedCharge,3,Drone,1,RIPPLE,4,1.0,7.5,0,0.0,0,9,140,2.5,0.0,26,70,8,Ground,,0.0,Medium,T2,fpv_swarm,,thap,drone_hangar,1,drone_hangar:0,NEED_CODE_CHECK,NEED_CODE_CHECK,,CHUA_AP:prompt_xuat_luot5,NEED_SOURCE,NEED_SOURCE,,NEED_SOURCE,,giong,,,,,,,,,,,,,,,,,,,,,,,,,,,,,,,,,0,,,,,,4,1.0,,,,,,,,,,,,7.5,,,,,,drone,,,,,,,,,,,,fpv_swarm,,,,,,,,8,,,,3,,,,,,,,,,,,,,70,FPV drone (1.5 kg),,,,,,,1.5,,,,,,TRUE,1.5,fpv_drone,,,Assets/MachineBrigade/Resources/Data/balance.json: weapons[116],"{""id"":""fpv_hangar"",""weaponFamily"":""fpv_drone"",""real"":""FPV drone (1.5 kg)"",""family"":""drone"",""size"":1.5,""warheadKg"":1.5,""pen"":3,""topAttack"":true,""inherits"":""fpv_swarm"",""cooldown"":7.5,""range"":70,""minRange"":8,""burst"":4,""burstInterval"":1.0,""ammo"":0}"
fpv_hangar_swarm,FPV drone (1.5 kg),drone_fpv_drone,,fpv_drone,drone,,1.5,,,ShapedCharge,3,Drone,1,RIPPLE,4,0.6,6.1,0,0.0,0,9,140,2.5,0.0,26,70,8,Ground,,0.0,Medium,T2,fpv_hangar,,thap,drone_hangar.swarm,1,drone_hangar.swarm:0,NEED_CODE_CHECK,NEED_CODE_CHECK,,CHUA_AP:prompt_xuat_luot5,NEED_SOURCE,NEED_SOURCE,,NEED_SOURCE,,giong,,,,,,,,,,,,,,,,,,,,,,,,,,,,,,,,,,,,,,,4,0.6,,,,,,,,,,,,6.1,,,,,,drone,,,,,,,,,,,,fpv_hangar,,,,,,,,,,,,3,,,,,,,,,,,,,,,FPV drone (1.5 kg),,,,,,,1.5,,,,,,TRUE,1.5,fpv_drone,,,Assets/MachineBrigade/Resources/Data/balance.json: weapons[136],"{""id"":""fpv_hangar_swarm"",""weaponFamily"":""fpv_drone"",""real"":""FPV drone (1.5 kg)"",""family"":""drone"",""size"":1.5,""warheadKg"":1.5,""pen"":3,""topAttack"":true,""inherits"":""fpv_hangar"",""cooldown"":6.1,""burst"":4,""burstInterval"":0.6}"
fpv_swarm,FPV drone (1.5 kg),drone_fpv_drone,,fpv_drone,drone,,1.5,,,ShapedCharge,3,Drone,1,RIPPLE,1,0.1,2.8,0,0.0,16,9,140,2.5,0.0,26,75,12,Ground,,0.0,Medium,T2,,,xe,elite_fpv_carrier;fpv_carrier,2,elite_fpv_carrier:0;fpv_carrier:0,NEED_CODE_CHECK,NEED_CODE_CHECK,,CHUA_AP:prompt_xuat_luot5,NEED_SOURCE,NEED_SOURCE,,NEED_SOURCE,,giong,,,,,,,,,,,,,,,,,,,,,,,,,,,,,,,,,16,,,,,,,,,,,,,,,,,,,2.8,140,ShapedCharge,,,,drone,,,,,,,,,,,Medium,,,,,,,,,12,,,,3,,,TRUE,,,Drone,,,,,,,,75,FPV drone (1.5 kg),9,,,,,,1.5,,,,,,TRUE,1.5,fpv_drone,drone_fpv_drone,,Assets/MachineBrigade/Resources/Data/balance.json: weapons[62],"{""id"":""fpv_swarm"",""weaponFamilyId"":""drone_fpv_drone"",""weaponFamily"":""fpv_drone"",""real"":""FPV drone (1.5 kg)"",""family"":""drone"",""size"":1.5,""warheadKg"":1.5,""pen"":3,""topAttack"":true,""piercing"":true,""damageType"":""ShapedCharge"",""damage"":140,""cooldown"":2.8,""range"":75,""minRange"":12,""impactTier"":""Medium"",""projectile"":""Drone"",""ammo"":16,""reload"":9,""bonuses"":[{""armor"":""Structure"",""mult"":1.5}]}"
fpv_swarm_mini,Switchblade 300,drone_switchblade_300,,switchblade_300,drone,,3,,,ShapedCharge,3,Drone,1,RIPPLE,6,0.4,50,0,0.0,0,0.0,90,2,0.0,30,50,0.0,Ground,,0.0,Medium,T2,,,xe,fibre_fpv_carrier,1,fibre_fpv_carrier:1,NEED_CODE_CHECK,NEED_CODE_CHECK,,CHUA_AP:prompt_xuat_luot5,NEED_SOURCE,NEED_SOURCE,,NEED_SOURCE,,giong,,,,,,,,,,,,,,,,,,,,,,,,,,,,,,,,,,,,,,,6,0.4,,,,,,,,,,,,50,90,ShapedCharge,,,,drone,,,,,,,,,,,Medium,,,,,,,,,,,,,3,,,,,,Drone,switchblade_300,,30,,,,,50,Switchblade 300,,,0.8,,,,3,2,,,,,TRUE,3,switchblade_300,drone_switchblade_300,,Assets/MachineBrigade/Resources/Data/balance.json: weapons[301],"{""id"":""fpv_swarm_mini"",""weaponFamilyId"":""drone_switchblade_300"",""real"":""Switchblade 300"",""weaponFamily"":""switchblade_300"",""family"":""drone"",""size"":3,""warheadKg"":3,""pen"":3,""topAttack"":true,""damageType"":""ShapedCharge"",""damage"":90,""burst"":6,""burstInterval"":0.4,""cooldown"":50,""range"":50,""projectileSpeed"":30,""splash"":2,""impactTier"":""Medium"",""projectile"":""Drone"",""projectileModel"":""switchblade_300"",""roundLength"":0.8}"
gau_gatling,GAU-8 Avenger 30 mm,cal_30,,,autocannon,30,,,,Kinetic,3,Bullet,1,RIPPLE,1,0.1,0.0167,113,2.79,0,0.0,22,0.0,0.0,320,32,0.0,Ground,,2.2,Small,T1,,,,,0,,NEED_CODE_CHECK,NEED_CODE_CHECK,,CHUA_AP:prompt_xuat_luot5,3900,,ac,"Wikipedia 'GAU-8 Avenger': 3,900 rpm",,giong,,,,,,,,,,,,,,,,,,,,,,,,,,,,,,,,,,,,,,,,,30,,,113,2.79,,,,,,,0.0167,22,Kinetic,,,,autocannon,,,,,,,,,,,Small,,,,,,,,,,,,,3,,,TRUE,,,Bullet,,,320,,,,,32,GAU-8 Avenger 30 mm,,,,,27,,30,,2.2,,,,,,,cal_30,,Assets/MachineBrigade/Resources/Data/balance.json: weapons[88],"{""id"":""gau_gatling"",""weaponFamilyId"":""cal_30"",""real"":""GAU-8 Avenger 30 mm"",""family"":""autocannon"",""size"":30,""caliberMm"":30,""pen"":3,""piercing"":true,""damageType"":""Kinetic"",""damage"":22,""cooldown"":0.0167,""range"":32,""projectileSpeed"":320,""spread"":2.2,""impactTier"":""Small"",""projectile"":""Bullet"",""clip"":113,""clipReload"":2.79,""roundWeight"":27}"
glide_fab500,FAB-500 M-62 with UMPK glide kit,bomb_fab_500_m_62_with_umpk_glide_kit,,,bomb,,500,,,HighExplosive,3,Bomb,1,RIPPLE,1,0.1,3,0,0.0,0,0.0,420,10,0.0,20,90,0.0,Ground,,1.5,Huge,T4,,,xe,glide_bomber,1,glide_bomber:0,NEED_CODE_CHECK,NEED_CODE_CHECK,,CHUA_AP:prompt_xuat_luot5,600,,bomb,"a stick's release, 0.1 s and up (est.)",,giong,,,,,,,,,,,,,,,,,,,,,,,,,,,,,,,,,,,,,,,,,,,,,,,,,,,,3,420,HighExplosive,,,,bomb,,,,GuidedBomb,TRUE,,,TRUE,,,Huge,,,,,,2,,,,,,,3,,,,,,Bomb,bomb,0.7324,20,,,,,90,FAB-500 M-62 with UMPK glide kit,,,1.2,,,,500,10,1.5,,,,,500,,bomb_fab_500_m_62_with_umpk_glide_kit,,Assets/MachineBrigade/Resources/Data/balance.json: weapons[277],"{""id"":""glide_fab500"",""weaponFamilyId"":""bomb_fab_500_m_62_with_umpk_glide_kit"",""load"":2,""real"":""FAB-500 M-62 with UMPK glide kit"",""family"":""bomb"",""size"":500,""warheadKg"":500,""pen"":3,""form"":""GuidedBomb"",""projectileModel"":""bomb"",""projectileScale"":0.7324,""roundLength"":1.2,""damageType"":""HighExplosive"",""damage"":420,""cooldown"":3,""range"":90,""projectileSpeed"":20,""splash"":10,""spread"":1.5,""impactTier"":""Huge"",""projectile"":""Bomb"",""guided"":true,""glides"":true}"
grad_cluster,BM-21 Grad 122 mm (cluster),rkt_grad_122,cluster,bm_21_grad_122_mm_2,rocket,122,,,,HighExplosive,2,Rocket,1,RIPPLE,11,0.5,8,0,0.0,3,13.67,57,4,0.0,45,78,18,Ground,,8,Medium,T3,,,xe,elite_grad,1,elite_grad:0,NEED_CODE_CHECK,NEED_CODE_CHECK,,CHUA_AP:prompt_xuat_luot5,120,,rocket,Wikipedia 'BM-21 Grad': 40 rockets in 20 s,,giong,,,,,,,,,,,,,,,,,,,,,,,,,,,,,,,,,3,,,,,,11,0.5,122,,,,,4,15,,5,2.2,Small,8,57,HighExplosive,,,,rocket,,,,,,,,,,,Medium,,,,,,,,,18,,,,2,,,,,,Rocket,,,,,,,,78,BM-21 Grad 122 mm (cluster),13.67,,,,,,122,,8,,,,,,bm_21_grad_122_mm_2,rkt_grad_122,cluster,Assets/MachineBrigade/Resources/Data/balance.json: weapons[103],"{""id"":""grad_cluster"",""weaponFamilyId"":""rkt_grad_122"",""weaponVariantId"":""cluster"",""weaponFamily"":""bm_21_grad_122_mm_2"",""real"":""BM-21 Grad 122 mm (cluster)"",""family"":""rocket"",""size"":122,""caliberMm"":122,""pen"":2,""reload"":13.67,""damageType"":""HighExplosive"",""damage"":57,""cooldown"":8,""range"":78,""minRange"":18,""spread"":8,""impactTier"":""Medium"",""projectile"":""Rocket"",""burst"":11,""burstInterval"":0.5,""ammo"":3,""cluster"":{""count"":4,""radius"":5,""damage"":15,""splash"":2.2,""tier"":""Small""}}"
grad_rockets,BM-21 Grad 122 mm,rkt_grad_122,,bm_21_grad_122_mm,rocket,122,,,,HighExplosive,2,Rocket,1,RIPPLE,9,0.5,11.31,0,0.0,3,16.6,57,4.5,0.0,45,55,18,Ground,,7,Medium,T3,,,,,0,,NEED_CODE_CHECK,NEED_CODE_CHECK,,CHUA_AP:prompt_xuat_luot5,120,,rocket,Wikipedia 'BM-21 Grad': 40 rockets in 20 s,,giong,,,,,,,,,,,,,,,,,,,,,,,,,,,,,,,,,3,,,,,,9,0.5,122,,,,,,,,,,,11.31,57,HighExplosive,,,,rocket,,,,,,,,,,,Medium,,,,,,,,,18,,,,2,,,,,,Rocket,,,,,,,,55,BM-21 Grad 122 mm,16.6,,,,,,122,,7,,,,,,bm_21_grad_122_mm,rkt_grad_122,,Assets/MachineBrigade/Resources/Data/balance.json: weapons[34],"{""id"":""grad_rockets"",""weaponFamilyId"":""rkt_grad_122"",""weaponFamily"":""bm_21_grad_122_mm"",""real"":""BM-21 Grad 122 mm"",""family"":""rocket"",""size"":122,""caliberMm"":122,""pen"":2,""damageType"":""HighExplosive"",""damage"":57,""cooldown"":11.31,""range"":55,""minRange"":18,""spread"":7,""impactTier"":""Medium"",""projectile"":""Rocket"",""burst"":9,""burstInterval"":0.5,""ammo"":3,""reload"":16.6}"
griffin,AGM-176 Griffin,atgm_agm_176_griffin,,,atgm,,5.9,,,ShapedCharge,3,Missile,1,RIPPLE,1,0.1,4.286,0,0.0,0,0.0,180,0.0,0.0,22,50,0.0,Ground,,0.0,Medium,T2,,,boss,sky_fortress,1,sky_fortress:3,NEED_CODE_CHECK,NEED_CODE_CHECK,,CHUA_AP:prompt_xuat_luot5,60,10,atgm,"air-launched: ripples ~1 s apart, est. 6 s an aimed shot",,giong,,,,,,,,,,,,,,,,,,,,,,,,,,,,,,,,,,,,,,,,,,,,,,,,,,,,4.286,180,ShapedCharge,,,,atgm,,,,,,,,,,,Medium,,,,,,10,,,,,,,3,,,TRUE,,,Missile,griffin,,22,,,,,50,AGM-176 Griffin,,,,,,,15,,,,,,,5.9,,atgm_agm_176_griffin,,Assets/MachineBrigade/Resources/Data/balance.json: weapons[71],"{""id"":""griffin"",""weaponFamilyId"":""atgm_agm_176_griffin"",""load"":10,""real"":""AGM-176 Griffin"",""family"":""atgm"",""size"":15,""warheadKg"":5.9,""pen"":3,""piercing"":true,""projectileModel"":""griffin"",""damageType"":""ShapedCharge"",""damage"":180,""cooldown"":4.286,""range"":50,""projectileSpeed"":22,""impactTier"":""Medium"",""projectile"":""Missile""}"
gsh30k,GSh-30K 30 mm,cal_30,,,autocannon,30,,,,Kinetic,2,Bullet,1,RIPPLE,1,0.1,0.1429,37,1.1429,0,0.0,23,0.0,0.0,300,28,0.0,Ground,,1.6,Small,T1,,gsh30k_flak,xe,gunship_heli,1,gunship_heli:1,NEED_CODE_CHECK,NEED_CODE_CHECK,,CHUA_AP:prompt_xuat_luot5,2600,,ac,"Wikipedia 'GSh-30-2' (GSh-30K): 2,000-2,600 rpm",,giong,,,,,,,,,,,,,,,,,,,,,,,,,,,,,,,,,,,,,,,,,30,,,37,1.1429,,,,,,,0.1429,23,Kinetic,,,,autocannon,,,,,,,,,,,Small,,,,,,,,,,,,,2,,,TRUE,,,Bullet,,,300,,,,,28,GSh-30K 30 mm,,,,,41,,30,,1.6,,,,,,,cal_30,,Assets/MachineBrigade/Resources/Data/balance.json: weapons[74],"{""id"":""gsh30k"",""weaponFamilyId"":""cal_30"",""real"":""GSh-30K 30 mm"",""family"":""autocannon"",""size"":30,""caliberMm"":30,""pen"":2,""piercing"":true,""damageType"":""Kinetic"",""damage"":23,""cooldown"":0.1429,""range"":28,""projectileSpeed"":300,""spread"":1.6,""impactTier"":""Small"",""projectile"":""Bullet"",""clip"":37,""clipReload"":1.1429,""roundWeight"":41}"
gsh30k_flak,GSh-30K 30 mm air-burst,cal_30,flak,,autocannon,30,,,,Fragmentation,2,Bullet,1,RIPPLE,1,0.1,0.1429,37,1.1429,0,0.0,23,2.5,0.0,300,28,0.0,Air,,1.6,Small,T1,gsh30k,,,,0,,NEED_CODE_CHECK,NEED_CODE_CHECK,,CHUA_AP:prompt_xuat_luot5,2600,,ac,"Wikipedia 'GSh-30-2' (GSh-30K): 2,000-2,600 rpm",,giong,,,,,,,,,,,,,,,,,,,,,,,,,,,,,,,,,,,,,,,,,,,,,,,,,,,,,23,Fragmentation,,,,,,,air,Airburst,,,,,,,,gsh30k,,,,,,,,,,,,2,,,FALSE,,,,,,,,,,,,GSh-30K 30 mm air-burst,,flak,,gsh30k,,,,2.5,,,Air,,,,,,flak,Assets/MachineBrigade/Resources/Data/balance.json: secondRounds.rounds[20],"{""id"":""gsh30k_flak"",""roundOf"":""gsh30k"",""inherits"":""gsh30k"",""weaponVariantId"":""flak"",""weaponFamily"":"""",""round"":""flak"",""for"":[""air""],""real"":""GSh-30K 30 mm air-burst"",""damageType"":""Fragmentation"",""pen"":2,""damage"":23,""splash"":2.5,""form"":""Airburst"",""piercing"":false,""targets"":""Air""}"
gsh_23v,GSh-23V 23 mm,cal_23,,,autocannon,23,,,,Kinetic,2,Bullet,1,RIPPLE,1,0.1,0.0182,44,5.6,0,0.0,14,0.0,0.0,240,26,0.0,All,,1.3,Small,T1,,,,,0,,NEED_CODE_CHECK,NEED_CODE_CHECK,,CHUA_AP:prompt_xuat_luot5,3400,,ac,"Wikipedia 'Gryazev-Shipunov GSh-23': 3,000-3,400 rpm (GSh-23V)",,giong,,,,,,,,,,,,,,,,,,,,,,,,,,,,,,,,,,,,,,,,,23,,,44,5.6,,,,,,,0.0182,14,Kinetic,,,,autocannon,,,,,,,,,,,Small,,,,,,,,,,,,,2,,,,,,Bullet,,,240,,,,,26,GSh-23V 23 mm,,,,,,,23,,1.3,,All,,,,,cal_23,,Assets/MachineBrigade/Resources/Data/balance.json: weapons[75],"{""id"":""gsh_23v"",""weaponFamilyId"":""cal_23"",""real"":""GSh-23V 23 mm"",""family"":""autocannon"",""size"":23,""caliberMm"":23,""pen"":2,""damageType"":""Kinetic"",""damage"":14,""cooldown"":0.0182,""range"":26,""projectileSpeed"":240,""spread"":1.3,""impactTier"":""Small"",""projectile"":""Bullet"",""targets"":""All"",""clip"":44,""clipReload"":5.6}"
guided_bomb,GBU-39 SDB (110 kg),bomb_gbu_39_sdb,,,bomb,,110,,,HighExplosive,3,Bomb,1,RIPPLE,1,0.1,6.651,0,0.0,0,0.0,210,4,0.0,40,30,0.0,Ground,,1,Large,T2,,,boss;xe,morrigan;stealth_fighter;strike_drone,3,morrigan:2;stealth_fighter:1;strike_drone:1,NEED_CODE_CHECK,NEED_CODE_CHECK,,CHUA_AP:prompt_xuat_luot5,600,,bomb,"a stick's release, 0.1 s and up (est.)",,giong,,,,,,,,,,,,,,,,,,,,,,,,,,,,,,,,,,,,,,,,,,,,,,,,,,,,6.651,210,HighExplosive,,,,bomb,,,,GuidedBomb,,,,,,,Large,,,,,,2,,,,,,,3,,,,,,Bomb,gbu39,0.4091,40,,,,,30,GBU-39 SDB (110 kg),,,0.9,,297,,110,4,1,,,,,110,,bomb_gbu_39_sdb,,Assets/MachineBrigade/Resources/Data/balance.json: weapons[229],"{""id"":""guided_bomb"",""weaponFamilyId"":""bomb_gbu_39_sdb"",""load"":2,""real"":""GBU-39 SDB (110 kg)"",""family"":""bomb"",""size"":110,""warheadKg"":110,""pen"":3,""form"":""GuidedBomb"",""projectileModel"":""gbu39"",""projectileScale"":0.4091,""roundLength"":0.9,""damageType"":""HighExplosive"",""damage"":210,""cooldown"":6.651,""range"":30,""projectileSpeed"":40,""splash"":4,""spread"":1,""impactTier"":""Large"",""projectile"":""Bomb"",""roundWeight"":297}"
gun_57_air,AU-220 57 mm (air burst),cal_57,flak,,autocannon,57,,,,Fragmentation,2,Bullet,1,RIPPLE,1,0.1,0.5,6,2.4,0,0.0,70,3,0.0,260,40,0.0,Air,,1.2,Medium,T2,,,,,0,,NEED_CODE_CHECK,NEED_CODE_CHECK,,CHUA_AP:prompt_xuat_luot5,120,80,ac,Wikipedia 'AU-220M': 80-120 rpm,,giong,,,,,,,,,,,,,,,,,,,,,,,,,,,,,,,,,,,,,,,,,57,,,6,2.4,,,,,,,0.5,70,Fragmentation,,,,autocannon,,,,,,,,,,,Medium,,,,,,,,,,,,,2,,,,,,Bullet,,,260,,,,,40,AU-220 57 mm (air burst),,,,,70,,57,3,1.2,,Air,,,,,cal_57,flak,Assets/MachineBrigade/Resources/Data/balance.json: weapons[122],"{""id"":""gun_57_air"",""weaponFamilyId"":""cal_57"",""weaponVariantId"":""flak"",""real"":""AU-220 57 mm (air burst)"",""family"":""autocannon"",""size"":57,""caliberMm"":57,""pen"":2,""damageType"":""Fragmentation"",""damage"":70,""cooldown"":0.5,""clip"":6,""clipReload"":2.4,""range"":40,""projectileSpeed"":260,""splash"":3,""spread"":1.2,""impactTier"":""Medium"",""projectile"":""Bullet"",""targets"":""Air"",""roundWeight"":70}"
gun_57_auto,AU-220 57 mm (tower),cal_57,ap,,autocannon,57,,,,Kinetic,2,Bullet,1,RIPPLE,1,0.1,0.5,6,2.9,0,0.0,70,1.5,0.0,260,40,0.0,Ground,,0.9,Medium,T2,,,thap,gun_turret.auto,1,gun_turret.auto:0,NEED_CODE_CHECK,NEED_CODE_CHECK,,CHUA_AP:prompt_xuat_luot5,120,80,ac,Wikipedia 'AU-220M': 80-120 rpm,,doi,,,,,,,,,,,,,,,,,,,,,,,,,,,,,,,All,Ground,,,,,,,,,57,,,6,2.9,,,,,,,0.5,70,Kinetic,,,,autocannon,,,,,,,,,,,Medium,,,,,,,,,,,,,2,,,,,Light,Bullet,,,260,,,,,40,AU-220 57 mm (tower),,,,,70,,57,1.5,0.9,,Ground,,,,,cal_57,ap,Assets/MachineBrigade/Resources/Data/balance.json: weapons[121],"{""id"":""gun_57_auto"",""weaponFamilyId"":""cal_57"",""weaponVariantId"":""ap"",""prey"":""Light"",""real"":""AU-220 57 mm (tower)"",""family"":""autocannon"",""size"":57,""caliberMm"":57,""pen"":2,""damageType"":""Kinetic"",""damage"":70,""cooldown"":0.5,""clip"":6,""clipReload"":2.9,""range"":40,""projectileSpeed"":260,""splash"":1.5,""spread"":0.9,""impactTier"":""Medium"",""projectile"":""Bullet"",""targets"":""Ground"",""roundWeight"":70}"
gun_57mm,S-60 57 mm (2A91),cal_57,ap,,tank_gun,57,,,,Kinetic,2,Shell,1,RIPPLE,2,0.5,4,0,0.0,0,0.0,77,0.0,0.0,150,28,0.0,Ground,,0.8,Medium,T2,,gun_57mm_he,xe,light_tank,1,light_tank:0,NEED_CODE_CHECK,NEED_CODE_CHECK,,CHUA_AP:prompt_xuat_luot5,120,80,ac,Wikipedia 'AU-220M': 80-120 rpm,,giong,,,,,,,,,,,,,,,,,,,,,,,,,,,,,,,,,,,,,,,2,0.5,57,,,,,,,,,,,4,77,Kinetic,,,,tank_gun,,,,,,,,,,,Medium,,,,,,,,,,,,,2,,,TRUE,,,,,,150,,,,,28,S-60 57 mm (2A91),,,,,79,,57,,0.8,,,,,,,cal_57,ap,Assets/MachineBrigade/Resources/Data/balance.json: weapons[10],"{""id"":""gun_57mm"",""weaponFamilyId"":""cal_57"",""weaponVariantId"":""ap"",""burstInterval"":0.5,""burst"":2,""real"":""S-60 57 mm (2A91)"",""family"":""tank_gun"",""size"":57,""caliberMm"":57,""pen"":2,""piercing"":true,""damageType"":""Kinetic"",""damage"":77,""cooldown"":4,""range"":28,""projectileSpeed"":150,""spread"":0.8,""impactTier"":""Medium"",""roundWeight"":79}"
gun_57mm_2s38,2A87 57 mm (2S38 Derivatsiya-PVO),cal_57,flak,,autocannon,57,,,,Fragmentation,2,Bullet,1,RIPPLE,1,0.1,0.5,0,0.0,0,0.0,70,3,0.0,220,52,0.0,All,,1.2,Small,T2,,,xe,aa_57mm_vehicle,1,aa_57mm_vehicle:0,NEED_CODE_CHECK,NEED_CODE_CHECK,,CHUA_AP:prompt_xuat_luot5,120,80,ac,Wikipedia 'AU-220M': 80-120 rpm,,giong,,,,,,,,,,,,,,,,,,,,,,,,,,,,,,,,,,,,,,,,,57,,,,,,,,,,,0.5,70,Fragmentation,,,,autocannon,,,,,,,,,,,Small,,,,,,,,,,,,,2,,,,,,Bullet,,,220,,,,,52,2A87 57 mm (2S38 Derivatsiya-PVO),,,,,,,57,3,1.2,,All,,,,,cal_57,flak,Assets/MachineBrigade/Resources/Data/balance.json: weapons[283],"{""id"":""gun_57mm_2s38"",""weaponFamilyId"":""cal_57"",""weaponVariantId"":""flak"",""real"":""2A87 57 mm (2S38 Derivatsiya-PVO)"",""family"":""autocannon"",""size"":57,""caliberMm"":57,""pen"":2,""damageType"":""Fragmentation"",""damage"":70,""cooldown"":0.5,""range"":52,""projectileSpeed"":220,""spread"":1.2,""impactTier"":""Small"",""projectile"":""Bullet"",""targets"":""All"",""splash"":3}"
gun_57mm_he,S-60 57 mm HE (2A91),cal_57,,,tank_gun,57,,,,HighExplosive,2,Shell,1,RIPPLE,2,0.5,4,0,0.0,0,0.0,77,3,0.0,150,28,0.0,Ground,,0.8,Large,T2,gun_57mm,,,,0,,NEED_CODE_CHECK,NEED_CODE_CHECK,,CHUA_AP:prompt_xuat_luot5,120,80,ac,Wikipedia 'AU-220M': 80-120 rpm,,giong,,,,,,,,,,,,,,,,,,,,,,,,,,,,,,,,,,,,,,,,,,,,,,,,,,,,,77,HighExplosive,,,,,,,light;structure,HeShell,,,,,,,Large,gun_57mm,,,,,,,,,,,,2,,,FALSE,,,,,,,,,,,,S-60 57 mm HE (2A91),,he,,gun_57mm,,,,3,,,Ground,,,,,,,Assets/MachineBrigade/Resources/Data/balance.json: secondRounds.rounds[33],"{""id"":""gun_57mm_he"",""roundOf"":""gun_57mm"",""inherits"":""gun_57mm"",""weaponVariantId"":"""",""weaponFamily"":"""",""round"":""he"",""for"":[""light"",""structure""],""real"":""S-60 57 mm HE (2A91)"",""damageType"":""HighExplosive"",""pen"":2,""damage"":77,""splash"":3,""form"":""HeShell"",""piercing"":false,""targets"":""Ground"",""impactTier"":""Large""}"
gun_100_2a70,2A70 100 mm,cal_100_105_he,,,tank_gun,100,,,,HighExplosive,2,Shell,1,RIPPLE,1,0.1,6,0,0.0,0,0.0,200,3,0.0,120,32,0.0,Ground,,0.9,Medium,T2,,,xe,airborne_vehicle,1,airborne_vehicle:0,NEED_CODE_CHECK,NEED_CODE_CHECK,,CHUA_AP:prompt_xuat_luot5,10,8,gun,"Wikipedia '2A70': 10 rpm (100 mm), BMP-3",,giong,,,,,,,,,,,,,,,,,,,,,,,,,,,,,,,,,,,,,,,,,100,,,,,,,,,,,6,200,HighExplosive,,,,tank_gun,,,,,,,,,,,Medium,,,,,,,,,,,,,2,,,,,,,,,120,,,,,32,2A70 100 mm,,,,,,,100,3,0.9,,,,,,,cal_100_105_he,,Assets/MachineBrigade/Resources/Data/balance.json: weapons[274],"{""id"":""gun_100_2a70"",""weaponFamilyId"":""cal_100_105_he"",""real"":""2A70 100 mm"",""family"":""tank_gun"",""size"":100,""caliberMm"":100,""pen"":2,""damageType"":""HighExplosive"",""damage"":200,""cooldown"":6,""range"":32,""projectileSpeed"":120,""splash"":3,""spread"":0.9,""impactTier"":""Medium""}"
gun_100_river,A-190 100 mm (Buyan-class river gunboat),cal_100_105_he,,,naval_gun,100,,,,HighExplosive,2,Shell,1,RIPPLE,1,0.1,3,0,0.0,0,0.0,160,4,0.0,170,70,0.0,Ground,,0.0,Large,T2,,,xe,river_gunboat,1,river_gunboat:0,NEED_CODE_CHECK,NEED_CODE_CHECK,,CHUA_AP:prompt_xuat_luot5,80,40,gun,Wikipedia 'A-190': 80 rpm,,doi,,,,,,,,,,,,,,,,,,,,,,,,,,,,,,,All,Ground,,,,,,,,,100,,,,,,,,,,,3,160,HighExplosive,,,,naval_gun,,,,,,,,,,,Large,,,,,,,,,,,,,2,,,,,,Shell,,,170,,,,,70,A-190 100 mm (Buyan-class river gunboat),,,,,,,100,4,,,Ground,,,,,cal_100_105_he,,Assets/MachineBrigade/Resources/Data/balance.json: weapons[285],"{""id"":""gun_100_river"",""weaponFamilyId"":""cal_100_105_he"",""real"":""A-190 100 mm (Buyan-class river gunboat)"",""family"":""naval_gun"",""size"":100,""caliberMm"":100,""pen"":2,""damageType"":""HighExplosive"",""damage"":160,""cooldown"":3,""range"":70,""projectileSpeed"":170,""splash"":4,""impactTier"":""Large"",""projectile"":""Shell"",""targets"":""Ground""}"
gun_105_ags,"105 mm low-recoil (M8 AGS, cancelled)",cal_100_105_ap,,,tank_gun,105,,,,Kinetic,3,Shell,1,RIPPLE,1,0.1,5,0,0.0,0,0.0,212,0.0,0.0,190,32,0.0,All,,1,Medium,T2,,,xe,airborne_light_tank,1,airborne_light_tank:0,NEED_CODE_CHECK,NEED_CODE_CHECK,,CHUA_AP:prompt_xuat_luot5,10,6,gun,Wikipedia 'Royal Ordnance L7': 6-10 rpm,,giong,,,,,,,,,,,,,,,,,,,,,,,,,,,,,,,,,,,,,,,,,105,,,,,,,,,,,5,212,Kinetic,,,,tank_gun,,,,,,,,,,,Medium,,,,,,,,,,,,,3,,,,,,Shell,,,190,,,,,32,"105 mm low-recoil (M8 AGS, cancelled)",,,,,,,105,,1,,All,,,,,cal_100_105_ap,,Assets/MachineBrigade/Resources/Data/balance.json: weapons[288],"{""id"":""gun_105_ags"",""weaponFamilyId"":""cal_100_105_ap"",""real"":""105 mm low-recoil (M8 AGS, cancelled)"",""family"":""tank_gun"",""size"":105,""caliberMm"":105,""pen"":3,""damageType"":""Kinetic"",""damage"":212,""cooldown"":5,""range"":32,""projectileSpeed"":190,""spread"":1,""impactTier"":""Medium"",""projectile"":""Shell"",""targets"":""All""}"
gun_105_apfsds,2A75 125 mm APFSDS,cal_125_ap,,,tank_gun,125,,,,Kinetic,4,Shell,1,RIPPLE,1,0.1,3.908,0,0.0,0,0.0,260,0.0,0.0,260,46,0.0,Ground,,0.3,Medium,T3,,gun_105_apfsds_he,xe,elite_tank_destroyer,1,elite_tank_destroyer:0,NEED_CODE_CHECK,NEED_CODE_CHECK,,CHUA_AP:prompt_xuat_luot5,7,7,gun,Wikipedia '2S25 Sprut-SD': ~7 rpm,,giong,,,,,,,,,,,,,,,,,,,,,,,,,,,,,,,,,,,,,,,,,125,,,,,,,,,,,3.908,260,Kinetic,,,,tank_gun,,,,,,,,,,,Medium,,,,,,,,,,,,,4,,,TRUE,,,,,,260,,,,,46,2A75 125 mm APFSDS,,,,,345,,125,,0.3,,,,,,,cal_125_ap,,Assets/MachineBrigade/Resources/Data/balance.json: weapons[100],"{""id"":""gun_105_apfsds"",""weaponFamilyId"":""cal_125_ap"",""real"":""2A75 125 mm APFSDS"",""family"":""tank_gun"",""size"":125,""caliberMm"":125,""pen"":4,""piercing"":true,""damageType"":""Kinetic"",""damage"":260,""cooldown"":3.908,""range"":46,""projectileSpeed"":260,""spread"":0.3,""impactTier"":""Medium"",""roundWeight"":345}"
gun_105_apfsds_he,2A75 125 mm HE,cal_125_he,,2a75_125_mm_he,tank_gun,125,,,,HighExplosive,2,Shell,1,RIPPLE,1,0.1,3.908,0,0.0,0,0.0,260,3,0.0,260,46,0.0,Ground,,0.3,Large,T3,gun_105_apfsds,,,,0,,NEED_CODE_CHECK,NEED_CODE_CHECK,,CHUA_AP:prompt_xuat_luot5,7,7,gun,Wikipedia '2S25 Sprut-SD': ~7 rpm,,giong,,,,,,,,,,,,,,,,,,,,,,,,,,,,,,,,,,,,,,,,,,,,,,,,,,,,,260,HighExplosive,,,,,,,light;structure,HeShell,,,,,,,Large,gun_105_apfsds,,,,,,,,,,,,2,,,FALSE,,,,,,,,,,,,2A75 125 mm HE,,he,,gun_105_apfsds,,,,3,,,Ground,,,,2a75_125_mm_he,cal_125_he,,Assets/MachineBrigade/Resources/Data/balance.json: secondRounds.rounds[21],"{""id"":""gun_105_apfsds_he"",""roundOf"":""gun_105_apfsds"",""inherits"":""gun_105_apfsds"",""weaponFamilyId"":""cal_125_he"",""weaponFamily"":""2a75_125_mm_he"",""round"":""he"",""for"":[""light"",""structure""],""real"":""2A75 125 mm HE"",""damageType"":""HighExplosive"",""pen"":2,""damage"":260,""splash"":3,""form"":""HeShell"",""piercing"":false,""targets"":""Ground"",""impactTier"":""Large""}"
gun_105_bunker,L7 105 mm,cal_100_105_ap,,l7_105_mm,tank_gun,105,,,,Kinetic,3,Shell,1,RIPPLE,1,0.1,4.536,0,0.0,0,0.0,212,1.5,0.0,190,34,0.0,Ground,,0.6,Medium,T2,,gun_105_bunker_he,xe,bunker_vehicle,1,bunker_vehicle:0,NEED_CODE_CHECK,NEED_CODE_CHECK,,CHUA_AP:prompt_xuat_luot5,10,6,gun,Wikipedia 'Royal Ordnance L7': 6-10 rpm,,giong,,,,,,,,,,,,,,,,,,,,,,,,,,,,,,,,,,,,,,,,,105,,,,,,,,,,,4.536,212,Kinetic,,,,tank_gun,,,,,,,,,,,Medium,,,,,,,,,,,,,3,,,TRUE,,,,,,,,,,,34,L7 105 mm,,,,,,,105,,0.6,,,,,,l7_105_mm,cal_100_105_ap,,Assets/MachineBrigade/Resources/Data/balance.json: weapons[258],"{""id"":""gun_105_bunker"",""weaponFamilyId"":""cal_100_105_ap"",""weaponFamily"":""l7_105_mm"",""real"":""L7 105 mm"",""family"":""tank_gun"",""size"":105,""caliberMm"":105,""pen"":3,""piercing"":true,""damageType"":""Kinetic"",""damage"":212,""cooldown"":4.536,""range"":34,""spread"":0.6,""impactTier"":""Medium""}"
gun_105_bunker_he,L7 105 mm HE,cal_100_105_he,,l7_105_mm_he,tank_gun,105,,,,HighExplosive,2,Shell,1,RIPPLE,1,0.1,4.536,0,0.0,0,0.0,212,3,0.0,190,34,0.0,Ground,,0.6,Large,T2,gun_105_bunker,,,,0,,NEED_CODE_CHECK,NEED_CODE_CHECK,,CHUA_AP:prompt_xuat_luot5,10,6,gun,Wikipedia 'Royal Ordnance L7': 6-10 rpm,,giong,,,,,,,,,,,,,,,,,,,,,,,,,,,,,,,,,,,,,,,,,,,,,,,,,,,,,212,HighExplosive,,,,,,,light;structure,HeShell,,,,,,,Large,gun_105_bunker,,,,,,,,,,,,2,,,FALSE,,,,,,,,,,,,L7 105 mm HE,,he,,gun_105_bunker,,,,3,,,Ground,,,,l7_105_mm_he,cal_100_105_he,,Assets/MachineBrigade/Resources/Data/balance.json: secondRounds.rounds[22],"{""id"":""gun_105_bunker_he"",""roundOf"":""gun_105_bunker"",""inherits"":""gun_105_bunker"",""weaponFamilyId"":""cal_100_105_he"",""weaponFamily"":""l7_105_mm_he"",""round"":""he"",""for"":[""light"",""structure""],""real"":""L7 105 mm HE"",""damageType"":""HighExplosive"",""pen"":2,""damage"":212,""splash"":3,""form"":""HeShell"",""piercing"":false,""targets"":""Ground"",""impactTier"":""Large""}"
gun_105_long,2A75 125 mm (2S25 Sprut),cal_125_ap,,,tank_gun,125,,,,Kinetic,4,Shell,1,RIPPLE,1,0.1,3.3333,0,0.0,0,0.0,260,0.0,0.0,220,46,0.0,Ground,,0.4,Medium,T3,,gun_105_long_he,xe,tank_destroyer,1,tank_destroyer:0,NEED_CODE_CHECK,NEED_CODE_CHECK,,CHUA_AP:prompt_xuat_luot5,7,7,gun,Wikipedia '2S25 Sprut-SD': ~7 rpm,,giong,,,,,,,,,,,,,,,,,,,,,,,,,,,,,,,,,,,,,,,,,125,,,,,,,,,,,3.3333,260,Kinetic,,,,tank_gun,,,,,,,,,,,Medium,,,,,,,,,,,,,4,,,TRUE,,,,,,220,,,,,46,2A75 125 mm (2S25 Sprut),,,,,357,,125,,0.4,,,,,,,cal_125_ap,,Assets/MachineBrigade/Resources/Data/balance.json: weapons[28],"{""id"":""gun_105_long"",""weaponFamilyId"":""cal_125_ap"",""real"":""2A75 125 mm (2S25 Sprut)"",""family"":""tank_gun"",""size"":125,""caliberMm"":125,""pen"":4,""piercing"":true,""damageType"":""Kinetic"",""damage"":260,""cooldown"":3.3333,""range"":46,""projectileSpeed"":220,""spread"":0.4,""impactTier"":""Medium"",""roundWeight"":357}"
gun_105_long_he,2A75 125 mm HE (2S25 Sprut),cal_125_he,,2a75_125_mm_he,tank_gun,125,,,,HighExplosive,2,Shell,1,RIPPLE,1,0.1,3.3333,0,0.0,0,0.0,260,3,0.0,260,46,0.0,Ground,,0.4,Large,T3,gun_105_long,,,,0,,NEED_CODE_CHECK,NEED_CODE_CHECK,,CHUA_AP:prompt_xuat_luot5,7,7,gun,Wikipedia '2S25 Sprut-SD': ~7 rpm,,giong,,,,,,,,,,,,,,,,,,,,,,,,,,,,,,,,,,,,,,,,,,,,,,,,,,,,,260,HighExplosive,,,,,,,light;structure,HeShell,,,,,,,Large,gun_105_long,,,,,,,,,,,,2,,,FALSE,,,,,,,,,,,,2A75 125 mm HE (2S25 Sprut),,he,,gun_105_long,,,,3,,,Ground,,,,2a75_125_mm_he,cal_125_he,,Assets/MachineBrigade/Resources/Data/balance.json: secondRounds.rounds[23],"{""id"":""gun_105_long_he"",""roundOf"":""gun_105_long"",""inherits"":""gun_105_long"",""weaponFamilyId"":""cal_125_he"",""weaponFamily"":""2a75_125_mm_he"",""round"":""he"",""for"":[""light"",""structure""],""real"":""2A75 125 mm HE (2S25 Sprut)"",""damageType"":""HighExplosive"",""pen"":2,""damage"":260,""splash"":3,""form"":""HeShell"",""piercing"":false,""targets"":""Ground"",""impactTier"":""Large""}"
gun_105_twin,L7 105 mm (twin),cal_100_105_ap,,l7_105_mm,tank_gun,105,,,,Kinetic,3,Shell,1,RIPPLE,2,0.05,5.69,0,0.0,0,0.0,212,1.5,0.0,190,34,0.0,Ground,,0.6,Medium,T2,,,,,0,,NEED_CODE_CHECK,NEED_CODE_CHECK,,CHUA_AP:prompt_xuat_luot5,10,6,gun,Wikipedia 'Royal Ordnance L7': 6-10 rpm,,giong,,,,,,,,,,,,,,,,,,,,,,,,,,,,,,,,,,,,,,,2,0.05,105,,,,,,,,,,,5.69,212,Kinetic,,,,tank_gun,,,,,,,,,,,Medium,,,,,,,,,,,,,3,,,TRUE,,,,,,,,,,,34,L7 105 mm (twin),,,,,,,105,,0.6,,,,,,l7_105_mm,cal_100_105_ap,,Assets/MachineBrigade/Resources/Data/balance.json: weapons[55],"{""id"":""gun_105_twin"",""weaponFamilyId"":""cal_100_105_ap"",""weaponFamily"":""l7_105_mm"",""real"":""L7 105 mm (twin)"",""family"":""tank_gun"",""size"":105,""caliberMm"":105,""pen"":3,""piercing"":true,""damageType"":""Kinetic"",""damage"":212,""cooldown"":5.69,""range"":34,""spread"":0.6,""impactTier"":""Medium"",""burst"":2,""burstInterval"":0.05}"
gun_105_wheeled,Centauro II 120 mm,cal_120_ap,,,tank_gun,120,,,,Kinetic,4,Shell,1,RIPPLE,1,0.1,3.7037,0,0.0,0,0.0,258,0.0,0.0,230,38,0.0,Ground,,0.4,Medium,T3,,gun_105_wheeled_he,xe,wheeled_gun,1,wheeled_gun:0,NEED_CODE_CHECK,NEED_CODE_CHECK,,CHUA_AP:prompt_xuat_luot5,8,6,gun,"Centauro II 120 mm, manual: 6-8 rpm (the sheet)",,giong,,,,,,,,,,,,,,,,,,,,,,,,,,,,,,,,,,,,,,,,,120,,,,,,,,,,,3.7037,258,Kinetic,,,,tank_gun,,,,,,,,,,,Medium,,,,,,,,,,,,,4,,,TRUE,,,,,,230,,,,,38,Centauro II 120 mm,,,,,300,,120,,0.4,,,,,,,cal_120_ap,,Assets/MachineBrigade/Resources/Data/balance.json: weapons[107],"{""id"":""gun_105_wheeled"",""weaponFamilyId"":""cal_120_ap"",""real"":""Centauro II 120 mm"",""family"":""tank_gun"",""size"":120,""caliberMm"":120,""pen"":4,""piercing"":true,""roundWeight"":300,""damageType"":""Kinetic"",""damage"":258,""cooldown"":3.7037,""range"":38,""projectileSpeed"":230,""spread"":0.4,""impactTier"":""Medium"",""bonuses"":[{""flank"":true,""mult"":1.25}]}"
gun_105_wheeled_he,Centauro II 120 mm HE,cal_120_he,,,tank_gun,120,,,,HighExplosive,2,Shell,1,RIPPLE,1,0.1,3.7037,0,0.0,0,0.0,258,3,0.0,230,38,0.0,Ground,,0.4,Large,T3,gun_105_wheeled,,,,0,,NEED_CODE_CHECK,NEED_CODE_CHECK,,CHUA_AP:prompt_xuat_luot5,8,6,gun,"Centauro II 120 mm, manual: 6-8 rpm (the sheet)",,giong,,,,,,,,,,,,,,,,,,,,,,,,,,,,,,,,,,,,,,,,,,,,,,,,,,,,,258,HighExplosive,,,,,,,light;structure,HeShell,,,,,,,Large,gun_105_wheeled,,,,,,,,,,,,2,,,FALSE,,,,,,,,,,,,Centauro II 120 mm HE,,he,,gun_105_wheeled,,,,3,,,Ground,,,,,cal_120_he,,Assets/MachineBrigade/Resources/Data/balance.json: secondRounds.rounds[24],"{""id"":""gun_105_wheeled_he"",""roundOf"":""gun_105_wheeled"",""inherits"":""gun_105_wheeled"",""weaponFamilyId"":""cal_120_he"",""weaponFamily"":"""",""round"":""he"",""for"":[""light"",""structure""],""real"":""Centauro II 120 mm HE"",""damageType"":""HighExplosive"",""pen"":2,""damage"":258,""splash"":3,""form"":""HeShell"",""piercing"":false,""targets"":""Ground"",""impactTier"":""Large"",""bonuses"":[]}"
gun_120_twin,Rh-120 L/44 120 mm (twin),cal_120_ap,,rh_120_l_44_120_mm,tank_gun,120,,,,Kinetic,4,Shell,1,RIPPLE,2,0.05,5.113,0,0.0,0,0.0,240,1.5,0.0,170,34,0.0,Ground,,0.5,Medium,T3,,gun_120_twin_he,xe,twin_tank,1,twin_tank:0,NEED_CODE_CHECK,NEED_CODE_CHECK,,CHUA_AP:prompt_xuat_luot5,8,6,gun,the sheet's 'Ngoài đời': Rh-120 6-8 rpm with a loader (Wikipedia 'Rheinmetall 120 mm gun'),,giong,,,,,,,,,,,,,,,,,,,,,,,,,,,,,,,,,,,,,,,2,0.05,120,,,,,,,,,,,5.113,240,Kinetic,,,,tank_gun,,,,,,,,,,,Medium,,,,,,,,,,,,,4,,,TRUE,,,,,,,,,,,34,Rh-120 L/44 120 mm (twin),,,,,,,120,,0.5,,,,,,rh_120_l_44_120_mm,cal_120_ap,,Assets/MachineBrigade/Resources/Data/balance.json: weapons[260],"{""id"":""gun_120_twin"",""weaponFamilyId"":""cal_120_ap"",""weaponFamily"":""rh_120_l_44_120_mm"",""real"":""Rh-120 L/44 120 mm (twin)"",""family"":""tank_gun"",""size"":120,""caliberMm"":120,""pen"":4,""piercing"":true,""damageType"":""Kinetic"",""damage"":240,""cooldown"":5.113,""range"":34,""spread"":0.5,""impactTier"":""Medium"",""burst"":2,""burstInterval"":0.05}"
gun_120_twin_he,Rh-120 L/44 120 mm HE (twin),cal_120_he,,rh_120_l_44_120_mm_he,tank_gun,120,,,,HighExplosive,2,Shell,1,RIPPLE,2,0.05,5.113,0,0.0,0,0.0,240,3,0.0,170,34,0.0,Ground,,0.5,Large,T3,gun_120_twin,,,,0,,NEED_CODE_CHECK,NEED_CODE_CHECK,,CHUA_AP:prompt_xuat_luot5,8,6,gun,the sheet's 'Ngoài đời': Rh-120 6-8 rpm with a loader (Wikipedia 'Rheinmetall 120 mm gun'),,giong,,,,,,,,,,,,,,,,,,,,,,,,,,,,,,,,,,,,,,,,,,,,,,,,,,,,,240,HighExplosive,,,,,,,light;structure,HeShell,,,,,,,Large,gun_120_twin,,,,,,,,,,,,2,,,FALSE,,,,,,,,,,,,Rh-120 L/44 120 mm HE (twin),,he,,gun_120_twin,,,,3,,,Ground,,,,rh_120_l_44_120_mm_he,cal_120_he,,Assets/MachineBrigade/Resources/Data/balance.json: secondRounds.rounds[25],"{""id"":""gun_120_twin_he"",""roundOf"":""gun_120_twin"",""inherits"":""gun_120_twin"",""weaponFamilyId"":""cal_120_he"",""weaponFamily"":""rh_120_l_44_120_mm_he"",""round"":""he"",""for"":[""light"",""structure""],""real"":""Rh-120 L/44 120 mm HE (twin)"",""damageType"":""HighExplosive"",""pen"":2,""damage"":240,""splash"":3,""form"":""HeShell"",""piercing"":false,""targets"":""Ground"",""impactTier"":""Large""}"
gun_120mm,Rh-120 L/44 120 mm,cal_120_ap,,rh_120_l_44_120_mm,tank_gun,120,,,,Kinetic,4,Shell,1,RIPPLE,1,0.1,5.098,0,0.0,0,0.0,240,1.5,0.0,170,32,0.0,Ground,,0.6,Medium,T3,,gun_120mm_he,boss_part;xe,main_battle_tank;mara_behemoth;side_gun_120;turret_120;turtle_tank,5,main_battle_tank:0;mara_behemoth:1;side_gun_120:part;turret_120:part;turtle_tank:0,NEED_CODE_CHECK,NEED_CODE_CHECK,,CHUA_AP:prompt_xuat_luot5,8,6,gun,the sheet's 'Ngoài đời': Rh-120 6-8 rpm with a loader (Wikipedia 'Rheinmetall 120 mm gun'),,giong,,,,,,,,,,,,,,,,,,,,,,,,,,,,,,,,,,,,,,,,,120,,,,,,,,,,,5.098,240,Kinetic,,,,tank_gun,,,,,,,,,,,Medium,,,,,,,,,,,,,4,,,TRUE,,,,,,,,,,,32,Rh-120 L/44 120 mm,,,,,,,120,,0.6,,,,,,rh_120_l_44_120_mm,cal_120_ap,,Assets/MachineBrigade/Resources/Data/balance.json: weapons[11],"{""id"":""gun_120mm"",""weaponFamilyId"":""cal_120_ap"",""weaponFamily"":""rh_120_l_44_120_mm"",""real"":""Rh-120 L/44 120 mm"",""family"":""tank_gun"",""size"":120,""caliberMm"":120,""pen"":4,""piercing"":true,""damageType"":""Kinetic"",""damage"":240,""cooldown"":5.098,""range"":32,""spread"":0.6,""impactTier"":""Medium""}"
gun_120mm_he,Rh-120 L/44 120 mm HE,cal_120_he,,rh_120_l_44_120_mm_he,tank_gun,120,,,,HighExplosive,2,Shell,1,RIPPLE,1,0.1,5.098,0,0.0,0,0.0,240,3,0.0,170,32,0.0,Ground,,0.6,Large,T3,gun_120mm,,,,0,,NEED_CODE_CHECK,NEED_CODE_CHECK,,CHUA_AP:prompt_xuat_luot5,8,6,gun,the sheet's 'Ngoài đời': Rh-120 6-8 rpm with a loader (Wikipedia 'Rheinmetall 120 mm gun'),,giong,,,,,,,,,,,,,,,,,,,,,,,,,,,,,,,,,,,,,,,,,,,,,,,,,,,,,240,HighExplosive,,,,,,,light;structure,HeShell,,,,,,,Large,gun_120mm,,,,,,,,,,,,2,,,FALSE,,,,,,,,,,,,Rh-120 L/44 120 mm HE,,he,,gun_120mm,,,,3,,,Ground,,,,rh_120_l_44_120_mm_he,cal_120_he,,Assets/MachineBrigade/Resources/Data/balance.json: secondRounds.rounds[26],"{""id"":""gun_120mm_he"",""roundOf"":""gun_120mm"",""inherits"":""gun_120mm"",""weaponFamilyId"":""cal_120_he"",""weaponFamily"":""rh_120_l_44_120_mm_he"",""round"":""he"",""for"":[""light"",""structure""],""real"":""Rh-120 L/44 120 mm HE"",""damageType"":""HighExplosive"",""pen"":2,""damage"":240,""splash"":3,""form"":""HeShell"",""piercing"":false,""targets"":""Ground"",""impactTier"":""Large""}"
gun_125_armata_ke,125 mm smoothbore (T-14 Armata),cal_125_ap,,,tank_gun,125,,,,Kinetic,4,Shell,1,RIPPLE,1,0.1,5,0,0.0,0,0.0,260,0.0,0.0,210,34,0.0,All,,0.8,Large,T3,,,xe,next_gen_tank;towed_at_gun,2,next_gen_tank:0;towed_at_gun:0,NEED_CODE_CHECK,NEED_CODE_CHECK,,CHUA_AP:prompt_xuat_luot5,8,7,gun,Wikipedia '2A46': 7-8 rpm with the autoloader,,giong,,,,,,,,,,,,,,,,,,,,,,,,,,,,,,,,,,,,,,,,,125,,,,,,,,,,,5,260,Kinetic,,,,tank_gun,,,,,,,,,,,Large,,,,,,,,,,,,,4,,,,,,Shell,,,210,,,,,34,125 mm smoothbore (T-14 Armata),,,,,,,125,,0.8,,All,,,,,cal_125_ap,,Assets/MachineBrigade/Resources/Data/balance.json: weapons[284],"{""id"":""gun_125_armata_ke"",""weaponFamilyId"":""cal_125_ap"",""real"":""125 mm smoothbore (T-14 Armata)"",""family"":""tank_gun"",""size"":125,""caliberMm"":125,""pen"":4,""damageType"":""Kinetic"",""damage"":260,""cooldown"":5,""range"":34,""projectileSpeed"":210,""spread"":0.8,""impactTier"":""Large"",""projectile"":""Shell"",""targets"":""All""}"
gun_125_elite,2A46M-5 125 mm,cal_125_ap,,,tank_gun,125,,,,Kinetic,4,Shell,1,RIPPLE,1,0.1,5.66,0,0.0,0,0.0,260,1.5,0.0,190,34,0.0,Ground,,0.5,Large,T3,,gun_125_elite_he,xe,elite_mbt,1,elite_mbt:0,NEED_CODE_CHECK,NEED_CODE_CHECK,,CHUA_AP:prompt_xuat_luot5,8,7,gun,Wikipedia '2A46': 7-8 rpm with the autoloader,,giong,,,,,,,,,,,,,,,,,,,,,,,,,,,,,,,,,,,,,,,,,125,,,,,,,,,,,5.66,260,Kinetic,,,,tank_gun,,,,,,,,,,,Large,,,,,,,,,,,,,4,,,TRUE,,,,,,190,,,,,34,2A46M-5 125 mm,,,,,,,125,1.5,0.5,,,,,,,cal_125_ap,,Assets/MachineBrigade/Resources/Data/balance.json: weapons[104],"{""id"":""gun_125_elite"",""weaponFamilyId"":""cal_125_ap"",""real"":""2A46M-5 125 mm"",""family"":""tank_gun"",""size"":125,""caliberMm"":125,""pen"":4,""piercing"":true,""damageType"":""Kinetic"",""damage"":260,""cooldown"":5.66,""range"":34,""projectileSpeed"":190,""splash"":1.5,""spread"":0.5,""impactTier"":""Large""}"
gun_125_elite_he,2A46M-5 125 mm HE,cal_125_he,,,tank_gun,125,,,,HighExplosive,2,Shell,1,RIPPLE,1,0.1,5.66,0,0.0,0,0.0,260,3,0.0,190,34,0.0,Ground,,0.5,Huge,T3,gun_125_elite,,,,0,,NEED_CODE_CHECK,NEED_CODE_CHECK,,CHUA_AP:prompt_xuat_luot5,8,7,gun,Wikipedia '2A46': 7-8 rpm with the autoloader,,giong,,,,,,,,,,,,,,,,,,,,,,,,,,,,,,,,,,,,,,,,,,,,,,,,,,,,,260,HighExplosive,,,,,,,light;structure,HeShell,,,,,,,Huge,gun_125_elite,,,,,,,,,,,,2,,,FALSE,,,,,,,,,,,,2A46M-5 125 mm HE,,he,,gun_125_elite,,,,3,,,Ground,,,,,cal_125_he,,Assets/MachineBrigade/Resources/Data/balance.json: secondRounds.rounds[27],"{""id"":""gun_125_elite_he"",""roundOf"":""gun_125_elite"",""inherits"":""gun_125_elite"",""weaponFamilyId"":""cal_125_he"",""weaponFamily"":"""",""round"":""he"",""for"":[""light"",""structure""],""real"":""2A46M-5 125 mm HE"",""damageType"":""HighExplosive"",""pen"":2,""damage"":260,""splash"":3,""form"":""HeShell"",""piercing"":false,""targets"":""Ground"",""impactTier"":""Huge""}"
gun_140_twin,NPzK 140 mm (twin),cal_140,,,tank_gun,140,,,,Kinetic,4,Shell,2,SIMULTANEOUS,1,0.05,4.537,0,0.0,0,0.0,290,2,0.0,200,40,0.0,Ground,,0.5,Large,T3,,gun_140_twin_he,xe,titan_tank,1,titan_tank:0,NEED_CODE_CHECK,NEED_CODE_CHECK,,CHUA_AP:prompt_xuat_luot5,10,8,gun,"NPzK 140 mm (experimental), est. 10 rpm with an autoloader (Leclerc-class)",,doi,,,4.487,4.537,,,,,,,,,2,1,,,1,2,RIPPLE,SIMULTANEOUS,,,,,,,,,,,,,,,2,,,,1,0.05,140,,,,,,,,,,,4.537,290,Kinetic,,,,tank_gun,,,,,,,,,,,Large,,,,,,,,,,,,,4,,,TRUE,,,,,,200,,,,,40,NPzK 140 mm (twin),,,,,299,SIMULTANEOUS,140,2,0.5,,,,,,,cal_140,,Assets/MachineBrigade/Resources/Data/balance.json: weapons[48],"{""id"":""gun_140_twin"",""weaponFamilyId"":""cal_140"",""salvoMode"":""SIMULTANEOUS"",""barrels"":2,""real"":""NPzK 140 mm (twin)"",""family"":""tank_gun"",""size"":140,""caliberMm"":140,""pen"":4,""piercing"":true,""damageType"":""Kinetic"",""damage"":290,""cooldown"":4.537,""range"":40,""projectileSpeed"":200,""splash"":2,""spread"":0.5,""impactTier"":""Large"",""burst"":1,""burstInterval"":0.05,""roundWeight"":299}"
gun_140_twin_he,NPzK 140 mm HE (twin),cal_140,,,tank_gun,140,,,,HighExplosive,2,Shell,2,SIMULTANEOUS,1,0.05,4.537,0,0.0,0,0.0,290,3,0.0,200,40,0.0,Ground,,0.5,Huge,T3,gun_140_twin,,,,0,,NEED_CODE_CHECK,NEED_CODE_CHECK,,CHUA_AP:prompt_xuat_luot5,10,8,gun,"NPzK 140 mm (experimental), est. 10 rpm with an autoloader (Leclerc-class)",,doi,,,4.487,4.537,,,,,,,,,2,1,,,1,2,RIPPLE,SIMULTANEOUS,,,,,,,,,,,,,,,,,,,,,,,,,,,,,,,,,290,HighExplosive,,,,,,,light;structure,HeShell,,,,,,,Huge,gun_140_twin,,,,,,,,,,,,2,,,FALSE,,,,,,,,,,,,NPzK 140 mm HE (twin),,he,,gun_140_twin,,,,3,,,Ground,,,,,,,Assets/MachineBrigade/Resources/Data/balance.json: secondRounds.rounds[28],"{""id"":""gun_140_twin_he"",""roundOf"":""gun_140_twin"",""inherits"":""gun_140_twin"",""weaponFamily"":"""",""round"":""he"",""for"":[""light"",""structure""],""real"":""NPzK 140 mm HE (twin)"",""damageType"":""HighExplosive"",""pen"":2,""damage"":290,""splash"":3,""form"":""HeShell"",""piercing"":false,""targets"":""Ground"",""impactTier"":""Huge""}"
gun_152,2A83 152 mm,cal_152_155,ap,2a83_152_mm,tank_gun,152,,,,Kinetic,4,Shell,1,RIPPLE,1,0.1,5.714,0,0.0,0,0.0,320,2.5,0.0,160,34,0.0,Ground,,0.7,Large,T3,,gun_152_he,xe,heavy_tank,1,heavy_tank:0,NEED_CODE_CHECK,NEED_CODE_CHECK,,CHUA_AP:prompt_xuat_luot5,10,8,gun,"Object 195 / T-14 152 mm, est. ~10 rpm (the sheet)",,giong,,,,,,,,,,,,,,,,,,,,,,,,,,,,,,,,,,,,,,,,,152,,,,,,,,,,,5.714,320,Kinetic,,,,tank_gun,,,,,,,,,gun_152_he,,Large,,,,,,,,,,,,,4,,,TRUE,,,,,,,,,,,34,2A83 152 mm,,,,,,,152,,0.7,,,,,,2a83_152_mm,cal_152_155,ap,Assets/MachineBrigade/Resources/Data/balance.json: weapons[29],"{""id"":""gun_152"",""weaponFamilyId"":""cal_152_155"",""weaponVariantId"":""ap"",""weaponFamily"":""2a83_152_mm"",""real"":""2A83 152 mm"",""family"":""tank_gun"",""size"":152,""caliberMm"":152,""pen"":4,""piercing"":true,""he"":""gun_152_he"",""damageType"":""Kinetic"",""damage"":320,""cooldown"":5.714,""range"":34,""spread"":0.7,""impactTier"":""Large""}"
gun_152_he,2A83 152 mm HE-FRAG,cal_152_155,,2a83_152_mm_he_frag,tank_gun,152,,,,HighExplosive,3,Shell,1,RIPPLE,1,0.1,6,0,0.0,0,0.0,320,6.5,0.0,150,34,0.0,Ground,,0.7,Huge,T3,,,boss_part,gun_152_car,1,gun_152_car:part,NEED_CODE_CHECK,NEED_CODE_CHECK,,CHUA_AP:prompt_xuat_luot5,10,8,gun,"Object 195 / T-14 152 mm, est. ~10 rpm (the sheet)",,giong,,,,,,,,,,,,,,,,,,,,,,,,,,,,,,,,,,,,,,,,,152,,,,,,,,,,,6,320,HighExplosive,,,,tank_gun,,,,,,,,,,,Huge,,,,,,,,,,,,,3,,,,,,,,,150,,,,,34,2A83 152 mm HE-FRAG,,,,,343,,152,6.5,0.7,,,,,,2a83_152_mm_he_frag,cal_152_155,,Assets/MachineBrigade/Resources/Data/balance.json: weapons[259],"{""id"":""gun_152_he"",""weaponFamilyId"":""cal_152_155"",""weaponFamily"":""2a83_152_mm_he_frag"",""real"":""2A83 152 mm HE-FRAG"",""family"":""tank_gun"",""size"":152,""caliberMm"":152,""pen"":3,""damageType"":""HighExplosive"",""damage"":320,""cooldown"":6,""range"":34,""projectileSpeed"":150,""splash"":6.5,""spread"":0.7,""impactTier"":""Huge"",""roundWeight"":343}"
gun_152_heat,2A83 152 mm HEAT,cal_152_155,heat,,tank_gun,152,,,,ShapedCharge,4,Shell,1,RIPPLE,1,0.1,6.33,0,0.0,0,0.0,336,3.5,0.0,170,36,0.0,Ground,,0.6,Large,T3,,gun_152_heat_he,xe,elite_heavy_tank,1,elite_heavy_tank:0,NEED_CODE_CHECK,NEED_CODE_CHECK,,CHUA_AP:prompt_xuat_luot5,10,8,gun,"Object 195 / T-14 152 mm, est. ~10 rpm (the sheet)",,giong,,,,,,,,,,,,,,,,,,,,,,,,,,,,,,,,,,,,,,,,,152,,,,,,,,,,,6.33,336,ShapedCharge,,,,tank_gun,,,,DoubleDart,,,,,,,Large,,,,,,,,,,,,,4,,,TRUE,,,,,,170,,,,,36,2A83 152 mm HEAT,,,,,325,,152,3.5,0.6,,,,,,,cal_152_155,heat,Assets/MachineBrigade/Resources/Data/balance.json: weapons[99],"{""id"":""gun_152_heat"",""weaponFamilyId"":""cal_152_155"",""weaponVariantId"":""heat"",""real"":""2A83 152 mm HEAT"",""family"":""tank_gun"",""size"":152,""caliberMm"":152,""pen"":4,""form"":""DoubleDart"",""piercing"":true,""damageType"":""ShapedCharge"",""damage"":336,""cooldown"":6.33,""range"":36,""projectileSpeed"":170,""splash"":3.5,""spread"":0.6,""impactTier"":""Large"",""roundWeight"":325}"
gun_152_heat_he,2A83 152 mm HE-FRAG,cal_152_155,,2a83_152_mm_he_frag,tank_gun,152,,,,HighExplosive,3,Shell,1,RIPPLE,1,0.1,6.33,0,0.0,0,0.0,320,6.5,0.0,150,36,0.0,Ground,,0.6,Huge,T3,gun_152_heat,,,,0,,NEED_CODE_CHECK,NEED_CODE_CHECK,,CHUA_AP:prompt_xuat_luot5,10,8,gun,"Object 195 / T-14 152 mm, est. ~10 rpm (the sheet)",,giong,,,,,,,,,,,,,,,,,,,,,,,,,,,,,,,,,,,,,,,,,,,,,,,,,,,,,320,HighExplosive,,,,,,,light;structure,HeShell,,,,,,,Huge,gun_152_heat,,,,,,,,,,,,3,,,FALSE,,,,,,150,,,,,,2A83 152 mm HE-FRAG,,he,,gun_152_heat,343,,,6.5,,,Ground,,,,2a83_152_mm_he_frag,,,Assets/MachineBrigade/Resources/Data/balance.json: secondRounds.rounds[29],"{""id"":""gun_152_heat_he"",""roundOf"":""gun_152_heat"",""inherits"":""gun_152_heat"",""weaponVariantId"":"""",""weaponFamily"":""2a83_152_mm_he_frag"",""round"":""he"",""for"":[""light"",""structure""],""real"":""2A83 152 mm HE-FRAG"",""damageType"":""HighExplosive"",""pen"":3,""damage"":320,""splash"":6.5,""form"":""HeShell"",""piercing"":false,""targets"":""Ground"",""projectileSpeed"":150,""impactTier"":""Huge"",""roundWeight"":343}"
gun_155_coastal,M284 155 mm (coastal battery),cal_152_155,,m284_155_mm,howitzer,155,,,,HighExplosive,3,Shell,1,RIPPLE,2,0.05,8.79,0,0.0,0,0.0,320,7,0.0,150,135,0.0,Ground,,0.9,Huge,T3,gun_155_twin,gun_155_coastal_guided,thap,coastal_battery,1,coastal_battery:0,NEED_CODE_CHECK,NEED_CODE_CHECK,,CHUA_AP:prompt_xuat_luot5,4,1,gun,"US Army M109A7 fact file: 4 rpm for 3 min, 1 rpm sustained",,giong,,,,,,,,,,,,,,,,,,,,,,,,,,,,,,,,,,,,,,,,,155,,,,,,,,,,,,,,,,,howitzer,,,,,,,,,,,,gun_155_twin,,,,,,,,,,,,3,,,,,,,,,,,,,,135,M284 155 mm (coastal battery),,,,,,,155,,,,,,,,m284_155_mm,,,Assets/MachineBrigade/Resources/Data/balance.json: weapons[251],"{""id"":""gun_155_coastal"",""weaponFamily"":""m284_155_mm"",""real"":""M284 155 mm (coastal battery)"",""family"":""howitzer"",""size"":155,""caliberMm"":155,""pen"":3,""inherits"":""gun_155_twin"",""range"":135}"
gun_155_coastal_guided,M284 155 mm guided (coastal battery),cal_152_155,guided,m284_155_mm_guided_direct,howitzer,155,,,,HighExplosive,3,Shell,1,RIPPLE,1,0.05,8.79,0,0.0,0,0.0,320,7,0.0,150,135,0.0,Ground,,0,Huge,T3,gun_155_coastal,,,,0,,NEED_CODE_CHECK,NEED_CODE_CHECK,,CHUA_AP:prompt_xuat_luot5,4,1,gun,"US Army M109A7 fact file: 4 rpm for 3 min, 1 rpm sustained",,giong,,,,,,,,,,,,,,,,,,,,,,,,,,,,,,,,,,,,,,,1,,,,,,,,,,,,,,320,HighExplosive,,TRUE,,,,,armour,HeShell,,,,TRUE,,,,gun_155_coastal,,,,,,,,,,,,3,,,,,,,,,,,,,,,M284 155 mm guided (coastal battery),,guided,,gun_155_coastal,,,,,0,,Ground,,,,m284_155_mm_guided_direct,,guided,Assets/MachineBrigade/Resources/Data/balance.json: secondRounds.rounds[30],"{""id"":""gun_155_coastal_guided"",""roundOf"":""gun_155_coastal"",""inherits"":""gun_155_coastal"",""weaponVariantId"":""guided"",""weaponFamily"":""m284_155_mm_guided_direct"",""round"":""guided"",""for"":[""armour""],""elite"":true,""real"":""M284 155 mm guided (coastal battery)"",""damageType"":""HighExplosive"",""pen"":3,""damage"":320,""spread"":0,""burst"":1,""guided"":true,""form"":""HeShell"",""targets"":""Ground""}"
gun_155_crusader,XM2001 Crusader 155 mm (cancelled),cal_152_155,,,howitzer,155,,,,HighExplosive,2,Shell,1,RIPPLE,1,0.1,2.5,4,20,0,0.0,320,6,0.0,150,95,0.0,Ground,,1.4,Large,T3,,,xe,auto_loader_howitzer,1,auto_loader_howitzer:0,NEED_CODE_CHECK,NEED_CODE_CHECK,,CHUA_AP:prompt_xuat_luot5,12,6,gun,Wikipedia 'XM2001 Crusader': 10-12 rpm,,doi,,,,,,,,,,,,,,,,,,,,,,,,,,,,,,,All,Ground,,,,,,,,,155,,,4,20,,,,,,,2.5,320,HighExplosive,,,,howitzer,,,,,,,,,,,Large,,,,,,,,,,,TRUE,,2,,,,,,Shell,,,150,,,,,95,XM2001 Crusader 155 mm (cancelled),,,,,,,155,6,1.4,,Ground,,,,,cal_152_155,,Assets/MachineBrigade/Resources/Data/balance.json: weapons[287],"{""id"":""gun_155_crusader"",""weaponFamilyId"":""cal_152_155"",""real"":""XM2001 Crusader 155 mm (cancelled)"",""family"":""howitzer"",""size"":155,""caliberMm"":155,""pen"":2,""damageType"":""HighExplosive"",""damage"":320,""cooldown"":2.5,""range"":95,""projectileSpeed"":150,""spread"":1.4,""splash"":6,""impactTier"":""Large"",""projectile"":""Shell"",""targets"":""Ground"",""mrsi"":true,""clip"":4,""clipReload"":20}"
gun_155_sph,M284 155 mm,cal_152_155,,m284_155_mm_2,howitzer,155,,,,HighExplosive,3,Shell,1,RIPPLE,1,0.1,12.81,0,0.0,16,41.9,320,7,0.0,45,100,25,Ground,,4.5,Huge,T3,,,,,0,,NEED_CODE_CHECK,NEED_CODE_CHECK,,CHUA_AP:prompt_xuat_luot5,4,1,gun,"US Army M109A7 fact file: 4 rpm for 3 min, 1 rpm sustained",,giong,,,,,,,,,,,,,,,,,,,,,,,,,,,,,,,,,16,,,,,,,,155,,,,,,,,,,,12.81,320,HighExplosive,,,,howitzer,,,,,,,,,,,Huge,,,,,,,,,25,,,,3,,,,,,,,,,,,,,100,M284 155 mm,41.9,,,,,,155,,4.5,,,,,,m284_155_mm_2,cal_152_155,,Assets/MachineBrigade/Resources/Data/balance.json: weapons[43],"{""id"":""gun_155_sph"",""weaponFamilyId"":""cal_152_155"",""weaponFamily"":""m284_155_mm_2"",""real"":""M284 155 mm"",""family"":""howitzer"",""size"":155,""caliberMm"":155,""pen"":3,""damageType"":""HighExplosive"",""damage"":320,""cooldown"":12.81,""range"":100,""minRange"":25,""spread"":4.5,""impactTier"":""Huge"",""ammo"":16,""reload"":41.9}"
gun_155_twin,M284 155 mm (twin),cal_152_155,,m284_155_mm,howitzer,155,,,,HighExplosive,3,Shell,1,RIPPLE,2,0.05,8.79,0,0.0,0,0.0,320,7,0.0,150,50,0.0,Ground,,0.9,Huge,T3,,,,,0,,NEED_CODE_CHECK,NEED_CODE_CHECK,,CHUA_AP:prompt_xuat_luot5,4,1,gun,"US Army M109A7 fact file: 4 rpm for 3 min, 1 rpm sustained",,giong,,,,,,,,,,,,,,,,,,,,,,,,,,,,,,,,,,,,,,,2,0.05,155,,,,,,,,,,,8.79,320,HighExplosive,,,,howitzer,,,,,,,,,,1.3,Huge,,,,,,,,,,,,,3,,,,,,,,,,,,,,50,M284 155 mm (twin),,,,,,,155,,0.9,,,,,,m284_155_mm,cal_152_155,,Assets/MachineBrigade/Resources/Data/balance.json: weapons[92],"{""id"":""gun_155_twin"",""weaponFamilyId"":""cal_152_155"",""weaponFamily"":""m284_155_mm"",""real"":""M284 155 mm (twin)"",""family"":""howitzer"",""size"":155,""caliberMm"":155,""pen"":3,""damageType"":""HighExplosive"",""damage"":320,""cooldown"":8.79,""range"":50,""spread"":0.9,""impactTier"":""Huge"",""burst"":2,""burstInterval"":0.05,""impactScale"":1.3}"
gun_155_twin_ap,M284 155 mm (twin) AP,cal_152_155,ap,,howitzer,155,,,,Kinetic,4,Shell,2,SIMULTANEOUS,1,0.05,5.55,0,0.0,0,0.0,300,0,0.0,150,50,0.0,Ground,,0.9,Huge,T3,gun_155_twin_fort,gun_155_twin_fort,thap,heavy_turret;heavy_turret.bastion,2,heavy_turret:0;heavy_turret.bastion:0,NEED_CODE_CHECK,NEED_CODE_CHECK,,CHUA_AP:prompt_xuat_luot5,4,1,gun,"US Army M109A7 fact file: 4 rpm for 3 min, 1 rpm sustained",,doi,,,5.5,5.55,,,,,,,,,2,1,,,1,2,RIPPLE,SIMULTANEOUS,,,,,,,,,,,,,,,2,,,,1,,,,,,,,,,,,,5.55,300,Kinetic,,,,,,,,,,,,,gun_155_twin_fort,,,gun_155_twin_fort,,,,,,,,,,,,4,,,TRUE,,,,,,,,,,,,M284 155 mm (twin) AP,,,,,,SIMULTANEOUS,,0,,,,,,,,,ap,Assets/MachineBrigade/Resources/Data/balance.json: weapons[97],"{""id"":""gun_155_twin_ap"",""weaponFamily"":"""",""inherits"":""gun_155_twin_fort"",""weaponVariantId"":""ap"",""cooldown"":5.55,""burst"":1,""salvoMode"":""SIMULTANEOUS"",""barrels"":2,""real"":""M284 155 mm (twin) AP"",""damageType"":""Kinetic"",""damage"":300,""pen"":4,""splash"":0,""piercing"":true,""he"":""gun_155_twin_fort""}"
gun_155_twin_coastlr,"M284 155 mm (twin, long-range coastal)",cal_152_155,,m284_155_mm,howitzer,155,,,,HighExplosive,3,Shell,2,SIMULTANEOUS,1,0.05,5.55,0,0.0,0,0.0,320,7,0.0,150,72,0.0,Ground,,0.9,Huge,T3,gun_155_twin_fort,gun_155_twin_coastlr_guided,thap,heavy_turret.coastal,1,heavy_turret.coastal:0,NEED_CODE_CHECK,NEED_CODE_CHECK,,CHUA_AP:prompt_xuat_luot5,4,1,gun,"US Army M109A7 fact file: 4 rpm for 3 min, 1 rpm sustained",,doi,,,5.5,5.55,,,,,,,,,2,1,,,1,2,RIPPLE,SIMULTANEOUS,,,,,,,,,,,,,,,2,,,,1,,155,,,,,,,,,,,5.55,,,,,,howitzer,,,,,,,,,,,,gun_155_twin_fort,,,,,,,,,,,,3,,,,,,,,,,,,,,72,"M284 155 mm (twin, long-range coastal)",,,,,,SIMULTANEOUS,155,,,,,,,,m284_155_mm,,,Assets/MachineBrigade/Resources/Data/balance.json: weapons[252],"{""id"":""gun_155_twin_coastlr"",""weaponFamily"":""m284_155_mm"",""real"":""M284 155 mm (twin, long-range coastal)"",""family"":""howitzer"",""size"":155,""caliberMm"":155,""pen"":3,""inherits"":""gun_155_twin_fort"",""cooldown"":5.55,""burst"":1,""salvoMode"":""SIMULTANEOUS"",""barrels"":2,""range"":72}"
gun_155_twin_coastlr_guided,"M284 155 mm guided (twin, long-range coastal)",cal_152_155,guided,m284_155_mm_guided_direct,howitzer,155,,,,HighExplosive,3,Shell,1,RIPPLE,1,0.05,5.55,0,0.0,0,0.0,320,7,0.0,150,72,0.0,Ground,,0,Huge,T3,gun_155_twin_coastlr,,,,0,,NEED_CODE_CHECK,NEED_CODE_CHECK,,CHUA_AP:prompt_xuat_luot5,4,1,gun,"US Army M109A7 fact file: 4 rpm for 3 min, 1 rpm sustained",,doi,,,5.5,5.55,,,,,,,,,,,,,,,,,,,,,,,,,,,,,,,1,,,,1,,,,,,,,,,,,,,320,HighExplosive,,TRUE,,,,,armour,HeShell,,,,TRUE,,,,gun_155_twin_coastlr,,,,,,,,,,,,3,,,,,,,,,,,,,,,"M284 155 mm guided (twin, long-range coastal)",,guided,,gun_155_twin_coastlr,,RIPPLE,,,0,,Ground,,,,m284_155_mm_guided_direct,,guided,Assets/MachineBrigade/Resources/Data/balance.json: secondRounds.rounds[31],"{""id"":""gun_155_twin_coastlr_guided"",""roundOf"":""gun_155_twin_coastlr"",""inherits"":""gun_155_twin_coastlr"",""weaponVariantId"":""guided"",""salvoMode"":""RIPPLE"",""barrels"":1,""weaponFamily"":""m284_155_mm_guided_direct"",""round"":""guided"",""for"":[""armour""],""elite"":true,""real"":""M284 155 mm guided (twin, long-range coastal)"",""damageType"":""HighExplosive"",""pen"":3,""damage"":320,""spread"":0,""burst"":1,""guided"":true,""form"":""HeShell"",""targets"":""Ground""}"
gun_155_twin_fort,M284 155 mm (twin),cal_152_155,,m284_155_mm,howitzer,155,,,,HighExplosive,3,Shell,2,SIMULTANEOUS,1,0.05,5.55,0,0.0,0,0.0,320,7,0.0,150,50,0.0,Ground,,0.9,Huge,T3,gun_155_twin,gun_155_twin_fort_guided,,,0,,NEED_CODE_CHECK,NEED_CODE_CHECK,,CHUA_AP:prompt_xuat_luot5,4,1,gun,"US Army M109A7 fact file: 4 rpm for 3 min, 1 rpm sustained",,doi,,,5.5,5.55,,,,,,,,,2,1,,,1,2,RIPPLE,SIMULTANEOUS,,,,,,,,,,,,,,,2,,,,1,,155,,,,,,,,,,,5.55,,,,,,howitzer,,,,,,,,,,,,gun_155_twin,,,,,,,,,,,,3,,,,,,,,,,,,,,,M284 155 mm (twin),,,,,,SIMULTANEOUS,155,,,,,,,,m284_155_mm,,,Assets/MachineBrigade/Resources/Data/balance.json: weapons[96],"{""id"":""gun_155_twin_fort"",""weaponFamily"":""m284_155_mm"",""real"":""M284 155 mm (twin)"",""family"":""howitzer"",""size"":155,""caliberMm"":155,""pen"":3,""inherits"":""gun_155_twin"",""burst"":1,""salvoMode"":""SIMULTANEOUS"",""barrels"":2,""cooldown"":5.55}"
gun_155_twin_fort_guided,M284 155 mm guided (twin),cal_152_155,guided,m284_155_mm_guided_direct,howitzer,155,,,,HighExplosive,3,Shell,1,RIPPLE,1,0.05,5.55,0,0.0,0,0.0,320,7,0.0,150,50,0.0,Ground,,0,Huge,T3,gun_155_twin_fort,,,,0,,NEED_CODE_CHECK,NEED_CODE_CHECK,,CHUA_AP:prompt_xuat_luot5,4,1,gun,"US Army M109A7 fact file: 4 rpm for 3 min, 1 rpm sustained",,doi,,,5.5,5.55,,,,,,,,,,,,,,,,,,,,,,,,,,,,,,,1,,,,1,,,,,,,,,,,,,,320,HighExplosive,,TRUE,,,,,armour,HeShell,,,,TRUE,,,,gun_155_twin_fort,,,,,,,,,,,,3,,,,,,,,,,,,,,,M284 155 mm guided (twin),,guided,,gun_155_twin_fort,,RIPPLE,,,0,,Ground,,,,m284_155_mm_guided_direct,,guided,Assets/MachineBrigade/Resources/Data/balance.json: secondRounds.rounds[32],"{""id"":""gun_155_twin_fort_guided"",""roundOf"":""gun_155_twin_fort"",""inherits"":""gun_155_twin_fort"",""weaponVariantId"":""guided"",""salvoMode"":""RIPPLE"",""barrels"":1,""weaponFamily"":""m284_155_mm_guided_direct"",""round"":""guided"",""for"":[""armour""],""elite"":true,""real"":""M284 155 mm guided (twin)"",""damageType"":""HighExplosive"",""pen"":3,""damage"":320,""spread"":0,""burst"":1,""guided"":true,""form"":""HeShell"",""targets"":""Ground""}"
gun_155_twin_long,"M284 155 mm (twin, long)",cal_152_155,,m284_155_mm,howitzer,155,,,,HighExplosive,3,Shell,1,RIPPLE,2,0.05,8.79,0,0.0,0,0.0,320,7,0.0,150,60,0.0,Ground,,0.9,Huge,T3,gun_155_twin,,,,0,,NEED_CODE_CHECK,NEED_CODE_CHECK,,CHUA_AP:prompt_xuat_luot5,4,1,gun,"US Army M109A7 fact file: 4 rpm for 3 min, 1 rpm sustained",,giong,,,,,,,,,,,,,,,,,,,,,,,,,,,,,,,,,,,,,,,,,155,,,,,,,,,,,,,,,,,howitzer,,,,,,,,,,,,gun_155_twin,,,,,,,,,,,,3,,,,,,,,,,,,,,60,"M284 155 mm (twin, long)",,,,,,,155,,,,,,,,m284_155_mm,,,Assets/MachineBrigade/Resources/Data/balance.json: weapons[137],"{""id"":""gun_155_twin_long"",""weaponFamily"":""m284_155_mm"",""real"":""M284 155 mm (twin, long)"",""family"":""howitzer"",""size"":155,""caliberMm"":155,""pen"":3,""inherits"":""gun_155_twin"",""range"":60}"
gun_203_siege,M110 203 mm,cal_203,,,howitzer,203,,,,HighExplosive,4,Shell,1,RIPPLE,1,0.1,9.75,0,0.0,12,29.4,420,8,0.0,110,62,10,Ground,,2.5,Huge,T4,,,,,0,,NEED_CODE_CHECK,NEED_CODE_CHECK,,CHUA_AP:prompt_xuat_luot5,2,1,gun,Wikipedia 'M110 howitzer': 1.5-2 rpm,,giong,,,,,,,,,,,,,,,,,,,,,,,,,,,,,,,,,12,,,,,,,,203,,,,,,,,,,,9.75,420,HighExplosive,,,,howitzer,,,,,,,,,,,Huge,,,,,,,,,10,,,,4,,,,,,,shell_155,0.9455,110,,,,,62,M110 203 mm,29.4,,1.04,,,,203,8,2.5,,,,,,,cal_203,,Assets/MachineBrigade/Resources/Data/balance.json: weapons[56],"{""id"":""gun_203_siege"",""weaponFamilyId"":""cal_203"",""real"":""M110 203 mm"",""family"":""howitzer"",""size"":203,""caliberMm"":203,""pen"":4,""projectileModel"":""shell_155"",""roundLength"":1.04,""projectileScale"":0.9455,""damageType"":""HighExplosive"",""damage"":420,""cooldown"":9.75,""range"":62,""minRange"":10,""projectileSpeed"":110,""splash"":8,""spread"":2.5,""impactTier"":""Huge"",""bonuses"":[{""armor"":""Structure"",""mult"":2.4}],""ammo"":12,""reload"":29.4}"
gun_behemoth,2A65 152 mm (twin),cal_152_155,,,howitzer,152,,,,HighExplosive,3,Shell,1,RIPPLE,2,0.05,8.93,0,0.0,0,0.0,320,6.5,0.0,150,40,0.0,Ground,,0.8,Huge,T3,,gun_behemoth_guided,xe,mara_behemoth,1,mara_behemoth:0,NEED_CODE_CHECK,NEED_CODE_CHECK,,CHUA_AP:prompt_xuat_luot5,8,6,gun,Wikipedia '2A65 Msta-B': 7-8 rpm,,giong,,,,,,,,,,,,,,,,,,,,,,,,,,,,,,,,,,,,,,,2,0.05,152,,,,,,,,,,,8.93,320,HighExplosive,,,,howitzer,,,,,,,,,,,Huge,,,,,,,,,,,,,3,,,,,,,,,150,,,,,40,2A65 152 mm (twin),,,,,,,152,6.5,0.8,,,,,,,cal_152_155,,Assets/MachineBrigade/Resources/Data/balance.json: weapons[144],"{""id"":""gun_behemoth"",""weaponFamilyId"":""cal_152_155"",""real"":""2A65 152 mm (twin)"",""family"":""howitzer"",""size"":152,""caliberMm"":152,""pen"":3,""damageType"":""HighExplosive"",""damage"":320,""cooldown"":8.93,""range"":40,""projectileSpeed"":150,""splash"":6.5,""spread"":0.8,""impactTier"":""Huge"",""burst"":2,""burstInterval"":0.05}"
gun_behemoth_guided,2A65 152 mm guided (twin),cal_152_155,guided,,howitzer,152,,,,HighExplosive,3,Shell,1,RIPPLE,1,0.05,8.93,0,0.0,0,0.0,320,6.5,0.0,150,40,0.0,Ground,,0,Huge,T3,gun_behemoth,,,,0,,NEED_CODE_CHECK,NEED_CODE_CHECK,,CHUA_AP:prompt_xuat_luot5,8,6,gun,Wikipedia '2A65 Msta-B': 7-8 rpm,,giong,,,,,,,,,,,,,,,,,,,,,,,,,,,,,,,,,,,,,,,1,,,,,,,,,,,,,,320,HighExplosive,,TRUE,,,,,armour,HeShell,,,,TRUE,,,,gun_behemoth,,,,,,,,,,,,3,,,,,,,,,,,,,,,2A65 152 mm guided (twin),,guided,,gun_behemoth,,,,,0,,Ground,,,,,,guided,Assets/MachineBrigade/Resources/Data/balance.json: secondRounds.rounds[34],"{""id"":""gun_behemoth_guided"",""roundOf"":""gun_behemoth"",""inherits"":""gun_behemoth"",""weaponVariantId"":""guided"",""weaponFamily"":"""",""round"":""guided"",""for"":[""armour""],""elite"":true,""real"":""2A65 152 mm guided (twin)"",""damageType"":""HighExplosive"",""pen"":3,""damage"":320,""spread"":0,""burst"":1,""guided"":true,""form"":""HeShell"",""targets"":""Ground""}"
gun_launched_atgm,gun-launched ATGM (9M117 class),atgm_gun_launched_atgm,,,atgm,,4.5,,,ShapedCharge,3,Missile,1,RIPPLE,1,0.1,20,0,0.0,0,0.0,200,0.0,0.0,22,34,0.0,Ground,,0.0,Medium,T2,,,xe,light_tank,1,light_tank:2,NEED_CODE_CHECK,NEED_CODE_CHECK,,CHUA_AP:prompt_xuat_luot5,4,3,atgm,"the gun's own rate with a loaded missile, est. 4 rpm",,giong,,,,,,,,,,,,,,,,,,,,,,,,,,,,,,,,,,,,,,,,,,,,,,,,,,,,20,200,ShapedCharge,,,,atgm,,,,,,,,,,,Medium,,,,,,,,,,,,,3,,,TRUE,,,Missile,atgm_kornet,0.7,22,,,,,34,gun-launched ATGM (9M117 class),,,,,,,24,,,,,,,4.5,,atgm_gun_launched_atgm,,Assets/MachineBrigade/Resources/Data/balance.json: weapons[14],"{""id"":""gun_launched_atgm"",""weaponFamilyId"":""atgm_gun_launched_atgm"",""real"":""gun-launched ATGM (9M117 class)"",""family"":""atgm"",""size"":24,""warheadKg"":4.5,""pen"":3,""piercing"":true,""projectileModel"":""atgm_kornet"",""projectileScale"":0.7,""damageType"":""ShapedCharge"",""damage"":200,""cooldown"":20,""range"":34,""projectileSpeed"":22,""impactTier"":""Medium"",""projectile"":""Missile""}"
gun_pit_105,Rh-120 L/44 120 mm (dug in),cal_120_ap,,rh_120_l_44_120_mm,tank_gun,120,,,,Kinetic,4,Shell,1,RIPPLE,1,0.1,4.63,0,0.0,0,0.0,240,1.5,0.0,170,36,0.0,Ground,,0.4,Medium,T3,,,,,0,,NEED_CODE_CHECK,NEED_CODE_CHECK,,CHUA_AP:prompt_xuat_luot5,8,6,gun,the sheet's 'Ngoài đời': Rh-120 6-8 rpm with a loader (Wikipedia 'Rheinmetall 120 mm gun'),,giong,,,,,,,,,,,,,,,,,,,,,,,,,,,,,,,,,,,,,,,,,120,,,,,,,,,,,4.63,240,Kinetic,,,,tank_gun,,,,,,,,,,,Medium,,,,,,,,,,,,,4,,,TRUE,,,,,,,,,,,36,Rh-120 L/44 120 mm (dug in),,,,,,,120,,0.4,,,,,,rh_120_l_44_120_mm,cal_120_ap,,Assets/MachineBrigade/Resources/Data/balance.json: weapons[115],"{""id"":""gun_pit_105"",""weaponFamilyId"":""cal_120_ap"",""weaponFamily"":""rh_120_l_44_120_mm"",""real"":""Rh-120 L/44 120 mm (dug in)"",""family"":""tank_gun"",""size"":120,""caliberMm"":120,""pen"":4,""piercing"":true,""damageType"":""Kinetic"",""damage"":240,""cooldown"":4.63,""range"":36,""spread"":0.4,""impactTier"":""Medium""}"
gunship_25mm,GAU-12 Equalizer 25 mm,cal_25,,,autocannon,25,,,,Kinetic,2,Bullet,1,RIPPLE,1,0.1,0.0911,56,1,0,0.0,17,0.0,0.0,280,50,0.0,Ground,,2.2,Small,T1,,gunship_25mm_flak,boss;xe,sky_fortress;sky_gunship,2,sky_fortress:2;sky_gunship:2,NEED_CODE_CHECK,NEED_CODE_CHECK,,CHUA_AP:prompt_xuat_luot5,4200,,ac,"Wikipedia 'GAU-12 Equalizer': 3,600-4,200 rpm (1,800 on the AC-130U)",,giong,,,,,,,,,,,,,,,,,,,,,,,,,,,,,,,,,,,,,,,,,25,,,56,1,,,,,,,0.0911,17,Kinetic,,,,autocannon,,,,,,,,,,,Small,,,,,,,,,,,,,2,,,,,,Bullet,,,280,,,,,50,GAU-12 Equalizer 25 mm,,,,,19,,25,,2.2,,,,,,,cal_25,,Assets/MachineBrigade/Resources/Data/balance.json: weapons[54],"{""id"":""gunship_25mm"",""weaponFamilyId"":""cal_25"",""real"":""GAU-12 Equalizer 25 mm"",""family"":""autocannon"",""size"":25,""caliberMm"":25,""pen"":2,""damageType"":""Kinetic"",""damage"":17,""cooldown"":0.0911,""range"":50,""projectileSpeed"":280,""spread"":2.2,""impactTier"":""Small"",""projectile"":""Bullet"",""clip"":56,""clipReload"":1,""roundWeight"":19}"
gunship_25mm_flak,GAU-12 Equalizer 25 mm air-burst,cal_25,flak,,autocannon,25,,,,Fragmentation,1,Bullet,1,RIPPLE,1,0.1,0.0911,56,1,0,0.0,17,2,0.0,280,50,0.0,Air,,2.2,Small,T1,gunship_25mm,,,,0,,NEED_CODE_CHECK,NEED_CODE_CHECK,,CHUA_AP:prompt_xuat_luot5,4200,,ac,"Wikipedia 'GAU-12 Equalizer': 3,600-4,200 rpm (1,800 on the AC-130U)",,giong,,,,,,,,,,,,,,,,,,,,,,,,,,,,,,,,,,,,,,,,,,,,,,,,,,,,,17,Fragmentation,,,,,,,air,Airburst,,,,,,,,gunship_25mm,,,,,,,,,,,,1,,,FALSE,,,,,,,,,,,,GAU-12 Equalizer 25 mm air-burst,,flak,,gunship_25mm,,,,2,,,Air,,,,,,flak,Assets/MachineBrigade/Resources/Data/balance.json: secondRounds.rounds[36],"{""id"":""gunship_25mm_flak"",""roundOf"":""gunship_25mm"",""inherits"":""gunship_25mm"",""weaponVariantId"":""flak"",""weaponFamily"":"""",""round"":""flak"",""for"":[""air""],""real"":""GAU-12 Equalizer 25 mm air-burst"",""damageType"":""Fragmentation"",""pen"":1,""damage"":17,""splash"":2,""form"":""Airburst"",""piercing"":false,""targets"":""Air""}"
gunship_40mm,Bofors L/60 40 mm,cal_40,he,,autocannon,40,,,,HighExplosive,2,Shell,1,RIPPLE,1,0.1,0.1783,29,1,0,0.0,30,3,0.0,200,55,0.0,Ground,,2.5,Medium,T1,,gunship_40mm_ap;gunship_40mm_flak,boss;xe,sky_fortress;sky_gunship,2,sky_fortress:1;sky_gunship:1,NEED_CODE_CHECK,NEED_CODE_CHECK,,CHUA_AP:prompt_xuat_luot5,120,80,aa,Wikipedia 'Bofors 40 mm L/60': 120 rpm,,giong,,,,,,,,,,,,,,,,,,,,,,,,,,,,,,,,,,,,,,,,,40,,,29,1,,,,,,,0.1783,30,HighExplosive,,,,autocannon,,,,BeltedAutocannon,,,,,,,Medium,,,,,,,,,,,,,2,,,,,,,,,200,,,,,55,Bofors L/60 40 mm,,,,,79,,40,3,2.5,,,,,,,cal_40,he,Assets/MachineBrigade/Resources/Data/balance.json: weapons[53],"{""id"":""gunship_40mm"",""weaponFamilyId"":""cal_40"",""weaponVariantId"":""he"",""real"":""Bofors L/60 40 mm"",""family"":""autocannon"",""size"":40,""caliberMm"":40,""pen"":2,""form"":""BeltedAutocannon"",""damageType"":""HighExplosive"",""damage"":30,""cooldown"":0.1783,""range"":55,""projectileSpeed"":200,""splash"":3,""spread"":2.5,""impactTier"":""Medium"",""roundWeight"":79,""clip"":29,""clipReload"":1}"
gunship_40mm_ap,Bofors L/60 40 mm AP,cal_40,,,autocannon,40,,,,Kinetic,2,Shell,1,RIPPLE,1,0.1,0.1783,29,1,0,0.0,30,0,0.0,200,55,0.0,Ground,,2.5,Medium,T1,gunship_40mm,,,,0,,NEED_CODE_CHECK,NEED_CODE_CHECK,,CHUA_AP:prompt_xuat_luot5,120,80,aa,Wikipedia 'Bofors 40 mm L/60': 120 rpm,,giong,,,,,,,,,,,,,,,,,,,,,,,,,,,,,,,,,,,,,,,,,,,,,,,,,,,,,30,Kinetic,,,,,,,armour,BeltedAutocannon,,,,,,,,gunship_40mm,,,,,,,,,,,,2,,,TRUE,,,,,,,,,,,,Bofors L/60 40 mm AP,,ap,,gunship_40mm,,,,0,,,Ground,,,,,,,Assets/MachineBrigade/Resources/Data/balance.json: secondRounds.rounds[37],"{""id"":""gunship_40mm_ap"",""roundOf"":""gunship_40mm"",""inherits"":""gunship_40mm"",""weaponVariantId"":"""",""weaponFamily"":"""",""round"":""ap"",""for"":[""armour""],""real"":""Bofors L/60 40 mm AP"",""damageType"":""Kinetic"",""pen"":2,""damage"":30,""splash"":0,""form"":""BeltedAutocannon"",""piercing"":true,""targets"":""Ground""}"
gunship_40mm_flak,Bofors L/60 40 mm air-burst,cal_40,flak,,autocannon,40,,,,Fragmentation,2,Shell,1,RIPPLE,1,0.1,0.1783,29,1,0,0.0,30,3.5,0.0,200,55,0.0,Air,,2.5,Medium,T1,gunship_40mm,,,,0,,NEED_CODE_CHECK,NEED_CODE_CHECK,,CHUA_AP:prompt_xuat_luot5,120,80,aa,Wikipedia 'Bofors 40 mm L/60': 120 rpm,,giong,,,,,,,,,,,,,,,,,,,,,,,,,,,,,,,,,,,,,,,,,,,,,,,,,,,,,30,Fragmentation,,,,,,,air,Airburst,,,,,,,,gunship_40mm,,,,,,,,,,,,2,,,FALSE,,,,,,,,,,,,Bofors L/60 40 mm air-burst,,flak,,gunship_40mm,,,,3.5,,,Air,,,,,,flak,Assets/MachineBrigade/Resources/Data/balance.json: secondRounds.rounds[38],"{""id"":""gunship_40mm_flak"",""roundOf"":""gunship_40mm"",""inherits"":""gunship_40mm"",""weaponVariantId"":""flak"",""weaponFamily"":"""",""round"":""flak"",""for"":[""air""],""real"":""Bofors L/60 40 mm air-burst"",""damageType"":""Fragmentation"",""pen"":2,""damage"":30,""splash"":3.5,""form"":""Airburst"",""piercing"":false,""targets"":""Air""}"
gunship_105,M102 105 mm,cal_100_105_he,,,howitzer,105,,,,HighExplosive,2,Shell,1,RIPPLE,1,0.1,2.743,0,0.0,0,0.0,200,5.5,0.0,120,58,0.0,Ground,,3,Huge,T2,,gunship_105_guided,boss;boss_part;xe,pod_105;sky_fortress;sky_gunship,3,pod_105:part;sky_fortress:0;sky_gunship:0,NEED_CODE_CHECK,NEED_CODE_CHECK,,CHUA_AP:prompt_xuat_luot5,10,3,gun,the sheet's 'Ngoài đời': M102 10 rpm (Wikipedia 'M102 howitzer'),shared with the player's AC-130: the player rule (Docs/balance/player_weapon_waitlist.md),giong,,,,,,,,,,,,,,,,,,,,,,,,,,,,,,,,,,,,,,,,,105,,,,,,,,,,,2.743,200,HighExplosive,,,,howitzer,,,,,,,,,,,Huge,,,,,,,,,,,,,2,,,,,,,,,120,,,,,58,M102 105 mm,,,,,347,,105,5.5,3,,,,,,,cal_100_105_he,,Assets/MachineBrigade/Resources/Data/balance.json: weapons[52],"{""id"":""gunship_105"",""weaponFamilyId"":""cal_100_105_he"",""real"":""M102 105 mm"",""family"":""howitzer"",""size"":105,""caliberMm"":105,""pen"":2,""damageType"":""HighExplosive"",""damage"":200,""cooldown"":2.743,""range"":58,""projectileSpeed"":120,""splash"":5.5,""spread"":3,""impactTier"":""Huge"",""roundWeight"":347}"
gunship_105_guided,M102 105 mm guided,cal_100_105_he,,,howitzer,105,,,,HighExplosive,2,Shell,1,RIPPLE,1,0.1,2.743,0,0.0,0,0.0,200,5.5,0.0,120,58,0.0,Ground,,0,Huge,T2,gunship_105,,,,0,,NEED_CODE_CHECK,NEED_CODE_CHECK,,CHUA_AP:prompt_xuat_luot5,10,3,gun,the sheet's 'Ngoài đời': M102 10 rpm (Wikipedia 'M102 howitzer'),,giong,,,,,,,,,,,,,,,,,,,,,,,,,,,,,,,,,,,,,,,1,,,,,,,,,,,,,,200,HighExplosive,,TRUE,,,,,armour,HeShell,,,,TRUE,,,,gunship_105,,,,,,,,,,,,2,,,,,,,,,,,,,,,M102 105 mm guided,,guided,,gunship_105,,,,,0,,Ground,,,,,,,Assets/MachineBrigade/Resources/Data/balance.json: secondRounds.rounds[35],"{""id"":""gunship_105_guided"",""roundOf"":""gunship_105"",""inherits"":""gunship_105"",""weaponFamily"":"""",""round"":""guided"",""for"":[""armour""],""elite"":true,""real"":""M102 105 mm guided"",""damageType"":""HighExplosive"",""pen"":2,""damage"":200,""spread"":0,""burst"":1,""guided"":true,""form"":""HeShell"",""targets"":""Ground""}"
gunship_rockets,S-8 80 mm,rkt_70_80,,s_8_80_mm,rocket,80,,,,HighExplosive,2,Rocket,1,RIPPLE,16,0.1,8.271,0,0.0,0,0.0,32,3,0.0,40,34,0.0,Ground,,3.5,Medium,T2,,,boss;xe,gunship_heli;mega_gunship,2,gunship_heli:0;mega_gunship:0;mega_gunship:4,NEED_CODE_CHECK,NEED_CODE_CHECK,,CHUA_AP:prompt_xuat_luot5,900,,rocket,rocket pods: ripples of 0.05-0.12 s (DECISIONS 19R),,giong,,,,,,,,,,,,,,,,,,,,,,,,,,,,,,,,,,,,,,,16,0.1,80,,,,,,,,,,,8.271,32,HighExplosive,,,,rocket,,,,,,,,,,,Medium,,,,,,32,,,,,,,2,,,,,,Rocket,,0.9,,,,,,34,S-8 80 mm,,,,,,,80,,3.5,,,,,,s_8_80_mm,rkt_70_80,,Assets/MachineBrigade/Resources/Data/balance.json: weapons[36],"{""id"":""gunship_rockets"",""weaponFamilyId"":""rkt_70_80"",""weaponFamily"":""s_8_80_mm"",""load"":32,""real"":""S-8 80 mm"",""family"":""rocket"",""size"":80,""caliberMm"":80,""pen"":2,""projectileScale"":0.9,""damageType"":""HighExplosive"",""damage"":32,""cooldown"":8.271,""range"":34,""spread"":3.5,""impactTier"":""Medium"",""projectile"":""Rocket"",""burst"":16,""burstInterval"":0.1}"
hel_beam,Iron Beam laser (100 kW),laser_iron_beam_laser,,,laser,,,100,,Energy,2,Bullet,1,RIPPLE,1,0.1,0.0525,0,0.0,0,0.0,10,0.0,0.0,3000,45,0.0,Air,,0.0,Small,T1,,,xe,iron_beam,1,iron_beam:0,NEED_CODE_CHECK,NEED_CODE_CHECK,,CHUA_AP:prompt_xuat_luot5,NEED_SOURCE,NEED_SOURCE,,NEED_SOURCE,,giong,,,,,,,,,,,,,,,,,,,,,,,,,,,,,,,,,,,,TRUE,,,,,,,,,,,,,,,,0.0525,10,Energy,,,,laser,,,,,,,,,,,Small,,,,,,,,,,,,,2,,,,100,,Bullet,,,3000,,,,,45,Iron Beam laser (100 kW),,,,,,,100,,,,Air,,,,,laser_iron_beam_laser,,Assets/MachineBrigade/Resources/Data/balance.json: weapons[81],"{""id"":""hel_beam"",""weaponFamilyId"":""laser_iron_beam_laser"",""real"":""Iron Beam laser (100 kW)"",""family"":""laser"",""size"":100,""powerKw"":100,""pen"":2,""damageType"":""Energy"",""damage"":10,""cooldown"":0.0525,""range"":45,""projectileSpeed"":3000,""impactTier"":""Small"",""projectile"":""Bullet"",""targets"":""Air"",""beam"":true}"
heli_ataka,9M120 Ataka,atgm_9m120_ataka,,9m120_ataka,atgm,,7.4,,,ShapedCharge,4,Missile,1,RIPPLE,1,0.5,4.88,0,0.0,0,0.0,247,0,0.0,26,45,0.0,Ground,,0.0,Medium,T2,ataka,,xe,gunship_heli,1,gunship_heli:2,NEED_CODE_CHECK,NEED_CODE_CHECK,,CHUA_AP:prompt_xuat_luot5,4,3,atgm,Shturm / Ataka / Khrizantema launchers: est. 3-4 rpm a rail,,giong,,,,,,,,,,,,,,,,,,,,,,,,,,,,,,,,,,,,,,,1,,,,,,,,,,,,,4.88,,,,,,,,,,,,,,,,,,ataka,,,,,4,,,,,,,,,,,,,,,,,,,,,45,,,,,,,,,,,,,,,,9m120_ataka,,,Assets/MachineBrigade/Resources/Data/balance.json: weapons[85],"{""id"":""heli_ataka"",""weaponFamily"":""9m120_ataka"",""inherits"":""ataka"",""load"":4,""burst"":1,""cooldown"":4.88,""range"":45}"
heli_atgm,AGM-114 Hellfire,atgm_agm_114_hellfire,,agm_114_hellfire,atgm,,9,,,ShapedCharge,4,Missile,1,RIPPLE,1,0.1,4.88,0,0.0,0,0.0,260,0,0.0,26,45,0.0,Ground,,0.0,Medium,T2,,,xe,light_attack_heli,1,light_attack_heli:1,NEED_CODE_CHECK,NEED_CODE_CHECK,,CHUA_AP:prompt_xuat_luot5,60,10,atgm,"air-launched: ripples ~1 s apart, est. 6 s an aimed shot",,giong,,,,,,,,,,,,,,,,,,,,,,,,,,,,,,,,,,,,,,,,,,,,,,,,,,,,4.88,260,ShapedCharge,,,,atgm,,,,,,,,,,,Medium,,,,,,4,,,,,,,4,,,TRUE,,,Missile,,0.62,,,,,,45,AGM-114 Hellfire,,,,,,,49,,,,,,,9,agm_114_hellfire,atgm_agm_114_hellfire,,Assets/MachineBrigade/Resources/Data/balance.json: weapons[23],"{""id"":""heli_atgm"",""weaponFamilyId"":""atgm_agm_114_hellfire"",""weaponFamily"":""agm_114_hellfire"",""load"":4,""real"":""AGM-114 Hellfire"",""family"":""atgm"",""size"":49,""warheadKg"":9,""pen"":4,""piercing"":true,""projectileScale"":0.62,""damageType"":""ShapedCharge"",""damage"":260,""cooldown"":4.88,""range"":45,""impactTier"":""Medium"",""projectile"":""Missile""}"
heli_gun,M230 30 mm,cal_30,,m230_30_mm,autocannon,30,,,,Kinetic,2,Bullet,1,RIPPLE,1,0.1,0.1667,40,3.1667,0,0.0,22,0,0.0,220,26,0.0,All,,1.3,Small,T1,,heli_gun_flak,xe,attack_helicopter;elite_attack_helicopter;twin_rotor_gunship,3,attack_helicopter:1;elite_attack_helicopter:1;twin_rotor_gunship:0,NEED_CODE_CHECK,NEED_CODE_CHECK,,CHUA_AP:prompt_xuat_luot5,625,300,ac,Wikipedia 'M230 chain gun': 625 rpm,,giong,,,,,,,,,,,,,,,,,,,,,,,,,,,,,,,,,,,,,,,,,30,,,40,3.1667,,,,,,,0.1667,22,Kinetic,,,,autocannon,,,,,,,,,,,Small,,,,,,,,,,,,,2,,,,,,Bullet,,,,,,,,26,M230 30 mm,,,,,,,30,,1.3,,All,,,,m230_30_mm,cal_30,,Assets/MachineBrigade/Resources/Data/balance.json: weapons[24],"{""id"":""heli_gun"",""weaponFamilyId"":""cal_30"",""weaponFamily"":""m230_30_mm"",""real"":""M230 30 mm"",""family"":""autocannon"",""size"":30,""caliberMm"":30,""pen"":2,""damageType"":""Kinetic"",""damage"":22,""cooldown"":0.1667,""range"":26,""spread"":1.3,""impactTier"":""Small"",""projectile"":""Bullet"",""targets"":""All"",""clip"":40,""clipReload"":3.1667}"
heli_gun_flak,M230 30 mm air-burst,cal_30,flak,m230_30_mm_air_burst,autocannon,30,,,,Fragmentation,2,Bullet,1,RIPPLE,1,0.1,0.1667,40,3.1667,0,0.0,22,2.5,0.0,220,26,0.0,Air,,1.3,Small,T1,heli_gun,,,,0,,NEED_CODE_CHECK,NEED_CODE_CHECK,,CHUA_AP:prompt_xuat_luot5,625,300,ac,Wikipedia 'M230 chain gun': 625 rpm,,giong,,,,,,,,,,,,,,,,,,,,,,,,,,,,,,,,,,,,,,,,,,,,,,,,,,,,,22,Fragmentation,,,,,,,air,Airburst,,,,,,,,heli_gun,,,,,,,,,,,,2,,,FALSE,,,,,,,,,,,,M230 30 mm air-burst,,flak,,heli_gun,,,,2.5,,,Air,,,,m230_30_mm_air_burst,,flak,Assets/MachineBrigade/Resources/Data/balance.json: secondRounds.rounds[39],"{""id"":""heli_gun_flak"",""roundOf"":""heli_gun"",""inherits"":""heli_gun"",""weaponVariantId"":""flak"",""weaponFamily"":""m230_30_mm_air_burst"",""round"":""flak"",""for"":[""air""],""real"":""M230 30 mm air-burst"",""damageType"":""Fragmentation"",""pen"":2,""damage"":22,""splash"":2.5,""form"":""Airburst"",""piercing"":false,""targets"":""Air""}"
heli_rockets,Hydra 70 mm,rkt_70_80,,hydra_70_mm,rocket,70,,,,HighExplosive,2,Rocket,1,RIPPLE,11,0.12,7.31,0,0.0,0,0.0,30,3,0.0,40,30,0.0,Ground,,3,Medium,T2,,,xe,attack_helicopter;elite_attack_helicopter,2,attack_helicopter:2;elite_attack_helicopter:2,NEED_CODE_CHECK,NEED_CODE_CHECK,,CHUA_AP:prompt_xuat_luot5,900,,rocket,rocket pods: ripples of 0.05-0.12 s (DECISIONS 19R),,giong,,,,,,,,,,,,,,,,,,,,,,,,,,,,,,,,,,,,,,,11,0.12,70,,,,,,,,,,,7.31,30,HighExplosive,,,,rocket,,,,,,,,,,,Medium,,,,,,22,,,,,,,2,,,,,,Rocket,,,,,,,,30,Hydra 70 mm,,,,,,,70,,3,,,,,,hydra_70_mm,rkt_70_80,,Assets/MachineBrigade/Resources/Data/balance.json: weapons[25],"{""id"":""heli_rockets"",""weaponFamilyId"":""rkt_70_80"",""weaponFamily"":""hydra_70_mm"",""load"":22,""real"":""Hydra 70 mm"",""family"":""rocket"",""size"":70,""caliberMm"":70,""pen"":2,""damageType"":""HighExplosive"",""damage"":30,""cooldown"":7.31,""range"":30,""spread"":3,""impactTier"":""Medium"",""projectile"":""Rocket"",""burst"":11,""burstInterval"":0.12}"
hellfire_standoff,AGM-114L Hellfire Longbow,atgm_agm_114l_hellfire_longbow,,agm_114_hellfire,atgm,,9,,,ShapedCharge,4,Missile,1,RIPPLE,2,0.45,7.55,0,0.0,0,0.0,260,0,0.0,26,55,0.0,Ground,,0.0,Medium,T2,,,xe,attack_helicopter,1,attack_helicopter:0,NEED_CODE_CHECK,NEED_CODE_CHECK,,CHUA_AP:prompt_xuat_luot5,60,10,atgm,"air-launched: ripples ~1 s apart, est. 6 s an aimed shot",,giong,,,,,,,,,,,,,,,,,,,,,,,,,,,,,,,,,,,,,,,2,0.45,,,,,,,,,,,,7.55,260,ShapedCharge,,,,atgm,,,,,,,,,,,Medium,,,,,,8,,,,,,,4,,,TRUE,,,Missile,,0.65,,,,,,55,AGM-114L Hellfire Longbow,,,,,,,49,,,,Ground,,,9,agm_114_hellfire,atgm_agm_114l_hellfire_longbow,,Assets/MachineBrigade/Resources/Data/balance.json: weapons[261],"{""id"":""hellfire_standoff"",""weaponFamilyId"":""atgm_agm_114l_hellfire_longbow"",""weaponFamily"":""agm_114_hellfire"",""load"":8,""real"":""AGM-114L Hellfire Longbow"",""family"":""atgm"",""size"":49,""warheadKg"":9,""pen"":4,""piercing"":true,""projectileScale"":0.65,""damageType"":""ShapedCharge"",""damage"":260,""cooldown"":7.55,""range"":55,""impactTier"":""Medium"",""projectile"":""Missile"",""targets"":""Ground"",""burst"":2,""burstInterval"":0.45}"
hellfire_volley,AGM-114L Hellfire Longbow,atgm_agm_114l_hellfire_longbow,,agm_114_hellfire,atgm,,9,,,ShapedCharge,4,Missile,1,RIPPLE,2,0.45,10.64,0,0.0,0,0.0,260,0,0.0,26,45,0.0,Ground,,0.0,Medium,T2,,,xe,elite_attack_helicopter,1,elite_attack_helicopter:0,NEED_CODE_CHECK,NEED_CODE_CHECK,,CHUA_AP:prompt_xuat_luot5,60,10,atgm,"air-launched: ripples ~1 s apart, est. 6 s an aimed shot",,giong,,,,,,,,,,,,,,,,,,,,,,,,,,,,,,,,,,,,,,,2,0.45,,,,,,,,,,,,10.64,260,ShapedCharge,,,,atgm,,,,,,,,,,,Medium,,,,,,8,,,,,,,4,,,TRUE,,,Missile,,0.65,,,,,,45,AGM-114L Hellfire Longbow,,,,,,,49,,,,,,,9,agm_114_hellfire,atgm_agm_114l_hellfire_longbow,,Assets/MachineBrigade/Resources/Data/balance.json: weapons[101],"{""id"":""hellfire_volley"",""weaponFamilyId"":""atgm_agm_114l_hellfire_longbow"",""weaponFamily"":""agm_114_hellfire"",""load"":8,""real"":""AGM-114L Hellfire Longbow"",""family"":""atgm"",""size"":49,""warheadKg"":9,""pen"":4,""piercing"":true,""projectileScale"":0.65,""damageType"":""ShapedCharge"",""damage"":260,""cooldown"":10.64,""range"":45,""impactTier"":""Medium"",""projectile"":""Missile"",""burst"":2,""burstInterval"":0.45}"
hind_rockets,S-8 80 mm,rkt_70_80,,s_8_80_mm,rocket,80,,,,HighExplosive,2,Rocket,1,RIPPLE,38,0.07,6.86,0,0.0,0,0.0,32,3,0.0,40,36,0.0,Ground,,3.5,Medium,T2,,,,,0,,NEED_CODE_CHECK,NEED_CODE_CHECK,,CHUA_AP:prompt_xuat_luot5,900,,rocket,rocket pods: ripples of 0.05-0.12 s (DECISIONS 19R),,giong,,,,,,,,,,,,,,,,,,,,,,,,,,,,,,,,,,,,,,,38,0.07,80,,,,,,,,,,,6.86,32,HighExplosive,,,,rocket,,,,,,,,,,,Medium,,,,,,,,,,,,,2,,,,,,Rocket,,0.9,,,,,,36,S-8 80 mm,,,,,,,80,,3.5,,,,,,s_8_80_mm,rkt_70_80,,Assets/MachineBrigade/Resources/Data/balance.json: weapons[91],"{""id"":""hind_rockets"",""weaponFamilyId"":""rkt_70_80"",""weaponFamily"":""s_8_80_mm"",""real"":""S-8 80 mm"",""family"":""rocket"",""size"":80,""caliberMm"":80,""pen"":2,""projectileScale"":0.9,""damageType"":""HighExplosive"",""damage"":32,""cooldown"":6.86,""range"":36,""spread"":3.5,""impactTier"":""Medium"",""projectile"":""Rocket"",""burst"":38,""burstInterval"":0.07}"
hmg_roof,M2 Browning 12.7 mm,cal_12_7,,m2_browning_12_7_mm,mg,12.7,,,,Kinetic,1,Bullet,1,RIPPLE,1,0.1,0.1111,100,5.1111,0,0.0,9.5,0,0.0,230,30,0.0,All,,1.3,Small,T0,,hmg_roof_api,thap;xe,armored_bulldozer;elite_heavy_tank;elite_mbt;elite_tank_destroyer;heavy_tank;heavy_turret.bastion;landing_craft;main_battle_tank;missile_boat;prop_attack_plane;tank_destroyer;titan_tank;twin_tank;wheeled_gun,14,armored_bulldozer:1;elite_heavy_tank:2;elite_mbt:2;elite_tank_destroyer:1;heavy_tank:2;heavy_turret.bastion:1;heavy_turret.bastion:2;landing_craft:0;main_battle_tank:2;missile_boat:1;prop_attack_plane:0;tank_destroyer:1;titan_tank:2;twin_tank:2;wheeled_gun:2,NEED_CODE_CHECK,NEED_CODE_CHECK,,CHUA_AP:prompt_xuat_luot5,600,40,mg,"US Army FM 3-22.65: cyclic 450-600, rapid 40 rpm",,giong,,,,,,,,,,,,,,,,,,,,,,,,,,,,,,,,,,,,,,,,,12.7,,,100,5.1111,,,,,,,0.1111,9.5,Kinetic,,,,mg,,,,,,,,,,,Small,,,,,,,,,,,,,1,,,,,,Bullet,,,,,,,,30,M2 Browning 12.7 mm,,,,,,,12.7,,1.3,,All,,,,m2_browning_12_7_mm,cal_12_7,,Assets/MachineBrigade/Resources/Data/balance.json: weapons[2],"{""id"":""hmg_roof"",""weaponFamilyId"":""cal_12_7"",""weaponFamily"":""m2_browning_12_7_mm"",""real"":""M2 Browning 12.7 mm"",""family"":""mg"",""size"":12.7,""caliberMm"":12.7,""pen"":1,""damageType"":""Kinetic"",""damage"":9.5,""cooldown"":0.1111,""range"":30,""spread"":1.3,""impactTier"":""Small"",""projectile"":""Bullet"",""targets"":""All"",""clip"":100,""clipReload"":5.1111}"
hmg_roof_api,M2 Browning 12.7 mm API,cal_12_7,,m2_browning_12_7_mm_api,mg,12.7,,,,Kinetic,2,Bullet,1,RIPPLE,1,0.1,0.1111,100,5.1111,0,0.0,9.5,0,0.0,230,30,0.0,All,,1.3,Small,T0,hmg_roof,,,,0,,NEED_CODE_CHECK,NEED_CODE_CHECK,,CHUA_AP:prompt_xuat_luot5,600,40,mg,"US Army FM 3-22.65: cyclic 450-600, rapid 40 rpm",,giong,,,,,,,,,,,,,,,,,,,,,,,,,,,,,,,,,,,,,,,,,,,,,,,,,,,,,9.5,Kinetic,,TRUE,,,,,any,BulletBig,,,,,,,,hmg_roof,,,,,,,,,,,,2,,,TRUE,,,,,,,,,,,,M2 Browning 12.7 mm API,,api,,hmg_roof,,,,,,,,,,,m2_browning_12_7_mm_api,,,Assets/MachineBrigade/Resources/Data/balance.json: secondRounds.rounds[40],"{""id"":""hmg_roof_api"",""roundOf"":""hmg_roof"",""inherits"":""hmg_roof"",""weaponFamily"":""m2_browning_12_7_mm_api"",""round"":""api"",""for"":[""any""],""elite"":true,""real"":""M2 Browning 12.7 mm API"",""damageType"":""Kinetic"",""pen"":2,""damage"":9.5,""form"":""BulletBig"",""piercing"":true}"
hmg_selfdef_15,M2 Browning 12.7 mm,cal_12_7,,m2_browning_12_7_mm,mg,12.7,,,,Kinetic,1,Bullet,1,RIPPLE,1,0.1,0.1111,100,5.1111,0,0.0,9.5,0,0.0,230,15,0.0,All,,1.3,Small,T0,hmg_roof,hmg_selfdef_15_api,xe,ammo_carrier;artillery;bridging_vehicle;command_vehicle;counter_battery_radar;dazzler_vehicle;demolition_line_vehicle;elite_artillery;elite_grad;elite_mlrs;engineer_vehicle;ew_jammer;gps_jammer_vehicle;lancet_truck;mine_layer;mobile_repair_vehicle;nlos_atgm_vehicle;radar_support_vehicle;shahed_truck;shield_carrier;smoke_carrier,21,ammo_carrier:0;artillery:1;bridging_vehicle:0;command_vehicle:0;counter_battery_radar:0;dazzler_vehicle:0;demolition_line_vehicle:0;elite_artillery:1;elite_grad:1;elite_mlrs:1;engineer_vehicle:0;ew_jammer:0;gps_jammer_vehicle:0;lancet_truck:1;mine_layer:0;mobile_repair_vehicle:0;nlos_atgm_vehicle:1;radar_support_vehicle:0;shahed_truck:1;shield_carrier:0;smoke_carrier:0,NEED_CODE_CHECK,NEED_CODE_CHECK,,CHUA_AP:prompt_xuat_luot5,600,40,mg,"US Army FM 3-22.65: cyclic 450-600, rapid 40 rpm",,giong,,,,,,,,,,,,,,,,,,,,,,,,,,,,,,,,,,,,,,,,,,,,,,,,,,,,,,,,,,,,,,,,,,,,,,hmg_roof,,,,,,,,,,,,,,,,,,,,,,,,,,15,,,,,,,,,,,,,,,,m2_browning_12_7_mm,,,Assets/MachineBrigade/Resources/Data/balance.json: weapons[5],"{""id"":""hmg_selfdef_15"",""weaponFamily"":""m2_browning_12_7_mm"",""inherits"":""hmg_roof"",""range"":15}"
hmg_selfdef_15_api,M2 Browning 12.7 mm API,cal_12_7,,m2_browning_12_7_mm_api,mg,12.7,,,,Kinetic,2,Bullet,1,RIPPLE,1,0.1,0.1111,100,5.1111,0,0.0,9.5,0,0.0,230,15,0.0,All,,1.3,Small,T0,hmg_selfdef_15,,,,0,,NEED_CODE_CHECK,NEED_CODE_CHECK,,CHUA_AP:prompt_xuat_luot5,600,40,mg,"US Army FM 3-22.65: cyclic 450-600, rapid 40 rpm",,giong,,,,,,,,,,,,,,,,,,,,,,,,,,,,,,,,,,,,,,,,,,,,,,,,,,,,,9.5,Kinetic,,TRUE,,,,,any,BulletBig,,,,,,,,hmg_selfdef_15,,,,,,,,,,,,2,,,TRUE,,,,,,,,,,,,M2 Browning 12.7 mm API,,api,,hmg_selfdef_15,,,,,,,,,,,m2_browning_12_7_mm_api,,,Assets/MachineBrigade/Resources/Data/balance.json: secondRounds.rounds[41],"{""id"":""hmg_selfdef_15_api"",""roundOf"":""hmg_selfdef_15"",""inherits"":""hmg_selfdef_15"",""weaponFamily"":""m2_browning_12_7_mm_api"",""round"":""api"",""for"":[""any""],""elite"":true,""real"":""M2 Browning 12.7 mm API"",""damageType"":""Kinetic"",""pen"":2,""damage"":9.5,""form"":""BulletBig"",""piercing"":true}"
hmg_selfdef_18,M2 Browning 12.7 mm,cal_12_7,,m2_browning_12_7_mm,mg,12.7,,,,Kinetic,1,Bullet,1,RIPPLE,1,0.1,0.1111,100,5.1111,0,0.0,9.5,0,0.0,230,18,0.0,All,,1.3,Small,T0,hmg_roof,hmg_selfdef_18_api,xe,elite_fpv_carrier;fpv_carrier;mortar_carrier;sp_mortar;thermobaric_launcher,5,elite_fpv_carrier:1;fpv_carrier:1;mortar_carrier:1;sp_mortar:1;thermobaric_launcher:1,NEED_CODE_CHECK,NEED_CODE_CHECK,,CHUA_AP:prompt_xuat_luot5,600,40,mg,"US Army FM 3-22.65: cyclic 450-600, rapid 40 rpm",,giong,,,,,,,,,,,,,,,,,,,,,,,,,,,,,,,,,,,,,,,,,,,,,,,,,,,,,,,,,,,,,,,,,,,,,,hmg_roof,,,,,,,,,,,,,,,,,,,,,,,,,,18,,,,,,,,,,,,,,,,m2_browning_12_7_mm,,,Assets/MachineBrigade/Resources/Data/balance.json: weapons[4],"{""id"":""hmg_selfdef_18"",""weaponFamily"":""m2_browning_12_7_mm"",""inherits"":""hmg_roof"",""range"":18}"
hmg_selfdef_18_api,M2 Browning 12.7 mm API,cal_12_7,,m2_browning_12_7_mm_api,mg,12.7,,,,Kinetic,2,Bullet,1,RIPPLE,1,0.1,0.1111,100,5.1111,0,0.0,9.5,0,0.0,230,18,0.0,All,,1.3,Small,T0,hmg_selfdef_18,,,,0,,NEED_CODE_CHECK,NEED_CODE_CHECK,,CHUA_AP:prompt_xuat_luot5,600,40,mg,"US Army FM 3-22.65: cyclic 450-600, rapid 40 rpm",,giong,,,,,,,,,,,,,,,,,,,,,,,,,,,,,,,,,,,,,,,,,,,,,,,,,,,,,9.5,Kinetic,,TRUE,,,,,any,BulletBig,,,,,,,,hmg_selfdef_18,,,,,,,,,,,,2,,,TRUE,,,,,,,,,,,,M2 Browning 12.7 mm API,,api,,hmg_selfdef_18,,,,,,,,,,,m2_browning_12_7_mm_api,,,Assets/MachineBrigade/Resources/Data/balance.json: secondRounds.rounds[42],"{""id"":""hmg_selfdef_18_api"",""roundOf"":""hmg_selfdef_18"",""inherits"":""hmg_selfdef_18"",""weaponFamily"":""m2_browning_12_7_mm_api"",""round"":""api"",""for"":[""any""],""elite"":true,""real"":""M2 Browning 12.7 mm API"",""damageType"":""Kinetic"",""pen"":2,""damage"":9.5,""form"":""BulletBig"",""piercing"":true}"
hmg_selfdef_21,M2 Browning 12.7 mm,cal_12_7,,m2_browning_12_7_mm,mg,12.7,,,,Kinetic,1,Bullet,1,RIPPLE,1,0.1,0.1111,100,5.1111,0,0.0,9.5,0,0.0,230,21,0.0,All,,1.3,Small,T0,hmg_roof,hmg_selfdef_21_api,xe,radar_scout;shorad_vehicle;siege_tank,3,radar_scout:0;shorad_vehicle:1;siege_tank:2,NEED_CODE_CHECK,NEED_CODE_CHECK,,CHUA_AP:prompt_xuat_luot5,600,40,mg,"US Army FM 3-22.65: cyclic 450-600, rapid 40 rpm",,giong,,,,,,,,,,,,,,,,,,,,,,,,,,,,,,,,,,,,,,,,,,,,,,,,,,,,,,,,,,,,,,,,,,,,,,hmg_roof,,,,,,,,,,,,,,,,,,,,,,,,,,21,,,,,,,,,,,,,,,,m2_browning_12_7_mm,,,Assets/MachineBrigade/Resources/Data/balance.json: weapons[3],"{""id"":""hmg_selfdef_21"",""weaponFamily"":""m2_browning_12_7_mm"",""inherits"":""hmg_roof"",""range"":21}"
hmg_selfdef_21_api,M2 Browning 12.7 mm API,cal_12_7,,m2_browning_12_7_mm_api,mg,12.7,,,,Kinetic,2,Bullet,1,RIPPLE,1,0.1,0.1111,100,5.1111,0,0.0,9.5,0,0.0,230,21,0.0,All,,1.3,Small,T0,hmg_selfdef_21,,,,0,,NEED_CODE_CHECK,NEED_CODE_CHECK,,CHUA_AP:prompt_xuat_luot5,600,40,mg,"US Army FM 3-22.65: cyclic 450-600, rapid 40 rpm",,giong,,,,,,,,,,,,,,,,,,,,,,,,,,,,,,,,,,,,,,,,,,,,,,,,,,,,,9.5,Kinetic,,TRUE,,,,,any,BulletBig,,,,,,,,hmg_selfdef_21,,,,,,,,,,,,2,,,TRUE,,,,,,,,,,,,M2 Browning 12.7 mm API,,api,,hmg_selfdef_21,,,,,,,,,,,m2_browning_12_7_mm_api,,,Assets/MachineBrigade/Resources/Data/balance.json: secondRounds.rounds[43],"{""id"":""hmg_selfdef_21_api"",""roundOf"":""hmg_selfdef_21"",""inherits"":""hmg_selfdef_21"",""weaponFamily"":""m2_browning_12_7_mm_api"",""round"":""api"",""for"":[""any""],""elite"":true,""real"":""M2 Browning 12.7 mm API"",""damageType"":""Kinetic"",""pen"":2,""damage"":9.5,""form"":""BulletBig"",""piercing"":true}"
hover_ciws,AK-630 30 mm,cal_30,ciws,ak_630_30_mm,autocannon,30,,,,Kinetic,2,Bullet,1,RIPPLE,1,0.1,0.0167,60,5.0167,0,0.0,12,0,0.0,300,34,0.0,All,,1.3,Small,T1,,hover_ciws_flak,boss;xe,caspian;hover_gunboat;landing_hovercraft;sea_corvette;sea_cruiser,5,caspian:0;hover_gunboat:0;landing_hovercraft:0;landing_hovercraft:1;sea_corvette:1;sea_cruiser:2;sea_cruiser:3,NEED_CODE_CHECK,NEED_CODE_CHECK,,CHUA_AP:prompt_xuat_luot5,5000,1000,aa,"Wikipedia 'AK-630': 4,000-5,000 rpm, 2,000-round belt",,giong,,,,,,,,,,,,,,,,,,,,,,,,,,,,,,,,,,,,,,,,,30,,,60,5.0167,,,,,,,0.0167,12,Kinetic,,,,autocannon,,,,,,,,,,,Small,,,,,,,,,,,,,2,,,,,,Bullet,,,,,,,,34,AK-630 30 mm,,,,,,,30,,1.3,,All,,,,ak_630_30_mm,cal_30,ciws,Assets/MachineBrigade/Resources/Data/balance.json: weapons[245],"{""id"":""hover_ciws"",""weaponFamilyId"":""cal_30"",""weaponVariantId"":""ciws"",""weaponFamily"":""ak_630_30_mm"",""real"":""AK-630 30 mm"",""family"":""autocannon"",""size"":30,""caliberMm"":30,""pen"":2,""damageType"":""Kinetic"",""damage"":12,""cooldown"":0.0167,""range"":34,""spread"":1.3,""impactTier"":""Small"",""projectile"":""Bullet"",""targets"":""All"",""clip"":60,""clipReload"":5.0167}"
hover_ciws_flak,AK-630 30 mm air-burst,cal_30,flak,ak_630_30_mm_air_burst,autocannon,30,,,,Fragmentation,2,Bullet,1,RIPPLE,1,0.1,0.0167,60,5.0167,0,0.0,12,2.5,0.0,300,34,0.0,Air,,1.3,Small,T1,hover_ciws,,,,0,,NEED_CODE_CHECK,NEED_CODE_CHECK,,CHUA_AP:prompt_xuat_luot5,5000,1000,aa,"Wikipedia 'AK-630': 4,000-5,000 rpm, 2,000-round belt",,giong,,,,,,,,,,,,,,,,,,,,,,,,,,,,,,,,,,,,,,,,,,,,,,,,,,,,,12,Fragmentation,,,,,,,air,Airburst,,,,,,,,hover_ciws,,,,,,,,,,,,2,,,FALSE,,,,,,,,,,,,AK-630 30 mm air-burst,,flak,,hover_ciws,,,,2.5,,,Air,,,,ak_630_30_mm_air_burst,,flak,Assets/MachineBrigade/Resources/Data/balance.json: secondRounds.rounds[44],"{""id"":""hover_ciws_flak"",""roundOf"":""hover_ciws"",""inherits"":""hover_ciws"",""weaponVariantId"":""flak"",""weaponFamily"":""ak_630_30_mm_air_burst"",""round"":""flak"",""for"":[""air""],""real"":""AK-630 30 mm air-burst"",""damageType"":""Fragmentation"",""pen"":2,""damage"":12,""splash"":2.5,""form"":""Airburst"",""piercing"":false,""targets"":""Air""}"
hover_rockets,A-22 Ogon 140 mm,rkt_140,,,rocket,140,,,,HighExplosive,2,Rocket,1,RIPPLE,11,0.5,22,0,0.0,0,0.0,65,4,0.0,50,55,12,Ground,,5.5,Medium,T3,,,boss,landing_hovercraft,1,landing_hovercraft:3;landing_hovercraft:4,NEED_CODE_CHECK,NEED_CODE_CHECK,,CHUA_AP:prompt_xuat_luot5,120,,rocket,"A-22 Ogon 140 mm (Zubr hovercraft), est. 0.5 s a rocket","A-22 Ogon 140 mm: est. 0.5 s a rocket (0.1 s was too fast), the 22 s pause kept",doi,,,,,,,,,,,,,,,0.1,0.5,,,,,,,,,,,,,,,,,,,,,,,11,0.5,140,,,,,,,,,,,22,65,HighExplosive,,,,rocket,,,,,,,,,,,Medium,,,,,,,,,12,,,,2,,,,,,Rocket,grad,,50,,,,,55,A-22 Ogon 140 mm,,,,,,,140,4,5.5,,,,,,,rkt_140,,Assets/MachineBrigade/Resources/Data/balance.json: weapons[255],"{""id"":""hover_rockets"",""weaponFamilyId"":""rkt_140"",""real"":""A-22 Ogon 140 mm"",""family"":""rocket"",""size"":140,""caliberMm"":140,""pen"":2,""projectileModel"":""grad"",""damageType"":""HighExplosive"",""damage"":65,""cooldown"":22,""range"":55,""minRange"":12,""projectileSpeed"":50,""splash"":4,""spread"":5.5,""impactTier"":""Medium"",""projectile"":""Rocket"",""burst"":11,""burstInterval"":0.5}"
howitzer,M284 155 mm,cal_152_155,,m284_155_mm_2,howitzer,155,,,,HighExplosive,3,Shell,1,RIPPLE,1,0.1,7.1429,0,0.0,20,33.49,320,7,0.0,45,90,25,Ground,,5,Large,T3,,howitzer_guided,boss;xe,artillery;elite_artillery;mobile_fortress,3,artillery:0;elite_artillery:0;mobile_fortress:other,NEED_CODE_CHECK,NEED_CODE_CHECK,,CHUA_AP:prompt_xuat_luot5,4,1,gun,"US Army M109A7 fact file: 4 rpm for 3 min, 1 rpm sustained",,giong,,,,,,,,,,,,,,,,,,,,,,,,,,,,,,,,,20,,,,,,,,155,,,,,,,,,,,7.1429,320,HighExplosive,,,,howitzer,,,,,,,,,,,Large,,,,,,,,,25,,,,3,,,,,,,,,,,,,,90,M284 155 mm,33.49,,,,,,155,,5,,,,,,m284_155_mm_2,cal_152_155,,Assets/MachineBrigade/Resources/Data/balance.json: weapons[16],"{""id"":""howitzer"",""weaponFamilyId"":""cal_152_155"",""weaponFamily"":""m284_155_mm_2"",""real"":""M284 155 mm"",""family"":""howitzer"",""size"":155,""caliberMm"":155,""pen"":3,""damageType"":""HighExplosive"",""damage"":320,""cooldown"":7.1429,""range"":90,""minRange"":25,""spread"":5,""impactTier"":""Large"",""ammo"":20,""reload"":33.49}"
howitzer_cb,M284 155 mm,cal_152_155,,m284_155_mm_2,howitzer,155,,,,HighExplosive,3,Shell,1,RIPPLE,1,0.1,3.9,0,0.0,20,13,320,7,0.0,45,90,25,Ground,,5,Large,T3,howitzer_fixed,howitzer_cb_guided,thap,artillery_emplacement.cb,1,artillery_emplacement.cb:0,NEED_CODE_CHECK,NEED_CODE_CHECK,,CHUA_AP:prompt_xuat_luot5,4,1,gun,"US Army M109A7 fact file: 4 rpm for 3 min, 1 rpm sustained",,giong,,,,,,,,,,,,,,,,,,,,,,,,,,,,,,,,,,,,,,,,,155,,,,,,,,,,,,,,,,,howitzer,,,,,,,,,,,,howitzer_fixed,,,,,,,,,,,,3,,,,,,,,,,,,,,,M284 155 mm,,,,,,,155,,,,,,,,m284_155_mm_2,,,Assets/MachineBrigade/Resources/Data/balance.json: weapons[130],"{""id"":""howitzer_cb"",""weaponFamily"":""m284_155_mm_2"",""real"":""M284 155 mm"",""family"":""howitzer"",""size"":155,""caliberMm"":155,""pen"":3,""inherits"":""howitzer_fixed"",""bonuses"":[{""class"":""Artillery"",""mult"":1.25}]}"
howitzer_cb_guided,M284 155 mm guided,cal_152_155,guided,m284_155_mm_guided,howitzer,155,,,,HighExplosive,3,Shell,1,RIPPLE,1,0.1,3.9,0,0.0,20,13,320,7,0.0,45,90,25,Ground,,0,Large,T3,howitzer_cb,,,,0,,NEED_CODE_CHECK,NEED_CODE_CHECK,,CHUA_AP:prompt_xuat_luot5,4,1,gun,"US Army M109A7 fact file: 4 rpm for 3 min, 1 rpm sustained",,giong,,,,,,,,,,,,,,,,,,,,,,,,,,,,,,,,,,,,,,,1,,,,,,,,,,,,,,320,HighExplosive,,TRUE,,,,,armour,HeShell,,,,TRUE,,,,howitzer_cb,,,,,,,,,,,,3,,,,,,,,,,,,,,,M284 155 mm guided,,guided,,howitzer_cb,,,,,0,,Ground,,,,m284_155_mm_guided,,guided,Assets/MachineBrigade/Resources/Data/balance.json: secondRounds.rounds[46],"{""id"":""howitzer_cb_guided"",""roundOf"":""howitzer_cb"",""inherits"":""howitzer_cb"",""weaponVariantId"":""guided"",""weaponFamily"":""m284_155_mm_guided"",""round"":""guided"",""for"":[""armour""],""elite"":true,""real"":""M284 155 mm guided"",""damageType"":""HighExplosive"",""pen"":3,""damage"":320,""spread"":0,""burst"":1,""guided"":true,""form"":""HeShell"",""targets"":""Ground"",""bonuses"":[]}"
howitzer_ext,M284 155 mm (base bleed),cal_152_155,,m284_155_mm_2,howitzer,155,,,,HighExplosive,3,Shell,1,RIPPLE,1,0.1,5.3,0,0.0,20,21,320,7,0.0,45,112,25,Ground,,5,Large,T3,howitzer_fixed,,,,0,,NEED_CODE_CHECK,NEED_CODE_CHECK,,CHUA_AP:prompt_xuat_luot5,4,1,gun,"US Army M109A7 fact file: 4 rpm for 3 min, 1 rpm sustained",,giong,,,,,,,,,,,,,,,,,,,,,,,,,,,,,,,,,,,,,,,,,155,,,,,,,,,,,5.3,,,,,,howitzer,,,,,,,,,,,,howitzer_fixed,,,,,,,,,,,,3,,,,,,,,,,,,,,112,M284 155 mm (base bleed),21,,,,,,155,,,,,,,,m284_155_mm_2,,,Assets/MachineBrigade/Resources/Data/balance.json: weapons[131],"{""id"":""howitzer_ext"",""weaponFamily"":""m284_155_mm_2"",""real"":""M284 155 mm (base bleed)"",""family"":""howitzer"",""size"":155,""caliberMm"":155,""pen"":3,""inherits"":""howitzer_fixed"",""range"":112,""cooldown"":5.3,""reload"":21}"
howitzer_fixed,M284 155 mm,cal_152_155,,m284_155_mm_2,howitzer,155,,,,HighExplosive,3,Shell,1,RIPPLE,1,0.1,3.9,0,0.0,20,13,320,7,0.0,45,90,25,Ground,,5,Large,T3,howitzer,howitzer_fixed_guided,thap,artillery_emplacement,1,artillery_emplacement:0,NEED_CODE_CHECK,NEED_CODE_CHECK,,CHUA_AP:prompt_xuat_luot5,4,1,gun,"US Army M109A7 fact file: 4 rpm for 3 min, 1 rpm sustained",,giong,,,,,,,,,,,,,,,,,,,,,,,,,,,,,,,,,,,,,,,,,155,,,,,,,,,,,3.9,,,,,,howitzer,,,,,,,,,,,,howitzer,,,,,,,,,,,,3,,,,,,,,,,,,,,,M284 155 mm,13,,,,,,155,,,,,,,,m284_155_mm_2,,,Assets/MachineBrigade/Resources/Data/balance.json: weapons[17],"{""id"":""howitzer_fixed"",""weaponFamily"":""m284_155_mm_2"",""real"":""M284 155 mm"",""family"":""howitzer"",""size"":155,""caliberMm"":155,""pen"":3,""inherits"":""howitzer"",""cooldown"":3.9,""reload"":13}"
howitzer_fixed_guided,M284 155 mm guided,cal_152_155,guided,m284_155_mm_guided,howitzer,155,,,,HighExplosive,3,Shell,1,RIPPLE,1,0.1,3.9,0,0.0,20,13,320,7,0.0,45,90,25,Ground,,0,Large,T3,howitzer_fixed,,,,0,,NEED_CODE_CHECK,NEED_CODE_CHECK,,CHUA_AP:prompt_xuat_luot5,4,1,gun,"US Army M109A7 fact file: 4 rpm for 3 min, 1 rpm sustained",,giong,,,,,,,,,,,,,,,,,,,,,,,,,,,,,,,,,,,,,,,1,,,,,,,,,,,,,,320,HighExplosive,,TRUE,,,,,armour,HeShell,,,,TRUE,,,,howitzer_fixed,,,,,,,,,,,,3,,,,,,,,,,,,,,,M284 155 mm guided,,guided,,howitzer_fixed,,,,,0,,Ground,,,,m284_155_mm_guided,,guided,Assets/MachineBrigade/Resources/Data/balance.json: secondRounds.rounds[47],"{""id"":""howitzer_fixed_guided"",""roundOf"":""howitzer_fixed"",""inherits"":""howitzer_fixed"",""weaponVariantId"":""guided"",""weaponFamily"":""m284_155_mm_guided"",""round"":""guided"",""for"":[""armour""],""elite"":true,""real"":""M284 155 mm guided"",""damageType"":""HighExplosive"",""pen"":3,""damage"":320,""spread"":0,""burst"":1,""guided"":true,""form"":""HeShell"",""targets"":""Ground""}"
howitzer_guided,M284 155 mm guided,cal_152_155,guided,m284_155_mm_guided,howitzer,155,,,,HighExplosive,3,Shell,1,RIPPLE,1,0.1,7.1429,0,0.0,20,33.49,320,7,0.0,45,90,25,Ground,,0,Large,T3,howitzer,,,,0,,NEED_CODE_CHECK,NEED_CODE_CHECK,,CHUA_AP:prompt_xuat_luot5,4,1,gun,"US Army M109A7 fact file: 4 rpm for 3 min, 1 rpm sustained",,giong,,,,,,,,,,,,,,,,,,,,,,,,,,,,,,,,,,,,,,,1,,,,,,,,,,,,,,320,HighExplosive,,TRUE,,,,,armour,HeShell,,,,TRUE,,,,howitzer,,,,,,,,,,,,3,,,,,,,,,,,,,,,M284 155 mm guided,,guided,,howitzer,,,,,0,,Ground,,,,m284_155_mm_guided,,guided,Assets/MachineBrigade/Resources/Data/balance.json: secondRounds.rounds[45],"{""id"":""howitzer_guided"",""roundOf"":""howitzer"",""inherits"":""howitzer"",""weaponVariantId"":""guided"",""weaponFamily"":""m284_155_mm_guided"",""round"":""guided"",""for"":[""armour""],""elite"":true,""real"":""M284 155 mm guided"",""damageType"":""HighExplosive"",""pen"":3,""damage"":320,""spread"":0,""burst"":1,""guided"":true,""form"":""HeShell"",""targets"":""Ground""}"
hq_flak,2A38 30 mm (twin),cal_30,flak,2a38_30_mm,autocannon,30,,,,Fragmentation,2,Bullet,1,RIPPLE,1,0.1,0.0286,120,3.0286,0,0.0,7.5,2.5,0.0,280,42,0.0,All,,1.4,Small,T1,twin_30_flak,hq_flak_ap,cong_trinh,headquarters;headquarters.fortress_air;headquarters.fortress_ground;headquarters.shield,4,headquarters:1;headquarters:2;headquarters.fortress_air:1;headquarters.fortress_air:2;headquarters.fortress_ground:1;headquarters.fortress_ground:2;headquarters.shield:1;headquarters.shield:2,NEED_CODE_CHECK,NEED_CODE_CHECK,,CHUA_AP:prompt_xuat_luot5,2500,1000,aa,"Wikipedia '2A38': 4,060-5,000 rpm the twin mount",,giong,,,,,,,,,,,,,,,,,,,,,,,,,,,,,,,,,,,,,,,,,30,,,120,3.0286,,,,,,,0.0286,,,,,,autocannon,,,,,,,,,,,,twin_30_flak,,,,,,,,,,,,2,,,,,,,,,,,,,,,2A38 30 mm (twin),,,,,,,30,,,,,,,,2a38_30_mm,,,Assets/MachineBrigade/Resources/Data/balance.json: weapons[47],"{""id"":""hq_flak"",""weaponFamily"":""2a38_30_mm"",""real"":""2A38 30 mm (twin)"",""family"":""autocannon"",""size"":30,""caliberMm"":30,""pen"":2,""inherits"":""twin_30_flak"",""cooldown"":0.0286,""clip"":120,""clipReload"":3.0286,""bonuses"":[]}"
hq_flak_ap,2A38 30 mm AP (twin),cal_30,,2a38_30_mm_ap,autocannon,30,,,,Kinetic,2,Bullet,1,RIPPLE,1,0.1,0.0286,120,3.0286,0,0.0,7.5,0,0.0,280,42,0.0,Ground,,1.4,Small,T1,hq_flak,,,,0,,NEED_CODE_CHECK,NEED_CODE_CHECK,,CHUA_AP:prompt_xuat_luot5,2500,1000,aa,"Wikipedia '2A38': 4,060-5,000 rpm the twin mount",,giong,,,,,,,,,,,,,,,,,,,,,,,,,,,,,,,,,,,,,,,,,,,,,,,,,,,,,7.5,Kinetic,,,,,,,ground,BeltedAutocannon,,,,,,,,hq_flak,,,,,,,,,,,,2,,,TRUE,,,,,,,,,,,,2A38 30 mm AP (twin),,ap,,hq_flak,,,,0,,,Ground,,,,2a38_30_mm_ap,,,Assets/MachineBrigade/Resources/Data/balance.json: secondRounds.rounds[48],"{""id"":""hq_flak_ap"",""roundOf"":""hq_flak"",""inherits"":""hq_flak"",""weaponVariantId"":"""",""weaponFamily"":""2a38_30_mm_ap"",""round"":""ap"",""for"":[""ground""],""real"":""2A38 30 mm AP (twin)"",""damageType"":""Kinetic"",""pen"":2,""damage"":7.5,""splash"":0,""form"":""BeltedAutocannon"",""piercing"":true,""targets"":""Ground""}"
ifv_30,2A42 30 mm,cal_30,,2a42_30_mm,autocannon,30,,,,Kinetic,2,Bullet,1,RIPPLE,10,0.1111,1.6111,0,0,0,0.0,22,0,0.0,200,30,0.0,Ground,,0.8,Small,T1,autocannon_30,ifv_30_flak,xe,ifv,1,ifv:0,NEED_CODE_CHECK,NEED_CODE_CHECK,,CHUA_AP:prompt_xuat_luot5,800,300,ac,"Wikipedia '2A42': 550-800 high, 200-300 low rpm",,giong,,,,,,,,,,,,,,,,,,,,,,,,,,,,,,,,,,,,,,,10,0.1111,30,,,0,0,,,,,,,1.6111,,,,,,autocannon,,,,,,,,,,,,autocannon_30,,,,,,,,,,,,2,,,,,,,,,,,,,,,2A42 30 mm,,,,,,,30,,,,,,,,2a42_30_mm,,,Assets/MachineBrigade/Resources/Data/balance.json: weapons[9],"{""id"":""ifv_30"",""weaponFamily"":""2a42_30_mm"",""burstInterval"":0.1111,""burst"":10,""real"":""2A42 30 mm"",""family"":""autocannon"",""size"":30,""caliberMm"":30,""pen"":2,""inherits"":""autocannon_30"",""cooldown"":1.6111,""clipReload"":0,""clip"":0}"
ifv_30_flak,2A42 30 mm air-burst,cal_30,flak,2a42_30_mm_air_burst,autocannon,30,,,,Fragmentation,2,Bullet,1,RIPPLE,10,0.1111,1.6111,0,0,0,0.0,22,2.5,0.0,200,30,0.0,Air,,0.8,Small,T1,ifv_30,,,,0,,NEED_CODE_CHECK,NEED_CODE_CHECK,,CHUA_AP:prompt_xuat_luot5,800,300,ac,"Wikipedia '2A42': 550-800 high, 200-300 low rpm",,giong,,,,,,,,,,,,,,,,,,,,,,,,,,,,,,,,,,,,,,,,,,,,,,,,,,,,,22,Fragmentation,,,,,,,air,Airburst,,,,,,,,ifv_30,,,,,,,,,,,,2,,,FALSE,,,,,,,,,,,,2A42 30 mm air-burst,,flak,,ifv_30,,,,2.5,,,Air,,,,2a42_30_mm_air_burst,,flak,Assets/MachineBrigade/Resources/Data/balance.json: secondRounds.rounds[49],"{""id"":""ifv_30_flak"",""roundOf"":""ifv_30"",""inherits"":""ifv_30"",""weaponVariantId"":""flak"",""weaponFamily"":""2a42_30_mm_air_burst"",""round"":""flak"",""for"":[""air""],""real"":""2A42 30 mm air-burst"",""damageType"":""Fragmentation"",""pen"":2,""damage"":22,""splash"":2.5,""form"":""Airburst"",""piercing"":false,""targets"":""Air""}"
igla_v,9K38 Igla-V,sam_9k38_igla_v,,,aa_missile,,1.2,,,Fragmentation,2,Missile,1,RIPPLE,1,0.1,8.33,0,0.0,0,0.0,150,1.5,0.0,24,32,0.0,Air,,0.0,Medium,T2,,,,,0,,NEED_CODE_CHECK,NEED_CODE_CHECK,,CHUA_AP:prompt_xuat_luot5,20,10,missile,"air-launched Igla-V pairs, est. 3 s",,giong,,,,,,,,,,,,,,,,,,,,,,,,,,,,,,,,,,,,,,,,,,,,,,,,,,,,8.33,150,Fragmentation,,,,aa_missile,,,,,,,,,,,Medium,,,,,,2,,,,,,,2,,,,,,Missile,igla,0.78,24,,,,,32,9K38 Igla-V,,,,,180,,1.2,1.5,,,Air,,,1.2,,sam_9k38_igla_v,,Assets/MachineBrigade/Resources/Data/balance.json: weapons[66],"{""id"":""igla_v"",""weaponFamilyId"":""sam_9k38_igla_v"",""load"":2,""real"":""9K38 Igla-V"",""family"":""aa_missile"",""size"":1.2,""warheadKg"":1.2,""pen"":2,""projectileModel"":""igla"",""projectileScale"":0.78,""damageType"":""Fragmentation"",""damage"":150,""cooldown"":8.33,""range"":32,""projectileSpeed"":24,""splash"":1.5,""impactTier"":""Medium"",""projectile"":""Missile"",""targets"":""Air"",""roundWeight"":180}"
illum_flare,Illumination flare,special_illumination_flare,,,special,,,,,HighExplosive,0,Shell,1,RIPPLE,1,0.1,15,0,0.0,0,0.0,0,0.0,0.0,35,40,0.0,Ground,,0.0,Small,T0,,,thap,flare_searchlight_tower;flare_tower;searchlight.flare,3,flare_searchlight_tower:0;flare_tower:0;searchlight.flare:0,NEED_CODE_CHECK,NEED_CODE_CHECK,,CHUA_AP:prompt_xuat_luot5,NEED_SOURCE,NEED_SOURCE,,NEED_SOURCE,,giong,,,,,,,,,,,,,,,,,,,,,,,,,,,,,,,,,,,,,,,,,,,,,,,,,,,,15,0,HighExplosive,,,,special,,,,None,,,,,,,Small,,,,,,,,,,,,,0,,,,,,Shell,,,35,,,,,40,Illumination flare,,,,,,,81,,,,,,,,,special_illumination_flare,,Assets/MachineBrigade/Resources/Data/balance.json: weapons[281],"{""id"":""illum_flare"",""weaponFamilyId"":""special_illumination_flare"",""real"":""Illumination flare"",""family"":""special"",""size"":81,""pen"":0,""form"":""None"",""damageType"":""HighExplosive"",""damage"":0,""cooldown"":15,""range"":40,""projectileSpeed"":35,""impactTier"":""Small"",""projectile"":""Shell""}"
interceptor_drone,Interceptor drone (1 kg),drone_interceptor_drone,,,drone,,1,,,Fragmentation,1,Drone,1,RIPPLE,1,0.1,4,0,0.0,0,0.0,120,1.5,0.0,40,60,0.0,Air,,0.0,Small,T2,,,xe,interceptor_drone_vehicle,1,interceptor_drone_vehicle:0,NEED_CODE_CHECK,NEED_CODE_CHECK,,CHUA_AP:prompt_xuat_luot5,NEED_SOURCE,NEED_SOURCE,,NEED_SOURCE,,giong,,,,,,,,,,,,,,,,,,,,,,,,,,,,,,,,,,,,,,,,,,,,,,,,,,,,4,120,Fragmentation,,,,drone,,,,,,,,,,,Small,,,,,,,,,,,,,1,,,,,Rotors,Drone,fpv_drone,1.2,40,,,,,60,Interceptor drone (1 kg),,,,,,,1,1.5,,,Air,,,1,,drone_interceptor_drone,,Assets/MachineBrigade/Resources/Data/balance.json: weapons[280],"{""id"":""interceptor_drone"",""weaponFamilyId"":""drone_interceptor_drone"",""real"":""Interceptor drone (1 kg)"",""family"":""drone"",""size"":1,""warheadKg"":1,""pen"":1,""damageType"":""Fragmentation"",""damage"":120,""cooldown"":4,""range"":60,""projectileSpeed"":40,""splash"":1.5,""projectileModel"":""fpv_drone"",""projectileScale"":1.2,""impactTier"":""Small"",""projectile"":""Drone"",""targets"":""Air"",""prey"":""Rotors""}"
jassm,AGM-158 JASSM (450 kg),cruise_agm_158_jassm,,,cruise,,450,,,HighExplosive,3,Missile,1,RIPPLE,2,0.6,9.84,0,0.0,0,0.0,410,9,0.0,20,90,0.0,Ground,,0.0,Huge,T4,,,xe,stealth_bomber;swarm_carrier,2,stealth_bomber:1;swarm_carrier:1,NEED_CODE_CHECK,NEED_CODE_CHECK,,CHUA_AP:prompt_xuat_luot5,20,6,missile,cruise missiles: ~3 s between launches (est.),,giong,,,,,,,,,,,,,,,,,,,,,,,,,,,,,,,,,,,,,,,2,0.6,,,,,,,,,,,,9.84,410,HighExplosive,,,,cruise,,,,,,,,,,,Huge,,,,,,4,,,,,,,3,,,,,,Missile,jassm,0.7091,20,,,,,90,AGM-158 JASSM (450 kg),,,2.135,,420,,450,9,,,,,,450,,cruise_agm_158_jassm,,Assets/MachineBrigade/Resources/Data/balance.json: weapons[69],"{""id"":""jassm"",""weaponFamilyId"":""cruise_agm_158_jassm"",""load"":4,""real"":""AGM-158 JASSM (450 kg)"",""family"":""cruise"",""size"":450,""warheadKg"":450,""pen"":3,""projectileModel"":""jassm"",""projectileScale"":0.7091,""roundLength"":2.135,""damageType"":""HighExplosive"",""damage"":410,""cooldown"":9.84,""range"":90,""projectileSpeed"":20,""splash"":9,""impactTier"":""Huge"",""projectile"":""Missile"",""burst"":2,""burstInterval"":0.6,""roundWeight"":420}"
jet_bombs,FAB-250 (250 kg),bomb_fab_250,,,bomb,,250,,,HighExplosive,2,Bomb,1,RIPPLE,2,0.25,10.05,0,0.0,0,0.0,310,8,0.0,35,26,0.0,Ground,,3,Huge,T3,,,xe,attack_jet;elite_attack_jet;stealth_naval_strike,3,attack_jet:2;elite_attack_jet:2;stealth_naval_strike:1,NEED_CODE_CHECK,NEED_CODE_CHECK,,CHUA_AP:prompt_xuat_luot5,600,,bomb,"a stick's release, 0.1 s and up (est.)",,giong,,,,,,,,,,,,,,,,,,,,,,,,,,,,,,,,,,,,,,,2,0.25,,,,,,,,,,,,10.05,310,HighExplosive,,,,bomb,,,,,,,,,,,Huge,,,,,,3,,,,,,,2,,,,,,Bomb,bomb_fab,0.5444,35,,,,,26,FAB-250 (250 kg),,,0.98,,351,,250,8,3,,,,,250,,bomb_fab_250,,Assets/MachineBrigade/Resources/Data/balance.json: weapons[41],"{""id"":""jet_bombs"",""weaponFamilyId"":""bomb_fab_250"",""load"":3,""real"":""FAB-250 (250 kg)"",""family"":""bomb"",""size"":250,""warheadKg"":250,""pen"":2,""projectileModel"":""bomb_fab"",""projectileScale"":0.5444,""roundLength"":0.98,""damageType"":""HighExplosive"",""damage"":310,""cooldown"":10.05,""range"":26,""projectileSpeed"":35,""splash"":8,""spread"":3,""impactTier"":""Huge"",""projectile"":""Bomb"",""burst"":2,""burstInterval"":0.25,""roundWeight"":351}"
jet_cannon,GSh-30-2 30 mm,cal_30,,,autocannon,30,,,,Kinetic,2,Bullet,1,RIPPLE,1,0.1,0.0526,70,1.5526,0,0.0,23,0.0,0.0,300,30,0.0,Ground,,2.5,Small,T1,,jet_cannon_flak,xe,attack_jet;elite_attack_jet,2,attack_jet:0;elite_attack_jet:0,NEED_CODE_CHECK,NEED_CODE_CHECK,,CHUA_AP:prompt_xuat_luot5,3000,,ac,"Wikipedia 'GSh-30-2': 3,000 rpm",,giong,,,,,,,,,,,,,,,,,,,,,,,,,,,,,,,,,,,,,,,,,30,,,70,1.5526,,,,,,,0.0526,23,Kinetic,,,,autocannon,,,,,,,,,,,Small,,,,,,,,,,,,,2,,,TRUE,,,Bullet,,,300,,,,,30,GSh-30-2 30 mm,,,,,,,30,,2.5,,,,,,,cal_30,,Assets/MachineBrigade/Resources/Data/balance.json: weapons[39],"{""id"":""jet_cannon"",""weaponFamilyId"":""cal_30"",""real"":""GSh-30-2 30 mm"",""family"":""autocannon"",""size"":30,""caliberMm"":30,""pen"":2,""piercing"":true,""damageType"":""Kinetic"",""damage"":23,""cooldown"":0.0526,""range"":30,""projectileSpeed"":300,""spread"":2.5,""impactTier"":""Small"",""projectile"":""Bullet"",""clip"":70,""clipReload"":1.5526}"
jet_cannon_flak,GSh-30-2 30 mm air-burst,cal_30,flak,,autocannon,30,,,,Fragmentation,2,Bullet,1,RIPPLE,1,0.1,0.0526,70,1.5526,0,0.0,23,2.5,0.0,300,30,0.0,Air,,2.5,Small,T1,jet_cannon,,,,0,,NEED_CODE_CHECK,NEED_CODE_CHECK,,CHUA_AP:prompt_xuat_luot5,3000,,ac,"Wikipedia 'GSh-30-2': 3,000 rpm",,giong,,,,,,,,,,,,,,,,,,,,,,,,,,,,,,,,,,,,,,,,,,,,,,,,,,,,,23,Fragmentation,,,,,,,air,Airburst,,,,,,,,jet_cannon,,,,,,,,,,,,2,,,FALSE,,,,,,,,,,,,GSh-30-2 30 mm air-burst,,flak,,jet_cannon,,,,2.5,,,Air,,,,,,flak,Assets/MachineBrigade/Resources/Data/balance.json: secondRounds.rounds[50],"{""id"":""jet_cannon_flak"",""roundOf"":""jet_cannon"",""inherits"":""jet_cannon"",""weaponVariantId"":""flak"",""weaponFamily"":"""",""round"":""flak"",""for"":[""air""],""real"":""GSh-30-2 30 mm air-burst"",""damageType"":""Fragmentation"",""pen"":2,""damage"":23,""splash"":2.5,""form"":""Airburst"",""piercing"":false,""targets"":""Air""}"
jet_rockets,Hydra 70 mm,rkt_70_80,,hydra_70_mm,rocket,70,,,,HighExplosive,2,Rocket,1,RIPPLE,7,0.08,2.55,0,0.0,0,0.0,30,3,0.0,40,36,0.0,Ground,,4,Medium,T2,,,,,0,,NEED_CODE_CHECK,NEED_CODE_CHECK,,CHUA_AP:prompt_xuat_luot5,900,,rocket,rocket pods: ripples of 0.05-0.12 s (DECISIONS 19R),,giong,,,,,,,,,,,,,,,,,,,,,,,,,,,,,,,,,,,,,,,7,0.08,70,,,,,,,,,,,2.55,30,HighExplosive,,,,rocket,,,,,,,,,,,Medium,,,,,,14,,,,,,,2,,,,,,Rocket,,,,,,,,36,Hydra 70 mm,,,,,,,70,,4,,,,,,hydra_70_mm,rkt_70_80,,Assets/MachineBrigade/Resources/Data/balance.json: weapons[40],"{""id"":""jet_rockets"",""weaponFamilyId"":""rkt_70_80"",""weaponFamily"":""hydra_70_mm"",""load"":14,""real"":""Hydra 70 mm"",""family"":""rocket"",""size"":70,""caliberMm"":70,""pen"":2,""damageType"":""HighExplosive"",""damage"":30,""cooldown"":2.55,""range"":36,""spread"":4,""impactTier"":""Medium"",""projectile"":""Rocket"",""burst"":7,""burstInterval"":0.08}"
kh29,Kh-29L,atgm_kh_29l,,,atgm,,320,,,ShapedCharge,4,Missile,1,RIPPLE,1,0.1,7.86,0,0.0,0,0.0,378,0.0,0.0,32,40,0.0,Ground,,0.0,Large,T4,,,xe,attack_jet;elite_attack_jet,2,attack_jet:3;elite_attack_jet:3,NEED_CODE_CHECK,NEED_CODE_CHECK,,CHUA_AP:prompt_xuat_luot5,60,10,atgm,"air-launched: ripples ~1 s apart, est. 6 s an aimed shot",,giong,,,,,,,,,,,,,,,,,,,,,,,,,,,,,,,,,,,,,,,,,,,,,,,,,,,,7.86,378,ShapedCharge,,,,atgm,,,,,,,,,,,Large,,,,,,2,,,,,,,4,,,TRUE,,,Missile,kh29l,0.975,32,,,,,40,Kh-29L,,,1.95,,690,,680,,,,,,,320,,atgm_kh_29l,,Assets/MachineBrigade/Resources/Data/balance.json: weapons[72],"{""id"":""kh29"",""weaponFamilyId"":""atgm_kh_29l"",""load"":2,""real"":""Kh-29L"",""family"":""atgm"",""size"":680,""warheadKg"":320,""pen"":4,""piercing"":true,""projectileModel"":""kh29l"",""roundLength"":1.95,""projectileScale"":0.975,""damageType"":""ShapedCharge"",""damage"":378,""cooldown"":7.86,""range"":40,""projectileSpeed"":32,""impactTier"":""Large"",""projectile"":""Missile"",""roundWeight"":690}"
khrizantema,9M123 Khrizantema,atgm_9m123_khrizantema,,,atgm,,46,,,ShapedCharge,4,Missile,1,RIPPLE,2,0.6,9,0,0.0,0,0.0,250,0.0,0.0,24,50,0.0,Ground,,0.0,Medium,T2,,,xe,radar_atgm_vehicle,1,radar_atgm_vehicle:0,NEED_CODE_CHECK,NEED_CODE_CHECK,,CHUA_AP:prompt_xuat_luot5,4,3,atgm,Shturm / Ataka / Khrizantema launchers: est. 3-4 rpm a rail,,giong,,,,,,,,,,,,,,,,,,,,,,,,,,,,,,,,,,,,,,,2,0.6,,,,,,,,,,,,9,250,ShapedCharge,,,,atgm,,,,,,,,,,,Medium,,,,,,,,,,,,,4,,,TRUE,,,Missile,atgm_kornet,0.9,24,,,,,50,9M123 Khrizantema,,,,,,,46,,,,,,,46,,atgm_9m123_khrizantema,,Assets/MachineBrigade/Resources/Data/balance.json: weapons[272],"{""id"":""khrizantema"",""weaponFamilyId"":""atgm_9m123_khrizantema"",""real"":""9M123 Khrizantema"",""family"":""atgm"",""size"":46,""warheadKg"":46,""pen"":4,""piercing"":true,""projectileModel"":""atgm_kornet"",""projectileScale"":0.9,""damageType"":""ShapedCharge"",""damage"":250,""burst"":2,""burstInterval"":0.6,""cooldown"":9,""range"":50,""projectileSpeed"":24,""impactTier"":""Medium"",""projectile"":""Missile""}"
kornet_multi,9M133 Kornet,atgm_kornet,,9m133_kornet,atgm,,7,,,ShapedCharge,4,Missile,1,RIPPLE,2,0.6,4.95,0,0.0,0,0.0,230,0,0.0,22,50,0.0,All,,0.0,Medium,T2,tower_kornet,,thap,atgm_tower.multi,1,atgm_tower.multi:0,NEED_CODE_CHECK,NEED_CODE_CHECK,,CHUA_AP:prompt_xuat_luot5,3,3,atgm,Wikipedia '9M133 Kornet': 2-3 rpm,,giong,,,,,,,,,,,,,,,,,,,,,,,,,,,,,,,,,,,,,,,,,,,,,,,,,,,,4.95,,,,,,atgm,,,,,,,,,,,,tower_kornet,,,,,,,,,,,,4,,,,,,,,,,,,,,,9M133 Kornet,,,,,,,29,,,,All,,,7,9m133_kornet,,,Assets/MachineBrigade/Resources/Data/balance.json: weapons[124],"{""id"":""kornet_multi"",""weaponFamily"":""9m133_kornet"",""cooldown"":4.95,""real"":""9M133 Kornet"",""family"":""atgm"",""size"":29,""warheadKg"":7,""pen"":4,""inherits"":""tower_kornet"",""targets"":""All"",""bonuses"":[{""armor"":""Light"",""mult"":0.6},{""armor"":""Heavy"",""mult"":0.85}]}"
kornet_top,9M133 Kornet,atgm_kornet,,9m133_kornet,atgm,,7,,,ShapedCharge,4,Missile,1,RIPPLE,2,0.6,4.6,0,0.0,0,0.0,230,0,0.0,22,50,0.0,Ground,,0.0,Medium,T2,tower_kornet,,thap,atgm_tower.top,1,atgm_tower.top:0,NEED_CODE_CHECK,NEED_CODE_CHECK,,CHUA_AP:prompt_xuat_luot5,3,3,atgm,Wikipedia '9M133 Kornet': 2-3 rpm,,giong,,,,,,,,,,,,,,,,,,,,,,,,,,,,,,,,,,,,,,,,,,,,,,,,,,,,4.6,,,,,,atgm,,,,,,,,,,,,tower_kornet,,,,,,,,,,,,4,,,,,,,,,,,,,,,9M133 Kornet,,,,,,,29,,,,,,TRUE,7,9m133_kornet,,,Assets/MachineBrigade/Resources/Data/balance.json: weapons[123],"{""id"":""kornet_top"",""weaponFamily"":""9m133_kornet"",""cooldown"":4.6,""real"":""9M133 Kornet"",""family"":""atgm"",""size"":29,""warheadKg"":7,""pen"":4,""topAttack"":true,""inherits"":""tower_kornet""}"
kornet_twin,9M133 Kornet,atgm_kornet,,9m133_kornet,atgm,,7,,,ShapedCharge,4,Missile,1,RIPPLE,2,0.6,10.51,0,0.0,0,0.0,230,0,0.0,22,50,0.0,Ground,,0.0,Medium,T2,,,,,0,,NEED_CODE_CHECK,NEED_CODE_CHECK,,CHUA_AP:prompt_xuat_luot5,3,3,atgm,Wikipedia '9M133 Kornet': 2-3 rpm,,giong,,,,,,,,,,,,,,,,,,,,,,,,,,,,,,,,,,,,,,,2,0.6,,,,,,,,,,,,10.51,230,ShapedCharge,,,,atgm,,,,,,,,,,,Medium,,,,,,,,,,,,,4,,,TRUE,,,Missile,,,,,,,,50,9M133 Kornet,,,,,,,29,,,,,,,7,9m133_kornet,atgm_kornet,,Assets/MachineBrigade/Resources/Data/balance.json: weapons[109],"{""id"":""kornet_twin"",""weaponFamilyId"":""atgm_kornet"",""weaponFamily"":""9m133_kornet"",""real"":""9M133 Kornet"",""family"":""atgm"",""size"":29,""warheadKg"":7,""pen"":4,""piercing"":true,""damageType"":""ShapedCharge"",""damage"":230,""cooldown"":10.51,""range"":50,""impactTier"":""Medium"",""projectile"":""Missile"",""burst"":2,""burstInterval"":0.6}"
lancet,ZALA Lancet-3 (3 kg),drone_zala_lancet_3,,zala_lancet_3,drone,,3,,,ShapedCharge,4,Drone,1,RIPPLE,1,0.1,8.372,0,0.0,8,0.0,240,3,0.0,28,100,0.0,Ground,,0.0,Medium,T2,,,xe,lancet_truck,1,lancet_truck:0,NEED_CODE_CHECK,NEED_CODE_CHECK,,CHUA_AP:prompt_xuat_luot5,NEED_SOURCE,NEED_SOURCE,,NEED_SOURCE,,giong,,,,,,,,,,,,,,,,,,,,,,,,,,,,,,,,,8,,,,,,,,,,,,,,,,,,,8.372,240,ShapedCharge,,,,drone,,,,,,,,,,1.2,Medium,,,,,,,,,,,,,4,,,TRUE,,,Drone,,,,,,,,100,ZALA Lancet-3 (3 kg),,,,,,,3,,,,,,TRUE,3,zala_lancet_3,drone_zala_lancet_3,,Assets/MachineBrigade/Resources/Data/balance.json: weapons[79],"{""id"":""lancet"",""weaponFamilyId"":""drone_zala_lancet_3"",""weaponFamily"":""zala_lancet_3"",""real"":""ZALA Lancet-3 (3 kg)"",""family"":""drone"",""size"":3,""warheadKg"":3,""pen"":4,""topAttack"":true,""piercing"":true,""damageType"":""ShapedCharge"",""damage"":240,""cooldown"":8.372,""range"":100,""impactTier"":""Medium"",""impactScale"":1.2,""projectile"":""Drone"",""ammo"":8,""bonuses"":[{""class"":""Artillery"",""mult"":2},{""still"":3,""mult"":2},{""armor"":""Structure"",""mult"":1.5}]}"
lancet_hangar,ZALA Lancet-3 (3 kg),drone_zala_lancet_3,,zala_lancet_3,drone,,3,,,ShapedCharge,4,Drone,1,RIPPLE,1,0.1,3.6,0,0.0,0,0.0,240,3,0.0,28,100,0.0,Ground,,0.0,Medium,T2,lancet,,thap,drone_hangar.lancet,1,drone_hangar.lancet:0,NEED_CODE_CHECK,NEED_CODE_CHECK,,CHUA_AP:prompt_xuat_luot5,NEED_SOURCE,NEED_SOURCE,,NEED_SOURCE,,giong,,,,,,,,,,,,,,,,,,,,,,,,,,,,,,,,,0,,,,,,,,,,,,,,,,,,,3.6,,,,,,drone,,,,,,,,,,,,lancet,,,,,,,,,,,,4,,,,,,,,,,,,,,,ZALA Lancet-3 (3 kg),,,,,,,3,,,,,,TRUE,3,zala_lancet_3,,,Assets/MachineBrigade/Resources/Data/balance.json: weapons[135],"{""id"":""lancet_hangar"",""weaponFamily"":""zala_lancet_3"",""real"":""ZALA Lancet-3 (3 kg)"",""family"":""drone"",""size"":3,""warheadKg"":3,""pen"":4,""topAttack"":true,""inherits"":""lancet"",""cooldown"":3.6,""ammo"":0}"
laser_50kw,50 kW laser (Iron Beam fixed site),laser_50_kw_laser,,,laser,,,50,,Energy,2,Bullet,1,RIPPLE,1,0.1,0.0667,0,0.0,0,0.0,6,0.0,0.0,3000,40,0.0,Air,,0.0,Small,T1,,,thap,laser_ad_station;laser_ad_station.laser,2,laser_ad_station:0;laser_ad_station.laser:0,NEED_CODE_CHECK,NEED_CODE_CHECK,,CHUA_AP:prompt_xuat_luot5,NEED_SOURCE,NEED_SOURCE,,NEED_SOURCE,,giong,,,,,,,,,,,,,,,,,,,,,,,,,,,,,,,,,,,,TRUE,,,,,,,,,,,,,,,,0.0667,6,Energy,,,,laser,,,,,,,,,,,Small,,,,,,,,,,,,,2,,,,50,Drones,Bullet,,,3000,,,,,40,50 kW laser (Iron Beam fixed site),,,,,,,50,,,,Air,,,,,laser_50_kw_laser,,Assets/MachineBrigade/Resources/Data/balance.json: weapons[282],"{""id"":""laser_50kw"",""weaponFamilyId"":""laser_50_kw_laser"",""real"":""50 kW laser (Iron Beam fixed site)"",""family"":""laser"",""size"":50,""powerKw"":50,""pen"":2,""damageType"":""Energy"",""damage"":6,""cooldown"":0.0667,""range"":40,""projectileSpeed"":3000,""impactTier"":""Small"",""projectile"":""Bullet"",""targets"":""Air"",""beam"":true,""prey"":""Drones""}"
leviathan_460,"Mk 7 406 mm/50 (Iowa, triple)",cal_406,,,howitzer,406,,,,HighExplosive,4,Shell,1,RIPPLE,1,0.1,14,0,0.0,0,0.0,950,13,0.0,60,160,0.0,Ground,,3,Ultimate,T5,,leviathan_460_guided,,,0,,NEED_CODE_CHECK,NEED_CODE_CHECK,,CHUA_AP:prompt_xuat_luot5,2,2,gun,"Wikipedia '16""/50 caliber Mark 7': 2 rpm a gun",,giong,,,,,,,,,,,,,,,,,,,,,,,,,,,,,,,,,,,,,,,,,406,,,,,,,,,,,14,950,HighExplosive,,,,howitzer,,,,,,,,,,,Ultimate,,,,,TRUE,,,,,,,,4,,,,,,,shell_155,1.4182,60,,,,,160,"Mk 7 406 mm/50 (Iowa, triple)",,,1.56,,,,406,13,3,,,,,,,cal_406,,Assets/MachineBrigade/Resources/Data/balance.json: weapons[246],"{""id"":""leviathan_460"",""weaponFamilyId"":""cal_406"",""real"":""Mk 7 406 mm/50 (Iowa, triple)"",""family"":""howitzer"",""size"":406,""caliberMm"":406,""pen"":4,""projectileModel"":""shell_155"",""roundLength"":1.56,""projectileScale"":1.4182,""damageType"":""HighExplosive"",""damage"":950,""cooldown"":14,""range"":160,""projectileSpeed"":60,""splash"":13,""spread"":3,""impactTier"":""Ultimate"",""laid"":true}"
leviathan_460_guided,"Mk 7 406 mm/50 guided (Iowa, triple)",cal_406,,,howitzer,406,,,,HighExplosive,4,Shell,1,RIPPLE,1,0.1,14,0,0.0,0,0.0,950,13,0.0,60,160,0.0,Ground,,0,Ultimate,T5,leviathan_460,,,,0,,NEED_CODE_CHECK,NEED_CODE_CHECK,,CHUA_AP:prompt_xuat_luot5,2,2,gun,"Wikipedia '16""/50 caliber Mark 7': 2 rpm a gun",,giong,,,,,,,,,,,,,,,,,,,,,,,,,,,,,,,,,,,,,,,1,,,,,,,,,,,,,,950,HighExplosive,,TRUE,,,,,armour,HeShell,,,,TRUE,,,,leviathan_460,,,,,,,,,,,,4,,,,,,,,,,,,,,,"Mk 7 406 mm/50 guided (Iowa, triple)",,guided,,leviathan_460,,,,,0,,Ground,,,,,,,Assets/MachineBrigade/Resources/Data/balance.json: secondRounds.rounds[51],"{""id"":""leviathan_460_guided"",""roundOf"":""leviathan_460"",""inherits"":""leviathan_460"",""weaponFamily"":"""",""round"":""guided"",""for"":[""armour""],""elite"":true,""real"":""Mk 7 406 mm/50 guided (Iowa, triple)"",""damageType"":""HighExplosive"",""pen"":4,""damage"":950,""spread"":0,""burst"":1,""guided"":true,""form"":""HeShell"",""targets"":""Ground""}"
leviathan_cruise,3M-54 Kalibr,cruise_3m_54_kalibr,,,cruise,,200,,,HighExplosive,3,Missile,1,RIPPLE,1,0.1,50,0,0.0,0,0.0,520,10,0.0,24,400,0.0,Ground,,0.0,Ultimate,T4,,,boss,caspian;hydra;kraken;leviathan;nyx;scylla;typhon,7,caspian:other;hydra:other;kraken:other;leviathan:other;nyx:other;scylla:other;typhon:other,NEED_CODE_CHECK,NEED_CODE_CHECK,,CHUA_AP:prompt_xuat_luot5,20,6,missile,cruise missiles: ~3 s between launches (est.),,giong,,,,,,,,,,,,,,,,,,,,,,,,,,,,,,,,,,,,,,,,,,,,,,,,,,,,50,520,HighExplosive,,,,cruise,,,,,,,,,,,Ultimate,,,,,TRUE,,,,,,,,3,,,,,,Missile,cruise_missile,,24,,,,,400,3M-54 Kalibr,,,,,,,500,10,,,,,,200,,cruise_3m_54_kalibr,,Assets/MachineBrigade/Resources/Data/balance.json: weapons[248],"{""id"":""leviathan_cruise"",""weaponFamilyId"":""cruise_3m_54_kalibr"",""real"":""3M-54 Kalibr"",""family"":""cruise"",""size"":500,""warheadKg"":200,""pen"":3,""projectileModel"":""cruise_missile"",""damageType"":""HighExplosive"",""damage"":520,""cooldown"":50,""range"":400,""projectileSpeed"":24,""splash"":10,""impactTier"":""Ultimate"",""projectile"":""Missile"",""laid"":true}"
maverick,AGM-65 Maverick,atgm_agm_65_maverick,,,atgm,,57,,,ShapedCharge,4,Missile,1,RIPPLE,1,0.1,7.86,0,0.0,0,0.0,345,0.0,0.0,23,40,0.0,Ground,,0.0,Medium,T3,,,,,0,,NEED_CODE_CHECK,NEED_CODE_CHECK,,CHUA_AP:prompt_xuat_luot5,60,10,atgm,"air-launched: ripples ~1 s apart, est. 6 s an aimed shot",,giong,,,,,,,,,,,,,,,,,,,,,,,,,,,,,,,,,,,,,,,,,,,,,,,,,,,,7.86,345,ShapedCharge,,,,atgm,,,,,,,,,,,Medium,,,,,,2,,,,,,,4,,,TRUE,,,Missile,maverick,0.58,23,,,,,40,AGM-65 Maverick,,,,,351,,300,,,,,,,57,,atgm_agm_65_maverick,,Assets/MachineBrigade/Resources/Data/balance.json: weapons[89],"{""id"":""maverick"",""weaponFamilyId"":""atgm_agm_65_maverick"",""load"":2,""real"":""AGM-65 Maverick"",""family"":""atgm"",""size"":300,""warheadKg"":57,""pen"":4,""piercing"":true,""projectileModel"":""maverick"",""projectileScale"":0.58,""damageType"":""ShapedCharge"",""damage"":345,""cooldown"":7.86,""range"":40,""projectileSpeed"":23,""impactTier"":""Medium"",""projectile"":""Missile"",""roundWeight"":351}"
mg_coax,PKT / M240 7.62 mm,cal_7_62,,pkt_m240_7_62_mm,mg,7.62,,,,Kinetic,0,Bullet,1,RIPPLE,1,0.1,0.0833,100,4.0833,0,0.0,5.5,0,0.0,240,20,0.0,All,,1.0,Small,T0,,,cong_trinh;xe,armored_car;bmpt;bunker_vehicle;elite_apc;elite_mbt;flame_tank;headquarters;headquarters.fortress_air;headquarters.fortress_ground;headquarters.shield;ifv;light_tank;main_battle_tank;titan_tank;turtle_tank;twin_tank;wheeled_gun,17,armored_car:1;bmpt:1;bunker_vehicle:1;elite_apc:1;elite_mbt:1;flame_tank:1;headquarters:3;headquarters.fortress_air:3;headquarters.fortress_ground:3;headquarters.shield:3;ifv:1;light_tank:1;main_battle_tank:1;titan_tank:1;turtle_tank:1;twin_tank:1;wheeled_gun:1,NEED_CODE_CHECK,NEED_CODE_CHECK,,CHUA_AP:prompt_xuat_luot5,800,250,mg,"Wikipedia 'PK machine gun' (PKT 700-800, practical 250); M240 650-950",,giong,,,,,,,,,,,,,,,,,,,,,,,,,,,,,,,,,,,,,,,,,7.62,,,100,4.0833,,,,,,,0.0833,5.5,Kinetic,,,,mg,,,,,,,,,,,Small,,,,,,,,,,,,,0,,,,,,Bullet,,,,,,,,20,PKT / M240 7.62 mm,,,,,6,,7.62,,1.0,,All,,,,pkt_m240_7_62_mm,cal_7_62,,Assets/MachineBrigade/Resources/Data/balance.json: weapons[1],"{""id"":""mg_coax"",""weaponFamilyId"":""cal_7_62"",""weaponFamily"":""pkt_m240_7_62_mm"",""real"":""PKT / M240 7.62 mm"",""family"":""mg"",""size"":7.62,""caliberMm"":7.62,""pen"":0,""damageType"":""Kinetic"",""damage"":5.5,""cooldown"":0.0833,""range"":20,""spread"":1.0,""impactTier"":""Small"",""projectile"":""Bullet"",""targets"":""All"",""roundWeight"":6,""clip"":100,""clipReload"":4.0833}"
mg_coax_ground,PKT / M240 7.62 mm,cal_7_62,,pkt_m240_7_62_mm,mg,7.62,,,,Kinetic,0,Bullet,1,RIPPLE,1,0.1,0.0951,37,1.02,0,0.0,5.5,0,0.0,240,20,0.0,Ground,,1.0,Small,T0,mg_coax,,xe,ground_drone_carrier,1,ground_drone_carrier:0,NEED_CODE_CHECK,NEED_CODE_CHECK,,CHUA_AP:prompt_xuat_luot5,800,250,mg,"Wikipedia 'PK machine gun' (PKT 700-800, practical 250); M240 650-950",,giong,,,,,,,,,,,,,,,,,,,,,,,,,,,,,,,,,,,,,,,,,7.62,,,37,1.02,,,,,,,0.0951,,,,,,mg,,,,,,,,,,,,mg_coax,,,,,,,,,,,,0,,,,,,,,,,,,,,,PKT / M240 7.62 mm,,,,,6,,7.62,,,,Ground,,,,pkt_m240_7_62_mm,,,Assets/MachineBrigade/Resources/Data/balance.json: weapons[113],"{""id"":""mg_coax_ground"",""weaponFamily"":""pkt_m240_7_62_mm"",""real"":""PKT / M240 7.62 mm"",""family"":""mg"",""size"":7.62,""caliberMm"":7.62,""pen"":0,""inherits"":""mg_coax"",""targets"":""Ground"",""roundWeight"":6,""cooldown"":0.0951,""clip"":37,""clipReload"":1.02}"
mg_jeep,M2 Browning 12.7 mm,cal_12_7,,m2_browning_12_7_mm,mg,12.7,,,,Kinetic,1,Bullet,1,RIPPLE,1,0.1,0.1111,100,5.1111,0,0.0,9.5,0,0.0,230,22,0.0,All,,1.2,Small,T0,,mg_jeep_api,xe,combat_wreck_car;river_patrol_boat;scout_jeep;supply_truck,4,combat_wreck_car:0;river_patrol_boat:0;scout_jeep:0;supply_truck:0,NEED_CODE_CHECK,NEED_CODE_CHECK,,CHUA_AP:prompt_xuat_luot5,600,40,mg,"US Army FM 3-22.65: cyclic 450-600, rapid 40 rpm",,giong,,,,,,,,,,,,,,,,,,,,,,,,,,,,,,,,,,,,,,,,,12.7,,,100,5.1111,,,,,,,0.1111,9.5,Kinetic,,,,mg,,,,,,,,,,,Small,,,,,,,,,,,,,1,,,,,,Bullet,,,,,,,,22,M2 Browning 12.7 mm,,,,,,,12.7,,1.2,,All,,,,m2_browning_12_7_mm,cal_12_7,,Assets/MachineBrigade/Resources/Data/balance.json: weapons[0],"{""id"":""mg_jeep"",""weaponFamilyId"":""cal_12_7"",""weaponFamily"":""m2_browning_12_7_mm"",""real"":""M2 Browning 12.7 mm"",""family"":""mg"",""size"":12.7,""caliberMm"":12.7,""pen"":1,""damageType"":""Kinetic"",""damage"":9.5,""cooldown"":0.1111,""range"":22,""spread"":1.2,""impactTier"":""Small"",""projectile"":""Bullet"",""targets"":""All"",""clip"":100,""clipReload"":5.1111}"
mg_jeep_api,M2 Browning 12.7 mm API,cal_12_7,,m2_browning_12_7_mm_api,mg,12.7,,,,Kinetic,2,Bullet,1,RIPPLE,1,0.1,0.1111,100,5.1111,0,0.0,9.5,0,0.0,230,22,0.0,All,,1.2,Small,T0,mg_jeep,,,,0,,NEED_CODE_CHECK,NEED_CODE_CHECK,,CHUA_AP:prompt_xuat_luot5,600,40,mg,"US Army FM 3-22.65: cyclic 450-600, rapid 40 rpm",,giong,,,,,,,,,,,,,,,,,,,,,,,,,,,,,,,,,,,,,,,,,,,,,,,,,,,,,9.5,Kinetic,,TRUE,,,,,any,BulletBig,,,,,,,,mg_jeep,,,,,,,,,,,,2,,,TRUE,,,,,,,,,,,,M2 Browning 12.7 mm API,,api,,mg_jeep,,,,,,,,,,,m2_browning_12_7_mm_api,,,Assets/MachineBrigade/Resources/Data/balance.json: secondRounds.rounds[52],"{""id"":""mg_jeep_api"",""roundOf"":""mg_jeep"",""inherits"":""mg_jeep"",""weaponFamily"":""m2_browning_12_7_mm_api"",""round"":""api"",""for"":[""any""],""elite"":true,""real"":""M2 Browning 12.7 mm API"",""damageType"":""Kinetic"",""pen"":2,""damage"":9.5,""form"":""BulletBig"",""piercing"":true}"
mg_jeep_selfdef,M2 Browning 12.7 mm,cal_12_7,,m2_browning_12_7_mm,mg,12.7,,,,Kinetic,1,Bullet,1,RIPPLE,1,0.1,0.1111,100,5.1111,0,0.0,9.5,0,0.0,230,13,0.0,All,,1.2,Small,T0,mg_jeep,mg_jeep_selfdef_api,xe,rocket_technical,1,rocket_technical:1,NEED_CODE_CHECK,NEED_CODE_CHECK,,CHUA_AP:prompt_xuat_luot5,600,40,mg,"US Army FM 3-22.65: cyclic 450-600, rapid 40 rpm",,giong,,,,,,,,,,,,,,,,,,,,,,,,,,,,,,,,,,,,,,,,,,,,,,,,,,,,,,,,,,,,,,,,,,,,,,mg_jeep,,,,,,,,,,,,,,,,,,,,,,,,,,13,,,,,,,,,,,,,,,,m2_browning_12_7_mm,,,Assets/MachineBrigade/Resources/Data/balance.json: weapons[6],"{""id"":""mg_jeep_selfdef"",""weaponFamily"":""m2_browning_12_7_mm"",""inherits"":""mg_jeep"",""range"":13}"
mg_jeep_selfdef_api,M2 Browning 12.7 mm API,cal_12_7,,m2_browning_12_7_mm_api,mg,12.7,,,,Kinetic,2,Bullet,1,RIPPLE,1,0.1,0.1111,100,5.1111,0,0.0,9.5,0,0.0,230,13,0.0,All,,1.2,Small,T0,mg_jeep_selfdef,,,,0,,NEED_CODE_CHECK,NEED_CODE_CHECK,,CHUA_AP:prompt_xuat_luot5,600,40,mg,"US Army FM 3-22.65: cyclic 450-600, rapid 40 rpm",,giong,,,,,,,,,,,,,,,,,,,,,,,,,,,,,,,,,,,,,,,,,,,,,,,,,,,,,9.5,Kinetic,,TRUE,,,,,any,BulletBig,,,,,,,,mg_jeep_selfdef,,,,,,,,,,,,2,,,TRUE,,,,,,,,,,,,M2 Browning 12.7 mm API,,api,,mg_jeep_selfdef,,,,,,,,,,,m2_browning_12_7_mm_api,,,Assets/MachineBrigade/Resources/Data/balance.json: secondRounds.rounds[53],"{""id"":""mg_jeep_selfdef_api"",""roundOf"":""mg_jeep_selfdef"",""inherits"":""mg_jeep_selfdef"",""weaponFamily"":""m2_browning_12_7_mm_api"",""round"":""api"",""for"":[""any""],""elite"":true,""real"":""M2 Browning 12.7 mm API"",""damageType"":""Kinetic"",""pen"":2,""damage"":9.5,""form"":""BulletBig"",""piercing"":true}"
minigun,M134 Minigun 7.62 mm,cal_7_62,,,mg,7.62,,,,Kinetic,0,Bullet,1,RIPPLE,1,0.1,0.02,200,4.02,0,0.0,5.5,0.0,0.0,240,24,0.0,All,,1.4,Small,T0,,,boss;xe,light_attack_heli;mega_gunship;scout_heli,3,light_attack_heli:0;mega_gunship:other;scout_heli:0,NEED_CODE_CHECK,NEED_CODE_CHECK,,CHUA_AP:prompt_xuat_luot5,6000,,mg,"Wikipedia 'M134 Minigun': 2,000-6,000 rpm (3,000 on helicopters)",,giong,,,,,,,,,,,,,,,,,,,,,,,,,,,,,,,,,,,,,,,,,7.62,,,200,4.02,,,,,,,0.02,5.5,Kinetic,,,,mg,,,,,,,,,,,Small,,,,,,,,,,,,,0,,,,,,Bullet,,,240,,,,,24,M134 Minigun 7.62 mm,,,,,7,,7.62,,1.4,,All,,,,,cal_7_62,,Assets/MachineBrigade/Resources/Data/balance.json: weapons[37],"{""id"":""minigun"",""weaponFamilyId"":""cal_7_62"",""real"":""M134 Minigun 7.62 mm"",""family"":""mg"",""size"":7.62,""caliberMm"":7.62,""pen"":0,""damageType"":""Kinetic"",""damage"":5.5,""cooldown"":0.02,""range"":24,""projectileSpeed"":240,""spread"":1.4,""impactTier"":""Small"",""projectile"":""Bullet"",""targets"":""All"",""roundWeight"":7,""clip"":200,""clipReload"":4.02}"
missile_57e6,57E6 (Pantsir),sam_57e6,,,aa_missile,,20,,,Fragmentation,3,Missile,1,RIPPLE,1,0.1,4.452,0,0.0,0,0.0,220,2.5,0.0,55,55,0.0,Air,,0.0,Medium,T2,,,xe,heavy_aa,1,heavy_aa:1,NEED_CODE_CHECK,NEED_CODE_CHECK,,CHUA_AP:prompt_xuat_luot5,40,12,missile,Wikipedia 'Pantsir': 2 missiles ~1.5 s apart (est.),,giong,,,,,,,,,,,,,,,,,,,,,,,,,,,,,,,,,,,,,,,,,,,,,,,,,,,,4.452,220,Fragmentation,,,,aa_missile,,0.8,,,,,,,,,Medium,,,,,,,,,,,,,3,,,,,,Missile,shorad_dart,0.85,55,,,,,55,57E6 (Pantsir),,,,,,,7,2.5,,,Air,,,20,,sam_57e6,,Assets/MachineBrigade/Resources/Data/balance.json: weapons[22],"{""id"":""missile_57e6"",""weaponFamilyId"":""sam_57e6"",""real"":""57E6 (Pantsir)"",""family"":""aa_missile"",""size"":7,""warheadKg"":20,""pen"":3,""projectileModel"":""shorad_dart"",""projectileScale"":0.85,""damageType"":""Fragmentation"",""damage"":220,""cooldown"":4.452,""range"":55,""projectileSpeed"":55,""splash"":2.5,""impactTier"":""Medium"",""projectile"":""Missile"",""targets"":""Air"",""flareResist"":0.8}"
mlrs_elite,M30 GMLRS 227 mm (cluster),rkt_gmlrs_227,cluster,,rocket,227,,,,HighExplosive,3,Rocket,1,RIPPLE,5,0.14,9.686,0,0.0,6,19.93,105,5,0.0,50,75,20,Ground,,5,Large,T4,,,xe,elite_mlrs,1,elite_mlrs:0,NEED_CODE_CHECK,NEED_CODE_CHECK,,CHUA_AP:prompt_xuat_luot5,12,,rocket,Wikipedia 'M270 MLRS': 12 rockets in under a minute,,giong,,,,,,,,,,,,,,,,,,,,,,,,,,,,,,,,,6,,,,,,5,0.14,227,,,,,5,6,,6,2.6,Small,9.686,105,HighExplosive,,,,rocket,,,,,,,,,,,Large,,,,,,,,,20,,,,3,,,,,,Rocket,gmlrs,,50,,,,,75,M30 GMLRS 227 mm (cluster),19.93,,,,,,227,5,5,,,,,,,rkt_gmlrs_227,cluster,Assets/MachineBrigade/Resources/Data/balance.json: weapons[105],"{""id"":""mlrs_elite"",""weaponFamilyId"":""rkt_gmlrs_227"",""weaponVariantId"":""cluster"",""real"":""M30 GMLRS 227 mm (cluster)"",""family"":""rocket"",""size"":227,""caliberMm"":227,""pen"":3,""reload"":19.93,""projectileModel"":""gmlrs"",""damageType"":""HighExplosive"",""damage"":105,""cooldown"":9.686,""range"":75,""minRange"":20,""projectileSpeed"":50,""splash"":5,""spread"":5,""impactTier"":""Large"",""projectile"":""Rocket"",""burst"":5,""burstInterval"":0.14,""ammo"":6,""cluster"":{""count"":5,""radius"":6,""damage"":6,""splash"":2.6,""tier"":""Small""}}"
mlrs_rockets,M31 GMLRS 227 mm,rkt_gmlrs_227,,m31_gmlrs_227_mm,rocket,227,,,,HighExplosive,3,Rocket,1,RIPPLE,5,0.3,9.944,0,0.0,4,15.53,100,4.5,0.0,50,110,20,Ground,,2.2,Large,T4,,,xe,mlrs,1,mlrs:0,NEED_CODE_CHECK,NEED_CODE_CHECK,,CHUA_AP:prompt_xuat_luot5,12,,rocket,Wikipedia 'M270 MLRS': 12 rockets in under a minute,,giong,,,,,,,,,,,,,,,,,,,,,,,,,,,,,,,,,4,,,,,,5,0.3,227,,,,,,,,,,,9.944,100,HighExplosive,,,,rocket,,,,,,,,,,,Large,,,,,,,,,20,,,,3,,,,,,Rocket,,,,,,,,110,M31 GMLRS 227 mm,15.53,,,,,,227,,2.2,,,,,,m31_gmlrs_227_mm,rkt_gmlrs_227,,Assets/MachineBrigade/Resources/Data/balance.json: weapons[18],"{""id"":""mlrs_rockets"",""weaponFamilyId"":""rkt_gmlrs_227"",""weaponFamily"":""m31_gmlrs_227_mm"",""real"":""M31 GMLRS 227 mm"",""family"":""rocket"",""size"":227,""caliberMm"":227,""pen"":3,""damageType"":""HighExplosive"",""damage"":100,""cooldown"":9.944,""range"":110,""minRange"":20,""spread"":2.2,""impactTier"":""Large"",""projectile"":""Rocket"",""burst"":5,""burstInterval"":0.3,""ammo"":4,""reload"":15.53}"
mortar_120,2B11 120 mm,cal_120_he,mortar,2b11_120_mm,mortar,120,,,,HighExplosive,2,Shell,1,RIPPLE,1,0.1,5,0,0.0,18,35.73,150,5,0.0,32,55,10,Ground,,4.5,Large,T3,,,xe,mortar_carrier,1,mortar_carrier:0,NEED_CODE_CHECK,NEED_CODE_CHECK,,CHUA_AP:prompt_xuat_luot5,15,10,gun,Wikipedia '2B11': 15 rpm,,giong,,,,,,,,,,,,,,,,,,,,,,,,,,,,,,,,,18,,,,,,,,120,,,,,,,,,,,5,150,HighExplosive,,,,mortar,,,,,,,,,,,Large,,,,,,,,,10,,,,2,,,,,,,,,,,,,,55,2B11 120 mm,35.73,,,,,,120,,4.5,,,,,,2b11_120_mm,cal_120_he,mortar,Assets/MachineBrigade/Resources/Data/balance.json: weapons[32],"{""id"":""mortar_120"",""weaponFamilyId"":""cal_120_he"",""weaponVariantId"":""mortar"",""weaponFamily"":""2b11_120_mm"",""real"":""2B11 120 mm"",""family"":""mortar"",""size"":120,""caliberMm"":120,""pen"":2,""damageType"":""HighExplosive"",""damage"":150,""cooldown"":5,""range"":55,""minRange"":10,""spread"":4.5,""impactTier"":""Large"",""ammo"":18,""reload"":35.73}"
mortar_240,2B8 240 mm,cal_240,,2b8_240_mm,mortar,240,,,,HighExplosive,4,Shell,1,RIPPLE,1,0.1,14.2,0,0.0,8,23.2,450,9,0.0,38,85,20,Ground,,5,Ultimate,T4,,,,,0,,NEED_CODE_CHECK,NEED_CODE_CHECK,,CHUA_AP:prompt_xuat_luot5,1,1,gun,Wikipedia '2S4 Tyulpan': ~1 rpm,,giong,,,,,,,,,,,,,,,,,,,,,,,,,,,,,,,,,8,,,,,,,,240,,,,,,,,,,,14.2,450,HighExplosive,,,,mortar,,,,,,,,,,,Ultimate,,,,,,,,,20,,,,4,,,,,,,,,,,,,,85,2B8 240 mm,23.2,,,,,,240,,5,,,,,,2b8_240_mm,cal_240,,Assets/MachineBrigade/Resources/Data/balance.json: weapons[61],"{""id"":""mortar_240"",""weaponFamilyId"":""cal_240"",""weaponFamily"":""2b8_240_mm"",""real"":""2B8 240 mm"",""family"":""mortar"",""size"":240,""caliberMm"":240,""pen"":4,""damageType"":""HighExplosive"",""damage"":450,""cooldown"":14.2,""range"":85,""minRange"":20,""spread"":5,""impactTier"":""Ultimate"",""ammo"":8,""reload"":23.2}"
mortar_240_fixed,2B8 240 mm (emplacement),cal_240,,2b8_240_mm,mortar,240,,,,HighExplosive,4,Shell,1,RIPPLE,1,0.1,5,0,0.0,8,14,450,9,0.0,38,60,8,Ground,,3.5,Huge,T4,,,thap,artillery_emplacement.mortar,1,artillery_emplacement.mortar:0,NEED_CODE_CHECK,NEED_CODE_CHECK,,CHUA_AP:prompt_xuat_luot5,1,1,gun,Wikipedia '2S4 Tyulpan': ~1 rpm,,giong,,,,,,,,,,,,,,,,,,,,,,,,,,,,,,,,,8,,,,,,,,240,,,,,,,,,,,5,450,HighExplosive,,,,mortar,,,,,,,,,,,Huge,,,,,,,,,8,,,,4,,,,,,Shell,,,,,,,,60,2B8 240 mm (emplacement),14,,,,,,240,,3.5,,,,,,2b8_240_mm,cal_240,,Assets/MachineBrigade/Resources/Data/balance.json: weapons[132],"{""id"":""mortar_240_fixed"",""weaponFamilyId"":""cal_240"",""weaponFamily"":""2b8_240_mm"",""real"":""2B8 240 mm (emplacement)"",""family"":""mortar"",""size"":240,""caliberMm"":240,""pen"":4,""damageType"":""HighExplosive"",""damage"":450,""cooldown"":5,""range"":60,""minRange"":8,""spread"":3.5,""impactTier"":""Huge"",""projectile"":""Shell"",""ammo"":8,""reload"":14}"
mothership_cannon,AU-220 57 mm,cal_57,,,autocannon,57,,,,HighExplosive,2,Shell,1,RIPPLE,4,0.5,3.29,0,0.0,0,0.0,70,3.5,0.0,150,45,0.0,Ground,,2.5,Large,T2,,,,,0,,NEED_CODE_CHECK,NEED_CODE_CHECK,,CHUA_AP:prompt_xuat_luot5,120,80,ac,Wikipedia 'AU-220M': 80-120 rpm,,giong,,,,,,,,,,,,,,,,,,,,,,,,,,,,,,,,,,,,,,,4,0.5,57,,,,,,,,,,,3.29,70,HighExplosive,,,,autocannon,,,,BeltedAutocannon,,,,,,,Large,,,,,,,,,,,,,2,,,,,,,,,150,,,,,45,AU-220 57 mm,,,,,,,57,3.5,2.5,,,,,,,cal_57,,Assets/MachineBrigade/Resources/Data/balance.json: weapons[142],"{""id"":""mothership_cannon"",""weaponFamilyId"":""cal_57"",""real"":""AU-220 57 mm"",""family"":""autocannon"",""size"":57,""caliberMm"":57,""pen"":2,""form"":""BeltedAutocannon"",""damageType"":""HighExplosive"",""damage"":70,""cooldown"":3.29,""range"":45,""projectileSpeed"":150,""splash"":3.5,""spread"":2.5,""impactTier"":""Large"",""burst"":4,""burstInterval"":0.5}"
mothership_drones,ZALA Lancet-3 (3 kg),drone_zala_lancet_3,,zala_lancet_3,drone,,3,,,ShapedCharge,4,Drone,1,RIPPLE,4,0.3,8.47,0,0.0,0,0.0,240,3,0.0,28,70,0.0,Ground,,0.0,Large,T2,,,boss;boss_part,drone_bay;fortress_hive,2,drone_bay:part;fortress_hive:0;fortress_hive:1,NEED_CODE_CHECK,NEED_CODE_CHECK,,CHUA_AP:prompt_xuat_luot5,NEED_SOURCE,NEED_SOURCE,,NEED_SOURCE,,giong,,,,,,,,,,,,,,,,,,,,,,,,,,,,,,,,,,,,,,,4,0.3,,,,,,,,,,,,8.47,240,ShapedCharge,,,,drone,,,,,,,,,,,Large,,,,,,,,,,,,,4,,,TRUE,,,Drone,,,,,,,,70,ZALA Lancet-3 (3 kg),,,,,,,3,,,,,,TRUE,3,zala_lancet_3,drone_zala_lancet_3,,Assets/MachineBrigade/Resources/Data/balance.json: weapons[143],"{""id"":""mothership_drones"",""weaponFamilyId"":""drone_zala_lancet_3"",""weaponFamily"":""zala_lancet_3"",""real"":""ZALA Lancet-3 (3 kg)"",""family"":""drone"",""size"":3,""warheadKg"":3,""pen"":4,""topAttack"":true,""piercing"":true,""damageType"":""ShapedCharge"",""damage"":240,""cooldown"":8.47,""range"":70,""impactTier"":""Large"",""projectile"":""Drone"",""burst"":4,""burstInterval"":0.3}"
naval_76,OTO Melara 76/62,cal_76,,,howitzer,76,,,,HighExplosive,3,Shell,1,RIPPLE,2,0.5,3.1,0,0.0,0,0.0,120,3,0.0,110,95,0.0,Ground,,2.2,Medium,T2,,naval_76_guided,xe,sea_corvette,1,sea_corvette:0,NEED_CODE_CHECK,NEED_CODE_CHECK,,CHUA_AP:prompt_xuat_luot5,120,80,gun,Wikipedia 'OTO Melara 76 mm': 80-120 rpm (Super Rapid),,giong,,,,,,,,,,,,,,,,,,,,,,,,,,,,,,,,,,,,,,,2,0.5,76,,,,,,,,,,,3.1,120,HighExplosive,,,,howitzer,,,,,,,,,,,Medium,,,,,,,,,,,,,3,,,,,,,,,110,,,,,95,OTO Melara 76/62,,,,,,,76,3,2.2,,,,,,,cal_76,,Assets/MachineBrigade/Resources/Data/balance.json: weapons[249],"{""id"":""naval_76"",""weaponFamilyId"":""cal_76"",""real"":""OTO Melara 76/62"",""family"":""howitzer"",""size"":76,""caliberMm"":76,""pen"":3,""damageType"":""HighExplosive"",""damage"":120,""cooldown"":3.1,""range"":95,""projectileSpeed"":110,""splash"":3,""spread"":2.2,""impactTier"":""Medium"",""burst"":2,""burstInterval"":0.5}"
naval_76_guided,OTO Melara 76/62 guided,cal_76,,,howitzer,76,,,,HighExplosive,3,Shell,1,RIPPLE,1,0.5,3.1,0,0.0,0,0.0,120,3,0.0,110,95,0.0,Ground,,0,Medium,T2,naval_76,,,,0,,NEED_CODE_CHECK,NEED_CODE_CHECK,,CHUA_AP:prompt_xuat_luot5,120,80,gun,Wikipedia 'OTO Melara 76 mm': 80-120 rpm (Super Rapid),,giong,,,,,,,,,,,,,,,,,,,,,,,,,,,,,,,,,,,,,,,1,,,,,,,,,,,,,,120,HighExplosive,,TRUE,,,,,armour,HeShell,,,,TRUE,,,,naval_76,,,,,,,,,,,,3,,,,,,,,,,,,,,,OTO Melara 76/62 guided,,guided,,naval_76,,,,,0,,Ground,,,,,,,Assets/MachineBrigade/Resources/Data/balance.json: secondRounds.rounds[56],"{""id"":""naval_76_guided"",""roundOf"":""naval_76"",""inherits"":""naval_76"",""weaponFamily"":"""",""round"":""guided"",""for"":[""armour""],""elite"":true,""real"":""OTO Melara 76/62 guided"",""damageType"":""HighExplosive"",""pen"":3,""damage"":120,""spread"":0,""burst"":1,""guided"":true,""form"":""HeShell"",""targets"":""Ground""}"
naval_100,AK-100 100 mm,cal_100_105_he,,,howitzer,100,,,,HighExplosive,3,Shell,1,RIPPLE,2,0.5,3.5,0,0.0,0,0.0,160,3.5,0.0,110,90,0.0,Ground,,2.2,Large,T2,naval_76,naval_100_guided,boss_part,deck_gun_100,1,deck_gun_100:part,NEED_CODE_CHECK,NEED_CODE_CHECK,,CHUA_AP:prompt_xuat_luot5,60,30,gun,Wikipedia 'AK-100 (naval gun)': 60 rpm,,giong,,,,,,,,,,,,,,,,,,,,,,,,,,,,,,,,,,,,,,,,,100,,,,,,,,,,,3.5,160,,,,,howitzer,,,,,,,,,,,Large,naval_76,,,,,,,,,,,,3,,,,,,,,,,,,,,90,AK-100 100 mm,,,,,,,100,3.5,,,,,,,,cal_100_105_he,,Assets/MachineBrigade/Resources/Data/balance.json: weapons[264],"{""id"":""naval_100"",""inherits"":""naval_76"",""weaponFamilyId"":""cal_100_105_he"",""real"":""AK-100 100 mm"",""family"":""howitzer"",""size"":100,""caliberMm"":100,""pen"":3,""damage"":160,""cooldown"":3.5,""range"":90,""splash"":3.5,""impactTier"":""Large""}"
naval_100_guided,AK-100 100 mm guided,cal_100_105_he,,,howitzer,100,,,,HighExplosive,3,Shell,1,RIPPLE,1,0.5,3.5,0,0.0,0,0.0,160,3.5,0.0,110,90,0.0,Ground,,0,Large,T2,naval_100,,,,0,,NEED_CODE_CHECK,NEED_CODE_CHECK,,CHUA_AP:prompt_xuat_luot5,60,30,gun,Wikipedia 'AK-100 (naval gun)': 60 rpm,,giong,,,,,,,,,,,,,,,,,,,,,,,,,,,,,,,,,,,,,,,1,,,,,,,,,,,,,,160,HighExplosive,,TRUE,,,,,armour,HeShell,,,,TRUE,,,,naval_100,,,,,,,,,,,,3,,,,,,,,,,,,,,,AK-100 100 mm guided,,guided,,naval_100,,,,,0,,Ground,,,,,,,Assets/MachineBrigade/Resources/Data/balance.json: secondRounds.rounds[54],"{""id"":""naval_100_guided"",""roundOf"":""naval_100"",""inherits"":""naval_100"",""weaponFamily"":"""",""round"":""guided"",""for"":[""armour""],""elite"":true,""real"":""AK-100 100 mm guided"",""damageType"":""HighExplosive"",""pen"":3,""damage"":160,""spread"":0,""burst"":1,""guided"":true,""form"":""HeShell"",""targets"":""Ground""}"
naval_127,Mk 45 127 mm,cal_127_130,,,howitzer,127,,,,HighExplosive,3,Shell,1,RIPPLE,2,0.5,3.6,0,0.0,0,0.0,200,6,0.0,110,110,0.0,Ground,,2.2,Large,T3,naval_76,,boss_part,naval_127,1,naval_127:part,NEED_CODE_CHECK,NEED_CODE_CHECK,,CHUA_AP:prompt_xuat_luot5,20,16,gun,"Wikipedia '5""/54 caliber Mark 45': 16-20 rpm",,giong,,,,,,,,,,,,,,,,,,,,,,,,,,,,,,,,,,,,,,,,,127,,,,,,,,,,,3.6,200,,,,,howitzer,,,,,,,,,,,Large,naval_76,,,,,,,,,,,,3,,,,,,,,,,,,,,110,Mk 45 127 mm,,,,,,,127,6,,,,,,,,cal_127_130,,Assets/MachineBrigade/Resources/Data/balance.json: weapons[263],"{""id"":""naval_127"",""inherits"":""naval_76"",""weaponFamilyId"":""cal_127_130"",""real"":""Mk 45 127 mm"",""family"":""howitzer"",""size"":127,""caliberMm"":127,""pen"":3,""damage"":200,""cooldown"":3.6,""range"":110,""splash"":6,""impactTier"":""Large""}"
naval_130_twin,AK-130 130 mm (twin),cal_127_130,,,howitzer,130,,,,HighExplosive,3,Shell,2,SIMULTANEOUS,1,1,3,0,0.0,0,0.0,380,5,10,110,90,0.0,Ground,,2.2,Large,T3,naval_100,,boss,scylla,1,scylla:0,NEED_CODE_CHECK,NEED_CODE_CHECK,,CHUA_AP:prompt_xuat_luot5,40,20,gun,Wikipedia 'AK-130': 10-40 rpm a barrel,"real AK-130 10-40 rpm a barrel: 20 rpm (3 s), practical; 4.75 s was too slow",doi,160,380,1,3,,,,,0.0,10,,,2,1,,,1,2,RIPPLE,SIMULTANEOUS,,,,,,,,,,,,,,,2,,,,1,1,130,,,,,,,,,,,3,380,,10,,,,,,,,,,,,,,Large,naval_100,,,,,,,,,,,,3,,,,,,,,,,,,,,90,AK-130 130 mm (twin),,,,,,SIMULTANEOUS,130,5,,,,,,,,cal_127_130,,Assets/MachineBrigade/Resources/Data/balance.json: weapons[265],"{""id"":""naval_130_twin"",""inherits"":""naval_100"",""weaponFamilyId"":""cal_127_130"",""salvoMode"":""SIMULTANEOUS"",""barrels"":2,""edge"":10,""real"":""AK-130 130 mm (twin)"",""size"":130,""caliberMm"":130,""pen"":3,""damage"":380,""burst"":1,""burstInterval"":1,""cooldown"":3,""range"":90,""splash"":5,""impactTier"":""Large""}"
naval_155_triple,155 mm/60 (triple),cal_152_155,,,howitzer,155,,,,HighExplosive,3,Shell,1,RIPPLE,3,0.25,10,0,0.0,0,0.0,320,4.5,0.0,110,110,0.0,Ground,,2.4,Large,T3,naval_76,naval_155_triple_guided,,,0,,NEED_CODE_CHECK,NEED_CODE_CHECK,,CHUA_AP:prompt_xuat_luot5,5,4,gun,Wikipedia '15.5 cm/60 3rd Year Type' (Mogami): ~5 rpm a gun,,giong,,,,,,,,,,,,,,,,,,,,,,,,,,,,,,,,,,,,,,,3,0.25,155,,,,,,,,,,,10,320,,,,,howitzer,,,,,,,,,,,Large,naval_76,,,,,,,,,,,,3,,,,,,,shell_155,0.7273,,,,,,110,155 mm/60 (triple),,,0.8,,,,155,4.5,2.4,,,,,,,cal_152_155,,Assets/MachineBrigade/Resources/Data/balance.json: weapons[266],"{""id"":""naval_155_triple"",""inherits"":""naval_76"",""weaponFamilyId"":""cal_152_155"",""real"":""155 mm/60 (triple)"",""family"":""howitzer"",""size"":155,""caliberMm"":155,""pen"":3,""projectileModel"":""shell_155"",""projectileScale"":0.7273,""roundLength"":0.8,""damage"":320,""cooldown"":10,""range"":110,""splash"":4.5,""spread"":2.4,""impactTier"":""Large"",""burst"":3,""burstInterval"":0.25}"
naval_155_triple_guided,155 mm/60 guided (triple),cal_152_155,guided,,howitzer,155,,,,HighExplosive,3,Shell,1,RIPPLE,1,0.25,10,0,0.0,0,0.0,320,4.5,0.0,110,110,0.0,Ground,,0,Large,T3,naval_155_triple,,,,0,,NEED_CODE_CHECK,NEED_CODE_CHECK,,CHUA_AP:prompt_xuat_luot5,5,4,gun,Wikipedia '15.5 cm/60 3rd Year Type' (Mogami): ~5 rpm a gun,,giong,,,,,,,,,,,,,,,,,,,,,,,,,,,,,,,,,,,,,,,1,,,,,,,,,,,,,,320,HighExplosive,,TRUE,,,,,armour,HeShell,,,,TRUE,,,,naval_155_triple,,,,,,,,,,,,3,,,,,,,,,,,,,,,155 mm/60 guided (triple),,guided,,naval_155_triple,,,,,0,,Ground,,,,,,guided,Assets/MachineBrigade/Resources/Data/balance.json: secondRounds.rounds[55],"{""id"":""naval_155_triple_guided"",""roundOf"":""naval_155_triple"",""inherits"":""naval_155_triple"",""weaponVariantId"":""guided"",""weaponFamily"":"""",""round"":""guided"",""for"":[""armour""],""elite"":true,""real"":""155 mm/60 guided (triple)"",""damageType"":""HighExplosive"",""pen"":3,""damage"":320,""spread"":0,""burst"":1,""guided"":true,""form"":""HeShell"",""targets"":""Ground""}"
net_zap,Anti-drone net corridor,special_anti_drone_net_corridor,,,special,,,,,Energy,1,Bullet,1,RIPPLE,1,0.1,0.5,0,0.0,0,0.0,999,0.0,0.0,200,15,0.0,Air,,0.0,Small,T0,,,thap,drone_net_tower;laser_ad_station.net,2,drone_net_tower:0;laser_ad_station.net:0,NEED_CODE_CHECK,NEED_CODE_CHECK,,CHUA_AP:prompt_xuat_luot5,NEED_SOURCE,NEED_SOURCE,,NEED_SOURCE,,giong,,,,,,,,,,,,,,,,,,,,,,,,,,,,,,,,,,,,,,,,,,,,,,,,,,,,0.5,999,Energy,,,,special,,,,,,,,,,,Small,,,,,,,,,,,,,1,,,,,Drones,Bullet,,,200,,,,,15,Anti-drone net corridor,,,,,,,1,,,,Air,,,,,special_anti_drone_net_corridor,,Assets/MachineBrigade/Resources/Data/balance.json: weapons[291],"{""id"":""net_zap"",""weaponFamilyId"":""special_anti_drone_net_corridor"",""real"":""Anti-drone net corridor"",""family"":""special"",""size"":1,""pen"":1,""damageType"":""Energy"",""damage"":999,""cooldown"":0.5,""range"":15,""projectileSpeed"":200,""impactTier"":""Small"",""projectile"":""Bullet"",""targets"":""Air"",""prey"":""Drones""}"
none,,wpn_none,,,,,,,,Kinetic,0,Shell,1,RIPPLE,1,0.1,1,0,0.0,0,0.0,0,0.0,0.0,100,1,0.0,Ground,,0.0,Small,T0,,,cong_trinh;thap;xe,aerial_tanker;airborne_light_tank_chute;airborne_vehicle_chute;airfield;airfield.hangar;airfield.service;ammo_depot;barrage_balloon;blast_wall;bunker_shelter_tower;cp_relay;decoy_tank;dragons_teeth;dragons_teeth.hedgehog;dragons_teeth.wire;drone_hijack_vehicle;drop_pod;ew_tower;ew_tower.drone;ew_tower.spoof;fire_control_centre;heavy_lift_helicopter;inflatable_decoy;inflatable_decoy.balloon;inflatable_decoy.inflatable;logistics_station;microwave_vehicle;mine_rocket_truck;minefield;radar_station;recon_jet;repair_bay;searchlight;searchlight.beam;shield_tower;shield_tower.bulwark;shield_tower.ward;stealth_naval_strike;super_gun;targeting_station;troop_shelter;visual_jammer;wall_gun;wall_hesco;wall_t,45,aerial_tanker:0;airborne_light_tank_chute:0;airborne_vehicle_chute:0;airfield:0;airfield.hangar:0;airfield.service:0;ammo_depot:0;barrage_balloon:0;blast_wall:0;bunker_shelter_tower:0;cp_relay:0;decoy_tank:0;dragons_teeth:0;dragons_teeth.hedgehog:0;dragons_teeth.wire:0;drone_hijack_vehicle:0;drop_pod:0;ew_tower:0;ew_tower.drone:0;ew_tower.spoof:0;fire_control_centre:0;heavy_lift_helicopter:0;inflatable_decoy:0;inflatable_decoy.balloon:0;inflatable_decoy.inflatable:0;logistics_station:0;microwave_vehicle:0;mine_rocket_truck:0;minefield:0;radar_station:0;recon_jet:0;repair_bay:0;searchlight:0;searchlight.beam:0;shield_tower:0;shield_tower.bulwark:0;shield_tower.ward:0;stealth_naval_strike:0;super_gun:0;targeting_station:0;troop_shelter:0;visual_jammer:0;wall_gun:0;wall_hesco:0;wall_t:0,NEED_CODE_CHECK,NEED_CODE_CHECK,,CHUA_AP:prompt_xuat_luot5,NEED_SOURCE,NEED_SOURCE,,NEED_SOURCE,,giong,,,,,,,,,,,,,,,,,,,,,,,,,,,,,,,,,,,,,,,,,,,,,,,,,,,,1,0,Kinetic,,,,,,,,None,,,,,,,Small,,,,,,,,,,,,,0,,,,,,,,,100,,,,,1,,,,,,,,,,,,,,,,,wpn_none,,Assets/MachineBrigade/Resources/Data/balance.json: weapons[112],"{""id"":""none"",""weaponFamilyId"":""wpn_none"",""pen"":0,""form"":""None"",""damageType"":""Kinetic"",""damage"":0,""cooldown"":1,""range"":1,""projectileSpeed"":100,""impactTier"":""Small""}"
nsm_coastal,NSM Coastal Defence,cruise_nsm_coastal_defence,,,cruise_missile,,120,,,ShapedCharge,4,Missile,1,RIPPLE,1,0.1,10,0,0.0,0,0.0,450,0.0,0.0,40,140,0.0,All,,0.0,Huge,T4,,,xe,coastal_ashm_vehicle,1,coastal_ashm_vehicle:0,NEED_CODE_CHECK,NEED_CODE_CHECK,,CHUA_AP:prompt_xuat_luot5,20,6,missile,cruise missiles: ~3 s between launches (est.),,giong,,,,,,,,,,,,,,,,,,,,,,,,,,,,,,,,,,,,,,,,,,,,,,,,,,,,10,450,ShapedCharge,,,,cruise_missile,,,,,,,,,,,Huge,,,,,,,,,,,,,4,,,,,,Missile,,,40,,,,,140,NSM Coastal Defence,,,,,,,300,,,,All,,,120,,cruise_nsm_coastal_defence,,Assets/MachineBrigade/Resources/Data/balance.json: weapons[286],"{""id"":""nsm_coastal"",""weaponFamilyId"":""cruise_nsm_coastal_defence"",""real"":""NSM Coastal Defence"",""family"":""cruise_missile"",""size"":300,""warheadKg"":120,""pen"":4,""damageType"":""ShapedCharge"",""damage"":450,""cooldown"":10,""range"":140,""projectileSpeed"":40,""impactTier"":""Huge"",""projectile"":""Missile"",""targets"":""All""}"
one_shot_kornet,9M133 Kornet,atgm_kornet,,9m133_kornet,atgm,,7,,,ShapedCharge,4,Missile,1,RIPPLE,1,0.6,1.2,8,999999,0,0.0,230,0,0.0,22,50,0.0,Ground,,0.0,Medium,T2,tower_kornet,,thap,one_shot_atgm_tower,1,one_shot_atgm_tower:0,NEED_CODE_CHECK,NEED_CODE_CHECK,,CHUA_AP:prompt_xuat_luot5,3,3,atgm,Wikipedia '9M133 Kornet': 2-3 rpm,,giong,,,,,,,,,,,,,,,,,,,,,,,,,,,,,,,,,,,,,,,1,,,,,8,999999,,,,,,,1.2,,,,,,,,,,,,,,,,,,tower_kornet,,,,,,,,,,,,,,,,,,,,,,,,,,,9M133 Kornet,,,,,,,,,,,,,,,,,,Assets/MachineBrigade/Resources/Data/balance.json: weapons[292],"{""id"":""one_shot_kornet"",""inherits"":""tower_kornet"",""real"":""9M133 Kornet"",""burst"":1,""cooldown"":1.2,""clip"":8,""clipReload"":999999}"
orbital_laser,laser (150 kW),laser_laser,,,laser,,,150,,Energy,4,Bullet,1,RIPPLE,1,0.1,0.1,0,0.0,0,0.0,9,1.5,0.0,3000,36,0.0,Ground,,0.0,Small,T1,,,,,0,,NEED_CODE_CHECK,NEED_CODE_CHECK,,CHUA_AP:prompt_xuat_luot5,NEED_SOURCE,NEED_SOURCE,,NEED_SOURCE,,giong,,,,,,,,,,,,,,,,,,,,,,,,,,,,,,,,,,,,TRUE,,,,,,,,,,,,,,,,0.1,9,Energy,,,,laser,,,,,,,,,,,Small,,,,,,,,,,,,,4,,,,150,,Bullet,,,3000,,,,,36,laser (150 kW),,,,,,,150,1.5,,,,,,,,laser_laser,,Assets/MachineBrigade/Resources/Data/balance.json: weapons[140],"{""id"":""orbital_laser"",""weaponFamilyId"":""laser_laser"",""real"":""laser (150 kW)"",""family"":""laser"",""size"":150,""powerKw"":150,""pen"":4,""damageType"":""Energy"",""damage"":9,""cooldown"":0.1,""range"":36,""projectileSpeed"":3000,""splash"":1.5,""impactTier"":""Small"",""projectile"":""Bullet"",""beam"":true}"
p26_bastion_b100,D-10 100 mm,cal_100_105_ap,,,tank_gun,100,,,,Kinetic,5,Shell,1,RIPPLE,1,0.1,4,0,0.0,0,0.0,240,0,0.0,170,36,0.0,Ground,,0.6,Medium,T2,gun_120mm,,,,0,,NEED_CODE_CHECK,NEED_CODE_CHECK,,CHUA_AP:prompt_xuat_luot5,7,4,gun,Wikipedia 'D-10 tank gun' (T-55): 4-7 rpm,,giong,,,,,,,,,,,,,,,,,,,,,,,,,,,,,,,,,,,,,,,,,100,,,,,,,,,,,4,240,,,,,,,,,,,,,,,,,gun_120mm,,,,,,,,,,,,5,,,,,,,,,,,,,,36,D-10 100 mm,,,,,,,100,0,,,,,,,,cal_100_105_ap,,Assets/MachineBrigade/Resources/Data/balance.json: weapons[150],"{""id"":""p26_bastion_b100"",""inherits"":""gun_120mm"",""weaponFamilyId"":""cal_100_105_ap"",""weaponFamily"":"""",""real"":""D-10 100 mm"",""size"":100,""caliberMm"":100,""damage"":240,""cooldown"":4,""pen"":5,""splash"":0,""range"":36}"
p26_bastion_b155,M284 155 mm (Bastion),cal_152_155,,,howitzer,155,,,,HighExplosive,4,Shell,1,RIPPLE,1,0.1,2,0,0.0,0,0,540,8.5,17,45,75,20,Ground,,4.5,Huge,T3,casemate_155,,,,0,,NEED_CODE_CHECK,NEED_CODE_CHECK,,CHUA_AP:prompt_xuat_luot5,4,1,gun,"US Army M109A7 fact file: 4 rpm for 3 min, 1 rpm sustained",,giong,,,,,,,,,,,,,,,,,,,,,,,,,,,,,,,,,,,,,,,1,,,,,,,,,,,,,2,540,,17,,,,,,,,,,,,,,,casemate_155,,,,,,,,,,,,4,,,,,,,,,,,,,,,M284 155 mm (Bastion),,,,,,,,8.5,,,,,,,,,,Assets/MachineBrigade/Resources/Data/balance.json: weapons[148],"{""id"":""p26_bastion_b155"",""inherits"":""casemate_155"",""weaponFamily"":"""",""real"":""M284 155 mm (Bastion)"",""damage"":540,""cooldown"":2,""burst"":1,""splash"":8.5,""edge"":17,""pen"":4}"
p26_bastion_b240,2B8 240 mm,cal_240,,,mortar,240,,,,HighExplosive,4,Shell,1,RIPPLE,1,0.1,5,0,0.0,0,0.0,750,10,20,38,80,12,Ground,,3.5,Huge,T4,boss_mortar,,,,0,,NEED_CODE_CHECK,NEED_CODE_CHECK,,CHUA_AP:prompt_xuat_luot5,1,1,gun,Wikipedia '2S4 Tyulpan': ~1 rpm,,giong,,,,,,,,,,,,,,,,,,,,,,,,,,,,,,,,,,,,,,,,,,,,,,,,,,,,5,750,,20,,,,,,,,,,,,,,,boss_mortar,,,,,,,,,,,,,,,,,,,,,,,,,,,2B8 240 mm,,,,,,,,10,,,,,,,,,,Assets/MachineBrigade/Resources/Data/balance.json: weapons[149],"{""id"":""p26_bastion_b240"",""inherits"":""boss_mortar"",""weaponFamily"":"""",""real"":""2B8 240 mm"",""damage"":750,""cooldown"":5,""splash"":10,""edge"":20}"
p26_bastion_close_boss_hmg,NSV 12.7 mm,cal_12_7,,,mg,12.7,,,,Kinetic,1,Bullet,1,RIPPLE,1,0.1,0.0833,100,5,0,0.0,15,0,0.0,240,30,0.0,All,,1.3,Small,T0,boss_hmg,,boss,fortress_bastion;monster,2,fortress_bastion:6;fortress_bastion:7;monster:6;monster:7,NEED_CODE_CHECK,NEED_CODE_CHECK,,CHUA_AP:prompt_xuat_luot5,800,100,mg,"Wikipedia 'NSV machine gun': 700-800 cyclic, 100 practical","wave 1 boss_hmg: 100 rounds at 720 rpm, changed in 5 s (NSV 700-800 rpm)",doi,,,,,,,,,,,,,,,,,,,,,,,,,,,5.0833,5,,,,,,,,,,,,,,,,,5,,,,,,,,15,,,,,,,,,,,,,,,,,boss_hmg,,,,,,,,,,,,,,,,,,,,,,,,,,,,,,,,,,,,,,,,,,,,,Assets/MachineBrigade/Resources/Data/balance.json: weapons[154],"{""id"":""p26_bastion_close_boss_hmg"",""inherits"":""boss_hmg"",""clipReload"":5,""weaponFamily"":"""",""damage"":15}"
p26_bastion_direct_b100,D-10 100 mm (twin casemate),cal_100_105_ap,,,tank_gun,100,,,,Kinetic,5,Shell,2,SIMULTANEOUS,1,0.1,8.6,0,0.0,0,0.0,240,0,0.0,170,36,0.0,Ground,,0.6,Medium,T2,p26_bastion_b100,,boss,bastion_mk0;fortress_bastion;monster,3,bastion_mk0:1;bastion_mk0:2;fortress_bastion:1;fortress_bastion:2;monster:1;monster:2,NEED_CODE_CHECK,NEED_CODE_CHECK,,CHUA_AP:prompt_xuat_luot5,7,4,gun,Wikipedia 'D-10 tank gun' (T-55): 4-7 rpm,real D-10 4-7 rpm (8.6 s at 7); made up: the twin D-10 casemates the fortress model already has,doi,,,5,8.6,,,,,,,,,,,,,1,2,RIPPLE,SIMULTANEOUS,,,,,,,,,,,,,,,2,,,,,,,,,,,,,,,,,8.6,240,,,,,,,,,,,,,,,,,p26_bastion_b100,,,,,,,,,,,,,,,,,,,,,,,,,,,D-10 100 mm (twin casemate),,,,,,SIMULTANEOUS,,,,,,,,,,,,Assets/MachineBrigade/Resources/Data/balance.json: weapons[153],"{""id"":""p26_bastion_direct_b100"",""inherits"":""p26_bastion_b100"",""real"":""D-10 100 mm (twin casemate)"",""salvoMode"":""SIMULTANEOUS"",""barrels"":2,""cooldown"":8.6,""damage"":240}"
p26_bastion_main_b155,M284 155 mm (Bastion),cal_152_155,,,howitzer,155,,,,HighExplosive,4,Shell,1,RIPPLE,1,0.1,15,0,0.0,0,0,600,7,14,150,75,20,Ground,,4.5,Huge,T3,p26_bastion_b155,,boss,fortress_bastion;monster,2,fortress_bastion:8;monster:8,NEED_CODE_CHECK,NEED_CODE_CHECK,,CHUA_AP:prompt_xuat_luot5,4,1,gun,"US Army M109A7 fact file: 4 rpm for 3 min, 1 rpm sustained",real M109A7 4 rpm (15 s) at its maximum; wave 1's 12.5 s is too fast after the 30 % rule,doi,515,600,2,15,,,8.5,7,17,14,45,150,,,,,,,,,,,,,,,,,,,,,,,,,,,,,,,,,,,,,,,,15,600,,14,,,,,,,,,,,,,,,p26_bastion_b155,,,,,,,,,,,,,,,,,,,,,150,,,,,,,,,,,,,,7,,,,,,,,,,Assets/MachineBrigade/Resources/Data/balance.json: weapons[151],"{""id"":""p26_bastion_main_b155"",""inherits"":""p26_bastion_b155"",""cooldown"":15,""projectileSpeed"":150,""edge"":14,""splash"":7,""damage"":600}"
p26_bastion_sec_b240,2B8 240 mm,cal_240,,,mortar,240,,,,HighExplosive,4,Shell,1,RIPPLE,1,0.1,60,0,0.0,0,0.0,1100,10,20,38,80,12,Ground,,3.5,Huge,T4,p26_bastion_b240,,boss,bastion_mk0;fortress_bastion;monster,3,bastion_mk0:0;fortress_bastion:0;monster:0,NEED_CODE_CHECK,NEED_CODE_CHECK,,CHUA_AP:prompt_xuat_luot5,1,1,gun,Wikipedia '2S4 Tyulpan': ~1 rpm,real 2S4 Tyulpan ~1 rpm (60 s); wave 1's 10 s is too fast,doi,715,1100,5,60,,,,,,,,,,,,,,,,,,,,,,,,,,,,,,,,,,,,,,,,,,,,,,,,60,1100,,,,,,,,,,,,,,,,,p26_bastion_b240,,,,,,,,,,,,,,,,,,,,,,,,,,,,,,,,,,,,,,,,,,,,,Assets/MachineBrigade/Resources/Data/balance.json: weapons[152],"{""id"":""p26_bastion_sec_b240"",""inherits"":""p26_bastion_b240"",""cooldown"":60,""damage"":1100}"
p26_bastion_tiny_autocannon_40,Bofors 40 mm,cal_40,,,autocannon,40,,,,Kinetic,2,Bullet,1,RIPPLE,1,0.1,0.2,10,1.52,0,0.0,30,0,0.0,210,28,0.0,All,,0.8,Small,T1,autocannon_40,,boss,fortress_bastion;monster,2,fortress_bastion:3;fortress_bastion:4;monster:3;monster:4,NEED_CODE_CHECK,NEED_CODE_CHECK,,CHUA_AP:prompt_xuat_luot5,330,120,aa,Wikipedia 'Bofors 40 mm L/70': 240-330 rpm,"wave 1 autocannon_40: 10 rounds at 300 rpm, changed in 1.52 s (Bofors L/70 240-330 rpm)",doi,6,30,,,,,1,0,,,,,,,,,,,,,,,,,,,1.72,1.52,,,,,,,,,,,,,,,,,1.52,,,,,,,,30,,,,,,,,,,,,,,,,,autocannon_40,,,,,,,,,,,,,,,,,,,,,,,,,,,,,,,,,,,0,,,,,,,,,,Assets/MachineBrigade/Resources/Data/balance.json: weapons[155],"{""id"":""p26_bastion_tiny_autocannon_40"",""inherits"":""autocannon_40"",""clipReload"":1.52,""splash"":0,""damage"":30}"
p26_bastion_tiny_kornet_twin,9M133 Kornet,atgm_kornet,,,atgm,,7,,,ShapedCharge,4,Missile,1,RIPPLE,2,0.6,19.4,0,0.0,0,0.0,230,0,0.0,22,50,0.0,Ground,,0.0,Medium,T2,kornet_twin,,boss,fortress_bastion;monster,2,fortress_bastion:5;monster:5,NEED_CODE_CHECK,NEED_CODE_CHECK,,CHUA_AP:prompt_xuat_luot5,3,3,atgm,Wikipedia '9M133 Kornet': 2-3 rpm,"a twin Kornet launcher: the pair 0.6 s apart, every 20 s (3 rpm a rail); 55.6 s was too slow",doi,46,230,10.51,19.4,,,,,,,,,,,,,,,,,,,,,,,,,,,,,,,,,,,,,,,,,,,,,,,,19.4,230,,,,,,,,,,,,,,,,,kornet_twin,,,,,,,,,,,,,,,,,,,,,,,,,,,,,,,,,,,,,,,,,,,,,Assets/MachineBrigade/Resources/Data/balance.json: weapons[156],"{""id"":""p26_bastion_tiny_kornet_twin"",""inherits"":""kornet_twin"",""cooldown"":19.4,""weaponFamily"":"""",""damage"":230}"
p26_bastion_tiny_zu23,ZU-23-2 23 mm,cal_23,,,autocannon,23,,,,Fragmentation,1,Bullet,1,RIPPLE,1,0.1,0.04,50,3,0,0.0,7,0.0,0.0,240,38,0.0,All,,1.6,Small,T1,zu23,,boss,fortress_bastion;monster,2,fortress_bastion:10;fortress_bastion:9;monster:10;monster:9,NEED_CODE_CHECK,NEED_CODE_CHECK,,CHUA_AP:prompt_xuat_luot5,1000,400,aa,"Wikipedia 'ZU-23-2': 2 x 800-1,000 rpm","wave 1 zu23: 50 rounds at 1,500 rpm, changed in 3 s (ZU-23-2 2 x 800-1,000 rpm)",doi,1.4,7,,,,,,,,,,,,,,,,,,,,,,,,,3.04,3,,,,,,,,,,,,,,,,,3,,,,,,,,7,,,,,,,,,,,,,,,,,zu23,,,,,,,,,,,,,,,,,,,,,,,,,,,,,,,,,,,,,,,,,,,,,Assets/MachineBrigade/Resources/Data/balance.json: weapons[157],"{""id"":""p26_bastion_tiny_zu23"",""inherits"":""zu23"",""clipReload"":3,""damage"":7}"
p26_behemoth_be120,Rh-120 L/44 120 mm,cal_120_ap,,,tank_gun,120,,,,Kinetic,5,Shell,1,RIPPLE,1,0.1,4,0,0.0,0,0.0,260,0,0.0,170,32,0.0,Ground,,0.6,Medium,T3,gun_120mm,,,,0,,NEED_CODE_CHECK,NEED_CODE_CHECK,,CHUA_AP:prompt_xuat_luot5,8,6,gun,the sheet's 'Ngoài đời': Rh-120 6-8 rpm with a loader (Wikipedia 'Rheinmetall 120 mm gun'),,giong,,,,,,,,,,,,,,,,,,,,,,,,,,,,,,,,,,,,,,,,,,,,,,,,,,,,4,260,,,,,,,,,,,,,,,,,gun_120mm,,,,,,,,,,,,5,,,,,,,,,,,,,,,Rh-120 L/44 120 mm,,,,,,,,0,,,,,,,,,,Assets/MachineBrigade/Resources/Data/balance.json: weapons[160],"{""id"":""p26_behemoth_be120"",""inherits"":""gun_120mm"",""weaponFamily"":"""",""real"":""Rh-120 L/44 120 mm"",""damage"":260,""cooldown"":4,""pen"":5,""splash"":0}"
p26_behemoth_be152,2A65 152 mm,cal_152_155,,,howitzer,152,,,,HighExplosive,3,Shell,1,RIPPLE,1,0.05,2,0,0.0,0,0.0,590,8.5,17,150,40,0.0,Ground,,0.8,Huge,T3,gun_behemoth,,,,0,,NEED_CODE_CHECK,NEED_CODE_CHECK,,CHUA_AP:prompt_xuat_luot5,8,6,gun,Wikipedia '2A65 Msta-B': 7-8 rpm,,giong,,,,,,,,,,,,,,,,,,,,,,,,,,,,,,,,,,,,,,,1,,,,,,,,,,,,,2,590,,17,,,,,,,,,,,,,,,gun_behemoth,,,,,,,,,,,,,,,,,,,,,,,,,,,2A65 152 mm,,,,,,,,8.5,,,,,,,,,,Assets/MachineBrigade/Resources/Data/balance.json: weapons[158],"{""id"":""p26_behemoth_be152"",""inherits"":""gun_behemoth"",""real"":""2A65 152 mm"",""damage"":590,""cooldown"":2,""burst"":1,""splash"":8.5,""edge"":17}"
p26_behemoth_be_rockets,BM-21 Grad 122 mm (dorsal),rkt_grad_122,,,rocket,122,,,,HighExplosive,2,Rocket,1,RIPPLE,8,0.3,5.9,0,0.0,0,0.0,160,5,10,45,45,0.0,Ground,,5,Medium,T3,boss_rockets,,,,0,,NEED_CODE_CHECK,NEED_CODE_CHECK,,CHUA_AP:prompt_xuat_luot5,120,,rocket,Wikipedia 'BM-21 Grad': 40 rockets in 20 s,,giong,,,,,,,,,,,,,,,,,,,,,,,,,,,,,,,,,,,,,,,8,0.3,,,,,,,,,,,,5.9,160,HighExplosive,10,,,,,,,,,,,,,,,boss_rockets,,,,,,,,,,,,,,,,,,,,,45,,,,,,BM-21 Grad 122 mm (dorsal),,,,,,,,5,,,,,,,,,,Assets/MachineBrigade/Resources/Data/balance.json: weapons[159],"{""id"":""p26_behemoth_be_rockets"",""inherits"":""boss_rockets"",""damageType"":""HighExplosive"",""projectileSpeed"":45,""real"":""BM-21 Grad 122 mm (dorsal)"",""damage"":160,""burst"":8,""burstInterval"":0.3,""cooldown"":5.9,""splash"":5,""edge"":10}"
p26_behemoth_close_boss_flak,Oerlikon 35 mm (twin),cal_35,,,autocannon,35,,,,Fragmentation,2,Bullet,1,RIPPLE,1,0.1,0.05,41,3.38,0,0.0,25,2.5,0.0,260,40,0.0,All,,1.5,Small,T1,boss_flak,,boss,behemoth;behemoth_mk2;cerberus,3,behemoth:2;behemoth:3;behemoth_mk2:1;behemoth_mk2:2;cerberus:1;cerberus:2,NEED_CODE_CHECK,NEED_CODE_CHECK,,CHUA_AP:prompt_xuat_luot5,550,300,aa,"Wikipedia 'Oerlikon GDF': 550 rpm a gun (the twin: 1,100)","wave 1 boss_flak: 41 rounds at 1,200 rpm, changed in 3.38 s (twin Oerlikon GDF 2 x 550 rpm)",doi,16,25,,,,,,,,,,,,,,,,,,,,,,,,,,,,,,,,,,,,,,,,,,,3.38,,,,,,,,25,,,,,,,,,,,,,,,,,boss_flak,,,,,,,,,,,,,,,,,,,,,,,,,,,,,,,,,,,,,,,,,,,,,Assets/MachineBrigade/Resources/Data/balance.json: weapons[164],"{""id"":""p26_behemoth_close_boss_flak"",""inherits"":""boss_flak"",""clipReload"":3.38,""weaponFamily"":"""",""damage"":25}"
p26_behemoth_direct_be120,Rh-120 L/44 120 mm (twin),cal_120_ap,,,tank_gun,120,,,,Kinetic,5,Shell,2,SIMULTANEOUS,1,0.1,7.5,0,0.0,0,0.0,260,0,0.0,170,32,0.0,Ground,,0.6,Medium,T3,p26_behemoth_be120,,boss,behemoth;behemoth_mk0,2,behemoth:7;behemoth:8;behemoth_mk0:1;behemoth_mk0:2,NEED_CODE_CHECK,NEED_CODE_CHECK,,CHUA_AP:prompt_xuat_luot5,8,6,gun,the sheet's 'Ngoài đời': Rh-120 6-8 rpm with a loader (Wikipedia 'Rheinmetall 120 mm gun'),"real Rh-120 with a loader, 8 rpm (7.5 s); wave 1's 5.1 s is too fast after the 30 % rule; made up: a twin Rh-120 (wave 1's gun_120_twin)",doi,255,260,5,7.5,,,,,,,,,,,,,1,2,RIPPLE,SIMULTANEOUS,,,,,,,,,,,,,,,2,,,,,,,,,,,,,,,,,7.5,260,,,,,,,,,,,,,,,,,p26_behemoth_be120,,,,,,,,,,,,,,,,,,,,,,,,,,,Rh-120 L/44 120 mm (twin),,,,,,SIMULTANEOUS,,,,,,,,,,,,Assets/MachineBrigade/Resources/Data/balance.json: weapons[163],"{""id"":""p26_behemoth_direct_be120"",""inherits"":""p26_behemoth_be120"",""real"":""Rh-120 L/44 120 mm (twin)"",""salvoMode"":""SIMULTANEOUS"",""barrels"":2,""cooldown"":7.5,""damage"":260}"
p26_behemoth_main_be152,2A65 152 mm,cal_152_155,,,howitzer,152,,,,HighExplosive,3,Shell,2,SIMULTANEOUS,1,0.05,8.98,0,0.0,0,0.0,600,7,14,150,40,0.0,Ground,,0.8,Huge,T3,p26_behemoth_be152,,boss,behemoth;behemoth_mk0;behemoth_mk2;cerberus,4,behemoth:0;behemoth_mk0:0;behemoth_mk2:0;cerberus:0,NEED_CODE_CHECK,NEED_CODE_CHECK,,CHUA_AP:prompt_xuat_luot5,8,6,gun,Wikipedia '2A65 Msta-B': 7-8 rpm,"wave 1 gun_behemoth: the twin 2A65, 2 rounds every 8.98 s (real 7-8 rpm a gun, Msta-B): passes (b)",doi,650,600,2,8.98,,,8.5,7,17,14,,,,,,,1,2,RIPPLE,SIMULTANEOUS,,,,,,,,,,,,,,,2,,,,,,,,,,,,,,,,,8.98,600,,14,,,,,,,,,,,,,,,p26_behemoth_be152,,,,,,,,,,,,,,,,,,,,,,,,,,,,,,,,,SIMULTANEOUS,,7,,,,,,,,,,Assets/MachineBrigade/Resources/Data/balance.json: weapons[161],"{""id"":""p26_behemoth_main_be152"",""inherits"":""p26_behemoth_be152"",""salvoMode"":""SIMULTANEOUS"",""barrels"":2,""cooldown"":8.98,""edge"":14,""splash"":7,""damage"":600}"
p26_behemoth_sec_be_rockets,BM-21 Grad 122 mm (dorsal),rkt_grad_122,,,rocket,122,,,,HighExplosive,2,Rocket,1,RIPPLE,40,0.5,2.44,0,0.0,0,0.0,200,4.5,9,45,45,0.0,Ground,,5,Medium,T3,p26_behemoth_be_rockets,,boss,behemoth;behemoth_mk0;cerberus,3,behemoth:9;behemoth_mk0:3;cerberus:3,NEED_CODE_CHECK,NEED_CODE_CHECK,,CHUA_AP:prompt_xuat_luot5,120,,rocket,Wikipedia 'BM-21 Grad': 40 rockets in 20 s,"wave 1 boss_rockets: rockets 0.5 s apart (BM-21: 40 in 20 s), 2.44 s after the ripple; each pod keeps its rockets; made up: a full BM-21 pack of 40 tubes (8 before)",doi,195,200,3,2.44,,,5,4.5,10,9,,,8,40,0.3,0.5,,,,,,,,,,,,,,,,,,,,,,,40,0.5,,,,,,,,,,,,2.44,200,,9,,,,,,,,,,,,,,,p26_behemoth_be_rockets,,,,,,,,,,,,,,,,,,,,,,,,,,,,,,,,,,,4.5,,,,,,,,,,Assets/MachineBrigade/Resources/Data/balance.json: weapons[162],"{""id"":""p26_behemoth_sec_be_rockets"",""inherits"":""p26_behemoth_be_rockets"",""burstInterval"":0.5,""burst"":40,""edge"":9,""splash"":4.5,""cooldown"":2.44,""damage"":200}"
p26_behemoth_tiny_be120,Rh-120 L/44 120 mm,cal_120_ap,,,tank_gun,120,,,,Kinetic,5,Shell,1,RIPPLE,1,0.1,7.5,0,0.0,0,0.0,260,0,0.0,170,32,0.0,Ground,,0.6,Medium,T3,p26_behemoth_be120,,boss,behemoth,1,behemoth:1,NEED_CODE_CHECK,NEED_CODE_CHECK,,CHUA_AP:prompt_xuat_luot5,8,6,gun,the sheet's 'Ngoài đời': Rh-120 6-8 rpm with a loader (Wikipedia 'Rheinmetall 120 mm gun'),"real Rh-120 with a loader, 8 rpm (7.5 s); wave 1's 5.1 s is too fast after the 30 % rule",doi,52,260,4,7.5,,,,,,,,,,,,,,,,,,,,,,,,,,,,,,,,,,,,,,,,,,,,,,,,7.5,260,,,,,,,,,,,,,,,,,p26_behemoth_be120,,,,,,,,,,,,,,,,,,,,,,,,,,,,,,,,,,,,,,,,,,,,,Assets/MachineBrigade/Resources/Data/balance.json: weapons[165],"{""id"":""p26_behemoth_tiny_be120"",""inherits"":""p26_behemoth_be120"",""cooldown"":7.5,""damage"":260}"
p26_behemoth_tiny_boss_missiles,9M133 Kornet,atgm_kornet,,,atgm,,7,,,ShapedCharge,4,Missile,1,RIPPLE,1,0.1,20,0,0.0,0,0.0,230,0,0.0,22,45,0.0,Ground,,0.0,Medium,T2,boss_missiles,,boss,behemoth,1,behemoth:4;behemoth:5,NEED_CODE_CHECK,NEED_CODE_CHECK,,CHUA_AP:prompt_xuat_luot5,3,3,atgm,Wikipedia '9M133 Kornet': 2-3 rpm,real 9M133 Kornet 3 rpm (20 s); wave 1's 6.39 s is too fast,doi,46,230,6.39,20,,,,,,,,,,,,,,,,,,,,,,,,,,,,,,,,,,,,,,,,,,,,,,,,20,230,,,,,,,,,,,,,,,,,boss_missiles,,,,,,,,,,,,,,,,,,,,,,,,,,,,,,,,,,,,,,,,,,,,,Assets/MachineBrigade/Resources/Data/balance.json: weapons[166],"{""id"":""p26_behemoth_tiny_boss_missiles"",""inherits"":""boss_missiles"",""cooldown"":20,""weaponFamily"":"""",""damage"":230}"
p26_behemoth_tiny_kornet_twin,9M133 Kornet,atgm_kornet,,,atgm,,7,,,ShapedCharge,4,Missile,1,RIPPLE,2,0.6,19.4,0,0.0,0,0.0,230,0,0.0,22,50,0.0,Ground,,0.0,Medium,T2,kornet_twin,,boss,behemoth,1,behemoth:6,NEED_CODE_CHECK,NEED_CODE_CHECK,,CHUA_AP:prompt_xuat_luot5,3,3,atgm,Wikipedia '9M133 Kornet': 2-3 rpm,"a twin Kornet launcher: the pair 0.6 s apart, every 20 s (3 rpm a rail); 55.6 s was too slow",doi,46,230,10.51,19.4,,,,,,,,,,,,,,,,,,,,,,,,,,,,,,,,,,,,,,,,,,,,,,,,19.4,230,,,,,,,,,,,,,,,,,kornet_twin,,,,,,,,,,,,,,,,,,,,,,,,,,,,,,,,,,,,,,,,,,,,,Assets/MachineBrigade/Resources/Data/balance.json: weapons[167],"{""id"":""p26_behemoth_tiny_kornet_twin"",""inherits"":""kornet_twin"",""cooldown"":19.4,""weaponFamily"":"""",""damage"":230}"
p26_daedalus_dae57,AU-220 57 mm (belly),cal_57,,,tank_gun,57,,,,HighExplosive,4,Shell,1,RIPPLE,2,0.2,2.3,0,0.0,0,0.0,120,3.5,7,150,28,0.0,Ground,,0.8,Medium,T2,gun_57mm,,,,0,,NEED_CODE_CHECK,NEED_CODE_CHECK,,CHUA_AP:prompt_xuat_luot5,120,80,ac,Wikipedia 'AU-220M': 80-120 rpm,,giong,,,,,,,,,,,,,,,,,,,,,,,,,,,,,,,,,,,,,,,2,0.2,,,,,,,,,,,,2.3,120,HighExplosive,7,,,,,,,,,,,,,,,gun_57mm,,,,,,,,,,,,4,,,,,,,,,,,,,,,AU-220 57 mm (belly),,,,,,,,3.5,,,,,,,,,,Assets/MachineBrigade/Resources/Data/balance.json: weapons[215],"{""id"":""p26_daedalus_dae57"",""inherits"":""gun_57mm"",""weaponVariantId"":"""",""weaponFamily"":"""",""real"":""AU-220 57 mm (belly)"",""damageType"":""HighExplosive"",""damage"":120,""burst"":2,""burstInterval"":0.2,""cooldown"":2.3,""pen"":4,""splash"":3.5,""edge"":7}"
p26_daedalus_dae_laser,targeting laser (300 kW),laser_targeting_laser,,,laser,,,300,,Energy,4,Bullet,1,RIPPLE,1,0.1,0.1,0,0.0,0,0.0,40,1.5,0.0,3000,36,0.0,Ground,,0.0,Small,T1,orbital_laser,,,,0,,NEED_CODE_CHECK,NEED_CODE_CHECK,,CHUA_AP:prompt_xuat_luot5,NEED_SOURCE,NEED_SOURCE,,NEED_SOURCE,,giong,,,,,,,,,,,,,,,,,,,,,,,,,,,,,,,,,,,,,,,,,,,,,,,,,,,,,40,,,,,,,,,,,,,,,,,orbital_laser,,,,,,,,,,,,,,,,300,,,,,,,,,,,targeting laser (300 kW),,,,,,,300,,,,,,,,,laser_targeting_laser,,Assets/MachineBrigade/Resources/Data/balance.json: weapons[216],"{""id"":""p26_daedalus_dae_laser"",""inherits"":""orbital_laser"",""weaponFamilyId"":""laser_targeting_laser"",""real"":""targeting laser (300 kW)"",""size"":300,""powerKw"":300,""damage"":40}"
p26_daedalus_direct_dae_laser,targeting laser (300 kW),laser_targeting_laser,,,laser,,,300,,Energy,4,Bullet,1,RIPPLE,1,0.1,0.1,0,0.0,0,0.0,16.5,1.5,0.0,3000,36,0.0,Ground,,0.0,Small,T1,p26_daedalus_dae_laser,,boss,daedalus,1,daedalus:0;daedalus:3,NEED_CODE_CHECK,NEED_CODE_CHECK,,CHUA_AP:prompt_xuat_luot5,NEED_SOURCE,NEED_SOURCE,,NEED_SOURCE,a laser: no real rate,giong,,,,,,,,,,,,,,,,,,,,,,,,,,,,,,,,,,,,,,,,,,,,,,,,,,,,,16.5,,,,,,,,,,,,,,,,,p26_daedalus_dae_laser,,,,,,,,,,,,,,,,,,,,,,,,,,,,,,,,,,,,,,,,,,,,,Assets/MachineBrigade/Resources/Data/balance.json: weapons[218],"{""id"":""p26_daedalus_direct_dae_laser"",""inherits"":""p26_daedalus_dae_laser"",""damage"":16.5}"
p26_daedalus_sec_dae57,AU-220 57 mm (twin belly mount),cal_57,,,tank_gun,57,,,,HighExplosive,4,Shell,2,SIMULTANEOUS,4,0.5,2.79,0,0.0,0,0.0,120,3,6,150,28,0.0,Ground,,0.8,Medium,T2,p26_daedalus_dae57,,boss,daedalus,1,daedalus:1;daedalus:2,NEED_CODE_CHECK,NEED_CODE_CHECK,,CHUA_AP:prompt_xuat_luot5,120,80,ac,Wikipedia 'AU-220M': 80-120 rpm,wave 1 mothership_cannon: 4 rounds 0.5 s apart every 4.29 s (AU-220M 120 rpm); made up: a twin 57 mm deck mount (as the real AK-725 twin 57 mm); made up: a twin 57 mm belly mount (as the real AK-725 twin 57 mm),doi,135,120,1.1,2.79,,,3.5,3,7,6,,,2,4,0.2,0.5,1,2,RIPPLE,SIMULTANEOUS,,,,,,,,,,,,,,,2,,,,4,0.5,,,,,,,,,,,,2.79,120,,6,,,,,,,,,,,,,,,p26_daedalus_dae57,,,,,,,,,,,,,,,,,,,,,,,,,,,AU-220 57 mm (twin belly mount),,,,,,SIMULTANEOUS,,3,,,,,,,,,,Assets/MachineBrigade/Resources/Data/balance.json: weapons[217],"{""id"":""p26_daedalus_sec_dae57"",""inherits"":""p26_daedalus_dae57"",""real"":""AU-220 57 mm (twin belly mount)"",""salvoMode"":""SIMULTANEOUS"",""barrels"":2,""burstInterval"":0.5,""burst"":4,""edge"":6,""splash"":3,""cooldown"":2.79,""damage"":120}"
p26_gungnir_emrg,"EMRG electromagnetic railgun (rail train, scaled up)",gungnir_emrg,,,special,0,,,250,HighExplosive,4,Shell,1,RIPPLE,1,0.1,25,0,0.0,0,0.0,2000,12,20,700,400,30,Ground,,0.0,Ultimate,T5,supergun_800,,boss,rail_supergun,1,rail_supergun:other,NEED_CODE_CHECK,NEED_CODE_CHECK,,CHUA_AP:prompt_xuat_luot5,NEED_SOURCE,NEED_SOURCE,,NEED_SOURCE,,giong,,,,,,,,,,,,,,,,,,,,,,,,,,,,,,,,,,FALSE,,,,,,,0,,,,,,,,,,,25,2000,,20,,250,,FALSE,,,,,,,,,,,supergun_800,,FALSE,,,,,,30,,,,4,,,,,,,rail_slug,3.2,700,,,,,400,"EMRG electromagnetic railgun (rail train, scaled up)",,,,,,,250,12,,,Ground,,,,,gungnir_emrg,,Assets/MachineBrigade/Resources/Data/balance.json: weapons[176],"{""id"":""p26_gungnir_emrg"",""apsEligible"":false,""flareEligible"":false,""interceptable"":false,""targets"":""Ground"",""inherits"":""supergun_800"",""weaponFamilyId"":""gungnir_emrg"",""weaponFamily"":"""",""real"":""EMRG electromagnetic railgun (rail train, scaled up)"",""size"":250,""caliberMm"":0,""energyMj"":250,""projectileModel"":""rail_slug"",""projectileScale"":3.2,""damage"":2000,""cooldown"":25,""splash"":12,""edge"":20,""pen"":4,""range"":400,""minRange"":30,""projectileSpeed"":700}"
p26_icarus_close_autocannon_40,Bofors 40 mm,cal_40,,,autocannon,40,,,,Kinetic,2,Bullet,1,RIPPLE,1,0.1,0.2,10,1.52,0,0.0,30,0,0.0,210,28,0.0,All,,0.8,Small,T1,autocannon_40,,boss,silver_bug,1,silver_bug:5;silver_bug:6,NEED_CODE_CHECK,NEED_CODE_CHECK,,CHUA_AP:prompt_xuat_luot5,330,120,aa,Wikipedia 'Bofors 40 mm L/70': 240-330 rpm,"wave 1 autocannon_40: 10 rounds at 300 rpm, changed in 1.52 s (Bofors L/70 240-330 rpm)",doi,56,30,,,,,1,0,,,,,,,,,,,,,,,,,,,1.72,1.52,,,,,,,,,,,,,,,,,1.52,,,,,,,0.2,30,,,,,,,,,,,,,,,,,autocannon_40,,,,,,,,,,,,,,,,,,,,,,,,,,,,,,,,,,,0,,,,,,,,,,Assets/MachineBrigade/Resources/Data/balance.json: weapons[224],"{""id"":""p26_icarus_close_autocannon_40"",""inherits"":""autocannon_40"",""clipReload"":1.52,""cooldown"":0.2,""splash"":0,""damage"":30}"
p26_icarus_direct_ic_laser,laser tower (300 kW),laser_tower,,,laser,,,300,,Energy,4,Bullet,1,RIPPLE,1,0.1,0.1,0,0.0,0,0.0,16,1.5,0.0,3000,36,0.0,Ground,,0.0,Small,T1,p26_icarus_ic_laser,,boss,hyperion;silver_bug,2,hyperion:3;hyperion:4;silver_bug:3;silver_bug:4,NEED_CODE_CHECK,NEED_CODE_CHECK,,CHUA_AP:prompt_xuat_luot5,NEED_SOURCE,NEED_SOURCE,,NEED_SOURCE,a laser: no real rate,giong,,,,,,,,,,,,,,,,,,,,,,,,,,,,,,,,,,,,,,,,,,,,,,,,,,,,,16,,,,,,,,,,,,,,,,,p26_icarus_ic_laser,,,,,,,,,,,,,,,,,,,,,,,,,,,,,,,,,,,,,,,,,,,,,Assets/MachineBrigade/Resources/Data/balance.json: weapons[223],"{""id"":""p26_icarus_direct_ic_laser"",""inherits"":""p26_icarus_ic_laser"",""damage"":16}"
p26_icarus_ic_coil,coilgun (64 MJ),rail_coilgun,,,railgun,,,,64,Kinetic,5,Bullet,1,RIPPLE,1,0.25,2,0,0.0,0,0.0,1440,0.0,0.0,420,55,0.0,All,,0.6,Large,T3,coilgun,,,,0,,NEED_CODE_CHECK,NEED_CODE_CHECK,,CHUA_AP:prompt_xuat_luot5,NEED_SOURCE,NEED_SOURCE,,NEED_SOURCE,,giong,,,,,,,,,,,,,,,,,,,,,,,,,,,,,,,,,,,,,,,1,,,,,,,,,,,,,2,1440,,,,64,,,,,,,,,,,,,coilgun,,,,,,,,,,,,5,TRUE,4,,,,,,,,,,,,,coilgun (64 MJ),,,,,,,64,,,,,,,,,,,Assets/MachineBrigade/Resources/Data/balance.json: weapons[219],"{""id"":""p26_icarus_ic_coil"",""inherits"":""coilgun"",""real"":""coilgun (64 MJ)"",""size"":64,""energyMj"":64,""damage"":1440,""burst"":1,""cooldown"":2,""pierce"":true,""pierceMax"":4,""pen"":5}"
p26_icarus_ic_laser,laser tower (300 kW),laser_tower,,,laser,,,300,,Energy,4,Bullet,1,RIPPLE,1,0.1,0.1,0,0.0,0,0.0,40,1.5,0.0,3000,36,0.0,Ground,,0.0,Small,T1,orbital_laser,,,,0,,NEED_CODE_CHECK,NEED_CODE_CHECK,,CHUA_AP:prompt_xuat_luot5,NEED_SOURCE,NEED_SOURCE,,NEED_SOURCE,,giong,,,,,,,,,,,,,,,,,,,,,,,,,,,,,,,,,,,,,,,,,,,,,,,,,,,,,40,,,,,,,,,,,,,,,,,orbital_laser,,,,,,,,,,,,,,,,300,,,,,,,,,,,laser tower (300 kW),,,,,,,300,,,,,,,,,laser_tower,,Assets/MachineBrigade/Resources/Data/balance.json: weapons[220],"{""id"":""p26_icarus_ic_laser"",""inherits"":""orbital_laser"",""weaponFamilyId"":""laser_tower"",""real"":""laser tower (300 kW)"",""size"":300,""powerKw"":300,""damage"":40}"
p26_icarus_main_ic_coil,heavy coilgun (64 MJ),rail_heavy_coilgun,,,railgun,,,,64,Kinetic,5,Bullet,1,RIPPLE,1,0.25,5,0,0.0,0,0.0,1500,0.0,0.0,420,55,0.0,All,,0.6,Large,T3,p26_icarus_ic_coil,,boss,hyperion;silver_bug,2,hyperion:1;hyperion:2;silver_bug:1;silver_bug:2,NEED_CODE_CHECK,NEED_CODE_CHECK,,CHUA_AP:prompt_xuat_luot5,NEED_SOURCE,NEED_SOURCE,,NEED_SOURCE,"a 64 MJ coilgun, its own family (rail_heavy_coilgun): no real rate",giong,,,,,,,,,,,,,,,,,,,,,,,,,,,,,,,,,,,,,,,,,,,,,,,,,,,,5,1500,,,,,,,,,,,,,,,,,p26_icarus_ic_coil,,,,,,,,,,,,,,,,,,,,,,,,,,,heavy coilgun (64 MJ),,,,,,,,,,,,,,,,rail_heavy_coilgun,,Assets/MachineBrigade/Resources/Data/balance.json: weapons[221],"{""id"":""p26_icarus_main_ic_coil"",""inherits"":""p26_icarus_ic_coil"",""weaponFamilyId"":""rail_heavy_coilgun"",""real"":""heavy coilgun (64 MJ)"",""cooldown"":5,""damage"":1500}"
p26_icarus_sec_orbital_laser,laser (150 kW),laser_laser,,,laser,,,150,,Energy,4,Bullet,1,RIPPLE,1,0.1,0.1,0,0.0,0,0.0,40,1.5,0.0,3000,36,0.0,Ground,,0.0,Small,T1,orbital_laser,,boss,hyperion;icarus_mk0;silver_bug,3,hyperion:0;icarus_mk0:0;silver_bug:0,NEED_CODE_CHECK,NEED_CODE_CHECK,,CHUA_AP:prompt_xuat_luot5,NEED_SOURCE,NEED_SOURCE,,NEED_SOURCE,a laser: no real rate,giong,,,,,,,,,,,,,,,,,,,,,,,,,,,,,,,,,,,,,,,,,,,,,,,,,,,,,40,,,,,,,,,,,,,,,,,orbital_laser,,,,,,,,,,,,,,,,,,,,,,,,,,,,,,,,,,,,,,,,,,,,,Assets/MachineBrigade/Resources/Data/balance.json: weapons[222],"{""id"":""p26_icarus_sec_orbital_laser"",""inherits"":""orbital_laser"",""damage"":40}"
p26_ixion_125,"2A46 125 mm (turret, AP)",cal_125_ap,,,tank_gun,125,,,,Kinetic,4,Shell,1,RIPPLE,1,0.1,7.5,0,0.0,0,0.0,400,0,0.0,170,38,0.0,Ground,,0.6,Medium,T3,gun_120mm,p26_ixion_125_he,boss,ixion,1,ixion:0,NEED_CODE_CHECK,NEED_CODE_CHECK,,CHUA_AP:prompt_xuat_luot5,8,7,gun,Wikipedia '2A46': 7-8 rpm with the autoloader,"real 2A46 with its autoloader, 8 rpm (7.5 s); wave 1's 5.56 s is too fast after the 30 % rule",doi,780,400,2,7.5,,,,,,,,,,,,,,,,,,,,,,,,,,,,,,,,,,,,,125,,,,,,,,,,,7.5,400,,,,,,,,,,,,,,,,,gun_120mm,,,,,,,,,,,,4,,,,,,,,,,,,,,38,"2A46 125 mm (turret, AP)",,,,,,,125,0,,,,,,,,cal_125_ap,,Assets/MachineBrigade/Resources/Data/balance.json: weapons[178],"{""id"":""p26_ixion_125"",""inherits"":""gun_120mm"",""weaponFamilyId"":""cal_125_ap"",""weaponFamily"":"""",""real"":""2A46 125 mm (turret, AP)"",""size"":125,""caliberMm"":125,""damage"":400,""cooldown"":7.5,""pen"":4,""splash"":0,""range"":38}"
p26_ixion_125_he,2A46 125 mm HE-FRAG,cal_125_he,,,tank_gun,125,,,,HighExplosive,3,Shell,1,RIPPLE,1,0.1,7.5,0,0.0,0,0.0,400.1,5,10,170,38,0.0,Ground,,0.6,Huge,T3,p26_ixion_125,,,,0,,NEED_CODE_CHECK,NEED_CODE_CHECK,,CHUA_AP:prompt_xuat_luot5,8,7,gun,Wikipedia '2A46': 7-8 rpm with the autoloader,,doi,780,400.1,2,7.5,,,,,,,,,,,,,,,,,,,,,,,,,,,,,,,,,,,,,,,,,,,,,,,,,400.1,HighExplosive,10,,,,,,cluster,HeShell,,,,,,,Huge,p26_ixion_125,,,,,,,,,,,,3,,,FALSE,,,,,,,,,,,,2A46 125 mm HE-FRAG,,he,,p26_ixion_125,,,,5,,,Ground,,,,,cal_125_he,,Assets/MachineBrigade/Resources/Data/balance.json: secondRounds.rounds[6],"{""id"":""p26_ixion_125_he"",""roundOf"":""p26_ixion_125"",""inherits"":""p26_ixion_125"",""weaponFamilyId"":""cal_125_he"",""weaponFamily"":"""",""round"":""he"",""for"":[""cluster""],""real"":""2A46 125 mm HE-FRAG"",""damageType"":""HighExplosive"",""pen"":3,""damage"":400.1,""splash"":5,""edge"":10,""form"":""HeShell"",""piercing"":false,""targets"":""Ground"",""impactTier"":""Huge""}"
p26_ixion_mg,NSV 12.7 mm,cal_12_7,,,mg,12.7,,,,Kinetic,1,Bullet,1,RIPPLE,1,0.1,0.0833,100,5,0,0.0,15,0,0.0,240,30,0.0,All,,1.3,Small,T0,boss_hmg,,boss,ixion,1,ixion:1;ixion:2,NEED_CODE_CHECK,NEED_CODE_CHECK,,CHUA_AP:prompt_xuat_luot5,800,100,mg,"Wikipedia 'NSV machine gun': 700-800 cyclic, 100 practical","wave 1 boss_hmg: 100 rounds at 720 rpm, changed in 5 s (NSV 700-800 rpm)",doi,,,,,,,,,,,,,,,,,,,,,,,,,,,5.0833,5,,,,,,,,,,,,,,,,,5,,,,,,,,15,,,,,,,,,,,,,,,,,boss_hmg,,,,,,,,,,,,,,,,,,,,,,,,,,,,,,,,,,,,,,,,,,,,,Assets/MachineBrigade/Resources/Data/balance.json: weapons[177],"{""id"":""p26_ixion_mg"",""inherits"":""boss_hmg"",""clipReload"":5,""weaponFamily"":"""",""damage"":15}"
p26_jotunn_close_boss_flak,Oerlikon 35 mm (twin),cal_35,,,autocannon,35,,,,Fragmentation,2,Bullet,1,RIPPLE,1,0.1,0.05,41,3.38,0,0.0,25,2.5,0.0,260,40,0.0,All,,1.5,Small,T1,boss_flak,,boss,fenrir;mobile_fortress,2,fenrir:2;mobile_fortress:3;mobile_fortress:4,NEED_CODE_CHECK,NEED_CODE_CHECK,,CHUA_AP:prompt_xuat_luot5,550,300,aa,"Wikipedia 'Oerlikon GDF': 550 rpm a gun (the twin: 1,100)","wave 1 boss_flak: 41 rounds at 1,200 rpm, changed in 3.38 s (twin Oerlikon GDF 2 x 550 rpm)",doi,18,25,,,,,,,,,,,,,,,,,,,,,,,,,,,,,,,,,,,,,,,,,,,3.38,,,,,,,,25,,,,,,,,,,,,,,,,,boss_flak,,,,,,,,,,,,,,,,,,,,,,,,,,,,,,,,,,,,,,,,,,,,,Assets/MachineBrigade/Resources/Data/balance.json: weapons[173],"{""id"":""p26_jotunn_close_boss_flak"",""inherits"":""boss_flak"",""clipReload"":3.38,""weaponFamily"":"""",""damage"":25}"
p26_jotunn_direct_jo125,2A46 125 mm,cal_125_ap,,,tank_gun,125,,,,Kinetic,5,Shell,1,RIPPLE,1,0.1,7.5,0,0.0,0,0.0,400,0,0.0,170,38,0.0,Ground,,0.6,Medium,T3,p26_jotunn_jo125,,boss,mobile_fortress,1,mobile_fortress:5,NEED_CODE_CHECK,NEED_CODE_CHECK,,CHUA_AP:prompt_xuat_luot5,8,7,gun,Wikipedia '2A46': 7-8 rpm with the autoloader,"real 2A46 with its autoloader, 8 rpm (7.5 s); wave 1's 5.56 s is too fast after the 30 % rule",doi,290,400,2.5,7.5,,,,,,,,,,,,,,,,,,,,,,,,,,,,,,,,,,,,,,,,,,,,,,,,7.5,400,,,,,,,,,,,,,,,,,p26_jotunn_jo125,,,,,,,,,,,,,,,,,,,,,,,,,,,,,,,,,,,,,,,,,,,,,Assets/MachineBrigade/Resources/Data/balance.json: weapons[172],"{""id"":""p26_jotunn_direct_jo125"",""inherits"":""p26_jotunn_jo125"",""cooldown"":7.5,""damage"":400}"
p26_jotunn_jo125,2A46 125 mm,cal_125_ap,,,tank_gun,125,,,,Kinetic,5,Shell,1,RIPPLE,1,0.1,2,0,0.0,0,0.0,280,0,0.0,170,38,0.0,Ground,,0.6,Medium,T3,gun_120mm,,,,0,,NEED_CODE_CHECK,NEED_CODE_CHECK,,CHUA_AP:prompt_xuat_luot5,8,7,gun,Wikipedia '2A46': 7-8 rpm with the autoloader,,giong,,,,,,,,,,,,,,,,,,,,,,,,,,,,,,,,,,,,,,,,,125,,,,,,,,,,,2,280,,,,,,,,,,,,,,,,,gun_120mm,,,,,,,,,,,,5,,,,,,,,,,,,,,38,2A46 125 mm,,,,,,,125,0,,,,,,,,cal_125_ap,,Assets/MachineBrigade/Resources/Data/balance.json: weapons[170],"{""id"":""p26_jotunn_jo125"",""inherits"":""gun_120mm"",""weaponFamilyId"":""cal_125_ap"",""weaponFamily"":"""",""real"":""2A46 125 mm"",""size"":125,""caliberMm"":125,""damage"":280,""cooldown"":2,""pen"":5,""splash"":0,""range"":38}"
p26_jotunn_jo203,2A44 203 mm,cal_203,,,howitzer,203,,,,HighExplosive,4,Shell,1,RIPPLE,1,0.1,24,0,0.0,0,0.0,900,8.5,17,60,60,0.0,Ground,,3,Huge,T4,boss_howitzer,,boss,mobile_fortress,1,mobile_fortress:0;mobile_fortress:7,NEED_CODE_CHECK,NEED_CODE_CHECK,,CHUA_AP:prompt_xuat_luot5,2.5,1,gun,Wikipedia '2S7 Pion': 1.5 rpm (2S7M Malka 2.5),real 2S7M Malka 2.5 rpm (24 s); wave 1's 9.44 s is too fast,doi,790,900,5,24,,,10,8.5,20,17,,,,,,,,,,,,,,,,,,,,,,,,,,,,,,,,,,,,,,,,,,24,900,,17,,,,,,,,,,,,,,,boss_howitzer,,,,,,,,,,,,,,,,,,,,,,,,,,,2A44 203 mm,,,,,,,,8.5,,,,,,,,,,Assets/MachineBrigade/Resources/Data/balance.json: weapons[168],"{""id"":""p26_jotunn_jo203"",""inherits"":""boss_howitzer"",""real"":""2A44 203 mm"",""damage"":900,""cooldown"":24,""splash"":8.5,""edge"":17}"
p26_jotunn_jo_rockets,BM-30 Smerch 300 mm (pod),rkt_smerch_300,,,rocket,300,,,,HighExplosive,2,Rocket,1,RIPPLE,8,0.3,7.9,0,0.0,0,0.0,110,5,10,45,45,0.0,Ground,,5,Medium,T4,boss_rockets,,,,0,,NEED_CODE_CHECK,NEED_CODE_CHECK,,CHUA_AP:prompt_xuat_luot5,19,,rocket,Wikipedia 'BM-30 Smerch': 12 rockets in 38 s,,giong,,,,,,,,,,,,,,,,,,,,,,,,,,,,,,,,,,,,,,,8,0.3,300,,,,,,,,,,,7.9,110,HighExplosive,10,,,,,,,,,,,,,,,boss_rockets,,,,,,,,,,,,,,,,,,,,,45,,,,,,BM-30 Smerch 300 mm (pod),,,,,,,300,5,,,,,,,,rkt_smerch_300,,Assets/MachineBrigade/Resources/Data/balance.json: weapons[169],"{""id"":""p26_jotunn_jo_rockets"",""inherits"":""boss_rockets"",""weaponFamilyId"":""rkt_smerch_300"",""damageType"":""HighExplosive"",""projectileSpeed"":45,""real"":""BM-30 Smerch 300 mm (pod)"",""size"":300,""caliberMm"":300,""damage"":110,""burst"":8,""burstInterval"":0.3,""cooldown"":7.9,""splash"":5,""edge"":10}"
p26_jotunn_sec_jo_rockets,BM-30 Smerch 300 mm (pod),rkt_smerch_300,,,rocket,300,,,,HighExplosive,2,Rocket,1,RIPPLE,8,3.17,15.76,0,0.0,0,0.0,450,8,16,45,45,0.0,Ground,,5,Medium,T4,p26_jotunn_jo_rockets,,boss,fenrir;mobile_fortress,2,fenrir:0;fenrir:1;mobile_fortress:1;mobile_fortress:2,NEED_CODE_CHECK,NEED_CODE_CHECK,,CHUA_AP:prompt_xuat_luot5,19,,rocket,Wikipedia 'BM-30 Smerch': 12 rockets in 38 s,"real BM-30 Smerch 12 rockets in 38 s (3.17 s apart), wave 1 rockets_300mm's 15.76 s after the ripple",doi,130,450,4,15.76,,,5,8,10,16,,,,,0.3,3.17,,,,,,,,,,,,,,,,,,,,,,,,3.17,,,,,,,,,,,,15.76,450,,16,,,,,,,,,,,,,,,p26_jotunn_jo_rockets,,,,,,,,,,,,,,,,,,,,,,,,,,,,,,,,,,,8,,,,,,,,,,Assets/MachineBrigade/Resources/Data/balance.json: weapons[171],"{""id"":""p26_jotunn_sec_jo_rockets"",""inherits"":""p26_jotunn_jo_rockets"",""burstInterval"":3.17,""edge"":16,""splash"":8,""cooldown"":15.76,""damage"":450}"
p26_jotunn_tiny_twin_30_flak,2A38 30 mm (twin),cal_30,flak,,autocannon,30,,,,Fragmentation,2,Bullet,1,RIPPLE,1,0.1,0.025,160,3,0,0.0,22,2.5,0.0,280,42,0.0,All,,1.4,Small,T1,twin_30_flak,,boss,mobile_fortress,1,mobile_fortress:6,NEED_CODE_CHECK,NEED_CODE_CHECK,,CHUA_AP:prompt_xuat_luot5,2500,1000,aa,"Wikipedia '2A38': 4,060-5,000 rpm the twin mount","wave 1 twin_30_flak: 160 rounds at 2,400 rpm, changed in 3 s (2A38M 4,060-5,000 rpm the pair)",doi,1.5,22,,,,,,,,,,,,,,,,,,,,,,,,,3.025,3,,,,,,,,,,,,,,,,,3,,,,,,,,22,,,,,,,,,,,,,,,,,twin_30_flak,,,,,,,,,,,,,,,,,,,,,,,,,,,,,,,,,,,,,,,,,,,,,Assets/MachineBrigade/Resources/Data/balance.json: weapons[174],"{""id"":""p26_jotunn_tiny_twin_30_flak"",""inherits"":""twin_30_flak"",""clipReload"":3,""weaponFamily"":"""",""damage"":22}"
p26_kronos_close_autocannon_30,2A42 30 mm,cal_30,,,autocannon,30,,,,Kinetic,2,Bullet,1,RIPPLE,10,0.1111,1.5,0,0.0,0,0.0,22,0,0.0,200,30,0.0,Ground,,0.8,Small,T1,autocannon_30,,boss,kronos,1,kronos:0;kronos:4,NEED_CODE_CHECK,NEED_CODE_CHECK,,CHUA_AP:prompt_xuat_luot5,800,300,ac,"Wikipedia '2A42': 550-800 high, 200-300 low rpm",wave 1 autocannon_30: 10 rounds at 540 rpm every 2.5 s (2A42 550-800 rpm),doi,21,22,1.6111,1.5,,,,,,,,,,,,,,,,,,,,,,,,,,,,,,,,,,,,,,,,,,,,,,,,1.5,22,,,,,,,,,,,,,,,,,autocannon_30,,,,,,,,,,,,,,,,,,,,,,,,,,,,,,,,,,,,,,,,,,,,,Assets/MachineBrigade/Resources/Data/balance.json: weapons[203],"{""id"":""p26_kronos_close_autocannon_30"",""inherits"":""autocannon_30"",""cooldown"":1.5,""weaponFamily"":"""",""damage"":22}"
p26_kronos_close_boss_rockets,BM-21 Grad 122 mm,rkt_grad_122,,,rocket,122,,,,HighExplosive,2,Rocket,1,RIPPLE,13,0.5,2.44,0,0.0,0,0.0,200,4.5,9,45,45,0.0,Ground,,5,Medium,T3,boss_rockets,,boss,kronos,1,kronos:5,NEED_CODE_CHECK,NEED_CODE_CHECK,,CHUA_AP:prompt_xuat_luot5,120,,rocket,Wikipedia 'BM-21 Grad': 40 rockets in 20 s,"wave 1 boss_rockets: rockets 0.5 s apart (BM-21: 40 in 20 s), 2.44 s after the ripple; each pod keeps its rockets; made up: a full BM-21 pack of 40 tubes (8 before); made up: a full BM-21 pack of 40 tubes (13 before)",doi,54,200,2.94,2.44,,,,,0.0,9,,,,,,,,,,,,,,,,,,,,,,,,,,,,,,,,,,,,,,,,,,2.44,200,,,,,,,,,,,,,,,,,boss_rockets,,,,,,,,,,,,,,,,,,,,,,,,,,,,,,,,,,,,,,,,,,,,,Assets/MachineBrigade/Resources/Data/balance.json: weapons[204],"{""id"":""p26_kronos_close_boss_rockets"",""inherits"":""boss_rockets"",""cooldown"":2.44,""damage"":200}"
p26_kronos_direct_kr57,AU-220 57 mm (automatic),cal_57,ap,,tank_gun,57,,,,Kinetic,5,Shell,1,RIPPLE,4,0.5,2.79,0,0.0,0,0.0,120,0.0,0.0,150,28,0.0,Ground,,0.8,Medium,T2,p26_kronos_kr57,,boss,kronos,1,kronos:1;kronos:2,NEED_CODE_CHECK,NEED_CODE_CHECK,,CHUA_AP:prompt_xuat_luot5,120,80,ac,Wikipedia 'AU-220M': 80-120 rpm,wave 1 mothership_cannon: 4 rounds 0.5 s apart every 4.29 s (AU-220M 120 rpm); made up: a twin 57 mm deck mount (as the real AK-725 twin 57 mm); made up: a twin 57 mm belly mount (as the real AK-725 twin 57 mm),doi,100,120,1.9,2.79,,,,,,,,,2,4,0.1,0.5,,,,,,,,,,,,,,,,,,,,,,,4,0.5,,,,,,,,,,,,2.79,120,,,,,,,,,,,,,,,,,p26_kronos_kr57,,,,,,,,,,,,,,,,,,,,,,,,,,,,,,,,,,,,,,,,,,,,,Assets/MachineBrigade/Resources/Data/balance.json: weapons[202],"{""id"":""p26_kronos_direct_kr57"",""inherits"":""p26_kronos_kr57"",""burstInterval"":0.5,""burst"":4,""cooldown"":2.79,""damage"":120}"
p26_kronos_kr57,AU-220 57 mm (automatic),cal_57,ap,,tank_gun,57,,,,Kinetic,5,Shell,1,RIPPLE,2,0.1,1.4,0,0.0,0,0.0,100,0.0,0.0,150,28,0.0,Ground,,0.8,Medium,T2,gun_57mm,,,,0,,NEED_CODE_CHECK,NEED_CODE_CHECK,,CHUA_AP:prompt_xuat_luot5,120,80,ac,Wikipedia 'AU-220M': 80-120 rpm,,giong,,,,,,,,,,,,,,,,,,,,,,,,,,,,,,,,,,,,,,,2,0.1,,,,,,,,,,,,1.4,100,,,,,,,,,,,,,,,,,gun_57mm,,,,,,,,,,,,5,,,,,,,,,,,,,,,AU-220 57 mm (automatic),,,,,,,,,,,,,,,,,,Assets/MachineBrigade/Resources/Data/balance.json: weapons[201],"{""id"":""p26_kronos_kr57"",""inherits"":""gun_57mm"",""weaponFamily"":"""",""real"":""AU-220 57 mm (automatic)"",""damage"":100,""burst"":2,""burstInterval"":0.1,""cooldown"":1.4,""pen"":5}"
p26_leviathan_direct_lev127,AK-127 127 mm,cal_127_130,ap,,howitzer,127,,,,Kinetic,5,Shell,1,RIPPLE,1,0.5,3,0,0.0,0,0.0,380,0,0.0,110,90,0.0,Ground,,2.2,Large,T3,p26_leviathan_lev127,,boss,kraken;leviathan;nyx;scylla,4,kraken:5;kraken:6;leviathan:5;leviathan:6;nyx:1;nyx:2;scylla:1,NEED_CODE_CHECK,NEED_CODE_CHECK,,CHUA_AP:prompt_xuat_luot5,30,20,gun,"the A-192 'Armat' 130 mm class, 30 rpm (Wikipedia 'A-192')","an A-192 class 130 mm, 30 rpm max: 20 rpm practical (3 s)",doi,335,380,4.5,3,,,,,,,,,,,,,,,,,,,,,,,,,,,,,,,,,,,,,,,,,,,,,,,,3,380,,,,,,,,,,,,,,,,,p26_leviathan_lev127,,,,,,,,,,,,,,,,,,,,,,,,,,,,,,,,,,,,,,,,,,,,,Assets/MachineBrigade/Resources/Data/balance.json: weapons[182],"{""id"":""p26_leviathan_direct_lev127"",""inherits"":""p26_leviathan_lev127"",""cooldown"":3,""damage"":380}"
p26_leviathan_lev127,AK-127 127 mm,cal_127_130,ap,,howitzer,127,,,,Kinetic,5,Shell,1,RIPPLE,1,0.5,2,0,0.0,0,0.0,320,0,0.0,110,90,0.0,Ground,,2.2,Large,T3,naval_100,,,,0,,NEED_CODE_CHECK,NEED_CODE_CHECK,,CHUA_AP:prompt_xuat_luot5,30,20,gun,"the A-192 'Armat' 130 mm class, 30 rpm (Wikipedia 'A-192')",,giong,,,,,,,,,,,,,,,,,,,,,,,,,,,,,,,,,,,,,,,1,,127,,,,,,,,,,,2,320,Kinetic,,,,,,,,,,,,,,,,naval_100,,,,,,,,,,,,5,,,,,,,,,,,,,,,AK-127 127 mm,,,,,,,127,0,,,,,,,,cal_127_130,ap,Assets/MachineBrigade/Resources/Data/balance.json: weapons[180],"{""id"":""p26_leviathan_lev127"",""inherits"":""naval_100"",""weaponFamilyId"":""cal_127_130"",""weaponVariantId"":""ap"",""weaponFamily"":"""",""real"":""AK-127 127 mm"",""size"":127,""caliberMm"":127,""damageType"":""Kinetic"",""damage"":320,""burst"":1,""cooldown"":2,""pen"":5,""splash"":0}"
p26_leviathan_lev155,155 mm/60 (triple),cal_152_155,,,howitzer,155,,,,HighExplosive,3,Shell,1,RIPPLE,3,0.25,4.5,0,0.0,0,0.0,170,8.5,17,110,110,0.0,Ground,,2.4,Large,T3,naval_155_triple,,,,0,,NEED_CODE_CHECK,NEED_CODE_CHECK,,CHUA_AP:prompt_xuat_luot5,5,4,gun,Wikipedia '15.5 cm/60 3rd Year Type' (Mogami): ~5 rpm a gun,,giong,,,,,,,,,,,,,,,,,,,,,,,,,,,,,,,,,,,,,,,3,0.25,,,,,,,,,,,,4.5,170,,17,,,,,,,,,,,,,,,naval_155_triple,,,,,,,,,,,,,,,,,,,,,,,,,,,155 mm/60 (triple),,,,,,,,8.5,,,,,,,,,,Assets/MachineBrigade/Resources/Data/balance.json: weapons[179],"{""id"":""p26_leviathan_lev155"",""inherits"":""naval_155_triple"",""weaponFamily"":"""",""real"":""155 mm/60 (triple)"",""damage"":170,""burst"":3,""burstInterval"":0.25,""cooldown"":4.5,""splash"":8.5,""edge"":17}"
p26_leviathan_lev406,"Mk 7 406 mm/50 (Iowa, triple)",cal_406,,,howitzer,406,,,,HighExplosive,4,Shell,3,SIMULTANEOUS,1,0.1,60,0,0.0,0,0.0,2400,14,24,60,160,0.0,Ground,,3,Ultimate,T5,leviathan_460,,boss,kraken;leviathan,2,kraken:0;kraken:1;kraken:2;leviathan:0;leviathan:1;leviathan:2,NEED_CODE_CHECK,NEED_CODE_CHECK,,CHUA_AP:prompt_xuat_luot5,2,2,gun,"Wikipedia '16""/50 caliber Mark 7': 2 rpm a gun",the 406 mm salvo every 60 s (prompt 34's trial table; 1.4 x the real gap after the 30 % rule),doi,1200,2400,10,60,,,12,14,20,24,,,,,,,1,3,RIPPLE,SIMULTANEOUS,,,,,,,,,,,,,,,3,,,,,,406,,,,,,,,,,,60,2400,,24,,,,,,,,,,,,,,,leviathan_460,,,,,,,,,,,,,,,,,,,,,,,,,,,"Mk 7 406 mm/50 (Iowa, triple)",,,,,,SIMULTANEOUS,406,14,,,,,,,,,,Assets/MachineBrigade/Resources/Data/balance.json: weapons[175],"{""id"":""p26_leviathan_lev406"",""inherits"":""leviathan_460"",""salvoMode"":""SIMULTANEOUS"",""barrels"":3,""weaponFamily"":"""",""real"":""Mk 7 406 mm/50 (Iowa, triple)"",""size"":406,""caliberMm"":406,""damage"":2400,""cooldown"":60,""splash"":14,""edge"":24}"
p26_leviathan_sec_lev155,155 mm/60 (triple),cal_152_155,,,howitzer,155,,,,HighExplosive,3,Shell,3,SIMULTANEOUS,1,0.25,10.5,0,0.0,0,0.0,600,7,14,150,110,0.0,Ground,,2.4,Large,T3,p26_leviathan_lev155,,boss,kraken;leviathan,2,kraken:3;kraken:4;leviathan:3;leviathan:4,NEED_CODE_CHECK,NEED_CODE_CHECK,,CHUA_AP:prompt_xuat_luot5,5,4,gun,Wikipedia '15.5 cm/60 3rd Year Type' (Mogami): ~5 rpm a gun,"wave 1 naval_155_triple: the triple turret, 3 rounds every 10.5 s (real ~5 rpm a gun): passes (b)",doi,175,600,3.5,10.5,,,8.5,7,17,14,110,150,3,1,,,1,3,RIPPLE,SIMULTANEOUS,,,,,,,,,,,,,,,3,,,,1,,,,,,,,,,,,,10.5,600,,14,,,,,,,,,,,,,,,p26_leviathan_lev155,,,,,,,,,,,,,,,,,,,,,150,,,,,,,,,,,,SIMULTANEOUS,,7,,,,,,,,,,Assets/MachineBrigade/Resources/Data/balance.json: weapons[181],"{""id"":""p26_leviathan_sec_lev155"",""inherits"":""p26_leviathan_lev155"",""burst"":1,""salvoMode"":""SIMULTANEOUS"",""barrels"":3,""projectileSpeed"":150,""edge"":14,""splash"":7,""cooldown"":10.5,""damage"":600}"
p26_matriarch_close_boss_flak,Oerlikon 35 mm (twin),cal_35,,,autocannon,35,,,,Fragmentation,2,Bullet,1,RIPPLE,1,0.1,0.05,41,3.38,0,0.0,25,2.5,0.0,260,40,0.0,All,,1.5,Small,T1,boss_flak,,boss,drone_mothership;locust;stymphalos,3,drone_mothership:2;drone_mothership:3;locust:1;stymphalos:1,NEED_CODE_CHECK,NEED_CODE_CHECK,,CHUA_AP:prompt_xuat_luot5,550,300,aa,"Wikipedia 'Oerlikon GDF': 550 rpm a gun (the twin: 1,100)","wave 1 boss_flak: 41 rounds at 1,200 rpm, changed in 3.38 s (twin Oerlikon GDF 2 x 550 rpm)",doi,22,25,,,,,,,,,,,,,,,,,,,,,,,,,,,,,,,,,,,,,,,,,,,3.38,,,,,,,,25,,,,,,,,,,,,,,,,,boss_flak,,,,,,,,,,,,,,,,,,,,,,,,,,,,,,,,,,,,,,,,,,,,,Assets/MachineBrigade/Resources/Data/balance.json: weapons[187],"{""id"":""p26_matriarch_close_boss_flak"",""inherits"":""boss_flak"",""clipReload"":3.38,""weaponFamily"":"""",""damage"":25}"
p26_matriarch_direct_ma_atgm,9M133 Kornet,atgm_kornet,,,atgm,,7,,,ShapedCharge,5,Missile,1,RIPPLE,1,0.1,20,0,0.0,0,0.0,230,0,0.0,22,55,0.0,Ground,,0.0,Medium,T2,p26_matriarch_ma_atgm,,boss,drone_mothership;stymphalos,2,drone_mothership:5;drone_mothership:8;stymphalos:2,NEED_CODE_CHECK,NEED_CODE_CHECK,,CHUA_AP:prompt_xuat_luot5,3,3,atgm,Wikipedia '9M133 Kornet': 2-3 rpm,real 9M133 Kornet 3 rpm (20 s); wave 1's 6.39 s is too fast,doi,350,230,5,20,,,,,,,,,,,,,,,,,,,,,,,,,,,,,,,,,,,,,,,,,,,,,,,,20,230,,,,,,,,,,,,,,,,,p26_matriarch_ma_atgm,,,,,,,,,,,,,,,,,,,,,,,,,,,,,,,,,,,,,,,,,,,,,Assets/MachineBrigade/Resources/Data/balance.json: weapons[186],"{""id"":""p26_matriarch_direct_ma_atgm"",""inherits"":""p26_matriarch_ma_atgm"",""cooldown"":20,""damage"":230}"
p26_matriarch_ma_atgm,9M133 Kornet,atgm_kornet,,,atgm,,7,,,ShapedCharge,5,Missile,1,RIPPLE,1,0.1,2,0,0.0,0,0.0,340,0,0.0,22,55,0.0,Ground,,0.0,Medium,T2,boss_missiles,,,,0,,NEED_CODE_CHECK,NEED_CODE_CHECK,,CHUA_AP:prompt_xuat_luot5,3,3,atgm,Wikipedia '9M133 Kornet': 2-3 rpm,,giong,,,,,,,,,,,,,,,,,,,,,,,,,,,,,,,,,,,,,,,,,,,,,,,,,,,,2,340,,,,,,,,,,,,,,,,,boss_missiles,,,,,,,,,,,,5,,,,,,,,,,,,,,55,9M133 Kornet,,,,,,,,,,,,,,,,,,Assets/MachineBrigade/Resources/Data/balance.json: weapons[184],"{""id"":""p26_matriarch_ma_atgm"",""inherits"":""boss_missiles"",""weaponFamily"":"""",""real"":""9M133 Kornet"",""damage"":340,""cooldown"":2,""pen"":5,""range"":55}"
p26_matriarch_ma_drones,ZALA Lancet-3 swarm,drone_zala_lancet_3_swarm,,,drone,,3,,,ShapedCharge,4,Drone,1,RIPPLE,6,0.2,4,0,0.0,0,0.0,320,3,6,28,70,0.0,Ground,,0.0,Large,T2,mothership_drones,,boss,drone_mothership;locust;stymphalos,3,drone_mothership:1;locust:0;stymphalos:0,NEED_CODE_CHECK,NEED_CODE_CHECK,,CHUA_AP:prompt_xuat_luot5,NEED_SOURCE,NEED_SOURCE,,NEED_SOURCE,a six-drone swarm: no real rate and no wave 1 row (wave 1's mothership_drones is a 4-drone salvo),giong,,,,,,,,,,,,,,,,,,,,,,,,,,,,,,,,,,,,,,,6,0.2,,,,,,,,,,,,4,320,,6,,,,,,,,,,,,,,,mothership_drones,,,,,,,,,,,,,,,,,,,,,,,,,,,ZALA Lancet-3 swarm,,,,,,,,3,,,,,,,,drone_zala_lancet_3_swarm,,Assets/MachineBrigade/Resources/Data/balance.json: weapons[183],"{""id"":""p26_matriarch_ma_drones"",""inherits"":""mothership_drones"",""weaponFamilyId"":""drone_zala_lancet_3_swarm"",""weaponFamily"":"""",""real"":""ZALA Lancet-3 swarm"",""damage"":320,""burst"":6,""burstInterval"":0.2,""cooldown"":4,""splash"":3,""edge"":6}"
p26_matriarch_sec_autocannon_30,2A42 30 mm,cal_30,,,autocannon,30,,,,Kinetic,2,Bullet,1,RIPPLE,10,0.1111,1.5,0,0.0,0,0.0,22,0,0.0,200,30,0.0,Ground,,0.8,Small,T1,autocannon_30,,boss,drone_mothership,1,drone_mothership:6;drone_mothership:7,NEED_CODE_CHECK,NEED_CODE_CHECK,,CHUA_AP:prompt_xuat_luot5,800,300,ac,"Wikipedia '2A42': 550-800 high, 200-300 low rpm",wave 1 autocannon_30: 10 rounds at 540 rpm every 2.5 s (2A42 550-800 rpm),doi,42,22,1,1.5,,,,,,,,,,,,,,,,,,,,,,,,,,,,,,,,,,,,0.1111,,,,,,,,,,,,1.5,22,,,,,,,,,,,,,,,,,autocannon_30,,,,,,,,,,,,,,,,,,,,,,,,,,,,,,,,,,,,,,,,,,,,,Assets/MachineBrigade/Resources/Data/balance.json: weapons[185],"{""id"":""p26_matriarch_sec_autocannon_30"",""inherits"":""autocannon_30"",""burstInterval"":0.1111,""weaponFamily"":"""",""cooldown"":1.5,""damage"":22}"
p26_matriarch_tiny_mothership_cannon,AU-220 57 mm,cal_57,,,autocannon,57,,,,HighExplosive,2,Shell,1,RIPPLE,4,0.5,2.79,0,0.0,0,0.0,120,3,6,150,45,0.0,Ground,,2.5,Large,T2,mothership_cannon,,boss,drone_mothership,1,drone_mothership:0;drone_mothership:4,NEED_CODE_CHECK,NEED_CODE_CHECK,,CHUA_AP:prompt_xuat_luot5,120,80,ac,Wikipedia 'AU-220M': 80-120 rpm,wave 1 mothership_cannon: 4 rounds 0.5 s apart every 4.29 s (AU-220M 120 rpm); made up: a twin 57 mm deck mount (as the real AK-725 twin 57 mm); made up: a twin 57 mm belly mount (as the real AK-725 twin 57 mm),doi,14,120,3.29,2.79,,,3.5,3,0.0,6,,,,,,,,,,,,,,,,,,,,,,,,,,,,,,,,,,,,,,,,,,2.79,120,,6,,,,,,,,,,,,,,,mothership_cannon,,,,,,,,,,,,,,,,,,,,,,,,,,,,,,,,,,,3,,,,,,,,,,Assets/MachineBrigade/Resources/Data/balance.json: weapons[188],"{""id"":""p26_matriarch_tiny_mothership_cannon"",""inherits"":""mothership_cannon"",""cooldown"":2.79,""edge"":6,""splash"":3,""damage"":120}"
p26_moloch_close_boss_flak,Oerlikon 35 mm (twin),cal_35,,,autocannon,35,,,,Fragmentation,2,Bullet,1,RIPPLE,1,0.1,0.05,41,3.38,0,0.0,25,2.5,0.0,260,40,0.0,All,,1.5,Small,T1,boss_flak,,boss,moloch,1,moloch:6,NEED_CODE_CHECK,NEED_CODE_CHECK,,CHUA_AP:prompt_xuat_luot5,550,300,aa,"Wikipedia 'Oerlikon GDF': 550 rpm a gun (the twin: 1,100)","wave 1 boss_flak: 41 rounds at 1,200 rpm, changed in 3.38 s (twin Oerlikon GDF 2 x 550 rpm)",doi,70,25,,,,,,,,,,,,,,,,,,,,,,,,,,,,,,,,,,,,,,,,,,,3.38,,,,,,,0.05,25,,,,,,,,,,,,,,,,,boss_flak,,,,,,,,,,,,,,,,,,,,,,,,,,,,,,,,,,,,,,,,,,,,,Assets/MachineBrigade/Resources/Data/balance.json: weapons[193],"{""id"":""p26_moloch_close_boss_flak"",""inherits"":""boss_flak"",""clipReload"":3.38,""cooldown"":0.05,""weaponFamily"":"""",""damage"":25}"
p26_moloch_direct_mo120ap,Rh-120 L/44 120 mm AP (twin),cal_120_ap,,,tank_gun,120,,,,Kinetic,5,Shell,2,SIMULTANEOUS,1,0.1,7.5,0,0.0,0,0.0,260,0,0.0,170,32,0.0,Ground,,0.6,Medium,T3,p26_moloch_mo120ap,,boss,moloch,1,moloch:4;moloch:5,NEED_CODE_CHECK,NEED_CODE_CHECK,,CHUA_AP:prompt_xuat_luot5,8,6,gun,the sheet's 'Ngoài đời': Rh-120 6-8 rpm with a loader (Wikipedia 'Rheinmetall 120 mm gun'),"real Rh-120 with a loader, 8 rpm (7.5 s); wave 1's 5.1 s is too fast after the 30 % rule; made up: a twin Rh-120 (wave 1's gun_120_twin); made up: a twin Rh-120 (wave 1's gun_120_twin)",doi,220,260,2,7.5,,,,,,,,,,,,,1,2,RIPPLE,SIMULTANEOUS,,,,,,,,,,,,,,,2,,,,,,,,,,,,,,,,,7.5,260,,,,,,,,,,,,,,,,,p26_moloch_mo120ap,,,,,,,,,,,,,,,,,,,,,,,,,,,Rh-120 L/44 120 mm AP (twin),,,,,,SIMULTANEOUS,,,,,,,,,,,,Assets/MachineBrigade/Resources/Data/balance.json: weapons[192],"{""id"":""p26_moloch_direct_mo120ap"",""inherits"":""p26_moloch_mo120ap"",""real"":""Rh-120 L/44 120 mm AP (twin)"",""salvoMode"":""SIMULTANEOUS"",""barrels"":2,""cooldown"":7.5,""damage"":260}"
p26_moloch_main_mo120,Rh-120 L/44 120 mm HE (twin),cal_120_he,,,tank_gun,120,,,,HighExplosive,4,Shell,2,SIMULTANEOUS,1,0.1,7.5,0,0.0,0,0.0,340,5,10,170,32,0.0,Ground,,0.6,Medium,T3,p26_moloch_mo120,,boss,moloch,1,moloch:0;moloch:3,NEED_CODE_CHECK,NEED_CODE_CHECK,,CHUA_AP:prompt_xuat_luot5,8,6,gun,the sheet's 'Ngoài đời': Rh-120 6-8 rpm with a loader (Wikipedia 'Rheinmetall 120 mm gun'),"real Rh-120 with a loader, 8 rpm (7.5 s); wave 1's 5.1 s is too fast after the 30 % rule; made up: a twin Rh-120 (wave 1's gun_120_twin); made up: a twin Rh-120 (wave 1's gun_120_twin); made up: a twin Rh-120 (wave 1's gun_120_twin)",doi,300,340,1,7.5,,,,,,,,,,,,,1,2,RIPPLE,SIMULTANEOUS,,,,,,,,,,,,,,,2,,,,,,,,,,,,,,,,,7.5,340,,,,,,,,,,,,,,,,,p26_moloch_mo120,,,,,,,,,,,,,,,,,,,,,,,,,,,Rh-120 L/44 120 mm HE (twin),,,,,,SIMULTANEOUS,,,,,,,,,,,,Assets/MachineBrigade/Resources/Data/balance.json: weapons[191],"{""id"":""p26_moloch_main_mo120"",""inherits"":""p26_moloch_mo120"",""real"":""Rh-120 L/44 120 mm HE (twin)"",""salvoMode"":""SIMULTANEOUS"",""barrels"":2,""cooldown"":7.5,""damage"":340}"
p26_moloch_mo120,Rh-120 L/44 120 mm HE,cal_120_he,,,tank_gun,120,,,,HighExplosive,4,Shell,1,RIPPLE,1,0.1,2,0,0.0,0,0.0,225,5,10,170,32,0.0,Ground,,0.6,Medium,T3,gun_120mm,,,,0,,NEED_CODE_CHECK,NEED_CODE_CHECK,,CHUA_AP:prompt_xuat_luot5,8,6,gun,the sheet's 'Ngoài đời': Rh-120 6-8 rpm with a loader (Wikipedia 'Rheinmetall 120 mm gun'),,giong,,,,,,,,,,,,,,,,,,,,,,,,,,,,,,,,,,,,,,,,,,,,,,,,,,,,2,225,HighExplosive,10,,,,,,,,,,,,,,,gun_120mm,,,,,,,,,,,,4,,,,,,,,,,,,,,,Rh-120 L/44 120 mm HE,,,,,,,,5,,,,,,,,cal_120_he,,Assets/MachineBrigade/Resources/Data/balance.json: weapons[189],"{""id"":""p26_moloch_mo120"",""inherits"":""gun_120mm"",""weaponFamilyId"":""cal_120_he"",""weaponFamily"":"""",""real"":""Rh-120 L/44 120 mm HE"",""damageType"":""HighExplosive"",""damage"":225,""cooldown"":2,""pen"":4,""splash"":5,""edge"":10}"
p26_moloch_mo120ap,Rh-120 L/44 120 mm AP,cal_120_ap,,,tank_gun,120,,,,Kinetic,5,Shell,1,RIPPLE,1,0.1,2,0,0.0,0,0.0,240,0,0.0,170,32,0.0,Ground,,0.6,Medium,T3,gun_120mm,,,,0,,NEED_CODE_CHECK,NEED_CODE_CHECK,,CHUA_AP:prompt_xuat_luot5,8,6,gun,the sheet's 'Ngoài đời': Rh-120 6-8 rpm with a loader (Wikipedia 'Rheinmetall 120 mm gun'),,giong,,,,,,,,,,,,,,,,,,,,,,,,,,,,,,,,,,,,,,,,,,,,,,,,,,,,2,240,,,,,,,,,,,,,,,,,gun_120mm,,,,,,,,,,,,5,,,,,,,,,,,,,,,Rh-120 L/44 120 mm AP,,,,,,,,0,,,,,,,,,,Assets/MachineBrigade/Resources/Data/balance.json: weapons[190],"{""id"":""p26_moloch_mo120ap"",""inherits"":""gun_120mm"",""weaponFamily"":"""",""real"":""Rh-120 L/44 120 mm AP"",""damage"":240,""cooldown"":2,""pen"":5,""splash"":0}"
p26_moloch_tiny_zu23,ZU-23-2 23 mm,cal_23,,,autocannon,23,,,,Fragmentation,1,Bullet,1,RIPPLE,1,0.1,0.04,50,3,0,0.0,7,0.0,0.0,240,38,0.0,All,,1.6,Small,T1,zu23,,boss,moloch,1,moloch:1;moloch:2,NEED_CODE_CHECK,NEED_CODE_CHECK,,CHUA_AP:prompt_xuat_luot5,1000,400,aa,"Wikipedia 'ZU-23-2': 2 x 800-1,000 rpm","wave 1 zu23: 50 rounds at 1,500 rpm, changed in 3 s (ZU-23-2 2 x 800-1,000 rpm)",doi,1.4,7,,,,,,,,,,,,,,,,,,,,,,,,,3.04,3,,,,,,,,,,,,,,,,,3,,,,,,,,7,,,,,,,,,,,,,,,,,zu23,,,,,,,,,,,,,,,,,,,,,,,,,,,,,,,,,,,,,,,,,,,,,Assets/MachineBrigade/Resources/Data/balance.json: weapons[194],"{""id"":""p26_moloch_tiny_zu23"",""inherits"":""zu23"",""clipReload"":3,""damage"":7}"
p26_nemesis_close_boss_flak,Oerlikon 35 mm (twin),cal_35,,,autocannon,35,,,,Fragmentation,2,Bullet,1,RIPPLE,1,0.1,0.05,41,3.38,0,0.0,25,2.5,0.0,260,40,0.0,All,,1.5,Small,T1,boss_flak,,boss,nuke_train,1,nuke_train:1;nuke_train:2;nuke_train:6,NEED_CODE_CHECK,NEED_CODE_CHECK,,CHUA_AP:prompt_xuat_luot5,550,300,aa,"Wikipedia 'Oerlikon GDF': 550 rpm a gun (the twin: 1,100)","wave 1 boss_flak: 41 rounds at 1,200 rpm, changed in 3.38 s (twin Oerlikon GDF 2 x 550 rpm)",doi,19,25,,,,,,,,,,,,,,,,,,,,,,,,,,,,,,,,,,,,,,,,,,,3.38,,,,,,,,25,,,,,,,,,,,,,,,,,boss_flak,,,,,,,,,,,,,,,,,,,,,,,,,,,,,,,,,,,,,,,,,,,,,Assets/MachineBrigade/Resources/Data/balance.json: weapons[200],"{""id"":""p26_nemesis_close_boss_flak"",""inherits"":""boss_flak"",""clipReload"":3.38,""weaponFamily"":"""",""damage"":25}"
p26_nemesis_direct_ne125,2A46 125 mm,cal_125_ap,,,tank_gun,125,,,,Kinetic,5,Shell,1,RIPPLE,1,0.1,7.5,0,0.0,0,0.0,400,0,0.0,170,38,0.0,Ground,,0.6,Medium,T3,p26_nemesis_ne125,,boss,nuke_train,1,nuke_train:5,NEED_CODE_CHECK,NEED_CODE_CHECK,,CHUA_AP:prompt_xuat_luot5,8,7,gun,Wikipedia '2A46': 7-8 rpm with the autoloader,"real 2A46 with its autoloader, 8 rpm (7.5 s); wave 1's 5.56 s is too fast after the 30 % rule",doi,275,400,1.5,7.5,,,,,,,,,,,,,,,,,,,,,,,,,,,,,,,,,,,,,,,,,,,,,,,,7.5,400,,,,,,,,,,,,,,,,,p26_nemesis_ne125,,,,,,,,,,,,,,,,,,,,,,,,,,,,,,,,,,,,,,,,,,,,,Assets/MachineBrigade/Resources/Data/balance.json: weapons[199],"{""id"":""p26_nemesis_direct_ne125"",""inherits"":""p26_nemesis_ne125"",""cooldown"":7.5,""damage"":400}"
p26_nemesis_main_ne152,152 mm railcar gun,cal_152_155,,,howitzer,152,,,,HighExplosive,3,Shell,1,RIPPLE,1,0.5,7.5,0,0.0,0,0.0,600,7,14,150,40,0.0,Ground,,0.8,Huge,T3,p26_nemesis_ne152,,boss,nuke_train,1,nuke_train:0,NEED_CODE_CHECK,NEED_CODE_CHECK,,CHUA_AP:prompt_xuat_luot5,8,6,gun,"a 152 mm railway mount of the 2A65 class, est. 7-8 rpm","a 152 mm railway gun of the 2A65 class, 8 rpm (7.5 s); the 4-round 0.5 s salvo was 6 x too fast",doi,655,600,3,7.5,,,8.5,7,17,14,,,4,1,,,,,,,,,,,,,,,,,,,,,,,,,1,,,,,,,,,,,,,7.5,600,,14,,,,,,,,,,,,,,,p26_nemesis_ne152,,,,,,,,,,,,,,,,,,,,,,,,,,,,,,,,,,,7,,,,,,,,,,Assets/MachineBrigade/Resources/Data/balance.json: weapons[197],"{""id"":""p26_nemesis_main_ne152"",""inherits"":""p26_nemesis_ne152"",""burst"":1,""edge"":14,""splash"":7,""cooldown"":7.5,""damage"":600}"
p26_nemesis_ne125,2A46 125 mm,cal_125_ap,,,tank_gun,125,,,,Kinetic,5,Shell,1,RIPPLE,1,0.1,2,0,0.0,0,0.0,280,0,0.0,170,38,0.0,Ground,,0.6,Medium,T3,gun_120mm,,,,0,,NEED_CODE_CHECK,NEED_CODE_CHECK,,CHUA_AP:prompt_xuat_luot5,8,7,gun,Wikipedia '2A46': 7-8 rpm with the autoloader,,giong,,,,,,,,,,,,,,,,,,,,,,,,,,,,,,,,,,,,,,,,,125,,,,,,,,,,,2,280,,,,,,,,,,,,,,,,,gun_120mm,,,,,,,,,,,,5,,,,,,,,,,,,,,38,2A46 125 mm,,,,,,,125,0,,,,,,,,cal_125_ap,,Assets/MachineBrigade/Resources/Data/balance.json: weapons[196],"{""id"":""p26_nemesis_ne125"",""inherits"":""gun_120mm"",""weaponFamilyId"":""cal_125_ap"",""weaponFamily"":"""",""real"":""2A46 125 mm"",""size"":125,""caliberMm"":125,""damage"":280,""cooldown"":2,""pen"":5,""splash"":0,""range"":38}"
p26_nemesis_ne152,152 mm railcar gun,cal_152_155,,,howitzer,152,,,,HighExplosive,3,Shell,1,RIPPLE,4,0.5,3.5,0,0.0,0,0.0,620,8.5,17,150,40,0.0,Ground,,0.8,Huge,T3,gun_behemoth,,,,0,,NEED_CODE_CHECK,NEED_CODE_CHECK,,CHUA_AP:prompt_xuat_luot5,8,6,gun,"a 152 mm railway mount of the 2A65 class, est. 7-8 rpm",,giong,,,,,,,,,,,,,,,,,,,,,,,,,,,,,,,,,,,,,,,4,0.5,,,,,,,,,,,,3.5,620,,17,,,,,,,,,,,,,,,gun_behemoth,,,,,,,,,,,,,,,,,,,,,,,,,,,152 mm railcar gun,,,,,,,,8.5,,,,,,,,,,Assets/MachineBrigade/Resources/Data/balance.json: weapons[195],"{""id"":""p26_nemesis_ne152"",""inherits"":""gun_behemoth"",""real"":""152 mm railcar gun"",""damage"":620,""burst"":4,""burstInterval"":0.5,""cooldown"":3.5,""splash"":8.5,""edge"":17}"
p26_nemesis_sec_boss_rockets,BM-21 Grad 122 mm,rkt_grad_122,,,rocket,122,,,,HighExplosive,2,Rocket,1,RIPPLE,40,0.5,2.44,0,0.0,0,0.0,200,4.5,9,45,45,0.0,Ground,,5,Medium,T3,boss_rockets,,boss,nuke_train,1,nuke_train:3,NEED_CODE_CHECK,NEED_CODE_CHECK,,CHUA_AP:prompt_xuat_luot5,120,,rocket,Wikipedia 'BM-21 Grad': 40 rockets in 20 s,"wave 1 boss_rockets: rockets 0.5 s apart (BM-21: 40 in 20 s), 2.44 s after the ripple; each pod keeps its rockets; made up: a full BM-21 pack of 40 tubes (8 before); made up: a full BM-21 pack of 40 tubes (13 before)",doi,305,200,1.2,2.44,,,,,0.0,9,,,13,40,,,,,,,,,,,,,,,,,,,,,,,,,40,0.5,,,,,,,,,,,,2.44,200,,,,,,,,,,,,,,,,,boss_rockets,,,,,,,,,,,,,,,,,,,,,,,,,,,,,,,,,,,,,,,,,,,,,Assets/MachineBrigade/Resources/Data/balance.json: weapons[198],"{""id"":""p26_nemesis_sec_boss_rockets"",""inherits"":""boss_rockets"",""burst"":40,""burstInterval"":0.5,""cooldown"":2.44,""damage"":200}"
p26_roc_close_twin_30_bmpt,2A42 30 mm (twin),cal_30,,,autocannon,30,,,,Kinetic,2,Bullet,1,RIPPLE,12,0.0833,1.45,0,0.0,0,0.0,22,0,0.0,200,30,0.0,Ground,,0.9,Small,T1,twin_30_bmpt,,boss,command_airship;garuda,2,command_airship:4;command_airship:5;garuda:4;garuda:5,NEED_CODE_CHECK,NEED_CODE_CHECK,,CHUA_AP:prompt_xuat_luot5,800,300,ac,"Wikipedia '2A42': 550-800 high, 200-300 low rpm","wave 1 twin_30_bmpt: 12 rounds at 720 rpm, 1.45 s after (wave 1's 1.5 s is a hair over 2 x the practical rate)",doi,25,22,1.2,1.45,,,,,,,,,,,,,,,,,,,,,,,,,,,,,,,,,,,,,,,,,,,,,,,,1.45,22,,,,,,,,,,,,,,,,,twin_30_bmpt,,,,,,,,,,,,,,,,,,,,,,,,,,,,,,,,,,,,,,,,,,,,,Assets/MachineBrigade/Resources/Data/balance.json: weapons[214],"{""id"":""p26_roc_close_twin_30_bmpt"",""inherits"":""twin_30_bmpt"",""weaponFamily"":"""",""cooldown"":1.45,""damage"":22}"
p26_roc_direct_roc_atgm,Kornet (dropped from the bay),atgm_kornet,,,atgm,,7,,,ShapedCharge,5,Missile,1,RIPPLE,2,0.6,19.4,0,0.0,0,0.0,230,0,0.0,22,55,0.0,Ground,,0.0,Medium,T2,p26_roc_roc_atgm,,boss,command_airship;garuda,2,command_airship:2;command_airship:3;garuda:2;garuda:3,NEED_CODE_CHECK,NEED_CODE_CHECK,,CHUA_AP:prompt_xuat_luot5,3,3,atgm,Wikipedia '9M133 Kornet': 2-3 rpm,"a twin Kornet launcher: the pair 0.6 s apart, every 20 s (3 rpm a rail); 55.6 s was too slow",doi,290,230,2.5,19.4,,,,,,,,,1,2,0.1,0.6,,,,,,,,,,,,,,,,,,,,,,,2,0.6,,,,,,,,,,,,19.4,230,,,,,,,,,,,,,,,,,p26_roc_roc_atgm,,,,,,,,,,,,,,,,,,,,,,,,,,,,,,,,,,,,,,,,,,,,,Assets/MachineBrigade/Resources/Data/balance.json: weapons[213],"{""id"":""p26_roc_direct_roc_atgm"",""inherits"":""p26_roc_roc_atgm"",""burstInterval"":0.6,""burst"":2,""cooldown"":19.4,""damage"":230}"
p26_roc_main_roc_bombs,bomb-bay stick 400 kg,bomb_400,,,bomb,0,400,,,HighExplosive,4,Shell,1,RIPPLE,8,0.3,33.34,0,0.0,0,0.0,700,10,20,60,45,0,Ground,,3,Huge,T4,p26_roc_roc_bombs,,boss,argus;command_airship;garuda,3,argus:0;argus:1;command_airship:0;command_airship:1;garuda:0;garuda:1,NEED_CODE_CHECK,NEED_CODE_CHECK,,CHUA_AP:prompt_xuat_luot5,600,,bomb,"a stick's release, 0.1 s and up (est.)",a 400 kg bomb stick from an airship's bay: no real rate for the bay's reload; the 35.4 s cycle kept,doi,320,700,6,33.34,,,5,10,10,20,,,,,,,,,,,,,,,,,,,,,,,,,,,,,,,0,,,,,,,,,,,33.34,700,,20,,,,,,,,,,,,,,,p26_roc_roc_bombs,,,,,,,,,,,,,,,,,,,,,,,,,,,,,,,,,,,10,,,,,,,,,,Assets/MachineBrigade/Resources/Data/balance.json: weapons[212],"{""id"":""p26_roc_main_roc_bombs"",""inherits"":""p26_roc_roc_bombs"",""caliberMm"":0,""edge"":20,""splash"":10,""cooldown"":33.34,""damage"":700}"
p26_roc_roc105,M102 105 mm (gondola),cal_100_105_he,,,howitzer,105,,,,HighExplosive,2,Shell,1,RIPPLE,1,0.1,6,0,0.0,0,0.0,300,5,10,120,58,0.0,Ground,,3,Huge,T2,gunship_105,,boss,command_airship;garuda,2,command_airship:6;command_airship:7;garuda:6;garuda:7,NEED_CODE_CHECK,NEED_CODE_CHECK,,CHUA_AP:prompt_xuat_luot5,10,3,gun,the sheet's 'Ngoài đời': M102 10 rpm (Wikipedia 'M102 howitzer'),real M102 10 rpm (6 s); wave 1's 2.74 s is too fast after the 30 % rule,doi,700,300,2,6,,,6,5,12,10,,,,,,,,,,,,,,,,,,,,,,,,,,,,,,,,,,,,,,,,,,6,300,,10,,,,,,,,,,,,,,,gunship_105,,,,,,,,,,,,,,,,,,,,,,,,,,,M102 105 mm (gondola),,,,,,,,5,,,,,,,,,,Assets/MachineBrigade/Resources/Data/balance.json: weapons[210],"{""id"":""p26_roc_roc105"",""inherits"":""gunship_105"",""real"":""M102 105 mm (gondola)"",""damage"":300,""cooldown"":6,""splash"":5,""edge"":10}"
p26_roc_roc_atgm,Kornet (dropped from the bay),atgm_kornet,,,atgm,,7,,,ShapedCharge,5,Missile,1,RIPPLE,1,0.1,2,0,0.0,0,0.0,300,0,0.0,22,55,0.0,Ground,,0.0,Medium,T2,boss_missiles,,,,0,,NEED_CODE_CHECK,NEED_CODE_CHECK,,CHUA_AP:prompt_xuat_luot5,3,3,atgm,Wikipedia '9M133 Kornet': 2-3 rpm,,giong,,,,,,,,,,,,,,,,,,,,,,,,,,,,,,,,,,,,,,,,,,,,,,,,,,,,2,300,,,,,,,,,,,,,,,,,boss_missiles,,,,,,,,,,,,5,,,,,,,,,,,,,,55,Kornet (dropped from the bay),,,,,,,,,,,,,,,,,,Assets/MachineBrigade/Resources/Data/balance.json: weapons[211],"{""id"":""p26_roc_roc_atgm"",""inherits"":""boss_missiles"",""weaponFamily"":"""",""real"":""Kornet (dropped from the bay)"",""damage"":300,""cooldown"":2,""pen"":5,""range"":55}"
p26_roc_roc_bombs,bomb-bay stick 400 kg,bomb_400,,,bomb,0,400,,,HighExplosive,4,Shell,1,RIPPLE,8,0.3,2.9,0,0.0,0,0.0,400,5,10,60,45,0,Ground,,3,Huge,T4,boss_howitzer,,,,0,,NEED_CODE_CHECK,NEED_CODE_CHECK,,CHUA_AP:prompt_xuat_luot5,600,,bomb,"a stick's release, 0.1 s and up (est.)",,giong,,,,,,,,,,,,,,,,,,,,,,,,,,,,,,,,,,,,,,,8,0.3,0,,,,,,,,,,,2.9,400,,10,,,bomb,,,,,,,,,,,,boss_howitzer,,,,,,,,0,,,,,,,,,,,,,,,,,,45,bomb-bay stick 400 kg,,,,,,,400,5,,,,,TRUE,400,,bomb_400,,Assets/MachineBrigade/Resources/Data/balance.json: weapons[209],"{""id"":""p26_roc_roc_bombs"",""inherits"":""boss_howitzer"",""weaponFamilyId"":""bomb_400"",""weaponFamily"":"""",""real"":""bomb-bay stick 400 kg"",""size"":400,""caliberMm"":0,""warheadKg"":400,""family"":""bomb"",""damage"":400,""burst"":8,""burstInterval"":0.3,""cooldown"":2.9,""splash"":5,""edge"":10,""range"":45,""minRange"":0,""topAttack"":true}"
p26_typhon_direct_ty100,AK-100 100 mm (deck),cal_100_105_he,,,howitzer,100,,,,HighExplosive,4,Shell,1,RIPPLE,2,1,2.5,0,0.0,0,0.0,300,5,10,120,90,0.0,Ground,,2.2,Large,T2,p26_typhon_ty100,,boss,hydra;typhon,2,hydra:2;typhon:3,NEED_CODE_CHECK,NEED_CODE_CHECK,,CHUA_AP:prompt_xuat_luot5,60,30,gun,Wikipedia 'AK-100 (naval gun)': 60 rpm,"wave 1 naval_100's pair every 3.5 s, the rounds 1 s apart (AK-100 60 rpm; wave 1's 0.5 s is twice the real rate)",doi,580,300,2,2.5,,,,,,,110,120,1,2,0.5,1,,,,,,,,,,,,,,,,,,,,,,,2,1,,,,,,,,,,,,2.5,300,,,,,,,,,,,,,,,,,p26_typhon_ty100,,,,,,,,,,,,,,,,,,,,,120,,,,,,,,,,,,,,,,,,,,,,,,Assets/MachineBrigade/Resources/Data/balance.json: weapons[208],"{""id"":""p26_typhon_direct_ty100"",""inherits"":""p26_typhon_ty100"",""burstInterval"":1,""burst"":2,""projectileSpeed"":120,""cooldown"":2.5,""damage"":300}"
p26_typhon_sec_ty57,AU-220 57 mm (twin deck mount),cal_57,,,tank_gun,57,,,,HighExplosive,3,Shell,2,SIMULTANEOUS,4,0.5,2.79,0,0.0,0,0.0,120,3,6,150,40,0.0,Ground,,0.8,Medium,T2,p26_typhon_ty57,,boss,hydra;typhon,2,hydra:0;hydra:1;typhon:1;typhon:2,NEED_CODE_CHECK,NEED_CODE_CHECK,,CHUA_AP:prompt_xuat_luot5,120,80,ac,Wikipedia 'AU-220M': 80-120 rpm,wave 1 mothership_cannon: 4 rounds 0.5 s apart every 4.29 s (AU-220M 120 rpm); made up: a twin 57 mm deck mount (as the real AK-725 twin 57 mm),doi,125,120,1.1,2.79,,,,,,,,,2,4,0.1,0.5,1,2,RIPPLE,SIMULTANEOUS,,,,,,,,,,,,,,,2,,,,4,0.5,,,,,,,,,,,,2.79,120,,,,,,,,,,,,,,,,,p26_typhon_ty57,,,,,,,,,,,,,,,,,,,,,,,,,,,AU-220 57 mm (twin deck mount),,,,,,SIMULTANEOUS,,,,,,,,,,,,Assets/MachineBrigade/Resources/Data/balance.json: weapons[207],"{""id"":""p26_typhon_sec_ty57"",""inherits"":""p26_typhon_ty57"",""real"":""AU-220 57 mm (twin deck mount)"",""salvoMode"":""SIMULTANEOUS"",""barrels"":2,""burstInterval"":0.5,""burst"":4,""cooldown"":2.79,""damage"":120}"
p26_typhon_ty57,AU-220 57 mm (deck),cal_57,,,tank_gun,57,,,,HighExplosive,3,Shell,1,RIPPLE,2,0.1,1.4,0,0.0,0,0.0,130,3,6,150,40,0.0,Ground,,0.8,Medium,T2,gun_57mm,,,,0,,NEED_CODE_CHECK,NEED_CODE_CHECK,,CHUA_AP:prompt_xuat_luot5,120,80,ac,Wikipedia 'AU-220M': 80-120 rpm,,giong,,,,,,,,,,,,,,,,,,,,,,,,,,,,,,,,,,,,,,,2,0.1,,,,,,,,,,,,1.4,130,HighExplosive,6,,,,,,,,,,,,,,,gun_57mm,,,,,,,,,,,,3,,,,,,,,,,,,,,40,AU-220 57 mm (deck),,,,,,,,3,,,,,,,,,,Assets/MachineBrigade/Resources/Data/balance.json: weapons[206],"{""id"":""p26_typhon_ty57"",""inherits"":""gun_57mm"",""weaponVariantId"":"""",""weaponFamily"":"""",""real"":""AU-220 57 mm (deck)"",""damageType"":""HighExplosive"",""damage"":130,""burst"":2,""burstInterval"":0.1,""cooldown"":1.4,""pen"":3,""splash"":3,""edge"":6,""range"":40}"
p26_typhon_ty100,AK-100 100 mm (deck),cal_100_105_he,,,howitzer,100,,,,HighExplosive,4,Shell,1,RIPPLE,1,0.5,2.5,0,0.0,0,0.0,600,5,10,110,90,0.0,Ground,,2.2,Large,T2,naval_100,,,,0,,NEED_CODE_CHECK,NEED_CODE_CHECK,,CHUA_AP:prompt_xuat_luot5,60,30,gun,Wikipedia 'AK-100 (naval gun)': 60 rpm,,giong,,,,,,,,,,,,,,,,,,,,,,,,,,,,,,,,,,,,,,,1,,,,,,,,,,,,,2.5,600,,10,,,,,,,,,,,,,,,naval_100,,,,,,,,,,,,4,,,,,,,,,,,,,,,AK-100 100 mm (deck),,,,,,,,5,,,,,,,,,,Assets/MachineBrigade/Resources/Data/balance.json: weapons[205],"{""id"":""p26_typhon_ty100"",""inherits"":""naval_100"",""weaponFamily"":"""",""real"":""AK-100 100 mm (deck)"",""damage"":600,""burst"":1,""cooldown"":2.5,""pen"":4,""splash"":5,""edge"":10}"
patriot,MIM-104 Patriot PAC-2,sam_mim_104_patriot_pac_2,,mim_104_patriot_pac_2,aa_missile,,90,,,Fragmentation,3,Missile,1,RIPPLE,2,0.45,2.75,0,0.0,0,0.0,340,2.5,0.0,60,90,20,Air,high,0.0,Large,T2,sam_battery,,thap,missile_battery,1,missile_battery:0,NEED_CODE_CHECK,NEED_CODE_CHECK,,CHUA_AP:prompt_xuat_luot5,20,20,missile,Wikipedia 'MIM-104 Patriot': ripples a few seconds apart (est. 3 s),,giong,,,,,,,,,,,,,,,,,,,,,,,,,,,,,,,,,,,,,,,,0.45,,,,,,,,,,,,2.75,,,,,,aa_missile,,,,,,,,,,,,sam_battery,,,,,,,,,,,,3,,,,,,,,,,,,,,,MIM-104 Patriot PAC-2,,,,,,,90,,,,,,,90,mim_104_patriot_pac_2,,,Assets/MachineBrigade/Resources/Data/balance.json: weapons[95],"{""id"":""patriot"",""weaponFamily"":""mim_104_patriot_pac_2"",""real"":""MIM-104 Patriot PAC-2"",""family"":""aa_missile"",""size"":90,""warheadKg"":90,""pen"":3,""inherits"":""sam_battery"",""burstInterval"":0.45,""cooldown"":2.75}"
r37m,R-37M,sam_r_37m,,,aa_missile,,60,,,Fragmentation,3,Missile,1,RIPPLE,1,0.1,4,0,0.0,0,0.0,400,3,0.0,70,90,0.0,Air,high,0.0,Medium,T2,,,xe,interceptor_jet,1,interceptor_jet:0,NEED_CODE_CHECK,NEED_CODE_CHECK,,CHUA_AP:prompt_xuat_luot5,60,,missile,air-to-air: ~1 s between launches (est.),,giong,,,,,,,,,,,,,,,,,,,,,,,,,,,,,,,,,,,,,TRUE,,,,,high,,,,,,,,,,4,400,Fragmentation,,,,aa_missile,,0.7,,,,,,,,,Medium,,,,,,2,,,,15,,,3,,,,,,Missile,aim120,1.3,70,,,,,90,R-37M,,,,,,,100,3,,,Air,,,60,,sam_r_37m,,Assets/MachineBrigade/Resources/Data/balance.json: weapons[278],"{""id"":""r37m"",""weaponFamilyId"":""sam_r_37m"",""ceiling"":""high"",""load"":2,""real"":""R-37M"",""family"":""aa_missile"",""size"":100,""warheadKg"":60,""pen"":3,""projectileModel"":""aim120"",""projectileScale"":1.3,""damageType"":""Fragmentation"",""damage"":400,""cooldown"":4,""range"":90,""minReach"":15,""projectileSpeed"":70,""splash"":3,""impactTier"":""Medium"",""projectile"":""Missile"",""targets"":""Air"",""flareResist"":0.7,""bigGame"":true}"
r60,R-60,sam_r_60,,,aa_missile,,3.5,,,Fragmentation,2,Missile,1,RIPPLE,1,0.1,7,0,0.0,0,0.0,184,1.5,0.0,42,28,0.0,Air,,0.0,Medium,T2,,,xe,attack_jet;elite_attack_jet,2,attack_jet:4;elite_attack_jet:4,NEED_CODE_CHECK,NEED_CODE_CHECK,,CHUA_AP:prompt_xuat_luot5,60,,missile,air-to-air: ~1 s between launches (est.),,giong,,,,,,,,,,,,,,,,,,,,,,,,,,,,,,,,,,,,,,,,,,,,,,,,,,,,7,184,Fragmentation,,,,aa_missile,,,,,,,,,,,Medium,,,,,,2,,,,,,,2,,,,,,Missile,r60,0.65,42,,,,,28,R-60,,,,,200,,3.5,1.5,,,Air,,,3.5,,sam_r_60,,Assets/MachineBrigade/Resources/Data/balance.json: weapons[67],"{""id"":""r60"",""weaponFamilyId"":""sam_r_60"",""load"":2,""real"":""R-60"",""family"":""aa_missile"",""size"":3.5,""warheadKg"":3.5,""pen"":2,""projectileModel"":""r60"",""projectileScale"":0.65,""damageType"":""Fragmentation"",""damage"":184,""cooldown"":7,""range"":28,""projectileSpeed"":42,""splash"":1.5,""impactTier"":""Medium"",""projectile"":""Missile"",""targets"":""Air"",""roundWeight"":200}"
railgun,railgun (32 MJ),rail_railgun,,,railgun,,,,32,Kinetic,4,Bullet,1,RIPPLE,1,0.1,7,0,0.0,0,0.0,510,0.0,0.0,700,90,0.0,Ground,low,0.4,Large,T3,,,boss;xe,behemoth_tempest;railgun_truck,2,behemoth_tempest:other;railgun_truck:0,NEED_CODE_CHECK,NEED_CODE_CHECK,,CHUA_AP:prompt_xuat_luot5,NEED_SOURCE,NEED_SOURCE,,NEED_SOURCE,,giong,,,,,,,,,,,,,,,,,,,,,,,,,,,,,,,,,,,,,,,,,,low,0.9,,,,,,,,,7,510,Kinetic,,,32,railgun,,,,,,,,,,1.4,Large,,,,,,,,,,,,,4,TRUE,,TRUE,,,Bullet,rail_slug,,700,,,,,90,railgun (32 MJ),,,,,,,32,,0.4,,,,,,,rail_railgun,,Assets/MachineBrigade/Resources/Data/balance.json: weapons[82],"{""id"":""railgun"",""weaponFamilyId"":""rail_railgun"",""ceiling"":""low"",""real"":""railgun (32 MJ)"",""family"":""railgun"",""size"":32,""energyMj"":32,""pen"":4,""piercing"":true,""charge"":0.9,""projectileModel"":""rail_slug"",""damageType"":""Kinetic"",""damage"":510,""cooldown"":7,""range"":90,""projectileSpeed"":700,""spread"":0.4,""impactTier"":""Large"",""projectile"":""Bullet"",""pierce"":true,""impactScale"":1.4}"
recoilless_106,M40 106 mm recoilless rifle,rcl_106,,,tank_gun,106,,,,ShapedCharge,3,Shell,1,RIPPLE,1,0.1,6.6667,0,0.0,0,0.0,220,0.0,0.0,150,32,0.0,Ground,,0.9,Medium,T2,,,xe,recoilless_jeep,1,recoilless_jeep:0,NEED_CODE_CHECK,NEED_CODE_CHECK,,CHUA_AP:prompt_xuat_luot5,5,1,gun,"Wikipedia 'M40 recoilless rifle': 1 rpm sustained, ~5 rpm short bursts",,giong,,,,,,,,,,,,,,,,,,,,,,,,,,,,,,,,,,,,,,,,,106,,,,,,,,,,,6.6667,220,ShapedCharge,,,,tank_gun,,,,,,,,,,,Medium,,,,,,,,,,,,,3,,,TRUE,,,,,,150,,,,,32,M40 106 mm recoilless rifle,,,,,,,106,,0.9,,,,,,,rcl_106,,Assets/MachineBrigade/Resources/Data/balance.json: weapons[273],"{""id"":""recoilless_106"",""weaponFamilyId"":""rcl_106"",""real"":""M40 106 mm recoilless rifle"",""family"":""tank_gun"",""size"":106,""caliberMm"":106,""pen"":3,""piercing"":true,""damageType"":""ShapedCharge"",""damage"":220,""cooldown"":6.6667,""range"":32,""projectileSpeed"":150,""spread"":0.9,""impactTier"":""Medium""}"
recon_missile,MAM-L,atgm_mam_l,,,atgm,,22,,,ShapedCharge,3,Missile,1,RIPPLE,1,0.1,11.59,0,0.0,0,0.0,190,0.0,0.0,22,50,0.0,Ground,,0.0,Medium,T2,,,xe,recon_drone,1,recon_drone:0,NEED_CODE_CHECK,NEED_CODE_CHECK,,CHUA_AP:prompt_xuat_luot5,60,10,atgm,"air-launched: ripples ~1 s apart, est. 6 s an aimed shot",,giong,,,,,,,,,,,,,,,,,,,,,,,,,,,,,,,,,,,,,,,,,,,,,,,,,,,,11.59,190,ShapedCharge,,,,atgm,,,,,,,,,,,Medium,,,,,,4,,,,,,,3,,,TRUE,,,Missile,mam_l,0.6,22,,,,,50,MAM-L,,,,,,,22,,,,,,,22,,atgm_mam_l,,Assets/MachineBrigade/Resources/Data/balance.json: weapons[90],"{""id"":""recon_missile"",""weaponFamilyId"":""atgm_mam_l"",""load"":4,""real"":""MAM-L"",""family"":""atgm"",""size"":22,""warheadKg"":22,""pen"":3,""piercing"":true,""projectileModel"":""mam_l"",""projectileScale"":0.6,""damageType"":""ShapedCharge"",""damage"":190,""cooldown"":11.59,""range"":50,""projectileSpeed"":22,""impactTier"":""Medium"",""projectile"":""Missile""}"
rockets_300mm,9M55 Smerch 300 mm,rkt_smerch_300,,,rocket,300,,,,HighExplosive,3,Rocket,1,RIPPLE,11,0.25,15.76,0,0.0,3,0.0,145,8,0.0,55,140,30,Ground,,9,Huge,T4,,,xe,heavy_rocket_artillery,1,heavy_rocket_artillery:0,NEED_CODE_CHECK,NEED_CODE_CHECK,,CHUA_AP:prompt_xuat_luot5,19,,rocket,Wikipedia 'BM-30 Smerch': 12 rockets in 38 s,,giong,,,,,,,,,,,,,,,,,,,,,,,,,,,,,,,,,3,,,,,,11,0.25,300,,,,,,,,,,,15.76,145,HighExplosive,,,,rocket,,,,,,,,,,,Huge,,,,,,,,,30,,,,3,,,,,,Rocket,,,55,,,,,140,9M55 Smerch 300 mm,,,,,,,300,8,9,,,,,,,rkt_smerch_300,,Assets/MachineBrigade/Resources/Data/balance.json: weapons[59],"{""id"":""rockets_300mm"",""weaponFamilyId"":""rkt_smerch_300"",""real"":""9M55 Smerch 300 mm"",""family"":""rocket"",""size"":300,""caliberMm"":300,""pen"":3,""damageType"":""HighExplosive"",""damage"":145,""cooldown"":15.76,""range"":140,""minRange"":30,""projectileSpeed"":55,""splash"":8,""spread"":9,""impactTier"":""Huge"",""projectile"":""Rocket"",""burst"":11,""burstInterval"":0.25,""ammo"":3}"
s8_pods,S-8 80 mm,rkt_70_80,,s_8_80_mm,rocket,80,,,,HighExplosive,2,Rocket,1,RIPPLE,8,0.05,4.05,0,0.0,0,0.0,32,3,0.0,40,34,0.0,Ground,,4.5,Medium,T2,,,xe,attack_jet;elite_attack_jet,2,attack_jet:1;elite_attack_jet:1,NEED_CODE_CHECK,NEED_CODE_CHECK,,CHUA_AP:prompt_xuat_luot5,900,,rocket,rocket pods: ripples of 0.05-0.12 s (DECISIONS 19R),,giong,,,,,,,,,,,,,,,,,,,,,,,,,,,,,,,,,,,,,,,8,0.05,80,,,,,,,,,,,4.05,32,HighExplosive,,,,rocket,,,,,,,,,,,Medium,,,,,,16,,,,,,,2,,,,,,Rocket,,0.9,,,,,,34,S-8 80 mm,,,,,,,80,,4.5,,,,,,s_8_80_mm,rkt_70_80,,Assets/MachineBrigade/Resources/Data/balance.json: weapons[73],"{""id"":""s8_pods"",""weaponFamilyId"":""rkt_70_80"",""weaponFamily"":""s_8_80_mm"",""load"":16,""real"":""S-8 80 mm"",""family"":""rocket"",""size"":80,""caliberMm"":80,""pen"":2,""projectileScale"":0.9,""damageType"":""HighExplosive"",""damage"":32,""cooldown"":4.05,""range"":34,""spread"":4.5,""impactTier"":""Medium"",""projectile"":""Rocket"",""burst"":8,""burstInterval"":0.05}"
sam,Starstreak / Stinger SHORAD,sam_starstreak_stinger_shorad,,,aa_missile,,1,,,Fragmentation,2,Missile,1,RIPPLE,1,0.1,4.452,0,0.0,0,0.0,170,2,0.0,42,44,0.0,Air,,0.0,Medium,T2,,,boss;thap;xe,aa_turret;aa_vehicle;elite_aa;fortress_hive;manpads_tower;mobile_fortress;nuke_train;typhon,8,aa_turret:1;aa_vehicle:1;elite_aa:1;fortress_hive:other;manpads_tower:0;mobile_fortress:other;nuke_train:other;typhon:other,NEED_CODE_CHECK,NEED_CODE_CHECK,,CHUA_AP:prompt_xuat_luot5,20,10,missile,Avenger / Stormer: ~3 s between rounds (est.); a MANPADS team 6-10 s,,giong,,,,,,,,,,,,,,,,,,,,,,,,,,,,,,,,,,,,,,,,,,,,,,,,,,,,4.452,170,Fragmentation,,,,aa_missile,,0.5,,,,,,,,,Medium,,,,,,,,,,,,,2,,,,,,Missile,shorad_dart,0.5527,42,,,,,44,Starstreak / Stinger SHORAD,,,1.216,,210,,3,2,,,Air,,,1,,sam_starstreak_stinger_shorad,,Assets/MachineBrigade/Resources/Data/balance.json: weapons[20],"{""id"":""sam"",""weaponFamilyId"":""sam_starstreak_stinger_shorad"",""real"":""Starstreak / Stinger SHORAD"",""family"":""aa_missile"",""size"":3,""warheadKg"":1,""pen"":2,""projectileModel"":""shorad_dart"",""roundLength"":1.216,""projectileScale"":0.5527,""damageType"":""Fragmentation"",""damage"":170,""cooldown"":4.452,""range"":44,""projectileSpeed"":42,""splash"":2,""impactTier"":""Medium"",""projectile"":""Missile"",""targets"":""Air"",""flareResist"":0.5,""roundWeight"":210}"
sam_48n6,S-400 48N6,sam_s_400_48n6,,,aa_missile,,180,,,Fragmentation,3,Missile,1,RIPPLE,1,0.1,7.2,0,0.0,0,0.0,630,7.2,0.0,65,95,20,Air,high,0.0,Huge,T2,,,xe,elite_long_sam;long_sam,2,elite_long_sam:0;long_sam:0,NEED_CODE_CHECK,NEED_CODE_CHECK,,CHUA_AP:prompt_xuat_luot5,20,6,missile,Wikipedia 'S-400': 3 s between launches,,giong,,,,,,,,,,,,,,,,,,,,,,,,,,,,,,,,,,,,,,,,,,high,,,,,,,,,,7.2,630,Fragmentation,,,,aa_missile,,0.85,,,,,,,,2,Huge,,,,,,,,,20,,,,3,,,,,,Missile,patriot,1.7647,65,,,,,95,S-400 48N6,,,6,,,,180,7.2,,,Air,,,180,,sam_s_400_48n6,,Assets/MachineBrigade/Resources/Data/balance.json: weapons[108],"{""id"":""sam_48n6"",""weaponFamilyId"":""sam_s_400_48n6"",""ceiling"":""high"",""real"":""S-400 48N6"",""family"":""aa_missile"",""size"":180,""warheadKg"":180,""pen"":3,""projectileModel"":""patriot"",""roundLength"":6,""projectileScale"":1.7647,""damageType"":""Fragmentation"",""damage"":630,""cooldown"":7.2,""range"":95,""minRange"":20,""projectileSpeed"":65,""splash"":7.2,""impactTier"":""Huge"",""impactScale"":2,""projectile"":""Missile"",""targets"":""Air"",""flareResist"":0.85}"
sam_battery,MIM-104 Patriot PAC-2,sam_mim_104_patriot_pac_2,,mim_104_patriot_pac_2,aa_missile,,90,,,Fragmentation,3,Missile,1,RIPPLE,2,3,8,0,0.0,0,0.0,340,2.5,0.0,60,90,20,Air,high,0.0,Large,T2,,,boss,nuke_train,1,nuke_train:4,NEED_CODE_CHECK,NEED_CODE_CHECK,,CHUA_AP:prompt_xuat_luot5,20,20,missile,Wikipedia 'MIM-104 Patriot': ripples a few seconds apart (est. 3 s),"MIM-104 Patriot: the pair ~3 s apart (est.; 0.45 s was too fast), the 11 s cycle kept",doi,,,10.55,8,,,,,,,,,,,0.45,3,,,,,,,,,,,,,,,,,,,,,,,2,3,,high,,,,,,,,,,8,340,Fragmentation,,,,aa_missile,,0.85,,,,,,,,,Large,,,,,,,,,20,,,,3,,,,,,Missile,,,,,,,,90,MIM-104 Patriot PAC-2,,,,,,,90,,,,Air,,,90,mim_104_patriot_pac_2,sam_mim_104_patriot_pac_2,,Assets/MachineBrigade/Resources/Data/balance.json: weapons[94],"{""id"":""sam_battery"",""weaponFamilyId"":""sam_mim_104_patriot_pac_2"",""weaponFamily"":""mim_104_patriot_pac_2"",""ceiling"":""high"",""real"":""MIM-104 Patriot PAC-2"",""family"":""aa_missile"",""size"":90,""warheadKg"":90,""pen"":3,""damageType"":""Fragmentation"",""damage"":340,""cooldown"":8,""range"":90,""minRange"":20,""impactTier"":""Large"",""projectile"":""Missile"",""targets"":""Air"",""burst"":2,""burstInterval"":3,""flareResist"":0.85}"
sam_battery_lrr,MIM-104 Patriot PAC-2,sam_mim_104_patriot_pac_2,,mim_104_patriot_pac_2,aa_missile,,90,,,Fragmentation,3,Missile,1,RIPPLE,2,0.45,3.45,0,0.0,0,0.0,340,2.5,0.0,60,100,20,Air,high,0.0,Large,T2,patriot,,thap,missile_battery.lrr,1,missile_battery.lrr:0,NEED_CODE_CHECK,NEED_CODE_CHECK,,CHUA_AP:prompt_xuat_luot5,20,20,missile,Wikipedia 'MIM-104 Patriot': ripples a few seconds apart (est. 3 s),,giong,,,,,,,,,,,,,,,,,,,,,,,,,,,,,,,,,,,,,,,,0.45,,,,,,,,,,,,3.45,,,,,,aa_missile,,,,,,,,,,,,patriot,,,,,,,,,,,,3,,,,,,,,,,,,,,100,MIM-104 Patriot PAC-2,,,,,,,90,,,,,,,90,mim_104_patriot_pac_2,,,Assets/MachineBrigade/Resources/Data/balance.json: weapons[134],"{""id"":""sam_battery_lrr"",""weaponFamily"":""mim_104_patriot_pac_2"",""cooldown"":3.45,""real"":""MIM-104 Patriot PAC-2"",""family"":""aa_missile"",""size"":90,""warheadKg"":90,""pen"":3,""inherits"":""patriot"",""burstInterval"":0.45,""range"":100}"
sam_long,9M317 Buk,sam_9m317_buk,,9m317_buk,aa_missile,,70,,,Fragmentation,3,Missile,1,RIPPLE,2,0.5,5.73,0,0.0,0,0.0,320,2,0.0,50,55,0.0,Air,,0.0,Medium,T2,,,,,0,,NEED_CODE_CHECK,NEED_CODE_CHECK,,CHUA_AP:prompt_xuat_luot5,15,15,missile,Wikipedia 'Buk missile system': 4 s between launches,,giong,,,,,,,,,,,,,,,,,,,,,,,,,,,,,,,,,,,,,,,2,0.5,,,,,,,,,,,,5.73,320,Fragmentation,,,,aa_missile,,0.8,,,,,,,,,Medium,,,,,,,,,,,,,3,,,,,,Missile,,,,,,,,55,9M317 Buk,,,,,,,70,,,,Air,,,70,9m317_buk,sam_9m317_buk,,Assets/MachineBrigade/Resources/Data/balance.json: weapons[30],"{""id"":""sam_long"",""weaponFamilyId"":""sam_9m317_buk"",""weaponFamily"":""9m317_buk"",""real"":""9M317 Buk"",""family"":""aa_missile"",""size"":70,""warheadKg"":70,""pen"":3,""damageType"":""Fragmentation"",""damage"":320,""cooldown"":5.73,""range"":55,""impactTier"":""Medium"",""projectile"":""Missile"",""targets"":""Air"",""burst"":2,""burstInterval"":0.5,""flareResist"":0.8}"
sam_pac3,Patriot PAC-3 MSE,sam_patriot_pac_3_mse,,,aa_missile,,7,,,Fragmentation,3,Missile,1,RIPPLE,2,0.45,6.25,0,0.0,0,0.0,360,2.5,0.0,65,72,20,Air,high,0.0,Large,T2,sam_battery,,thap,missile_battery.pac3,1,missile_battery.pac3:0,NEED_CODE_CHECK,NEED_CODE_CHECK,,CHUA_AP:prompt_xuat_luot5,20,20,missile,Wikipedia 'MIM-104 Patriot': ripples a few seconds apart (est. 3 s),,giong,,,,,,,,,,,,,,,,,,,,,,,,,,,,,,,,,,,,,,,,0.45,,,,,,,,,,,,6.25,360,,,,,aa_missile,,,,,,,,,,,,sam_battery,,,,,,,,,,,,3,,,,,,,,,65,,,,,72,Patriot PAC-3 MSE,,,,,,,100,,,,,,,7,,sam_patriot_pac_3_mse,,Assets/MachineBrigade/Resources/Data/balance.json: weapons[133],"{""id"":""sam_pac3"",""weaponFamily"":"""",""projectileSpeed"":65,""real"":""Patriot PAC-3 MSE"",""family"":""aa_missile"",""size"":100,""warheadKg"":7,""pen"":3,""inherits"":""sam_battery"",""weaponFamilyId"":""sam_patriot_pac_3_mse"",""burstInterval"":0.45,""damage"":360,""range"":72,""cooldown"":6.25}"
sam_post,9M317 Buk,sam_9m317_buk,,9m317_buk,aa_missile,,70,,,Fragmentation,3,Missile,1,RIPPLE,2,0.5,3.9,0,0.0,0,0.0,320,2,0.0,50,60,0.0,Air,,0.0,Medium,T2,sam_long,,boss;boss_part,kraken;leviathan;mobile_fortress;sam_medium;typhon,5,kraken:15;leviathan:15;mobile_fortress:8;sam_medium:part;typhon:0,NEED_CODE_CHECK,NEED_CODE_CHECK,,CHUA_AP:prompt_xuat_luot5,15,15,missile,Wikipedia 'Buk missile system': 4 s between launches,,giong,,,,,,,,,,,,,,,,,,,,,,,,,,,,,,,,,,,,,,,,,,,,,,,,,,,,3.9,,,,,,aa_missile,,,,,,,,,,,,sam_long,,,,,,,,,,,,3,,,,,,,,,,,,,,60,9M317 Buk,,,,,,,70,,,,,,,70,9m317_buk,,,Assets/MachineBrigade/Resources/Data/balance.json: weapons[129],"{""id"":""sam_post"",""weaponFamily"":""9m317_buk"",""cooldown"":3.9,""real"":""9M317 Buk"",""family"":""aa_missile"",""size"":70,""warheadKg"":70,""pen"":3,""inherits"":""sam_long"",""range"":60}"
scout_rockets,Hydra 70 mm,rkt_70_80,,hydra_70_mm,rocket,70,,,,HighExplosive,2,Rocket,1,RIPPLE,12,0.11,7.4,0,0.0,0,0.0,30,3,0.0,40,28,0.0,Ground,,3,Medium,T2,,,xe,prop_attack_plane;scout_heli,2,prop_attack_plane:1;scout_heli:1,NEED_CODE_CHECK,NEED_CODE_CHECK,,CHUA_AP:prompt_xuat_luot5,900,,rocket,rocket pods: ripples of 0.05-0.12 s (DECISIONS 19R),,giong,,,,,,,,,,,,,,,,,,,,,,,,,,,,,,,,,,,,,,,12,0.11,70,,,,,,,,,,,7.4,30,HighExplosive,,,,rocket,,,,,,,,,,,Medium,,,,,,6,,,,,,,2,,,,,,Rocket,,0.72,,,,,,28,Hydra 70 mm,,,,,,,70,,3,,,,,,hydra_70_mm,rkt_70_80,,Assets/MachineBrigade/Resources/Data/balance.json: weapons[38],"{""id"":""scout_rockets"",""weaponFamilyId"":""rkt_70_80"",""weaponFamily"":""hydra_70_mm"",""load"":6,""real"":""Hydra 70 mm"",""family"":""rocket"",""size"":70,""caliberMm"":70,""pen"":2,""projectileScale"":0.72,""damageType"":""HighExplosive"",""damage"":30,""cooldown"":7.4,""range"":28,""spread"":3,""impactTier"":""Medium"",""projectile"":""Rocket"",""burst"":12,""burstInterval"":0.11}"
shahed,Shahed-136 (50 kg),drone_shahed_136,,,drone,,50,,,HighExplosive,3,Drone,1,RIPPLE,1,0.1,8.5,0,0.0,5,8.5,344,4.5,0.0,20,150,20,Ground,,0.0,Huge,T3,,,xe,shahed_truck,1,shahed_truck:0,NEED_CODE_CHECK,NEED_CODE_CHECK,,CHUA_AP:prompt_xuat_luot5,NEED_SOURCE,NEED_SOURCE,,NEED_SOURCE,,giong,,,,,,,,,,,,,,,,,,,,,,,,,,,,,,,,,5,,,,,,,,,,,,,,,,,,,8.5,344,HighExplosive,,,,drone,,,,,,,,,,,Huge,,,,,,,,,20,,,,3,,,,,,Drone,shahed,,20,,,,,150,Shahed-136 (50 kg),8.5,,,,,,50,4.5,,,,,TRUE,50,,drone_shahed_136,,Assets/MachineBrigade/Resources/Data/balance.json: weapons[80],"{""id"":""shahed"",""weaponFamilyId"":""drone_shahed_136"",""real"":""Shahed-136 (50 kg)"",""family"":""drone"",""size"":50,""warheadKg"":50,""pen"":3,""topAttack"":true,""projectileModel"":""shahed"",""damageType"":""HighExplosive"",""damage"":344,""cooldown"":8.5,""range"":150,""minRange"":20,""projectileSpeed"":20,""splash"":4.5,""impactTier"":""Huge"",""projectile"":""Drone"",""ammo"":5,""reload"":8.5}"
siege_gun_105,L7 105 mm (siege tank),cal_100_105_ap,,l7_105_mm,tank_gun,105,,,,Kinetic,3,Shell,1,RIPPLE,1,0.1,4.6,0,0.0,0,0.0,212,1.5,0.0,190,34,0.0,Ground,,0.6,Medium,T2,gun_105_bunker,siege_gun_105_he,xe,siege_tank,1,siege_tank:1,NEED_CODE_CHECK,NEED_CODE_CHECK,,CHUA_AP:prompt_xuat_luot5,10,6,gun,Wikipedia 'Royal Ordnance L7': 6-10 rpm,,giong,,,,,,,,,,,,,,,,,,,,,,,,,,,,,,,,,,,,,,,,,105,,,,,,,,,,,4.6,212,,,,,tank_gun,,,,,,,,,,,,gun_105_bunker,,,,,,,,,,,,3,,,,,,,,,,,,,,34,L7 105 mm (siege tank),,,,,,,105,,,,,,,,l7_105_mm,,,Assets/MachineBrigade/Resources/Data/balance.json: weapons[57],"{""id"":""siege_gun_105"",""weaponFamily"":""l7_105_mm"",""damage"":212,""real"":""L7 105 mm (siege tank)"",""family"":""tank_gun"",""size"":105,""caliberMm"":105,""pen"":3,""inherits"":""gun_105_bunker"",""range"":34,""cooldown"":4.6}"
siege_gun_105_he,L7 105 mm HE (siege tank),cal_100_105_he,,l7_105_mm_he,tank_gun,105,,,,HighExplosive,2,Shell,1,RIPPLE,1,0.1,4.6,0,0.0,0,0.0,212,3,0.0,190,34,0.0,Ground,,0.6,Large,T2,siege_gun_105,,,,0,,NEED_CODE_CHECK,NEED_CODE_CHECK,,CHUA_AP:prompt_xuat_luot5,10,6,gun,Wikipedia 'Royal Ordnance L7': 6-10 rpm,,giong,,,,,,,,,,,,,,,,,,,,,,,,,,,,,,,,,,,,,,,,,,,,,,,,,,,,,212,HighExplosive,,,,,,,light;structure,HeShell,,,,,,,Large,siege_gun_105,,,,,,,,,,,,2,,,FALSE,,,,,,,,,,,,L7 105 mm HE (siege tank),,he,,siege_gun_105,,,,3,,,Ground,,,,l7_105_mm_he,cal_100_105_he,,Assets/MachineBrigade/Resources/Data/balance.json: secondRounds.rounds[57],"{""id"":""siege_gun_105_he"",""roundOf"":""siege_gun_105"",""inherits"":""siege_gun_105"",""weaponFamilyId"":""cal_100_105_he"",""weaponFamily"":""l7_105_mm_he"",""round"":""he"",""for"":[""light"",""structure""],""real"":""L7 105 mm HE (siege tank)"",""damageType"":""HighExplosive"",""pen"":2,""damage"":212,""splash"":3,""form"":""HeShell"",""piercing"":false,""targets"":""Ground"",""impactTier"":""Large""}"
siege_mortar_240,2B8 240 mm (siege tank),cal_240,,2b8_240_mm,mortar,240,,,,HighExplosive,4,Shell,1,RIPPLE,1,0.1,7.619,0,0.0,10,28.57,450,9,0.0,38,70,16,Ground,,5,Ultimate,T4,mortar_240,,xe,siege_tank,1,siege_tank:0,NEED_CODE_CHECK,NEED_CODE_CHECK,,CHUA_AP:prompt_xuat_luot5,1,1,gun,Wikipedia '2S4 Tyulpan': ~1 rpm,,giong,,,,,,,,,,,,,,,,,,,,,,,,,,,,,,,,,10,,,,,,,,240,,,,,,,,,,,7.619,,,,,,mortar,,,,,,,,,,,,mortar_240,,,,,,,,16,,,,4,,,,,,,,,,,,,,70,2B8 240 mm (siege tank),28.57,,,,,,240,,,,,,,,2b8_240_mm,,,Assets/MachineBrigade/Resources/Data/balance.json: weapons[58],"{""id"":""siege_mortar_240"",""weaponFamily"":""2b8_240_mm"",""real"":""2B8 240 mm (siege tank)"",""family"":""mortar"",""size"":240,""caliberMm"":240,""pen"":4,""inherits"":""mortar_240"",""range"":70,""minRange"":16,""cooldown"":7.619,""ammo"":10,""reload"":28.57,""bonuses"":[{""armor"":""Structure"",""mult"":2}]}"
smart_at_shell,SMArt 155 / BONUS,cal_152_155,smart,smart_155_bonus,howitzer,155,,,,ShapedCharge,4,Shell,1,RIPPLE,1,0.1,25,0,0.0,0,0.0,0,2,0.0,45,90,25,Ground,,0.0,Medium,T3,,,xe,wheeled_howitzer,1,wheeled_howitzer:1,NEED_CODE_CHECK,NEED_CODE_CHECK,,CHUA_AP:prompt_xuat_luot5,4,1,gun,"US Army M109A7 fact file: 4 rpm for 3 min, 1 rpm sustained",,giong,,,,,,,,,,,,,,,,,,,,,,,,,,,,,,,,,,,,,,,,,155,,,,,2,220,4,4,1.5,Medium,25,0,ShapedCharge,,,,howitzer,,,,,,,,,,,Medium,,,,,,,,,25,,,,4,,,,,,,smart_155,,45,,,,,90,SMArt 155 / BONUS,,,0.8,,,,155,,,,,,,,smart_155_bonus,cal_152_155,smart,Assets/MachineBrigade/Resources/Data/balance.json: weapons[300],"{""id"":""smart_at_shell"",""weaponFamilyId"":""cal_152_155"",""weaponVariantId"":""smart"",""real"":""SMArt 155 / BONUS"",""weaponFamily"":""smart_155_bonus"",""family"":""howitzer"",""size"":155,""caliberMm"":155,""pen"":4,""damageType"":""ShapedCharge"",""damage"":0,""cooldown"":25,""range"":90,""minRange"":25,""projectileSpeed"":45,""impactTier"":""Medium"",""projectileModel"":""smart_155"",""roundLength"":0.8,""cluster"":{""count"":2,""radius"":4,""damage"":220,""splash"":1.5,""pen"":4,""tier"":""Medium""}}"
spg9_73mm,SPG-9 Kopyo 73 mm,rcl_73,,,recoilless,73,,,,ShapedCharge,3,Shell,1,RIPPLE,1,0.1,6.67,0,0.0,0,0.0,180,0.0,0.0,120,28,0.0,All,,1.5,Medium,T2,,,thap,at_gun_emplacement.recoilless;recoilless_gun_tower,2,at_gun_emplacement.recoilless:0;recoilless_gun_tower:0,NEED_CODE_CHECK,NEED_CODE_CHECK,,CHUA_AP:prompt_xuat_luot5,6,4,gun,Wikipedia 'SPG-9': 5-6 rpm,,giong,,,,,,,,,,,,,,,,,,,,,,,,,,,,,,,,,,,,,,,,,73,,,,,,,,,,,6.67,180,ShapedCharge,,,,recoilless,,,,,,,,,,,Medium,,,,,,,,,,,,,3,,,,,,Shell,,,120,,,,,28,SPG-9 Kopyo 73 mm,,,,,,,73,,1.5,,All,,,,,rcl_73,,Assets/MachineBrigade/Resources/Data/balance.json: weapons[289],"{""id"":""spg9_73mm"",""weaponFamilyId"":""rcl_73"",""real"":""SPG-9 Kopyo 73 mm"",""family"":""recoilless"",""size"":73,""caliberMm"":73,""pen"":3,""damageType"":""ShapedCharge"",""damage"":180,""cooldown"":6.67,""range"":28,""projectileSpeed"":120,""spread"":1.5,""impactTier"":""Medium"",""projectile"":""Shell"",""targets"":""All""}"
spike_nlos,Spike NLOS,atgm_spike_nlos,,,atgm,,70,,,ShapedCharge,4,Missile,1,RIPPLE,1,0.1,10,0,0.0,0,0.0,300,0.0,0.0,26,90,0.0,Ground,,0.0,Large,T2,,,xe,nlos_atgm_vehicle,1,nlos_atgm_vehicle:0,NEED_CODE_CHECK,NEED_CODE_CHECK,,CHUA_AP:prompt_xuat_luot5,6,4,atgm,"Spike NLOS launcher, est. 4-6 rpm",,giong,,,,,,,,,,,,,,,,,,,,,,,,,,,,,,,,,,,,,,,,,,,,,,,,,,,,10,300,ShapedCharge,,,,atgm,,,,,,,,,,,Large,,,,,,,TRUE,,,,,,4,,,TRUE,,,Missile,atgm_kornet,1.2,26,,,,,90,Spike NLOS,,,,,,,70,,,,,,TRUE,70,,atgm_spike_nlos,,Assets/MachineBrigade/Resources/Data/balance.json: weapons[271],"{""id"":""spike_nlos"",""weaponFamilyId"":""atgm_spike_nlos"",""real"":""Spike NLOS"",""family"":""atgm"",""size"":70,""warheadKg"":70,""pen"":4,""piercing"":true,""topAttack"":true,""lofted"":true,""projectileModel"":""atgm_kornet"",""projectileScale"":1.2,""damageType"":""ShapedCharge"",""damage"":300,""cooldown"":10,""range"":90,""projectileSpeed"":26,""impactTier"":""Large"",""projectile"":""Missile""}"
stealth_payload,GBU-31 JDAM (907 kg),bomb_gbu_31_jdam,,,bomb,,907,,,HighExplosive,4,Bomb,1,RIPPLE,2,0.3,14,0,0.0,0,0.0,892,13,0.0,40,30,0.0,Ground,,2,Ultimate,T4,,,xe,stealth_bomber,1,stealth_bomber:0,NEED_CODE_CHECK,NEED_CODE_CHECK,,CHUA_AP:prompt_xuat_luot5,600,,bomb,"a stick's release, 0.1 s and up (est.)",,giong,,,,,,,,,,,,,,,,,,,,,,,,,,,,,,,,,,,,,,,2,0.3,,,,,,,,,,,,14,892,HighExplosive,,,,bomb,,,,HeavyBomb,,,,TRUE,,,Ultimate,,,,,,2,,,,,,,4,,,,,,Bomb,jdam,0.7185,40,,,,,30,GBU-31 JDAM (907 kg),,,1.94,,,,907,13,2,,,,,907,,bomb_gbu_31_jdam,,Assets/MachineBrigade/Resources/Data/balance.json: weapons[51],"{""id"":""stealth_payload"",""weaponFamilyId"":""bomb_gbu_31_jdam"",""load"":2,""real"":""GBU-31 JDAM (907 kg)"",""family"":""bomb"",""size"":907,""warheadKg"":907,""pen"":4,""form"":""HeavyBomb"",""guided"":true,""projectileModel"":""jdam"",""projectileScale"":0.7185,""roundLength"":1.94,""damageType"":""HighExplosive"",""damage"":892,""cooldown"":14,""range"":30,""projectileSpeed"":40,""splash"":13,""spread"":2,""impactTier"":""Ultimate"",""projectile"":""Bomb"",""burst"":2,""burstInterval"":0.3}"
stinger_atas,FIM-92 Stinger (ATAS),sam_fim_92_stinger,,,aa_missile,,1,,,Fragmentation,2,Missile,1,RIPPLE,1,0.1,9.07,0,0.0,0,0.0,178,1.5,0.0,42,30,0.0,Air,,0.0,Medium,T2,,,xe,attack_helicopter;elite_attack_helicopter,2,attack_helicopter:3;elite_attack_helicopter:3,NEED_CODE_CHECK,NEED_CODE_CHECK,,CHUA_AP:prompt_xuat_luot5,20,10,missile,Avenger / Stormer: ~3 s between rounds (est.); a MANPADS team 6-10 s,,giong,,,,,,,,,,,,,,,,,,,,,,,,,,,,,,,,,,,,,,,,,,,,,,,,,,,,9.07,178,Fragmentation,,,,aa_missile,,,,,,,,,,,Medium,,,,,,2,,,,,,,2,,,,,,Missile,stinger,0.7,42,,,,,30,FIM-92 Stinger (ATAS),,,,,,,3,1.5,,,Air,,,1,,sam_fim_92_stinger,,Assets/MachineBrigade/Resources/Data/balance.json: weapons[65],"{""id"":""stinger_atas"",""weaponFamilyId"":""sam_fim_92_stinger"",""load"":2,""real"":""FIM-92 Stinger (ATAS)"",""family"":""aa_missile"",""size"":3,""warheadKg"":1,""pen"":2,""projectileModel"":""stinger"",""projectileScale"":0.7,""damageType"":""Fragmentation"",""damage"":178,""cooldown"":9.07,""range"":30,""projectileSpeed"":42,""splash"":1.5,""impactTier"":""Medium"",""projectile"":""Missile"",""targets"":""Air""}"
stinger_post,FIM-92 Stinger (tower post),sam_fim_92_stinger,,,aa_missile,,1,,,Fragmentation,2,Missile,1,RIPPLE,1,0.1,4.452,0,0.0,0,0.0,170,2,0.0,42,56,0.0,Air,,0.0,Medium,T2,sam,,thap,aa_turret.sam,1,aa_turret.sam:0,NEED_CODE_CHECK,NEED_CODE_CHECK,,CHUA_AP:prompt_xuat_luot5,20,10,missile,Avenger / Stormer: ~3 s between rounds (est.); a MANPADS team 6-10 s,,moi,,,,,,,,,,,,,,,,,,,,,,,,,,,,,,,,,,,,,,,,,,,,,,,,,,,,,,,,,,,,,,,,,,,,,,sam,,,,,,,,,,,,,,,,,,,,,,,,,,56,FIM-92 Stinger (tower post),,,,,,,,,,,,,,,,sam_fim_92_stinger,,Assets/MachineBrigade/Resources/Data/balance.json: weapons[21],"{""id"":""stinger_post"",""inherits"":""sam"",""weaponFamilyId"":""sam_fim_92_stinger"",""real"":""FIM-92 Stinger (tower post)"",""range"":56}"
supergun_800,super-gun 800 mm,cal_800,,,special,800,,,,HighExplosive,4,Shell,1,RIPPLE,1,0.1,25,0,0.0,0,0.0,900,12,0.0,120,400,30,Ground,,0.0,Ultimate,T5,,,boss,rail_supergun,1,rail_supergun:0,NEED_CODE_CHECK,NEED_CODE_CHECK,,CHUA_AP:prompt_xuat_luot5,0.067,0.067,gun,Schwerer Gustav 800 mm: ~14 rounds a day (est. 1 every 15 min),,giong,,,,,,,,,,,,,,,,,,,,,,,,,,,,,,,,,,,,,,,,,800,,,,,,,,,,,25,900,HighExplosive,,,,special,,,,,,,,,,2.4,Ultimate,,,,,TRUE,,,,30,,,,4,,,,,,,shell_155,3.2,120,,,,,400,super-gun 800 mm,,,,,,,800,12,,,,,,,,cal_800,,Assets/MachineBrigade/Resources/Data/balance.json: weapons[236],"{""id"":""supergun_800"",""weaponFamilyId"":""cal_800"",""laid"":true,""real"":""super-gun 800 mm"",""family"":""special"",""size"":800,""caliberMm"":800,""pen"":4,""projectileModel"":""shell_155"",""projectileScale"":3.2,""damageType"":""HighExplosive"",""damage"":900,""cooldown"":25,""range"":400,""minRange"":30,""projectileSpeed"":120,""splash"":12,""impactTier"":""Ultimate"",""impactScale"":2.4}"
swarm_drones,FPV drone (1.5 kg),drone_fpv_drone,,fpv_drone,drone,,1.5,,,ShapedCharge,3,Drone,1,RIPPLE,1,0.1,3.3,0,0.0,0,0.0,140,2.5,0.0,26,60,0.0,Ground,,0.0,Medium,T2,,,xe,swarm_carrier,1,swarm_carrier:0,NEED_CODE_CHECK,NEED_CODE_CHECK,,CHUA_AP:prompt_xuat_luot5,NEED_SOURCE,NEED_SOURCE,,NEED_SOURCE,,giong,,,,,,,,,,,,,,,,,,,,,,,,,,,,,,,,,,,,,,,,,,,,,,,,,,,,3.3,140,ShapedCharge,,,,drone,,,,,,,,,,,Medium,,,,,,8,,,,,,,3,,,TRUE,,,Drone,,,,,,,,60,FPV drone (1.5 kg),,,,,,,1.5,,,18,,,TRUE,1.5,fpv_drone,drone_fpv_drone,,Assets/MachineBrigade/Resources/Data/balance.json: weapons[257],"{""id"":""swarm_drones"",""weaponFamilyId"":""drone_fpv_drone"",""weaponFamily"":""fpv_drone"",""load"":8,""real"":""FPV drone (1.5 kg)"",""family"":""drone"",""size"":1.5,""warheadKg"":1.5,""pen"":3,""topAttack"":true,""piercing"":true,""damageType"":""ShapedCharge"",""damage"":140,""cooldown"":3.3,""range"":60,""impactTier"":""Medium"",""projectile"":""Drone"",""swarm"":18,""bonuses"":[{""armor"":""Structure"",""mult"":1.5}]}"
tamir,Tamir interceptor (Iron Dome),sam_tamir_interceptor,,,aa_missile,,11,,,Fragmentation,2,Missile,1,RIPPLE,1,0.1,3.5,0,0.0,6,20,110,2.5,0.0,50,60,0.0,Air,,0.0,Medium,T2,,,thap,c_ram.dome,1,c_ram.dome:0,NEED_CODE_CHECK,NEED_CODE_CHECK,,CHUA_AP:prompt_xuat_luot5,60,30,missile,Iron Dome: launches 1-2 s apart (DECISIONS 19R),,giong,,,,,,,,,,,,,,,,,,,,,,,,,,,,,,,,,6,,,,,,,,,,,,,,,,,,,3.5,110,Fragmentation,,,,aa_missile,,0.6,,,,,,,,,Medium,,,,,,,,,,,,,2,,,,,,Missile,shorad_dart,0.9,50,,,,,60,Tamir interceptor (Iron Dome),20,,,,,,1,2.5,,,Air,,,11,,sam_tamir_interceptor,,Assets/MachineBrigade/Resources/Data/balance.json: weapons[128],"{""id"":""tamir"",""weaponFamilyId"":""sam_tamir_interceptor"",""real"":""Tamir interceptor (Iron Dome)"",""family"":""aa_missile"",""size"":1,""warheadKg"":11,""pen"":2,""projectileModel"":""shorad_dart"",""projectileScale"":0.9,""damageType"":""Fragmentation"",""damage"":110,""cooldown"":3.5,""range"":60,""projectileSpeed"":50,""splash"":2.5,""impactTier"":""Medium"",""projectile"":""Missile"",""targets"":""Air"",""flareResist"":0.6,""ammo"":6,""reload"":20}"
technical_rockets,Type 63 107 mm,rkt_107,,,rocket,107,,,,HighExplosive,2,Rocket,1,RIPPLE,5,0.5,5.6,0,0.0,6,18,49.5,3.5,0.0,38,48,12,Ground,,6,Medium,T2,,,xe,rocket_technical,1,rocket_technical:0,NEED_CODE_CHECK,NEED_CODE_CHECK,,CHUA_AP:prompt_xuat_luot5,100,,rocket,Wikipedia 'Type 63 MRL': 12 rockets in 7-9 s,,giong,,,,,,,,,,,,,,,,,,,,,,,,,,,,,,,,,6,,,,,,5,0.5,107,,,,,,,,,,,5.6,49.5,HighExplosive,,,,rocket,,,,,,,,,,,Medium,,,,,,,,,12,,,,2,,,,,,Rocket,rocket_107,,38,,,,,48,Type 63 107 mm,18,,,,,,107,3.5,6,,,,,,,rkt_107,,Assets/MachineBrigade/Resources/Data/balance.json: weapons[33],"{""id"":""technical_rockets"",""weaponFamilyId"":""rkt_107"",""bonuses"":[{""armor"":""Structure"",""mult"":0.6}],""real"":""Type 63 107 mm"",""family"":""rocket"",""size"":107,""caliberMm"":107,""pen"":2,""projectileModel"":""rocket_107"",""damageType"":""HighExplosive"",""damage"":49.5,""cooldown"":5.6,""range"":48,""minRange"":12,""projectileSpeed"":38,""splash"":3.5,""spread"":6,""impactTier"":""Medium"",""projectile"":""Rocket"",""burst"":5,""burstInterval"":0.5,""ammo"":6,""reload"":18}"
thermobaric_bomb,ODAB-500,bomb_odab_500,,odab_500,bomb,,500,,,HighExplosive,3,Bomb,1,RIPPLE,1,0.1,90,0,0.0,0,0.0,380,12,0.0,35,28,0.0,Ground,,0.0,Huge,T4,,,xe,glide_bomber,1,glide_bomber:3,NEED_CODE_CHECK,NEED_CODE_CHECK,,CHUA_AP:prompt_xuat_luot5,600,,bomb,"a stick's release, 0.1 s and up (est.)",,giong,,,,,,,,,,,,,,,,,,,,,,,,,,,,,,,,,,,,,,,,,,,,,,,,,,,,90,380,HighExplosive,,,,bomb,,,,,,,,,,,Huge,,,,,,,,,,,,,3,,,,,,Bomb,odab_500,,35,,,,,28,ODAB-500,,,1.23,,,,500,12,,,,TRUE,,500,odab_500,bomb_odab_500,,Assets/MachineBrigade/Resources/Data/balance.json: weapons[296],"{""id"":""thermobaric_bomb"",""weaponFamilyId"":""bomb_odab_500"",""real"":""ODAB-500"",""weaponFamily"":""odab_500"",""family"":""bomb"",""size"":500,""warheadKg"":500,""pen"":3,""damageType"":""HighExplosive"",""damage"":380,""cooldown"":90,""range"":28,""projectileSpeed"":35,""splash"":12,""impactTier"":""Huge"",""projectile"":""Bomb"",""projectileModel"":""odab_500"",""roundLength"":1.23,""thermobaric"":true}"
thermobaric_rockets,TOS-1A 220 mm thermobaric,rkt_tos_220,,tos_1a_220_mm_thermobaric,rocket,220,,,,HighExplosive,3,Rocket,1,RIPPLE,9,0.3,10.55,0,0.0,4,21.67,97,7,0.0,35,48,12,Ground,,6,Huge,T4,,,xe,thermobaric_launcher,1,thermobaric_launcher:0,NEED_CODE_CHECK,NEED_CODE_CHECK,,CHUA_AP:prompt_xuat_luot5,240,,rocket,Wikipedia 'TOS-1': 24 rockets in 6-12 s,,giong,,,,,,,,,,,,,,,,,,,,,,,,,,,,,,,,,4,,,,,,9,0.3,220,,,,,,,,,,,10.55,97,HighExplosive,,,,rocket,,,,,,,,,,,Huge,,,,,,,,,12,,,,3,,,,,,Rocket,,,,,,,,48,TOS-1A 220 mm thermobaric,21.67,,,,,,220,,6,,,TRUE,,,tos_1a_220_mm_thermobaric,rkt_tos_220,,Assets/MachineBrigade/Resources/Data/balance.json: weapons[44],"{""id"":""thermobaric_rockets"",""weaponFamilyId"":""rkt_tos_220"",""weaponFamily"":""tos_1a_220_mm_thermobaric"",""real"":""TOS-1A 220 mm thermobaric"",""family"":""rocket"",""size"":220,""caliberMm"":220,""pen"":3,""thermobaric"":true,""damageType"":""HighExplosive"",""damage"":97,""cooldown"":10.55,""range"":48,""minRange"":12,""spread"":6,""impactTier"":""Huge"",""projectile"":""Rocket"",""burst"":9,""burstInterval"":0.3,""ammo"":4,""reload"":21.67}"
tower_ac25,M242 Bushmaster 25 mm,cal_25,,m242_bushmaster_25_mm,autocannon,25,,,,Kinetic,2,Bullet,1,RIPPLE,1,0.1,0.125,10,1.425,0,0.0,17,0,0.0,210,30,0.0,Ground,,0.9,Small,T1,autocannon_25,tower_ac25_flak,thap,guard_tower.nest,1,guard_tower.nest:0,NEED_CODE_CHECK,NEED_CODE_CHECK,,CHUA_AP:prompt_xuat_luot5,500,200,ac,Wikipedia 'M242 Bushmaster': 200 or 500 rpm,,giong,,,,,,,,,,,,,,,,,,,,,,,,,,,,,,,,,,,,,,,1,0.1,25,,,10,1.425,,,,,,,0.125,,,,,,autocannon,,,,,,,,,,,,autocannon_25,,,,,,,,,,,,2,,,,,,,,,,,,,,,M242 Bushmaster 25 mm,,,,,,,25,,,,,,,,m242_bushmaster_25_mm,,,Assets/MachineBrigade/Resources/Data/balance.json: weapons[27],"{""id"":""tower_ac25"",""weaponFamily"":""m242_bushmaster_25_mm"",""burstInterval"":0.1,""burst"":1,""real"":""M242 Bushmaster 25 mm"",""family"":""autocannon"",""size"":25,""caliberMm"":25,""pen"":2,""inherits"":""autocannon_25"",""cooldown"":0.125,""clip"":10,""clipReload"":1.425}"
tower_ac25_flak,M242 Bushmaster 25 mm air-burst,cal_25,flak,m242_bushmaster_25_mm_air_burst,autocannon,25,,,,Fragmentation,1,Bullet,1,RIPPLE,1,0.1,0.125,10,1.425,0,0.0,17,2,0.0,210,30,0.0,Air,,0.9,Small,T1,tower_ac25,,,,0,,NEED_CODE_CHECK,NEED_CODE_CHECK,,CHUA_AP:prompt_xuat_luot5,500,200,ac,Wikipedia 'M242 Bushmaster': 200 or 500 rpm,,giong,,,,,,,,,,,,,,,,,,,,,,,,,,,,,,,,,,,,,,,,,,,,,,,,,,,,,17,Fragmentation,,,,,,,air,Airburst,,,,,,,,tower_ac25,,,,,,,,,,,,1,,,FALSE,,,,,,,,,,,,M242 Bushmaster 25 mm air-burst,,flak,,tower_ac25,,,,2,,,Air,,,,m242_bushmaster_25_mm_air_burst,,flak,Assets/MachineBrigade/Resources/Data/balance.json: secondRounds.rounds[58],"{""id"":""tower_ac25_flak"",""roundOf"":""tower_ac25"",""inherits"":""tower_ac25"",""weaponVariantId"":""flak"",""weaponFamily"":""m242_bushmaster_25_mm_air_burst"",""round"":""flak"",""for"":[""air""],""real"":""M242 Bushmaster 25 mm air-burst"",""damageType"":""Fragmentation"",""pen"":1,""damage"":17,""splash"":2,""form"":""Airburst"",""piercing"":false,""targets"":""Air""}"
tower_agl,Mk 19 40 mm,gl_40,,mk_19_40_mm,grenade,40,,,,HighExplosive,2,Bullet,1,RIPPLE,6,0.2,4.3,0,0.0,0,0.0,26,2,0.0,70,30,0.0,Ground,,2.2,Small,T1,agl_40,,,,0,,NEED_CODE_CHECK,NEED_CODE_CHECK,,CHUA_AP:prompt_xuat_luot5,375,60,ac,"US Army FM 3-22.27: 325-375 cyclic, 60 rapid",,giong,,,,,,,,,,,,,,,,,,,,,,,,,,,,,,,,,,,,,,,,,40,,,,,,,,,,,4.3,,,,,,grenade,,,,,,,,,,,,agl_40,,,,,,,,,,,,2,,,,,,,,,,,,,,,Mk 19 40 mm,,,,,,,40,,,,,,,,mk_19_40_mm,,,Assets/MachineBrigade/Resources/Data/balance.json: weapons[228],"{""id"":""tower_agl"",""weaponFamily"":""mk_19_40_mm"",""real"":""Mk 19 40 mm"",""family"":""grenade"",""size"":40,""caliberMm"":40,""pen"":2,""inherits"":""agl_40"",""cooldown"":4.3}"
tower_flak_30,2A38 30 mm (twin),cal_30,flak,2a38_30_mm,autocannon,30,,,,Fragmentation,2,Bullet,1,RIPPLE,1,0.1,0.0286,120,3.0286,0,0.0,7,2.5,0.0,280,42,0.0,All,,1.4,Small,T1,twin_30_flak,tower_flak_30_ap,thap,aa_turret,1,aa_turret:0,NEED_CODE_CHECK,NEED_CODE_CHECK,,CHUA_AP:prompt_xuat_luot5,2500,1000,aa,"Wikipedia '2A38': 4,060-5,000 rpm the twin mount",,giong,,,,,,,,,,,,,,,,,,,,,,,,,,,,,,,,,,,,,,,,,30,,,120,3.0286,,,,,,,0.0286,7,,,,,autocannon,,,,,,,,,,,,twin_30_flak,,,,,,,,,,,,2,,,,,,,,,,,,,,,2A38 30 mm (twin),,,,,,,30,,,,,,,,2a38_30_mm,,,Assets/MachineBrigade/Resources/Data/balance.json: weapons[46],"{""id"":""tower_flak_30"",""weaponFamily"":""2a38_30_mm"",""damage"":7,""real"":""2A38 30 mm (twin)"",""family"":""autocannon"",""size"":30,""caliberMm"":30,""pen"":2,""inherits"":""twin_30_flak"",""cooldown"":0.0286,""clip"":120,""clipReload"":3.0286,""bonuses"":[{""armor"":""Light"",""mult"":0.48},{""armor"":""Heavy"",""mult"":0.4}]}"
tower_flak_30_ap,2A38 30 mm AP (twin),cal_30,,2a38_30_mm_ap,autocannon,30,,,,Kinetic,2,Bullet,1,RIPPLE,1,0.1,0.0286,120,3.0286,0,0.0,7,0,0.0,280,42,0.0,Ground,,1.4,Small,T1,tower_flak_30,,,,0,,NEED_CODE_CHECK,NEED_CODE_CHECK,,CHUA_AP:prompt_xuat_luot5,2500,1000,aa,"Wikipedia '2A38': 4,060-5,000 rpm the twin mount",,giong,,,,,,,,,,,,,,,,,,,,,,,,,,,,,,,,,,,,,,,,,,,,,,,,,,,,,7,Kinetic,,,,,,,ground,BeltedAutocannon,,,,,,,,tower_flak_30,,,,,,,,,,,,2,,,TRUE,,,,,,,,,,,,2A38 30 mm AP (twin),,ap,,tower_flak_30,,,,0,,,Ground,,,,2a38_30_mm_ap,,,Assets/MachineBrigade/Resources/Data/balance.json: secondRounds.rounds[59],"{""id"":""tower_flak_30_ap"",""roundOf"":""tower_flak_30"",""inherits"":""tower_flak_30"",""weaponVariantId"":"""",""weaponFamily"":""2a38_30_mm_ap"",""round"":""ap"",""for"":[""ground""],""real"":""2A38 30 mm AP (twin)"",""damageType"":""Kinetic"",""pen"":2,""damage"":7,""splash"":0,""form"":""BeltedAutocannon"",""piercing"":true,""targets"":""Ground"",""bonuses"":[]}"
tower_hmg,M2 Browning 12.7 mm,cal_12_7,,m2_browning_12_7_mm,mg,12.7,,,,Kinetic,1,Bullet,1,RIPPLE,1,0.1,0.085,100,4.085,0,0.0,9.5,0,0.0,230,30,0.0,All,,1.3,Small,T0,hmg_roof,tower_hmg_api,thap,guard_tower;guard_tower.watch,2,guard_tower:0;guard_tower.watch:0,NEED_CODE_CHECK,NEED_CODE_CHECK,,CHUA_AP:prompt_xuat_luot5,600,40,mg,"US Army FM 3-22.65: cyclic 450-600, rapid 40 rpm",,giong,,,,,,,,,,,,,,,,,,,,,,,,,,,,,,,,,,,,,,,,,12.7,,,100,4.085,,,,,,,0.085,,,,,,mg,,,,,,,,,,,,hmg_roof,,,,,,,,,,,,1,,,,,,,,,,,,,,,M2 Browning 12.7 mm,,,,,,,12.7,,,,,,,,m2_browning_12_7_mm,,,Assets/MachineBrigade/Resources/Data/balance.json: weapons[7],"{""id"":""tower_hmg"",""weaponFamily"":""m2_browning_12_7_mm"",""real"":""M2 Browning 12.7 mm"",""family"":""mg"",""size"":12.7,""caliberMm"":12.7,""pen"":1,""inherits"":""hmg_roof"",""cooldown"":0.085,""clip"":100,""clipReload"":4.085}"
tower_hmg_api,M2 Browning 12.7 mm API,cal_12_7,,m2_browning_12_7_mm_api,mg,12.7,,,,Kinetic,2,Bullet,1,RIPPLE,1,0.1,0.085,100,4.085,0,0.0,9.5,0,0.0,230,30,0.0,All,,1.3,Small,T0,tower_hmg,,,,0,,NEED_CODE_CHECK,NEED_CODE_CHECK,,CHUA_AP:prompt_xuat_luot5,600,40,mg,"US Army FM 3-22.65: cyclic 450-600, rapid 40 rpm",,giong,,,,,,,,,,,,,,,,,,,,,,,,,,,,,,,,,,,,,,,,,,,,,,,,,,,,,9.5,Kinetic,,TRUE,,,,,any,BulletBig,,,,,,,,tower_hmg,,,,,,,,,,,,2,,,TRUE,,,,,,,,,,,,M2 Browning 12.7 mm API,,api,,tower_hmg,,,,,,,,,,,m2_browning_12_7_mm_api,,,Assets/MachineBrigade/Resources/Data/balance.json: secondRounds.rounds[60],"{""id"":""tower_hmg_api"",""roundOf"":""tower_hmg"",""inherits"":""tower_hmg"",""weaponFamily"":""m2_browning_12_7_mm_api"",""round"":""api"",""for"":[""any""],""elite"":true,""real"":""M2 Browning 12.7 mm API"",""damageType"":""Kinetic"",""pen"":2,""damage"":9.5,""form"":""BulletBig"",""piercing"":true}"
tower_kornet,9M133 Kornet,atgm_kornet,,9m133_kornet,atgm,,7,,,ShapedCharge,4,Missile,1,RIPPLE,2,0.6,4.95,0,0.0,0,0.0,230,0,0.0,22,50,0.0,Ground,,0.0,Medium,T2,kornet_twin,,thap,atgm_tower,1,atgm_tower:0,NEED_CODE_CHECK,NEED_CODE_CHECK,,CHUA_AP:prompt_xuat_luot5,3,3,atgm,Wikipedia '9M133 Kornet': 2-3 rpm,,giong,,,,,,,,,,,,,,,,,,,,,,,,,,,,,,,,,,,,,,,,,,,,,,,,,,,,4.95,,,,,,atgm,,,,,,,,,,,,kornet_twin,,,,,,,,,,,,4,,,,,,,,,,,,,,,9M133 Kornet,,,,,,,29,,,,,,,7,9m133_kornet,,,Assets/MachineBrigade/Resources/Data/balance.json: weapons[110],"{""id"":""tower_kornet"",""weaponFamily"":""9m133_kornet"",""real"":""9M133 Kornet"",""family"":""atgm"",""size"":29,""warheadKg"":7,""pen"":4,""inherits"":""kornet_twin"",""cooldown"":4.95,""bonuses"":[{""armor"":""Light"",""mult"":0.4}]}"
train_gun,B-38 152 mm,cal_152_155,ap,,tank_gun,152,,,,Kinetic,4,Shell,1,RIPPLE,1,0.1,8,0,0.0,0,0.0,600,2.5,0.0,170,42,0.0,Ground,,0.6,Large,T3,,train_gun_he,boss,armored_train,1,armored_train:0;armored_train:4,NEED_CODE_CHECK,NEED_CODE_CHECK,,CHUA_AP:prompt_xuat_luot5,7.5,5,gun,Wikipedia '15.2 cm/57 B-38': 5-7.5 rpm,real B-38 5-7.5 rpm (8 s at 7.5); wave 1's 5.11 s is too fast,doi,320,600,5.11,8,,,,,,,,,,,,,,,,,,,,,,,,,,,,,,,,,,,,,152,,,,,,,,,,,8,600,Kinetic,,,,tank_gun,,,,,,,,,,,Large,,,,,,,,,,,,,4,,,TRUE,,,,,,170,,,,,42,B-38 152 mm,,,,,,,152,2.5,0.6,,,,,,,cal_152_155,ap,Assets/MachineBrigade/Resources/Data/balance.json: weapons[226],"{""id"":""train_gun"",""weaponFamilyId"":""cal_152_155"",""weaponVariantId"":""ap"",""real"":""B-38 152 mm"",""family"":""tank_gun"",""size"":152,""caliberMm"":152,""pen"":4,""piercing"":true,""damageType"":""Kinetic"",""damage"":600,""cooldown"":8,""range"":42,""projectileSpeed"":170,""splash"":2.5,""spread"":0.6,""impactTier"":""Large""}"
train_gun_he,B-38 152 mm HE,cal_152_155,,,tank_gun,152,,,,HighExplosive,2,Shell,1,RIPPLE,1,0.1,8,0,0.0,0,0.0,600,7,14,170,42,0.0,Ground,,0.6,Huge,T3,train_gun,,,,0,,NEED_CODE_CHECK,NEED_CODE_CHECK,,CHUA_AP:prompt_xuat_luot5,7.5,5,gun,Wikipedia '15.2 cm/57 B-38': 5-7.5 rpm,,doi,320,600,5.11,8,,,3,7,0.0,14,,,,,,,,,,,,,,,,,,,,,,,,,,,,,,,,,,,,,,,,,,,600,HighExplosive,14,,,,,,light;structure,HeShell,,,,,,,Huge,train_gun,,,,,,,,,,,,2,,,FALSE,,,,,,,,,,,,B-38 152 mm HE,,he,,train_gun,,,,7,,,Ground,,,,,,,Assets/MachineBrigade/Resources/Data/balance.json: secondRounds.rounds[61],"{""id"":""train_gun_he"",""roundOf"":""train_gun"",""inherits"":""train_gun"",""weaponVariantId"":"""",""edge"":14,""weaponFamily"":"""",""round"":""he"",""for"":[""light"",""structure""],""real"":""B-38 152 mm HE"",""damageType"":""HighExplosive"",""pen"":2,""damage"":600,""splash"":7,""form"":""HeShell"",""piercing"":false,""targets"":""Ground"",""impactTier"":""Huge""}"
train_mortar,2B11 120 mm (twin),cal_120_he,mortar,2b11_120_mm,mortar,120,,,,HighExplosive,2,Shell,1,RIPPLE,2,0.8,7.5,0,0.0,0,0.0,150,5,0.0,32,60,10,Ground,,4,Large,T3,,,,,0,,NEED_CODE_CHECK,NEED_CODE_CHECK,,CHUA_AP:prompt_xuat_luot5,15,10,gun,Wikipedia '2B11': 15 rpm,,giong,,,,,,,,,,,,,,,,,,,,,,,,,,,,,,,,,,,,,,,2,0.8,120,,,,,,,,,,,7.5,150,HighExplosive,,,,mortar,,,,,,,,,,,Large,,,,,,,,,10,,,,2,,,,,,Shell,,,,,,,,60,2B11 120 mm (twin),,,,,,,120,,4,,,,,,2b11_120_mm,cal_120_he,mortar,Assets/MachineBrigade/Resources/Data/balance.json: weapons[254],"{""id"":""train_mortar"",""weaponFamilyId"":""cal_120_he"",""weaponVariantId"":""mortar"",""weaponFamily"":""2b11_120_mm"",""real"":""2B11 120 mm (twin)"",""family"":""mortar"",""size"":120,""caliberMm"":120,""pen"":2,""damageType"":""HighExplosive"",""damage"":150,""cooldown"":7.5,""range"":60,""minRange"":10,""spread"":4,""impactTier"":""Large"",""projectile"":""Shell"",""burst"":2,""burstInterval"":0.8}"
turret_gmlrs,M31 GMLRS 227 mm (tower),rkt_gmlrs_227,,m31_gmlrs_227_mm,rocket,227,,,,HighExplosive,3,Rocket,1,RIPPLE,2,0.5,7.5,0,0.0,0,0.0,160,4.5,0.0,50,90,20,Ground,,0.8,Large,T4,,,thap,rocket_turret.guided,1,rocket_turret.guided:0,NEED_CODE_CHECK,NEED_CODE_CHECK,,CHUA_AP:prompt_xuat_luot5,12,,rocket,Wikipedia 'M270 MLRS': 12 rockets in under a minute,,giong,,,,,,,,,,,,,,,,,,,,,,,,,,,,,,,,,,,,,,,2,0.5,227,,,,,,,,,,,7.5,160,HighExplosive,,,,rocket,,,,,,,,,,,Large,,,,,,,,,20,,,,3,,,,,,Rocket,,,,,,,,90,M31 GMLRS 227 mm (tower),,,,,,,227,,0.8,,,,,,m31_gmlrs_227_mm,rkt_gmlrs_227,,Assets/MachineBrigade/Resources/Data/balance.json: weapons[127],"{""id"":""turret_gmlrs"",""weaponFamilyId"":""rkt_gmlrs_227"",""weaponFamily"":""m31_gmlrs_227_mm"",""real"":""M31 GMLRS 227 mm (tower)"",""family"":""rocket"",""size"":227,""caliberMm"":227,""pen"":3,""damageType"":""HighExplosive"",""damage"":160,""cooldown"":7.5,""burst"":2,""burstInterval"":0.5,""range"":90,""minRange"":20,""spread"":0.8,""impactTier"":""Large"",""projectile"":""Rocket"",""bonuses"":[{""class"":""Artillery"",""mult"":1.5},{""armor"":""Structure"",""mult"":1.5}]}"
turret_gun_120,Rh-120 L/44 120 mm,cal_120_ap,,rh_120_l_44_120_mm,tank_gun,120,,,,Kinetic,4,Shell,1,RIPPLE,1,0.1,2.88,0,0.0,0,0.0,240,1.5,0.0,170,32,0.0,Ground,,0.6,Large,T3,,turret_gun_120_he,thap,gun_turret,1,gun_turret:0,NEED_CODE_CHECK,NEED_CODE_CHECK,,CHUA_AP:prompt_xuat_luot5,8,6,gun,the sheet's 'Ngoài đời': Rh-120 6-8 rpm with a loader (Wikipedia 'Rheinmetall 120 mm gun'),,giong,,,,,,,,,,,,,,,,,,,,,,,,,,,,,,,,,,,,,,,,,120,,,,,,,,,,,2.88,240,Kinetic,,,,tank_gun,,,,,,,,,,1.35,Large,,,,,,,,,,,,,4,,,TRUE,,,,,,,,,,,32,Rh-120 L/44 120 mm,,,,,,,120,,0.6,,,,,,rh_120_l_44_120_mm,cal_120_ap,,Assets/MachineBrigade/Resources/Data/balance.json: weapons[12],"{""id"":""turret_gun_120"",""weaponFamilyId"":""cal_120_ap"",""weaponFamily"":""rh_120_l_44_120_mm"",""bonuses"":[{""armor"":""Light"",""mult"":0.65}],""real"":""Rh-120 L/44 120 mm"",""family"":""tank_gun"",""size"":120,""caliberMm"":120,""pen"":4,""piercing"":true,""damageType"":""Kinetic"",""damage"":240,""cooldown"":2.88,""range"":32,""spread"":0.6,""impactTier"":""Large"",""impactScale"":1.35}"
turret_gun_120_auto,Rh-120 L/44 120 mm (autoloader),cal_120_ap,,rh_120_l_44_120_mm,tank_gun,120,,,,Kinetic,4,Shell,1,RIPPLE,1,0.1,2.53,0,0.0,0,0.0,240,1.5,0.0,170,32,0.0,Ground,,0.6,Large,T3,turret_gun_120,,,,0,,NEED_CODE_CHECK,NEED_CODE_CHECK,,CHUA_AP:prompt_xuat_luot5,8,6,gun,the sheet's 'Ngoài đời': Rh-120 6-8 rpm with a loader (Wikipedia 'Rheinmetall 120 mm gun'),,giong,,,,,,,,,,,,,,,,,,,,,,,,,,,,,,,,,,,,,,,,,120,,,,,,,,,,,2.53,,,,,,tank_gun,,,,,,,,,,,,turret_gun_120,,,,,,,,,,,,4,,,,,,,,,,,,,,,Rh-120 L/44 120 mm (autoloader),,,,,,,120,,,,,,,,rh_120_l_44_120_mm,,,Assets/MachineBrigade/Resources/Data/balance.json: weapons[120],"{""id"":""turret_gun_120_auto"",""weaponFamily"":""rh_120_l_44_120_mm"",""real"":""Rh-120 L/44 120 mm (autoloader)"",""family"":""tank_gun"",""size"":120,""caliberMm"":120,""pen"":4,""inherits"":""turret_gun_120"",""cooldown"":2.53}"
turret_gun_120_he,Rh-120 L/44 120 mm HE,cal_120_he,,rh_120_l_44_120_mm_he,tank_gun,120,,,,HighExplosive,2,Shell,1,RIPPLE,1,0.1,2.88,0,0.0,0,0.0,240,3,0.0,170,32,0.0,Ground,,0.6,Huge,T3,turret_gun_120,,,,0,,NEED_CODE_CHECK,NEED_CODE_CHECK,,CHUA_AP:prompt_xuat_luot5,8,6,gun,the sheet's 'Ngoài đời': Rh-120 6-8 rpm with a loader (Wikipedia 'Rheinmetall 120 mm gun'),,giong,,,,,,,,,,,,,,,,,,,,,,,,,,,,,,,,,,,,,,,,,,,,,,,,,,,,,240,HighExplosive,,,,,,,light;structure,HeShell,,,,,,,Huge,turret_gun_120,,,,,,,,,,,,2,,,FALSE,,,,,,,,,,,,Rh-120 L/44 120 mm HE,,he,,turret_gun_120,,,,3,,,Ground,,,,rh_120_l_44_120_mm_he,cal_120_he,,Assets/MachineBrigade/Resources/Data/balance.json: secondRounds.rounds[62],"{""id"":""turret_gun_120_he"",""roundOf"":""turret_gun_120"",""inherits"":""turret_gun_120"",""weaponFamilyId"":""cal_120_he"",""weaponFamily"":""rh_120_l_44_120_mm_he"",""round"":""he"",""for"":[""light"",""structure""],""real"":""Rh-120 L/44 120 mm HE"",""damageType"":""HighExplosive"",""pen"":2,""damage"":240,""splash"":3,""form"":""HeShell"",""piercing"":false,""targets"":""Ground"",""impactTier"":""Huge"",""bonuses"":[]}"
turret_gun_120_long,Rh-120 L/55 120 mm,cal_120_ap,,,tank_gun,120,,,,Kinetic,5,Shell,1,RIPPLE,1,0.1,3.9,0,0.0,0,0.0,240,1.5,0.0,170,48,0.0,Ground,,0.3,Large,T3,turret_gun_120,turret_gun_120_long_he,cong_trinh;thap,gun_turret.long;headquarters.fortress_ground,2,gun_turret.long:0;headquarters.fortress_ground:4,NEED_CODE_CHECK,NEED_CODE_CHECK,,CHUA_AP:prompt_xuat_luot5,8,6,gun,the sheet's 'Ngoài đời': Rh-120 6-8 rpm with a loader (Wikipedia 'Rheinmetall 120 mm gun'),,giong,,,,,,,,,,,,,,,,,,,,,,,,,,,,,,,,,,,,,,,,,120,,,,,,,,,,,3.9,,,,,,tank_gun,,,,,,,,,,,,turret_gun_120,,,,,,,,,,,,5,,,,,,,,,,,,,,48,Rh-120 L/55 120 mm,,,,,,,120,,0.3,,,,,,,,,Assets/MachineBrigade/Resources/Data/balance.json: weapons[119],"{""id"":""turret_gun_120_long"",""weaponFamily"":"""",""spread"":0.3,""real"":""Rh-120 L/55 120 mm"",""family"":""tank_gun"",""size"":120,""caliberMm"":120,""pen"":5,""inherits"":""turret_gun_120"",""range"":48,""cooldown"":3.9}"
turret_gun_120_long_he,Rh-120 L/55 120 mm HE,cal_120_he,,,tank_gun,120,,,,HighExplosive,2,Shell,1,RIPPLE,1,0.1,3.9,0,0.0,0,0.0,240,3,0.0,170,48,0.0,Ground,,0.3,Huge,T3,turret_gun_120_long,,,,0,,NEED_CODE_CHECK,NEED_CODE_CHECK,,CHUA_AP:prompt_xuat_luot5,8,6,gun,the sheet's 'Ngoài đời': Rh-120 6-8 rpm with a loader (Wikipedia 'Rheinmetall 120 mm gun'),,giong,,,,,,,,,,,,,,,,,,,,,,,,,,,,,,,,,,,,,,,,,,,,,,,,,,,,,240,HighExplosive,,,,,,,light;structure,HeShell,,,,,,,Huge,turret_gun_120_long,,,,,,,,,,,,2,,,FALSE,,,,,,,,,,,,Rh-120 L/55 120 mm HE,,he,,turret_gun_120_long,,,,3,,,Ground,,,,,cal_120_he,,Assets/MachineBrigade/Resources/Data/balance.json: secondRounds.rounds[63],"{""id"":""turret_gun_120_long_he"",""roundOf"":""turret_gun_120_long"",""inherits"":""turret_gun_120_long"",""weaponFamilyId"":""cal_120_he"",""weaponFamily"":"""",""round"":""he"",""for"":[""light"",""structure""],""real"":""Rh-120 L/55 120 mm HE"",""damageType"":""HighExplosive"",""pen"":2,""damage"":240,""splash"":3,""form"":""HeShell"",""piercing"":false,""targets"":""Ground"",""impactTier"":""Huge"",""bonuses"":[]}"
turret_rockets,BM-21 Grad 122 mm,rkt_grad_122,,bm_21_grad_122_mm,rocket,122,,,,HighExplosive,2,Rocket,1,RIPPLE,6,0.5,1.57,0,0.0,0,0.0,66,4.5,0.0,45,55,8,Ground,,4,Medium,T3,,,thap,rocket_turret,1,rocket_turret:0,NEED_CODE_CHECK,NEED_CODE_CHECK,,CHUA_AP:prompt_xuat_luot5,120,,rocket,Wikipedia 'BM-21 Grad': 40 rockets in 20 s,"player rule: BM-21's real 0.5 s between rockets (0.12 s was 4 x too fast), the 4.07 s cycle and the DPS kept",doi,,,3.47,1.57,,,,,,,,,,,0.12,0.5,,,,,,,,,,,,,,,,,,,,,,,6,0.5,122,,,,,,,,,,,1.57,66,HighExplosive,,,,rocket,,,,,,,,,,1.3,Medium,,,,,,,,,8,,,,2,,,,,,Rocket,,,,,,,,55,BM-21 Grad 122 mm,,,,,,,122,,4,,,,,,bm_21_grad_122_mm,rkt_grad_122,,Assets/MachineBrigade/Resources/Data/balance.json: weapons[138],"{""id"":""turret_rockets"",""weaponFamilyId"":""rkt_grad_122"",""weaponFamily"":""bm_21_grad_122_mm"",""bonuses"":[{""armor"":""Heavy"",""mult"":0.46}],""real"":""BM-21 Grad 122 mm"",""family"":""rocket"",""size"":122,""caliberMm"":122,""pen"":2,""damageType"":""HighExplosive"",""damage"":66,""cooldown"":1.57,""range"":55,""minRange"":8,""spread"":4,""impactTier"":""Medium"",""projectile"":""Rocket"",""burst"":6,""burstInterval"":0.5,""impactScale"":1.3}"
turret_rockets_cluster,BM-21 Grad 122 mm (cluster),rkt_grad_122,cluster,bm_21_grad_122_mm_2,rocket,122,,,,HighExplosive,2,Rocket,1,RIPPLE,6,0.5,1.42,0,0.0,0,0.0,57,4,0.0,45,55,8,Ground,,4,Medium,T3,turret_rockets,,thap,rocket_turret.cluster,1,rocket_turret.cluster:0,NEED_CODE_CHECK,NEED_CODE_CHECK,,CHUA_AP:prompt_xuat_luot5,120,,rocket,Wikipedia 'BM-21 Grad': 40 rockets in 20 s,"player rule: as turret_rockets, the 3.92 s cycle and the DPS kept",doi,,,3.32,1.42,,,,,,,,,,,0.12,0.5,,,,,,,,,,,,,,,,,,,,,,,,,122,,,,,3,14,,4,2,Small,1.42,57,,,,,rocket,,,,,,,,,,,,turret_rockets,,,,,,,,,,,,2,,,,,,,,,,,,,,,BM-21 Grad 122 mm (cluster),,,,,,,122,,,,,,,,bm_21_grad_122_mm_2,,cluster,Assets/MachineBrigade/Resources/Data/balance.json: weapons[125],"{""id"":""turret_rockets_cluster"",""weaponFamily"":""bm_21_grad_122_mm_2"",""damage"":57,""real"":""BM-21 Grad 122 mm (cluster)"",""family"":""rocket"",""size"":122,""caliberMm"":122,""pen"":2,""inherits"":""turret_rockets"",""weaponVariantId"":""cluster"",""cluster"":{""count"":3,""radius"":4,""damage"":14,""splash"":2,""tier"":""Small""},""cooldown"":1.42}"
turret_thermobaric,122 mm thermobaric,rkt_grad_122,thermobaric,,rocket,122,,,,HighExplosive,2,Rocket,1,RIPPLE,7,0.12,7.1,0,0.0,0,0.0,66,4,0.0,45,44,8,Ground,,4,Medium,T3,turret_rockets,,,,0,,NEED_CODE_CHECK,NEED_CODE_CHECK,,CHUA_AP:prompt_xuat_luot5,120,,rocket,Wikipedia 'BM-21 Grad': 40 rockets in 20 s,,giong,,,,,,,,,,,,,,,,,,,,,,,,,,,,,,,,,,,,,,,7,0.12,122,,,,,,,,,,,7.1,,,,,,rocket,,,,,,,,,,,,turret_rockets,,,,,,,,,,,,2,,,,,,,,,,,,,,44,122 mm thermobaric,,,,,,,122,4,,,,TRUE,,,,,thermobaric,Assets/MachineBrigade/Resources/Data/balance.json: weapons[126],"{""id"":""turret_thermobaric"",""weaponFamily"":"""",""real"":""122 mm thermobaric"",""family"":""rocket"",""size"":122,""caliberMm"":122,""pen"":2,""thermobaric"":true,""inherits"":""turret_rockets"",""weaponVariantId"":""thermobaric"",""burstInterval"":0.12,""splash"":4,""range"":44,""cooldown"":7.1,""burst"":7}"
twin_30_bmpt,2A42 30 mm (twin),cal_30,,2a42_30_mm,autocannon,30,,,,Kinetic,2,Bullet,1,RIPPLE,12,0.0833,1.5833,0,0.0,0,0.0,22,0,0.0,200,30,0.0,Ground,,0.9,Small,T1,,twin_30_bmpt_flak,xe,bmpt,1,bmpt:0,NEED_CODE_CHECK,NEED_CODE_CHECK,,CHUA_AP:prompt_xuat_luot5,800,300,ac,"Wikipedia '2A42': 550-800 high, 200-300 low rpm",,giong,,,,,,,,,,,,,,,,,,,,,,,,,,,,,,,,,,,,,,,12,0.0833,30,,,,,,,,,,,1.5833,22,Kinetic,,,,autocannon,,,,,,,,,,,Small,,,,,,,,,,,,,2,,,,,,Bullet,,,,,,,,30,2A42 30 mm (twin),,,,,,,30,,0.9,,Ground,,,,2a42_30_mm,cal_30,,Assets/MachineBrigade/Resources/Data/balance.json: weapons[83],"{""id"":""twin_30_bmpt"",""weaponFamilyId"":""cal_30"",""weaponFamily"":""2a42_30_mm"",""burstInterval"":0.0833,""burst"":12,""real"":""2A42 30 mm (twin)"",""family"":""autocannon"",""size"":30,""caliberMm"":30,""pen"":2,""damageType"":""Kinetic"",""damage"":22,""cooldown"":1.5833,""range"":30,""spread"":0.9,""impactTier"":""Small"",""projectile"":""Bullet"",""targets"":""Ground""}"
twin_30_bmpt_flak,2A42 30 mm air-burst (twin),cal_30,flak,2a42_30_mm_air_burst,autocannon,30,,,,Fragmentation,2,Bullet,1,RIPPLE,12,0.0833,1.5833,0,0.0,0,0.0,22,2.5,0.0,200,30,0.0,Air,,0.9,Small,T1,twin_30_bmpt,,,,0,,NEED_CODE_CHECK,NEED_CODE_CHECK,,CHUA_AP:prompt_xuat_luot5,800,300,ac,"Wikipedia '2A42': 550-800 high, 200-300 low rpm",,giong,,,,,,,,,,,,,,,,,,,,,,,,,,,,,,,,,,,,,,,,,,,,,,,,,,,,,22,Fragmentation,,,,,,,air,Airburst,,,,,,,,twin_30_bmpt,,,,,,,,,,,,2,,,FALSE,,,,,,,,,,,,2A42 30 mm air-burst (twin),,flak,,twin_30_bmpt,,,,2.5,,,Air,,,,2a42_30_mm_air_burst,,flak,Assets/MachineBrigade/Resources/Data/balance.json: secondRounds.rounds[64],"{""id"":""twin_30_bmpt_flak"",""roundOf"":""twin_30_bmpt"",""inherits"":""twin_30_bmpt"",""weaponVariantId"":""flak"",""weaponFamily"":""2a42_30_mm_air_burst"",""round"":""flak"",""for"":[""air""],""real"":""2A42 30 mm air-burst (twin)"",""damageType"":""Fragmentation"",""pen"":2,""damage"":22,""splash"":2.5,""form"":""Airburst"",""piercing"":false,""targets"":""Air""}"
twin_30_flak,2A38 30 mm (twin),cal_30,flak,2a38_30_mm,autocannon,30,,,,Fragmentation,2,Bullet,1,RIPPLE,1,0.1,0.025,160,3.025,0,0.0,7.5,2.5,0.0,280,42,0.0,All,,1.4,Small,T1,,twin_30_flak_ap,xe,heavy_aa,1,heavy_aa:0,NEED_CODE_CHECK,NEED_CODE_CHECK,,CHUA_AP:prompt_xuat_luot5,2500,1000,aa,"Wikipedia '2A38': 4,060-5,000 rpm the twin mount",,giong,,,,,,,,,,,,,,,,,,,,,,,,,,,,,,,,,,,,,,,,,30,,,160,3.025,,,,,,,0.025,7.5,Fragmentation,,,,autocannon,,,,,,,,,,,Small,,,,,,,,,,,,,2,,,,,,Bullet,,,,,,,,42,2A38 30 mm (twin),,,,,,,30,,1.4,,All,,,,2a38_30_mm,cal_30,flak,Assets/MachineBrigade/Resources/Data/balance.json: weapons[45],"{""id"":""twin_30_flak"",""weaponFamilyId"":""cal_30"",""weaponVariantId"":""flak"",""weaponFamily"":""2a38_30_mm"",""real"":""2A38 30 mm (twin)"",""family"":""autocannon"",""size"":30,""caliberMm"":30,""pen"":2,""damageType"":""Fragmentation"",""damage"":7.5,""cooldown"":0.025,""range"":42,""spread"":1.4,""impactTier"":""Small"",""projectile"":""Bullet"",""targets"":""All"",""clip"":160,""clipReload"":3.025,""bonuses"":[{""class"":""Plane"",""mult"":1.25}]}"
twin_30_flak_ap,2A38 30 mm AP (twin),cal_30,,2a38_30_mm_ap,autocannon,30,,,,Kinetic,2,Bullet,1,RIPPLE,1,0.1,0.025,160,3.025,0,0.0,7.5,0,0.0,280,42,0.0,Ground,,1.4,Small,T1,twin_30_flak,,,,0,,NEED_CODE_CHECK,NEED_CODE_CHECK,,CHUA_AP:prompt_xuat_luot5,2500,1000,aa,"Wikipedia '2A38': 4,060-5,000 rpm the twin mount",,giong,,,,,,,,,,,,,,,,,,,,,,,,,,,,,,,,,,,,,,,,,,,,,,,,,,,,,7.5,Kinetic,,,,,,,ground,BeltedAutocannon,,,,,,,,twin_30_flak,,,,,,,,,,,,2,,,TRUE,,,,,,,,,,,,2A38 30 mm AP (twin),,ap,,twin_30_flak,,,,0,,,Ground,,,,2a38_30_mm_ap,,,Assets/MachineBrigade/Resources/Data/balance.json: secondRounds.rounds[65],"{""id"":""twin_30_flak_ap"",""roundOf"":""twin_30_flak"",""inherits"":""twin_30_flak"",""weaponVariantId"":"""",""weaponFamily"":""2a38_30_mm_ap"",""round"":""ap"",""for"":[""ground""],""real"":""2A38 30 mm AP (twin)"",""damageType"":""Kinetic"",""pen"":2,""damage"":7.5,""splash"":0,""form"":""BeltedAutocannon"",""piercing"":true,""targets"":""Ground"",""bonuses"":[]}"
twin_35_ahead,Skyranger 35 mm AHEAD,cal_35,,,autocannon,35,,,,Fragmentation,2,Bullet,1,RIPPLE,1,0.1,0.2137,24,1.2137,0,0.0,26,4,0.0,300,46,0.0,All,,1.2,Small,T1,,twin_35_ahead_ap,xe,elite_aa,1,elite_aa:0,NEED_CODE_CHECK,NEED_CODE_CHECK,,CHUA_AP:prompt_xuat_luot5,1000,400,aa,"Rheinmetall Skyranger 30/35: 1,000 rpm, 20-24-round AHEAD bursts",,giong,,,,,,,,,,,,,,,,,,,,,,,,,,,,,,,,,,,,,,,,,35,,,24,1.2137,,,,,,,0.2137,26,Fragmentation,,,,autocannon,,,,,,,,,,,Small,,,,,,,,,,,,,2,,,,,,Bullet,,,300,,,,,46,Skyranger 35 mm AHEAD,,,,,,,35,4,1.2,,All,,,,,cal_35,,Assets/MachineBrigade/Resources/Data/balance.json: weapons[102],"{""id"":""twin_35_ahead"",""weaponFamilyId"":""cal_35"",""real"":""Skyranger 35 mm AHEAD"",""family"":""autocannon"",""size"":35,""caliberMm"":35,""pen"":2,""damageType"":""Fragmentation"",""damage"":26,""cooldown"":0.2137,""range"":46,""projectileSpeed"":300,""splash"":4,""spread"":1.2,""impactTier"":""Small"",""projectile"":""Bullet"",""targets"":""All"",""clip"":24,""clipReload"":1.2137,""bonuses"":[{""class"":""Plane"",""mult"":1.5}]}"
twin_35_ahead_ap,Skyranger 35 mm AHEAD AP,cal_35,ap,,autocannon,35,,,,Kinetic,2,Bullet,1,RIPPLE,1,0.1,0.2137,24,1.2137,0,0.0,26,0,0.0,300,46,0.0,Ground,,1.2,Small,T1,twin_35_ahead,,,,0,,NEED_CODE_CHECK,NEED_CODE_CHECK,,CHUA_AP:prompt_xuat_luot5,1000,400,aa,"Rheinmetall Skyranger 30/35: 1,000 rpm, 20-24-round AHEAD bursts",,giong,,,,,,,,,,,,,,,,,,,,,,,,,,,,,,,,,,,,,,,,,,,,,,,,,,,,,26,Kinetic,,,,,,,ground,BeltedAutocannon,,,,,,,,twin_35_ahead,,,,,,,,,,,,2,,,TRUE,,,,,,,,,,,,Skyranger 35 mm AHEAD AP,,ap,,twin_35_ahead,,,,0,,,Ground,,,,,,ap,Assets/MachineBrigade/Resources/Data/balance.json: secondRounds.rounds[66],"{""id"":""twin_35_ahead_ap"",""roundOf"":""twin_35_ahead"",""inherits"":""twin_35_ahead"",""weaponVariantId"":""ap"",""weaponFamily"":"""",""round"":""ap"",""for"":[""ground""],""real"":""Skyranger 35 mm AHEAD AP"",""damageType"":""Kinetic"",""pen"":2,""damage"":26,""splash"":0,""form"":""BeltedAutocannon"",""piercing"":true,""targets"":""Ground"",""bonuses"":[]}"
uav_loiter_missile,AGM-114 Hellfire (UAV),atgm_agm_114_hellfire,,,missile,,9,,,ShapedCharge,3,Missile,1,RIPPLE,1,0.1,7,0,0.0,0,0.0,260,2,0.0,26,40,0.0,Ground,,0.0,Medium,T2,,,xe,uav_loiter_strike,1,uav_loiter_strike:0,NEED_CODE_CHECK,NEED_CODE_CHECK,,CHUA_AP:prompt_xuat_luot5,60,10,atgm,"air-launched: ripples ~1 s apart, est. 6 s an aimed shot",,giong,,,,,,,,,,,,,,,,,,,,,,,,,,,,,,,,,,,,,TRUE,,,,,,,,,,,,,,,7,260,ShapedCharge,,,,missile,,,,,,,,,,,Medium,,,,,,,,,,,,,3,,,,,,Missile,hellfire_longbow,,26,,,,,40,AGM-114 Hellfire (UAV),,,,,,,45,2,,,,,TRUE,9,,atgm_agm_114_hellfire,,Assets/MachineBrigade/Resources/Data/balance.json: weapons[303],"{""id"":""uav_loiter_missile"",""weaponFamilyId"":""atgm_agm_114_hellfire"",""real"":""AGM-114 Hellfire (UAV)"",""family"":""missile"",""size"":45,""warheadKg"":9,""pen"":3,""topAttack"":true,""damageType"":""ShapedCharge"",""damage"":260,""cooldown"":7,""range"":40,""projectileSpeed"":26,""splash"":2,""impactTier"":""Medium"",""projectile"":""Missile"",""projectileModel"":""hellfire_longbow"",""bigGame"":true}"
vikhr,9K121 Vikhr,atgm_9k121_vikhr,,,atgm,,8,,,ShapedCharge,4,Missile,1,RIPPLE,2,0.45,7.1,0,0.0,0,0.0,250,0.0,0.0,24,55,0.0,Ground,,0.0,Medium,T2,,,,,0,,NEED_CODE_CHECK,NEED_CODE_CHECK,,CHUA_AP:prompt_xuat_luot5,4,3,atgm,Shturm / Ataka / Khrizantema launchers: est. 3-4 rpm a rail,,giong,,,,,,,,,,,,,,,,,,,,,,,,,,,,,,,,,,,,,,,2,0.45,,,,,,,,,,,,7.1,250,ShapedCharge,,,,atgm,,,,,,,,,,,Medium,,,,,,8,,,,,,,4,,,TRUE,,,Missile,atgm_ataka,0.72,24,,,,,55,9K121 Vikhr,,,,,,,45,,,,Ground,,,8,,atgm_9k121_vikhr,,Assets/MachineBrigade/Resources/Data/balance.json: weapons[86],"{""id"":""vikhr"",""weaponFamilyId"":""atgm_9k121_vikhr"",""load"":8,""real"":""9K121 Vikhr"",""family"":""atgm"",""size"":45,""warheadKg"":8,""pen"":4,""piercing"":true,""projectileModel"":""atgm_ataka"",""projectileScale"":0.72,""damageType"":""ShapedCharge"",""damage"":250,""cooldown"":7.1,""range"":55,""projectileSpeed"":24,""impactTier"":""Medium"",""projectile"":""Missile"",""targets"":""Ground"",""burst"":2,""burstInterval"":0.45}"
wvr_aam,AIM-9X Sidewinder,sam_aim_9x_sidewinder,,aim_9_sidewinder,aa_missile,,9.4,,,Fragmentation,2,Missile,1,RIPPLE,1,0.1,2.12,0,0.0,0,0.0,231,1.5,0.0,55,30,0.0,Air,high,0.0,Medium,T2,,,xe,fighter_jet,1,fighter_jet:1,NEED_CODE_CHECK,NEED_CODE_CHECK,,CHUA_AP:prompt_xuat_luot5,60,,missile,air-to-air: ~1 s between launches (est.),,giong,,,,,,,,,,,,,,,,,,,,,,,,,,,,,,,,,,,,,,,,,,high,,,,,,,,,,2.12,231,Fragmentation,,,,aa_missile,,,,,,,,,,,Medium,,,,,,2,,,,,,,2,,,,,,Missile,,0.8,,,,,,30,AIM-9X Sidewinder,,,,,,,9.4,,,,Air,,,9.4,aim_9_sidewinder,sam_aim_9x_sidewinder,,Assets/MachineBrigade/Resources/Data/balance.json: weapons[64],"{""id"":""wvr_aam"",""weaponFamilyId"":""sam_aim_9x_sidewinder"",""weaponFamily"":""aim_9_sidewinder"",""ceiling"":""high"",""load"":2,""real"":""AIM-9X Sidewinder"",""family"":""aa_missile"",""size"":9.4,""warheadKg"":9.4,""pen"":2,""projectileScale"":0.8,""damageType"":""Fragmentation"",""damage"":231,""cooldown"":2.12,""range"":30,""impactTier"":""Medium"",""projectile"":""Missile"",""targets"":""Air""}"
zu23,ZU-23-2 23 mm,cal_23,,,autocannon,23,,,,Fragmentation,1,Bullet,1,RIPPLE,1,0.1,0.04,50,3.04,0,0.0,7,0.0,0.0,240,38,0.0,All,,1.6,Small,T1,,zu23_ap,boss;boss_part;xe,caspian;zu23;zu23_technical,3,caspian:1;caspian:2;zu23:part;zu23_technical:0,NEED_CODE_CHECK,NEED_CODE_CHECK,,CHUA_AP:prompt_xuat_luot5,1000,400,aa,"Wikipedia 'ZU-23-2': 2 x 800-1,000 rpm",,giong,,,,,,,,,,,,,,,,,,,,,,,,,,,,,,,,,,,,,,,,,23,,,50,3.04,,,,,,,0.04,7,Fragmentation,,,,autocannon,,,,,,,,,,,Small,,,,,,,,,,,,,1,,,,,,Bullet,,,240,,,,,38,ZU-23-2 23 mm,,,,,,,23,,1.6,,All,,,,,cal_23,,Assets/MachineBrigade/Resources/Data/balance.json: weapons[78],"{""id"":""zu23"",""weaponFamilyId"":""cal_23"",""real"":""ZU-23-2 23 mm"",""family"":""autocannon"",""size"":23,""caliberMm"":23,""pen"":1,""damageType"":""Fragmentation"",""damage"":7,""cooldown"":0.04,""range"":38,""projectileSpeed"":240,""spread"":1.6,""impactTier"":""Small"",""projectile"":""Bullet"",""targets"":""All"",""clip"":50,""clipReload"":3.04}"
zu23_ap,ZU-23-2 23 mm AP,cal_23,,,autocannon,23,,,,Kinetic,2,Bullet,1,RIPPLE,1,0.1,0.04,50,3.04,0,0.0,7,0,0.0,240,38,0.0,Ground,,1.6,Small,T1,zu23,,,,0,,NEED_CODE_CHECK,NEED_CODE_CHECK,,CHUA_AP:prompt_xuat_luot5,1000,400,aa,"Wikipedia 'ZU-23-2': 2 x 800-1,000 rpm",,giong,,,,,,,,,,,,,,,,,,,,,,,,,,,,,,,,,,,,,,,,,,,,,,,,,,,,,7,Kinetic,,,,,,,ground,BeltedAutocannon,,,,,,,,zu23,,,,,,,,,,,,2,,,TRUE,,,,,,,,,,,,ZU-23-2 23 mm AP,,ap,,zu23,,,,0,,,Ground,,,,,,,Assets/MachineBrigade/Resources/Data/balance.json: secondRounds.rounds[67],"{""id"":""zu23_ap"",""roundOf"":""zu23"",""inherits"":""zu23"",""weaponFamily"":"""",""round"":""ap"",""for"":[""ground""],""real"":""ZU-23-2 23 mm AP"",""damageType"":""Kinetic"",""pen"":2,""damage"":7,""splash"":0,""form"":""BeltedAutocannon"",""piercing"":true,""targets"":""Ground""}"
