map,mode,seed,config,vehicle,def,team,start_tick,start_s,end_s,seconds,x,y,goal_x,goal_y,order,cause,area,lanes,outcome,rescues,rescue_kinds,detail,nearby
ashfield,Siege,1,full,483,siege_tank,0,2080,104.0,113.0,9.0,-4.0,29.5,1.1,57.3,Move,Unknown,fortress,,moved,0,,speed 0.5 strikes 0,sandbags@6
ashfield,Siege,1,full,496,scout_jeep,1,2280,114.0,123.0,9.0,71.9,119.9,68.0,81.7,AttackMove,YieldWait,fortress,,moved,0,,behind engineer_vehicle#517,gun_pit(fixed)@6.5 sapper(moving)@4.5 engineer_vehicle(moving)@4.4
ashfield,Siege,1,full,513,aa_vehicle,0,2810,140.5,153.5,13.0,53.6,38.3,95.0,52.0,AttackMove,YieldWait,fortress,,moved,0,,behind titan_tank#502,siege_tank(parked)@8.3 armored_bulldozer(moving)@4.6 titan_tank(moving)@5.3 base_wall@7 floodlight_mast@6
ashfield,Siege,1,full,493,armored_bulldozer,0,2920,146.0,154.5,8.5,52.0,44.3,128.0,54.0,Attack,BlockedByFriend,fortress,,moved,0,,siege_tank#485 moving,siege_tank(moving)@7.8 titan_tank(moving)@8.2 aa_vehicle(moving)@4.1 artillery(moving)@8.2 base_wall@10
ashfield,Siege,1,full,509,mine_layer,1,3850,192.5,202.0,9.5,86.0,123.5,118.6,115.1,AttackMove,BlockedByFriend,fortress,,gave up,0,,mine_layer#508 parked,heavy_turret(fixed)@6.8 command_vehicle(moving)@8.9 mine_layer(parked)@6.2 elite_heavy_tank(parked)@6.8
ashfield,Siege,1,full,500,command_vehicle,1,3860,193.0,203.5,10.5,94.8,122.0,103.0,123.0,Move,YieldWait,fortress,,gave up,0,,behind sapper#516,heavy_turret(fixed)@6.4 mine_layer(parked)@9.8 mine_layer(moving)@8.9 engineer_vehicle(moving)@9.0 sapper(moving)@5.7 engineer_vehicle(moving)@3.6
ashfield,Siege,1,full,535,siege_tank,0,4390,219.5,229.0,9.5,-76.1,-94.2,32.4,19.0,Move,BlockedByDefence,field,,moved,0,,guard_tower#478 parked,guard_tower(fixed)@5.8 titan_tank(moving)@6.9 aa_vehicle(moving)@6.5 aa_vehicle(moving)@2.9
ashfield,Siege,1,full,536,aa_vehicle,0,4400,220.0,228.5,8.5,-81.3,-92.4,85.5,74.6,AttackMove,BlockedByFriend,camp0,,moved,0,,titan_tank#527 moving,guard_tower(fixed)@9.6 titan_tank(moving)@3.5 titan_tank(moving)@6.9 siege_tank(moving)@5.7 aa_vehicle(moving)@5.2 aa_vehicle(moving)@8.4
ashfield,Siege,1,full,560,armored_bulldozer,0,7240,362.0,372.5,10.5,-85.2,-81.6,-93.0,-93.3,Move,BlockedByFriend,field,,moved,0,,heavy_tank#566 moving,armored_bulldozer(moving)@6.2 heavy_tank(moving)@5.6
ashfield,Siege,1,full,567,siege_tank,0,9360,468.0,477.0,9.0,-37.4,-52.4,-7.5,-14.5,Move,BlockedByFriend,field,route,moved,0,,aa_vehicle#582 moving,titan_tank(parked)@9.9 aa_vehicle(moving)@5.6 ifv(moving)@8.1
ashfield,Siege,1,full,590,heavy_tank,0,10360,518.0,527.0,9.0,-83.0,-84.8,-85.8,-91.7,Move,YieldWait,field,road,gave up,0,,behind heavy_tank#566,heavy_tank(moving)@6.3 armored_bulldozer(moving)@5.8
ashfield,Siege,1,full,568,siege_tank,0,11280,564.0,583.0,19.0,-20.9,-31.0,-13.1,-24.7,Move,YieldWait,field,,gave up,0,,behind siege_tank#573,siege_tank(moving)@5.3 artillery(moving)@4.0 siege_tank(moving)@8.5 ifv(moving)@8.6
ashfield,Siege,2,obstacles,495,scout_jeep,1,1430,71.5,93.0,21.5,114.9,145.0,109.2,125.7,Idle,NoPath,fortress,,moved,0,,goal (109.2;125.7) in open ground; other region (9 cells); fortress,dragons_teeth(fixed)@10.0 ew_jammer(moving)@2.9 scout_jeep(parked)@7.1 command_vehicle(moving)@8.6
ashfield,Siege,2,obstacles,523,rocket_technical,1,2210,110.5,120.0,9.5,103.2,144.0,117.7,144.0,Move,YieldWait,fortress+gate,narrow+nopark,moved,0,,behind command_vehicle#518,dragons_teeth(fixed)@4.5
ashfield,Siege,2,obstacles,573,counter_battery_radar,1,4200,210.0,219.0,9.0,103.7,103.9,87.0,111.0,Move,BlockedByFriend,fortress,,moved,0,,counter_battery_radar#576 moving,repair_bay(fixed)@10.0 counter_battery_radar(moving)@4.8 counter_battery_radar(moving)@6.9
ashfield,Siege,2,obstacles,524,main_battle_tank,0,4670,233.5,243.0,9.5,60.4,44.6,35.3,28.0,Move,BlockedByFriend,fortress,,moved,0,,aa_vehicle#545 moving,armored_car(moving)@9.1 aa_vehicle(moving)@3.6 aa_vehicle(moving)@3.8 scout_jeep(moving)@7.1 scout_jeep(moving)@6.9 scout_jeep(moving)@7.0 base_wall@5 floodlight_mast@8
ashfield,Siege,2,obstacles,569,scout_jeep,0,4710,235.5,244.0,8.0,52.1,43.0,88.8,72.2,AttackMove,BlockedByFriend,fortress,,died,0,,main_battle_tank#526 moving,light_tank(moving)@5.6 main_battle_tank(moving)@7.8 siege_tank(moving)@9.7 main_battle_tank(moving)@5.6 aa_vehicle(moving)@2.7 aa_vehicle(moving)@4.9 scout_jeep(moving)@4.4 scout_jeep(moving)@9.8 armored_car(moving)@7.9 base_wall@9 floodlight_mast@9
ashfield,Siege,2,obstacles,535,thermobaric_launcher,1,4810,240.5,258.0,17.5,87.9,103.6,105.0,107.5,Move,BlockedByFriend,fortress+gate,route+narrow+nopark,moved,0,,counter_battery_radar#573 moving,repair_bay(fixed)@6.5 counter_battery_radar(moving)@4.7 base_wall@4
ashfield,Siege,2,obstacles,573,counter_battery_radar,1,4830,241.5,254.5,13.0,90.3,107.5,80.6,113.9,Move,BlockedByFriend,fortress+gate,route+nopark,moved,0,,thermobaric_launcher#535 moving,repair_bay(fixed)@7.1 thermobaric_launcher(moving)@4.8 mobile_fortress(moving)@8.9 base_wall@8
ashfield,Siege,2,obstacles,578,counter_battery_radar,1,5010,250.5,265.0,14.5,80.0,100.8,74.1,112.2,Move,YieldWait,fortress,,moved,0,,behind mobile_fortress#567,thermobaric_launcher(moving)@6.9 base_wall@5
ashfield,Siege,2,obstacles,576,counter_battery_radar,1,5020,251.0,259.5,8.5,88.4,120.2,73.5,111.2,Move,BlockedByFriend,fortress,,moved,0,,mobile_fortress#567 parked,drone_hangar(fixed)@8.0 counter_battery_radar(moving)@9.0 counter_battery_radar(moving)@5.3
ashfield,Siege,2,obstacles,576,counter_battery_radar,1,5250,262.5,274.5,12.0,73.1,113.4,80.1,120.4,Move,BlockedByFriend,fortress,road,moved,0,,counter_battery_radar#573 moving,mobile_fortress(parked)@7.9 counter_battery_radar(moving)@4.7 counter_battery_radar(moving)@5.7
ashfield,Siege,2,obstacles,577,counter_battery_radar,1,5390,269.5,281.0,11.5,83.5,120.1,71.9,107.7,Move,YieldWait,fortress,,moved,0,,behind mobile_fortress#567,thermobaric_launcher(moving)@5.8 rocket_technical(moving)@5.3
dunebreak,Siege,1,obstacles,645,scout_jeep,1,1190,59.5,68.0,8.5,76.1,144.0,125.7,140.8,AttackMove,Unknown,fortress,,moved,0,,speed 5.3 strikes 1,command_vehicle(moving)@5.1
dunebreak,Siege,1,obstacles,660,railgun_truck,1,1580,79.0,90.0,11.0,14.5,92.0,1.8,32.5,AttackMove,BlockedByFriend,fortress,,moved,0,,heavy_rocket_artillery#657 parked,heavy_rocket_artillery(parked)@3.9
dunebreak,Siege,1,obstacles,669,armored_bulldozer,0,2380,119.0,128.0,9.0,-98.9,-89.4,73.0,-7.0,AttackMove,BlockedByFriend,camp0,,moved,0,,heavy_tank#652 moving,c_ram(fixed)@6.8 titan_tank(moving)@5.3 heavy_tank(moving)@6.0 aa_vehicle(moving)@9.7
dunebreak,Siege,1,obstacles,652,heavy_tank,0,2770,138.5,148.0,9.5,-98.9,-88.6,-1.0,28.5,AttackMove,BlockedByFriend,camp0,,moved,0,,ifv#673 moving,c_ram(fixed)@6.2 ifv(moving)@9.8 ifv(moving)@5.0
dunebreak,Siege,1,obstacles,709,elite_heavy_tank,1,6080,304.0,324.5,20.5,106.0,84.5,125.0,115.0,AttackMove,BlockedByFriend,fortress+gate,narrow+nopark,gave up,0,,twin_tank#716 moving,ammo_depot(fixed)@8.5 twin_tank(moving)@4.2 fortress_gate@7
dunebreak,Siege,1,obstacles,716,twin_tank,1,6180,309.0,323.0,14.0,102.1,88.0,125.0,115.0,AttackMove,YieldWait,fortress+gate,nopark,moved,0,,behind elite_heavy_tank#709,ammo_depot(fixed)@4.6 elite_heavy_tank(moving)@6.2 counter_battery_radar(moving)@9.4
dunebreak,Siege,1,obstacles,739,armored_bulldozer,0,9000,450.0,459.0,9.0,-82.0,-92.0,125.0,115.0,AttackMove,YieldWait,camp0,,moved,0,,behind artillery#750,heavy_tank(moving)@6.9 armored_bulldozer(moving)@4.7 adobe_house@10
dunebreak,Siege,1,obstacles,753,heavy_tank,0,10150,507.5,516.0,8.5,-84.6,-86.5,-84.6,-93.8,Move,BlockedByFriend,camp0,road+route,gave up,0,,armored_bulldozer#756 moving,armored_bulldozer(moving)@8.0 armored_bulldozer(moving)@4.3 aa_vehicle(parked)@4.5
dunebreak,Siege,1,obstacles,772,artillery,0,12130,606.5,615.5,9.0,-21.6,-17.9,-42.0,-28.9,Move,GateWait,field,,moved,0,,doorway 0,armored_bulldozer(moving)@7.2 main_battle_tank(parked)@9.0 storage_tank@9
dunebreak,Siege,1,obstacles,716,twin_tank,1,13610,680.5,689.0,8.5,94.5,92.8,125.0,115.0,AttackMove,BlockedByFriend,fortress,route,moved,0,,command_vehicle#773 moving,repair_bay(fixed)@8.7 command_vehicle(moving)@5.9 rocket_technical(parked)@3.9 rocket_technical(moving)@7.7
dunebreak,Siege,1,obstacles,809,armored_bulldozer,0,15850,792.5,802.0,9.5,-82.0,-90.6,125.0,115.0,AttackMove,YieldWait,camp0,,moved,0,,behind armored_bulldozer#808,main_battle_tank(moving)@8.9 armored_bulldozer(moving)@9.5 armored_bulldozer(moving)@7.6 armored_bulldozer(moving)@4.3 adobe_house@10
frostpeak,Siege,1,light,575,armored_bulldozer,0,1390,69.5,79.0,9.5,-97.9,-93.2,-9.8,67.7,AttackMove,BlockedByFriend,camp0,route,moved,0,,titan_tank#580 moving,titan_tank(moving)@5.7 armored_bulldozer(parked)@6.3 titan_tank(moving)@5.5 armored_bulldozer(parked)@7.0
frostpeak,Siege,1,light,573,siege_tank,0,3910,195.5,204.0,8.5,77.3,80.4,77.5,68.8,Move,Unknown,fortress,,moved,0,,speed 2.1 strikes 0,siege_tank(moving)@7.3 base_wall@10 floodlight_mast@7
frostpeak,Siege,1,light,589,siege_tank,0,4180,209.0,219.5,10.5,79.2,78.5,91.9,86.8,Move,BlockedByFriend,fortress,,moved,0,,siege_tank#573 moving,siege_tank(moving)@6.0 floodlight_mast@6
frostpeak,Siege,1,light,573,siege_tank,0,4190,209.5,218.0,8.5,79.4,84.3,77.5,68.8,Move,BlockedByFriend,fortress,,moved,0,,siege_tank#589 moving,siege_tank(moving)@5.8 base_wall@9 base_wall@5 floodlight_mast@4
frostpeak,Siege,2,full,630,light_tank,0,2080,104.0,113.0,9.0,10.0,-8.2,27.0,22.9,AttackMove,Unknown,field,,moved,0,,speed 3.3 strikes 0,aa_vehicle(moving)@7.1 tank_trap@6 tank_trap@8 tank_trap@5
frostpeak,Siege,2,full,638,aa_vehicle,0,2080,104.0,113.0,9.0,13.5,-2.0,81.0,-11.5,Attack,Unknown,field,,gave up,0,,speed 0.0 strikes 0,siege_tank(parked)@3.4 light_tank(moving)@7.1 tank_trap@5 tank_trap@9 tank_trap@2
frostpeak,Siege,2,full,662,counter_battery_radar,1,4360,218.0,226.5,8.5,105.9,110.0,113.0,119.0,Move,YieldWait,fortress,route,moved,0,,behind mobile_fortress#680,engineer_vehicle(parked)@2.4 command_vehicle(parked)@7.6 thermobaric_launcher(moving)@5.4 mobile_fortress(parked)@8.2 counter_battery_radar(moving)@4.4
frostpeak,Siege,2,full,662,counter_battery_radar,1,5080,254.0,263.5,9.5,94.7,104.9,105.0,110.1,Move,BlockedByFriend,fortress,,moved,0,,engineer_vehicle#620 moving,engineer_vehicle(moving)@6.7 command_vehicle(moving)@8.2 rocket_technical(moving)@5.0 shahed_truck(moving)@9.2 counter_battery_radar(moving)@3.9 wheeled_gun(moving)@8.2
frostpeak,Siege,2,full,740,siege_tank,0,8600,430.0,438.5,8.5,-6.6,-11.6,-35.3,-40.2,Move,BlockedByFriend,field,route,moved,0,,siege_tank#739 moving,siege_tank(moving)@6.6 scout_jeep(moving)@7.0 ifv(moving)@5.7 ifv(moving)@7.8 aa_vehicle(moving)@9.1
ironport,Siege,1,full,522,armored_bulldozer,0,3340,167.0,178.0,11.0,31.3,62.0,4.6,36.5,Move,BlockedByFriend,fortress,,moved,0,,armored_bulldozer#528 moving,armored_bulldozer(moving)@4.5 artillery(moving)@7.3 siege_tank(moving)@7.2 artillery(moving)@5.0
ironport,Siege,1,full,540,siege_tank,0,3480,174.0,182.5,8.5,26.5,57.8,35.9,80.1,Move,StalePath,fortress,,moved,0,,leg 3/3 to (35.9;80.1) crosses fortress_gate (corner),armored_bulldozer(moving)@8.7 heavy_tank(moving)@9.7 artillery(moving)@3.6 artillery(moving)@5.1 armored_bulldozer(moving)@5.1
ironport,Siege,1,full,533,heavy_tank,0,3720,186.0,195.0,9.0,34.9,67.6,32.4,80.3,AttackMove,BlockedByFriend,fortress+gate,nopark,moved,0,,siege_tank#545 moving,artillery(moving)@7.8 main_battle_tank(moving)@7.9 siege_tank(moving)@5.0 fortress_gate@6
ironport,Siege,1,full,541,main_battle_tank,0,4490,224.5,234.5,10.0,101.2,79.6,117.0,115.0,Attack,YieldWait,fortress,,moved,0,,waiting on a yield,siege_tank(parked)@6.7 titan_tank(moving)@5.3 base_wall@6 base_wall@5
ironport,Siege,1,full,602,armored_car,1,7120,356.0,367.0,11.0,119.0,116.0,125.0,115.0,AttackMove,YieldWait,fortress,,moved,0,,behind elite_heavy_tank#579,elite_heavy_tank(parked)@6.8 elite_heavy_tank(parked)@5.3 light_tank(parked)@4.1
ironport,Siege,2,obstacles,542,scout_jeep,1,590,29.5,47.5,18.0,22.0,98.0,109.2,125.7,Idle,NoPath,fortress,route,moved,0,,goal (109.2;125.7) in open ground; other region (9 cells); fortress,
ironport,Siege,2,obstacles,532,vbied,1,1560,78.0,90.5,12.5,121.3,111.8,109.2,125.7,Idle,NoPath,fortress,,gave up,0,,goal (109.2;125.7) in open ground; other region (9 cells); fortress,scout_jeep(parked)@6.4
ironport,Siege,2,obstacles,554,light_tank,0,2140,107.0,117.5,10.5,36.0,51.0,48.5,61.5,Attack,YieldWait,fortress,,moved,0,,behind main_battle_tank#538,main_battle_tank(moving)@8.3 armored_car(moving)@6.8 main_battle_tank(moving)@4.3 base_wall@4 floodlight_mast@9
ironport,Siege,2,obstacles,538,main_battle_tank,0,2250,112.5,122.0,9.5,36.0,47.5,48.5,61.5,Attack,OffRoute,fortress+gate,nopark,gave up,0,,to (37.0;45.0) past base_wall,main_battle_tank(moving)@7.4 armored_car(moving)@3.4 aa_vehicle(moving)@3.9 ifv(moving)@7.3 ifv(moving)@8.9 light_tank(moving)@4.0 base_wall@6 floodlight_mast@9
ironport,Siege,2,obstacles,562,sapper,1,2720,136.0,145.5,9.5,120.0,148.8,125.0,115.0,AttackMove,OffRoute,fortress,,moved,0,,to (77.0;137.0) past dragons_teeth(defence),ew_jammer(moving)@5.2 rocket_technical(parked)@8.4
ironport,Siege,2,obstacles,561,flame_tank,1,3710,185.5,198.0,12.5,98.1,117.3,125.0,115.0,AttackMove,BlockedByFriend,fortress,,moved,0,,counter_battery_radar#595 moving,ew_jammer(parked)@7.4 command_vehicle(moving)@9.1 rocket_technical(parked)@4.1 counter_battery_radar(moving)@4.1
ironport,Siege,2,obstacles,588,mobile_fortress,1,3870,193.5,204.0,10.5,105.5,109.4,59.4,69.3,AttackMove,BlockedByDefence,fortress,route,gave up,0,,radar_station#490 parked,command_vehicle(moving)@8.0 counter_battery_radar(moving)@8.5
ironport,Siege,2,obstacles,562,sapper,1,3920,196.0,206.0,10.0,90.6,108.5,125.0,115.0,AttackMove,BlockedByFriend,fortress,route,moved,0,,ew_jammer#541 moving,repair_bay(fixed)@7.8 ew_jammer(moving)@4.4 command_vehicle(moving)@9.2 flame_tank(moving)@5.5 rocket_technical(moving)@5.0 thermobaric_launcher(moving)@9.5 counter_battery_radar(moving)@4.8 counter_battery_radar(moving)@7.1
ironport,Siege,2,obstacles,541,ew_jammer,1,4420,221.0,233.0,12.0,106.0,121.4,116.5,102.8,Move,BlockedByFriend,fortress,,moved,0,,command_vehicle#550 moving,gun_pit(fixed)@7.7 radar_station(fixed)@5.2 command_vehicle(moving)@4.4 rocket_technical(moving)@5.0
ironport,Siege,2,obstacles,569,rocket_technical,1,5050,252.5,261.5,9.0,94.0,108.1,100.3,98.7,Move,BlockedByFriend,fortress,route,moved,0,,ew_jammer#541 moving,repair_bay(fixed)@6.6 ew_jammer(moving)@3.3 flame_tank(moving)@6.8 rocket_technical(moving)@3.0 thermobaric_launcher(moving)@8.3 counter_battery_radar(moving)@8.1 wheeled_gun(moving)@7.4
ironport,Siege,2,obstacles,584,thermobaric_launcher,1,5760,288.0,298.0,10.0,108.4,103.6,105.4,82.5,Move,YieldWait,fortress,,moved,0,,behind counter_battery_radar#595,ew_jammer(moving)@9.5 rocket_technical(moving)@7.5 rocket_technical(moving)@5.6 counter_battery_radar(moving)@6.4 counter_battery_radar(moving)@6.9
ironport,Siege,2,obstacles,569,rocket_technical,1,5870,293.5,304.5,11.0,105.4,98.2,103.5,82.3,Move,OffRoute,fortress,,moved,0,,to (109.0;97.0) past ammo_depot(defence),ammo_depot(fixed)@6.2 flame_tank(moving)@9.5 rocket_technical(moving)@2.7 counter_battery_radar(moving)@4.4
ironport,Siege,2,obstacles,561,flame_tank,1,5940,297.0,311.0,14.0,108.1,89.7,82.2,77.4,AttackMove,BlockedByFriend,fortress,,moved,0,,elite_heavy_tank#631 moving,ammo_depot(fixed)@5.8 rocket_technical(moving)@8.0 thermobaric_launcher(moving)@9.3 mobile_fortress(parked)@8.8 counter_battery_radar(moving)@4.7 elite_heavy_tank(moving)@7.1
ironport,Siege,2,obstacles,568,rocket_technical,1,6050,302.5,311.5,9.0,108.2,96.9,105.4,82.5,Move,BlockedByFriend,fortress,,moved,0,,rocket_technical#569 moving,ammo_depot(fixed)@6.8 flame_tank(moving)@8.3 rocket_technical(moving)@4.0 thermobaric_launcher(moving)@7.1 counter_battery_radar(moving)@5.6
ironport,Siege,2,obstacles,561,flame_tank,1,6340,317.0,326.5,9.5,104.6,86.4,82.2,77.4,AttackMove,YieldWait,fortress,,moved,0,,waiting on a yield,ammo_depot(fixed)@6.3 command_vehicle(moving)@3.2 rocket_technical(moving)@6.3 rocket_technical(moving)@4.4 elite_heavy_tank(moving)@5.6
ironport,Siege,2,obstacles,595,counter_battery_radar,1,6370,318.5,327.0,8.5,121.4,88.7,109.0,95.0,Move,BlockedByFriend,fortress,,moved,0,,counter_battery_radar#628 moving,counter_battery_radar(moving)@7.7
ironport,Siege,2,obstacles,631,elite_heavy_tank,1,10220,511.0,528.0,17.0,116.3,139.4,105.5,89.7,AttackMove,NoPath,fortress,,moved,0,,goal (110.4;125.7) in open ground; other region (9 cells); fortress,scout_jeep(moving)@9.2 base_wall@7 base_wall@7
redrock,Siege,1,obstacles,708,siege_tank,0,4280,214.0,226.0,12.0,44.0,54.5,35.3,66.7,Move,OffRoute,fortress,route,moved,0,,to (38.6;52.4) past base_wall,siege_tank(parked)@4.2 siege_tank(parked)@7.6 base_wall@7
redrock,Siege,1,obstacles,708,siege_tank,0,4610,230.5,239.0,8.5,45.8,54.5,35.3,66.7,Move,BlockedByFriend,fortress,,moved,0,,heavy_tank#731 moving,heavy_tank(moving)@5.0 armored_bulldozer(moving)@9.2 base_wall@8
redrock,Siege,1,obstacles,748,tank_destroyer,1,4700,235.0,258.0,23.0,140.2,124.8,110.4,125.7,Idle,NoPath,fortress,,moved,0,,goal (110.4;125.7) in open ground; other region (9 cells); fortress,base_wall@8 base_wall@9
redrock,Siege,1,obstacles,719,heavy_tank,0,5900,295.0,305.0,10.0,-84.6,-82.9,-93.2,-93.2,Move,BlockedByFriend,field,route,moved,0,,armored_bulldozer#790 moving,titan_tank(parked)@7.1 armored_bulldozer(moving)@5.8
redrock,Siege,1,obstacles,790,armored_bulldozer,0,5900,295.0,306.0,11.0,-81.5,-87.8,-93.1,-93.2,Move,BlockedByFriend,camp0,,gave up,0,,heavy_tank#719 moving,gun_pit(fixed)@9.1 heavy_tank(moving)@5.8 titan_tank(parked)@6.2
redrock,Siege,1,obstacles,719,heavy_tank,0,6100,305.0,314.5,9.5,-84.9,-83.7,-93.2,-93.2,Move,BlockedByFriend,camp0,route,moved,0,,armored_bulldozer#790 moving,titan_tank(moving)@10.0 armored_bulldozer(moving)@5.5 armored_bulldozer(moving)@4.4 heavy_tank(moving)@9.9
redrock,Siege,1,obstacles,802,armored_bulldozer,0,8060,403.0,417.0,14.0,-81.2,-94.8,85.8,74.4,AttackMove,YieldWait,camp0,,moved,0,,waiting on a yield,gun_pit(fixed)@7.5 armored_bulldozer(moving)@5.9 aa_vehicle(moving)@7.0 siege_tank(moving)@5.8
redrock,Siege,1,obstacles,814,artillery,0,8640,432.0,441.5,9.5,-79.6,-96.3,-11.1,-18.1,Move,BlockedByDefence,camp0,,gave up,0,,gun_pit#693 parked,gun_pit(fixed)@6.5 armored_bulldozer(moving)@8.1
redrock,Siege,1,obstacles,824,counter_battery_radar,1,10970,548.5,559.0,10.5,60.5,91.8,49.2,80.8,Move,YieldWait,fortress,,moved,0,,behind command_vehicle#799,mobile_fortress(parked)@8.5 command_vehicle(moving)@3.7 counter_battery_radar(moving)@8.6
redrock,Siege,1,obstacles,826,counter_battery_radar,1,11080,554.0,565.0,11.0,52.8,93.7,54.0,82.4,Move,BlockedByFriend,fortress,,gave up,0,,counter_battery_radar#824 moving,command_vehicle(moving)@6.1 counter_battery_radar(moving)@6.2
redrock,Siege,1,obstacles,848,wheeled_gun,1,12770,638.5,664.0,25.5,121.3,114.3,110.8,125.7,Idle,NoPath,fortress,,moved,0,,goal (110.8;125.7) in open ground; other region (9 cells); fortress,command_vehicle(parked)@8.5
redrock,Siege,1,obstacles,835,titan_tank,0,14300,715.0,726.0,11.0,105.1,85.5,125.0,125.0,Attack,Unknown,fortress+gate,narrow+nopark,moved,0,,speed 0.7 strikes 0,
whiteout,Siege,1,light,709,siege_tank,0,1980,99.0,109.0,10.0,1.3,54.0,53.8,58.1,Move,OffRoute,fortress,,moved,0,,to (-0.8;59.0) past snow_rock,siege_tank(moving)@5.0 armored_bulldozer(moving)@5.4 titan_tank(moving)@6.5 snow_rock@6
whiteout,Siege,1,light,707,siege_tank,0,2770,138.5,148.0,9.5,-0.1,73.6,59.7,67.1,Move,BlockedByFriend,fortress+gate,road+route+nopark,moved,0,,titan_tank#726 moving,titan_tank(moving)@7.3 main_battle_tank(moving)@6.5 aa_vehicle(moving)@9.3 ifv(moving)@6.8 snow_rock@5
whiteout,Siege,1,light,755,command_vehicle,1,3250,162.5,172.0,9.5,99.8,115.8,98.0,104.3,Move,YieldWait,fortress,,moved,0,,behind mobile_fortress#750,
whiteout,Siege,2,full,754,main_battle_tank,0,1680,84.0,94.0,10.0,46.0,-5.1,61.0,-7.0,Attack,OffRoute,fortress,,gave up,0,,to (49.0;-13.0) past command_tent,main_battle_tank(parked)@3.0 light_tank(moving)@7.5 light_tank(parked)@6.1 command_tent@5
whiteout,Siege,2,full,775,main_battle_tank,0,2700,135.0,144.5,9.5,43.0,27.8,17.4,109.7,AttackMove,Unknown,fortress,,moved,0,,speed 0.9 strikes 0,siege_tank(moving)@9.0 wreck_tank@7
whiteout,Siege,2,full,795,armored_car,0,3170,158.5,209.5,51.0,-36.0,-28.5,-10.9,-62.7,Idle,NoPath,field,route,moved,0,,goal (-10.9;-62.7) in open ground; other region (3 cells); field,
whiteout,Siege,2,full,860,armored_car,0,6600,330.0,343.0,13.0,8.0,18.6,75.9,83.9,AttackMove,YieldWait,fortress,,moved,0,,behind main_battle_tank#775,main_battle_tank(parked)@2.8 siege_tank(moving)@6.7 sandbags@3
whiteout,Siege,2,full,903,mlrs,0,9410,470.5,479.0,8.5,10.6,-8.3,52.6,44.2,Move,BlockedByFriend,field,,moved,0,,armored_car#908 moving,siege_tank(moving)@3.2 siege_tank(parked)@9.6 armored_car(moving)@5.7 light_tank(moving)@4.0 tank_trap@6 tank_trap@9 tank_trap@6
whiteout,Siege,2,full,910,light_tank,0,9650,482.5,491.0,8.5,12.8,-10.9,83.6,70.2,AttackMove,Unknown,field,,moved,0,,speed 4.0 strikes 0,siege_tank(moving)@4.9 armored_car(moving)@6.0 aa_vehicle(moving)@3.5 tank_trap@6 tank_trap@7 tank_trap@8
whiteout,Siege,2,full,900,main_battle_tank,0,10060,503.0,511.5,8.0,8.9,-1.3,-14.3,-17.2,Move,Unknown,field,,died,0,,speed 2.2 strikes 0,light_tank(moving)@7.5 tank_trap@9 tank_trap@6
whiteout,Siege,2,full,942,heavy_tank,1,11660,583.0,600.5,17.5,87.1,145.5,115.4,143.7,AttackMove,BlockedByFriend,fortress,,moved,0,,vbied#952 moving,engineer_vehicle(moving)@10.0 elite_heavy_tank(moving)@9.8 command_vehicle(parked)@7.0 vbied(moving)@8.5 vbied(moving)@7.4 vbied(moving)@3.2 counter_battery_radar(moving)@7.8
whiteout,Siege,2,full,867,rocket_technical,1,11690,584.5,599.5,15.0,89.4,134.3,85.7,144.0,Move,BlockedByFriend,fortress,,moved,0,,vbied#954 moving,drone_hangar(fixed)@7.1 engineer_vehicle(moving)@10.0 elite_heavy_tank(moving)@8.3 elite_heavy_tank(moving)@3.3 rocket_technical(moving)@4.5 rocket_technical(moving)@9.5 heavy_tank(moving)@9.8 vbied(moving)@6.2 vbied(moving)@6.8 vbied(moving)@2.5 counter_battery_radar(moving)@5.6
whiteout,Siege,2,full,840,elite_heavy_tank,1,11790,589.5,598.5,9.0,90.2,138.2,106.3,115.4,AttackMove,BlockedByFriend,fortress,,moved,0,,rocket_technical#937 moving,elite_heavy_tank(moving)@9.0 rocket_technical(moving)@5.1 command_vehicle(moving)@5.8 rocket_technical(moving)@6.4 rocket_technical(moving)@3.8 heavy_tank(moving)@6.6 vbied(moving)@6.7 vbied(moving)@5.5 vbied(moving)@8.8 counter_battery_radar(moving)@4.3
whiteout,Siege,2,full,951,vbied,1,11800,590.0,601.0,11.0,93.9,143.9,119.0,147.0,Move,BlockedByFriend,fortress,,moved,0,,vbied#952 moving,engineer_vehicle(parked)@3.6 elite_heavy_tank(moving)@7.1 elite_heavy_tank(moving)@6.5 command_vehicle(parked)@3.6 rocket_technical(moving)@5.4 heavy_tank(moving)@6.9 vbied(moving)@3.2 counter_battery_radar(moving)@9.3
whiteout,Siege,2,full,839,elite_heavy_tank,1,11950,597.5,607.0,9.5,98.2,139.3,125.0,115.0,AttackMove,BlockedByFriend,fortress,,moved,0,,rocket_technical#937 moving,engineer_vehicle(moving)@3.7 elite_heavy_tank(moving)@7.7 rocket_technical(moving)@6.1 heavy_tank(moving)@9.1
whiteout,Siege,2,full,840,elite_heavy_tank,1,12070,603.5,614.5,11.0,93.9,143.5,106.3,115.4,AttackMove,BlockedByFriend,fortress,,moved,0,,vbied#954 moving,engineer_vehicle(moving)@5.3 elite_heavy_tank(moving)@8.3 rocket_technical(parked)@8.3 command_vehicle(parked)@7.8 heavy_tank(moving)@7.3 vbied(moving)@3.8
whiteout,Siege,2,full,839,elite_heavy_tank,1,12320,616.0,625.5,9.5,91.1,134.8,125.0,115.0,AttackMove,BlockedByFriend,fortress,,moved,0,,elite_heavy_tank#840 moving,drone_hangar(fixed)@7.3 engineer_vehicle(moving)@7.7 elite_heavy_tank(moving)@6.3 heavy_tank(moving)@8.2 vbied(moving)@5.7
whiteout,Siege,2,full,942,heavy_tank,1,12830,641.5,655.5,14.0,87.2,122.0,115.4,143.7,AttackMove,OffRoute,fortress,,moved,0,,to (85.1;126.6) past drone_hangar(defence),drone_hangar(fixed)@7.0 engineer_vehicle(moving)@4.7 rocket_technical(moving)@4.8 rocket_technical(parked)@7.0 vbied(moving)@5.6 vbied(moving)@8.7 vbied(moving)@8.9
whiteout,Siege,2,full,943,siege_tank,0,13030,651.5,660.0,8.5,43.5,24.3,39.4,32.9,Move,BlockedByFriend,fortress,,gave up,0,,ifv#963 moving,siege_tank(parked)@8.5 ifv(moving)@5.6 wreck_tank@5
whiteout,Siege,2,full,897,command_vehicle,1,13430,671.5,685.5,14.0,108.0,125.7,100.9,111.4,Move,BlockedByFriend,fortress+gate,narrow+nopark,moved,0,,counter_battery_radar#956 moving,c_ram(fixed)@5.7 engineer_vehicle(moving)@6.8 elite_heavy_tank(parked)@9.0 counter_battery_radar(moving)@5.4 base_wall@9
whiteout,Siege,2,full,949,main_battle_tank,0,13440,672.0,681.5,9.5,64.9,66.9,62.9,57.4,AttackMove,BlockedByFriend,fortress,route,moved,0,,ifv#963 moving,main_battle_tank(moving)@7.0 aa_vehicle(parked)@7.5 light_tank(parked)@9.6 main_battle_tank(parked)@4.6 light_tank(moving)@9.4 main_battle_tank(parked)@9.0 scout_jeep(parked)@9.8 scout_jeep(parked)@6.7 armored_car(parked)@7.6 ifv(moving)@3.1
whiteout,Siege,2,full,957,ifv,0,13810,690.5,699.5,9.0,66.6,53.1,60.5,62.2,AttackMove,YieldWait,fortress,,moved,0,,behind armored_car#965,aa_vehicle(parked)@4.5 light_tank(moving)@7.7 light_tank(moving)@8.8 light_tank(moving)@7.4 scout_jeep(parked)@6.9 scout_jeep(parked)@9.7 armored_car(moving)@7.6 ifv(parked)@4.9 armored_car(moving)@4.2 armored_car(parked)@9.2
whiteout,Siege,2,full,975,aa_vehicle,0,15790,789.5,798.0,8.5,47.6,30.0,40.6,28.2,Move,OffRoute,fortress,,gave up,0,,to (40.6;28.2) past wreck_tank,aa_vehicle(moving)@6.8 aa_vehicle(moving)@2.9 aa_vehicle(moving)@9.5 light_tank(parked)@7.0 ifv(moving)@4.7 scout_jeep(moving)@5.1 main_battle_tank(moving)@7.5 light_tank(moving)@6.1 wreck_tank@6
whiteout,Siege,2,full,981,ifv,0,15790,789.5,799.1,9.6,52.3,30.0,35.3,25.3,Move,OffRoute,fortress,,open,0,,to (35.3;25.3) past wreck_tank,aa_vehicle(moving)@4.7 aa_vehicle(moving)@7.6 scout_jeep(moving)@9.8 light_tank(moving)@9.7 wreck_tank@6
greenvale,Siege,1,full,598,siege_tank,0,2510,125.5,135.5,10.0,8.0,48.4,6.7,60.0,Move,YieldWait,fortress,,moved,0,,behind siege_tank#615,siege_tank(moving)@7.0 ruin_tower@8
greenvale,Siege,1,full,606,armored_bulldozer,0,2810,140.5,161.5,21.0,124.0,43.5,128.0,54.0,Attack,OffRoute,fortress+gate,narrow+nopark,gave up,0,,to (125.0;47.0) past base_wall,armored_bulldozer(moving)@4.5 titan_tank(parked)@7.4 base_wall@7 floodlight_mast@6
greenvale,Siege,1,full,618,armored_bulldozer,0,3000,150.0,161.5,11.5,124.0,36.5,128.0,54.0,Attack,OffRoute,fortress,,gave up,0,,to (125.0;47.0) past base_wall,armored_bulldozer(moving)@5.7 heavy_tank(parked)@6.7 titan_tank(parked)@8.6 base_wall@7
greenvale,Siege,1,full,634,armored_bulldozer,0,3160,158.0,167.0,9.0,-76.8,-91.0,63.0,82.0,Attack,BlockedByDefence,field,,moved,0,,aa_turret#590 parked,aa_turret(fixed)@4.9 heavy_tank(moving)@6.5
greenvale,Siege,1,full,610,titan_tank,0,3270,163.5,172.0,8.5,91.1,32.5,95.0,52.0,Idle,Unknown,fortress,,moved,0,,speed 0.7 strikes 0,base_wall@8 base_wall@9 floodlight_mast@6
greenvale,Siege,1,full,620,turtle_tank,1,3410,170.5,179.0,8.5,121.2,143.7,86.0,104.1,Move,StalePath,fortress,narrow,moved,0,,leg 9/9 to (86.0;104.1) crosses base_wall (corner),scout_jeep(moving)@5.3 bmpt(moving)@5.0 base_wall@10
greenvale,Siege,1,full,610,titan_tank,0,3600,180.0,199.0,19.0,109.5,36.0,95.0,52.0,AttackMove,BlockedByFriend,fortress,,moved,0,,titan_tank#616 parked,heavy_tank(parked)@9.6 titan_tank(parked)@7.3 base_wall@7
greenvale,Siege,2,obstacles,633,scout_jeep,0,2190,109.5,118.0,8.5,45.4,35.6,57.0,57.0,Attack,BlockedByFriend,fortress,route,moved,0,,light_tank#629 parked,armored_car(parked)@5.3 scout_jeep(parked)@4.1 light_tank(parked)@6.6 light_tank(parked)@4.1 main_battle_tank(parked)@7.6 ifv(parked)@7.5 floodlight_mast@7
greenvale,Siege,2,obstacles,626,command_vehicle,1,2970,148.5,160.0,11.5,36.0,117.7,67.5,122.0,Move,BlockedByFriend,fortress,,moved,0,,ew_jammer#619 moving,ew_jammer(moving)@6.5 light_tank(foe)(moving)@9.2 base_wall@7
greenvale,Siege,2,obstacles,650,bmpt,1,3000,150.0,158.5,8.5,112.7,114.9,52.3,73.9,AttackMove,BlockedByDefence,fortress,,moved,0,,radar_station#568 parked,radar_station(fixed)@5.4 scout_jeep(moving)@9.2
greenvale,Siege,2,obstacles,640,siege_tank,0,4190,209.5,223.0,13.5,16.1,118.0,4.1,122.7,Move,BlockedByFriend,fortress,,moved,0,,siege_tank#602 moving,siege_tank(moving)@7.8
greenvale,Siege,2,obstacles,602,siege_tank,0,4240,212.0,224.5,12.5,8.3,118.0,90.9,111.1,Attack,BlockedByFriend,fortress,,gave up,0,,siege_tank#640 moving,siege_tank(moving)@7.8
greenvale,Siege,2,obstacles,679,mobile_fortress,1,4400,220.0,236.0,16.0,86.0,109.8,63.8,75.8,AttackMove,BlockedByFriend,fortress+gate,nopark,moved,0,,counter_battery_radar#694 moving,rocket_technical(moving)@9.8 counter_battery_radar(moving)@8.6 command_vehicle(moving)@8.1 base_wall@6
greenvale,Siege,2,obstacles,694,counter_battery_radar,1,4460,223.0,234.0,11.0,86.0,118.3,61.0,117.3,Move,YieldWait,fortress+gate,nopark,moved,0,,behind mobile_fortress#679,mobile_fortress(moving)@8.7 rocket_technical(moving)@6.2 rocket_technical(moving)@9.0 command_vehicle(moving)@4.4 base_wall@5
greenvale,Siege,2,obstacles,697,command_vehicle,1,4460,223.0,231.5,8.5,90.2,116.7,63.7,116.9,Move,YieldWait,fortress,,moved,0,,behind mobile_fortress#679,mobile_fortress(moving)@8.2 rocket_technical(moving)@1.8 rocket_technical(moving)@4.6 counter_battery_radar(moving)@4.4 base_wall@9
greenvale,Siege,2,obstacles,690,rocket_technical,1,4580,229.0,241.0,12.0,92.4,116.5,64.9,121.3,Move,YieldWait,fortress,,moved,0,,waiting on a yield,rocket_technical(moving)@2.5 counter_battery_radar(moving)@7.3 command_vehicle(moving)@3.4
greenvale,Siege,2,obstacles,697,command_vehicle,1,4630,231.5,245.5,14.0,89.5,117.5,77.0,105.0,Move,BlockedByFriend,fortress,,moved,0,,rocket_technical#690 moving,rocket_technical(moving)@3.5 rocket_technical(moving)@4.9 counter_battery_radar(moving)@4.9 base_wall@8
greenvale,Siege,2,obstacles,694,counter_battery_radar,1,4680,234.0,246.5,12.5,86.1,120.0,72.4,109.6,Move,YieldWait,fortress,,moved,0,,behind command_vehicle#697,drone_hangar(fixed)@9.3 rocket_technical(moving)@8.2 command_vehicle(moving)@4.5 base_wall@3
greenvale,Siege,2,obstacles,691,rocket_technical,1,4860,243.0,251.5,8.5,86.6,115.5,53.5,105.1,Move,Unknown,fortress,road,moved,0,,speed 5.1 strikes 1,mobile_fortress(parked)@9.9 counter_battery_radar(moving)@4.3 base_wall@7
greenvale,Siege,2,obstacles,705,armored_car,0,5440,272.0,281.0,9.0,31.4,52.0,74.3,86.0,AttackMove,BlockedByFriend,fortress,,moved,0,,main_battle_tank#682 moving,main_battle_tank(moving)@4.1 artillery_wreck@4
greenvale,Siege,2,obstacles,682,main_battle_tank,0,5450,272.5,290.0,17.5,34.0,55.2,14.1,22.2,Move,OffRoute,fortress,,moved,0,,to (21.0;29.0) past artillery_wreck,siege_tank(parked)@9.5 armored_car(moving)@3.8 artillery_wreck@5
rustyard,Siege,1,obstacles,483,armored_bulldozer,0,1000,50.0,64.5,14.5,-95.1,-89.4,20.0,5.5,Attack,BlockedByFriend,camp0,route,moved,0,,heavy_tank#486 moving,dragons_teeth(fixed)@7.9 armored_bulldozer(moving)@5.9 titan_tank(moving)@8.8 heavy_tank(moving)@4.9
rustyard,Siege,1,obstacles,484,scout_jeep,1,1640,82.0,93.5,11.5,141.2,140.4,109.2,125.7,Idle,NoPath,fortress,,gave up,0,,goal (109.2;125.7) in open ground; other region (9 cells); fortress,scout_jeep(moving)@5.8
rustyard,Siege,1,obstacles,520,heavy_tank,1,3910,195.5,204.5,9.0,101.6,103.4,67.4,69.8,AttackMove,YieldWait,fortress,,moved,0,,behind mobile_fortress#517,repair_bay(fixed)@7.8 mobile_fortress(moving)@9.8
rustyard,Siege,1,obstacles,522,counter_battery_radar,1,4450,222.5,232.0,9.5,98.6,105.8,83.8,73.8,Idle,BlockedByFriend,fortress,route,moved,0,,mobile_fortress#517 parked,repair_bay(fixed)@6.3 mobile_fortress(parked)@8.2 heavy_tank(parked)@4.9 elite_heavy_tank(parked)@9.0
rustyard,Siege,1,obstacles,522,counter_battery_radar,1,5430,271.5,280.5,9.0,98.6,107.3,108.4,111.6,Move,BlockedByFriend,fortress,route,moved,0,,elite_heavy_tank#527 moving,repair_bay(fixed)@7.4 mobile_fortress(parked)@8.1 heavy_tank(moving)@6.3 elite_heavy_tank(moving)@5.0
rustyard,Siege,1,obstacles,526,elite_heavy_tank,1,5700,285.0,300.5,15.5,89.0,104.6,98.3,114.5,Move,BlockedByDefence,fortress,route,gave up,0,,repair_bay#436 parked,repair_bay(fixed)@5.9 heavy_tank(moving)@9.1
rustyard,Siege,1,obstacles,530,titan_tank,0,5860,293.0,302.0,9.0,4.6,7.5,82.6,77.1,AttackMove,BlockedByFriend,field,,moved,0,,siege_tank#491 moving,siege_tank(moving)@6.3 titan_tank(moving)@8.3 titan_tank(moving)@7.2 siege_tank(moving)@7.0 aa_vehicle(moving)@5.2
rustyard,Siege,1,obstacles,543,armored_car,1,6080,304.0,313.0,9.0,98.1,106.4,81.3,66.1,AttackMove,BlockedByFriend,fortress,route,moved,0,,counter_battery_radar#522 moving,repair_bay(fixed)@6.4 counter_battery_radar(moving)@5.8 command_vehicle(moving)@5.0
rustyard,Siege,1,obstacles,526,elite_heavy_tank,1,6260,313.0,323.5,10.5,89.7,103.1,101.9,120.0,Move,BlockedByDefence,fortress,route,moved,0,,repair_bay#436 parked,repair_bay(fixed)@4.6 armored_car(moving)@6.2 command_vehicle(moving)@9.9
rustyard,Siege,1,obstacles,543,armored_car,1,6260,313.0,327.0,14.0,95.1,106.1,81.3,66.1,AttackMove,BlockedByFriend,fortress,route,moved,0,,elite_heavy_tank#526 moving,repair_bay(fixed)@4.7 fpv_carrier(moving)@4.3 mobile_fortress(moving)@9.7 counter_battery_radar(moving)@5.2 elite_heavy_tank(moving)@6.2 command_vehicle(moving)@7.2
rustyard,Siege,1,obstacles,526,elite_heavy_tank,1,7220,361.0,369.5,8.5,93.1,109.0,60.5,76.6,AttackMove,BlockedByFriend,fortress,route,moved,0,,mobile_fortress#517 parked,repair_bay(fixed)@7.5 command_vehicle(parked)@7.7
rustyard,Siege,1,obstacles,491,siege_tank,0,7900,395.0,404.0,9.0,1.4,12.1,-6.2,2.1,Move,Unknown,field,route,moved,0,,speed 2.0 strikes 0,tank_trap@9
rustyard,Siege,1,obstacles,552,titan_tank,0,8240,412.0,420.5,8.5,-97.4,-90.7,77.8,81.8,AttackMove,BlockedByFriend,camp0,route,moved,0,,aa_vehicle#561 moving,dragons_teeth(fixed)@5.6 aa_vehicle(moving)@7.1 aa_vehicle(moving)@7.5 armored_bulldozer(moving)@9.8 armored_bulldozer(moving)@7.0
rustyard,Siege,1,obstacles,517,mobile_fortress,1,8900,445.0,453.5,8.5,87.2,89.8,125.0,115.0,AttackMove,BlockedByFriend,fortress,,moved,0,,heavy_rocket_artillery#493 moving,
rustyard,Siege,1,obstacles,520,heavy_tank,1,8950,447.5,463.5,16.0,79.3,83.7,92.5,92.4,Move,YieldWait,fortress,,moved,0,,behind mobile_fortress#517,mobile_fortress(moving)@9.5 command_vehicle(moving)@9.3
rustyard,Siege,1,obstacles,520,heavy_tank,1,9390,469.5,482.0,12.5,90.0,94.4,110.4,125.7,Idle,NoPath,fortress,,gave up,0,,goal (110.4;125.7) in open ground; other region (9 cells); fortress,repair_bay(fixed)@8.1 fpv_carrier(moving)@8.2 scout_jeep(moving)@2.5
rustyard,Siege,1,obstacles,576,scout_jeep,1,9460,473.0,495.0,22.0,92.1,96.0,103.0,139.0,Move,YieldWait,fortress,,gave up,0,,behind heavy_tank#520,repair_bay(fixed)@5.8 heavy_tank(parked)@3.1
rustyard,Siege,1,obstacles,567,siege_tank,0,10110,505.5,519.5,14.0,-18.7,-1.2,-4.0,2.4,Move,BlockedByFriend,field,route,moved,0,,siege_tank#519 moving,siege_tank(moving)@9.0 siege_tank(moving)@5.2 artillery(moving)@7.7
rustyard,Siege,1,obstacles,590,titan_tank,0,11080,554.0,563.5,9.5,-84.1,-82.1,-93.6,-92.8,Move,BlockedByFriend,field,road+route,moved,0,,armored_bulldozer#582 moving,armored_bulldozer(moving)@5.8
rustyard,Siege,1,obstacles,519,siege_tank,0,12220,611.0,619.5,8.5,126.9,28.9,127.5,91.5,Attack,Unknown,fortress,,moved,0,,speed 2.0 strikes 0,
rustyard,Siege,2,light,454,mlrs,0,1230,61.5,72.0,10.5,-50.5,-38.3,-35.3,-5.1,Move,BlockedByFriend,field+gate,route+nopark,moved,0,,scout_jeep#460 moving,aa_vehicle(moving)@2.8 aa_vehicle(moving)@7.9 scout_jeep(moving)@4.9 rail_tanker@7
rustyard,Siege,2,light,470,light_tank,0,2720,136.0,144.5,8.5,40.1,80.3,53.0,119.0,AttackMove,BlockedByFriend,fortress,,moved,0,,siege_tank#462 parked,main_battle_tank(moving)@7.7 siege_tank(parked)@3.0 scout_jeep(moving)@9.0 ifv(moving)@6.2 base_wall@8
rustyard,Siege,2,light,456,command_vehicle,1,2780,139.0,148.0,9.0,105.7,102.0,109.9,112.4,Move,BlockedByFriend,fortress,route,moved,0,,twin_tank#455 parked,twin_tank(parked)@5.3 mobile_fortress(parked)@10.0 counter_battery_radar(moving)@3.2 elite_heavy_tank(moving)@7.5
emberridge,Siege,2,full,715,scout_jeep,1,270,13.5,31.5,18.0,17.0,84.0,117.8,139.0,Idle,NoPath,fortress,,moved,0,,goal (117.8;139.0) in open ground; other region (281 cells); fortress,scout_jeep(parked)@5.0
emberridge,Siege,2,full,716,scout_jeep,1,270,13.5,69.0,55.5,12.0,84.0,125.7,140.8,Idle,NoPath,fortress,,moved,0,,goal (125.7;140.8) in open ground; other region (281 cells); fortress,scout_jeep(parked)@5.0 vbied(parked)@9.0
emberridge,Siege,2,full,717,vbied,1,270,13.5,69.0,55.5,3.0,84.0,133.5,138.3,Idle,NoPath,fortress,,moved,0,,goal (133.5;138.3) in open ground; other region (281 cells); fortress,scout_jeep(parked)@9.0 basalt_rock_c@6
emberridge,Siege,2,full,730,scout_jeep,1,600,30.0,68.5,38.5,12.6,81.8,125.7,140.8,Idle,NoPath,fortress,,moved,0,,goal (125.7;140.8) in open ground; other region (281 cells); fortress,scout_jeep(parked)@2.2 engineer_vehicle(moving)@8.2
emberridge,Siege,2,full,834,armored_car,0,6430,321.5,332.5,11.0,44.0,28.4,64.3,60.3,AttackMove,OffRoute,fortress,,moved,0,,to (51.0;45.0) past wreck_tank,siege_tank(moving)@9.5 ifv(moving)@5.8 main_battle_tank(moving)@3.4 main_battle_tank(moving)@8.1 wreck_tank@4
emberridge,Siege,2,full,735,fpv_carrier,1,6810,340.5,351.0,10.5,83.9,79.6,78.9,89.5,Move,OffRoute,fortress,,moved,0,,to (78.9;89.5) past base_wall,mobile_fortress(parked)@9.2 base_wall@6 base_wall@8 floodlight_mast@4
emberridge,Siege,2,full,844,elite_heavy_tank,1,9090,454.5,464.5,10.0,80.0,83.0,125.0,115.0,AttackMove,Unknown,fortress,,moved,0,,speed 0.0 strikes 2,elite_heavy_tank(parked)@7.2 floodlight_mast@3
emberridge,Siege,2,full,833,mobile_fortress,1,9780,489.0,498.0,9.0,126.7,113.1,60.2,82.3,AttackMove,BlockedByDefence,fortress,,moved,0,,gun_pit#678 parked,base_wall@7
emberridge,Siege,2,full,914,siege_tank,0,10160,508.0,516.5,8.5,-15.4,-17.4,12.2,6.8,Move,BlockedByFriend,field,road+route,moved,0,,siege_tank#890 parked,siege_tank(moving)@5.8 siege_tank(moving)@8.7 siege_tank(parked)@4.1 light_tank(moving)@5.7 light_tank(moving)@6.5 aa_vehicle(moving)@7.5 main_battle_tank(moving)@4.8 ifv(moving)@9.2 scout_jeep(moving)@9.2 barricade@7
emberridge,Siege,2,full,849,siege_tank,0,10240,512.0,520.5,8.5,-8.3,-10.4,-14.4,-20.1,Move,StalePath,field,road+route,moved,0,,leg 3/3 to (-14.4;-20.1) crosses barricade (corner),siege_tank(moving)@8.6 siege_tank(parked)@5.8 siege_tank(moving)@5.8 main_battle_tank(moving)@9.5
emberridge,Siege,2,full,890,siege_tank,0,10320,516.0,531.5,15.5,-14.0,-21.2,-3.9,-9.9,Move,BlockedByFriend,field,,moved,0,,scout_jeep#924 moving,siege_tank(moving)@9.6 siege_tank(moving)@9.0 light_tank(moving)@7.2 light_tank(moving)@4.7 aa_vehicle(moving)@7.1 ifv(moving)@8.5 scout_jeep(moving)@3.1 barricade@3
emberridge,Siege,2,full,858,heavy_rocket_artillery,1,12410,620.5,629.0,8.5,106.9,123.7,111.0,140.6,Move,BlockedByFriend,fortress+gate,nopark,moved,0,,ew_jammer#942 parked,c_ram(fixed)@6.2 ew_jammer(parked)@3.8 ew_jammer(moving)@9.3
junglepass,Siege,1,full,991,armored_bulldozer,0,880,44.0,57.0,13.0,-78.6,-91.0,18.5,9.5,Attack,BlockedByDefence,camp0,,moved,0,,guard_tower#981 parked,guard_tower(fixed)@4.7 armored_bulldozer(moving)@7.2 artillery(moving)@5.4
junglepass,Siege,1,full,993,scout_jeep,1,970,48.5,67.0,18.5,140.0,134.5,133.5,138.3,AttackMove,StalePath,fortress+gate,narrow+nopark,moved,0,,leg 4/4 to (133.5;138.3) crosses base_wall (corner),scout_jeep(moving)@3.3 base_wall@9 base_wall@7
junglepass,Siege,1,full,992,scout_jeep,1,980,49.0,60.0,11.0,140.0,137.8,117.8,139.0,AttackMove,YieldWait,fortress+gate,narrow+nopark,moved,0,,behind scout_jeep#993,scout_jeep(moving)@3.3 base_wall@9
junglepass,Siege,1,full,992,scout_jeep,1,1200,60.0,75.0,15.0,138.1,142.5,117.8,139.0,AttackMove,GateWait,fortress,,moved,0,,doorway 0,scout_jeep(moving)@3.3 zu23_technical(moving)@7.8 scout_jeep(moving)@6.3
junglepass,Siege,1,full,1024,aa_vehicle,0,4020,201.0,213.0,12.0,115.1,36.0,113.0,54.0,Attack,YieldWait,fortress,,gave up,0,,behind aa_vehicle#1022,aa_vehicle(parked)@4.5 base_wall@5
junglepass,Siege,1,full,1033,titan_tank,0,4170,208.5,218.5,10.0,-86.7,-96.9,102.9,64.3,AttackMove,Unknown,camp0,,moved,0,,speed 3.0 strikes 2,c_ram(fixed)@7.3 armored_bulldozer(moving)@7.0
junglepass,Siege,1,full,1006,siege_tank,0,4550,227.5,237.5,10.0,68.8,54.6,70.9,44.5,Move,BlockedByFriend,fortress,road,moved,0,,heavy_tank#1005 moving,siege_tank(moving)@5.7 heavy_tank(moving)@8.5 aa_vehicle(moving)@9.5 aa_vehicle(moving)@6.4
junglepass,Siege,1,full,1015,fpv_carrier,1,4700,235.0,244.5,9.5,92.9,118.2,57.6,50.1,Attack,BlockedByFriend,fortress,,moved,0,,counter_battery_radar#1037 moving,heavy_turret(fixed)@9.4 rocket_technical(moving)@9.6 counter_battery_radar(moving)@4.3
junglepass,Siege,1,full,1007,rocket_technical,1,5450,272.5,282.0,9.5,90.6,105.9,101.7,104.8,Move,YieldWait,fortress,,gave up,0,,behind mobile_fortress#1036,mobile_fortress(parked)@7.6 wheeled_gun(moving)@5.1 base_wall@7
junglepass,Siege,1,full,1051,wheeled_gun,1,5640,282.0,291.5,9.5,88.2,122.0,103.0,139.0,Move,BlockedByFriend,fortress,,moved,0,,fpv_carrier#1015 parked,heavy_turret(fixed)@6.4 rocket_technical(parked)@7.3 fpv_carrier(parked)@5.2
junglepass,Siege,1,full,1043,titan_tank,0,5970,298.5,307.0,8.5,6.0,-8.2,95.1,60.0,AttackMove,BlockedByFriend,field,,moved,0,,siege_tank#1038 moving,heavy_tank(moving)@7.8 siege_tank(moving)@5.3 tank_trap@9 tank_trap@7
junglepass,Siege,1,full,1035,armored_bulldozer,0,6620,331.0,340.0,9.0,79.5,97.8,77.9,104.5,AttackMove,BlockedByEnemy,fortress,,gave up,0,,elite_heavy_tank#1058 parked,turtle_tank(foe)(parked)@8.5 elite_heavy_tank(foe)(parked)@6.9
junglepass,Siege,1,full,1078,armored_bulldozer,0,8450,422.5,432.0,9.5,-79.9,-90.3,-92.8,-93.6,Move,BlockedByFriend,camp0,,moved,0,,armored_bulldozer#1081 moving,guard_tower(fixed)@5.4 armored_bulldozer(moving)@5.6 armored_bulldozer(moving)@4.9
junglepass,Siege,2,obstacles,992,siege_tank,0,1390,69.5,89.0,19.5,32.0,-25.0,46.4,-15.0,Move,BlockedByFriend,field,,moved,0,,ifv#1005 parked,ifv(parked)@6.3 aa_vehicle(moving)@4.2 light_tank(moving)@8.2 ruin@8 river_water@8
junglepass,Siege,2,obstacles,1007,scout_jeep,0,1800,90.0,98.5,8.5,31.9,-23.0,60.0,-11.0,Attack,OffRoute,field,,moved,0,,to (33.0;-21.0) past ruin,siege_tank(moving)@5.3 main_battle_tank(parked)@5.2 armored_car(moving)@3.1 main_battle_tank(parked)@9.7 aa_vehicle(parked)@8.1 light_tank(parked)@9.0 ifv(parked)@6.7 scout_jeep(moving)@2.9 aa_vehicle(parked)@4.7 aa_vehicle(parked)@8.4 ruin@10 river_water@10
junglepass,Siege,2,obstacles,1026,scout_jeep,0,1910,95.5,104.0,8.5,32.0,-24.4,60.0,-11.0,Attack,OffRoute,field,,gave up,0,,to (33.0;-21.0) past ruin,siege_tank(moving)@5.9 main_battle_tank(moving)@3.6 armored_car(parked)@2.6 scout_jeep(parked)@8.6 light_tank(moving)@9.6 ifv(moving)@3.9 aa_vehicle(moving)@5.2 aa_vehicle(moving)@7.6 aa_vehicle(moving)@9.7 ruin@9 river_water@9
junglepass,Siege,2,obstacles,997,main_battle_tank,0,2080,104.0,112.5,8.5,31.2,-27.3,20.5,18.1,AttackMove,Unknown,field,,moved,0,,speed 2.8 strikes 0,ruin@8 river_water@9 river_water@9 river_water@6
junglepass,Siege,2,obstacles,1094,ifv,0,5590,279.5,299.0,19.5,43.9,26.8,95.0,61.0,AttackMove,OffRoute,fortress,,moved,0,,to (53.0;45.0) past wreck_car,mlrs(moving)@4.5 wreck_car@6
junglepass,Siege,2,obstacles,1077,siege_tank,0,6660,333.0,341.5,8.5,7.6,-7.1,35.6,34.0,Move,BlockedByFriend,field,,moved,0,,armored_car#1122 moving,light_tank(parked)@4.6 armored_car(moving)@3.4 tank_trap@7 tank_trap@5
junglepass,Siege,2,obstacles,1133,counter_battery_radar,1,7070,353.5,363.5,10.0,100.1,103.2,89.4,102.5,Move,BlockedByDefence,fortress,,moved,0,,repair_bay#956 parked,repair_bay(fixed)@6.3 mobile_fortress(parked)@8.5
junglepass,Siege,2,obstacles,1069,twin_tank,1,7310,365.5,391.0,25.5,120.8,106.2,110.4,125.7,Idle,NoPath,fortress,,moved,0,,goal (110.4;125.7) in open ground; other region (9 cells); fortress,c_ram(fixed)@8.3 elite_heavy_tank(moving)@9.8
skyhold,Siege,1,obstacles,533,scout_jeep,1,1150,57.5,73.5,16.0,126.0,143.4,109.2,125.7,Idle,NoPath,fortress,,moved,0,,goal (109.2;125.7) in open ground; other region (9 cells); fortress,scout_jeep(moving)@3.0 zu23_technical(parked)@2.6 scout_jeep(parked)@8.4 command_vehicle(moving)@8.0
skyhold,Siege,1,obstacles,544,siege_tank,0,1280,64.0,73.0,9.0,-77.5,-93.7,-25.0,-43.0,Move,StalePath,camp0,,moved,0,,leg 2/6 to (-77.0;-85.0) crosses dragons_teeth(defence),dragons_teeth(fixed)@6.6 titan_tank(moving)@9.9 heavy_tank(moving)@7.9
skyhold,Siege,1,obstacles,535,titan_tank,0,1670,83.5,94.5,11.0,-100.1,-88.0,25.5,20.7,AttackMove,Unknown,camp0,,moved,0,,speed 0.7 strikes 2,gun_pit(fixed)@5.8 aa_vehicle(moving)@9.3
skyhold,Siege,1,obstacles,537,armored_bulldozer,0,2310,115.5,128.5,13.0,35.0,32.0,59.0,48.0,Attack,BlockedByFriend,fortress,route,moved,0,,siege_tank#526 parked,siege_tank(parked)@4.6 armored_bulldozer(moving)@10.0 wreck_tank@7 floodlight_mast@9
skyhold,Siege,1,obstacles,581,elite_heavy_tank,1,3910,195.5,208.5,13.0,100.9,86.1,85.0,80.7,Idle,BlockedByDefence,fortress+gate,narrow+nopark,gave up,0,,ammo_depot#492 parked,ammo_depot(fixed)@6.8 base_wall@6 base_wall@4
skyhold,Siege,1,obstacles,568,mobile_fortress,1,4530,226.5,235.0,8.5,105.9,103.5,139.2,100.1,Idle,BlockedByDefence,fortress,,moved,0,,ammo_depot#492 parked,
skyhold,Siege,1,obstacles,583,fpv_carrier,1,4980,249.0,262.5,13.5,100.8,123.0,108.3,129.8,Idle,NoPath,fortress,,gave up,0,,goal (108.3;129.8) in open ground; other region (9 cells); fortress,gun_pit(fixed)@5.9
skyhold,Siege,1,obstacles,528,siege_tank,0,5300,265.0,276.0,11.0,62.1,57.8,72.0,59.6,Move,BlockedByFriend,fortress,,moved,0,,ifv#573 moving,armored_bulldozer(moving)@7.3 armored_bulldozer(moving)@9.4 ifv(moving)@5.6 aa_vehicle(moving)@9.3
skyhold,Siege,1,obstacles,540,titan_tank,0,6540,327.0,336.0,9.0,36.7,33.1,16.8,13.2,Move,YieldWait,fortress,route,moved,0,,waiting on a yield,siege_tank(moving)@4.6 wreck_tank@8
skyhold,Siege,1,obstacles,590,heavy_tank,0,6840,342.0,353.0,11.0,-84.4,-87.7,-92.9,-93.5,Move,YieldWait,camp0,road+route,moved,0,,behind armored_bulldozer#598,titan_tank(moving)@8.5 heavy_tank(moving)@6.4 armored_bulldozer(moving)@5.8 aa_vehicle(moving)@5.6
skyhold,Siege,2,light,482,scout_jeep,0,560,28.0,37.0,9.0,30.5,-38.0,43.0,-17.0,Attack,BlockedByFriend,field,road,gave up,0,,scout_jeep#483 parked,scout_jeep(parked)@4.1 light_tank(parked)@4.0 radar_dome@9
metrocity,Siege,1,light,453,armored_bulldozer,0,3220,161.0,169.5,8.5,-90.8,-92.7,125.0,115.0,AttackMove,BlockedByFriend,camp0,route,moved,0,,artillery#461 moving,heavy_tank(moving)@9.0 artillery(moving)@7.1
metrocity,Siege,1,light,429,armored_bulldozer,0,3440,172.0,181.5,9.5,79.7,93.5,103.0,108.7,AttackMove,YieldWait,fortress,route,moved,0,,behind armored_bulldozer#415,armored_bulldozer(moving)@8.9 heavy_tank(moving)@7.8 ifv(moving)@4.3 base_wall@7
metrocity,Siege,2,full,448,armored_car,0,550,27.5,37.0,9.5,-88.0,-83.5,-16.2,-2.9,AttackMove,YieldWait,camp0,,moved,0,,behind light_tank#446,atgm_tower(fixed)@4.0 light_tank(moving)@2.9 armored_car(moving)@8.0 armored_car(moving)@5.7 ifv(moving)@6.0
metrocity,Siege,2,full,462,main_battle_tank,0,1140,57.0,67.0,10.0,-88.5,-82.8,11.0,11.0,AttackMove,StalePath,camp0,,gave up,0,,leg 2/8 to (-89.0;-85.0) crosses atgm_tower(defence),atgm_tower(fixed)@4.6 siege_tank(moving)@8.4 scout_jeep(moving)@3.9 ifv(moving)@6.4
metrocity,Siege,2,full,482,thermobaric_launcher,1,2550,127.5,144.0,16.5,120.6,145.9,129.0,143.0,Move,OffRoute,fortress,,moved,0,,to (123.0;143.0) past ?,scout_jeep(moving)@6.9 vbied(parked)@6.7 command_vehicle(moving)@7.1 thermobaric_launcher(moving)@5.9 long_sam(moving)@9.1
metrocity,Siege,2,full,454,scout_jeep,1,2970,148.5,157.5,9.0,97.1,142.9,117.8,139.0,AttackMove,OffRoute,fortress,,moved,0,,to (111.0;145.0) past aa_turret(defence),aa_turret(fixed)@9.2 base_wall@9
metrocity,Siege,2,full,474,thermobaric_launcher,1,2990,149.5,158.5,9.0,110.9,140.0,99.0,123.0,Move,BlockedByDefence,fortress,,moved,0,,aa_turret#416 parked,aa_turret(fixed)@4.9 thermobaric_launcher(moving)@7.0 long_sam(moving)@6.1 base_wall@9 base_wall@6
metrocity,Siege,2,full,489,ifv,0,3310,165.5,174.0,8.5,-87.8,-88.2,51.9,105.9,AttackMove,OffRoute,camp0,,moved,0,,to (-89.0;-83.0) past atgm_tower(defence),atgm_tower(fixed)@5.7 main_battle_tank(moving)@7.3 aa_vehicle(moving)@5.0
metrocity,Siege,2,full,527,main_battle_tank,0,4740,237.0,245.5,8.5,-89.3,-84.6,32.7,42.9,Move,YieldWait,camp0,,moved,0,,waiting on a yield,atgm_tower(fixed)@5.4 ifv(moving)@8.1 armored_car(moving)@3.9
metrocity,Siege,2,full,474,thermobaric_launcher,1,5560,278.0,289.5,11.5,86.3,97.8,79.5,99.6,Move,YieldWait,fortress,,moved,0,,behind mobile_fortress#510,mobile_fortress(parked)@8.0
metrocity,Siege,2,full,561,armored_car,0,6420,321.0,329.5,8.5,-84.5,-90.1,84.5,75.4,AttackMove,Unknown,camp0,,moved,0,,speed 8.1 strikes 2,atgm_tower(fixed)@6.1
metrocity,Siege,2,full,561,armored_car,0,6670,333.5,343.0,9.5,-87.6,-88.0,82.7,84.9,AttackMove,OffRoute,camp0,,moved,0,,to (-89.0;-79.0) past atgm_tower(defence),atgm_tower(fixed)@5.4 scout_jeep(moving)@7.4 armored_car(moving)@7.4
metrocity,Siege,2,full,577,main_battle_tank,0,7300,365.0,373.5,8.5,-86.6,-89.6,44.8,59.2,AttackMove,StalePath,camp0,,moved,0,,leg 2/8 to (-89.0;-85.0) crosses atgm_tower(defence),atgm_tower(fixed)@6.2 aa_vehicle(moving)@8.7 aa_vehicle(moving)@4.9 aa_vehicle(moving)@8.1
landingbeach,Siege,1,full,935,titan_tank,0,2890,144.5,155.5,11.0,-98.8,-92.0,57.0,51.0,AttackMove,OffRoute,camp0,,moved,0,,to (-103.9;-89.9) past ew_tower(defence),ew_tower(fixed)@5.7 titan_tank(moving)@9.0 main_battle_tank(moving)@6.1 artillery(moving)@7.3
landingbeach,Siege,1,full,971,aa_vehicle,0,5640,282.0,292.5,10.5,-94.2,-92.4,125.0,115.0,AttackMove,YieldWait,camp0,,moved,0,,waiting on a yield,ew_tower(fixed)@5.7 armored_bulldozer(moving)@7.8 heavy_tank(moving)@5.5 armored_bulldozer(moving)@4.3 aa_vehicle(moving)@4.0
landingbeach,Siege,2,obstacles,924,siege_tank,0,750,37.5,47.0,9.5,-87.3,-98.0,-41.9,-43.4,Move,BlockedByFriend,camp0,,moved,0,,ifv#925 moving,main_battle_tank(moving)@6.4 armored_car(moving)@9.2 ifv(moving)@5.9 ifv(moving)@8.4 scout_jeep(moving)@3.6
landingbeach,Siege,2,obstacles,910,main_battle_tank,0,810,40.5,50.0,9.5,-84.0,-94.8,-98.4,-96.0,Move,BlockedByFriend,camp0,,moved,0,,siege_tank#924 moving,armored_car(moving)@4.5 siege_tank(moving)@3.6 ifv(moving)@6.9 ifv(moving)@8.0 scout_jeep(moving)@6.7
landingbeach,Siege,2,obstacles,917,armored_car,0,1260,63.0,71.5,8.5,-19.6,6.5,-17.0,58.0,Attack,BlockedByFriend,field,,moved,0,,main_battle_tank#920 moving,siege_tank(moving)@7.0 armored_car(parked)@8.1 main_battle_tank(moving)@5.0 aa_vehicle(moving)@7.4 aa_vehicle(moving)@4.3 ifv(moving)@6.5 ifv(moving)@5.3 ruin_tower@9
landingbeach,Siege,2,obstacles,928,mlrs,0,2550,127.5,137.5,10.0,-27.9,22.5,-32.8,14.5,Move,BlockedByFriend,field,,moved,0,,mlrs#933 moving,siege_tank(moving)@8.6 mlrs(moving)@5.7 ruin_tower@9
landingbeach,Siege,2,obstacles,933,mlrs,0,2580,129.0,137.5,8.5,-32.3,17.4,54.0,86.0,Attack,Unknown,field,,moved,0,,speed 1.2 strikes 0,mlrs(moving)@5.4 ruin_tower@9
landingbeach,Siege,2,obstacles,929,mine_layer,1,2960,148.0,203.0,55.0,127.3,111.0,112.8,125.6,Idle,NoPath,fortress,,moved,0,,goal (112.8;125.6) in open ground; other region (9 cells); fortress,c_ram(fixed)@8.1 sapper(parked)@4.2 base_wall@10 base_wall@7
landingbeach,Siege,2,obstacles,929,mine_layer,1,4060,203.0,239.0,36.0,130.0,108.2,112.8,125.6,Idle,NoPath,fortress,,moved,0,,goal (112.8;125.6) in open ground; other region (9 cells); fortress,c_ram(fixed)@5.4 command_vehicle(moving)@3.1 counter_battery_radar(parked)@7.8 base_wall@6 base_wall@6
landingbeach,Siege,2,obstacles,930,command_vehicle,1,5340,267.0,277.0,10.0,89.4,121.7,101.0,139.0,Move,BlockedByFriend,fortress,,moved,0,,ew_jammer#980 moving,drone_hangar(fixed)@6.2 ew_jammer(moving)@6.3
landingbeach,Siege,2,obstacles,914,vbied,1,5880,294.0,309.5,15.5,138.0,128.1,133.5,138.3,AttackMove,OffRoute,fortress,,moved,0,,to (133.5;138.3) past base_wall,mobile_fortress(moving)@9.2 base_wall@9 base_wall@9 base_wall@5
landingbeach,Siege,2,obstacles,976,mobile_fortress,1,5900,295.0,306.5,11.5,138.0,137.5,125.0,115.0,AttackMove,BlockedByFriend,fortress,,moved,0,,counter_battery_radar#987 moving,vbied(moving)@9.9 rocket_technical(moving)@6.5 counter_battery_radar(moving)@8.7 base_wall@8 base_wall@8
landingbeach,Siege,2,obstacles,984,counter_battery_radar,1,5920,296.0,306.5,10.5,122.4,138.0,132.6,138.1,Move,StalePath,fortress,,moved,0,,leg 5/5 to (132.6;138.1) crosses base_wall (corner),mine_layer(moving)@7.8 counter_battery_radar(moving)@6.0 ew_jammer(moving)@8.8 counter_battery_radar(moving)@4.1 counter_battery_radar(moving)@3.2 counter_battery_radar(moving)@7.4 base_wall@5 base_wall@9
landingbeach,Siege,2,obstacles,951,rocket_technical,1,6080,304.0,315.0,11.0,145.5,137.8,138.4,134.3,Move,StalePath,fortress,,gave up,0,,leg 2/2 to (138.4;134.3) crosses base_wall (corner),vbied(moving)@9.7 mobile_fortress(moving)@7.6
landingbeach,Siege,2,obstacles,983,counter_battery_radar,1,6260,313.0,322.0,9.0,131.0,141.7,113.2,138.8,Move,BlockedByFriend,fortress,,moved,0,,counter_battery_radar#984 moving,vbied(moving)@9.5 command_vehicle(moving)@9.5 counter_battery_radar(moving)@4.2 rocket_technical(moving)@8.9 counter_battery_radar(moving)@3.7 counter_battery_radar(parked)@4.9 counter_battery_radar(moving)@6.2 base_wall@8
landingbeach,Siege,2,obstacles,1018,main_battle_tank,0,6480,324.0,333.0,9.0,-93.8,-92.0,125.0,115.0,AttackMove,Unknown,camp0,route,moved,0,,speed 0.0 strikes 1,aa_turret(fixed)@5.5 aa_vehicle(moving)@7.2 aa_vehicle(moving)@6.6 light_tank(moving)@6.6 scout_jeep(moving)@3.3
landingbeach,Siege,2,obstacles,986,counter_battery_radar,1,7710,385.5,394.5,9.0,141.6,95.2,125.1,108.7,Move,BlockedByFriend,fortress,,moved,0,,command_vehicle#930 moving,command_vehicle(moving)@4.1 rocket_technical(moving)@9.3 counter_battery_radar(moving)@6.4 counter_battery_radar(moving)@9.1 counter_battery_radar(moving)@6.7
landingbeach,Siege,2,obstacles,1038,elite_heavy_tank,1,7990,399.5,408.0,8.5,118.0,88.5,98.2,71.1,AttackMove,BlockedByFriend,fortress,,moved,0,,ew_jammer#980 moving,counter_battery_radar(moving)@8.5 mobile_fortress(parked)@9.8 ew_jammer(moving)@6.4 counter_battery_radar(moving)@3.3 elite_heavy_tank(parked)@9.9 fortress_gate@7
landingbeach,Siege,2,obstacles,983,counter_battery_radar,1,8180,409.0,418.0,9.0,128.8,97.3,123.6,92.9,Move,YieldWait,fortress,,gave up,0,,behind counter_battery_radar#984,c_ram(fixed)@5.7 command_vehicle(moving)@4.0 counter_battery_radar(moving)@4.4
landingbeach,Siege,2,obstacles,1052,armored_car,0,9200,460.0,471.0,11.0,-69.2,-71.3,-15.0,-15.0,Move,BlockedByFriend,field+gate,route+nopark,moved,0,,armored_car#1058 moving,repair_bay(fixed)@8.7 ifv(moving)@3.7 scout_jeep(moving)@5.0 scout_jeep(moving)@3.9 light_tank(moving)@3.1 armored_car(moving)@3.7 armored_car(moving)@6.1 armored_car(moving)@7.3 scout_jeep(moving)@6.5
landingbeach,Siege,2,obstacles,1046,ifv,0,9250,462.5,473.5,11.0,-69.7,-68.2,-15.0,-15.0,Move,BlockedByFriend,field+gate,route+nopark,moved,0,,armored_car#1052 moving,gun_pit(fixed)@9.4 scout_jeep(moving)@5.8 armored_car(moving)@3.9 scout_jeep(moving)@4.2 light_tank(moving)@3.0 armored_car(moving)@7.2 scout_jeep(moving)@5.7 cliff_b@8
landingbeach,Siege,2,obstacles,1052,armored_car,0,9660,483.0,492.5,9.5,-27.4,-19.6,-15.0,-15.0,Move,BlockedByFriend,field,,moved,0,,light_tank#1047 parked,light_tank(parked)@4.0 siege_tank(moving)@8.1 light_tank(moving)@6.3 scout_jeep(parked)@8.2 scout_jeep(moving)@8.7 light_tank(moving)@8.0 armored_car(moving)@9.9 aa_vehicle(moving)@5.1 garage@8
landingbeach,Siege,2,obstacles,1037,elite_mbt,1,10140,507.0,517.5,10.5,117.6,114.6,125.7,139.6,AttackMove,BlockedByFriend,fortress,,moved,0,,elite_heavy_tank#1038 moving,radar_station(fixed)@8.5 command_vehicle(parked)@9.7 mobile_fortress(parked)@8.0 elite_heavy_tank(moving)@6.4
hydrodam,Siege,1,obstacles,1401,scout_jeep,1,970,48.5,58.5,10.0,102.3,98.0,125.7,140.8,AttackMove,OffRoute,fortress,,moved,0,,to (79.0;115.0) past repair_bay(defence),repair_bay(fixed)@9.0 ammo_depot(fixed)@5.5 heavy_rocket_artillery(parked)@4.3
hydrodam,Siege,1,obstacles,1413,heavy_rocket_artillery,1,1270,63.5,74.0,10.5,100.7,98.0,97.0,79.0,Move,BlockedByFriend,fortress,,moved,0,,command_vehicle#1409 parked,repair_bay(fixed)@7.6 ammo_depot(fixed)@5.9 command_vehicle(parked)@5.8 rocket_technical(parked)@5.7
hydrodam,Siege,1,obstacles,1402,armored_bulldozer,0,1700,85.0,101.0,16.0,-23.2,2.0,20.0,11.0,Attack,BlockedByFriend,field+gate,road+narrow+nopark,moved,0,,artillery#1412 parked,armored_bulldozer(moving)@4.2 armored_bulldozer(moving)@7.4 artillery(parked)@6.1 barricade@5 checkpoint@9
hydrodam,Siege,1,obstacles,1427,railgun_truck,1,2730,136.5,159.5,23.0,129.7,115.5,111.2,125.7,Idle,NoPath,fortress,,gave up,0,,goal (111.2;125.7) in open ground; other region (9 cells); fortress,heavy_tank(parked)@5.0 base_wall@6 base_wall@6
hydrodam,Siege,1,obstacles,1408,armored_bulldozer,0,2840,142.0,151.5,9.5,42.2,35.8,48.5,61.5,Attack,BlockedByFriend,fortress,,moved,0,,armored_bulldozer#1417 moving,siege_tank(parked)@4.8 armored_bulldozer(moving)@8.6 heavy_tank(moving)@9.4 armored_bulldozer(moving)@4.4 main_battle_tank(parked)@9.4 wreck_tank@8 floodlight_mast@5
hydrodam,Siege,1,obstacles,1410,titan_tank,0,2950,147.5,157.5,10.0,-81.5,-84.0,-92.4,-94.0,Move,BlockedByDefence,field,,gave up,0,,dragons_teeth#1391 parked,dragons_teeth(fixed)@4.0 ifv(parked)@9.3 heavy_tank(moving)@5.4 siege_tank(moving)@9.4
hydrodam,Siege,1,obstacles,1399,zu23_technical,1,3050,152.5,165.5,13.0,126.1,114.4,145.0,119.0,Move,YieldWait,fortress,,moved,0,,behind scout_jeep#1405,scout_jeep(moving)@4.4 command_vehicle(parked)@8.4 heavy_tank(parked)@9.0 counter_battery_radar(parked)@5.0 railgun_truck(moving)@3.6 base_wall@8 base_wall@10
hydrodam,Siege,1,obstacles,1416,heavy_tank,1,3210,160.5,171.0,10.5,116.3,116.0,111.2,125.7,Idle,NoPath,fortress,,gave up,0,,goal (111.2;125.7) in open ground; other region (9 cells); fortress,radar_station(fixed)@6.6 railgun_truck(parked)@9.5
hydrodam,Siege,1,obstacles,1414,siege_tank,0,4510,225.5,236.0,10.5,64.3,35.5,85.7,60.8,Move,BlockedByFriend,fortress+gate,road+nopark,moved,0,,aa_vehicle#1437 moving,titan_tank(parked)@6.8 aa_vehicle(moving)@7.4 aa_vehicle(moving)@3.3 fortress_gate@8
hydrodam,Siege,1,obstacles,1439,aa_vehicle,0,4670,233.5,245.0,11.5,66.0,36.0,107.0,53.0,AttackMove,YieldWait,fortress+gate,road+nopark,moved,0,,behind siege_tank#1414,siege_tank(moving)@8.2 main_battle_tank(moving)@3.6 wreck_car@9 fortress_gate@6
hydrodam,Siege,1,obstacles,1447,artillery,0,5180,259.0,268.5,9.5,-87.7,-88.4,48.4,22.5,Move,BlockedByFriend,camp0,,moved,0,,armored_bulldozer#1457 moving,dragons_teeth(fixed)@6.7 titan_tank(moving)@7.6 ifv(moving)@5.7 ifv(moving)@7.8 armored_bulldozer(moving)@9.0 armored_bulldozer(moving)@5.4
hydrodam,Siege,1,obstacles,1465,fpv_carrier,1,5870,293.5,312.0,18.5,105.1,120.6,111.8,127.4,Idle,NoPath,fortress,,gave up,0,,goal (111.8;127.4) in open ground; other region (9 cells); fortress,gun_pit(fixed)@8.1 radar_station(fixed)@5.9
hydrodam,Siege,1,obstacles,1425,counter_battery_radar,1,6270,313.5,325.5,12.0,119.1,116.0,90.5,87.9,Idle,BlockedByFriend,fortress,,gave up,0,,mobile_fortress#1455 parked,radar_station(fixed)@9.0
hydrodam,Siege,1,obstacles,1409,command_vehicle,1,6590,329.5,343.5,14.0,106.4,105.1,121.6,110.6,Move,YieldWait,fortress,route,gave up,0,,behind mobile_fortress#1455,mobile_fortress(moving)@8.2
hydrodam,Siege,1,obstacles,1425,counter_battery_radar,1,6680,334.0,344.0,10.0,121.2,114.3,110.7,97.2,Move,YieldWait,fortress,,moved,0,,behind mobile_fortress#1455,heavy_rocket_artillery(moving)@8.0
hydrodam,Siege,1,obstacles,1425,counter_battery_radar,1,6940,347.0,366.0,19.0,118.0,95.0,114.0,113.3,Move,BlockedByFriend,fortress,,moved,0,,mobile_fortress#1455 parked,
hydrodam,Siege,1,obstacles,1465,fpv_carrier,1,6990,349.5,366.0,16.5,105.1,120.6,112.8,127.4,Idle,NoPath,fortress,,gave up,0,,goal (112.8;127.4) in open ground; other region (9 cells); fortress,gun_pit(fixed)@8.1 radar_station(fixed)@5.9
hydrodam,Siege,1,obstacles,1413,heavy_rocket_artillery,1,7020,351.0,365.5,14.0,124.6,108.0,144.7,110.7,Move,BlockedByFriend,fortress,,died,0,,mobile_fortress#1455 parked,c_ram(fixed)@6.3
hydrodam,Siege,1,obstacles,1467,main_battle_tank,0,8510,425.5,434.5,9.0,-92.8,-86.0,-93.1,-93.3,Move,BlockedByFriend,camp0,road+route,gave up,0,,ifv#1491 moving,armored_bulldozer(moving)@6.6 aa_vehicle(moving)@6.1 ifv(moving)@5.6
hydrodam,Siege,2,light,1389,siege_tank,0,2140,107.0,116.0,9.0,-48.4,10.9,-48.3,26.3,Move,BlockedByFriend,field,,moved,0,,main_battle_tank#1390 moving,siege_tank(moving)@6.2 ifv(moving)@8.4 siege_tank(moving)@4.4 main_battle_tank(moving)@5.3
hydrodam,Siege,2,light,1369,scout_jeep,1,2320,116.0,135.0,19.0,86.0,120.4,105.3,139.9,Move,YieldWait,fortress,,moved,0,,behind shahed_truck#1395,heavy_rocket_artillery(parked)@8.8 shahed_truck(parked)@2.3 base_wall@3 base_wall@10
hydrodam,Siege,2,light,1370,armored_car,0,2510,125.5,136.0,10.5,-52.0,88.9,45.0,133.0,Move,YieldWait,fortress,road,moved,0,,behind ifv#1378,siege_tank(moving)@9.2 armored_car(moving)@6.1 ifv(moving)@5.2 armored_car(moving)@4.3 base_wall@6
hydrodam,Siege,2,light,1379,heavy_rocket_artillery,1,3140,157.0,169.0,12.0,86.0,122.2,109.6,139.9,Move,YieldWait,fortress,,moved,0,,behind mobile_fortress#1400,base_wall@3 base_wall@8
hydrodam,Siege,2,light,1400,mobile_fortress,1,4590,229.5,240.0,10.5,56.8,100.2,73.8,43.9,Idle,BlockedByFriend,fortress,,moved,0,,flame_tank#1397 moving,
hydrodam,Siege,2,light,1475,siege_tank,0,7880,394.0,406.0,12.0,-28.7,-34.5,-43.7,-45.2,Move,BlockedByFriend,field,,moved,0,,armored_car#1487 moving,siege_tank(moving)@8.0 main_battle_tank(moving)@9.4 main_battle_tank(moving)@7.7 armored_car(moving)@7.0 boulders@8
hydrodam,Siege,2,light,1427,elite_heavy_tank,1,8720,436.0,445.5,9.5,47.6,38.1,110.4,125.7,AttackMove,BlockedByFriend,fortress,route,moved,0,,mobile_fortress#1400 parked,mobile_fortress(parked)@8.3 heavy_tank(moving)@7.6 armored_car(moving)@4.4 command_vehicle(moving)@8.9
hydrodam,Siege,2,light,1482,armored_car,1,10070,503.5,515.0,11.5,126.4,116.0,110.8,125.7,AttackMove,BlockedByFriend,fortress,,moved,0,,heavy_tank#1404 moving,heavy_tank(moving)@3.8 heavy_tank(moving)@5.7 armored_car(moving)@7.5 base_wall@9 base_wall@9 command_hq@9
capital,Siege,1,light,902,siege_tank,0,5360,268.0,276.5,8.5,10.3,-101.9,74.9,-9.9,Move,BlockedByFriend,field,road,moved,0,,aa_vehicle#904 moving,aa_vehicle(moving)@5.2 titan_tank(moving)@9.7 artillery(moving)@7.9 bus@10
capital,Siege,1,light,901,siege_tank,0,6330,316.5,325.0,8.5,74.6,-57.7,47.3,-61.0,Move,Unknown,fortress,road,moved,0,,speed 0.5 strikes 1,river_water@9 wreck_tank@8
capital,Siege,2,full,941,armored_car,0,3040,152.0,164.5,12.5,-92.0,-92.6,-9.0,63.0,Move,BlockedByFriend,camp0,,moved,0,,aa_vehicle#942 moving,rocket_turret(fixed)@4.1 aa_vehicle(moving)@3.9
capital,Siege,2,full,854,light_tank,0,3520,176.0,187.0,11.0,-72.0,76.2,-65.5,92.5,AttackMove,StalePath,field+gate,road+nopark,moved,0,,leg 1/1 to (-65.5;92.5) crosses guard_tower(defence),ifv(parked)@3.9 main_battle_tank(moving)@9.7 highrise_a@8
capital,Siege,2,full,924,main_battle_tank,0,4080,204.0,213.0,9.0,49.8,-2.1,57.0,57.0,Attack,BlockedByObstacle,fortress,road+route,gave up,0,,wreck_tank,wreck_tank@9
capital,Siege,2,full,943,main_battle_tank,0,4180,209.0,222.0,13.0,-92.0,-88.1,57.0,51.0,AttackMove,BlockedByFriend,camp0,,moved,0,,aa_vehicle#954 moving,rocket_turret(fixed)@5.6 main_battle_tank(moving)@8.3 light_tank(moving)@6.7 aa_vehicle(moving)@4.1
capital,Siege,2,full,913,command_vehicle,1,4800,240.0,256.5,16.5,112.5,118.4,105.0,135.0,Idle,NoPath,fortress,,gave up,0,,goal (105.0;135.0) in open ground; other region (2 cells); fortress,flame_tank(parked)@6.9
capital,Siege,2,full,985,elite_heavy_tank,1,7130,356.5,382.0,25.5,90.0,83.1,97.2,88.8,Move,OffRoute,fortress,route,gave up,0,,to (95.0;89.0) past base_wall,mine_layer(moving)@7.1 elite_heavy_tank(moving)@5.8 base_wall@6
capital,Siege,2,full,911,mine_layer,1,7170,358.5,367.5,9.0,96.0,86.0,50.1,-1.0,AttackMove,BlockedByFriend,fortress,,moved,0,,elite_heavy_tank#985 moving,flame_tank(moving)@4.9 heavy_rocket_artillery(moving)@7.5 elite_heavy_tank(moving)@6.9 base_wall@3 base_wall@8
capital,Siege,2,full,971,siege_tank,0,7530,376.5,391.0,14.5,72.0,-44.2,-19.4,-70.7,Move,BlockedByFriend,fortress,road+route,moved,0,,aa_vehicle#997 moving,siege_tank(moving)@3.9 aa_vehicle(moving)@6.1 river_water@9 river_water@8 river_water@9 river_water@9 river_water@5 river_water@4 river_water@6 river_water@9
capital,Siege,2,full,968,mobile_fortress,1,7580,379.0,388.5,9.5,98.4,86.0,77.8,-18.9,AttackMove,StalePath,fortress,,gave up,0,,leg 8/8 to (77.8;-18.9) crosses wreck_tank (corner),base_wall@4 base_wall@6
capital,Siege,2,full,997,aa_vehicle,0,7590,379.5,388.5,9.0,72.7,-50.3,98.9,71.2,AttackMove,YieldWait,fortress,road+route,moved,0,,waiting on a yield,siege_tank(moving)@4.9 siege_tank(moving)@6.3 aa_vehicle(moving)@8.4 main_battle_tank(moving)@8.6 light_tank(moving)@3.3 main_battle_tank(moving)@7.0 river_water@9 river_water@9 river_water@5 river_water@5 river_water@8
capital,Siege,2,full,1002,aa_vehicle,0,7940,397.0,409.0,12.0,67.2,-56.0,107.7,63.4,AttackMove,YieldWait,field+gate,road+route+narrow+nopark,moved,0,,behind aa_vehicle#994,siege_tank(moving)@9.9 siege_tank(moving)@8.4 aa_vehicle(moving)@4.5 scout_jeep(moving)@4.5 scout_jeep(moving)@6.7 scout_jeep(moving)@3.9 ifv(moving)@8.5 river_water@8 river_water@5 river_water@9 river_water@4 river_water@8 wreck_tank@8
capital,Siege,2,full,912,flame_tank,1,7960,398.0,407.5,9.5,87.1,79.6,100.4,87.3,Move,BlockedByFriend,fortress,,moved,0,,mobile_fortress#968 moving,elite_heavy_tank(moving)@6.4 base_wall@10
capital,Siege,2,full,985,elite_heavy_tank,1,8010,400.5,410.0,9.5,92.8,76.8,100.3,87.4,Move,OffRoute,fortress,,moved,0,,to (89.0;87.0) past base_wall,base_wall@7
capital,Siege,2,full,968,mobile_fortress,1,8210,410.5,419.0,8.5,99.5,89.2,79.1,-8.5,AttackMove,BlockedByFriend,fortress,,moved,0,,mine_layer#911 moving,mine_layer(moving)@9.1 base_wall@7 base_wall@7
capital,Siege,2,full,911,mine_layer,1,8800,440.0,448.5,8.5,110.3,86.0,95.8,-15.6,AttackMove,BlockedByFriend,fortress,road,moved,0,,flame_tank#912 moving,flame_tank(moving)@3.7 mobile_fortress(moving)@9.9 base_wall@7 fortress_gate@4
capital,Siege,2,full,912,flame_tank,1,8830,441.5,452.5,11.0,111.5,88.7,92.1,-34.3,AttackMove,BlockedByFriend,fortress,road,moved,0,,mine_layer#911 parked,mine_layer(parked)@3.6 mobile_fortress(moving)@9.2 base_wall@9 fortress_gate@6
capital,Siege,2,full,1000,main_battle_tank,0,9010,450.5,463.0,12.5,72.6,-54.8,54.9,-56.6,Move,BlockedByFriend,fortress,road+route,moved,0,,siege_tank#970 moving,siege_tank(moving)@3.7 siege_tank(moving)@9.3 mlrs(moving)@4.3 light_tank(moving)@4.3 river_water@9 river_water@5 river_water@8
capital,Siege,2,full,911,mine_layer,1,9140,457.0,468.0,11.0,90.0,85.3,102.7,86.6,Move,BlockedByFriend,fortress,route,moved,0,,sapper#927 moving,flame_tank(moving)@5.8 sapper(moving)@4.9 base_wall@6
capital,Siege,2,full,985,elite_heavy_tank,1,9520,476.0,488.0,12.0,93.0,86.6,125.0,115.0,AttackMove,BlockedByFriend,fortress,route,moved,0,,mobile_fortress#968 moving,mine_layer(moving)@6.1 flame_tank(moving)@3.4 main_battle_tank(moving)@5.2 base_wall@4
capital,Siege,2,full,970,siege_tank,0,9590,479.5,495.0,15.5,72.3,-54.3,31.0,-67.0,Move,BlockedByFriend,fortress,road+route,moved,0,,main_battle_tank#1019 moving,siege_tank(moving)@9.0 main_battle_tank(moving)@4.1 main_battle_tank(moving)@9.0 scout_jeep(moving)@9.7 main_battle_tank(moving)@9.0 armored_car(moving)@5.8 armored_car(moving)@5.0 river_water@9 river_water@5 river_water@8
capital,Siege,2,full,1020,main_battle_tank,0,9590,479.5,492.5,13.0,74.2,-45.5,53.0,-65.0,Move,Unknown,fortress,road+route,moved,0,,speed 0.9 strikes 0,siege_tank(moving)@9.0 ifv(parked)@5.5 main_battle_tank(moving)@9.4 river_water@9 river_water@7 river_water@6 river_water@8
capital,Siege,2,full,1042,main_battle_tank,0,10330,516.5,527.5,11.0,-87.5,-97.0,128.5,61.1,AttackMove,StalePath,camp0,route,moved,0,,leg 2/9 to (-87.0;-97.0) crosses rocket_turret(defence),rocket_turret(fixed)@5.0 main_battle_tank(moving)@7.4 main_battle_tank(moving)@4.2 ifv(moving)@4.5 ifv(moving)@7.2 light_tank(moving)@4.2 scout_jeep(moving)@6.6 scout_jeep(moving)@9.1
capital,Siege,2,full,960,counter_battery_radar,1,10600,530.0,543.0,13.0,67.9,124.0,52.0,126.9,Move,YieldWait,fortress,,moved,0,,behind mobile_fortress#968,mine_layer(moving)@6.5 fuel_depot@9 container@4 container@4
capital,Siege,2,full,1054,siege_tank,0,10680,534.0,546.0,12.0,-93.6,-94.9,42.4,-29.0,Move,BlockedByFriend,camp0,,moved,0,,scout_jeep#1063 moving,rocket_turret(fixed)@6.3 armored_car(moving)@8.0 scout_jeep(moving)@7.7 scout_jeep(moving)@5.2 scout_jeep(moving)@5.1 armored_car(moving)@6.9 light_tank(moving)@7.2
capital,Siege,2,full,913,command_vehicle,1,10800,540.0,549.0,9.0,59.2,134.9,49.0,133.0,Move,BlockedByFriend,fortress,,gave up,0,,mobile_fortress#968 parked,
capital,Siege,2,full,985,elite_heavy_tank,1,10950,547.5,561.0,13.5,62.5,124.0,125.7,139.6,AttackMove,BlockedByFriend,fortress,,moved,0,,thermobaric_launcher#969 moving,engineer_vehicle(moving)@6.2 counter_battery_radar(moving)@7.0 thermobaric_launcher(moving)@5.6 thermobaric_launcher(moving)@4.3 container@9 container@4
capital,Siege,2,full,985,elite_heavy_tank,1,11380,569.0,577.5,8.5,63.7,124.0,125.7,139.6,AttackMove,YieldWait,fortress,,moved,0,,behind mobile_fortress#968,mobile_fortress(moving)@8.7 thermobaric_launcher(moving)@4.3 container@8 container@4
capital,Siege,2,full,926,engineer_vehicle,1,11930,596.5,608.0,11.5,48.6,130.8,99.0,123.0,Move,YieldWait,fortress,,moved,0,,waiting on a yield,thermobaric_launcher(moving)@5.6 thermobaric_launcher(moving)@7.9 main_battle_tank(moving)@3.8 container@10
capital,Siege,2,full,990,main_battle_tank,1,11950,597.5,606.0,8.5,48.0,127.5,51.3,119.0,AttackMove,BlockedByFriend,fortress,,gave up,0,,mobile_fortress#968 parked,engineer_vehicle(moving)@3.2 thermobaric_launcher(moving)@7.3 thermobaric_launcher(moving)@3.6
capital,Siege,2,full,1003,siege_tank,0,12030,601.5,612.0,10.5,44.4,-31.4,57.0,-31.0,Move,BlockedByFriend,field,,moved,0,,siege_tank#970 moving,siege_tank(moving)@5.8 siege_tank(moving)@10.0 river_water@10 river_water@10 river_water@6 river_water@9 river_water@5 river_water@9 river_water@6 river_water@9
capital,Siege,2,full,959,siege_tank,0,13230,661.5,672.0,10.5,72.0,-51.5,15.0,-57.0,Move,BlockedByFriend,fortress,road+route,moved,0,,light_tank#1088 moving,siege_tank(moving)@5.9 siege_tank(moving)@7.2 siege_tank(moving)@7.5 light_tank(moving)@5.3 scout_jeep(moving)@6.2 river_water@8 river_water@9 river_water@4 river_water@5 river_water@9
capital,Siege,2,full,970,siege_tank,0,13240,662.0,673.5,11.5,76.8,-48.4,7.2,-66.4,Move,BlockedByFriend,fortress,road+route,moved,0,,siege_tank#959 moving,siege_tank(moving)@5.8 siege_tank(moving)@8.0 siege_tank(moving)@4.6 ifv(moving)@9.0 light_tank(moving)@7.0 river_water@9 river_water@9 river_water@10
capital,Siege,2,full,926,engineer_vehicle,1,14500,725.0,736.0,11.0,116.5,34.4,121.0,86.5,Move,BlockedByFriend,fortress,road,moved,0,,command_vehicle#913 moving,command_vehicle(moving)@3.5 thermobaric_launcher(moving)@6.9 thermobaric_launcher(moving)@4.7 base_wall@7
capital,Siege,2,full,971,siege_tank,0,14860,743.0,756.0,13.0,0.1,-65.0,31.0,-65.0,Move,BlockedByFriend,field,road,moved,0,,siege_tank#959 moving,siege_tank(moving)@8.2 armored_car(moving)@8.1 wreck_tank@9
capital,Siege,2,full,959,siege_tank,0,14880,744.0,752.5,8.5,4.0,-72.8,29.2,-66.4,Move,YieldWait,field,road,moved,0,,behind siege_tank#971,siege_tank(moving)@8.7 armored_car(moving)@7.2 highrise_a@9 wreck_tank@8
capital,Siege,2,full,959,siege_tank,0,15050,752.5,766.0,13.5,3.5,-72.6,29.2,-66.4,Move,GateWait,field,road,moved,0,,doorway 0,highrise_a@10 wreck_tank@8
capital,Siege,2,full,990,main_battle_tank,1,15230,761.5,771.5,10.0,138.0,115.5,117.1,112.7,AttackMove,YieldWait,fortress,,moved,0,,behind heavy_rocket_artillery#921,heavy_rocket_artillery(moving)@3.0 engineer_vehicle(moving)@4.2 counter_battery_radar(moving)@6.6 thermobaric_launcher(moving)@9.7 base_wall@5 base_wall@6
capital,Siege,2,full,1056,siege_tank,0,15860,793.0,801.5,8.5,73.3,-52.1,30.1,-66.2,Move,Unknown,fortress,road+route,moved,0,,speed 0.7 strikes 1,siege_tank(moving)@8.2 river_water@9 river_water@5 river_water@7 river_water@10
capital,Siege,2,full,990,main_battle_tank,1,16330,816.5,826.5,10.0,139.0,132.0,112.4,118.5,AttackMove,BlockedByFriend,fortress,,moved,0,,counter_battery_radar#960 moving,flame_tank(moving)@8.6 command_vehicle(moving)@6.7 engineer_vehicle(moving)@4.1 counter_battery_radar(moving)@3.7 thermobaric_launcher(parked)@9.3 base_wall@9 base_wall@5
launchsite,Siege,1,full,504,titan_tank,0,4000,200.0,212.0,12.0,84.9,59.9,54.0,112.5,Attack,BlockedByFriend,fortress,,moved,0,,siege_tank#491 moving,siege_tank(moving)@7.9 siege_tank(moving)@7.0 siege_tank(moving)@7.0
launchsite,Siege,1,full,523,heavy_tank,1,4760,238.0,248.0,10.0,78.9,103.6,92.4,116.0,Move,BlockedByFriend,fortress,,moved,0,,mobile_fortress#550 moving,
launchsite,Siege,1,full,505,heavy_tank,0,5070,253.5,262.5,9.0,4.1,1.7,-9.8,-5.9,Move,BlockedByFriend,field,route,moved,0,,artillery#551 moving,armored_bulldozer(moving)@4.5 armored_bulldozer(moving)@9.1 titan_tank(moving)@5.3 artillery(moving)@4.6
launchsite,Siege,1,full,578,armored_bulldozer,0,6700,335.0,344.5,9.5,-93.1,-91.5,125.0,115.0,AttackMove,BlockedByFriend,camp0,road+route,moved,0,,heavy_tank#541 moving,heavy_tank(moving)@5.2 titan_tank(moving)@5.8 armored_bulldozer(moving)@4.6 armored_bulldozer(moving)@7.8
launchsite,Siege,2,obstacles,628,command_vehicle,1,7880,394.0,402.5,8.5,116.4,105.6,107.3,108.0,Move,BlockedByFriend,fortress,,moved,0,,engineer_vehicle#545 moving,engineer_vehicle(moving)@4.4 counter_battery_radar(moving)@8.0 counter_battery_radar(moving)@4.2
launchsite,Siege,2,obstacles,644,heavy_tank,1,8060,403.0,417.5,14.5,99.0,98.0,139.5,132.9,AttackMove,Unknown,fortress,,gave up,0,,speed 0.0 strikes 1,repair_bay(fixed)@6.1 ammo_depot(fixed)@6.8 counter_battery_radar(parked)@9.7 rocket_technical(parked)@2.9
launchsite,Siege,2,obstacles,627,siege_tank,0,8230,411.5,420.0,8.5,9.8,1.7,-15.7,-21.1,Move,YieldWait,field,,moved,0,,behind siege_tank#626,siege_tank(moving)@4.9 armored_car(moving)@7.2 armored_car(moving)@5.1 tank_trap@7
launchsite,Siege,2,obstacles,644,heavy_tank,1,8370,418.5,430.0,11.5,98.4,98.0,139.5,132.9,AttackMove,BlockedByDefence,fortress,,gave up,0,,repair_bay#461 parked,repair_bay(fixed)@5.6 ammo_depot(fixed)@7.2 rocket_technical(parked)@7.9 vbied(moving)@5.3
launchsite,Siege,2,obstacles,644,heavy_tank,1,8660,433.0,452.5,19.5,99.1,98.0,139.5,132.9,AttackMove,BlockedByDefence,fortress,,gave up,0,,repair_bay#461 parked,repair_bay(fixed)@6.2 ammo_depot(fixed)@6.7 engineer_vehicle(parked)@9.5 rocket_technical(parked)@7.0
launchsite,Siege,2,obstacles,650,vbied,1,8880,444.0,453.5,9.5,140.8,106.8,110.8,125.7,Idle,NoPath,fortress,,moved,0,,goal (110.8;125.7) in open ground; other region (9 cells); fortress,base_wall@7 base_wall@9
launchsite,Siege,2,obstacles,562,thermobaric_launcher,1,9580,479.0,489.0,10.0,113.1,114.8,98.6,122.0,Move,BlockedByDefence,fortress,,moved,0,,radar_station#463 parked,radar_station(fixed)@5.6
launchsite,Siege,2,obstacles,562,thermobaric_launcher,1,10170,508.5,521.0,12.5,105.8,123.7,102.9,110.2,Move,YieldWait,fortress,,moved,0,,behind counter_battery_radar#631,gun_pit(fixed)@5.6 radar_station(fixed)@6.4 counter_battery_radar(moving)@4.4 heavy_tank(moving)@8.1
launchsite,Siege,2,obstacles,628,command_vehicle,1,10970,548.5,558.0,9.5,97.9,94.5,108.2,100.9,Move,BlockedByFriend,fortress,,moved,0,,thermobaric_launcher#562 moving,repair_bay(fixed)@8.1 ammo_depot(fixed)@5.5 engineer_vehicle(moving)@8.8 thermobaric_launcher(moving)@4.4
launchsite,Siege,2,obstacles,631,counter_battery_radar,1,12230,611.5,626.0,14.5,115.3,95.5,115.0,87.0,Move,YieldWait,fortress,road,moved,0,,behind mobile_fortress#623,engineer_vehicle(moving)@9.9 mobile_fortress(moving)@8.8 command_vehicle(moving)@4.7 heavy_tank(parked)@5.9
launchsite,Siege,2,obstacles,628,command_vehicle,1,12280,614.0,622.5,8.5,119.6,94.8,115.0,87.0,Move,BlockedByFriend,fortress,,moved,0,,mobile_fortress#623 parked,engineer_vehicle(moving)@6.2 thermobaric_launcher(parked)@9.6 counter_battery_radar(moving)@4.4 heavy_tank(parked)@9.6
launchsite,Siege,2,obstacles,545,engineer_vehicle,1,12290,614.5,623.0,8.5,121.8,100.6,112.2,79.0,Move,Unknown,fortress,,moved,0,,speed 5.0 strikes 0,c_ram(fixed)@7.1 thermobaric_launcher(parked)@7.7 command_vehicle(moving)@7.5 counter_battery_radar(moving)@8.3
launchsite,Siege,2,obstacles,716,counter_battery_radar,1,12730,636.5,645.5,9.0,108.0,92.9,113.2,77.3,Move,BlockedByDefence,fortress,,gave up,0,,ammo_depot#462 parked,ammo_depot(fixed)@5.0 thermobaric_launcher(moving)@6.1 mobile_fortress(parked)@8.2 elite_heavy_tank(moving)@9.5
launchsite,Siege,2,obstacles,631,counter_battery_radar,1,12980,649.0,664.5,15.5,97.4,88.5,115.8,92.6,Move,OffRoute,fortress,,moved,0,,to (109.0;87.0) past ammo_depot(defence),ammo_depot(fixed)@6.9
launchsite,Siege,2,obstacles,562,thermobaric_launcher,1,13200,660.0,668.5,8.5,110.5,76.5,118.9,80.9,Move,BlockedByFriend,fortress,road,moved,0,,engineer_vehicle#545 moving,engineer_vehicle(moving)@4.7 mobile_fortress(parked)@8.2 heavy_tank(moving)@9.2
launchsite,Siege,2,obstacles,562,thermobaric_launcher,1,13870,693.5,702.5,9.0,105.6,79.5,86.1,76.2,Move,BlockedByFriend,fortress,,moved,0,,counter_battery_radar#631 moving,engineer_vehicle(moving)@7.2 mobile_fortress(parked)@8.6 counter_battery_radar(moving)@3.0 heavy_tank(moving)@9.4
saltflat,Siege,1,obstacles,265,ifv,0,1230,61.5,70.5,9.0,8.0,-7.4,11.8,-14.7,Move,Unknown,field,road,gave up,0,,speed 0.0 strikes 0,siege_tank(moving)@5.6 tank_trap@7 tank_trap@10 tank_trap@5
saltflat,Siege,1,obstacles,314,scout_jeep,1,1800,90.0,134.5,44.5,108.4,113.8,109.2,125.7,Idle,NoPath,fortress,route,moved,0,,goal (109.2;125.7) in open ground; other region (9 cells); fortress,radar_station(fixed)@6.7
saltflat,Siege,1,obstacles,343,heavy_tank,1,4090,204.5,214.5,10.0,81.7,119.3,125.0,115.0,AttackMove,BlockedByFriend,fortress,,moved,0,,mobile_fortress#353 moving,
saltflat,Siege,1,obstacles,326,siege_tank,0,4660,233.0,241.5,8.5,48.9,23.2,108.1,33.9,Move,Unknown,fortress,,moved,0,,speed 2.0 strikes 0,boulders@9 boulders@9
saltflat,Siege,1,obstacles,408,heavy_tank,0,9030,451.5,460.5,9.0,-93.1,-94.5,88.9,72.2,AttackMove,BlockedByFriend,camp0,road+route,moved,0,,titan_tank#405 moving,titan_tank(moving)@8.5 titan_tank(moving)@3.9 titan_tank(moving)@8.6
saltflat,Siege,1,obstacles,407,titan_tank,0,10620,531.0,540.0,9.0,-82.6,-89.0,-93.3,-93.1,Move,YieldWait,camp0,road,moved,0,,behind heavy_tank#408,heavy_tank(moving)@6.2 armored_bulldozer(moving)@9.5 aa_vehicle(moving)@5.3 aa_vehicle(moving)@3.9 aa_vehicle(moving)@7.6
saltflat,Siege,1,obstacles,355,siege_tank,0,12590,629.5,638.5,9.0,50.8,44.5,41.3,40.5,Move,BlockedByFriend,fortress,route,moved,0,,titan_tank#407 parked,titan_tank(parked)@6.9 ifv(parked)@7.3 ifv(parked)@7.7
borderbridge,Siege,2,full,1346,mobile_fortress,1,5540,277.0,287.0,10.0,100.7,118.6,139.5,132.9,AttackMove,BlockedByDefence,fortress,,moved,0,,c_ram#1225 parked,rocket_technical(parked)@7.4
borderbridge,Siege,2,full,1384,elite_heavy_tank,1,7460,373.0,382.0,9.0,120.4,115.1,125.7,139.6,AttackMove,BlockedByFriend,fortress,,moved,0,,elite_heavy_tank#1383 moving,elite_heavy_tank(moving)@6.9
borderbridge,Siege,2,full,1403,siege_tank,0,8420,421.0,430.5,9.5,19.9,19.9,-9.8,-5.6,Move,BlockedByFriend,fortress,,moved,0,,light_tank#1414 moving,main_battle_tank(moving)@4.4 ifv(moving)@6.8 ifv(moving)@8.1 scout_jeep(moving)@4.8 light_tank(moving)@2.7 river_water@9 river_water@6 river_water@4 river_water@9 river_water@8
borderbridge,Siege,2,full,1430,elite_mbt,1,10500,525.0,580.0,55.0,133.6,144.0,125.7,139.6,AttackMove,BlockedByFriend,fortress,narrow,moved,0,,shahed_truck#1292 parked,shahed_truck(parked)@4.9
borderbridge,Siege,2,full,1430,elite_mbt,1,11950,597.5,607.5,10.0,130.0,108.1,97.4,99.3,AttackMove,BlockedByFriend,fortress+gate,nopark,moved,0,,elite_heavy_tank#1384 parked,gun_pit(fixed)@5.3 elite_heavy_tank(parked)@4.9 elite_heavy_tank(parked)@8.0
borderbridge,Siege,2,full,1457,ifv,0,12430,621.5,631.0,9.5,19.9,14.2,77.3,76.0,AttackMove,BlockedByFriend,fortress,,moved,0,,siege_tank#1348 moving,siege_tank(moving)@5.8 siege_tank(moving)@6.9 scout_jeep(moving)@8.2 aa_vehicle(moving)@6.9 river_water@7 river_water@5 river_water@4 river_water@7 river_water@8 river_water@8 river_water@10
borderbridge,Siege,2,full,1348,siege_tank,0,12480,624.0,635.0,11.0,20.0,19.3,6.2,3.2,Move,BlockedByFriend,fortress,,moved,0,,ifv#1457 moving,siege_tank(moving)@8.6 siege_tank(moving)@8.1 ifv(moving)@6.1 scout_jeep(moving)@9.9 aa_vehicle(moving)@3.7 river_water@8 river_water@5 river_water@4 river_water@9 river_water@8
borderbridge,Siege,2,full,1472,light_tank,0,12820,641.0,649.5,8.5,18.4,24.1,83.5,76.3,AttackMove,BlockedByFriend,fortress,route,moved,0,,scout_jeep#1473 moving,scout_jeep(moving)@1.8 scout_jeep(moving)@2.2 river_water@10 river_water@7
borderbridge,Siege,2,full,1479,heavy_tank,1,13260,663.0,675.5,12.5,123.1,116.0,79.1,110.7,AttackMove,BlockedByFriend,fortress,,moved,0,,elite_heavy_tank#1383 moving,elite_heavy_tank(moving)@6.9 command_hq@9
borderbridge,Siege,2,full,1383,elite_heavy_tank,1,13370,668.5,678.0,9.5,116.1,116.0,125.0,115.0,AttackMove,BlockedByFriend,fortress,,gave up,0,,heavy_tank#1479 moving,heavy_tank(moving)@3.6
swamp,Siege,1,full,2519,light_tank,0,280,14.0,27.5,13.5,-64.0,-48.0,-51.4,-23.7,AttackMove,StalePath,field,,moved,0,,leg 5/5 to (-51.4;-23.7) crosses river_water (corner),scout_jeep(parked)@8.1 scout_jeep(moving)@3.4 river_water@6 river_water@9 river_water@9
swamp,Siege,1,full,2517,scout_jeep,0,310,15.5,33.5,18.0,-64.0,-44.6,-53.1,-48.6,AttackMove,YieldWait,field,route,moved,0,,behind light_tank#2519,scout_jeep(parked)@5.4 light_tank(moving)@3.4 river_water@4 river_water@6 river_water@8 river_water@9
swamp,Siege,1,full,2570,scout_jeep,1,510,25.5,39.0,13.5,123.8,116.0,117.0,115.1,Idle,YieldWait,camp1+gate,nopark,gave up,0,,behind scout_jeep#2566,aa_turret(fixed)@7.9 scout_jeep(parked)@3.9 command_hq@9
swamp,Siege,1,full,2579,siege_tank,0,1250,62.5,71.5,9.0,-102.9,-97.3,-71.0,-43.0,Move,BlockedByDefence,camp0,route,moved,0,,gun_pit#2554 parked,gun_pit(fixed)@5.9 armored_bulldozer(parked)@9.6 titan_tank(moving)@5.2
swamp,Siege,1,full,2565,siege_tank,0,1470,73.5,84.5,11.0,-48.4,-48.0,-53.0,-31.0,Move,BlockedByFriend,field,,moved,0,,siege_tank#2561 moving,siege_tank(moving)@7.2 river_water@9 river_water@5 river_water@9 river_water@4 river_water@8 river_water@9 river_water@6 river_water@4 river_water@6 river_water@9 river_water@9 river_water@8 river_water@9
swamp,Siege,1,full,2576,heavy_tank,0,1650,82.5,92.0,9.5,-87.3,-74.2,-93.0,-93.0,Move,BlockedByFriend,field,route,moved,0,,artillery#2583 moving,aa_turret(fixed)@6.3 artillery(moving)@5.9
swamp,Siege,1,full,2576,heavy_tank,0,2020,101.0,110.0,9.0,-84.4,-77.4,-93.0,-93.0,Move,Unknown,field,,moved,0,,speed 0.6 strikes 1,guard_tower(fixed)@7.0 armored_bulldozer(parked)@8.2 titan_tank(moving)@6.9 main_battle_tank(parked)@7.3
swamp,Siege,1,full,2563,siege_tank,0,2440,122.0,130.5,8.5,-10.6,-16.0,-21.0,-29.0,Move,Unknown,field,,moved,0,,speed 3.0 strikes 1,siege_tank(moving)@3.9 stone_wall@6 wall@9
swamp,Siege,1,full,2565,siege_tank,0,2680,134.0,148.5,14.5,-9.2,-16.0,28.1,11.7,Move,YieldWait,field,,moved,0,,behind siege_tank#2561,titan_tank(moving)@5.8 stone_wall@6 wall@8
swamp,Siege,1,full,2576,heavy_tank,0,3860,193.0,202.5,9.5,15.1,80.0,49.0,49.0,AttackMove,BlockedByFriend,field,,moved,0,,aa_vehicle#2592 moving,titan_tank(parked)@7.1 armored_bulldozer(moving)@6.9 aa_vehicle(moving)@5.5 river_water@8 river_water@7 river_water@8 river_water@5 river_water@9
swamp,Siege,1,full,2587,heavy_tank,0,3910,195.5,206.5,11.0,-86.0,-87.9,49.6,106.0,AttackMove,StalePath,camp0,,gave up,0,,leg 2/14 to (-87.0;-85.0) crosses guard_tower(defence),guard_tower(fixed)@5.6 aa_vehicle(parked)@7.6 aa_vehicle(parked)@8.5 armored_bulldozer(parked)@8.7
swamp,Siege,1,full,2601,wheeled_gun,1,3950,197.5,312.0,114.5,128.3,98.9,133.5,138.3,Idle,NoPath,camp1,,moved,0,,goal (133.5;138.3) in open ground; other region (62 cells); field,mg_bunker(fixed)@5.2 base_wall@6 base_wall@8
swamp,Siege,1,full,2588,aa_vehicle,0,4620,231.0,239.5,8.5,-87.0,-73.0,-100.9,-87.8,Move,BlockedByFriend,field,route,moved,0,,titan_tank#2606 moving,aa_turret(fixed)@5.8 armored_bulldozer(parked)@5.4 titan_tank(moving)@6.6
swamp,Siege,1,full,2576,heavy_tank,0,4840,242.0,255.0,12.5,33.9,105.3,13.0,97.0,Move,BlockedByFriend,field,road,died,0,,titan_tank#2590 parked,titan_tank(parked)@5.0 aa_vehicle(moving)@8.9 river_water@9 tank_trap@8
swamp,Siege,1,full,2595,aa_vehicle,0,4860,243.0,255.0,11.5,25.0,108.0,50.0,138.0,AttackMove,YieldWait,field,,died,0,,behind titan_tank#2590,heavy_tank(moving)@9.0 titan_tank(moving)@4.1 titan_tank(parked)@4.4 river_water@10 river_water@6 river_water@9 river_water@4 river_water@8 river_water@5 river_water@9
swamp,Siege,1,full,2563,siege_tank,0,5650,282.5,292.0,9.5,26.5,59.6,-23.3,4.2,Move,BlockedByFriend,field,,moved,0,,armored_bulldozer#2605 moving,artillery(moving)@9.5 armored_bulldozer(moving)@7.0 armored_bulldozer(moving)@5.8 river_water@8 river_water@9
swamp,Siege,1,full,2589,siege_tank,0,5720,286.0,294.5,8.5,14.3,56.2,-21.0,7.0,Move,BlockedByFriend,field,,moved,0,,artillery#2599 moving,siege_tank(moving)@9.7 siege_tank(moving)@6.8 artillery(moving)@4.2 main_battle_tank(moving)@7.1 armored_bulldozer(moving)@9.7 river_water@8 river_water@8 river_water@5
swamp,Siege,1,full,2565,siege_tank,0,5800,290.0,299.5,9.5,23.8,23.6,51.5,23.8,Move,StalePath,field,,moved,0,,leg 2/2 to (51.5;23.8) crosses river_water (corner),artillery(moving)@9.9 river_water@6 river_water@9 river_water@9
swamp,Siege,1,full,2606,titan_tank,0,6220,311.0,324.5,13.5,24.0,41.0,71.8,97.4,AttackMove,YieldWait,field,route,moved,0,,behind siege_tank#2563,siege_tank(moving)@4.8 siege_tank(moving)@9.9 armored_bulldozer(moving)@6.2 river_water@10 river_water@6 river_water@4 river_water@5 river_water@8 river_water@9 river_water@8 river_water@9
swamp,Siege,1,full,2626,titan_tank,0,7080,354.0,363.5,9.5,-102.6,-98.4,21.0,107.0,AttackMove,BlockedByDefence,camp0,route,moved,0,,gun_pit#2554 parked,gun_pit(fixed)@6.4 armored_bulldozer(moving)@8.4
swamp,Siege,1,full,2636,vbied,1,7590,379.5,388.0,8.5,96.6,105.0,110.7,123.7,Move,NoPath,camp1,route,moved,0,,goal (117.0;149.0) in open ground; other region (62 cells); field,heavy_turret(fixed)@8.5
swamp,Siege,1,full,2635,vbied,1,7730,386.5,398.5,12.0,49.6,79.4,117.0,149.0,Idle,NoPath,field,,moved,0,,goal (117.0;149.0) in open ground; other region (62 cells); field,river_water@7 river_water@6 river_water@7
swamp,Siege,1,full,2623,aa_vehicle,0,7880,394.0,402.5,8.5,1.7,-4.1,58.0,85.2,AttackMove,BlockedByFriend,field+gate,nopark,moved,0,,aa_vehicle#2634 moving,ifv(moving)@5.0 aa_vehicle(moving)@4.1 ruin@8 wall@8
swamp,Siege,1,full,2565,siege_tank,0,8270,413.5,425.0,11.5,16.3,26.3,-21.4,-17.2,Move,BlockedByFriend,field,route,moved,0,,armored_bulldozer#2629 moving,aa_vehicle(moving)@6.1 armored_bulldozer(moving)@4.0 armored_bulldozer(moving)@5.0 river_water@8 river_water@5 river_water@7
swamp,Siege,1,full,2580,twin_tank,1,8460,423.0,457.5,34.5,110.7,119.1,118.7,137.3,Idle,NoPath,camp1,,moved,0,,goal (118.7;137.3) in open ground; other region (68 cells); camp1,aa_turret(fixed)@9.9 turtle_tank(parked)@8.1 wheeled_gun(parked)@6.7
swamp,Siege,1,full,2580,twin_tank,1,9150,457.5,477.0,19.5,109.9,120.8,118.7,137.3,Idle,NoPath,camp1,,gave up,0,,goal (118.7;137.3) in open ground; other region (68 cells); camp1,aa_turret(fixed)@8.2 vbied(parked)@8.9 wheeled_gun(parked)@4.8 command_vehicle(parked)@9.5
swamp,Siege,1,full,2639,wheeled_gun,1,9180,459.0,494.5,35.5,113.8,117.8,119.4,135.8,Idle,NoPath,camp1,,moved,0,,goal (119.4;135.8) in open ground; other region (68 cells); camp1,twin_tank(parked)@4.8 turtle_tank(parked)@6.9 vbied(parked)@4.1 command_vehicle(parked)@9.8
swamp,Siege,1,full,2650,flame_tank,1,9530,476.5,508.0,31.5,101.0,105.7,118.7,137.3,Idle,NoPath,camp1,route,moved,0,,goal (118.7;137.3) in open ground; other region (68 cells); camp1,command_vehicle(parked)@8.0
swamp,Siege,1,full,2579,siege_tank,0,10050,502.5,511.5,9.0,-7.7,-4.7,-45.3,-16.3,Move,StalePath,field+gate,route+nopark,gave up,0,,leg 5/5 to (-45.3;-16.3) crosses river_water (corner),siege_tank(moving)@6.1 aa_vehicle(moving)@6.5 titan_tank(moving)@5.9 heavy_tank(moving)@4.4 stone_wall@6 wall@8
swamp,Siege,1,full,2641,titan_tank,0,10080,504.0,519.5,15.5,-11.5,0.0,14.6,68.6,AttackMove,YieldWait,field+gate,route+narrow+nopark,moved,0,,behind siege_tank#2561,siege_tank(moving)@7.6 siege_tank(moving)@6.0 aa_vehicle(moving)@9.5 heavy_tank(moving)@5.4 temple_ruin@9
swamp,Siege,1,full,2561,siege_tank,0,10130,506.5,518.0,11.5,-3.6,0.0,-53.0,-17.0,Move,YieldWait,field+gate,route+nopark,moved,0,,behind titan_tank#2641,siege_tank(moving)@4.9 heavy_tank(moving)@8.2 titan_tank(moving)@8.0 heavy_tank(moving)@9.4 temple_ruin@10
swamp,Siege,1,full,2642,heavy_tank,0,10130,506.5,519.5,13.0,-12.0,-4.2,27.6,100.3,AttackMove,YieldWait,field+gate,route+nopark,gave up,0,,waiting on a yield,siege_tank(moving)@9.4 siege_tank(moving)@8.5 aa_vehicle(moving)@5.0 titan_tank(moving)@4.3 armored_bulldozer(moving)@6.2 stone_wall@6
swamp,Siege,1,full,2639,wheeled_gun,1,10140,507.0,516.0,9.0,105.1,123.0,119.4,135.8,Idle,NoPath,camp1,,gave up,0,,goal (119.4;135.8) in open ground; other region (68 cells); camp1,mg_bunker(fixed)@6.1 aa_turret(fixed)@7.7 aa_turret.flak(fixed)@9.7 twin_tank(parked)@8.7
swamp,Siege,1,full,2638,aa_vehicle,0,10150,507.5,526.0,18.5,-12.0,-8.6,19.0,80.9,AttackMove,OffRoute,field,,moved,0,,to (-11.0;-1.0) past stone_wall,siege_tank(moving)@10.0 titan_tank(moving)@9.0 titan_tank(moving)@8.6 heavy_tank(moving)@4.3 armored_bulldozer(moving)@7.8 stone_wall@2 wall@9
swamp,Siege,1,full,2650,flame_tank,1,10160,508.0,522.0,14.0,103.6,106.3,118.7,137.3,Idle,NoPath,camp1,route,moved,0,,goal (118.7;137.3) in open ground; other region (68 cells); camp1,command_vehicle(parked)@6.2
swamp,Siege,1,full,2622,artillery,0,10520,526.0,535.0,9.0,6.6,3.2,-24.5,2.4,Move,YieldWait,field+gate,route+nopark,moved,0,,behind siege_tank#2589,siege_tank(moving)@6.6 siege_tank(moving)@6.4
swamp,Siege,1,full,2589,siege_tank,0,10600,530.0,539.0,9.0,3.3,-1.8,-31.0,3.0,Move,YieldWait,field+gate,route+narrow+nopark,moved,0,,behind siege_tank#2561,siege_tank(moving)@8.9 siege_tank(moving)@6.6 artillery(moving)@5.8 titan_tank(moving)@5.8 ruin@8
swamp,Siege,1,full,2563,siege_tank,0,10630,531.5,541.5,10.0,0.0,4.8,-17.0,-1.0,Move,StalePath,field+gate,nopark,moved,0,,leg 2/2 to (-17.0;-1.0) crosses temple_ruin,siege_tank(moving)@8.5 artillery(moving)@6.2 temple_ruin@9
swamp,Siege,1,full,2622,artillery,0,10700,535.0,551.0,16.0,6.2,4.2,-24.5,2.4,Move,YieldWait,field,route,moved,0,,behind siege_tank#2589,siege_tank(moving)@6.5 siege_tank(moving)@5.7 titan_tank(moving)@9.9
swamp,Siege,1,full,2641,titan_tank,0,10720,536.0,550.0,14.0,2.0,-4.6,14.6,68.6,AttackMove,YieldWait,field+gate,nopark,moved,0,,behind siege_tank#2589,siege_tank(moving)@4.1 artillery(moving)@9.9 heavy_tank(moving)@5.2 ruin@8 wall@8
swamp,Siege,1,full,2650,flame_tank,1,10790,539.5,551.0,11.5,111.7,107.0,118.7,137.3,Idle,NoPath,camp1,,moved,0,,goal (118.7;137.3) in open ground; other region (68 cells); camp1,twin_tank(moving)@9.4 wheeled_gun(moving)@7.9 command_vehicle(parked)@6.6
swamp,Siege,1,full,2642,heavy_tank,0,10840,542.0,554.0,12.0,-3.5,-4.3,16.7,42.3,AttackMove,YieldWait,field+gate,nopark,moved,0,,behind titan_tank#2641,siege_tank(moving)@8.4 aa_vehicle(moving)@9.2 titan_tank(moving)@4.7 stone_wall@9 wall@7
swamp,Siege,1,full,2657,heavy_tank,0,10890,544.5,555.5,11.0,-92.7,-84.3,19.2,83.8,AttackMove,BlockedByFriend,camp0,,moved,0,,armored_bulldozer#2654 moving,aa_vehicle(parked)@4.3 main_battle_tank(moving)@6.8 armored_bulldozer(moving)@6.4 ifv(moving)@7.3
swamp,Siege,1,full,2589,siege_tank,0,10970,548.5,560.0,11.5,0.2,2.3,-31.0,3.0,Move,BlockedByFriend,field+gate,route+nopark,moved,0,,aa_vehicle#2638 moving,siege_tank(moving)@6.4 aa_vehicle(moving)@5.8 heavy_tank(moving)@6.8
swamp,Siege,1,full,2642,heavy_tank,0,11080,554.0,562.5,8.5,2.0,-2.4,16.7,42.3,AttackMove,BlockedByFriend,field+gate,route+narrow+nopark,moved,0,,armored_bulldozer#2645 moving,siege_tank(moving)@9.7 aa_vehicle(moving)@3.9 armored_bulldozer(moving)@6.5 ruin@9 wall@10
swamp,Siege,1,full,2638,aa_vehicle,0,11100,555.0,564.5,9.5,-2.0,-3.3,19.0,80.9,AttackMove,YieldWait,field+gate,route+nopark,moved,0,,behind heavy_tank#2642,titan_tank(moving)@5.4 heavy_tank(moving)@5.1 armored_bulldozer(moving)@3.9 wall@8
swamp,Siege,1,full,2645,armored_bulldozer,0,11220,561.0,579.5,18.5,-3.2,0.0,12.7,101.8,AttackMove,YieldWait,field+gate,route+nopark,moved,0,,behind heavy_tank#2642,siege_tank(moving)@8.8 siege_tank(moving)@6.3 titan_tank(moving)@5.5
swamp,Siege,1,full,2653,armored_bulldozer,0,11420,571.0,580.0,9.0,-10.2,-0.6,10.4,63.2,AttackMove,YieldWait,field+gate,route+narrow+nopark,moved,0,,behind armored_bulldozer#2645,armored_bulldozer(moving)@6.5 armored_bulldozer(moving)@7.3 temple_ruin@9 stone_wall@9
swamp,Siege,1,full,2638,aa_vehicle,0,11730,586.5,596.0,9.5,26.0,79.7,55.9,49.4,Idle,StalePath,field,,moved,0,,leg 2/11 to (27.0;77.0) crosses river_water,titan_tank(moving)@9.3 titan_tank(parked)@4.7 river_water@5 river_water@9 river_water@7 river_water@6
swamp,Siege,1,full,2653,armored_bulldozer,0,11730,586.5,595.0,8.5,4.3,1.6,10.4,63.2,AttackMove,Unknown,field+gate,route+nopark,moved,0,,speed 3.6 strikes 1,siege_tank(moving)@5.3 siege_tank(moving)@9.4 armored_bulldozer(moving)@5.3
swamp,Siege,1,full,2638,aa_vehicle,0,11950,597.5,607.5,10.0,26.2,78.7,28.9,69.5,AttackMove,BlockedByFriend,field,,moved,0,,titan_tank#2627 moving,titan_tank(moving)@5.8 river_water@6 river_water@9 river_water@6 river_water@6
swamp,Siege,1,full,2579,siege_tank,0,12490,624.5,633.0,8.5,-11.1,18.5,-29.0,61.0,Move,BlockedByFriend,field,,moved,0,,siege_tank#2561 moving,siege_tank(moving)@6.6 barricade@8
swamp,Siege,1,full,2666,artillery,0,12760,638.0,646.5,8.5,0.1,18.5,-13.0,19.0,Move,YieldWait,field+gate,nopark,moved,0,,behind siege_tank#2561,barricade@4
swamp,Siege,1,full,2565,siege_tank,0,12840,642.0,653.0,11.0,8.8,58.4,-7.0,61.0,Move,YieldWait,field,,moved,0,,behind armored_bulldozer#2653,armored_bulldozer(parked)@9.7 heavy_tank(parked)@6.0 artillery(moving)@5.0 armored_bulldozer(parked)@9.0 river_water@9 river_water@8 river_water@5 river_water@6 river_water@7
swamp,Siege,1,full,2626,titan_tank,0,12840,642.0,661.0,19.0,16.3,86.5,16.6,61.9,AttackMove,YieldWait,field,,moved,0,,behind heavy_tank#2657,heavy_tank(moving)@5.7 aa_vehicle(moving)@8.4 aa_vehicle(moving)@4.3 river_water@9 river_water@8 river_water@10 river_water@5 river_water@5 river_water@7
swamp,Siege,1,full,2600,turtle_tank,1,12960,648.0,657.0,9.0,108.0,134.0,119.0,115.0,AttackMove,BlockedByDefence,camp1,,moved,0,,mg_bunker#2544 parked,mg_bunker(fixed)@6.4 aa_turret(fixed)@5.4 command_vehicle(moving)@8.6
swamp,Siege,1,full,2561,siege_tank,0,13260,663.0,671.5,8.5,16.0,53.7,-29.0,61.0,Move,YieldWait,field,,moved,0,,behind main_battle_tank#2651,siege_tank(moving)@9.5 titan_tank(parked)@5.6 heavy_tank(moving)@5.7 main_battle_tank(moving)@7.1 armored_bulldozer(moving)@4.1 aa_vehicle(moving)@8.8 river_water@10 river_water@8 river_water@7 river_water@4
swamp,Siege,1,full,2655,ifv,0,13540,677.0,686.0,9.0,13.5,70.7,13.2,63.2,AttackMove,BlockedByFriend,field,,moved,0,,titan_tank#2627 parked,siege_tank(moving)@6.9 titan_tank(moving)@5.9 titan_tank(parked)@4.0 aa_vehicle(parked)@4.8 titan_tank(parked)@9.5 main_battle_tank(moving)@3.5 armored_bulldozer(moving)@7.1 aa_vehicle(parked)@9.0 river_water@10 river_water@6 river_water@8
swamp,Siege,1,full,2600,turtle_tank,1,13630,681.5,690.5,9.0,91.9,140.1,119.0,115.0,AttackMove,BlockedByFriend,field+gate,nopark,moved,0,,counter_battery_radar#2667 moving,aa_turret.flak(fixed)@6.2 command_vehicle(parked)@9.6 counter_battery_radar(moving)@8.2 vbied(moving)@8.2
swamp,Siege,1,full,2645,armored_bulldozer,0,14170,708.5,718.0,9.5,13.9,67.7,-6.8,62.2,AttackMove,YieldWait,field,,moved,0,,behind aa_vehicle#2661,siege_tank(moving)@9.4 titan_tank(parked)@9.4 titan_tank(moving)@9.4 aa_vehicle(parked)@6.2 titan_tank(parked)@5.9 main_battle_tank(parked)@4.0 ifv(parked)@5.7 titan_tank(parked)@7.5 aa_vehicle(parked)@6.2 artillery(moving)@6.3 aa_vehicle(parked)@7.5 river_water@7
swamp,Siege,1,full,2561,siege_tank,0,14200,710.0,719.0,9.0,5.4,63.0,-29.0,61.0,Move,BlockedByFriend,field,road,moved,0,,titan_tank#2627 parked,armored_bulldozer(parked)@3.8 titan_tank(parked)@5.2 heavy_tank(parked)@7.4 armored_bulldozer(moving)@9.2 aa_vehicle(parked)@6.9 armored_bulldozer(parked)@6.8 ifv(parked)@4.0 aa_vehicle(moving)@4.5 artillery(moving)@7.9 river_water@9 river_water@7 river_water@9 river_water@9
swamp,Siege,1,full,2589,siege_tank,0,14280,714.0,723.0,9.0,20.7,49.4,-7.0,61.0,Move,BlockedByFriend,field,road+route,moved,0,,aa_vehicle#2663 moving,aa_vehicle(moving)@8.3 aa_vehicle(moving)@6.0 siege_tank(moving)@9.5 main_battle_tank(moving)@4.3 river_water@9 river_water@9 river_water@9 river_water@7 river_water@8
swamp,Siege,1,full,2665,siege_tank,0,14290,714.5,723.0,8.5,17.6,58.6,-5.0,61.0,Move,BlockedByFriend,field,,moved,0,,titan_tank#2659 moving,siege_tank(moving)@8.0 siege_tank(moving)@9.2 heavy_tank(parked)@8.2 armored_bulldozer(moving)@8.2 titan_tank(moving)@4.8 aa_vehicle(parked)@7.5 aa_vehicle(moving)@4.1 artillery(moving)@8.3 river_water@9
swamp,Siege,1,full,2561,siege_tank,0,14380,719.0,730.0,11.0,4.4,64.4,-29.0,61.0,Move,BlockedByFriend,field,road,moved,0,,titan_tank#2627 parked,armored_bulldozer(moving)@4.7 titan_tank(parked)@3.6 armored_bulldozer(moving)@6.0 aa_vehicle(parked)@6.9 artillery(moving)@5.1 armored_bulldozer(parked)@7.4 ifv(parked)@4.7 aa_vehicle(parked)@9.1 artillery(moving)@8.0 river_water@10 river_water@9 river_water@8 river_water@8 river_water@8
swamp,Siege,1,full,2563,siege_tank,0,14440,722.0,736.0,14.0,24.0,59.1,-29.0,61.0,Move,BlockedByFriend,field,route,moved,0,,siege_tank#2589 moving,siege_tank(moving)@6.2 titan_tank(parked)@3.3 aa_vehicle(parked)@9.6 aa_vehicle(moving)@8.8 aa_vehicle(moving)@6.3 main_battle_tank(moving)@7.5 river_water@8
swamp,Siege,1,full,2649,artillery,0,14490,724.5,735.5,11.0,-0.2,61.6,-15.0,31.0,Move,YieldWait,field,,moved,0,,behind siege_tank#2561,siege_tank(moving)@6.0 siege_tank(moving)@9.5 armored_bulldozer(moving)@4.0 titan_tank(parked)@9.3 armored_bulldozer(moving)@7.8 aa_vehicle(moving)@3.8 armored_bulldozer(parked)@7.2 artillery(moving)@10.0 river_water@10 river_water@7 river_water@10 river_water@6 river_water@7
swamp,Siege,1,full,2609,armored_bulldozer,0,14500,725.0,740.0,15.0,3.3,60.1,7.0,67.0,AttackMove,YieldWait,field,,moved,0,,behind siege_tank#2561,siege_tank(moving)@8.2 titan_tank(parked)@8.4 armored_bulldozer(moving)@4.6 aa_vehicle(moving)@7.7 artillery(moving)@3.9 ifv(parked)@9.2 aa_vehicle(moving)@8.3 artillery(moving)@6.1 river_water@8 river_water@9 river_water@5 river_water@8 river_water@4 river_water@9
swamp,Siege,1,full,2589,siege_tank,0,14510,725.5,734.5,9.0,23.4,54.2,-7.0,61.0,Move,BlockedByFriend,field,route,moved,0,,aa_vehicle#2662 moving,siege_tank(moving)@5.7 heavy_tank(moving)@9.7 aa_vehicle(moving)@3.8 aa_vehicle(moving)@8.0 main_battle_tank(moving)@7.3 river_water@8 river_water@5 river_water@9
swamp,Siege,1,full,2666,artillery,0,14510,725.5,736.5,11.0,8.4,56.8,-5.0,61.0,Move,OffRoute,field,,moved,0,,to (-5.0;61.0) past river_water,armored_bulldozer(moving)@6.2 heavy_tank(moving)@5.5 armored_bulldozer(moving)@6.6 artillery(moving)@10.0 ifv(parked)@8.4 aa_vehicle(moving)@3.4 aa_vehicle(moving)@7.0 main_battle_tank(moving)@9.7 river_water@10 river_water@8 river_water@10 river_water@7 river_water@4 river_water@9 river_water@5 river_water@10 river_water@6
swamp,Siege,1,full,2665,siege_tank,0,14590,729.5,741.5,12.0,12.3,68.0,-5.0,61.0,Move,BlockedByFriend,field,,moved,0,,ifv#2655 moving,titan_tank(parked)@9.7 titan_tank(parked)@5.2 aa_vehicle(parked)@7.6 titan_tank(parked)@6.8 armored_bulldozer(moving)@6.7 main_battle_tank(parked)@4.0 ifv(moving)@3.1 artillery(moving)@8.4 aa_vehicle(parked)@7.8 main_battle_tank(moving)@5.8 river_water@9 river_water@6 river_water@9
swamp,Siege,1,full,2677,titan_tank,0,14590,729.5,740.0,10.5,-94.2,-82.4,14.1,67.8,AttackMove,BlockedByFriend,camp0,route,moved,0,,armored_bulldozer#2671 moving,armored_bulldozer(moving)@6.0 titan_tank(moving)@6.9
swamp,Siege,1,full,2653,armored_bulldozer,0,14680,734.0,745.0,11.0,-6.6,66.8,3.2,62.3,AttackMove,YieldWait,field,road,moved,0,,behind artillery#2649,siege_tank(moving)@6.2 siege_tank(parked)@7.4 siege_tank(moving)@7.1 armored_bulldozer(parked)@9.4 aa_vehicle(moving)@4.4 river_water@7 river_water@5 river_water@9 river_water@6 river_water@10 river_water@8
swamp,Siege,1,full,2665,siege_tank,0,14830,741.5,751.5,10.0,15.3,69.7,-5.0,61.0,Move,BlockedByFriend,field,,moved,0,,ifv#2655 parked,titan_tank(moving)@8.2 titan_tank(moving)@7.4 heavy_tank(parked)@6.6 main_battle_tank(parked)@5.3 armored_bulldozer(moving)@8.5 ifv(parked)@4.3 heavy_tank(moving)@6.2 aa_vehicle(moving)@9.3 artillery(moving)@7.0 aa_vehicle(moving)@3.5 main_battle_tank(moving)@8.6 river_water@8 river_water@10
swamp,Siege,1,full,2649,artillery,0,15000,750.0,759.0,9.0,9.9,59.5,-15.0,31.0,Move,YieldWait,field,,moved,0,,behind siege_tank#2563,siege_tank(moving)@5.1 armored_bulldozer(parked)@4.2 titan_tank(parked)@9.3 heavy_tank(parked)@6.4 aa_vehicle(moving)@9.1 armored_bulldozer(parked)@8.4 ifv(moving)@7.6 aa_vehicle(parked)@3.9 aa_vehicle(moving)@6.1 aa_vehicle(parked)@3.7 river_water@9 river_water@7 river_water@8 river_water@8
swamp,Siege,1,full,2645,armored_bulldozer,0,15070,753.5,765.5,12.0,-0.9,60.1,14.0,65.8,AttackMove,BlockedByFriend,field,,moved,0,,armored_bulldozer#2609 moving,siege_tank(parked)@8.8 siege_tank(moving)@6.5 armored_bulldozer(moving)@6.2 aa_vehicle(parked)@6.3 artillery(parked)@5.0 river_water@8 river_water@9 river_water@5 river_water@8 river_water@4 river_water@9 river_water@6
swamp,Siege,1,full,2665,siege_tank,0,15070,753.5,767.0,13.5,19.4,69.1,31.8,68.3,Move,BlockedByFriend,field,,moved,0,,titan_tank#2659 parked,siege_tank(moving)@8.3 siege_tank(moving)@9.3 titan_tank(moving)@8.0 artillery(moving)@8.5 main_battle_tank(parked)@9.2 armored_bulldozer(moving)@9.9 ifv(parked)@8.8 heavy_tank(moving)@4.0 titan_tank(parked)@5.6 aa_vehicle(parked)@8.5
swamp,Siege,1,full,2563,siege_tank,0,15090,754.5,763.5,9.0,10.3,64.3,-29.0,61.0,Move,BlockedByFriend,field,,moved,0,,armored_bulldozer#2609 moving,armored_bulldozer(moving)@6.0 titan_tank(parked)@6.3 heavy_tank(parked)@8.9 aa_vehicle(parked)@8.0 artillery(moving)@7.9 ifv(parked)@3.5 heavy_tank(moving)@6.6 aa_vehicle(moving)@5.9 aa_vehicle(moving)@2.9 aa_vehicle(moving)@6.1 siege_tank(moving)@9.9 river_water@10 river_water@8
swamp,Siege,1,full,2677,titan_tank,0,15160,758.0,770.0,12.0,-97.7,-86.9,24.7,97.8,AttackMove,BlockedByFriend,camp0,route,moved,0,,armored_bulldozer#2671 parked,gun_pit(fixed)@7.1 armored_bulldozer(parked)@4.3 titan_tank(moving)@8.4 heavy_tank(parked)@6.5
swamp,Siege,1,full,2589,siege_tank,0,15280,764.0,774.0,10.0,24.3,63.3,-7.0,61.0,Move,BlockedByFriend,field,route,moved,0,,aa_vehicle#2662 moving,titan_tank(parked)@6.2 armored_bulldozer(moving)@7.5 heavy_tank(moving)@6.0 titan_tank(moving)@6.7 aa_vehicle(moving)@5.8 aa_vehicle(moving)@9.1 main_battle_tank(moving)@8.9
swamp,Siege,1,full,2675,rocket_technical,1,15500,775.0,786.0,11.0,99.5,133.4,83.9,130.9,Move,GateWait,camp1,,moved,0,,doorway 0,mg_bunker(fixed)@6.3 aa_turret.flak(fixed)@6.6 fpv_carrier(moving)@6.9 iron_beam(moving)@8.9
swamp,Siege,1,full,2653,armored_bulldozer,0,15520,776.0,790.5,14.5,-11.2,60.5,3.2,62.3,AttackMove,BlockedByFriend,field+gate,nopark,moved,0,,siege_tank#2561 parked,siege_tank(parked)@4.9 siege_tank(moving)@6.0 siege_tank(parked)@9.2 artillery(parked)@6.7 river_water@10 river_water@9 river_water@10 river_water@7 river_water@5 river_water@9 river_water@5 river_water@9 river_water@6 river_water@8
swamp,Siege,1,full,2563,siege_tank,0,15570,778.5,791.5,13.0,6.8,66.9,-29.0,61.0,Move,YieldWait,field,,moved,0,,behind aa_vehicle#2646,armored_bulldozer(parked)@4.6 titan_tank(moving)@6.0 armored_bulldozer(moving)@7.0 aa_vehicle(moving)@6.8 main_battle_tank(moving)@9.3 ifv(parked)@6.9 aa_vehicle(parked)@5.3 aa_vehicle(parked)@7.6 river_water@9 river_water@6 river_water@10 river_water@5 river_water@9
swamp,Siege,1,full,2665,siege_tank,0,15590,779.5,791.0,11.5,16.7,67.8,-5.0,61.0,Move,BlockedByFriend,field,,moved,0,,aa_vehicle#2661 parked,siege_tank(moving)@8.5 armored_bulldozer(parked)@8.6 titan_tank(moving)@6.2 main_battle_tank(moving)@8.6 ifv(parked)@5.6 heavy_tank(parked)@8.9 titan_tank(parked)@9.5 aa_vehicle(parked)@4.7 main_battle_tank(moving)@5.8 river_water@10
swamp,Siege,1,full,2627,titan_tank,0,15630,781.5,791.5,10.0,0.3,68.0,19.9,58.2,AttackMove,BlockedByFriend,field,,moved,0,,aa_vehicle#2646 parked,siege_tank(moving)@6.8 siege_tank(parked)@8.2 armored_bulldozer(moving)@8.5 aa_vehicle(parked)@5.9 artillery(parked)@5.9 river_water@9 river_water@6 river_water@9 river_water@4 river_water@8 river_water@6 river_water@9 river_water@9
swamp,Siege,1,full,2589,siege_tank,0,15670,783.5,798.5,15.0,13.5,59.5,-7.0,61.0,Move,BlockedByFriend,field,,moved,0,,armored_bulldozer#2609 moving,armored_bulldozer(moving)@3.9 heavy_tank(parked)@4.4 armored_bulldozer(moving)@8.4 armored_bulldozer(parked)@10.0 heavy_tank(parked)@7.7 aa_vehicle(parked)@7.1 aa_vehicle(parked)@6.5 siege_tank(moving)@9.0 aa_vehicle(parked)@5.3 river_water@9 river_water@8
swamp,Siege,1,full,2627,titan_tank,0,15830,791.5,800.5,9.0,-0.3,64.9,19.9,58.2,AttackMove,BlockedByFriend,field,road,moved,0,,armored_bulldozer#2653 moving,siege_tank(parked)@5.2 siege_tank(moving)@5.5 siege_tank(moving)@9.0 siege_tank(parked)@7.4 armored_bulldozer(moving)@9.9 armored_bulldozer(moving)@3.3 artillery(moving)@8.2 aa_vehicle(moving)@9.6 river_water@10 river_water@8 river_water@9 river_water@7 river_water@10 river_water@8
swamp,Siege,1,full,2563,siege_tank,0,15850,792.5,819.0,26.5,4.5,68.0,-5.0,61.0,Move,YieldWait,field,,moved,0,,behind titan_tank#2627,siege_tank(parked)@8.3 siege_tank(parked)@8.0 titan_tank(moving)@5.5 armored_bulldozer(moving)@7.1 armored_bulldozer(moving)@9.1 aa_vehicle(moving)@9.2 siege_tank(moving)@7.8 aa_vehicle(moving)@8.7 river_water@9 river_water@6 river_water@9 river_water@4 river_water@8 river_water@5 river_water@9
swamp,Siege,1,full,2663,aa_vehicle,0,15850,792.5,809.0,16.5,10.0,56.0,20.4,59.0,AttackMove,BlockedByFriend,field,,moved,0,,siege_tank#2589 moving,siege_tank(parked)@9.0 siege_tank(parked)@6.2 siege_tank(moving)@3.1 armored_bulldozer(parked)@7.5 heavy_tank(moving)@8.4 armored_bulldozer(moving)@7.6 aa_vehicle(moving)@9.5 aa_vehicle(moving)@4.5 river_water@7 river_water@6 river_water@8 river_water@4 river_water@8 river_water@4
swamp,Siege,1,full,2669,aa_vehicle,0,15850,792.5,801.0,8.5,8.1,60.1,13.3,63.4,AttackMove,YieldWait,field,,gave up,0,,behind siege_tank#2589,siege_tank(parked)@6.1 siege_tank(moving)@8.7 siege_tank(parked)@2.7 siege_tank(moving)@5.5 armored_bulldozer(parked)@8.0 titan_tank(moving)@9.3 armored_bulldozer(moving)@3.9 aa_vehicle(moving)@7.1 aa_vehicle(moving)@4.5 river_water@9 river_water@9 river_water@6 river_water@8 river_water@9
swamp,Siege,1,full,2671,armored_bulldozer,0,15870,793.5,802.5,9.0,-88.3,-76.9,-95.0,-89.0,Move,BlockedByFriend,field,route,moved,0,,titan_tank#2677 moving,aa_turret(fixed)@7.8 guard_tower(fixed)@9.5 titan_tank(moving)@7.1
swamp,Siege,1,full,2589,siege_tank,0,15970,798.5,817.0,18.5,12.7,56.9,-7.0,61.0,Move,BlockedByFriend,field,,moved,0,,artillery#2649 moving,siege_tank(parked)@9.9 siege_tank(parked)@8.7 armored_bulldozer(moving)@6.8 armored_bulldozer(parked)@7.0 artillery(moving)@5.4 main_battle_tank(moving)@6.4 armored_bulldozer(moving)@9.6 aa_vehicle(moving)@4.7 aa_vehicle(parked)@6.0 river_water@10 river_water@9 river_water@7 river_water@9 river_water@5
swamp,Siege,1,full,2627,titan_tank,0,16010,800.5,816.5,16.0,1.4,64.6,19.9,58.2,AttackMove,BlockedByFriend,field,road,moved,0,,siege_tank#2561 parked,siege_tank(parked)@5.0 siege_tank(moving)@7.4 siege_tank(parked)@9.9 siege_tank(parked)@5.7 armored_bulldozer(moving)@3.7 artillery(moving)@8.7 aa_vehicle(moving)@7.9 river_water@9 river_water@9 river_water@8 river_water@9 river_water@8 river_water@10
swamp,Siege,1,full,2653,armored_bulldozer,0,16080,804.0,825.5,21.5,-1.6,61.7,19.6,42.5,AttackMove,YieldWait,field,,moved,0,,behind titan_tank#2627,siege_tank(parked)@4.2 siege_tank(moving)@6.8 siege_tank(parked)@8.2 titan_tank(moving)@4.7 artillery(moving)@6.2 river_water@9 river_water@10 river_water@6 river_water@10 river_water@6 river_water@8
swamp,Siege,1,full,2665,siege_tank,0,16080,804.0,832.0,28.0,12.3,72.8,-5.0,61.0,Move,BlockedByFriend,field,,moved,0,,aa_vehicle#2661 parked,siege_tank(moving)@7.6 titan_tank(moving)@9.8 armored_bulldozer(parked)@8.3 ifv(moving)@6.6 aa_vehicle(parked)@5.9 river_water@8 river_water@9 river_water@4 river_water@5 river_water@8
swamp,Siege,1,full,2651,main_battle_tank,0,16140,807.0,820.5,13.5,14.5,61.1,19.7,49.9,AttackMove,BlockedByFriend,field,,moved,0,,armored_bulldozer#2609 moving,siege_tank(parked)@9.5 siege_tank(moving)@5.1 armored_bulldozer(moving)@3.8 titan_tank(moving)@4.6 armored_bulldozer(moving)@5.4 artillery(moving)@5.9 heavy_tank(moving)@8.3 aa_vehicle(moving)@7.9 aa_vehicle(moving)@7.0 aa_vehicle(moving)@6.1 river_water@9
swamp,Siege,1,full,2649,artillery,0,16180,809.0,829.0,20.0,16.3,55.2,-7.0,61.0,Move,BlockedByFriend,field,,moved,0,,armored_bulldozer#2609 moving,siege_tank(moving)@7.1 armored_bulldozer(moving)@4.2 heavy_tank(moving)@5.3 aa_vehicle(moving)@8.5 main_battle_tank(moving)@6.2 armored_bulldozer(moving)@8.1 aa_vehicle(moving)@8.5 river_water@9 river_water@8 river_water@5
swamp,Siege,1,full,2663,aa_vehicle,0,16180,809.0,822.5,13.5,8.5,58.5,128.8,92.6,AttackMove,BlockedByFriend,field,,moved,0,,siege_tank#2579 parked,siege_tank(parked)@6.7 siege_tank(moving)@9.9 siege_tank(parked)@2.7 siege_tank(moving)@3.2 armored_bulldozer(moving)@9.6 titan_tank(moving)@8.1 artillery(moving)@8.5 main_battle_tank(moving)@6.3 aa_vehicle(moving)@8.5 river_water@9 river_water@8 river_water@5 river_water@7 river_water@7
swamp,Siege,1,full,2669,aa_vehicle,0,16350,817.5,829.0,11.5,9.3,67.9,134.8,52.1,AttackMove,BlockedByFriend,field,,moved,0,,armored_bulldozer#2609 moving,siege_tank(moving)@9.3 siege_tank(moving)@6.6 siege_tank(moving)@8.3 siege_tank(moving)@6.5 armored_bulldozer(moving)@5.8 titan_tank(moving)@4.6 aa_vehicle(moving)@9.9 siege_tank(moving)@5.6 river_water@7 river_water@10 river_water@4 river_water@8
swamp,Siege,1,full,2589,siege_tank,0,16400,820.0,835.0,15.0,12.1,61.6,-7.0,61.0,Move,BlockedByFriend,field,,moved,0,,aa_vehicle#2669 moving,siege_tank(moving)@8.1 siege_tank(moving)@9.6 siege_tank(moving)@4.1 armored_bulldozer(moving)@8.2 titan_tank(moving)@7.4 artillery(moving)@6.7 aa_vehicle(moving)@5.7 aa_vehicle(moving)@6.0 river_water@10 river_water@10
swamp,Siege,1,full,2679,heavy_tank,0,16580,829.0,837.5,8.5,-90.5,-79.2,-97.0,-89.0,Move,BlockedByFriend,camp0,route,moved,0,,armored_bulldozer#2671 moving,aa_turret(fixed)@9.4 guard_tower(fixed)@9.7 armored_bulldozer(moving)@4.8 titan_tank(moving)@4.9
swamp,Siege,1,full,2653,armored_bulldozer,0,16630,831.5,840.1,8.6,-5.6,62.8,76.0,138.0,Attack,BlockedByFriend,field,road,open,0,,siege_tank#2561 moving,siege_tank(moving)@5.1 siege_tank(moving)@5.8 siege_tank(moving)@9.0 artillery(moving)@9.9 river_water@9 river_water@7 river_water@9 river_water@7 river_water@9 river_water@9
swamp,Siege,2,obstacles,2564,siege_tank,0,850,42.5,54.0,11.5,-71.8,-38.0,-67.2,-50.0,Move,BlockedByFriend,field,,gave up,0,,ifv#2578 moving,armored_car(moving)@8.8 armored_car(moving)@8.3 ifv(moving)@8.1 river_water@8 river_water@8 river_water@7 river_water@5 river_water@5
swamp,Siege,2,obstacles,2574,armored_car,0,1090,54.5,63.0,8.5,-47.3,-16.2,-31.0,-3.0,AttackMove,YieldWait,field,,moved,0,,behind ifv#2578,ifv(moving)@7.7 river_water@6 river_water@9 river_water@4 river_water@8 river_water@5 river_water@9 river_water@8
swamp,Siege,2,obstacles,2580,aa_vehicle,0,1760,88.0,104.5,16.5,-70.2,-40.8,-11.0,19.0,AttackMove,BlockedByFriend,field,,gave up,0,,siege_tank#2566 moving,siege_tank(moving)@3.6 light_tank(moving)@9.9 siege_tank(moving)@9.5 mlrs(moving)@7.0 siege_tank(moving)@9.0 river_water@10 river_water@7 river_water@6 river_water@7
swamp,Siege,2,obstacles,2582,aa_vehicle,0,1760,88.0,96.5,8.5,-83.6,-88.3,-90.1,-88.3,Move,Unknown,camp0,,gave up,0,,speed 2.7 strikes 2,dragons_teeth(fixed)@4.6 ifv(moving)@8.8 light_tank(parked)@7.7 ifv(moving)@4.7
swamp,Siege,2,obstacles,2594,siege_tank,0,2200,110.0,121.0,11.0,-62.2,-48.0,-35.0,-23.0,Move,OffRoute,field,,moved,0,,to (-65.0;-47.0) past river_water,siege_tank(moving)@5.8 ifv(moving)@7.4 river_water@5 river_water@8 river_water@7
swamp,Siege,2,obstacles,2602,mlrs,0,2750,137.5,148.0,10.5,-85.4,-88.4,-35.6,-22.3,Move,BlockedByFriend,camp0,,moved,0,,scout_jeep#2606 moving,dragons_teeth(fixed)@5.6 scout_jeep(moving)@5.5 armored_car(moving)@3.9 ifv(moving)@9.4
swamp,Siege,2,obstacles,2593,armored_car,0,2800,140.0,148.5,8.5,-14.1,-7.7,-3.1,60.3,AttackMove,StalePath,field+gate,route+nopark,moved,0,,leg 11/11 to (-3.1;60.3) crosses river_water (corner),siege_tank(parked)@7.5 main_battle_tank(moving)@8.4 siege_tank(moving)@4.1 ifv(moving)@3.8 ifv(moving)@7.9 stone_wall@5
swamp,Siege,2,obstacles,2564,siege_tank,0,2810,140.5,159.5,19.0,-28.0,-10.5,-35.6,-22.3,Move,OffRoute,field,,moved,0,,to (-33.0;-21.0) past river_water,siege_tank(parked)@6.8 siege_tank(moving)@5.7 river_water@8 river_water@8 river_water@4 river_water@5
swamp,Siege,2,obstacles,2600,armored_car,0,3060,153.0,165.0,12.0,-34.9,-16.0,2.8,61.8,AttackMove,GateWait,field,route,moved,0,,doorway 0,siege_tank(moving)@7.4 aa_vehicle(moving)@8.1 light_tank(moving)@9.1 scout_jeep(moving)@4.8 scout_jeep(moving)@3.0 scout_jeep(moving)@4.2 scout_jeep(moving)@5.4 armored_car(moving)@8.6 river_water@10 river_water@6 river_water@9 river_water@4 river_water@8 river_water@5 river_water@9
swamp,Siege,2,obstacles,2603,scout_jeep,0,3080,154.0,163.5,9.5,-34.2,-19.8,-29.2,-23.6,AttackMove,BlockedByFriend,field,road+route,gave up,0,,scout_jeep#2599 moving,siege_tank(moving)@5.1 aa_vehicle(moving)@4.4 light_tank(moving)@6.8 scout_jeep(moving)@2.2 armored_car(moving)@3.8 scout_jeep(moving)@3.4 scout_jeep(moving)@6.2 armored_car(moving)@8.7 river_water@10 river_water@8 river_water@8 river_water@9 river_water@8
swamp,Siege,2,obstacles,2589,light_tank,0,3170,158.5,167.0,8.5,-39.6,-23.8,22.5,41.6,AttackMove,YieldWait,field,,moved,0,,behind armored_car#2607,aa_vehicle(moving)@3.8 scout_jeep(moving)@6.9 mlrs(moving)@4.1 scout_jeep(moving)@9.4 scout_jeep(moving)@8.1 armored_car(moving)@5.3 river_water@9 river_water@9 river_water@6 river_water@8 river_water@4 river_water@9 river_water@6 river_water@9
swamp,Siege,2,obstacles,2582,aa_vehicle,0,3180,159.0,168.5,9.5,-35.7,-24.0,26.7,23.6,AttackMove,GateWait,field,,moved,0,,doorway 0,light_tank(moving)@3.3 scout_jeep(moving)@5.5 mlrs(moving)@7.2 scout_jeep(moving)@7.7 scout_jeep(moving)@7.9 scout_jeep(moving)@8.1 armored_car(moving)@8.0 river_water@9 river_water@9 river_water@6 river_water@8 river_water@4 river_water@9 river_water@5 river_water@9
swamp,Siege,2,obstacles,2613,flame_tank,1,3300,165.0,305.0,140.0,86.5,103.6,113.9,140.3,Idle,NoPath,camp1,road+route,moved,0,,goal (113.9;140.3) in open ground; other region (148 cells); camp1,base_wall@9
swamp,Siege,2,obstacles,2582,aa_vehicle,0,3410,170.5,180.0,9.5,-28.0,-23.7,26.7,23.6,AttackMove,OffRoute,field+gate,nopark,moved,0,,to (-25.0;-17.0) past river_water,mlrs(moving)@6.2 river_water@9 river_water@9 river_water@6 river_water@8 river_water@4 river_water@4
swamp,Siege,2,obstacles,2600,armored_car,0,3410,170.5,180.5,10.0,-12.1,-10.9,2.8,61.8,AttackMove,OffRoute,field,,moved,0,,to (-11.0;-1.0) past stone_wall,main_battle_tank(moving)@9.9 ifv(moving)@3.8 light_tank(moving)@4.4 scout_jeep(moving)@7.3 scout_jeep(moving)@3.8 scout_jeep(moving)@9.1 armored_car(moving)@6.9 stone_wall@2 wall@9
swamp,Siege,2,obstacles,2564,siege_tank,0,3470,173.5,183.0,9.5,-27.9,-10.0,-35.6,-22.3,Move,GateWait,field,,moved,0,,doorway 0,aa_vehicle(moving)@4.8 armored_car(moving)@9.9 mlrs(moving)@8.5 river_water@8 river_water@8 river_water@5 river_water@5
swamp,Siege,2,obstacles,2595,light_tank,0,3500,175.0,186.0,11.0,2.0,-3.5,17.3,44.8,AttackMove,OffRoute,field+gate,route+narrow+nopark,moved,0,,to (13.0;3.0) past ruin,siege_tank(moving)@9.8 main_battle_tank(moving)@3.4 scout_jeep(moving)@4.4 ruin@8 wall@9
swamp,Siege,2,obstacles,2617,vbied,1,3650,182.5,321.0,138.5,106.7,100.0,111.8,144.5,Idle,NoPath,camp1,,moved,0,,goal (111.8;144.5) in open ground; other region (148 cells); field,command_vehicle(parked)@6.9 armored_car(parked)@4.7 rocket_technical(moving)@8.4 base_wall@9
swamp,Siege,2,obstacles,2620,armored_car,1,3720,186.0,306.0,120.0,102.0,100.3,106.8,141.8,Idle,NoPath,camp1,,moved,0,,goal (106.8;141.8) in open ground; other region (148 cells); camp1,heavy_turret(fixed)@6.7 command_vehicle(parked)@6.9 ew_jammer(parked)@8.0 vbied(parked)@4.7 armored_car(parked)@9.4 base_wall@9
swamp,Siege,2,obstacles,2621,armored_car,1,3720,186.0,319.5,133.5,93.2,103.6,106.7,136.1,Idle,NoPath,camp1,,moved,0,,goal (106.7;136.1) in open ground; other region (148 cells); camp1,heavy_turret(fixed)@7.9 ew_jammer(parked)@7.5 flame_tank(parked)@6.7 armored_car(parked)@9.4 base_wall@8
swamp,Siege,2,obstacles,2566,siege_tank,0,4950,247.5,256.5,9.0,16.0,27.7,7.0,15.0,Move,StalePath,field,route,moved,0,,leg 2/5 to (17.0;25.0) crosses river_water (corner),siege_tank(moving)@6.0 scout_jeep(moving)@3.8 light_tank(moving)@6.8 river_water@8 river_water@9 river_water@4 river_water@6 river_water@9
swamp,Siege,2,obstacles,2583,siege_tank,0,4980,249.0,258.5,9.5,26.0,24.0,23.8,51.5,Move,StalePath,field,,moved,0,,leg 4/4 to (23.8;51.5) crosses river_water (corner),siege_tank(moving)@8.6 scout_jeep(moving)@8.1 light_tank(moving)@3.3 river_water@4 river_water@8 river_water@7 river_water@10
swamp,Siege,2,obstacles,2624,aa_vehicle,0,5150,257.5,266.0,8.5,12.6,9.5,49.0,49.0,AttackMove,BlockedByFriend,field,route,moved,0,,mlrs#2588 parked,mlrs(parked)@3.1 aa_vehicle(moving)@7.1 armored_car(moving)@9.4 stone_wall@3 wall@10
swamp,Siege,2,obstacles,2566,siege_tank,0,5200,260.0,269.0,9.0,16.0,32.5,7.0,15.0,Move,BlockedByFriend,field,route,moved,0,,aa_vehicle#2622 moving,siege_tank(moving)@5.9 aa_vehicle(moving)@5.1 light_tank(moving)@7.7 scout_jeep(moving)@5.8 armored_car(moving)@9.2 river_water@9 river_water@8 river_water@9 river_water@6 river_water@4 river_water@5 river_water@8
swamp,Siege,2,obstacles,2612,siege_tank,0,5230,261.5,270.0,8.5,21.0,35.3,57.2,17.1,Move,BlockedByFriend,field,road+route,moved,0,,aa_vehicle#2622 moving,siege_tank(moving)@5.3 aa_vehicle(moving)@7.3 light_tank(moving)@5.3 scout_jeep(moving)@9.2 river_water@10 river_water@9 river_water@8 river_water@7 river_water@8
swamp,Siege,2,obstacles,2625,aa_vehicle,0,5300,265.0,276.5,11.5,5.1,101.1,38.0,128.0,AttackMove,NoPath,field+gate,road+narrow+nopark,moved,0,,goal (38.0;128.0) in blocked ground (mg_bunker(defence)); other region (2 cells); field,river_water@7 river_water@9 river_water@9 river_water@5 river_water@7 river_water@10
swamp,Siege,2,obstacles,2613,flame_tank,1,6100,305.0,320.0,15.0,84.1,104.2,113.9,140.3,Idle,NoPath,camp1,road+route,moved,0,,goal (113.9;140.3) in open ground; other region (148 cells); camp1,fpv_carrier(parked)@8.1
swamp,Siege,2,obstacles,2620,armored_car,1,6120,306.0,320.5,14.5,100.6,102.7,107.2,136.6,Idle,NoPath,camp1,,moved,0,,goal (107.2;136.6) in open ground; other region (148 cells); camp1,heavy_turret(fixed)@7.4 command_vehicle(parked)@7.3 ew_jammer(parked)@5.5 fpv_carrier(parked)@8.6 vbied(parked)@6.9 armored_car(parked)@5.3 rocket_technical(parked)@2.7 counter_battery_radar(parked)@8.0
swamp,Siege,2,obstacles,2613,flame_tank,1,6420,321.0,331.0,10.0,80.4,102.1,113.9,140.3,Idle,NoPath,camp1,road+route,moved,0,,goal (113.9;140.3) in open ground; other region (148 cells); camp1,aa_turret(fixed)@8.3
swamp,Siege,2,obstacles,2646,armored_car,0,6470,323.5,336.0,12.5,1.8,-4.4,13.0,71.0,AttackMove,OffRoute,field+gate,nopark,moved,0,,to (17.0;23.0) past ruin,siege_tank(moving)@5.8 ifv(moving)@8.6 ruin@8 wall@8
swamp,Siege,2,obstacles,2566,siege_tank,0,6480,324.0,340.0,16.0,-2.1,0.0,9.8,1.8,Move,OffRoute,field+gate,route+nopark,moved,0,,to (9.8;1.8) past temple_ruin,ifv(moving)@3.9 armored_car(moving)@5.8 armored_car(moving)@9.9
swamp,Siege,2,obstacles,2611,fpv_carrier,1,6630,331.5,340.5,9.0,99.4,102.6,79.7,98.5,Move,BlockedByFriend,camp1,,moved,0,,rocket_technical#2623 parked,heavy_turret(fixed)@6.8 command_vehicle(parked)@8.2 flame_tank(moving)@6.1 armored_car(moving)@3.6 rocket_technical(parked)@4.6 counter_battery_radar(moving)@9.5
swamp,Siege,2,obstacles,2639,ifv,0,6780,339.0,352.5,13.5,2.0,-3.3,47.0,20.0,AttackMove,BlockedByFriend,field+gate,route+narrow+nopark,moved,0,,siege_tank#2566 moving,siege_tank(moving)@5.2 ruin@8 wall@9
swamp,Siege,2,obstacles,2617,vbied,1,6920,346.0,368.0,22.0,121.6,104.9,100.7,138.8,Idle,NoPath,camp1,,moved,0,,goal (100.7;138.8) in open ground; other region (148 cells); camp1,mg_bunker(fixed)@7.5 aa_turret(fixed)@9.0
swamp,Siege,2,obstacles,2652,light_tank,0,6950,347.5,356.0,8.5,-8.9,-1.0,18.5,101.4,AttackMove,YieldWait,field+gate,route+narrow+nopark,moved,0,,behind siege_tank#2566,siege_tank(moving)@7.8 armored_car(moving)@4.8 light_tank(moving)@3.9 scout_jeep(moving)@8.9 temple_ruin@10 stone_wall@9
swamp,Siege,2,obstacles,2568,siege_tank,0,6960,348.0,358.0,10.0,18.8,27.3,-19.0,7.0,Move,Unknown,field,road+route,moved,0,,speed 1.5 strikes 0,siege_tank(moving)@5.6 river_water@7 river_water@8 river_water@9
swamp,Siege,2,obstacles,2654,light_tank,0,6970,348.5,359.5,11.0,-12.5,0.0,30.7,100.8,AttackMove,YieldWait,field+gate,route+nopark,moved,0,,behind light_tank#2652,armored_car(moving)@3.3 light_tank(moving)@7.1 scout_jeep(moving)@6.6 temple_ruin@9
swamp,Siege,2,obstacles,2621,armored_car,1,7020,351.0,367.0,16.0,75.6,90.4,113.6,146.3,Idle,NoPath,field,,moved,0,,goal (113.6;146.3) in open ground; other region (148 cells); field,aa_turret(fixed)@7.3 bmpt(moving)@4.7 counter_battery_radar(moving)@8.6
swamp,Siege,2,obstacles,2566,siege_tank,0,7120,356.0,369.5,13.5,2.0,-4.1,49.4,18.6,Move,YieldWait,field+gate,nopark,moved,0,,behind light_tank#2652,armored_car(moving)@4.4 light_tank(moving)@5.1 light_tank(moving)@8.3 scout_jeep(moving)@2.8 ruin@8 wall@9
swamp,Siege,2,obstacles,2652,light_tank,0,7160,358.0,369.5,11.5,-1.9,0.0,18.5,101.4,AttackMove,YieldWait,field+gate,route+narrow+nopark,moved,0,,behind siege_tank#2566,siege_tank(moving)@5.5 siege_tank(moving)@8.3 armored_car(moving)@2.6 main_battle_tank(moving)@6.8 light_tank(moving)@5.2 scout_jeep(moving)@5.3
swamp,Siege,2,obstacles,2583,siege_tank,0,7190,359.5,378.5,19.0,0.0,8.1,-19.0,7.0,Move,GateWait,field,,moved,0,,doorway 0,siege_tank(moving)@7.9 light_tank(moving)@8.6 temple_ruin@9
swamp,Siege,2,obstacles,2649,armored_car,0,7190,359.5,370.5,11.0,-2.0,-3.2,18.9,93.7,AttackMove,YieldWait,field+gate,route+nopark,moved,0,,behind siege_tank#2566,siege_tank(moving)@4.1 main_battle_tank(moving)@6.5 light_tank(moving)@2.9 light_tank(moving)@4.7 scout_jeep(moving)@2.5 wall@8
swamp,Siege,2,obstacles,2654,light_tank,0,7210,360.5,370.5,10.0,-6.6,-2.4,30.7,100.8,AttackMove,YieldWait,field+gate,route+nopark,moved,0,,behind armored_car#2649,siege_tank(moving)@8.6 armored_car(moving)@4.8 main_battle_tank(moving)@2.6 light_tank(moving)@4.5 ifv(moving)@6.8 scout_jeep(moving)@6.3 stone_wall@8 wall@9
swamp,Siege,2,obstacles,2657,scout_jeep,0,7260,363.0,372.0,9.0,0.3,-5.3,20.3,98.9,AttackMove,YieldWait,field+gate,nopark,moved,0,,behind siege_tank#2566,siege_tank(moving)@8.8 armored_car(moving)@2.3 main_battle_tank(moving)@8.6 light_tank(moving)@4.8 light_tank(moving)@6.5 ruin@9 wall@7
swamp,Siege,2,obstacles,2564,siege_tank,0,7650,382.5,391.0,8.5,7.3,-2.0,-23.5,3.7,Move,BlockedByFriend,field+gate,nopark,moved,0,,main_battle_tank#2650 moving,siege_tank(moving)@7.3 siege_tank(moving)@8.9 main_battle_tank(moving)@5.3 ifv(moving)@8.2 ruin@7
swamp,Siege,2,obstacles,2613,flame_tank,1,7760,388.0,401.5,13.5,109.9,111.9,113.9,140.3,Idle,NoPath,camp1,,moved,0,,goal (113.9;140.3) in open ground; other region (148 cells); camp1,bmpt(parked)@9.0 sapper(parked)@7.8 armored_car(parked)@7.6
swamp,Siege,2,obstacles,2654,light_tank,0,7780,389.0,397.5,8.5,24.0,42.0,30.7,100.8,AttackMove,BlockedByFriend,field,route,moved,0,,mlrs#2587 parked,mlrs(parked)@4.1 river_water@7 river_water@4 river_water@5 river_water@7 river_water@8 river_water@8
swamp,Siege,2,obstacles,2661,aa_vehicle,0,7890,394.5,403.5,9.0,-12.6,-9.3,59.0,66.3,AttackMove,YieldWait,field,,moved,0,,behind aa_vehicle#2660,aa_vehicle(moving)@5.0 aa_vehicle(moving)@6.4 aa_vehicle(moving)@9.0 ifv(moving)@8.4 stone_wall@3 wall@10
swamp,Siege,2,obstacles,2617,vbied,1,8070,403.5,413.5,10.0,110.4,117.7,111.7,138.3,Idle,NoPath,camp1,,moved,0,,goal (111.7;138.3) in open ground; other region (148 cells); camp1,heavy_rocket_artillery(parked)@4.5 fpv_carrier(moving)@4.2 armored_car(parked)@9.4
swamp,Siege,2,obstacles,2613,flame_tank,1,8100,405.0,421.5,16.5,93.3,116.0,60.5,105.5,AttackMove,StalePath,camp1,road,moved,0,,leg 3/3 to (60.5;105.5) crosses base_wall (corner),command_vehicle(moving)@8.0 bmpt(moving)@4.0 sapper(moving)@3.7 ew_jammer(moving)@5.4 counter_battery_radar(moving)@7.3 mine_layer(moving)@9.2 base_wall@6
swamp,Siege,2,obstacles,2594,siege_tank,0,8180,409.0,421.0,12.0,11.0,-1.8,-27.0,7.0,Move,GateWait,field,,moved,0,,doorway 0,siege_tank(parked)@6.0 aa_vehicle(moving)@9.9 ifv(moving)@7.0 ruin@7
swamp,Siege,2,obstacles,2605,ew_jammer,1,8220,411.0,421.0,10.0,87.4,116.3,104.0,112.3,Move,BlockedByFriend,camp1,,moved,0,,flame_tank#2613 moving,command_vehicle(moving)@9.5 bmpt(moving)@4.7 flame_tank(moving)@3.9 rocket_technical(parked)@7.7 rocket_technical(parked)@9.6 base_wall@7
swamp,Siege,2,obstacles,2660,aa_vehicle,0,8230,411.5,427.0,15.5,2.0,-5.8,48.7,72.9,AttackMove,OffRoute,field+gate,nopark,moved,0,,to (7.0;5.0) past ruin,siege_tank(moving)@9.4 light_tank(moving)@8.6 aa_vehicle(moving)@3.3 aa_vehicle(moving)@6.4 ifv(moving)@5.6 ruin@7 wall@7
swamp,Siege,2,obstacles,2564,siege_tank,0,8240,412.0,422.5,10.5,0.0,5.8,-23.5,3.7,Move,YieldWait,field+gate,nopark,moved,0,,behind light_tank#2627,siege_tank(moving)@8.1 light_tank(moving)@3.7 aa_vehicle(moving)@8.3 aa_vehicle(moving)@8.1 aa_vehicle(moving)@5.1 temple_ruin@9
swamp,Siege,2,obstacles,2564,siege_tank,0,8770,438.5,448.5,10.0,14.8,0.1,-23.5,3.7,Move,BlockedByFriend,field,,moved,0,,aa_vehicle#2667 moving,siege_tank(moving)@8.7 siege_tank(parked)@7.9 aa_vehicle(moving)@7.1
swamp,Siege,2,obstacles,2594,siege_tank,0,8870,443.5,453.5,10.0,7.9,4.7,-27.0,7.0,Move,BlockedByFriend,field,route,moved,0,,siege_tank#2564 moving,siege_tank(moving)@8.7 siege_tank(moving)@4.1 main_battle_tank(moving)@8.0 ifv(moving)@5.2 armored_car(moving)@5.9 main_battle_tank(moving)@9.4
swamp,Siege,2,obstacles,2566,siege_tank,0,8970,448.5,457.5,9.0,1.5,13.6,-34.2,-22.3,Move,BlockedByFriend,field,,moved,0,,armored_car#2675 moving,siege_tank(moving)@6.8 siege_tank(moving)@9.9 main_battle_tank(moving)@8.3 armored_car(moving)@5.0 barricade@9
swamp,Siege,2,obstacles,2612,siege_tank,0,9010,450.5,461.0,10.5,11.4,8.8,-37.0,-23.0,Move,BlockedByFriend,field,route,moved,0,,armored_car#2675 moving,siege_tank(moving)@9.8 siege_tank(moving)@9.6 siege_tank(moving)@6.5 aa_vehicle(moving)@9.1 armored_car(moving)@6.4 main_battle_tank(moving)@3.9
swamp,Siege,2,obstacles,2662,mine_layer,1,9500,475.0,492.5,17.5,101.6,68.7,114.6,139.3,Idle,NoPath,field,road,moved,0,,goal (114.6;139.3) in open ground; other region (148 cells); camp1,
swamp,Siege,2,obstacles,2613,flame_tank,1,9590,479.5,493.0,13.5,114.1,105.4,109.3,135.6,Idle,NoPath,camp1,road,moved,0,,goal (109.3;135.6) in open ground; other region (148 cells); camp1,rocket_technical(parked)@5.9 rocket_technical(moving)@8.5 engineer_vehicle(moving)@9.8
swamp,Siege,2,obstacles,2594,siege_tank,0,9650,482.5,498.0,15.5,-14.0,0.0,-15.0,28.3,Move,BlockedByFriend,field+gate,route+nopark,moved,0,,ifv#2683 moving,siege_tank(moving)@7.8 ifv(moving)@3.2 ifv(moving)@6.3 scout_jeep(moving)@7.6
swamp,Siege,2,obstacles,2564,siege_tank,0,9680,484.0,495.0,11.0,-5.8,-0.1,-23.5,3.7,Move,YieldWait,field+gate,route+nopark,moved,0,,behind siege_tank#2594,siege_tank(moving)@6.9 siege_tank(moving)@9.5 scout_jeep(moving)@7.5 armored_car(moving)@9.4 ifv(moving)@4.6 ifv(moving)@8.6 temple_ruin@9
swamp,Siege,2,obstacles,2583,siege_tank,0,9990,499.5,532.5,33.0,0.0,10.6,-25.8,-5.2,Move,GateWait,field,,moved,0,,doorway 0,siege_tank(moving)@9.2 temple_ruin@9
swamp,Siege,2,obstacles,2594,siege_tank,0,10110,505.5,521.0,15.5,-3.7,-0.6,-15.0,28.3,Move,YieldWait,field+gate,route+nopark,gave up,0,,behind ifv#2683,ifv(moving)@4.4 ifv(moving)@8.7 ifv(moving)@6.1 ifv(moving)@5.2 scout_jeep(moving)@3.2 scout_jeep(moving)@4.8 light_tank(moving)@4.6
swamp,Siege,2,obstacles,2692,scout_jeep,0,10160,508.0,519.5,11.5,-8.7,0.0,102.1,69.6,AttackMove,YieldWait,field+gate,route+narrow+nopark,moved,0,,behind scout_jeep#2690,siege_tank(moving)@6.1 ifv(moving)@9.3 ifv(moving)@3.4 ifv(moving)@6.2 scout_jeep(moving)@2.7 scout_jeep(moving)@8.0 aa_vehicle(moving)@5.0 temple_ruin@9
swamp,Siege,2,obstacles,2690,scout_jeep,0,10190,509.5,523.0,13.5,-6.6,-1.7,32.6,67.3,AttackMove,YieldWait,field+gate,route+nopark,moved,0,,behind siege_tank#2594,siege_tank(moving)@4.6 ifv(moving)@9.1 ifv(moving)@3.2 ifv(moving)@4.3 scout_jeep(moving)@2.4 scout_jeep(moving)@8.6 aa_vehicle(moving)@5.9 light_tank(moving)@9.2 stone_wall@9 wall@10
swamp,Siege,2,obstacles,2696,light_tank,0,10310,515.5,527.5,12.0,2.0,-6.4,53.7,66.3,AttackMove,BlockedByFriend,field+gate,nopark,moved,0,,siege_tank#2594 moving,siege_tank(moving)@5.6 ifv(moving)@7.0 ifv(moving)@3.8 scout_jeep(moving)@6.8 scout_jeep(moving)@9.0 ruin@7 wall@7
swamp,Siege,2,obstacles,2693,scout_jeep,0,10450,522.5,533.0,10.5,-12.1,-9.7,116.2,76.6,AttackMove,GateWait,field,,gave up,0,,doorway 0,stone_wall@2 wall@9
swamp,Siege,2,obstacles,2728,heavy_tank,1,11670,583.5,592.5,9.0,121.6,101.6,106.0,99.1,Move,YieldWait,camp1,,moved,0,,behind mobile_fortress#2714,mg_bunker(fixed)@7.7 bmpt(moving)@4.4 fpv_carrier(parked)@7.3 mobile_fortress(parked)@9.7
swamp,Siege,2,obstacles,2719,wheeled_gun,1,11910,595.5,604.0,8.5,106.6,94.7,108.4,84.4,Idle,BlockedByFriend,camp1,route,moved,0,,mobile_fortress#2714 parked,bmpt(moving)@5.1 mobile_fortress(parked)@8.0 elite_heavy_tank(parked)@7.4
swamp,Siege,2,obstacles,2728,heavy_tank,1,11910,595.5,606.5,11.0,123.0,101.5,101.1,64.7,AttackMove,BlockedByFriend,camp1,,moved,0,,mobile_fortress#2714 parked,mg_bunker(fixed)@6.5 fpv_carrier(parked)@5.8 mobile_fortress(parked)@9.9 elite_heavy_tank(parked)@7.3
swamp,Siege,2,obstacles,2594,siege_tank,0,12130,606.5,615.0,8.5,54.6,111.9,45.7,109.6,Move,NoPath,field,,gave up,0,,goal (36.6;122.9) in open ground; other region (20 cells); field,
swamp,Siege,2,obstacles,2726,scout_jeep,0,12250,612.5,621.5,9.0,-90.0,-88.8,-91.8,-94.7,Move,YieldWait,camp0,,gave up,0,,behind main_battle_tank#2717,gun_pit(fixed)@9.6 dragons_teeth(fixed)@9.3 main_battle_tank(moving)@4.5 ifv(moving)@9.2 aa_vehicle(moving)@7.7 aa_vehicle(moving)@9.0 main_battle_tank(parked)@7.4
swamp,Siege,2,obstacles,2757,siege_tank,0,13660,683.0,691.5,8.5,-98.0,-100.4,-35.0,-23.0,Move,BlockedByFriend,camp0,,moved,0,,ifv#2751 parked,gun_pit(fixed)@6.4 ifv(parked)@6.5 siege_tank(moving)@7.5
swamp,Siege,2,obstacles,2728,heavy_tank,1,13800,690.0,701.0,11.0,119.9,115.8,112.7,132.9,AttackMove,BlockedByFriend,camp1,,moved,0,,elite_heavy_tank#2734 moving,sapper(moving)@8.3 elite_heavy_tank(moving)@4.8
swamp,Siege,2,obstacles,2743,siege_tank,0,13920,696.0,709.5,13.5,16.4,-4.3,-15.3,-20.2,Move,BlockedByFriend,field,,moved,0,,siege_tank#2744 moving,ifv(parked)@7.2 siege_tank(moving)@6.0 armored_car(parked)@8.2 main_battle_tank(moving)@6.7 ruin@9
swamp,Siege,2,obstacles,2743,siege_tank,0,14320,716.0,727.5,11.5,16.2,-5.2,-15.3,-20.2,Move,BlockedByFriend,field,,moved,0,,main_battle_tank#2740 moving,main_battle_tank(moving)@6.3 ifv(moving)@7.5 ruin@8
swamp,Siege,2,obstacles,2758,siege_tank,0,14950,747.5,758.5,11.0,-13.5,-8.7,9.0,-1.0,Move,YieldWait,field,,moved,0,,behind siege_tank#2744,siege_tank(moving)@6.7 siege_tank(moving)@8.0 armored_car(moving)@4.0 light_tank(moving)@7.6 light_tank(moving)@5.3 stone_wall@4
swamp,Siege,2,obstacles,2743,siege_tank,0,15030,751.5,762.5,11.0,-9.1,-3.2,-15.3,-20.2,Move,YieldWait,field+gate,route+narrow+nopark,moved,0,,behind siege_tank#2744,siege_tank(moving)@9.5 siege_tank(moving)@5.5 armored_car(moving)@8.8 light_tank(moving)@8.9 stone_wall@7 wall@10
swamp,Siege,2,obstacles,2628,counter_battery_radar,1,15460,773.0,785.5,12.5,99.4,128.6,113.7,129.7,Move,StalePath,camp1,,moved,0,,leg 4/4 to (113.7;129.7) crosses command_hq (corner),ew_jammer(moving)@5.8 mobile_fortress(parked)@8.9
swamp,Siege,2,obstacles,2719,wheeled_gun,1,16090,804.5,817.5,13.0,113.8,123.2,113.9,140.3,AttackMove,BlockedByFriend,camp1,,moved,0,,heavy_tank#2728 moving,mine_layer(parked)@9.3 mobile_fortress(parked)@8.4 heavy_tank(moving)@4.3 elite_heavy_tank(moving)@7.3
swamp,Siege,2,obstacles,2734,elite_heavy_tank,1,16090,804.5,815.5,11.0,114.7,115.9,112.7,132.9,AttackMove,BlockedByFriend,camp1,,moved,0,,bmpt#2592 moving,bmpt(moving)@6.0 sapper(parked)@5.7 ew_jammer(moving)@8.3 wheeled_gun(moving)@7.3
swamp,Siege,2,obstacles,2759,main_battle_tank,0,16090,804.5,814.0,9.5,2.0,-6.4,96.3,83.3,AttackMove,OffRoute,field+gate,nopark,moved,0,,to (15.0;1.0) past ruin,siege_tank(moving)@4.7 main_battle_tank(moving)@8.8 ifv(moving)@8.3 ruin@7 wall@7
swamp,Siege,2,obstacles,2767,main_battle_tank,0,16100,805.0,813.5,8.5,-3.3,-0.5,90.1,81.2,AttackMove,YieldWait,field+gate,route+nopark,moved,0,,behind siege_tank#2743,siege_tank(moving)@7.1 main_battle_tank(moving)@7.8 armored_car(moving)@7.2 ifv(moving)@3.1
swamp,Siege,2,obstacles,2728,heavy_tank,1,16440,822.0,831.0,9.0,108.1,128.9,117.8,113.7,AttackMove,BlockedByFriend,camp1,,moved,0,,mine_layer#2695 parked,mine_layer(parked)@6.2
swamp,Siege,2,obstacles,2734,elite_heavy_tank,1,16520,826.0,835.5,9.5,117.1,115.9,112.7,132.9,AttackMove,BlockedByFriend,camp1,,moved,0,,bmpt#2592 moving,bmpt(moving)@5.0 sapper(parked)@8.1 mine_layer(moving)@7.7 wheeled_gun(moving)@4.4
coralisles,Siege,1,obstacles,2554,scout_jeep,1,870,43.5,66.0,22.5,113.0,113.0,140.8,124.3,Idle,NoPath,camp1,,gave up,0,,goal (140.8;124.3) in open ground; other region (27 cells); field,zu23_technical(parked)@5.1 scout_jeep(parked)@2.3 scout_jeep(parked)@4.3 command_vehicle(parked)@9.4
coralisles,Siege,1,obstacles,2557,scout_jeep,1,890,44.5,66.5,22.0,114.3,111.1,125.7,140.8,Idle,NoPath,camp1,,moved,0,,goal (125.7;140.8) in open ground; other region (28 cells); field,zu23_technical(parked)@7.3 scout_jeep(parked)@2.3 scout_jeep(parked)@3.2 command_vehicle(parked)@7.0
coralisles,Siege,1,obstacles,2564,heavy_tank,0,1140,57.0,72.0,15.0,-83.0,-72.8,-97.0,-89.0,Move,BlockedByFriend,field,,moved,0,,siege_tank#2567 moving,dragons_teeth(fixed)@9.4 siege_tank(moving)@7.9
coralisles,Siege,1,obstacles,2558,scout_jeep,1,2160,108.0,116.5,8.5,116.5,112.0,139.0,97.0,Idle,NoPath,camp1,,moved,0,,goal (139.0;97.0) in open ground; other region (27 cells); camp1,zu23_technical(moving)@5.9 scout_jeep(parked)@8.4 scout_jeep(moving)@7.4 bmpt(parked)@2.9 heavy_tank(parked)@7.2
coralisles,Siege,1,obstacles,2563,titan_tank,0,2560,128.0,141.5,13.5,-87.2,-86.7,18.1,60.9,AttackMove,YieldWait,camp0,,moved,0,,behind heavy_tank#2574,dragons_teeth(fixed)@5.9 heavy_tank(moving)@7.8 armored_bulldozer(moving)@8.7 heavy_tank(moving)@8.7
coralisles,Siege,1,obstacles,2552,zu23_technical,1,2580,129.0,141.5,12.5,114.1,100.5,139.0,97.0,Idle,NoPath,camp1,road,moved,0,,goal (139.0;97.0) in open ground; other region (27 cells); camp1,scout_jeep(moving)@6.0 scout_jeep(moving)@8.7 command_vehicle(parked)@9.8
coralisles,Siege,1,obstacles,2557,scout_jeep,1,2880,144.0,199.0,55.0,116.8,113.4,139.0,97.0,Idle,NoPath,camp1,,moved,0,,goal (139.0;97.0) in open ground; other region (27 cells); camp1,scout_jeep(parked)@9.6 scout_jeep(parked)@7.9 bmpt(parked)@2.9 heavy_tank(parked)@6.6
coralisles,Siege,1,obstacles,2581,armored_bulldozer,0,3320,166.0,180.0,14.0,-85.2,-79.9,-93.0,-91.0,Move,YieldWait,field,,moved,0,,behind heavy_tank#2564,dragons_teeth(fixed)@5.2 heavy_tank(moving)@5.5 heavy_tank(moving)@7.7
coralisles,Siege,1,obstacles,2581,armored_bulldozer,0,3880,194.0,203.5,9.5,-90.2,-90.9,56.0,75.6,AttackMove,BlockedByFriend,camp0,,moved,0,,ifv#2586 moving,gun_pit(fixed)@8.4 armored_bulldozer(moving)@8.0 heavy_tank(moving)@5.9 ifv(moving)@4.6 aa_vehicle(moving)@4.8 artillery(moving)@5.6
coralisles,Siege,1,obstacles,2593,twin_tank,1,3890,194.5,207.0,12.5,99.8,110.1,138.4,124.4,Idle,NoPath,camp1,road+route,moved,0,,goal (138.4;124.4) in open ground; other region (27 cells); camp1,railgun_truck(parked)@4.0
coralisles,Siege,1,obstacles,2600,mobile_fortress,1,4580,229.0,238.5,9.5,100.6,106.4,118.6,79.0,AttackMove,BlockedByFriend,camp1,,moved,0,,command_vehicle#2562 moving,rocket_technical(moving)@9.8 base_wall@9
coralisles,Siege,1,obstacles,2562,command_vehicle,1,4630,231.5,241.0,9.5,88.0,110.3,87.1,99.7,Move,BlockedByFriend,camp1+gate,road+route+nopark,moved,0,,mobile_fortress#2600 moving,wheeled_gun(moving)@7.3 base_wall@7
coralisles,Siege,1,obstacles,2600,mobile_fortress,1,4840,242.0,250.5,8.5,97.8,110.4,118.6,79.0,AttackMove,BlockedByFriend,camp1+gate,road+route+nopark,moved,0,,rocket_technical#2607 parked,fpv_carrier(moving)@8.3 base_wall@9
coralisles,Siege,1,obstacles,2551,siege_tank,0,4950,247.5,258.0,10.5,-4.0,4.4,-20.2,-11.1,Move,StalePath,field,,gave up,0,,leg 2/5 to (-3.0;3.0) crosses sandbags,siege_tank(moving)@7.9 aa_vehicle(moving)@5.2 aa_vehicle(moving)@4.7 sandbags@4
coralisles,Siege,1,obstacles,2596,aa_vehicle,0,5010,250.5,259.5,9.0,-7.4,-0.1,61.0,113.0,AttackMove,OffRoute,field,route,moved,0,,to (17.0;37.0) past sandbags,siege_tank(moving)@5.1 sandbags@4
coralisles,Siege,1,obstacles,2603,heavy_tank,1,5370,268.5,277.0,8.5,111.2,109.6,55.8,85.6,AttackMove,BlockedByFriend,camp1,,moved,0,,twin_tank#2593 moving,twin_tank(moving)@7.1
coralisles,Siege,1,obstacles,2566,heavy_rocket_artillery,1,5490,274.5,284.0,9.5,108.1,123.9,131.0,139.0,Idle,NoPath,camp1,,gave up,0,,goal (131.0;139.0) in open ground; other region (28 cells); field,mg_bunker(fixed)@6.5 aa_turret(fixed)@5.4
coralisles,Siege,1,obstacles,2610,armored_bulldozer,0,5900,295.0,303.5,8.5,-86.1,-82.2,-93.0,-93.0,Move,BlockedByFriend,camp0,,moved,0,,ifv#2613 moving,dragons_teeth(fixed)@4.4 ifv(moving)@4.0 armored_bulldozer(moving)@6.2
coralisles,Siege,1,obstacles,2594,armored_bulldozer,0,6100,305.0,315.0,10.0,-96.0,-88.0,75.6,84.3,AttackMove,BlockedByFriend,camp0,,moved,0,,armored_bulldozer#2610 moving,gun_pit(fixed)@6.3 armored_bulldozer(moving)@5.8
coralisles,Siege,1,obstacles,2621,armored_bulldozer,0,7050,352.5,362.5,10.0,-79.9,-88.0,-93.6,-92.8,Move,BlockedByDefence,field,route,gave up,0,,dragons_teeth#2541 parked,dragons_teeth(fixed)@4.5 armored_bulldozer(moving)@4.5
coralisles,Siege,1,obstacles,2593,twin_tank,1,8480,424.0,436.5,12.5,84.1,121.5,138.4,124.4,Idle,NoPath,camp1,,moved,0,,goal (138.4;124.4) in open ground; other region (27 cells); camp1,
coralisles,Siege,1,obstacles,2635,lancet_truck,1,8700,435.0,447.0,12.0,91.3,99.8,139.6,124.3,Idle,NoPath,camp1,route,gave up,0,,goal (139.6;124.3) in open ground; other region (27 cells); field,vbied(moving)@6.8
coralisles,Siege,1,obstacles,2593,twin_tank,1,8910,445.5,457.0,11.5,103.3,130.9,139.6,124.3,Idle,NoPath,camp1,,moved,0,,goal (139.6;124.3) in open ground; other region (27 cells); field,aa_turret(fixed)@6.9 elite_heavy_tank(parked)@7.5
coralisles,Siege,1,obstacles,2642,siege_tank,0,10920,546.0,555.0,9.0,-13.3,3.5,-5.2,11.0,Move,BlockedByFriend,field,,moved,0,,siege_tank#2636 moving,siege_tank(moving)@6.0 sandbags@5 wreck_tank@9
coralisles,Siege,1,obstacles,2641,siege_tank,0,11190,559.5,568.0,8.5,-4.1,0.0,-1.6,9.5,Move,YieldWait,field,route,gave up,0,,behind heavy_tank#2654,siege_tank(moving)@6.2 siege_tank(moving)@5.8 sandbags@6
coralisles,Siege,2,light,2537,siege_tank,0,780,39.0,50.5,11.5,-58.4,-30.5,-71.3,-49.2,Move,BlockedByFriend,field,route,moved,0,,main_battle_tank#2540 moving,main_battle_tank(moving)@5.2 light_tank(moving)@6.4 aa_vehicle(moving)@9.1 river_water@10 river_water@6 river_water@10 river_water@6 river_water@8 river_water@7
coralisles,Siege,2,light,2535,siege_tank,0,850,42.5,52.0,9.5,-33.9,-23.4,-65.9,-41.3,Move,YieldWait,field,,moved,0,,behind siege_tank#2539,siege_tank(moving)@9.0 river_water@8 river_water@9 river_water@5 river_water@9 river_water@5 river_water@7
coralisles,Siege,2,light,2540,main_battle_tank,0,1040,52.0,62.5,10.5,-51.1,-16.4,-23.5,13.4,AttackMove,BlockedByFriend,field,,moved,0,,siege_tank#2539 moving,siege_tank(moving)@3.8 aa_vehicle(moving)@8.4 river_water@8 river_water@5 river_water@9 river_water@8
coralisles,Siege,2,light,2538,vbied,1,2970,148.5,215.0,66.5,119.2,113.1,133.5,138.3,Idle,NoPath,camp1,,gave up,0,,goal (133.5;138.3) in open ground; other region (95 cells); field,bmpt(parked)@2.9 heavy_tank(parked)@7.7
coralisles,Siege,2,light,2579,light_tank,0,3260,163.0,174.0,11.0,23.9,38.4,64.0,14.1,Move,YieldWait,field,,moved,0,,behind aa_vehicle#2575,armored_car(moving)@4.4 river_water@8 river_water@5 river_water@4 river_water@7 river_water@8 river_water@8 river_water@10
coralisles,Siege,2,light,2539,siege_tank,0,3390,169.5,178.0,8.5,54.9,21.6,110.0,48.0,Attack,Unknown,field,road,moved,0,,speed 2.6 strikes 0,siege_tank(parked)@4.8 river_water@9 river_water@7
coralisles,Siege,2,light,2591,armored_car,1,3510,175.5,197.5,22.0,103.9,95.8,97.0,139.0,Idle,NoPath,camp1,,moved,0,,goal (97.0;139.0) in open ground; other region (38 cells); camp1,heavy_turret(fixed)@7.4 rocket_technical(parked)@7.0 base_wall@4 base_wall@9
coralisles,Siege,2,light,2591,armored_car,1,3980,199.0,211.5,12.5,113.0,99.6,97.0,139.0,Idle,NoPath,camp1,road,gave up,0,,goal (97.0;139.0) in open ground; other region (38 cells); camp1,heavy_rocket_artillery(moving)@4.6
coralisles,Siege,2,light,2591,armored_car,1,4320,216.0,231.0,15.0,117.3,83.7,97.0,139.0,Idle,NoPath,camp1,,moved,0,,goal (97.0;139.0) in open ground; other region (38 cells); camp1,base_wall@9
coralisles,Siege,2,light,2538,vbied,1,4380,219.0,230.5,11.5,119.8,110.5,125.7,140.8,Idle,NoPath,camp1,,moved,0,,goal (125.7;140.8) in open ground; other region (95 cells); field,aa_turret(fixed)@9.3 heavy_rocket_artillery(parked)@5.3 bmpt(parked)@4.1 counter_battery_radar(parked)@8.9
coralisles,Siege,2,light,2588,counter_battery_radar,1,4760,238.0,254.0,16.0,121.6,116.0,89.9,114.2,Move,BlockedByFriend,camp1+gate,nopark,moved,0,,heavy_rocket_artillery#2557 parked,aa_turret(fixed)@9.5 heavy_rocket_artillery(parked)@4.2 command_hq@10
coralisles,Siege,2,light,2535,siege_tank,0,4780,239.0,251.0,12.0,-4.0,2.8,-25.6,-22.7,Move,OffRoute,field,route,moved,0,,to (-5.0;-3.0) past sandbags,siege_tank(moving)@9.5 ifv(moving)@5.8 scout_jeep(moving)@2.6 sandbags@4
coralisles,Siege,2,light,2565,siege_tank,0,5080,254.0,264.0,10.0,17.1,43.1,-11.5,-10.1,Move,BlockedByObstacle,field,route,moved,0,,river_water,scout_jeep(moving)@7.5 river_water@10 river_water@9 river_water@6 river_water@5 river_water@7
coralisles,Siege,2,light,2565,siege_tank,0,5860,293.0,301.5,8.5,6.5,3.9,-11.5,-10.1,Move,BlockedByFriend,field,,moved,0,,siege_tank#2567 moving,siege_tank(moving)@8.5 siege_tank(moving)@7.1 siege_tank(moving)@3.7
coralisles,Siege,2,light,2567,siege_tank,0,7330,366.5,375.5,9.0,-35.9,-15.5,-45.0,-23.0,Move,BlockedByFriend,field,route,moved,0,,siege_tank#2554 moving,siege_tank(moving)@4.8 siege_tank(moving)@6.9 main_battle_tank(moving)@8.2 ifv(moving)@8.0 ifv(moving)@3.8 river_water@9 river_water@5 river_water@9
coralisles,Siege,2,light,2554,siege_tank,0,7340,367.0,376.0,9.0,-31.4,-20.9,-19.8,-23.0,Move,BlockedByFriend,field,road,moved,0,,main_battle_tank#2639 moving,siege_tank(moving)@5.3 siege_tank(moving)@7.7 siege_tank(moving)@6.7 main_battle_tank(moving)@5.4 ifv(moving)@9.4 river_water@8 river_water@7 river_water@8
coralisles,Siege,2,light,2648,ifv,0,7400,370.0,378.5,8.5,-43.1,-16.1,34.0,78.8,AttackMove,BlockedByFriend,field,route,moved,0,,ifv#2652 moving,siege_tank(moving)@9.1 siege_tank(moving)@5.0 light_tank(moving)@6.5 ifv(moving)@4.9 scout_jeep(moving)@3.9 river_water@6 river_water@9 river_water@4 river_water@8 river_water@5 river_water@9
coralisles,Siege,2,light,2537,siege_tank,0,7440,372.0,382.5,10.5,-31.0,-16.3,-45.0,-23.0,Move,BlockedByFriend,field,route,gave up,0,,main_battle_tank#2639 moving,siege_tank(moving)@7.8 main_battle_tank(moving)@7.1 main_battle_tank(moving)@4.3 ifv(moving)@6.9 river_water@10
coralisles,Siege,2,light,2652,ifv,0,7540,377.0,388.5,11.5,-37.5,-16.0,39.3,81.8,AttackMove,BlockedByFriend,field,route,moved,0,,siege_tank#2537 parked,siege_tank(parked)@6.6 siege_tank(moving)@9.4 siege_tank(moving)@9.2 main_battle_tank(moving)@7.2 ifv(moving)@3.7 light_tank(moving)@4.1 scout_jeep(moving)@4.5 river_water@8 river_water@5 river_water@8
coralisles,Siege,2,light,2656,scout_jeep,0,7620,381.0,389.5,8.5,-56.1,-29.6,48.6,76.1,AttackMove,BlockedByFriend,field,route,moved,0,,siege_tank#2565 moving,siege_tank(moving)@5.1 river_water@8 river_water@6 river_water@8 river_water@5 river_water@9 river_water@8
coralisles,Siege,2,light,2623,twin_tank,1,8430,421.5,432.5,11.0,117.3,116.0,66.0,97.7,AttackMove,BlockedByFriend,camp1,,moved,0,,heavy_rocket_artillery#2557 parked,command_vehicle(moving)@9.7 heavy_rocket_artillery(parked)@5.5 rocket_technical(parked)@5.8 counter_battery_radar(moving)@5.8 thermobaric_launcher(moving)@5.7 thermobaric_launcher(moving)@4.9
coralisles,Siege,2,light,2567,siege_tank,0,8730,436.5,445.5,9.0,-13.4,22.4,-3.9,16.8,Move,BlockedByFriend,field,,moved,0,,siege_tank#2535 moving,siege_tank(moving)@6.6 siege_tank(moving)@8.3 river_water@10 river_water@10
coralisles,Siege,2,light,2537,siege_tank,0,8740,437.0,451.5,14.5,-18.3,15.9,-3.5,16.2,Move,BlockedByFriend,field,,moved,0,,siege_tank#2567 moving,siege_tank(moving)@8.3 wreck_tank@7
coralisles,Siege,2,light,2665,turtle_tank,1,9920,496.0,511.5,15.5,86.2,113.4,138.8,124.3,Idle,NoPath,camp1,road,gave up,0,,goal (138.8;124.3) in open ground; other region (95 cells); camp1,
coralisles,Siege,2,light,2539,siege_tank,0,10720,536.0,549.5,13.5,18.2,44.7,11.2,31.3,Move,BlockedByFriend,field,road,moved,0,,main_battle_tank#2679 moving,siege_tank(moving)@9.9 siege_tank(moving)@6.7 main_battle_tank(moving)@5.4 scout_jeep(moving)@9.3 armored_car(moving)@9.0 river_water@8 river_water@6 river_water@7 river_water@10
coralisles,Siege,2,light,2567,siege_tank,0,10740,537.0,545.5,8.5,18.0,38.2,-25.1,-6.8,Move,BlockedByFriend,field,road+route,moved,0,,armored_car#2696 moving,siege_tank(moving)@8.4 siege_tank(moving)@5.4 ifv(moving)@7.3 main_battle_tank(moving)@8.3 scout_jeep(moving)@4.1 armored_car(moving)@6.2 scout_jeep(moving)@9.8 river_water@6 river_water@8
coralisles,Siege,2,light,2671,bmpt,1,11220,561.0,571.0,10.0,105.1,106.3,138.8,124.3,Idle,NoPath,camp1,route,moved,0,,goal (138.8;124.3) in open ground; other region (95 cells); camp1,counter_battery_radar(moving)@4.7 vbied(moving)@9.8 ew_jammer(parked)@3.8
coralisles,Siege,2,light,2588,counter_battery_radar,1,11340,567.0,576.0,9.0,101.5,104.0,113.0,123.0,Move,BlockedByFriend,camp1,route,moved,0,,command_vehicle#2552 moving,heavy_turret(fixed)@9.0 command_vehicle(moving)@4.7 thermobaric_launcher(moving)@9.9 bmpt(moving)@5.6 smoke_carrier(moving)@8.1
coralisles,Siege,2,light,2539,siege_tank,0,12150,607.5,621.0,13.5,29.4,3.9,14.9,0.2,Move,YieldWait,field,,moved,0,,behind siege_tank#2535,siege_tank(moving)@8.1 siege_tank(moving)@5.6 river_water@8 river_water@8 river_water@7 river_water@8
coralisles,Siege,2,light,2623,twin_tank,1,12670,633.5,644.5,11.0,91.0,78.2,74.6,46.7,AttackMove,BlockedByFriend,camp1,,moved,0,,command_vehicle#2729 moving,turtle_tank(moving)@7.1 fpv_carrier(moving)@5.8 command_vehicle(moving)@3.7 flame_tank(moving)@3.7
coralisles,Siege,2,light,2734,main_battle_tank,0,13940,697.0,706.0,9.0,64.0,37.4,12.0,0.3,Move,BlockedByFriend,field,,moved,0,,aa_vehicle#2744 parked,siege_tank(moving)@10.0 aa_vehicle(parked)@4.0 river_water@8 river_water@8 river_water@5
coralisles,Siege,2,light,2736,main_battle_tank,0,14320,716.0,725.0,9.0,63.7,35.9,97.0,84.3,Attack,BlockedByFriend,field,,moved,0,,siege_tank#2554 moving,siege_tank(moving)@5.1 river_water@8 river_water@9 river_water@6
coralisles,Siege,2,light,2766,elite_heavy_tank,1,15030,751.5,760.5,9.0,111.7,98.2,70.9,84.3,AttackMove,BlockedByFriend,camp1,road,moved,0,,mobile_fortress#2731 parked,fpv_carrier(parked)@6.3 mobile_fortress(parked)@8.5
coralisles,Siege,2,light,2769,counter_battery_radar,1,15130,756.5,765.0,8.5,98.0,104.1,106.5,107.2,Move,BlockedByFriend,camp1,route,moved,0,,mobile_fortress#2731 moving,
