map,mode,seed,config,vehicle,def,team,start_tick,start_s,end_s,seconds,x,y,goal_x,goal_y,order,cause,area,lanes,outcome,rescues,rescue_kinds,detail,nearby
ashfield,Defend,1,full,489,siege_tank,0,950,47.5,56.5,9.0,91.4,102.9,4.2,92.9,Move,BlockedByFriend,fortress,,moved,0,,aa_vehicle#490 parked,ifv(moving)@7.2 aa_vehicle(parked)@5.4 heavy_tank(moving)@8.3 aa_vehicle(moving)@7.6 base_wall@8
ashfield,Defend,1,full,492,aa_vehicle,0,1460,73.0,82.0,9.0,91.8,98.7,47.0,-3.0,AttackMove,BlockedByFriend,fortress,,moved,0,,ifv#506 moving,heavy_turret(fixed)@7.7 ifv(moving)@6.2 heavy_tank(moving)@7.1 aa_vehicle(moving)@3.4 aa_vehicle(moving)@3.3 ifv(moving)@6.6 ifv(moving)@2.8 base_wall@9 base_wall@10
ashfield,Defend,1,full,485,siege_tank,0,1470,73.5,82.0,8.5,-9.9,63.6,25.3,27.6,Move,Unknown,fortress,,moved,0,,speed 2.2 strikes 0,c_ram(fixed)@7.7
ashfield,Defend,1,full,491,heavy_tank,0,1650,82.5,96.0,13.5,97.5,90.9,54.2,1.3,AttackMove,BlockedByFriend,fortress,,moved,0,,ifv#486 moving,heavy_turret(fixed)@6.5 ifv(moving)@5.7 ifv(moving)@6.0 base_wall@8 base_wall@10
ashfield,Defend,1,full,491,heavy_tank,0,2170,108.5,119.5,11.0,97.7,92.3,53.0,63.0,AttackMove,BlockedByDefence,fortress,,moved,0,,heavy_turret#449 parked,heavy_turret(fixed)@6.8 titan_tank(moving)@5.5 ifv(moving)@5.2 ifv(moving)@8.6
ashfield,Defend,1,full,517,siege_tank,0,2780,139.0,149.5,10.5,118.0,53.4,65.7,4.0,Move,StalePath,fortress,narrow,moved,0,,leg 2/8 to (120.8;49.9) crosses heavy_turret(defence) (corner),aa_vehicle(moving)@6.4 siege_tank(moving)@7.8 shield_generator@5 ammo_dump@9
ashfield,Defend,1,full,501,artillery,0,3120,156.0,169.5,13.5,122.0,59.0,115.8,67.2,Move,YieldWait,fortress,narrow,gave up,0,,behind siege_tank#516,heavy_turret(fixed)@7.8 siege_tank(moving)@7.7 ammo_dump@10 container_stack@10
ashfield,Defend,1,full,493,aa_vehicle,0,3170,158.5,168.5,10.0,112.3,44.8,123.4,26.1,AttackMove,BlockedByFriend,fortress,narrow,moved,0,,aa_vehicle#492 parked,aa_vehicle(parked)@4.2 base_wall@10 base_wall@5 shield_generator@9
ashfield,Defend,1,full,522,scout_jeep,1,3400,170.0,178.5,8.5,-35.4,-55.6,67.5,-7.1,Move,Unknown,field,,moved,0,,speed 4.2 strikes 1,heavy_rocket_artillery(parked)@4.2
ashfield,Defend,1,full,516,siege_tank,0,3510,175.5,187.0,11.5,118.0,54.9,67.1,-5.7,Move,OffRoute,fortress,narrow,moved,0,,to (117.0;11.0) past shield_generator,aa_vehicle(moving)@6.2 shield_generator@5 ammo_dump@8
ashfield,Defend,1,full,528,aa_vehicle,0,3570,178.5,188.0,9.5,56.9,71.7,62.6,26.1,AttackMove,BlockedByFriend,fortress,road,gave up,0,,titan_tank#479 moving,titan_tank(moving)@6.3 titan_tank(moving)@5.8 heavy_tank(moving)@8.8 ifv(moving)@4.5 titan_tank(parked)@7.7 ifv(moving)@9.2
ashfield,Defend,1,full,491,heavy_tank,0,3660,183.0,195.5,12.5,48.0,66.8,63.4,60.5,AttackMove,BlockedByFriend,fortress,,moved,0,,ifv#506 moving,aa_turret(fixed)@5.4 titan_tank(moving)@4.7 ifv(parked)@8.7 ifv(moving)@4.4 ifv(moving)@7.7 fortress_gate@9
ashfield,Defend,1,full,530,main_battle_tank,0,3780,189.0,197.5,8.5,64.9,51.9,67.0,11.0,Idle,Unknown,fortress,,moved,0,,speed 4.5 strikes 0,guard_tower(fixed)@7.1 ifv(moving)@2.6 heavy_tank(parked)@7.2 shield_generator@9
ashfield,Defend,1,full,506,ifv,0,3850,192.5,201.5,9.0,49.8,70.6,69.3,49.1,AttackMove,BlockedByFriend,fortress,road,moved,0,,heavy_tank#491 moving,aa_turret(fixed)@9.2 titan_tank(parked)@7.8 titan_tank(moving)@7.3 heavy_tank(moving)@5.2 ifv(moving)@8.5 fortress_gate@10
ashfield,Defend,1,full,493,aa_vehicle,0,3880,194.0,208.0,14.0,108.0,48.8,62.4,59.9,AttackMove,YieldWait,fortress,narrow,moved,0,,behind siege_tank#517,aa_vehicle(moving)@4.5 siege_tank(parked)@4.1 base_wall@10 base_wall@10 shield_generator@7
ashfield,Defend,1,full,530,main_battle_tank,0,4180,209.0,219.5,10.5,107.5,61.0,99.9,66.1,AttackMove,BlockedByFriend,fortress,,moved,0,,ifv#511 moving,titan_tank(moving)@5.6 aa_vehicle(moving)@8.2 ifv(moving)@4.1 ifv(moving)@8.2 heavy_tank(moving)@6.4 shield_generator@9 ammo_dump@5
ashfield,Defend,1,full,546,titan_tank,0,4290,214.5,225.5,11.0,98.4,92.7,57.0,51.0,AttackMove,Unknown,fortress,route,moved,0,,speed 0.7 strikes 1,heavy_turret(fixed)@7.6 artillery(parked)@6.7 artillery(parked)@9.3
ashfield,Defend,1,full,512,ifv,0,4390,219.5,229.0,9.5,105.7,47.3,57.0,32.2,AttackMove,BlockedByFriend,fortress,,moved,0,,siege_tank#517 moving,siege_tank(moving)@7.3 base_wall@8 base_wall@10 shield_generator@10
ashfield,Defend,1,full,518,heavy_tank,0,4900,245.0,260.5,15.5,81.2,50.0,107.0,53.0,AttackMove,YieldWait,fortress+gate,narrow+nopark,moved,0,,behind titan_tank#477,c_ram(fixed)@5.7 titan_tank(moving)@6.3 heavy_tank(moving)@9.9
ashfield,Defend,1,full,493,aa_vehicle,0,4980,249.0,268.0,19.0,108.0,60.8,107.0,53.0,AttackMove,BlockedByFriend,fortress,,moved,0,,main_battle_tank#549 parked,heavy_tank(moving)@5.6 ifv(moving)@5.4 ifv(parked)@7.1 main_battle_tank(parked)@4.6 shield_generator@8 ammo_dump@5
ashfield,Defend,1,full,491,heavy_tank,0,5090,254.5,270.5,16.0,103.6,63.9,112.8,47.3,AttackMove,YieldWait,fortress,,moved,0,,behind aa_vehicle#493,aa_vehicle(moving)@5.6 ifv(moving)@3.9 ifv(parked)@10.0 main_battle_tank(parked)@9.1 ammo_dump@9
ashfield,Defend,1,full,517,siege_tank,0,5110,255.5,270.5,15.0,108.0,48.9,77.0,55.0,Move,YieldWait,fortress,narrow,moved,0,,behind main_battle_tank#549,ifv(parked)@6.4 ifv(parked)@5.9 main_battle_tank(parked)@6.9 base_wall@10 base_wall@10 shield_generator@7
ashfield,Defend,1,full,506,ifv,0,5160,258.0,272.0,14.0,102.9,60.0,112.9,47.9,AttackMove,StalePath,fortress,,moved,0,,leg 4/4 to (112.9;47.9) crosses shield_generator (corner),heavy_tank(moving)@4.1 aa_vehicle(moving)@4.8 ifv(moving)@7.5 main_battle_tank(parked)@6.2 ammo_dump@10
ashfield,Defend,1,full,508,titan_tank,0,5350,267.5,276.0,8.5,56.7,40.9,120.9,66.3,AttackMove,Unknown,fortress+gate,route+nopark,moved,0,,speed 2.8 strikes 0,guard_tower(fixed)@7.5
ashfield,Defend,1,full,508,titan_tank,0,5610,280.5,289.5,9.0,56.8,44.0,120.9,66.3,AttackMove,BlockedByDefence,fortress+gate,route+nopark,moved,0,,guard_tower#553 parked,gun_pit(fixed)@9.1 guard_tower(fixed)@4.6
ashfield,Defend,1,full,546,titan_tank,0,6000,300.0,309.5,9.5,112.5,60.1,81.1,30.6,AttackMove,BlockedByFriend,fortress,,moved,0,,heavy_tank#566 moving,heavy_tank(moving)@9.1 main_battle_tank(moving)@7.6 heavy_tank(moving)@7.4 aa_vehicle(moving)@7.7 aa_vehicle(moving)@3.8 shield_generator@6
ashfield,Defend,1,full,549,main_battle_tank,0,6000,300.0,316.5,16.5,108.0,53.9,93.7,30.3,AttackMove,YieldWait,fortress,narrow,moved,0,,behind titan_tank#477,titan_tank(parked)@4.7 titan_tank(moving)@6.4 aa_vehicle(moving)@9.2 artillery(moving)@8.7 heavy_tank(moving)@4.0 titan_tank(moving)@7.6 heavy_tank(moving)@4.9 shield_generator@5
ashfield,Defend,1,full,566,heavy_tank,0,6160,308.0,328.0,20.0,106.6,58.6,87.5,34.1,AttackMove,YieldWait,fortress,narrow,moved,0,,behind main_battle_tank#549,titan_tank(moving)@10.0 heavy_tank(moving)@9.6 heavy_tank(parked)@7.1 titan_tank(moving)@9.5 main_battle_tank(moving)@5.7 aa_vehicle(moving)@4.4 shield_generator@8
ashfield,Defend,1,full,501,artillery,0,6550,327.5,338.0,10.5,111.8,44.1,97.9,39.9,Move,GateWait,fortress,narrow,moved,0,,doorway 0,titan_tank(moving)@4.1 titan_tank(moving)@7.2 heavy_tank(moving)@9.0 siege_tank(moving)@9.1 siege_tank(moving)@9.6 heavy_tank(moving)@7.1 base_wall@4
ashfield,Defend,1,full,491,heavy_tank,0,6600,330.0,339.5,9.5,119.1,47.6,80.9,23.3,AttackMove,BlockedByFriend,fortress,,moved,0,,titan_tank#477 parked,titan_tank(parked)@6.2 titan_tank(moving)@6.6 heavy_tank(moving)@9.4 aa_vehicle(parked)@6.3 shield_generator@9
ashfield,Defend,1,full,574,aa_vehicle,0,6880,344.0,353.5,9.5,109.3,60.0,118.5,62.6,AttackMove,BlockedByFriend,fortress+gate,nopark,moved,0,,aa_vehicle#572 moving,aa_vehicle(moving)@5.5 heavy_tank(moving)@8.6 heavy_tank(moving)@5.8 aa_vehicle(moving)@9.1 aa_vehicle(moving)@3.4 ifv(moving)@7.0 shield_generator@7
ashfield,Defend,1,full,530,main_battle_tank,0,7570,378.5,393.5,15.0,104.0,56.6,113.2,61.3,AttackMove,BlockedByFriend,fortress+gate,narrow+nopark,gave up,0,,titan_tank#479 moving,titan_tank(moving)@4.1 heavy_tank(moving)@4.7 main_battle_tank(moving)@6.8 artillery(moving)@8.0 shield_generator@9
ashfield,Defend,1,full,566,heavy_tank,0,7650,382.5,391.0,8.5,126.5,47.8,120.2,65.3,AttackMove,BlockedByDefence,fortress+gate,narrow+nopark,moved,0,,heavy_turret#455 parked,heavy_turret(fixed)@6.4 aa_vehicle(moving)@6.3 aa_vehicle(moving)@4.3 ifv(moving)@9.0 base_wall@9 floodlight_mast@6
ashfield,Defend,1,full,479,titan_tank,0,7710,385.5,399.5,14.0,108.0,54.4,120.9,66.3,AttackMove,YieldWait,fortress+gate,narrow+nopark,moved,0,,behind heavy_tank#518,aa_vehicle(parked)@7.5 main_battle_tank(moving)@5.1 main_battle_tank(moving)@9.5 artillery(moving)@8.1 shield_generator@5
ashfield,Defend,1,full,575,aa_vehicle,0,7970,398.5,413.0,14.5,119.1,54.0,120.9,66.3,AttackMove,YieldWait,fortress+gate,narrow+nopark,moved,0,,behind artillery#593,heavy_turret(fixed)@8.9 aa_vehicle(parked)@10.0 heavy_tank(moving)@3.8 heavy_tank(moving)@8.3 aa_vehicle(moving)@3.6 aa_vehicle(moving)@7.4 artillery(moving)@6.0 shield_generator@6
ashfield,Defend,1,full,518,heavy_tank,0,7990,399.5,414.5,15.0,121.4,56.8,113.0,47.0,AttackMove,YieldWait,fortress+gate,narrow+nopark,moved,0,,behind aa_vehicle#568,heavy_turret(fixed)@7.2 heavy_tank(moving)@4.6 aa_vehicle(moving)@5.3 aa_vehicle(moving)@9.3 aa_vehicle(moving)@3.3 artillery(moving)@6.5 shield_generator@9
ashfield,Defend,1,full,568,aa_vehicle,0,8010,400.5,416.5,16.0,121.9,51.4,113.5,64.2,AttackMove,YieldWait,fortress+gate,narrow+nopark,moved,0,,behind heavy_tank#518,heavy_turret(fixed)@6.6 aa_vehicle(parked)@9.9 heavy_tank(moving)@5.3 heavy_tank(moving)@9.7 aa_vehicle(moving)@3.9 aa_vehicle(moving)@6.0 shield_generator@9
ashfield,Defend,1,full,572,aa_vehicle,0,8040,402.0,413.5,11.5,120.3,47.4,113.6,65.8,AttackMove,YieldWait,fortress+gate,nopark,moved,0,,behind aa_vehicle#568,aa_vehicle(parked)@8.3 heavy_tank(moving)@9.8 titan_tank(moving)@7.9 main_battle_tank(moving)@5.7 aa_vehicle(moving)@4.7 aa_vehicle(moving)@8.8 shield_generator@10
ashfield,Defend,1,full,479,titan_tank,0,8150,407.5,416.5,9.0,103.1,42.5,99.5,33.9,AttackMove,BlockedByFriend,fortress,,moved,0,,aa_vehicle#576 moving,aa_vehicle(moving)@6.9 main_battle_tank(parked)@9.6 aa_vehicle(moving)@5.6 ifv(moving)@7.6
ashfield,Defend,1,full,549,main_battle_tank,0,8210,410.5,419.5,9.0,115.9,47.3,129.0,61.0,Move,YieldWait,fortress+gate,nopark,moved,0,,behind aa_vehicle#572,aa_vehicle(moving)@9.9 titan_tank(moving)@8.2 aa_vehicle(moving)@7.7 aa_vehicle(moving)@8.8 shield_generator@7
ashfield,Defend,1,full,593,artillery,0,8390,419.5,429.0,9.5,104.0,51.4,105.6,33.7,Move,YieldWait,fortress+gate,narrow+nopark,moved,0,,behind titan_tank#479,super_gun(fixed)@9.0 titan_tank(moving)@4.4 ifv(moving)@5.4 ifv(moving)@9.7 aa_vehicle(moving)@4.2 shield_generator@9
ashfield,Defend,1,full,595,aa_vehicle,0,8400,420.0,429.0,9.0,108.0,51.1,61.2,123.8,AttackMove,BlockedByObstacle,fortress+gate,narrow+nopark,moved,0,,shield_generator,titan_tank(moving)@5.7 ifv(moving)@9.7 ifv(moving)@6.7 artillery(moving)@3.9 shield_generator@6
ashfield,Defend,1,full,590,ifv,0,8440,422.0,433.5,11.5,104.2,57.3,112.9,47.9,AttackMove,StalePath,fortress+gate,narrow+nopark,moved,0,,leg 3/3 to (112.9;47.9) crosses shield_generator (corner),ifv(moving)@6.7 artillery(moving)@6.4 aa_vehicle(moving)@4.2 shield_generator@9
ashfield,Defend,1,full,574,aa_vehicle,0,8520,426.0,434.5,8.5,125.2,62.0,113.0,47.0,AttackMove,BlockedByFriend,fortress+gate,nopark,moved,0,,artillery#612 moving,heavy_turret(fixed)@8.5 titan_tank(moving)@9.4 main_battle_tank(moving)@4.7 artillery(moving)@3.5
ashfield,Defend,1,full,598,siege_tank,0,9340,467.0,476.0,9.0,105.1,64.0,112.2,70.0,Move,BlockedByFriend,fortress+gate,nopark,gave up,0,,artillery#593 moving,siege_tank(moving)@8.9 siege_tank(moving)@5.6 heavy_tank(moving)@7.5 aa_vehicle(moving)@9.8 artillery(moving)@7.2
ashfield,Defend,1,full,598,siege_tank,0,9960,498.0,506.5,8.5,106.7,61.1,117.8,10.9,Move,Unknown,fortress+gate,nopark,moved,0,,speed 3.6 strikes 1,aa_vehicle(moving)@3.7 shield_generator@10
ashfield,Defend,1,full,549,main_battle_tank,0,10180,509.0,519.5,10.5,44.1,110.3,63.0,77.0,Move,YieldWait,fortress,narrow,moved,0,,waiting on a yield,titan_tank(moving)@4.3 ifv(moving)@3.2 ifv(moving)@6.8 base_wall@7 base_wall@4
ashfield,Defend,1,full,572,aa_vehicle,0,10440,522.0,531.5,9.5,64.0,123.1,43.7,119.1,AttackMove,StalePath,fortress,,gave up,0,,leg 2/3 to (59.0;121.0) crosses artillery_emplacement(defence),titan_tank(parked)@9.4 heavy_tank(moving)@7.8 aa_vehicle(moving)@5.0 aa_vehicle(moving)@7.1 aa_vehicle(moving)@3.7
ashfield,Defend,1,full,640,aa_vehicle,0,10530,526.5,540.0,13.5,63.3,118.8,47.8,116.3,AttackMove,StalePath,fortress,,moved,0,,leg 3/3 to (47.8;116.3) crosses shield_generator (corner),titan_tank(moving)@5.9 heavy_tank(moving)@2.9 aa_vehicle(parked)@4.6 aa_vehicle(moving)@3.2 aa_vehicle(moving)@4.2 ifv(moving)@7.8 titan_tank(moving)@7.2 container_stack@6
ashfield,Defend,1,full,621,aa_vehicle,0,10540,527.0,536.5,9.5,66.1,115.7,47.8,116.3,AttackMove,StalePath,fortress,,moved,0,,leg 4/4 to (47.8;116.3) crosses shield_generator (corner),heavy_tank(moving)@5.6 aa_vehicle(parked)@6.9 aa_vehicle(moving)@6.6 ifv(moving)@4.2 aa_vehicle(moving)@4.8 titan_tank(moving)@4.4 container_stack@6
ashfield,Defend,1,full,566,heavy_tank,0,10630,531.5,540.1,8.6,61.0,116.0,114.5,75.8,AttackMove,YieldWait,fortress,,open,0,,behind aa_vehicle#640,titan_tank(moving)@7.1 aa_vehicle(moving)@7.3 aa_vehicle(moving)@4.5 aa_vehicle(moving)@7.2 ifv(moving)@6.9 aa_vehicle(moving)@3.8 titan_tank(moving)@8.1 shield_generator@8 container_stack@3
ashfield,Defend,1,full,574,aa_vehicle,0,10630,531.5,540.1,8.6,50.0,119.8,105.1,41.7,AttackMove,BlockedByFriend,fortress,narrow,open,0,,ifv#591 moving,artillery_emplacement(fixed)@9.1 titan_tank(moving)@7.9 titan_tank(moving)@4.5 titan_tank(moving)@6.3 ifv(moving)@4.0 shield_generator@8
ashfield,Defend,2,obstacles,482,main_battle_tank,0,270,13.5,24.0,10.5,98.8,100.6,76.9,95.1,AttackMove,BlockedByFriend,fortress,,moved,0,,scout_jeep#486 moving,repair_bay(fixed)@4.9 ammo_depot(fixed)@9.1 main_battle_tank(moving)@9.8 scout_jeep(moving)@4.7
ashfield,Defend,2,obstacles,510,aa_vehicle,0,3540,177.0,185.5,8.5,113.5,36.0,63.6,67.3,AttackMove,OffRoute,fortress+gate,narrow+nopark,moved,0,,to (119.0;43.0) past base_wall,aa_vehicle(moving)@7.8 light_tank(moving)@5.5 siege_tank(moving)@4.7 base_wall@4
ashfield,Defend,2,obstacles,527,siege_tank,0,3670,183.5,197.0,13.5,118.0,39.2,58.7,-8.4,Move,BlockedByFriend,fortress+gate,narrow+nopark,moved,0,,light_tank#522 moving,aa_vehicle(moving)@6.7 aa_vehicle(moving)@5.3 aa_vehicle(moving)@7.8 aa_vehicle(moving)@8.1 light_tank(moving)@6.1 ifv(moving)@5.2 light_tank(moving)@5.0 base_wall@6
ashfield,Defend,2,obstacles,510,aa_vehicle,0,3710,185.5,195.5,10.0,110.4,36.0,63.6,67.3,AttackMove,OffRoute,fortress+gate,narrow+nopark,moved,0,,to (119.0;43.0) past base_wall,aa_vehicle(moving)@9.9 light_tank(moving)@8.0 light_tank(moving)@3.8 siege_tank(moving)@8.3 base_wall@8 base_wall@4
ashfield,Defend,2,obstacles,548,mine_layer,1,3750,187.5,199.0,11.5,33.1,2.3,57.0,57.0,Attack,NoPath,fortress,road,gave up,0,,goal (57.0;57.0) in blocked ground (shield_generator); other region (9 cells); fortress,armored_bulldozer(moving)@8.7 armored_bulldozer(moving)@4.7
ashfield,Defend,2,obstacles,522,light_tank,0,3770,188.5,197.5,9.0,115.3,35.0,62.4,59.9,AttackMove,Unknown,fortress+gate,narrow+nopark,moved,0,,speed 2.8 strikes 2,aa_vehicle(moving)@9.2 aa_vehicle(moving)@7.4 light_tank(moving)@10.0 ifv(moving)@8.2 siege_tank(moving)@3.1 base_wall@6
ashfield,Defend,2,obstacles,512,ifv,0,3810,190.5,201.5,11.0,104.0,47.2,57.1,63.1,AttackMove,YieldWait,fortress,,moved,0,,behind mlrs#511,aa_vehicle(moving)@8.9 aa_vehicle(moving)@4.4 mlrs(moving)@4.4 base_wall@7
ashfield,Defend,2,obstacles,509,aa_vehicle,0,3860,193.0,204.5,11.5,107.6,44.0,67.3,50.4,AttackMove,BlockedByFriend,fortress,,moved,0,,ifv#512 moving,aa_vehicle(moving)@5.0 mlrs(moving)@5.4 ifv(moving)@4.2 base_wall@5 base_wall@6
ashfield,Defend,2,obstacles,545,main_battle_tank,0,3880,194.0,211.5,17.5,118.0,97.6,51.0,57.0,Idle,NoPath,fortress,,moved,0,,goal (51.0;57.0) in open ground; other region (9 cells); fortress,ifv(moving)@9.7
ashfield,Defend,2,obstacles,550,sapper,1,3920,196.0,210.5,14.5,5.2,23.7,57.0,57.0,Attack,NoPath,fortress,,moved,0,,goal (57.0;57.0) in blocked ground (shield_generator); other region (9 cells); fortress,flame_tank(moving)@9.7
ashfield,Defend,2,obstacles,548,mine_layer,1,4010,200.5,211.0,10.5,36.2,0.3,57.0,57.0,Attack,NoPath,fortress,road,moved,0,,goal (57.0;57.0) in blocked ground (shield_generator); other region (9 cells); fortress,
ashfield,Defend,2,obstacles,512,ifv,0,4030,201.5,211.0,9.5,104.5,44.0,57.1,63.1,AttackMove,BlockedByFriend,fortress,,moved,0,,mlrs#556 moving,aa_vehicle(moving)@9.8 aa_vehicle(moving)@6.3 scout_jeep(moving)@9.5 mlrs(moving)@5.1 base_wall@9 base_wall@4 base_wall@9
ashfield,Defend,2,obstacles,510,aa_vehicle,0,4130,206.5,215.0,8.5,121.9,48.3,63.6,67.3,AttackMove,YieldWait,fortress+gate,narrow+nopark,moved,0,,behind aa_vehicle#498,heavy_turret(fixed)@8.4 aa_vehicle(moving)@6.1 aa_vehicle(moving)@5.9 mlrs(moving)@6.4 light_tank(moving)@4.9 floodlight_mast@9
ashfield,Defend,2,obstacles,550,sapper,1,4770,238.5,247.5,9.0,40.4,18.9,52.1,44.2,AttackMove,BlockedByFriend,fortress,,moved,0,,armored_bulldozer#539 moving,armored_bulldozer(moving)@5.0
ashfield,Defend,2,obstacles,571,main_battle_tank,0,5610,280.5,289.5,9.0,68.4,123.1,53.0,119.0,AttackMove,BlockedByFriend,fortress,,moved,0,,main_battle_tank#588 moving,gun_pit(fixed)@7.9 main_battle_tank(moving)@7.2 main_battle_tank(moving)@7.2 main_battle_tank(moving)@8.2 ifv(moving)@5.3 main_battle_tank(moving)@3.5 scout_jeep(moving)@8.5 scout_jeep(moving)@3.2
ashfield,Defend,2,obstacles,543,main_battle_tank,0,5650,282.5,301.0,18.5,61.0,127.4,47.4,102.2,AttackMove,BlockedByFriend,fortress,,moved,0,,main_battle_tank#571 moving,drone_hangar(fixed)@7.0 main_battle_tank(moving)@5.3 main_battle_tank(moving)@4.1 aa_vehicle(moving)@7.6 main_battle_tank(moving)@6.8 scout_jeep(moving)@8.5 ammo_dump@9
ashfield,Defend,2,obstacles,588,main_battle_tank,0,5700,285.0,294.5,9.5,63.0,120.2,44.1,118.9,AttackMove,YieldWait,fortress,,moved,0,,behind main_battle_tank#545,main_battle_tank(moving)@7.2 main_battle_tank(moving)@3.5 main_battle_tank(moving)@7.1 light_tank(moving)@3.9 main_battle_tank(moving)@6.4 armored_car(moving)@6.8 scout_jeep(moving)@3.7 scout_jeep(moving)@3.0 container_stack@7
ashfield,Defend,2,obstacles,571,main_battle_tank,0,6090,304.5,313.5,9.0,55.2,118.0,30.1,99.6,AttackMove,StalePath,fortress,narrow,gave up,0,,leg 2/7 to (55.4;121.9) crosses drone_hangar(defence) (corner),light_tank(moving)@9.7 main_battle_tank(moving)@3.8 scout_jeep(moving)@3.5 armored_car(moving)@8.9 main_battle_tank(moving)@4.8 aa_vehicle(moving)@8.2 shield_generator@6 container_stack@8
ashfield,Defend,2,obstacles,594,armored_car,0,6150,307.5,316.0,8.5,44.8,108.2,27.2,101.7,Move,BlockedByFriend,fortress,narrow,moved,0,,ifv#512 moving,ifv(moving)@3.6 base_wall@6 base_wall@6
ashfield,Defend,2,obstacles,576,armored_car,0,6700,335.0,350.0,15.0,44.0,114.7,55.0,90.8,Move,YieldWait,fortress,narrow,moved,0,,behind scout_jeep#599,siege_tank(moving)@5.1 ifv(parked)@8.2 main_battle_tank(moving)@8.8 light_tank(moving)@6.4 main_battle_tank(moving)@9.7 scout_jeep(moving)@3.8 armored_car(moving)@4.4 scout_jeep(moving)@3.9 armored_car(moving)@5.8 base_wall@5
ashfield,Defend,2,obstacles,559,light_tank,0,6760,338.0,346.5,8.5,46.7,118.5,47.6,102.6,AttackMove,YieldWait,fortress,,moved,0,,behind scout_jeep#599,siege_tank(moving)@8.3 ifv(parked)@4.4 main_battle_tank(moving)@7.5 main_battle_tank(moving)@3.4 armored_car(moving)@4.8 scout_jeep(moving)@4.2 armored_car(moving)@4.1 scout_jeep(moving)@8.4 base_wall@9 shield_generator@9
ashfield,Defend,2,obstacles,508,siege_tank,0,6780,339.0,348.0,9.0,46.8,109.7,9.0,117.0,Move,BlockedByFriend,fortress,narrow,moved,0,,scout_jeep#589 moving,ifv(parked)@9.3 light_tank(moving)@7.1 armored_car(moving)@5.7 scout_jeep(moving)@3.9 armored_car(moving)@9.1 armored_car(moving)@7.4 base_wall@9 base_wall@7 shield_generator@8
ashfield,Defend,2,obstacles,543,main_battle_tank,0,7310,365.5,375.5,10.0,43.0,118.0,57.0,125.5,Move,BlockedByFriend,fortress+gate,narrow+nopark,moved,0,,main_battle_tank#588 moving,light_tank(moving)@2.8 siege_tank(moving)@7.8 main_battle_tank(moving)@5.1 base_wall@7
ashfield,Defend,2,obstacles,527,siege_tank,0,7330,366.5,384.0,17.5,44.5,126.1,9.0,121.0,Move,YieldWait,fortress+gate,nopark,moved,0,,behind main_battle_tank#543,siege_tank(moving)@7.7 light_tank(moving)@5.4 main_battle_tank(moving)@8.1 base_wall@6
ashfield,Defend,2,obstacles,527,siege_tank,0,7680,384.0,395.5,11.5,44.0,124.7,9.0,121.0,Move,BlockedByFriend,fortress+gate,nopark,moved,0,,scout_jeep#630 moving,light_tank(moving)@4.1 main_battle_tank(moving)@7.9 light_tank(parked)@8.9 aa_vehicle(moving)@8.6 scout_jeep(moving)@3.6 scout_jeep(moving)@4.3 scout_jeep(moving)@9.5 armored_car(moving)@7.5 armored_car(moving)@5.4 base_wall@7
ashfield,Defend,2,obstacles,671,scout_jeep,0,8860,443.0,451.5,8.5,98.0,101.3,62.8,58.8,Move,Unknown,fortress,,moved,0,,speed 1.0 strikes 0,repair_bay(fixed)@4.0 main_battle_tank(moving)@8.3
ashfield,Defend,2,obstacles,669,aa_vehicle,0,9240,462.0,474.0,12.0,107.9,62.0,107.5,45.4,AttackMove,YieldWait,fortress,,gave up,0,,behind aa_vehicle#661,light_tank(parked)@5.1 aa_vehicle(parked)@4.2 aa_vehicle(parked)@9.6 ifv(parked)@9.3 shield_generator@9 ammo_dump@5
ashfield,Defend,2,obstacles,646,light_tank,0,10020,501.0,511.0,10.0,81.2,55.5,50.5,50.1,AttackMove,Embedded,fortress,,gave up,0,,on c_ram(defence),siege_tank(moving)@6.6 c_ram(fixed)@1.3
ashfield,Defend,2,obstacles,709,scout_jeep,0,10410,520.5,529.5,9.0,110.2,60.4,107.0,53.0,AttackMove,OffRoute,fortress,,gave up,0,,to (107.0;57.0) past shield_generator,aa_vehicle(moving)@9.6 main_battle_tank(moving)@8.5 main_battle_tank(moving)@7.2 armored_car(moving)@4.7 scout_jeep(moving)@5.3 scout_jeep(moving)@5.2 scout_jeep(moving)@2.6 aa_vehicle(moving)@5.5 aa_vehicle(moving)@5.7 shield_generator@7
ashfield,Endless,1,obstacles,480,titan_tank,0,220,11.0,24.0,13.0,98.8,98.0,78.2,89.8,AttackMove,BlockedByDefence,fortress,,moved,0,,ammo_depot#455 parked,repair_bay(fixed)@6.0 ammo_depot(fixed)@6.9 aa_vehicle(parked)@8.8 aa_vehicle(parked)@6.5
ashfield,Endless,1,obstacles,510,main_battle_tank,0,2300,115.0,124.5,9.5,69.1,68.1,62.2,53.8,AttackMove,BlockedByFriend,fortress,road,moved,0,,aa_vehicle#516 moving,titan_tank(moving)@8.0 ifv(moving)@7.2 titan_tank(moving)@8.4 titan_tank(moving)@6.9 titan_tank(moving)@5.9 aa_vehicle(moving)@3.3 aa_vehicle(moving)@3.8
ashfield,Endless,1,obstacles,524,aa_vehicle,0,2310,115.5,130.5,15.0,66.0,65.9,62.2,53.8,AttackMove,StalePath,fortress,,moved,0,,leg 2/2 to (62.2;53.8) crosses shield_generator (corner),titan_tank(moving)@4.3 ifv(moving)@3.9 main_battle_tank(moving)@4.5 titan_tank(moving)@6.4 titan_tank(moving)@5.8 aa_vehicle(moving)@4.0
ashfield,Endless,1,obstacles,480,titan_tank,0,2320,116.0,125.5,9.5,61.6,64.6,26.3,44.7,AttackMove,BlockedByFriend,fortress,,moved,0,,aa_vehicle#524 moving,ifv(moving)@4.1 aa_vehicle(parked)@9.3 titan_tank(moving)@6.4 titan_tank(moving)@9.4 aa_vehicle(moving)@7.3 aa_vehicle(moving)@4.6 shield_generator@9
ashfield,Endless,1,obstacles,513,titan_tank,0,2420,121.0,130.5,9.5,68.6,63.2,53.0,63.0,AttackMove,BlockedByFriend,fortress,road,moved,0,,aa_vehicle#524 moving,titan_tank(moving)@9.3 ifv(moving)@5.5 main_battle_tank(moving)@4.9 aa_vehicle(moving)@8.6 aa_vehicle(moving)@5.3
ashfield,Endless,1,obstacles,512,titan_tank,0,2540,127.0,136.5,9.5,58.2,63.4,63.2,53.2,AttackMove,BlockedByFriend,fortress,,moved,0,,main_battle_tank#510 moving,dragons_teeth(fixed)@9.9 titan_tank(moving)@9.2 titan_tank(moving)@7.2 main_battle_tank(moving)@6.7 titan_tank(parked)@6.1 shield_generator@7
ashfield,Endless,1,obstacles,529,aa_vehicle,0,3420,171.0,185.5,14.5,48.0,124.9,47.6,109.0,AttackMove,StalePath,fortress,,moved,0,,leg 2/2 to (47.6;109.0) crosses shield_generator (corner),drone_hangar(fixed)@6.7 titan_tank(moving)@6.0 titan_tank(moving)@7.8 aa_vehicle(moving)@8.8 base_wall@9 floodlight_mast@5
ashfield,Endless,1,obstacles,544,aa_vehicle,0,3810,190.5,200.0,9.5,56.5,118.0,47.6,109.0,AttackMove,StalePath,fortress,narrow,gave up,0,,leg 3/3 to (47.6;109.0) crosses shield_generator (corner),titan_tank(moving)@9.1 aa_vehicle(parked)@4.2 aa_vehicle(moving)@4.4 aa_vehicle(moving)@7.4 aa_vehicle(moving)@8.9 heavy_tank(moving)@9.5 shield_generator@6 container_stack@7 container@10
ashfield,Endless,1,obstacles,512,titan_tank,0,3920,196.0,206.0,10.0,38.9,121.6,53.0,119.0,AttackMove,BlockedByFriend,fortress,narrow,moved,0,,aa_vehicle#529 moving,titan_tank(moving)@6.1 aa_vehicle(moving)@5.9 aa_vehicle(moving)@9.9 base_wall@10 base_wall@8
ashfield,Endless,1,obstacles,529,aa_vehicle,0,3940,197.0,205.5,8.5,44.0,118.3,59.5,121.1,AttackMove,BlockedByFriend,fortress,,moved,0,,aa_vehicle#531 moving,artillery(moving)@9.1 titan_tank(parked)@5.6 titan_tank(moving)@5.6 titan_tank(moving)@4.7 aa_vehicle(parked)@9.1 aa_vehicle(moving)@4.5 aa_vehicle(moving)@6.3 base_wall@7
ashfield,Endless,1,obstacles,542,aa_vehicle,0,3940,197.0,208.0,11.0,54.7,121.9,47.6,109.0,AttackMove,StalePath,fortress,narrow,gave up,0,,leg 3/3 to (47.6;109.0) crosses shield_generator (corner),drone_hangar(fixed)@6.1 titan_tank(moving)@9.8 aa_vehicle(parked)@4.0 aa_vehicle(moving)@7.3 aa_vehicle(moving)@5.5 aa_vehicle(parked)@4.9 shield_generator@9
ashfield,Endless,1,obstacles,513,titan_tank,0,3960,198.0,208.5,10.5,44.8,123.3,47.6,109.0,AttackMove,StalePath,fortress,,moved,0,,leg 2/2 to (47.6;109.0) crosses shield_generator (corner),titan_tank(parked)@10.0 titan_tank(moving)@6.3 aa_vehicle(parked)@10.0 aa_vehicle(moving)@4.1 aa_vehicle(moving)@6.7 aa_vehicle(moving)@9.9 aa_vehicle(moving)@4.5 base_wall@8 floodlight_mast@6
ashfield,Endless,1,obstacles,543,aa_vehicle,0,4030,201.5,210.5,9.0,48.4,121.7,19.5,99.6,AttackMove,YieldWait,fortress,narrow,moved,0,,behind titan_tank#513,drone_hangar(fixed)@8.4 titan_tank(moving)@8.7 titan_tank(moving)@7.6 aa_vehicle(moving)@5.5 aa_vehicle(moving)@4.7 aa_vehicle(moving)@4.0 aa_vehicle(parked)@4.9 aa_vehicle(moving)@9.8 floodlight_mast@8
ashfield,Endless,1,obstacles,504,artillery,0,4190,209.5,219.0,9.5,44.1,111.7,35.0,87.0,Move,YieldWait,fortress,narrow,moved,0,,behind titan_tank#513,titan_tank(parked)@3.5 titan_tank(moving)@7.5 aa_vehicle(parked)@5.2 siege_tank(moving)@9.1 aa_vehicle(moving)@8.1 base_wall@9 base_wall@4 shield_generator@10
ashfield,Endless,1,obstacles,513,titan_tank,0,4190,209.5,221.5,12.0,39.9,118.0,47.6,109.0,AttackMove,YieldWait,fortress,narrow,moved,0,,behind artillery#504,artillery(moving)@7.5 titan_tank(parked)@8.6 titan_tank(moving)@7.0 aa_vehicle(moving)@9.1 base_wall@6
ashfield,Endless,1,obstacles,530,siege_tank,0,4440,222.0,232.0,10.0,49.0,105.2,30.1,105.8,Move,YieldWait,fortress,,moved,0,,behind aa_vehicle#528,titan_tank(moving)@9.1 aa_vehicle(moving)@5.0 aa_vehicle(moving)@8.8 heavy_tank(moving)@8.2 base_wall@9
ashfield,Endless,1,obstacles,556,siege_tank,0,4690,234.5,243.0,8.5,57.2,121.3,27.2,107.3,Move,BlockedByFriend,fortress,,moved,0,,titan_tank#512 moving,drone_hangar(fixed)@7.4 titan_tank(moving)@5.2
ashfield,Endless,1,obstacles,546,heavy_tank,0,4900,245.0,256.0,11.0,104.5,61.2,118.9,57.2,AttackMove,BlockedByFriend,fortress,,moved,0,,aa_vehicle#529 moving,titan_tank(moving)@5.5 aa_vehicle(moving)@4.5 aa_vehicle(parked)@7.9 ifv(moving)@7.5 ammo_dump@8
ashfield,Endless,1,obstacles,529,aa_vehicle,0,4910,245.5,256.5,11.0,108.0,64.0,107.0,53.0,AttackMove,BlockedByFriend,fortress,,gave up,0,,heavy_tank#546 moving,titan_tank(moving)@7.8 main_battle_tank(moving)@9.7 heavy_tank(moving)@4.3 ifv(moving)@4.5 ammo_dump@5
ashfield,Endless,1,obstacles,506,titan_tank,0,5250,262.5,271.5,9.0,122.0,63.2,112.8,46.7,AttackMove,BlockedByFriend,fortress,narrow,moved,0,,heavy_tank#546 moving,main_battle_tank(parked)@6.3 heavy_tank(moving)@8.3 ifv(parked)@9.8 ammo_dump@10 container_stack@7
ashfield,Endless,1,obstacles,579,aa_vehicle,0,5370,268.5,277.5,9.0,98.6,99.7,107.0,53.0,AttackMove,YieldWait,fortress,,moved,0,,waiting on a yield,repair_bay(fixed)@4.9 ammo_depot(fixed)@8.4 ifv(moving)@4.9
ashfield,Endless,1,obstacles,580,aa_vehicle,0,6060,303.0,315.0,12.0,123.0,65.0,112.8,47.3,AttackMove,BlockedByFriend,fortress,,moved,0,,aa_vehicle#529 moving,aa_vehicle(moving)@3.5 heavy_tank(moving)@5.1 ifv(moving)@7.3 container_stack@5
ashfield,Endless,1,obstacles,529,aa_vehicle,0,6130,306.5,315.0,8.5,120.4,61.5,112.8,47.3,AttackMove,YieldWait,fortress,narrow,moved,0,,behind heavy_tank#578,ifv(moving)@5.1 heavy_tank(moving)@3.7 aa_vehicle(moving)@4.0 ifv(moving)@2.9 ammo_dump@8 container_stack@9
ashfield,Endless,1,obstacles,578,heavy_tank,0,6780,339.0,348.5,9.5,108.0,60.5,107.0,53.0,AttackMove,BlockedByFriend,fortress,,gave up,0,,aa_vehicle#580 moving,titan_tank(moving)@8.2 siege_tank(moving)@5.2 aa_vehicle(moving)@9.1 aa_vehicle(moving)@4.7 heavy_tank(moving)@9.4 shield_generator@8 ammo_dump@5
ashfield,Endless,1,obstacles,595,ifv,0,6840,342.0,350.5,8.5,122.3,61.2,112.8,47.3,AttackMove,Unknown,fortress+gate,nopark,moved,0,,speed 3.8 strikes 2,heavy_turret(fixed)@9.2 titan_tank(parked)@9.1 ifv(moving)@3.8 ammo_dump@10
ashfield,Endless,1,obstacles,602,heavy_tank,0,7020,351.0,365.5,14.5,97.3,60.2,112.8,47.3,AttackMove,YieldWait,fortress,,moved,0,,behind titan_tank#512,super_gun(fixed)@8.5 titan_tank(moving)@5.2 aa_vehicle(moving)@7.1
ashfield,Endless,1,obstacles,605,aa_vehicle,0,7130,356.5,374.0,17.5,104.0,57.7,107.5,45.4,AttackMove,YieldWait,fortress,narrow,gave up,0,,behind heavy_tank#578,titan_tank(moving)@6.2 heavy_tank(moving)@5.7 aa_vehicle(parked)@4.5 heavy_tank(moving)@7.7 shield_generator@10 ammo_dump@9
ashfield,Endless,1,obstacles,512,titan_tank,0,7160,358.0,367.5,9.5,102.6,63.6,112.8,46.7,AttackMove,YieldWait,fortress,,moved,0,,behind aa_vehicle#605,aa_vehicle(parked)@9.7 heavy_tank(moving)@5.3 aa_vehicle(moving)@6.2
ashfield,Endless,1,obstacles,552,siege_tank,0,7390,369.5,379.5,10.0,138.5,93.4,79.0,19.0,Move,BlockedByFriend,fortress,,moved,0,,siege_tank#556 moving,siege_tank(moving)@6.0 base_wall@7 base_wall@5
ashfield,Endless,1,obstacles,512,titan_tank,0,7420,371.0,379.5,8.5,113.6,69.2,106.7,75.6,AttackMove,BlockedByFriend,fortress,road,moved,0,,heavy_tank#602 parked,heavy_tank(moving)@5.2 heavy_tank(parked)@6.8 main_battle_tank(moving)@8.2 aa_vehicle(moving)@5.2 ammo_dump@8
ashfield,Endless,1,obstacles,546,heavy_tank,0,7670,383.5,392.5,9.0,112.3,66.2,107.0,53.0,AttackMove,YieldWait,fortress,,moved,0,,behind main_battle_tank#624,titan_tank(moving)@9.2 heavy_tank(moving)@6.1 main_battle_tank(moving)@4.5
ashfield,Endless,1,obstacles,556,siege_tank,0,8120,406.0,416.0,10.0,120.5,14.0,130.0,18.9,Move,YieldWait,fortress+gate,nopark,moved,0,,behind siege_tank#552,siege_tank(moving)@6.9 artillery_wreck@6
ashfield,Endless,1,obstacles,654,titan_tank,0,8140,407.0,416.5,9.5,99.5,98.0,139.5,132.9,AttackMove,YieldWait,fortress,,moved,0,,behind aa_vehicle#656,repair_bay(fixed)@6.5 ammo_depot(fixed)@6.5 aa_vehicle(moving)@5.8 aa_vehicle(moving)@4.0 aa_vehicle(moving)@7.5
ashfield,Endless,1,obstacles,654,titan_tank,0,8760,438.0,447.5,9.5,142.8,118.7,95.7,109.9,AttackMove,BlockedByFriend,fortress,,moved,0,,aa_vehicle#659 moving,heavy_tank(moving)@5.1 heavy_tank(moving)@5.3 ifv(moving)@5.9 aa_vehicle(moving)@8.0 aa_vehicle(moving)@4.1 base_wall@9
ashfield,Endless,1,obstacles,624,main_battle_tank,0,9000,450.0,462.0,12.0,138.0,126.4,139.5,132.9,AttackMove,BlockedByFriend,fortress,narrow,gave up,0,,titan_tank#506 moving,titan_tank(moving)@5.4 heavy_tank(moving)@7.4 base_wall@8 base_wall@6
ashfield,Endless,1,obstacles,506,titan_tank,0,9060,453.0,461.5,8.5,139.8,134.6,140.1,95.7,AttackMove,BlockedByObstacle,fortress,narrow,moved,0,,base_wall,main_battle_tank(moving)@8.0 base_wall@9 base_wall@7
ashfield,Endless,1,obstacles,506,titan_tank,0,9430,471.5,487.5,16.0,137.3,138.0,140.1,95.7,AttackMove,YieldWait,fortress,narrow,moved,0,,behind main_battle_tank#624,main_battle_tank(moving)@6.7 aa_vehicle(moving)@4.1 base_wall@8 base_wall@8
ashfield,Endless,1,obstacles,506,titan_tank,0,9750,487.5,497.0,9.5,138.3,136.5,140.1,95.7,AttackMove,YieldWait,fortress,narrow,moved,0,,behind aa_vehicle#656,main_battle_tank(moving)@7.4 aa_vehicle(moving)@5.6 base_wall@8 base_wall@7
ashfield,Endless,1,obstacles,643,fpv_carrier,1,10080,504.0,513.0,9.0,-42.2,-34.6,-61.0,-57.0,Move,BlockedByFriend,field,route,moved,0,,light_tank#701 moving,fpv_carrier(moving)@8.4 rocket_technical(moving)@8.0 ew_jammer(moving)@5.0 rocket_technical(moving)@4.6 light_tank(moving)@3.8
ashfield,Endless,1,obstacles,701,light_tank,1,10130,506.5,515.5,9.0,-46.0,-34.0,118.6,115.1,AttackMove,BlockedByFriend,field,route,moved,0,,fpv_carrier#616 moving,fpv_carrier(moving)@4.5 rocket_technical(moving)@8.8 ew_jammer(moving)@7.4 rocket_technical(moving)@5.7 fpv_carrier(moving)@9.5
ashfield,Endless,1,obstacles,658,aa_vehicle,0,10190,509.5,518.5,9.0,131.6,79.0,125.0,115.0,AttackMove,BlockedByFriend,fortress,,moved,0,,ifv#652 moving,siege_tank(moving)@6.4 ifv(moving)@4.0 titan_tank(moving)@6.1 siege_tank(parked)@10.0 base_wall@9
ashfield,Endless,1,obstacles,714,siege_tank,0,10540,527.0,538.5,11.5,100.9,98.0,107.0,79.0,Move,BlockedByFriend,fortress,,moved,0,,artillery#684 moving,repair_bay(fixed)@7.8 ammo_depot(fixed)@5.9 artillery(moving)@7.2 siege_tank(moving)@8.5
ashfield,Endless,2,light,488,siege_tank,0,2480,124.0,134.5,10.5,98.7,62.0,112.4,64.4,Move,BlockedByFriend,fortress,,moved,0,,scout_jeep#506 moving,scout_jeep(moving)@3.2
ashfield,Endless,2,light,525,aa_vehicle,0,3380,169.0,177.5,8.0,59.3,118.6,48.4,123.3,AttackMove,YieldWait,fortress,,died,0,,waiting on a yield,light_tank(moving)@4.3 scout_jeep(parked)@4.8 main_battle_tank(moving)@8.2 aa_vehicle(moving)@8.3
ashfield,Endless,2,light,529,armored_car,0,4210,210.5,221.5,11.0,114.9,116.0,125.0,115.0,AttackMove,YieldWait,fortress,,moved,0,,behind mobile_fortress#535,light_tank(moving)@2.9
ashfield,Endless,2,light,479,aa_vehicle,0,4760,238.0,249.0,11.0,114.7,138.0,129.7,115.9,AttackMove,StalePath,fortress,,moved,0,,leg 5/5 to (129.7;115.9) crosses command_hq (corner),main_battle_tank(moving)@8.1 aa_vehicle(moving)@4.6 elite_heavy_tank(moving)@4.6 base_wall@5
ashfield,Endless,2,light,572,elite_heavy_tank,0,6390,319.5,330.5,11.0,136.5,132.0,112.7,132.9,AttackMove,StalePath,fortress,,moved,0,,leg 2/6 to (137.0;133.0) crosses command_hq (corner),main_battle_tank(parked)@5.7
ashfield,Weekly,1,light,477,armored_bulldozer,0,2640,132.0,141.5,9.5,-91.5,-93.7,53.0,119.0,AttackMove,BlockedByFriend,camp0,road,moved,0,,armored_bulldozer#464 moving,armored_bulldozer(moving)@6.0 heavy_tank(moving)@6.5 aa_vehicle(moving)@3.1
ashfield,Weekly,1,light,486,twin_tank,1,2880,144.0,157.5,13.5,10.9,112.0,125.7,138.8,AttackMove,OffRoute,fortress,,gave up,0,,to (4.9;113.6) past wreck_tank,command_vehicle(moving)@7.9 rocket_technical(parked)@9.4 rocket_technical(moving)@6.0 wreck_tank@7
ashfield,Weekly,1,light,486,twin_tank,1,3670,183.5,196.5,13.0,26.5,108.0,125.7,138.8,AttackMove,BlockedByFriend,fortress,route,moved,0,,wheeled_gun#489 moving,sapper(moving)@5.7 engineer_vehicle(moving)@8.3 wheeled_gun(moving)@4.0 heavy_tank(moving)@6.7
ashfield,Weekly,1,light,497,fpv_carrier,1,4330,216.5,226.5,10.0,10.0,113.2,30.6,109.3,Move,OffRoute,fortress,,moved,0,,to (30.6;109.3) past wreck_tank,heavy_rocket_artillery(parked)@9.2 heavy_rocket_artillery(parked)@7.3 wreck_tank@7
ashfield,Weekly,1,light,492,heavy_tank,1,4850,242.5,252.0,9.5,116.6,116.0,125.0,115.0,AttackMove,BlockedByFriend,fortress,,gave up,0,,scout_jeep#457 moving,smoke_carrier(moving)@4.8 scout_jeep(moving)@2.9 wheeled_gun(moving)@4.8
ashfield,Weekly,1,light,456,smoke_carrier,1,4930,246.5,256.5,10.0,111.9,114.3,125.0,115.0,AttackMove,BlockedByFriend,fortress,,moved,0,,wheeled_gun#489 moving,scout_jeep(moving)@4.1 wheeled_gun(moving)@4.7
ashfield,Weekly,1,light,499,command_vehicle,1,5890,294.5,306.5,12.0,87.0,119.0,31.0,121.0,Move,YieldWait,fortress,,moved,0,,behind flame_tank#501,twin_tank(moving)@6.3 heavy_tank(moving)@7.3 flame_tank(moving)@4.3 base_wall@5
ashfield,Weekly,1,light,499,command_vehicle,1,6180,309.0,317.5,8.5,90.2,118.3,45.0,133.0,Move,BlockedByFriend,fortress,,moved,0,,sapper#519 moving,sam_launcher(moving)@6.1 flame_tank(moving)@5.5 sapper(moving)@5.2 base_wall@8
ashfield,Weekly,1,light,466,heavy_rocket_artillery,1,8630,431.5,447.0,15.5,83.4,115.6,99.0,123.9,Move,BlockedByFriend,fortress,road,gave up,0,,engineer_vehicle#482 parked,sam_launcher(moving)@4.2 engineer_vehicle(parked)@4.9 twin_tank(moving)@9.6 command_vehicle(moving)@6.1 ew_jammer(parked)@7.3 bmpt(moving)@8.0 base_wall@6
ashfield,Weekly,1,light,524,turtle_tank,1,9260,463.0,474.0,11.0,97.3,114.9,53.3,112.9,AttackMove,BlockedByFriend,fortress,road,moved,0,,smoke_carrier#456 moving,smoke_carrier(moving)@4.4 sam_launcher(moving)@4.8 mobile_fortress(moving)@9.2
ashfield,Weekly,1,light,524,turtle_tank,1,9480,474.0,485.0,11.0,96.1,111.6,53.3,112.9,AttackMove,BlockedByFriend,fortress,road,moved,0,,mine_layer#476 moving,sam_launcher(moving)@5.4 mine_layer(moving)@5.3 rocket_technical(moving)@7.9
ashfield,Weekly,1,light,558,artillery,0,10900,545.0,553.5,8.0,70.0,31.0,62.7,6.2,Move,BlockedByFriend,fortress+gate,road+nopark,died,0,,heavy_tank#540 moving,heavy_tank(moving)@5.5
ashfield,Weekly,2,full,516,rocket_technical,1,2110,105.5,114.0,8.5,71.5,138.4,31.4,119.3,Move,Unknown,fortress+gate,nopark,moved,0,,speed 5.2 strikes 1,smoke_carrier(moving)@7.6 scout_jeep(moving)@4.4 scout_jeep(moving)@8.5 ammo_dump@7 container@6
ashfield,Weekly,2,full,492,main_battle_tank,0,2140,107.0,116.5,9.5,-83.1,-89.6,-89.9,-97.4,Move,BlockedByFriend,camp0,,moved,0,,scout_jeep#534 moving,siege_tank(moving)@4.3 main_battle_tank(moving)@5.7 armored_car(moving)@6.3 scout_jeep(moving)@4.6 scout_jeep(moving)@4.1
ashfield,Weekly,2,full,509,thermobaric_launcher,1,2390,119.5,128.0,8.5,110.7,141.5,21.2,109.3,Move,Unknown,fortress+gate,nopark,moved,0,,speed 4.6 strikes 0,guard_tower(fixed)@4.8 base_wall@8
ashfield,Weekly,2,full,517,thermobaric_launcher,1,4220,211.0,225.5,14.5,71.8,127.1,111.0,139.0,Move,YieldWait,fortress+gate,nopark,moved,0,,behind counter_battery_radar#513,c_ram(fixed)@4.7 thermobaric_launcher(moving)@7.5 counter_battery_radar(moving)@4.4 flame_tank(moving)@7.4
ashfield,Weekly,2,full,513,counter_battery_radar,1,4250,212.5,223.0,10.5,68.5,130.0,111.0,139.0,Move,BlockedByFriend,fortress+gate,narrow+nopark,moved,0,,flame_tank#523 moving,c_ram(fixed)@9.0 rocket_technical(moving)@8.7 thermobaric_launcher(moving)@4.6 flame_tank(moving)@4.6 ammo_dump@6
ashfield,Weekly,2,full,523,flame_tank,1,4320,216.0,224.5,8.5,70.0,132.9,108.0,116.7,AttackMove,YieldWait,fortress+gate,nopark,moved,0,,behind counter_battery_radar#513,c_ram(fixed)@9.9 scout_jeep(moving)@9.7 scout_jeep(moving)@4.4 thermobaric_launcher(moving)@9.9 counter_battery_radar(moving)@3.3 rocket_technical(moving)@5.3 rocket_technical(moving)@7.9 thermobaric_launcher(moving)@6.9 ammo_dump@5 container@8
ashfield,Weekly,2,full,509,thermobaric_launcher,1,4400,220.0,231.0,11.0,79.9,131.0,97.0,149.0,Move,OffRoute,fortress,,moved,0,,to (85.0;141.0) past base_wall,c_ram(fixed)@7.2 scout_jeep(moving)@7.5 ew_jammer(moving)@5.6 scout_jeep(moving)@9.6 rocket_technical(moving)@9.8 base_wall@10 base_wall@4 base_wall@9
ashfield,Weekly,2,full,513,counter_battery_radar,1,4920,246.0,254.5,8.5,77.6,118.1,83.7,108.5,Move,Unknown,fortress,,moved,0,,speed 4.5 strikes 2,command_vehicle(moving)@8.5 rocket_technical(moving)@4.6 thermobaric_launcher(moving)@6.0 base_wall@7
ashfield,Weekly,2,full,501,command_vehicle,1,4950,247.5,257.0,9.5,86.1,117.6,83.6,106.8,Move,YieldWait,fortress,,moved,0,,behind counter_battery_radar#556,smoke_carrier(moving)@9.3 ew_jammer(moving)@4.0 scout_jeep(moving)@9.0 rocket_technical(moving)@7.4 thermobaric_launcher(moving)@8.8 sapper(moving)@7.0 counter_battery_radar(moving)@5.4
ashfield,Weekly,2,full,522,mine_layer,1,5340,267.0,276.0,9.0,109.0,111.1,125.0,115.0,AttackMove,YieldWait,fortress,,moved,0,,behind mobile_fortress#558,mobile_fortress(moving)@9.8 rocket_technical(moving)@9.0
ashfield,Weekly,2,full,509,thermobaric_launcher,1,5690,284.5,295.0,10.5,84.9,129.6,101.0,139.0,Move,BlockedByFriend,fortress,,moved,0,,bmpt#527 moving,drone_hangar(fixed)@6.9 rocket_technical(moving)@8.2 thermobaric_launcher(moving)@8.9 flame_tank(moving)@9.4 bmpt(moving)@3.9 ifv(moving)@7.5 rocket_technical(moving)@7.1 vbied(moving)@5.4 base_wall@5
ashfield,Weekly,2,full,522,mine_layer,1,5800,290.0,299.5,9.5,116.3,115.7,92.2,79.7,AttackMove,BlockedByFriend,fortress,,gave up,0,,mobile_fortress#558 parked,mobile_fortress(parked)@8.1
ashfield,Weekly,2,full,517,thermobaric_launcher,1,5950,297.5,312.0,14.5,83.2,127.4,101.0,139.0,Move,BlockedByFriend,fortress,,moved,0,,command_vehicle#501 moving,drone_hangar(fixed)@8.3 command_vehicle(moving)@3.6 thermobaric_launcher(moving)@8.8 flame_tank(moving)@4.6 sapper(moving)@4.2 twin_tank(moving)@8.9 rocket_technical(moving)@8.4 vbied(moving)@6.5 base_wall@8
ashfield,Weekly,2,full,501,command_vehicle,1,5960,298.0,309.5,11.5,81.1,124.5,101.0,139.0,Move,BlockedByFriend,fortress,,moved,0,,vbied#577 moving,thermobaric_launcher(moving)@3.6 flame_tank(moving)@5.2 sapper(moving)@5.6 twin_tank(moving)@5.2 rocket_technical(moving)@8.5 vbied(moving)@4.4
ashfield,Weekly,2,full,555,siege_tank,0,6180,309.0,322.0,13.0,85.5,44.0,103.1,35.8,Move,YieldWait,fortress,,moved,0,,behind siege_tank#526,siege_tank(parked)@4.8
ashfield,Weekly,2,full,601,elite_heavy_tank,1,7820,391.0,399.5,8.5,130.1,144.2,112.1,142.7,AttackMove,BlockedByFriend,fortress,,moved,0,,vbied#599 moving,bmpt(moving)@8.6 heavy_tank(moving)@7.2 smoke_carrier(moving)@6.4 vbied(moving)@4.5
ashfield,Weekly,2,full,527,bmpt,1,7940,397.0,409.0,12.0,122.3,145.2,136.3,142.7,AttackMove,YieldWait,fortress,,moved,0,,behind smoke_carrier#591,heavy_tank(moving)@8.8 smoke_carrier(moving)@3.9 vbied(moving)@9.2 elite_heavy_tank(moving)@8.6 counter_battery_radar(parked)@9.0
ashfield,Weekly,2,full,601,elite_heavy_tank,1,7990,399.5,416.5,17.0,131.6,145.9,112.1,142.7,AttackMove,YieldWait,fortress,,moved,0,,behind heavy_tank#565,bmpt(moving)@9.0 heavy_tank(moving)@6.1 smoke_carrier(parked)@6.0 vbied(moving)@8.8
ashfield,Weekly,2,full,591,smoke_carrier,1,8670,433.5,443.0,9.5,105.1,98.6,113.4,119.0,AttackMove,BlockedByFriend,fortress,,moved,0,,rocket_technical#613 parked,thermobaric_launcher(parked)@6.1 rocket_technical(parked)@3.3 rocket_technical(parked)@4.9 rocket_technical(parked)@7.6
ashfield,Weekly,2,full,607,command_vehicle,1,9190,459.5,475.5,16.0,115.6,116.0,101.0,135.0,Move,BlockedByFriend,fortress,,moved,0,,flame_tank#523 parked,flame_tank(parked)@4.5 bmpt(moving)@8.1 smoke_carrier(parked)@4.7
ironport,Defend,1,obstacles,547,ifv,0,2960,148.0,159.0,11.0,49.5,122.0,9.6,71.4,AttackMove,OffRoute,fortress+gate,route+nopark,moved,0,,to (47.0;125.0) past drone_hangar(defence),drone_hangar(fixed)@7.5 aa_vehicle(moving)@3.5 aa_vehicle(moving)@6.8 ifv(moving)@4.1 base_wall@10 floodlight_mast@7
ironport,Defend,1,obstacles,528,aa_vehicle,0,3150,157.5,166.0,8.5,54.1,119.4,8.8,50.7,AttackMove,YieldWait,fortress+gate,route+narrow+nopark,moved,0,,behind aa_vehicle#529,drone_hangar(fixed)@8.6 aa_vehicle(moving)@2.9 ifv(moving)@7.3 shield_generator@8 container_stack@9
ironport,Defend,1,obstacles,532,heavy_tank,0,3280,164.0,173.0,9.0,98.6,105.4,95.1,113.1,Move,Unknown,fortress,,gave up,0,,speed -1.2 strikes 0,repair_bay(fixed)@6.0 ifv(moving)@9.3
ironport,Defend,1,obstacles,579,siege_tank,0,3810,190.5,199.5,9.0,99.2,98.7,-4.3,66.1,Move,YieldWait,fortress,,moved,0,,behind siege_tank#580,repair_bay(fixed)@5.9 ammo_depot(fixed)@7.3 siege_tank(moving)@7.0
ironport,Defend,1,obstacles,592,scout_jeep,1,4430,221.5,243.0,21.5,5.8,41.5,57.0,57.0,Attack,NoPath,fortress,,moved,0,,goal (57.0;57.0) in blocked ground (shield_generator); other region (9 cells); fortress,armored_car(parked)@5.3 light_tank(parked)@9.3 armored_car(parked)@7.9
ironport,Defend,1,obstacles,591,armored_car,1,4450,222.5,236.0,13.5,-2.1,41.0,57.0,57.0,Attack,NoPath,fortress,road+route,gave up,0,,goal (57.0;57.0) in blocked ground (shield_generator); other region (9 cells); fortress,armored_car(parked)@5.3 scout_jeep(parked)@7.9
ironport,Defend,1,obstacles,515,titan_tank,0,4480,224.0,235.0,11.0,53.3,118.0,69.3,49.1,AttackMove,OffRoute,fortress+gate,route+narrow+nopark,moved,0,,to (65.0;117.0) past shield_generator,ifv(moving)@9.3 siege_tank(moving)@3.8 shield_generator@6 container_stack@8
ironport,Defend,1,obstacles,587,zu23_technical,1,4520,226.0,243.0,17.0,-1.2,29.3,57.0,57.0,Attack,NoPath,fortress,,moved,0,,goal (57.0;57.0) in blocked ground (shield_generator); other region (9 cells); fortress,armored_bulldozer(parked)@9.1 counter_battery_radar(moving)@3.4 counter_battery_radar(moving)@6.7 command_vehicle(moving)@4.8
ironport,Defend,1,obstacles,589,light_tank,1,4540,227.0,242.5,15.5,11.0,33.7,57.0,57.0,Attack,NoPath,fortress,,moved,0,,goal (57.0;57.0) in blocked ground (shield_generator); other region (9 cells); fortress,counter_battery_radar(moving)@9.0 scout_jeep(parked)@9.3
ironport,Defend,1,obstacles,586,armored_car,1,4590,229.5,243.0,13.5,1.6,44.8,57.0,57.0,Attack,NoPath,fortress,road+route,moved,0,,goal (57.0;57.0) in blocked ground (shield_generator); other region (9 cells); fortress,armored_car(parked)@4.8 scout_jeep(parked)@5.3
ironport,Defend,1,obstacles,523,siege_tank,0,4770,238.5,247.5,9.0,34.4,122.0,65.5,99.6,Move,Unknown,fortress,route,moved,0,,speed 0.7 strikes 0,siege_tank(moving)@5.5 siege_tank(moving)@9.1 base_wall@6 floodlight_mast@9
ironport,Defend,1,obstacles,550,siege_tank,0,5010,250.5,259.5,9.0,35.6,135.5,49.0,101.0,Move,YieldWait,fortress+gate,nopark,moved,0,,behind siege_tank#579,siege_tank(moving)@8.2 base_wall@5
ironport,Defend,1,obstacles,532,heavy_tank,0,5320,266.0,275.0,9.0,42.4,51.0,61.0,127.0,AttackMove,BlockedByFriend,fortress,route,moved,0,,titan_tank#515 moving,titan_tank(moving)@5.6 heavy_tank(moving)@4.9 ifv(moving)@4.5 base_wall@10
ironport,Defend,1,obstacles,568,titan_tank,0,5700,285.0,295.0,10.0,76.1,101.0,51.3,97.4,AttackMove,BlockedByFriend,fortress,route,moved,0,,aa_vehicle#582 moving,titan_tank(moving)@8.0 siege_tank(moving)@4.9 aa_vehicle(moving)@4.8 heavy_tank(moving)@5.0 base_wall@9 base_wall@8
ironport,Defend,1,obstacles,517,titan_tank,0,6380,319.0,338.5,19.5,52.7,98.3,32.3,102.4,AttackMove,BlockedByFriend,fortress+gate,nopark,moved,0,,siege_tank#550 moving,gun_pit(fixed)@7.5 siege_tank(moving)@5.5 main_battle_tank(moving)@5.5 titan_tank(moving)@9.7 ifv(parked)@9.0
ironport,Defend,1,obstacles,557,main_battle_tank,0,6620,331.0,339.5,8.5,55.4,102.0,51.3,97.4,AttackMove,YieldWait,fortress+gate,nopark,gave up,0,,behind titan_tank#517,gun_pit(fixed)@5.0 titan_tank(moving)@6.0 aa_vehicle(moving)@9.7
ironport,Defend,1,obstacles,550,siege_tank,0,6840,342.0,351.0,9.0,43.8,89.7,26.3,103.0,Move,YieldWait,fortress,,moved,0,,behind siege_tank#580,titan_tank(moving)@7.3 siege_tank(moving)@5.6 main_battle_tank(moving)@8.6 siege_tank(moving)@9.4 ifv(moving)@4.0 base_wall@7
ironport,Defend,1,obstacles,580,siege_tank,0,7020,351.0,362.0,11.0,34.2,81.4,49.6,91.1,Move,BlockedByFriend,fortress,,moved,0,,siege_tank#550 moving,titan_tank(moving)@8.2 siege_tank(moving)@5.2 titan_tank(parked)@5.7
ironport,Defend,1,obstacles,517,titan_tank,0,7160,358.0,377.0,19.0,44.3,86.0,9.0,64.3,AttackMove,YieldWait,fortress,,moved,0,,behind siege_tank#550,siege_tank(moving)@3.9 siege_tank(moving)@8.2 main_battle_tank(moving)@8.0 siege_tank(moving)@9.4 titan_tank(parked)@10.0 aa_vehicle(moving)@9.0
ironport,Defend,1,obstacles,597,sapper,1,7290,364.5,374.5,10.0,-28.0,-9.4,61.0,127.0,AttackMove,BlockedByFriend,field+gate,route+nopark,moved,0,,ew_jammer#613 moving,command_vehicle(moving)@9.2 ew_jammer(moving)@5.7 rocket_technical(moving)@9.2 vbied(moving)@9.6 armored_car(moving)@8.6 rocket_technical(parked)@7.9 jersey_barrier@9 barricade@6
ironport,Defend,1,obstacles,550,siege_tank,0,7400,370.0,380.5,10.5,34.8,79.6,26.3,103.0,Move,BlockedByFriend,fortress,,moved,0,,titan_tank#517 moving,titan_tank(moving)@7.6 siege_tank(moving)@9.3 siege_tank(parked)@7.9 siege_tank(moving)@5.2 aa_vehicle(moving)@7.2
ironport,Defend,1,obstacles,641,heavy_tank,0,7570,378.5,389.0,10.5,99.2,98.0,65.0,118.7,AttackMove,BlockedByDefence,fortress,,moved,0,,ammo_depot#489 parked,repair_bay(fixed)@6.3 ammo_depot(fixed)@6.7 artillery(moving)@3.5
ironport,Defend,1,obstacles,557,main_battle_tank,0,7660,383.0,393.0,10.0,35.4,93.1,34.3,82.4,Move,YieldWait,fortress,,gave up,0,,behind titan_tank#568,siege_tank(parked)@9.9 titan_tank(parked)@5.5 siege_tank(parked)@6.1 heavy_tank(moving)@6.9
ironport,Defend,1,obstacles,596,heavy_tank,0,7720,386.0,398.5,12.5,36.0,102.2,32.5,116.9,AttackMove,YieldWait,fortress,,moved,0,,behind titan_tank#599,main_battle_tank(parked)@9.9 aa_vehicle(moving)@5.4 titan_tank(moving)@5.5 ifv(moving)@6.6 base_wall@4
ironport,Defend,1,obstacles,532,heavy_tank,0,7830,391.5,400.0,8.5,67.1,95.9,50.6,92.0,AttackMove,Unknown,fortress,route,moved,0,,speed 2.2 strikes 0,gun_pit(fixed)@8.2
ironport,Defend,1,obstacles,532,heavy_tank,0,8500,425.0,433.5,8.5,56.6,93.0,63.8,89.1,AttackMove,GateWait,fortress,,gave up,0,,doorway 0,gun_pit(fixed)@7.8
ironport,Defend,1,obstacles,599,titan_tank,0,8550,427.5,438.5,11.0,53.9,105.9,64.3,104.1,AttackMove,StalePath,fortress+gate,nopark,gave up,0,,leg 2/2 to (64.3;104.1) crosses gun_pit(defence) (corner),gun_pit(fixed)@8.5 aa_vehicle(moving)@8.2 aa_vehicle(moving)@5.0 ifv(parked)@8.8 shield_generator@6
ironport,Defend,1,obstacles,687,ifv,0,10250,512.5,521.5,9.0,58.0,115.0,44.8,100.7,AttackMove,OffRoute,fortress+gate,nopark,moved,0,,to (44.8;100.7) past shield_generator,heavy_tank(parked)@3.3 aa_vehicle(parked)@6.7 shield_generator@7
ironport,Defend,2,light,488,main_battle_tank,0,660,33.0,41.5,8.5,69.5,54.7,35.0,41.0,AttackMove,Unknown,fortress,road,moved,0,,speed 3.9 strikes 1,ammo_dump@9
ironport,Defend,2,light,553,aa_vehicle,0,3590,179.5,192.0,12.5,86.0,108.7,87.2,100.9,Move,YieldWait,fortress+gate,route+nopark,gave up,0,,behind ifv#561,aa_vehicle(moving)@6.0 ifv(moving)@3.3 ifv(moving)@4.5 light_tank(moving)@7.8 base_wall@5
ironport,Defend,2,light,565,mlrs,0,3980,199.0,208.5,9.5,96.5,103.5,103.7,108.3,Move,BlockedByFriend,fortress,,moved,0,,scout_jeep#587 parked,main_battle_tank(parked)@4.0 main_battle_tank(parked)@7.0 main_battle_tank(moving)@8.7 scout_jeep(moving)@4.9 scout_jeep(parked)@6.7 scout_jeep(parked)@4.1 light_tank(moving)@5.8
ironport,Defend,2,light,553,aa_vehicle,0,4710,235.5,244.0,8.5,129.3,139.0,95.6,108.6,AttackMove,BlockedByFriend,fortress,,gave up,0,,scout_jeep#586 moving,main_battle_tank(moving)@7.0 main_battle_tank(moving)@4.2 aa_vehicle(moving)@4.1 light_tank(moving)@3.8 ifv(moving)@7.3 light_tank(moving)@9.6 main_battle_tank(moving)@6.1 scout_jeep(moving)@4.1 scout_jeep(moving)@6.6 base_wall@5 base_wall@10
ironport,Defend,2,light,557,light_tank,0,4720,236.0,249.0,13.0,132.9,138.0,125.0,115.0,AttackMove,BlockedByFriend,fortress,,moved,0,,aa_vehicle#555 moving,main_battle_tank(moving)@8.2 main_battle_tank(moving)@8.3 aa_vehicle(moving)@4.6 aa_vehicle(moving)@3.8 ifv(moving)@8.6 ifv(moving)@3.8 light_tank(moving)@7.4 armored_car(moving)@9.6 main_battle_tank(moving)@9.4 scout_jeep(moving)@6.8 scout_jeep(moving)@4.9 armored_car(moving)@10.0 base_wall@5 base_wall@7
ironport,Defend,2,light,555,aa_vehicle,0,5160,258.0,269.5,11.5,133.9,145.8,139.1,116.4,AttackMove,BlockedByFriend,fortress,,moved,0,,scout_jeep#587 moving,scout_jeep(moving)@3.8 armored_car(moving)@7.9
ironport,Defend,2,light,587,scout_jeep,0,5190,259.5,268.0,8.5,136.6,143.7,113.6,144.0,Move,BlockedByFriend,fortress,,moved,0,,aa_vehicle#555 moving,aa_vehicle(moving)@4.0 armored_car(moving)@5.4
ironport,Defend,2,light,594,armored_car,0,5220,261.0,271.0,10.0,130.0,105.8,125.0,115.0,AttackMove,YieldWait,fortress,,moved,0,,behind mobile_fortress#569,ifv(moving)@9.9 mobile_fortress(moving)@7.8 base_wall@4 base_wall@7
ironport,Defend,2,light,562,ifv,0,5440,272.0,285.0,13.0,138.0,100.7,112.8,125.6,AttackMove,BlockedByFriend,fortress,,moved,0,,ifv#601 moving,light_tank(moving)@9.1 mlrs(moving)@9.4 main_battle_tank(parked)@4.2 scout_jeep(moving)@3.2 ifv(moving)@4.2 elite_heavy_tank(moving)@8.7 base_wall@6 base_wall@5
ironport,Defend,2,light,555,aa_vehicle,0,5650,282.5,291.0,8.5,142.5,131.0,139.1,116.4,AttackMove,Unknown,fortress+gate,nopark,moved,0,,speed 4.6 strikes 0,main_battle_tank(moving)@7.0 mlrs(moving)@3.6 armored_car(moving)@5.2 main_battle_tank(moving)@8.9 main_battle_tank(moving)@9.5 scout_jeep(moving)@6.5 scout_jeep(moving)@4.1 base_wall@8
ironport,Defend,2,light,581,main_battle_tank,0,5660,283.0,292.5,9.5,141.9,140.0,139.1,116.4,AttackMove,YieldWait,fortress,,moved,0,,behind armored_car#580,main_battle_tank(moving)@5.3 aa_vehicle(moving)@5.3 armored_car(moving)@3.7 scout_jeep(moving)@5.4 scout_jeep(moving)@6.0 light_tank(moving)@3.2
ironport,Defend,2,light,614,elite_heavy_tank,0,5790,289.5,298.5,9.0,138.0,98.7,102.8,82.8,AttackMove,YieldWait,fortress,,moved,0,,behind ifv#600,siege_tank(moving)@8.5 aa_vehicle(moving)@9.0 light_tank(moving)@6.7 main_battle_tank(moving)@3.7 light_tank(moving)@4.2 ifv(moving)@5.4 base_wall@7
ironport,Defend,2,light,493,siege_tank,0,5820,291.0,305.5,14.5,144.0,93.1,144.0,110.2,Move,YieldWait,fortress,,moved,0,,behind light_tank#557,main_battle_tank(moving)@4.6 ifv(moving)@8.9 elite_heavy_tank(parked)@8.2
ironport,Defend,2,light,592,armored_car,0,6110,305.5,314.5,9.0,143.3,98.3,125.0,115.0,AttackMove,BlockedByFriend,fortress,,moved,0,,main_battle_tank#581 moving,siege_tank(moving)@6.0 main_battle_tank(moving)@4.6 main_battle_tank(moving)@5.7 main_battle_tank(moving)@9.4 scout_jeep(parked)@8.2
ironport,Defend,2,light,614,elite_heavy_tank,0,6170,308.5,317.0,8.5,129.9,95.3,110.5,117.1,AttackMove,BlockedByFriend,fortress,,moved,0,,mobile_fortress#569 parked,siege_tank(moving)@9.9 mobile_fortress(parked)@8.5 main_battle_tank(moving)@9.0 main_battle_tank(moving)@6.9 armored_car(moving)@7.1
ironport,Defend,2,light,493,siege_tank,0,6210,310.5,319.0,8.5,138.6,93.8,144.0,110.2,Move,BlockedByFriend,fortress,,moved,0,,elite_heavy_tank#614 moving,armored_car(moving)@9.6 elite_heavy_tank(moving)@9.5
ironport,Defend,2,light,489,main_battle_tank,0,6430,321.5,330.0,8.5,119.8,115.0,95.4,141.0,AttackMove,BlockedByFriend,fortress,,moved,0,,ifv#602 moving,aa_vehicle(parked)@6.3 aa_vehicle(moving)@4.6 armored_car(moving)@9.3 main_battle_tank(moving)@7.2 ifv(moving)@7.4 ifv(moving)@3.7 elite_heavy_tank(moving)@8.8 ifv(moving)@3.7
ironport,Defend,2,light,493,siege_tank,0,6630,331.5,342.0,10.5,143.6,113.6,103.2,110.7,Move,BlockedByFriend,fortress,,moved,0,,light_tank#563 moving,light_tank(moving)@5.5 mlrs(moving)@9.8 main_battle_tank(moving)@5.9 scout_jeep(moving)@7.9
ironport,Defend,2,light,615,elite_heavy_tank,0,6840,342.0,351.5,9.5,138.7,119.5,125.0,115.0,AttackMove,BlockedByFriend,fortress,,moved,0,,siege_tank#493 moving,siege_tank(moving)@5.9 main_battle_tank(moving)@4.0 ifv(moving)@8.9 ifv(moving)@5.1
ironport,Defend,2,light,585,scout_jeep,0,7040,352.0,361.5,9.5,129.3,134.2,117.7,104.7,Move,YieldWait,fortress,,moved,0,,behind main_battle_tank#581,light_tank(moving)@3.7 main_battle_tank(moving)@4.7 aa_vehicle(moving)@7.6
ironport,Defend,2,light,582,main_battle_tank,0,7120,356.0,365.0,9.0,114.0,119.7,125.0,115.0,AttackMove,YieldWait,fortress,,gave up,0,,behind light_tank#588,light_tank(moving)@8.5 main_battle_tank(moving)@4.7 light_tank(moving)@4.0 ifv(moving)@7.0 elite_heavy_tank(moving)@5.6 siege_tank(moving)@8.9
ironport,Defend,2,light,588,light_tank,0,7140,357.0,365.5,8.5,113.6,115.2,101.8,122.8,Move,BlockedByFriend,fortress,,moved,0,,light_tank#563 moving,siege_tank(moving)@6.7 light_tank(moving)@2.4 main_battle_tank(parked)@4.1 main_battle_tank(moving)@8.3 ifv(moving)@9.5 elite_heavy_tank(moving)@3.8 siege_tank(moving)@9.8
ironport,Endless,1,light,549,heavy_tank,0,3960,198.0,207.0,9.0,132.5,140.3,97.2,142.8,AttackMove,BlockedByFriend,fortress,,moved,0,,aa_vehicle#566 moving,heavy_tank(moving)@9.3 aa_vehicle(parked)@9.5 aa_vehicle(parked)@8.0 aa_vehicle(moving)@5.7 base_wall@7
ironport,Endless,1,light,546,mobile_fortress,0,4470,223.5,232.0,8.0,125.0,116.0,82.9,123.0,Move,BlockedByFriend,fortress,,died,0,,ifv#584 moving,ifv(moving)@7.1 command_hq@9
ironport,Endless,1,light,549,heavy_tank,0,4530,226.5,235.0,8.5,77.9,125.9,92.0,126.6,AttackMove,BlockedByFriend,fortress,,moved,0,,titan_tank#486 parked,titan_tank(moving)@7.6 titan_tank(parked)@6.3 titan_tank(moving)@3.4 aa_vehicle(moving)@4.0 aa_vehicle(moving)@5.8 elite_heavy_tank(moving)@9.2 base_wall@7
ironport,Endless,1,light,510,titan_tank,0,4570,228.5,243.0,14.5,81.4,124.0,97.2,142.8,AttackMove,OffRoute,fortress,,gave up,0,,to (79.0;137.0) past base_wall,titan_tank(moving)@9.1 titan_tank(parked)@9.5 heavy_tank(moving)@4.1 aa_vehicle(moving)@7.8 aa_vehicle(moving)@5.5 ifv(moving)@5.3 elite_heavy_tank(moving)@5.9 base_wall@6
ironport,Endless,1,light,569,elite_heavy_tank,0,4570,228.5,240.0,11.5,87.1,122.5,97.2,142.8,AttackMove,BlockedByFriend,fortress,,moved,0,,titan_tank#510 moving,titan_tank(moving)@5.9 heavy_tank(moving)@9.8 ifv(moving)@7.0 elite_heavy_tank(moving)@7.2 base_wall@8
ironport,Endless,1,light,549,heavy_tank,0,4990,249.5,259.5,10.0,80.5,122.6,125.7,139.6,AttackMove,OffRoute,fortress,,moved,0,,to (79.0;137.0) past base_wall,titan_tank(moving)@5.3 base_wall@8
ironport,Endless,1,light,559,titan_tank,0,5150,257.5,266.0,8.5,135.3,136.7,143.9,106.6,AttackMove,Unknown,fortress,,moved,0,,speed 4.0 strikes 0,ifv(moving)@3.5 elite_mbt(moving)@5.1
ironport,Endless,1,light,549,heavy_tank,0,5460,273.0,283.0,10.0,113.7,138.1,110.4,125.7,AttackMove,BlockedByFriend,fortress,,moved,0,,titan_tank#484 parked,titan_tank(parked)@6.0 titan_tank(moving)@7.0 elite_heavy_tank(moving)@9.9 base_wall@4
ironport,Endless,1,light,512,engineer_vehicle,1,5530,276.5,285.0,8.5,-16.0,-20.2,14.7,7.1,Move,BlockedByFriend,field+gate,route+narrow+nopark,moved,0,,vbied#579 moving,light_tank(moving)@4.7 vbied(moving)@3.3 light_tank(moving)@6.1 rocket_technical(moving)@5.3 light_tank(moving)@8.3 jersey_barrier@7 wreck_car@7
ironport,Endless,1,light,587,elite_mbt,0,5620,281.0,298.5,17.5,130.8,134.9,117.1,112.7,AttackMove,BlockedByFriend,fortress,,moved,0,,ifv#568 parked,ifv(moving)@5.4 ifv(parked)@3.2 elite_heavy_tank(moving)@4.7 heavy_tank(moving)@8.4 elite_heavy_tank(moving)@8.4
ironport,Endless,1,light,586,heavy_tank,0,5690,284.5,300.5,16.0,136.6,140.4,125.0,115.0,AttackMove,BlockedByFriend,fortress,,moved,0,,ifv#568 parked,titan_tank(moving)@7.0 ifv(moving)@8.6 ifv(parked)@4.8 elite_mbt(moving)@8.1 elite_heavy_tank(moving)@5.3
ironport,Endless,1,light,569,elite_heavy_tank,0,5710,285.5,300.0,14.5,125.4,135.0,117.1,112.7,AttackMove,BlockedByFriend,fortress,,moved,0,,ifv#567 moving,titan_tank(moving)@6.4 ifv(moving)@5.2 ifv(parked)@8.7 elite_mbt(moving)@6.0
ironport,Endless,1,light,588,elite_heavy_tank,0,5900,295.0,303.5,8.5,143.0,134.5,118.3,138.0,AttackMove,BlockedByFriend,fortress,,moved,0,,ifv#568 moving,titan_tank(moving)@4.3 titan_tank(moving)@6.2 aa_vehicle(moving)@9.3 ifv(moving)@3.7 heavy_tank(moving)@8.6 ifv(moving)@9.7
ironport,Endless,1,light,559,titan_tank,0,6040,302.0,312.5,10.5,136.2,132.2,125.7,139.6,AttackMove,YieldWait,fortress,,moved,0,,behind heavy_tank#586,titan_tank(moving)@5.8 ifv(moving)@5.7 elite_heavy_tank(moving)@3.9 elite_mbt(moving)@8.4 main_battle_tank(moving)@5.4
ironport,Endless,1,light,567,ifv,0,6180,309.0,320.0,11.0,141.1,133.9,125.0,115.0,AttackMove,YieldWait,fortress,,moved,0,,behind titan_tank#486,titan_tank(moving)@7.5 titan_tank(moving)@4.6 titan_tank(moving)@6.9 aa_vehicle(moving)@7.6 elite_heavy_tank(moving)@3.7 heavy_tank(moving)@6.6 elite_mbt(moving)@7.1 ifv(moving)@9.9
ironport,Endless,1,light,510,titan_tank,0,6190,309.5,321.0,11.5,144.0,123.2,132.9,137.3,AttackMove,YieldWait,fortress,,moved,0,,behind titan_tank#486,titan_tank(moving)@9.9 aa_vehicle(moving)@4.9 ifv(moving)@5.9 heavy_tank(moving)@5.2 main_battle_tank(moving)@8.3
ironport,Endless,1,light,607,main_battle_tank,0,6190,309.5,321.9,12.4,136.0,125.6,119.4,135.8,AttackMove,YieldWait,fortress,,open,0,,behind titan_tank#486,titan_tank(moving)@5.6 titan_tank(moving)@8.3 titan_tank(moving)@8.5 aa_vehicle(moving)@4.3 ifv(moving)@9.6 ifv(moving)@4.5 heavy_tank(moving)@9.4
ironport,Endless,2,full,571,scout_jeep,0,3500,175.0,183.5,8.5,1.8,61.5,15.3,85.4,Move,OffRoute,fortress,road+route,moved,0,,to (15.3;85.4) past radar_station,siege_tank(moving)@9.0 light_tank(moving)@3.2 ifv(moving)@6.5 main_battle_tank(moving)@7.9 armored_car(parked)@7.5 radar_station@8
ironport,Endless,2,full,569,main_battle_tank,0,3740,187.0,201.0,14.0,2.0,62.9,9.0,65.0,AttackMove,BlockedByFriend,fortress,road+route,moved,0,,light_tank#547 parked,light_tank(parked)@3.7 armored_car(parked)@6.9 radar_station@9
ironport,Endless,2,full,596,light_tank,0,4260,213.0,221.5,8.5,15.8,66.3,8.9,51.9,AttackMove,StalePath,fortress,,moved,0,,leg 3/3 to (8.9;51.9) crosses radar_station (corner),main_battle_tank(parked)@9.7 main_battle_tank(moving)@3.5 scout_jeep(moving)@3.6 scout_jeep(parked)@7.5 armored_car(moving)@3.8 aa_vehicle(moving)@6.6
ironport,Endless,2,full,600,aa_vehicle,0,4330,216.5,231.0,14.5,9.7,64.0,8.9,51.9,AttackMove,StalePath,fortress,,gave up,0,,leg 3/3 to (8.9;51.9) crosses radar_station (corner),main_battle_tank(moving)@9.6 main_battle_tank(moving)@4.0 light_tank(moving)@4.0 main_battle_tank(moving)@8.5 scout_jeep(moving)@7.1 scout_jeep(moving)@5.1 armored_car(moving)@3.1 light_tank(moving)@5.1 aa_vehicle(moving)@9.7 aa_vehicle(moving)@7.1 radar_station@6
ironport,Endless,2,full,596,light_tank,0,4430,221.5,232.5,11.0,16.3,65.8,8.9,51.9,AttackMove,StalePath,fortress,,moved,0,,leg 8/8 to (8.9;51.9) crosses radar_station (corner),main_battle_tank(moving)@4.3 light_tank(moving)@8.1 scout_jeep(moving)@2.6 scout_jeep(parked)@2.0 armored_car(parked)@7.3 aa_vehicle(moving)@6.4 aa_vehicle(moving)@5.2
ironport,Endless,2,full,569,main_battle_tank,0,4640,232.0,262.0,30.0,17.2,59.4,51.0,57.0,Idle,NoPath,fortress,,moved,0,,goal (51.0;57.0) in open ground; other region (9 cells); fortress,
ironport,Endless,2,full,604,light_tank,0,4840,242.0,251.5,9.5,86.0,109.6,0.4,63.5,AttackMove,YieldWait,fortress+gate,nopark,moved,0,,behind ifv#618,ifv(moving)@3.2 siege_tank(moving)@4.3 siege_tank(moving)@9.4 scout_jeep(moving)@5.1 scout_jeep(moving)@6.8 armored_car(moving)@8.7 armored_car(moving)@7.5 base_wall@6
ironport,Endless,2,full,572,scout_jeep,0,4960,248.0,262.5,14.5,35.2,45.2,51.0,57.0,Idle,NoPath,fortress,,moved,0,,goal (51.0;57.0) in open ground; other region (9 cells); fortress,base_wall@5 base_wall@9 floodlight_mast@7
ironport,Endless,2,full,628,scout_jeep,0,5190,259.5,269.0,9.5,86.4,121.3,91.0,104.9,Move,GateWait,fortress,,moved,0,,doorway 0,missile_battery(fixed)@8.0 base_wall@3 base_wall@9
ironport,Endless,2,full,601,aa_vehicle,0,5790,289.5,312.0,22.5,56.8,47.7,23.9,16.5,AttackMove,Embedded,fortress,,gave up,0,,on aa_turret(defence),c_ram(fixed)@8.9 light_tank(parked)@3.1 ifv(parked)@5.6 main_battle_tank(moving)@7.2 armored_car(moving)@4.5 main_battle_tank(parked)@9.8 aa_turret(fixed)@2.2 shield_generator@9
ironport,Endless,2,full,636,aa_vehicle,0,5850,292.5,301.5,9.0,66.2,67.5,65.6,51.5,AttackMove,BlockedByFriend,fortress,,moved,0,,light_tank#604 moving,ifv(moving)@9.0 ifv(moving)@9.8 scout_jeep(moving)@8.1 aa_vehicle(parked)@6.9 light_tank(moving)@3.3 ifv(parked)@9.9 main_battle_tank(moving)@3.8 aa_vehicle(moving)@9.9 aa_vehicle(moving)@8.4 ammo_dump@7
ironport,Endless,2,full,574,armored_car,0,5970,298.5,313.0,14.0,60.6,45.3,51.0,57.0,Idle,Embedded,fortress,,died,0,,on aa_turret(defence),light_tank(parked)@5.0 ifv(parked)@6.7 main_battle_tank(moving)@4.0 aa_vehicle(moving)@4.5 light_tank(moving)@8.4 aa_turret(fixed)@3.1 floodlight_mast@8
ironport,Endless,2,full,637,main_battle_tank,1,6000,300.0,325.5,25.5,14.0,13.3,57.0,57.0,Attack,NoPath,fortress,,moved,0,,goal (57.0;57.0) in blocked ground (shield_generator); other region (9 cells); fortress,fpv_carrier(moving)@6.1 armored_car(parked)@5.2
ironport,Endless,2,full,648,armored_car,1,6040,302.0,326.0,24.0,19.1,13.4,57.0,57.0,Attack,NoPath,fortress,,moved,0,,goal (57.0;57.0) in blocked ground (shield_generator); other region (9 cells); fortress,main_battle_tank(parked)@5.2 fpv_carrier(moving)@5.9 light_tank(parked)@5.6 rocket_technical(parked)@9.1
ironport,Endless,2,full,649,zu23_technical,1,6040,302.0,325.5,23.5,24.8,2.9,57.0,57.0,Attack,NoPath,fortress,,moved,0,,goal (57.0;57.0) in blocked ground (shield_generator); other region (9 cells); fortress,light_tank(parked)@7.8
ironport,Endless,2,full,643,light_tank,1,6070,303.5,325.5,22.0,24.1,10.7,57.0,57.0,Attack,NoPath,fortress,,moved,0,,goal (57.0;57.0) in blocked ground (shield_generator); other region (9 cells); fortress,armored_car(parked)@5.6 zu23_technical(parked)@7.8
ironport,Endless,2,full,628,scout_jeep,0,6250,312.5,326.5,14.0,32.4,68.0,51.0,57.0,Idle,NoPath,fortress,,moved,0,,goal (51.0;57.0) in open ground; other region (9 cells); fortress,fortress_gate@8
ironport,Endless,2,full,683,ifv,0,7050,352.5,361.0,8.5,99.2,91.0,119.0,53.0,AttackMove,YieldWait,fortress,,moved,0,,waiting on a yield,missile_battery(fixed)@8.2 armored_car(moving)@6.6 light_tank(moving)@9.6 light_tank(moving)@5.0 base_wall@8 base_wall@9
ironport,Endless,2,full,537,siege_tank,0,9060,453.0,462.0,9.0,57.4,121.2,28.7,119.0,Move,BlockedByDefence,fortress+gate,narrow+nopark,moved,0,,missile_battery#488 parked,missile_battery(fixed)@7.6 siege_tank(moving)@6.3 main_battle_tank(moving)@8.7 container_stack@9
ironport,Endless,2,full,537,siege_tank,0,9240,462.0,470.5,8.5,54.1,121.7,28.7,119.0,Move,YieldWait,fortress+gate,narrow+nopark,moved,0,,behind main_battle_tank#715,missile_battery(fixed)@6.3 main_battle_tank(moving)@9.5 shield_generator@10
ironport,Endless,2,full,697,elite_heavy_tank,1,9530,476.5,485.0,8.5,82.4,60.1,113.0,54.0,Attack,Unknown,fortress,,moved,0,,speed 2.7 strikes 0,light_tank(foe)(parked)@7.3
ironport,Endless,2,full,758,main_battle_tank,0,10010,500.5,510.5,10.0,114.3,66.0,116.2,31.0,AttackMove,BlockedByFriend,fortress,,moved,0,,main_battle_tank#715 moving,ifv(moving)@5.2 main_battle_tank(moving)@3.9 main_battle_tank(moving)@7.0 ifv(moving)@8.0 aa_vehicle(parked)@5.0 ifv(moving)@7.9 scout_jeep(moving)@3.3 container_stack@5 container_stack@6
ironport,Endless,2,full,832,scout_jeep,0,11190,559.5,569.0,9.5,58.1,117.7,51.0,119.0,AttackMove,OffRoute,fortress,,moved,0,,to (51.0;119.0) past shield_generator,aa_vehicle(moving)@9.2 aa_vehicle(moving)@4.3 aa_vehicle(moving)@9.9 ifv(parked)@7.4 shield_generator@8 container_stack@6
ironport,Weekly,1,full,547,armored_bulldozer,0,1480,74.0,86.0,12.0,-101.0,-88.0,4.6,2.5,AttackMove,BlockedByFriend,camp0,,moved,0,,heavy_tank#538 moving,atgm_tower(fixed)@5.1 heavy_tank(moving)@6.1
ironport,Weekly,1,full,544,twin_tank,1,1930,96.5,105.5,9.0,74.0,118.5,113.4,119.0,AttackMove,BlockedByFriend,fortress,,moved,0,,thermobaric_launcher#540 moving,gun_pit(fixed)@6.8 command_vehicle(moving)@7.6 thermobaric_launcher(moving)@4.3 rocket_technical(moving)@4.8 heavy_tank(moving)@9.9
ironport,Weekly,1,full,555,titan_tank,0,2730,136.5,145.0,8.5,-92.3,-83.4,-95.5,-91.2,Move,YieldWait,camp0,,moved,0,,behind main_battle_tank#556,atgm_tower(fixed)@9.7 titan_tank(moving)@4.9 main_battle_tank(parked)@7.7
ironport,Weekly,1,full,540,thermobaric_launcher,1,2930,146.5,156.0,9.5,30.2,104.0,35.0,111.0,Move,YieldWait,fortress,road,moved,0,,behind turtle_tank#551,scout_jeep(moving)@9.0 scout_jeep(moving)@5.7 rocket_technical(moving)@8.2 turtle_tank(moving)@7.0 fpv_carrier(parked)@9.5 base_wall@10
ironport,Weekly,1,full,595,command_vehicle,1,5380,269.0,279.5,10.5,35.0,90.4,29.9,81.8,Move,BlockedByFriend,fortress,,moved,0,,twin_tank#544 moving,twin_tank(moving)@4.2 heavy_tank(moving)@6.4 fpv_carrier(parked)@7.2 base_wall@6
ironport,Weekly,1,full,551,turtle_tank,1,6020,301.0,311.0,10.0,88.8,96.9,125.0,115.0,AttackMove,BlockedByDefence,fortress,,moved,0,,heavy_turret#483 parked,heavy_turret(fixed)@6.3 sam_launcher(moving)@6.5 base_wall@5 base_wall@9
ironport,Weekly,1,full,598,titan_tank,0,6210,310.5,322.0,11.5,-88.5,-87.9,-96.0,-90.8,Move,YieldWait,camp0,road+route,moved,0,,behind armored_bulldozer#596,armored_bulldozer(moving)@5.4 armored_bulldozer(moving)@6.2
ironport,Weekly,1,full,587,armored_bulldozer,0,6220,311.0,321.0,10.0,-93.1,-91.0,26.6,76.0,AttackMove,BlockedByFriend,camp0,road+route,moved,0,,armored_bulldozer#602 moving,armored_bulldozer(moving)@4.9 titan_tank(moving)@5.8 armored_bulldozer(moving)@4.8
ironport,Weekly,1,full,587,armored_bulldozer,0,6530,326.5,336.0,9.5,-88.6,-80.5,-88.2,-87.3,Move,BlockedByFriend,camp0,,gave up,0,,armored_bulldozer#596 moving,armored_bulldozer(moving)@5.0 armored_bulldozer(moving)@5.9 heavy_tank(moving)@9.7
ironport,Weekly,1,full,563,fpv_carrier,1,7310,365.5,374.5,9.0,91.5,120.5,100.1,117.8,Move,GateWait,fortress,,moved,0,,doorway 0,heavy_turret(fixed)@7.0 thermobaric_launcher(parked)@9.9 turtle_tank(moving)@4.1 fpv_carrier(moving)@4.3 counter_battery_radar(moving)@4.8 command_vehicle(moving)@6.2 armored_car(moving)@6.5 base_wall@8
ironport,Weekly,1,full,531,sam_launcher,1,8340,417.0,428.0,11.0,84.6,110.1,86.5,103.5,Move,StalePath,fortress,road+route,moved,0,,leg 3/3 to (86.5;103.5) crosses base_wall (corner),smoke_carrier(moving)@6.9 heavy_tank(moving)@4.6 armored_car(moving)@4.1 base_wall@6
ironport,Weekly,2,obstacles,536,scout_jeep,1,630,31.5,47.0,15.5,124.2,142.9,113.1,128.0,Idle,NoPath,fortress,,gave up,0,,goal (113.1;128.0) in open ground; other region (9 cells); fortress,base_wall@10
ironport,Weekly,2,obstacles,534,scout_jeep,1,2280,114.0,127.0,13.0,92.3,146.0,120.1,144.0,Move,YieldWait,fortress,,moved,0,,behind scout_jeep#545,scout_jeep(parked)@3.5
ironport,Weekly,2,obstacles,585,twin_tank,1,2900,145.0,172.5,27.5,22.1,92.9,112.0,125.6,Idle,NoPath,fortress,,gave up,0,,goal (112.0;125.6) in open ground; other region (9 cells); fortress,
ironport,Weekly,2,obstacles,535,smoke_carrier,1,3880,194.0,203.5,9.5,80.0,106.5,79.0,97.0,Move,BlockedByFriend,fortress+gate,route+nopark,moved,0,,scout_jeep#534 parked,scout_jeep(parked)@4.0 heavy_tank(moving)@6.6 base_wall@4
ironport,Weekly,2,obstacles,552,fpv_carrier,1,4670,233.5,242.5,9.0,53.1,64.7,20.1,74.6,Move,BlockedByDefence,fortress,,moved,0,,dragons_teeth#498 parked,dragons_teeth(fixed)@5.6
ironport,Weekly,2,obstacles,607,main_battle_tank,1,6160,308.0,320.5,12.5,113.7,113.3,131.4,134.9,AttackMove,Unknown,fortress,,moved,0,,speed 3.2 strikes 0,radar_station(fixed)@7.3
ironport,Weekly,2,obstacles,592,rocket_technical,1,6370,318.5,328.0,9.5,63.5,116.0,7.4,119.2,Move,OffRoute,fortress+gate,nopark,moved,0,,to (47.0;121.0) past shield_generator,fpv_carrier(moving)@6.2 container_stack@6
ironport,Weekly,2,obstacles,557,counter_battery_radar,1,6670,333.5,354.0,20.5,47.2,104.0,93.0,139.0,Move,YieldWait,fortress+gate,nopark,moved,0,,behind railgun_truck#564,railgun_truck(moving)@3.1 base_wall@7 shield_generator@9 ammo_dump@8 floodlight_mast@3
ironport,Weekly,2,obstacles,564,railgun_truck,1,6700,335.0,354.0,19.0,49.5,106.0,27.1,104.7,AttackMove,BlockedByFriend,fortress+gate,narrow+nopark,moved,0,,counter_battery_radar#557 moving,counter_battery_radar(moving)@3.2 base_wall@10 shield_generator@7 floodlight_mast@6
ironport,Weekly,2,obstacles,573,iron_beam,1,6790,339.5,348.0,8.5,123.8,141.9,117.5,113.4,AttackMove,BlockedByFriend,fortress,,moved,0,,main_battle_tank#607 moving,heavy_tank(moving)@7.9 twin_tank(moving)@4.5 wheeled_gun(moving)@7.7 main_battle_tank(moving)@4.0 flame_tank(moving)@5.5 turtle_tank(parked)@9.5 base_wall@9
ironport,Weekly,2,obstacles,551,fpv_carrier,1,7660,383.0,392.5,9.5,74.5,120.0,74.6,139.6,Move,BlockedByFriend,fortress,,moved,0,,heavy_tank#563 moving,gun_pit(fixed)@5.3 heavy_tank(moving)@4.9 main_battle_tank(moving)@8.6 vbied(moving)@4.8 base_wall@9
ironport,Weekly,2,obstacles,650,sapper,1,7730,386.5,396.0,9.5,21.9,101.3,125.0,115.0,AttackMove,BlockedByFriend,fortress,,moved,0,,counter_battery_radar#584 moving,command_vehicle(moving)@6.4 fpv_carrier(moving)@7.5 counter_battery_radar(moving)@7.4 heavy_rocket_artillery(parked)@9.0 counter_battery_radar(moving)@3.2 counter_battery_radar(moving)@9.0
ironport,Weekly,2,obstacles,537,ew_jammer,1,8350,417.5,428.0,10.5,14.5,112.3,27.4,113.2,Move,BlockedByFriend,fortress,,moved,0,,heavy_rocket_artillery#558 moving,fpv_carrier(moving)@8.0 fpv_carrier(moving)@4.4 counter_battery_radar(moving)@5.6 heavy_rocket_artillery(moving)@4.2 rocket_technical(parked)@7.1 rocket_technical(parked)@10.0 rocket_technical(moving)@2.8 engineer_vehicle(moving)@5.9
ironport,Weekly,2,obstacles,607,main_battle_tank,1,8520,426.0,434.5,8.5,94.2,114.7,75.2,117.4,Move,BlockedByFriend,fortress,road,moved,0,,mine_layer#660 moving,smoke_carrier(moving)@9.1 twin_tank(moving)@6.4 turtle_tank(moving)@5.4 vbied(parked)@5.3 sapper(moving)@5.6 mine_layer(moving)@2.7
ironport,Weekly,2,obstacles,661,mine_layer,1,8860,443.0,451.5,8.5,125.3,139.1,112.0,125.6,Idle,NoPath,fortress,,gave up,0,,goal (112.0;125.6) in open ground; other region (9 cells); fortress,heavy_tank(parked)@5.5 flame_tank(parked)@7.2 base_wall@7
ironport,Weekly,2,obstacles,563,heavy_tank,1,9000,450.0,462.5,12.5,125.0,145.5,117.8,113.7,AttackMove,BlockedByFriend,fortress,,moved,0,,bmpt#623 moving,twin_tank(moving)@7.7 wheeled_gun(parked)@5.0 bmpt(moving)@5.1 vbied(moving)@9.7 mine_layer(parked)@7.3
ironport,Weekly,2,obstacles,661,mine_layer,1,9120,456.0,470.5,14.5,129.5,139.6,112.0,125.6,Idle,NoPath,fortress,,moved,0,,goal (112.0;125.6) in open ground; other region (9 cells); fortress,smoke_carrier(moving)@9.4 twin_tank(moving)@8.9 wheeled_gun(moving)@6.8 flame_tank(parked)@4.5 vbied(moving)@6.7
ironport,Weekly,2,obstacles,684,aa_vehicle,0,9830,491.5,501.0,9.5,-101.2,-88.0,7.3,66.2,AttackMove,BlockedByFriend,camp0,,moved,0,,main_battle_tank#683 parked,gun_pit(fixed)@5.1 light_tank(parked)@9.3 main_battle_tank(parked)@4.0 ifv(parked)@7.9
metrocity,Defend,1,light,412,siege_tank,0,940,47.0,55.5,8.5,88.0,75.8,35.0,121.0,Move,BlockedByFriend,fortress,,moved,0,,siege_tank#414 moving,siege_tank(moving)@8.4 base_wall@8 floodlight_mast@9 container_stack@5
metrocity,Defend,1,light,417,armored_bulldozer,1,1500,75.0,83.5,8.5,-83.1,-82.5,-91.5,-95.1,Move,YieldWait,field,route,moved,0,,behind armored_bulldozer#415,
metrocity,Defend,1,light,414,siege_tank,0,1930,96.5,105.0,8.5,32.8,114.1,67.3,53.2,Move,Unknown,fortress,road,moved,0,,speed 2.2 strikes 0,base_wall@7 base_wall@9
metrocity,Defend,1,light,420,titan_tank,0,2450,122.5,132.0,9.5,108.2,47.1,53.5,133.8,AttackMove,BlockedByFriend,fortress,,moved,0,,artillery#430 parked,artillery(parked)@4.2
metrocity,Defend,1,light,430,artillery,0,2650,132.5,143.0,10.5,104.0,44.9,112.3,56.2,Move,BlockedByFriend,fortress,,moved,0,,siege_tank#440 moving,siege_tank(moving)@8.0
metrocity,Defend,1,light,453,titan_tank,0,3620,181.0,189.5,8.5,113.2,144.5,139.5,132.9,AttackMove,YieldWait,fortress,,moved,0,,behind heavy_tank#423,heavy_tank(moving)@6.4 main_battle_tank(moving)@8.2
metrocity,Defend,1,light,442,aa_vehicle,0,3650,182.5,195.0,12.5,129.3,144.0,97.2,142.8,AttackMove,YieldWait,fortress,narrow,moved,0,,behind aa_vehicle#457,titan_tank(moving)@8.1 aa_vehicle(moving)@4.2 main_battle_tank(moving)@7.4 heavy_tank(moving)@5.8 aa_vehicle(moving)@3.2
metrocity,Defend,1,light,420,titan_tank,0,3800,190.0,199.5,9.5,123.6,138.0,139.1,116.4,AttackMove,YieldWait,fortress,narrow,moved,0,,behind heavy_tank#454,aa_vehicle(moving)@7.7 main_battle_tank(moving)@5.2 titan_tank(moving)@6.6 heavy_tank(moving)@9.8 ifv(moving)@6.0 base_wall@5 base_wall@8
metrocity,Defend,1,light,457,aa_vehicle,0,4060,203.0,213.0,10.0,140.7,129.0,125.4,141.5,AttackMove,YieldWait,fortress,narrow,moved,0,,behind elite_heavy_tank#471,main_battle_tank(moving)@5.0 heavy_tank(moving)@3.4 elite_heavy_tank(moving)@6.2 base_wall@7
metrocity,Defend,1,light,420,titan_tank,0,4070,203.5,215.5,12.0,136.5,139.1,139.1,116.4,AttackMove,YieldWait,fortress,narrow,moved,0,,behind ifv#463,aa_vehicle(moving)@5.0 main_battle_tank(moving)@8.4 ifv(moving)@6.9 aa_vehicle(moving)@6.2 elite_heavy_tank(moving)@4.7 base_wall@8 base_wall@9
metrocity,Defend,1,light,463,ifv,0,4200,210.0,221.5,11.5,143.8,140.9,139.1,116.4,AttackMove,BlockedByFriend,fortress,,moved,0,,titan_tank#420 moving,titan_tank(moving)@7.3 aa_vehicle(moving)@7.4 elite_heavy_tank(moving)@8.4
metrocity,Defend,1,light,471,elite_heavy_tank,0,4210,210.5,222.0,11.5,139.7,133.5,125.4,141.5,AttackMove,YieldWait,fortress,narrow,moved,0,,behind titan_tank#420,titan_tank(moving)@6.8 aa_vehicle(moving)@9.8 main_battle_tank(moving)@9.5 titan_tank(moving)@9.0 aa_vehicle(moving)@9.5 ifv(moving)@7.4
metrocity,Defend,1,light,436,aa_vehicle,0,4230,211.5,221.5,10.0,139.9,141.8,125.0,115.0,AttackMove,BlockedByFriend,fortress,,moved,0,,ifv#463 moving,titan_tank(moving)@3.9 aa_vehicle(moving)@8.7 titan_tank(moving)@8.7 ifv(moving)@4.2 aa_vehicle(moving)@4.9 elite_heavy_tank(moving)@8.4
metrocity,Defend,1,light,420,titan_tank,0,4310,215.5,224.0,8.5,137.2,138.4,139.1,116.4,AttackMove,BlockedByFriend,fortress,,gave up,0,,ifv#458 moving,titan_tank(moving)@9.2 aa_vehicle(moving)@5.5 aa_vehicle(moving)@5.1 titan_tank(moving)@5.4 ifv(moving)@5.2 ifv(moving)@5.3 aa_vehicle(moving)@5.8 elite_heavy_tank(moving)@7.5
metrocity,Defend,1,light,453,titan_tank,0,4480,224.0,236.5,12.5,132.0,134.0,125.0,115.0,AttackMove,YieldWait,fortress,,moved,0,,behind titan_tank#420,titan_tank(moving)@4.9 titan_tank(moving)@5.2 aa_vehicle(moving)@8.8 ifv(moving)@5.8 ifv(moving)@9.3 aa_vehicle(moving)@8.8 elite_heavy_tank(moving)@8.4
metrocity,Defend,1,light,420,titan_tank,0,4690,234.5,245.0,10.5,137.2,129.6,139.1,116.4,AttackMove,BlockedByFriend,fortress,,moved,0,,aa_vehicle#442 moving,aa_vehicle(moving)@9.1 aa_vehicle(moving)@4.0 titan_tank(moving)@5.3 ifv(moving)@5.9 elite_heavy_tank(moving)@5.9 elite_heavy_tank(moving)@7.3
metrocity,Defend,1,light,471,elite_heavy_tank,0,4690,234.5,244.5,10.0,136.1,123.8,125.4,141.5,AttackMove,BlockedByFriend,fortress,,moved,0,,elite_heavy_tank#472 moving,titan_tank(moving)@5.9 aa_vehicle(moving)@9.0 ifv(moving)@8.4 elite_heavy_tank(moving)@5.2 siege_tank(moving)@9.7
metrocity,Defend,1,light,458,ifv,0,4720,236.0,252.0,16.0,142.8,128.4,104.8,95.5,AttackMove,YieldWait,fortress,,moved,0,,behind elite_heavy_tank#472,titan_tank(moving)@5.9 aa_vehicle(moving)@4.4 titan_tank(moving)@6.7 aa_vehicle(moving)@9.6 elite_heavy_tank(moving)@8.4 elite_heavy_tank(moving)@5.2
metrocity,Defend,1,light,412,siege_tank,0,4830,241.5,252.0,10.5,126.8,136.1,143.0,143.0,Move,YieldWait,fortress,,moved,0,,behind titan_tank#421,titan_tank(moving)@6.9 artillery(moving)@6.4
metrocity,Defend,1,light,471,elite_heavy_tank,0,4890,244.5,254.0,9.5,137.6,122.8,125.4,141.5,AttackMove,BlockedByFriend,fortress,,moved,0,,ifv#458 moving,aa_vehicle(moving)@6.0 main_battle_tank(moving)@6.3 titan_tank(moving)@9.7 ifv(moving)@5.1 elite_heavy_tank(moving)@8.2 siege_tank(moving)@4.8
metrocity,Defend,1,light,436,aa_vehicle,0,4980,249.0,258.5,9.5,141.4,135.2,125.0,115.0,AttackMove,YieldWait,fortress,,moved,0,,behind titan_tank#453,titan_tank(moving)@7.7 titan_tank(moving)@4.3 titan_tank(moving)@4.1 aa_vehicle(moving)@8.0 elite_heavy_tank(moving)@9.0
metrocity,Defend,1,light,412,siege_tank,0,5040,252.0,264.0,12.0,127.8,134.4,143.0,143.0,Move,YieldWait,fortress,,moved,0,,behind titan_tank#420,titan_tank(moving)@7.6 artillery(parked)@5.9 command_hq@10
metrocity,Defend,1,light,488,elite_mbt,0,5090,254.5,266.5,12.0,135.8,110.9,125.7,139.6,AttackMove,YieldWait,fortress,,moved,0,,behind siege_tank#481,aa_vehicle(moving)@9.9 ifv(moving)@5.9 siege_tank(moving)@7.4
metrocity,Defend,1,light,421,titan_tank,0,5100,255.0,267.5,12.5,143.0,139.6,139.1,116.4,AttackMove,BlockedByFriend,fortress,,moved,0,,aa_vehicle#468 moving,titan_tank(moving)@9.3 aa_vehicle(moving)@6.4 main_battle_tank(moving)@6.8 aa_vehicle(moving)@4.8
metrocity,Defend,1,light,471,elite_heavy_tank,0,5120,256.0,264.5,8.5,137.5,128.6,125.4,141.5,AttackMove,YieldWait,fortress,,moved,0,,behind titan_tank#453,titan_tank(moving)@7.5 aa_vehicle(moving)@4.0 main_battle_tank(moving)@8.5 titan_tank(moving)@7.9 aa_vehicle(moving)@8.1 siege_tank(moving)@7.8
metrocity,Defend,1,light,420,titan_tank,0,5170,258.5,269.5,11.0,135.8,137.5,125.0,115.0,AttackMove,BlockedByFriend,fortress,,moved,0,,titan_tank#421 moving,siege_tank(moving)@5.8 titan_tank(moving)@5.5 aa_vehicle(moving)@6.9 main_battle_tank(moving)@7.8 aa_vehicle(moving)@4.8 elite_heavy_tank(moving)@9.7
metrocity,Defend,1,light,423,heavy_tank,0,5350,267.5,277.0,9.5,131.7,113.5,125.7,139.6,AttackMove,BlockedByFriend,fortress,,moved,0,,elite_mbt#488 moving,aa_vehicle(moving)@8.9 titan_tank(moving)@9.4 elite_mbt(moving)@5.0 elite_heavy_tank(parked)@8.7 siege_tank(moving)@7.0
metrocity,Defend,1,light,471,elite_heavy_tank,0,5490,274.5,282.9,8.4,137.1,138.7,125.4,141.5,AttackMove,BlockedByFriend,fortress,,open,0,,main_battle_tank#451 moving,siege_tank(moving)@8.8 titan_tank(moving)@7.7 main_battle_tank(moving)@4.7 elite_heavy_tank(moving)@8.8 siege_tank(moving)@6.1
metrocity,Defend,2,full,450,aa_vehicle,0,1110,55.5,87.5,32.0,49.8,122.0,-17.0,61.0,AttackMove,YieldWait,fortress+gate,route+nopark,moved,0,,behind aa_vehicle#448,missile_battery(fixed)@7.3 siege_tank(moving)@6.3 aa_vehicle(moving)@4.1 aa_vehicle(moving)@4.2 floodlight_mast@7
metrocity,Defend,2,full,447,aa_vehicle,0,1130,56.5,67.0,10.5,49.1,118.1,-17.0,61.0,AttackMove,YieldWait,fortress+gate,route+nopark,moved,0,,behind aa_vehicle#448,siege_tank(moving)@5.6 aa_vehicle(moving)@3.8 aa_vehicle(moving)@4.0 base_wall@9 shield_generator@7 floodlight_mast@6
metrocity,Defend,2,full,447,aa_vehicle,0,1340,67.0,86.5,19.5,46.0,118.7,-17.0,61.0,AttackMove,YieldWait,fortress+gate,route+nopark,gave up,0,,behind aa_vehicle#450,aa_vehicle(moving)@4.1 base_wall@9 base_wall@6 shield_generator@9 floodlight_mast@3
metrocity,Defend,2,full,459,siege_tank,0,1610,80.5,89.5,9.0,60.0,122.0,31.4,73.6,Move,StalePath,fortress+gate,route+narrow+nopark,moved,0,,leg 2/7 to (47.0;121.0) crosses missile_battery(defence),missile_battery(fixed)@8.5 aa_vehicle(moving)@7.7 container_stack@10
metrocity,Defend,2,full,452,siege_tank,0,1730,86.5,137.5,51.0,53.2,100.0,16.4,62.2,Move,BlockedByDefence,fortress+gate,nopark,moved,0,,c_ram#413 parked,c_ram(fixed)@6.8 ammo_dump@7 floodlight_mast@8
metrocity,Defend,2,full,440,siege_tank,0,1830,91.5,100.0,8.5,46.6,121.1,25.9,48.9,Move,YieldWait,fortress+gate,route+nopark,moved,0,,behind aa_vehicle#447,aa_vehicle(moving)@7.1 aa_vehicle(moving)@4.5 siege_tank(moving)@7.0 base_wall@7 floodlight_mast@4
metrocity,Defend,2,full,450,aa_vehicle,0,1890,94.5,104.0,9.5,49.5,122.0,-17.0,61.0,AttackMove,YieldWait,fortress+gate,route+nopark,moved,0,,behind aa_vehicle#447,missile_battery(fixed)@7.5 siege_tank(moving)@7.7 aa_vehicle(moving)@7.4 siege_tank(moving)@3.4 mlrs(moving)@6.7 base_wall@10 floodlight_mast@7
metrocity,Defend,2,full,459,siege_tank,0,2050,102.5,120.0,17.5,46.0,118.0,31.4,73.6,Move,YieldWait,fortress+gate,route+nopark,gave up,0,,behind aa_vehicle#447,aa_vehicle(moving)@6.2 aa_vehicle(moving)@4.6 mlrs(moving)@7.3 mlrs(moving)@8.5 base_wall@8 base_wall@6 shield_generator@8 floodlight_mast@4
metrocity,Defend,2,full,467,mlrs,0,2070,103.5,114.5,11.0,53.5,122.0,19.1,64.6,Move,YieldWait,fortress+gate,route+narrow+nopark,moved,0,,behind aa_vehicle#450,missile_battery(fixed)@6.1 aa_vehicle(moving)@9.2 aa_vehicle(moving)@5.2 siege_tank(moving)@8.5 mlrs(moving)@4.0
metrocity,Defend,2,full,450,aa_vehicle,0,2080,104.0,115.0,11.0,48.3,122.0,-17.0,61.0,AttackMove,OffRoute,fortress+gate,route+nopark,moved,0,,to (47.0;125.0) past missile_battery(defence),missile_battery(fixed)@8.3 aa_vehicle(moving)@4.3 siege_tank(moving)@4.6 mlrs(moving)@5.9 mlrs(moving)@5.2 base_wall@9 floodlight_mast@6
metrocity,Defend,2,full,447,aa_vehicle,0,2120,106.0,123.5,17.5,44.5,124.0,45.1,114.2,AttackMove,OffRoute,fortress+gate,route+narrow+nopark,moved,0,,to (47.0;123.0) past floodlight_mast,aa_vehicle(moving)@4.1 siege_tank(moving)@6.2 mlrs(moving)@9.2 mlrs(moving)@9.0 base_wall@6 floodlight_mast@4
metrocity,Defend,2,full,480,main_battle_tank,0,2220,111.0,120.5,9.5,100.7,105.6,51.0,57.0,Idle,NoPath,fortress,,moved,0,,goal (51.0;57.0) in open ground; other region (9 cells); fortress,aa_vehicle(moving)@9.8 main_battle_tank(moving)@4.7 main_battle_tank(moving)@8.2 ifv(moving)@5.2 light_tank(moving)@4.8
metrocity,Defend,2,full,467,mlrs,0,2410,120.5,130.0,9.5,54.7,121.7,19.1,64.6,Move,YieldWait,fortress+gate,route+narrow+nopark,moved,0,,behind scout_jeep#466,missile_battery(fixed)@6.3 siege_tank(moving)@5.1 mlrs(moving)@8.9 scout_jeep(moving)@4.8
metrocity,Defend,2,full,450,aa_vehicle,0,2540,127.0,158.0,31.0,-15.1,66.1,51.0,57.0,Idle,NoPath,fortress,,moved,0,,goal (51.0;57.0) in open ground; other region (9 cells); fortress,
metrocity,Defend,2,full,454,light_tank,1,2780,139.0,153.5,14.0,60.6,13.9,57.0,57.0,Attack,NoPath,fortress,,died,0,,goal (57.0;57.0) in blocked ground (shield_generator); other region (9 cells); fortress,armored_bulldozer(parked)@9.8
metrocity,Defend,2,full,452,siege_tank,0,2900,145.0,154.5,9.5,53.2,100.4,16.4,62.2,Move,OffRoute,fortress+gate,nopark,moved,0,,to (55.0;95.0) past ammo_dump,c_ram(fixed)@6.8 ammo_dump@7 floodlight_mast@8
metrocity,Defend,2,full,463,armored_bulldozer,1,2910,145.5,176.5,31.0,59.5,23.6,57.0,57.0,Attack,NoPath,fortress,,moved,0,,goal (57.0;57.0) in blocked ground (shield_generator); other region (9 cells); fortress,armored_bulldozer(parked)@8.2
metrocity,Defend,2,full,489,light_tank,1,3060,153.0,177.5,24.5,54.0,0.5,57.0,57.0,Attack,NoPath,fortress,,moved,0,,goal (57.0;57.0) in blocked ground (shield_generator); other region (9 cells); fortress,command_vehicle(parked)@3.2 sapper(parked)@5.3 rocket_technical(moving)@7.3 scout_jeep(moving)@8.6
metrocity,Defend,2,full,453,armored_bulldozer,1,3130,156.5,172.5,16.0,52.3,21.9,57.0,57.0,Attack,NoPath,fortress,,moved,0,,goal (57.0;57.0) in blocked ground (shield_generator); other region (9 cells); fortress,armored_bulldozer(parked)@7.4
metrocity,Defend,2,full,481,sapper,1,3190,159.5,170.5,10.5,52.4,-4.6,57.0,57.0,Attack,NoPath,fortress,,died,0,,goal (57.0;57.0) in blocked ground (shield_generator); other region (9 cells); fortress,command_vehicle(parked)@5.1 light_tank(parked)@5.3 rocket_technical(parked)@5.8
metrocity,Defend,2,full,492,scout_jeep,1,3250,162.5,175.5,13.0,35.2,8.1,57.0,57.0,Attack,NoPath,fortress,road,moved,0,,goal (57.0;57.0) in blocked ground (shield_generator); other region (9 cells); fortress,
metrocity,Defend,2,full,484,light_tank,0,3550,177.5,186.0,8.5,130.2,62.0,50.6,19.9,AttackMove,BlockedByObstacle,fortress+gate,narrow+nopark,moved,0,,container,missile_battery(fixed)@8.3 light_tank(moving)@3.5 main_battle_tank(moving)@7.8 main_battle_tank(moving)@5.1 container@6 container@9
metrocity,Defend,2,full,469,light_tank,0,3570,178.5,187.0,8.5,124.4,62.9,55.9,22.8,AttackMove,OffRoute,fortress+gate,nopark,moved,0,,to (107.0;67.0) past rocket_turret(defence),missile_battery(fixed)@9.6 main_battle_tank(moving)@4.4 ifv(moving)@5.4 main_battle_tank(moving)@3.9 main_battle_tank(moving)@8.5 container@10
metrocity,Defend,2,full,459,siege_tank,0,3610,180.5,189.0,8.5,61.0,122.7,31.4,73.6,Move,YieldWait,fortress+gate,nopark,moved,0,,behind scout_jeep#495,missile_battery(fixed)@8.8 aa_vehicle(moving)@4.6 siege_tank(moving)@6.8 container_stack@9
metrocity,Defend,2,full,498,main_battle_tank,0,4310,215.5,224.0,8.5,99.3,99.2,99.0,89.0,Move,BlockedByFriend,fortress,,moved,0,,main_battle_tank#475 moving,light_tank(moving)@9.8 main_battle_tank(moving)@4.7 ifv(moving)@7.6 main_battle_tank(moving)@5.8
metrocity,Defend,2,full,507,thermobaric_launcher,1,4570,228.5,237.0,8.5,9.4,-1.3,23.0,-9.0,Move,YieldWait,field,,moved,0,,behind flame_tank#504,flame_tank(moving)@9.7 sandbags@6
metrocity,Defend,2,full,522,armored_car,0,4570,228.5,241.5,13.0,58.6,62.0,34.2,47.5,Move,BlockedByFriend,fortress,,moved,0,,ifv#517 parked,main_battle_tank(moving)@5.7 ifv(moving)@9.5 ifv(parked)@3.6 main_battle_tank(moving)@8.5 ifv(parked)@5.3 shield_generator@5
metrocity,Defend,2,full,475,main_battle_tank,0,5460,273.0,294.0,21.0,46.0,120.8,34.2,116.4,AttackMove,YieldWait,fortress+gate,nopark,moved,0,,behind ifv#482,ifv(moving)@2.9 light_tank(moving)@6.7 armored_car(moving)@7.1 base_wall@6 floodlight_mast@3
metrocity,Defend,2,full,530,light_tank,0,5570,278.5,288.5,10.0,48.0,127.4,51.9,105.9,AttackMove,StalePath,fortress+gate,nopark,moved,0,,leg 8/8 to (51.9;105.9) crosses shield_generator (corner),missile_battery(fixed)@6.0 main_battle_tank(moving)@7.3 ifv(moving)@4.7 scout_jeep(moving)@9.7 floodlight_mast@9
metrocity,Defend,2,full,544,scout_jeep,0,5760,288.0,296.5,8.5,51.0,121.9,34.0,95.0,Move,YieldWait,fortress+gate,narrow+nopark,moved,0,,behind ifv#482,missile_battery(fixed)@6.8 main_battle_tank(moving)@7.8 main_battle_tank(moving)@5.3 main_battle_tank(moving)@7.2 ifv(moving)@3.0 main_battle_tank(moving)@9.2 shield_generator@10 floodlight_mast@8
metrocity,Defend,2,full,480,main_battle_tank,0,5860,293.0,306.5,13.5,59.5,122.0,34.2,116.4,AttackMove,BlockedByFriend,fortress+gate,narrow+nopark,moved,0,,mlrs#465 moving,missile_battery(fixed)@8.1 siege_tank(moving)@8.5 mlrs(moving)@3.0 main_battle_tank(moving)@9.5 ifv(moving)@4.8 main_battle_tank(moving)@5.2 armored_car(moving)@2.9
metrocity,Defend,2,full,482,ifv,0,5930,296.5,305.5,9.0,54.9,122.0,51.9,105.9,AttackMove,StalePath,fortress+gate,narrow+nopark,moved,0,,leg 8/8 to (51.9;105.9) crosses shield_generator (corner),missile_battery(fixed)@6.1 mlrs(moving)@5.9 main_battle_tank(moving)@5.0 main_battle_tank(moving)@4.9 main_battle_tank(moving)@3.3 armored_car(moving)@4.0
metrocity,Defend,2,full,465,mlrs,0,5970,298.5,319.0,20.5,60.0,125.6,25.3,111.3,Move,BlockedByFriend,fortress+gate,nopark,moved,0,,main_battle_tank#480 moving,missile_battery(fixed)@6.5 siege_tank(moving)@7.7 main_battle_tank(moving)@4.9 ifv(moving)@5.5 armored_car(moving)@8.2 container_stack@7
metrocity,Defend,2,full,482,ifv,0,6110,305.5,332.5,27.0,57.3,122.0,51.9,105.9,AttackMove,StalePath,fortress+gate,narrow+nopark,moved,0,,leg 7/7 to (51.9;105.9) crosses shield_generator (corner),missile_battery(fixed)@6.8 siege_tank(moving)@7.4 mlrs(moving)@5.9 main_battle_tank(moving)@5.0 main_battle_tank(moving)@4.4 main_battle_tank(moving)@9.7 main_battle_tank(moving)@9.0 armored_car(moving)@4.0 light_tank(moving)@8.6
metrocity,Defend,2,full,480,main_battle_tank,0,6130,306.5,318.5,12.0,61.5,121.5,34.2,116.4,AttackMove,YieldWait,fortress+gate,nopark,moved,0,,behind ifv#482,missile_battery(fixed)@9.9 siege_tank(moving)@4.0 mlrs(moving)@4.6 main_battle_tank(moving)@8.9 ifv(moving)@4.8 armored_car(moving)@5.9 light_tank(moving)@4.0 ifv(moving)@9.8 aa_vehicle(moving)@5.5 container_stack@9
metrocity,Defend,2,full,452,siege_tank,0,6140,307.0,345.0,38.0,63.4,118.0,24.6,111.9,Move,YieldWait,fortress+gate,nopark,gave up,0,,behind armored_car#541,mlrs(moving)@8.1 main_battle_tank(moving)@4.0 ifv(moving)@7.8 armored_car(moving)@6.8 light_tank(moving)@5.3 ifv(moving)@7.0 aa_vehicle(moving)@4.3 fuel_depot@7
metrocity,Defend,2,full,541,armored_car,0,6160,308.0,344.0,36.0,56.5,118.0,35.0,95.0,Move,YieldWait,fortress+gate,narrow+nopark,moved,0,,behind main_battle_tank#476,siege_tank(moving)@6.8 mlrs(moving)@9.7 main_battle_tank(moving)@3.6 main_battle_tank(moving)@5.6 ifv(moving)@4.0 main_battle_tank(moving)@7.9 light_tank(moving)@9.0 aa_vehicle(moving)@9.9 shield_generator@7 fuel_depot@8
metrocity,Defend,2,full,475,main_battle_tank,0,6170,308.5,320.0,11.5,46.0,120.2,51.9,105.9,AttackMove,StalePath,fortress+gate,nopark,moved,0,,leg 6/6 to (51.9;105.9) crosses shield_generator (corner),aa_vehicle(moving)@8.0 main_battle_tank(moving)@7.1 main_battle_tank(moving)@3.4 main_battle_tank(moving)@3.3 scout_jeep(moving)@6.4 base_wall@6 floodlight_mast@3
metrocity,Defend,2,full,476,main_battle_tank,0,6170,308.5,358.5,50.0,52.9,118.2,53.0,103.0,Idle,YieldWait,fortress+gate,narrow+nopark,moved,0,,behind ifv#482,missile_battery(fixed)@9.8 main_battle_tank(moving)@7.1 main_battle_tank(moving)@8.6 ifv(moving)@5.1 main_battle_tank(moving)@8.7 main_battle_tank(moving)@4.3 armored_car(moving)@3.6 shield_generator@6
metrocity,Defend,2,full,528,scout_jeep,0,6200,310.0,320.0,10.0,43.9,126.4,51.0,119.0,AttackMove,YieldWait,fortress+gate,narrow+nopark,moved,0,,behind main_battle_tank#498,aa_vehicle(moving)@4.6 main_battle_tank(moving)@6.5 main_battle_tank(moving)@3.3 main_battle_tank(moving)@9.3 base_wall@7 floodlight_mast@6
metrocity,Defend,2,full,447,aa_vehicle,0,6280,314.0,323.5,9.5,48.0,128.7,51.9,105.9,AttackMove,BlockedByFriend,fortress+gate,nopark,moved,0,,scout_jeep#544 moving,missile_battery(fixed)@6.0 main_battle_tank(moving)@6.7 main_battle_tank(moving)@7.6 scout_jeep(moving)@4.1 scout_jeep(moving)@2.9
metrocity,Defend,2,full,498,main_battle_tank,0,6290,314.5,325.5,11.0,46.0,122.2,51.9,105.9,AttackMove,StalePath,fortress+gate,narrow+nopark,moved,0,,leg 6/6 to (51.9;105.9) crosses shield_generator (corner),missile_battery(fixed)@9.9 aa_vehicle(moving)@6.9 main_battle_tank(moving)@4.7 main_battle_tank(moving)@7.6 ifv(moving)@10.0 main_battle_tank(moving)@4.5 scout_jeep(moving)@2.8 scout_jeep(moving)@4.4 base_wall@6 floodlight_mast@4
metrocity,Defend,2,full,480,main_battle_tank,0,6370,318.5,332.5,14.0,60.0,122.1,34.2,116.4,AttackMove,OffRoute,fortress+gate,nopark,moved,0,,to (47.0;121.0) past missile_battery(defence),missile_battery(fixed)@8.4 siege_tank(moving)@5.2 mlrs(moving)@5.3 main_battle_tank(moving)@8.1 ifv(moving)@3.4 main_battle_tank(moving)@8.9 armored_car(moving)@5.3 light_tank(moving)@2.6 ifv(moving)@8.3 aa_vehicle(moving)@5.5 container_stack@10
metrocity,Defend,2,full,465,mlrs,0,6380,319.0,332.5,13.5,63.9,125.8,25.3,111.3,Move,YieldWait,fortress+gate,nopark,moved,0,,behind main_battle_tank#480,siege_tank(moving)@7.6 main_battle_tank(moving)@5.2 ifv(moving)@8.3 light_tank(moving)@4.5 ifv(moving)@6.7 aa_vehicle(moving)@3.1 container_stack@4 ammo_dump@9
metrocity,Defend,2,full,546,light_tank,0,6390,319.5,333.5,14.0,63.0,121.2,34.2,116.4,AttackMove,BlockedByFriend,fortress+gate,nopark,moved,0,,siege_tank#452 moving,siege_tank(moving)@3.2 mlrs(moving)@4.9 main_battle_tank(moving)@3.2 ifv(moving)@6.4 armored_car(moving)@7.2 ifv(moving)@4.9 aa_vehicle(moving)@3.8 armored_car(moving)@7.5 container_stack@9
metrocity,Defend,2,full,475,main_battle_tank,0,6400,320.0,331.5,11.5,48.5,118.0,51.9,105.9,AttackMove,StalePath,fortress+gate,nopark,moved,0,,leg 6/6 to (51.9;105.9) crosses shield_generator (corner),main_battle_tank(moving)@4.5 ifv(moving)@8.9 main_battle_tank(moving)@3.1 main_battle_tank(moving)@4.2 scout_jeep(moving)@6.2 armored_car(moving)@8.0 scout_jeep(moving)@6.7 base_wall@9 shield_generator@7 floodlight_mast@6
metrocity,Defend,2,full,549,aa_vehicle,0,6450,322.5,335.5,13.0,66.3,123.9,34.2,116.4,AttackMove,OffRoute,fortress+gate,narrow+nopark,moved,0,,to (47.0;121.0) past missile_battery(defence),siege_tank(moving)@7.1 mlrs(moving)@3.2 main_battle_tank(moving)@7.7 light_tank(moving)@3.6 ifv(moving)@5.0 container_stack@6
metrocity,Defend,2,full,498,main_battle_tank,0,6510,325.5,343.0,17.5,46.0,120.4,51.9,105.9,AttackMove,StalePath,fortress+gate,nopark,moved,0,,leg 6/6 to (51.9;105.9) crosses shield_generator (corner),main_battle_tank(moving)@3.6 main_battle_tank(moving)@8.9 ifv(moving)@6.3 main_battle_tank(moving)@4.3 scout_jeep(moving)@3.6 base_wall@6 floodlight_mast@3
metrocity,Defend,2,full,544,scout_jeep,0,6540,327.0,341.0,14.0,45.6,124.4,75.0,121.0,Move,OffRoute,fortress+gate,narrow+nopark,moved,0,,to (47.0;121.0) past floodlight_mast,missile_battery(fixed)@9.1 main_battle_tank(moving)@6.9 ifv(moving)@7.8 main_battle_tank(moving)@3.4 main_battle_tank(moving)@5.3 scout_jeep(moving)@4.9 base_wall@7 floodlight_mast@5
metrocity,Defend,2,full,551,armored_car,0,6570,328.5,338.0,9.5,68.0,112.0,51.0,119.0,AttackMove,OffRoute,fortress,road,moved,0,,to (67.0;119.0) past fuel_depot,siege_tank(moving)@7.7 light_tank(moving)@4.2 ifv(moving)@7.5 armored_car(moving)@8.3 light_tank(moving)@3.4 fuel_depot@7
metrocity,Defend,2,full,480,main_battle_tank,0,6650,332.5,345.5,13.0,56.2,121.9,34.2,116.4,AttackMove,StalePath,fortress+gate,narrow+nopark,moved,0,,leg 2/8 to (59.0;121.0) crosses shield_generator (corner),missile_battery(fixed)@6.5 siege_tank(moving)@8.6 mlrs(moving)@4.9 main_battle_tank(moving)@3.9 ifv(moving)@7.5 main_battle_tank(moving)@9.4 main_battle_tank(moving)@3.7 scout_jeep(moving)@8.5 scout_jeep(moving)@9.1 armored_car(moving)@4.0 aa_vehicle(moving)@6.3
metrocity,Defend,2,full,465,mlrs,0,6720,336.0,346.0,10.0,60.3,125.6,25.3,111.3,Move,YieldWait,fortress+gate,nopark,moved,0,,behind aa_vehicle#549,missile_battery(fixed)@6.8 siege_tank(moving)@8.9 main_battle_tank(moving)@5.7 light_tank(moving)@6.7 scout_jeep(moving)@5.1 armored_car(moving)@4.5 light_tank(moving)@3.9 aa_vehicle(moving)@7.7 armored_car(moving)@8.5 container_stack@7
metrocity,Defend,2,full,544,scout_jeep,0,6820,341.0,349.5,8.5,44.0,124.4,75.0,121.0,Move,OffRoute,fortress+gate,narrow+nopark,moved,0,,to (47.0;121.0) past floodlight_mast,aa_vehicle(moving)@2.9 mlrs(moving)@6.4 main_battle_tank(moving)@8.1 ifv(moving)@4.0 main_battle_tank(moving)@4.9 main_battle_tank(moving)@6.0 scout_jeep(moving)@7.9 base_wall@6 floodlight_mast@5
metrocity,Defend,2,full,482,ifv,0,6860,343.0,355.5,12.0,46.4,121.6,29.1,98.6,AttackMove,OffRoute,fortress+gate,nopark,died,0,,to (45.0;127.0) past floodlight_mast,missile_battery(fixed)@9.9 aa_vehicle(moving)@6.4 main_battle_tank(moving)@4.0 main_battle_tank(moving)@7.1 main_battle_tank(moving)@7.2 main_battle_tank(moving)@7.4 main_battle_tank(moving)@3.6 scout_jeep(moving)@3.6 base_wall@7 floodlight_mast@4
metrocity,Defend,2,full,480,main_battle_tank,0,6910,345.5,360.0,14.5,54.4,121.8,51.4,100.2,AttackMove,BlockedByFriend,fortress+gate,narrow+nopark,moved,0,,armored_car#541 moving,missile_battery(fixed)@6.2 main_battle_tank(moving)@6.7 main_battle_tank(moving)@4.1 ifv(moving)@8.5 light_tank(moving)@6.1 main_battle_tank(moving)@4.9 scout_jeep(moving)@7.0 armored_car(moving)@6.1 aa_vehicle(moving)@3.2
metrocity,Defend,2,full,505,main_battle_tank,0,6930,346.5,357.5,11.0,49.6,122.0,34.8,116.3,AttackMove,BlockedByFriend,fortress+gate,nopark,moved,0,,ifv#482 moving,missile_battery(fixed)@7.5 main_battle_tank(moving)@3.7 main_battle_tank(moving)@4.7 main_battle_tank(moving)@5.0 ifv(moving)@3.7 light_tank(moving)@8.9 scout_jeep(moving)@5.4 scout_jeep(moving)@6.7 aa_vehicle(moving)@7.7 base_wall@10 floodlight_mast@7
metrocity,Defend,2,full,475,main_battle_tank,0,6940,347.0,359.5,12.5,48.5,118.4,21.1,93.2,AttackMove,YieldWait,fortress+gate,nopark,moved,0,,behind main_battle_tank#505,main_battle_tank(moving)@3.6 main_battle_tank(moving)@6.7 ifv(moving)@3.5 light_tank(moving)@9.9 main_battle_tank(moving)@3.8 scout_jeep(moving)@7.2 scout_jeep(moving)@8.8 aa_vehicle(moving)@8.2 base_wall@9 shield_generator@7 floodlight_mast@6
metrocity,Defend,2,full,547,ifv,0,7220,361.0,370.5,9.5,41.9,94.3,42.6,105.7,AttackMove,BlockedByFriend,fortress,road,moved,0,,main_battle_tank#498 moving,aa_vehicle(moving)@6.9 main_battle_tank(moving)@4.2 main_battle_tank(moving)@4.0 base_wall@7
metrocity,Defend,2,full,480,main_battle_tank,0,7650,382.5,391.0,8.5,45.4,111.0,59.0,113.0,AttackMove,BlockedByFriend,fortress,,moved,0,,aa_vehicle#549 moving,aa_vehicle(moving)@4.5 main_battle_tank(moving)@8.5 light_tank(moving)@5.8 ifv(moving)@9.8 aa_vehicle(moving)@5.0 light_tank(parked)@8.4 shield_generator@7
metrocity,Defend,2,full,549,aa_vehicle,0,7670,383.5,393.5,10.0,44.4,116.1,59.0,113.0,AttackMove,BlockedByFriend,fortress+gate,nopark,gave up,0,,light_tank#554 parked,aa_vehicle(moving)@5.7 main_battle_tank(moving)@6.8 siege_tank(moving)@9.5 light_tank(moving)@7.0 light_tank(parked)@3.4 scout_jeep(moving)@6.9 shield_generator@9
metrocity,Defend,2,full,572,armored_car,0,7800,390.0,401.0,11.0,53.8,118.1,59.0,113.0,AttackMove,OffRoute,fortress+gate,narrow+nopark,moved,0,,to (59.0;113.0) past shield_generator,missile_battery(fixed)@9.9 light_tank(moving)@7.8 main_battle_tank(moving)@8.8 main_battle_tank(moving)@9.8 scout_jeep(parked)@6.7 armored_car(moving)@4.3 ifv(moving)@7.8 aa_vehicle(moving)@4.1 shield_generator@6
metrocity,Defend,2,full,582,armored_car,0,8290,414.5,424.0,9.5,54.8,121.9,42.4,118.2,AttackMove,YieldWait,fortress+gate,narrow+nopark,moved,0,,behind main_battle_tank#505,missile_battery(fixed)@6.1 main_battle_tank(parked)@8.7 main_battle_tank(moving)@4.8 ifv(moving)@6.2 aa_vehicle(moving)@3.1
metrocity,Defend,2,full,440,siege_tank,0,8580,429.0,438.0,9.0,47.9,82.0,26.0,110.3,Move,BlockedByFriend,fortress+gate,nopark,moved,0,,aa_vehicle#447 moving,aa_vehicle(moving)@5.0 ifv(moving)@8.5 scout_jeep(moving)@9.6 rocket_turret(fixed)@7.3 base_wall@8
metrocity,Defend,2,full,624,heavy_tank,1,9980,499.0,507.5,8.5,-88.9,-87.5,47.2,89.5,AttackMove,Unknown,camp1,route,moved,0,,speed 1.0 strikes 0,light_tank(parked)@7.5 armored_car(moving)@7.1
metrocity,Defend,2,full,650,main_battle_tank,0,11350,567.5,576.5,9.0,82.7,138.0,125.4,141.5,AttackMove,BlockedByFriend,fortress,,moved,0,,scout_jeep#657 moving,siege_tank(moving)@9.2 mlrs(moving)@2.4 light_tank(moving)@5.8 light_tank(moving)@7.6 light_tank(moving)@7.8 ifv(moving)@5.6 main_battle_tank(moving)@5.5 scout_jeep(moving)@4.1 aa_vehicle(moving)@5.7 base_wall@8 base_wall@7
metrocity,Defend,2,full,640,light_tank,0,11360,568.0,579.0,11.0,90.6,138.0,110.5,117.1,AttackMove,BlockedByFriend,fortress,,moved,0,,scout_jeep#657 moving,mlrs(moving)@8.3 light_tank(moving)@7.7 aa_vehicle(moving)@4.2 main_battle_tank(moving)@7.4 main_battle_tank(moving)@3.9 scout_jeep(moving)@3.4 base_wall@5 base_wall@7
metrocity,Defend,2,full,657,scout_jeep,0,11380,569.0,577.5,8.5,87.9,139.1,139.0,103.0,Move,BlockedByFriend,fortress,,moved,0,,light_tank#640 moving,mlrs(moving)@3.5 light_tank(moving)@7.6 light_tank(moving)@2.9 ifv(moving)@8.4 aa_vehicle(moving)@4.9 main_battle_tank(moving)@4.2 main_battle_tank(moving)@4.1 aa_vehicle(moving)@9.1 base_wall@5 base_wall@10
metrocity,Defend,2,full,680,aa_vehicle,0,11800,590.0,600.1,10.1,82.0,136.0,139.1,116.4,AttackMove,YieldWait,fortress,,open,0,,behind aa_vehicle#679,siege_tank(moving)@8.8 ifv(moving)@4.6 main_battle_tank(moving)@5.9 scout_jeep(moving)@6.3 aa_vehicle(moving)@4.7 base_wall@6 base_wall@6
metrocity,Defend,2,full,679,aa_vehicle,0,11810,590.5,600.1,9.6,79.9,140.2,139.5,132.9,AttackMove,BlockedByFriend,fortress,,open,0,,aa_vehicle#680 moving,ifv(moving)@6.0 main_battle_tank(moving)@5.9 main_battle_tank(moving)@3.5 scout_jeep(moving)@6.7 aa_vehicle(moving)@4.7
metrocity,Endless,1,full,449,siege_tank,0,1050,52.5,61.5,9.0,91.1,103.3,18.0,111.1,Move,BlockedByFriend,fortress,,moved,0,,heavy_tank#442 moving,titan_tank(moving)@8.2 heavy_tank(moving)@6.2 aa_vehicle(moving)@4.7 aa_vehicle(moving)@5.6 base_wall@8
metrocity,Endless,1,full,431,titan_tank,0,2580,129.0,138.0,9.0,86.5,98.1,63.4,60.5,AttackMove,Unknown,fortress,,moved,0,,speed 0.1 strikes 0,heavy_turret(fixed)@8.5 ifv(moving)@8.5 ifv(moving)@8.5 siege_tank(moving)@5.4 base_wall@4 base_wall@7 container@6
metrocity,Endless,1,full,461,heavy_tank,0,2700,135.0,149.0,14.0,54.5,62.0,92.0,66.3,AttackMove,YieldWait,fortress,,moved,0,,behind aa_vehicle#450,aa_turret(fixed)@6.1 aa_vehicle(moving)@3.2 ifv(moving)@5.1 aa_vehicle(moving)@5.5 shield_generator@6
metrocity,Endless,1,full,465,titan_tank,0,3010,150.5,160.0,9.5,97.7,91.4,57.7,71.6,AttackMove,BlockedByDefence,fortress,,moved,0,,heavy_turret#403 parked,heavy_turret(fixed)@6.7 aa_vehicle(moving)@9.2 heavy_tank(moving)@6.5 base_wall@8
metrocity,Endless,1,full,478,siege_tank,0,3380,169.0,206.0,37.0,53.6,101.5,79.0,89.0,Move,StalePath,fortress+gate,nopark,moved,0,,leg 2/5 to (55.0;99.0) crosses ammo_dump,gun_pit(fixed)@6.6 ammo_dump@8 floodlight_mast@8
metrocity,Endless,1,full,463,titan_tank,0,4100,205.0,215.5,10.5,77.0,54.7,119.0,51.0,AttackMove,Unknown,fortress,,moved,0,,speed 0.7 strikes 0,c_ram(fixed)@5.6
metrocity,Endless,1,full,431,titan_tank,0,4390,219.5,228.5,9.0,125.5,61.8,112.7,66.6,AttackMove,BlockedByFriend,fortress+gate,nopark,moved,0,,heavy_tank#461 moving,heavy_turret(fixed)@8.2 heavy_tank(moving)@6.3 titan_tank(moving)@8.1 aa_vehicle(moving)@6.4 container@10
metrocity,Endless,1,full,468,aa_vehicle,0,4440,222.0,235.0,13.0,121.5,56.8,119.0,51.0,AttackMove,BlockedByFriend,fortress+gate,narrow+nopark,gave up,0,,aa_vehicle#483 moving,heavy_turret(fixed)@7.0 heavy_tank(moving)@8.6 titan_tank(moving)@8.5 aa_vehicle(moving)@4.5 container@6
metrocity,Endless,1,full,483,aa_vehicle,0,4450,222.5,238.5,16.0,118.0,54.0,112.0,66.7,Idle,OffRoute,fortress+gate,nopark,gave up,0,,to (121.0;55.0) past shield_generator,heavy_turret(fixed)@10.0 aa_vehicle(moving)@4.5 shield_generator@6 container@6 floodlight_mast@9
metrocity,Endless,1,full,461,heavy_tank,0,4740,237.0,245.5,8.5,120.9,61.9,112.6,65.4,AttackMove,BlockedByFriend,fortress+gate,nopark,moved,0,,titan_tank#463 moving,titan_tank(moving)@9.4 titan_tank(moving)@4.1 titan_tank(moving)@9.4 aa_vehicle(moving)@8.9 aa_vehicle(moving)@8.4 main_battle_tank(moving)@8.7 container@6
metrocity,Endless,1,full,483,aa_vehicle,0,4770,238.5,247.0,8.5,118.6,51.7,112.2,66.8,Idle,YieldWait,fortress+gate,nopark,moved,0,,behind aa_vehicle#468,heavy_turret(fixed)@9.7 aa_vehicle(moving)@3.6 shield_generator@7 container@8 floodlight_mast@6
metrocity,Endless,1,full,483,aa_vehicle,0,4940,247.0,257.5,10.5,121.9,52.1,112.6,65.4,AttackMove,YieldWait,fortress+gate,nopark,moved,0,,behind aa_vehicle#468,heavy_turret(fixed)@6.4 titan_tank(moving)@8.9 aa_vehicle(moving)@3.2 shield_generator@10 container@9 floodlight_mast@6
metrocity,Endless,1,full,501,titan_tank,0,5120,256.0,265.5,9.5,103.9,66.3,113.5,73.8,AttackMove,BlockedByDefence,fortress,,moved,0,,atgm_tower#414 parked,atgm_tower(fixed)@5.2 heavy_tank(moving)@9.5 main_battle_tank(moving)@6.1 aa_vehicle(moving)@4.4 ifv(moving)@7.6
metrocity,Endless,1,full,501,titan_tank,0,5460,273.0,285.0,12.0,108.5,73.1,113.0,59.0,AttackMove,BlockedByFriend,fortress,road,moved,0,,aa_vehicle#520 moving,titan_tank(moving)@6.5 titan_tank(moving)@9.3 aa_vehicle(moving)@6.4 main_battle_tank(moving)@5.2 aa_vehicle(moving)@5.1
metrocity,Endless,1,full,542,light_tank,1,5940,297.0,306.0,9.0,-16.8,-25.2,54.5,30.1,AttackMove,BlockedByFriend,field,,moved,0,,mine_layer#550 moving,command_vehicle(moving)@5.8 ew_jammer(moving)@5.3 engineer_vehicle(moving)@6.1 engineer_vehicle(moving)@8.6 main_battle_tank(moving)@3.6 mine_layer(moving)@2.8 barricade@8
metrocity,Endless,1,full,576,aa_vehicle,0,6970,348.5,377.0,28.5,118.4,89.0,113.5,73.8,AttackMove,OffRoute,fortress+gate,nopark,moved,0,,to (121.0;83.0) past fortress_gate,heavy_turret(fixed)@9.5 aa_vehicle(moving)@3.7 aa_vehicle(moving)@3.0 aa_vehicle(moving)@5.1 fortress_gate@8
metrocity,Endless,1,full,575,aa_vehicle,0,7150,357.5,394.5,37.0,122.0,88.8,113.5,73.8,AttackMove,YieldWait,fortress+gate,nopark,moved,0,,behind aa_vehicle#577,heavy_turret(fixed)@6.1 siege_tank(moving)@9.6 aa_vehicle(moving)@3.6 aa_vehicle(moving)@4.3 aa_vehicle(moving)@8.5
metrocity,Endless,1,full,577,aa_vehicle,0,7160,358.0,390.5,32.5,118.9,86.0,119.9,64.3,AttackMove,BlockedByFriend,fortress+gate,narrow+nopark,moved,0,,aa_vehicle#575 moving,siege_tank(moving)@6.1 aa_vehicle(moving)@4.2 aa_vehicle(moving)@3.6 aa_vehicle(moving)@4.9 fortress_gate@6
metrocity,Endless,1,full,578,aa_vehicle,0,7200,360.0,383.5,23.5,114.0,86.0,113.0,59.0,AttackMove,YieldWait,fortress+gate,road+nopark,moved,0,,behind aa_vehicle#577,siege_tank(moving)@7.3 aa_vehicle(moving)@8.5 aa_vehicle(moving)@5.6 aa_vehicle(moving)@4.8 fortress_gate@3
metrocity,Endless,1,full,449,siege_tank,0,7260,363.0,373.5,10.5,118.2,80.0,109.8,94.0,Move,OffRoute,fortress,,moved,0,,to (121.0;87.0) past fortress_gate,aa_vehicle(moving)@9.9 aa_vehicle(moving)@9.3 aa_vehicle(moving)@6.0 aa_vehicle(moving)@7.4 fortress_gate@6
metrocity,Endless,1,full,431,titan_tank,0,7280,364.0,383.0,19.0,104.9,57.8,77.6,62.4,AttackMove,BlockedByFriend,fortress+gate,narrow+nopark,gave up,0,,ifv#553 moving,main_battle_tank(moving)@10.0 main_battle_tank(moving)@9.3 ifv(moving)@4.5 ifv(moving)@9.6 ifv(moving)@5.2 shield_generator@9
metrocity,Endless,1,full,461,heavy_tank,0,7490,374.5,386.5,12.0,90.6,61.0,113.0,59.0,AttackMove,BlockedByDefence,fortress,,moved,0,,super_gun#430 parked,super_gun(fixed)@10.0 main_battle_tank(moving)@9.6 ifv(moving)@8.7 c_ram(fixed)@9.8
metrocity,Endless,1,full,449,siege_tank,0,7520,376.0,385.5,9.5,119.0,76.2,109.8,94.0,Move,BlockedByFriend,fortress,,moved,0,,siege_tank#552 moving,siege_tank(moving)@8.4 siege_tank(moving)@6.7 aa_vehicle(moving)@9.9 fortress_gate@9
metrocity,Endless,1,full,552,siege_tank,0,7570,378.5,387.5,9.0,120.7,82.1,111.0,59.0,Move,BlockedByFriend,fortress+gate,nopark,moved,0,,siege_tank#449 moving,siege_tank(moving)@7.7 siege_tank(moving)@8.5 aa_vehicle(moving)@6.9 aa_vehicle(moving)@7.8 aa_vehicle(moving)@4.4 aa_vehicle(moving)@9.4 fortress_gate@8
metrocity,Endless,1,full,576,aa_vehicle,0,7750,387.5,396.5,9.0,118.6,86.1,113.5,73.8,AttackMove,YieldWait,fortress+gate,narrow+nopark,moved,0,,behind aa_vehicle#577,siege_tank(moving)@7.6 aa_vehicle(moving)@4.3 aa_vehicle(moving)@6.0 fortress_gate@6
metrocity,Endless,1,full,478,siege_tank,0,8060,403.0,412.5,9.5,127.6,86.0,108.0,95.2,Move,YieldWait,fortress+gate,nopark,moved,0,,behind aa_vehicle#575,heavy_turret(fixed)@5.5 aa_vehicle(moving)@9.2
metrocity,Endless,1,full,528,artillery,0,8390,419.5,428.5,9.0,61.2,86.8,55.0,49.0,Move,BlockedByDefence,fortress+gate,nopark,moved,0,,mg_bunker#603 parked,atgm_tower(fixed)@7.3 mg_bunker(fixed)@5.1
metrocity,Endless,1,full,604,heavy_tank,0,8760,438.0,451.0,13.0,34.0,117.2,119.0,51.0,AttackMove,Unknown,fortress,road,moved,0,,speed 0.9 strikes 1,main_battle_tank(moving)@5.6 heavy_tank(moving)@9.2 base_wall@8
metrocity,Endless,1,full,465,titan_tank,0,9510,475.5,486.5,11.0,73.1,92.9,119.0,51.0,AttackMove,YieldWait,fortress,road,moved,0,,waiting on a yield,siege_tank(moving)@6.7 siege_tank(moving)@7.1
metrocity,Endless,1,full,638,titan_tank,0,10020,501.0,513.5,12.5,139.6,112.6,139.5,132.9,AttackMove,BlockedByFriend,fortress,,moved,0,,heavy_tank#606 moving,heavy_tank(moving)@5.4 main_battle_tank(moving)@5.5 main_battle_tank(moving)@5.2 heavy_tank(parked)@7.4 base_wall@6 base_wall@9
metrocity,Endless,1,full,606,heavy_tank,0,10290,514.5,533.5,19.0,145.1,122.0,97.2,142.8,AttackMove,YieldWait,fortress,,moved,0,,behind titan_tank#638,titan_tank(moving)@6.2 main_battle_tank(moving)@7.2
metrocity,Endless,1,full,634,ifv,0,10610,530.5,539.5,9.0,144.0,128.9,110.5,117.1,AttackMove,YieldWait,fortress,narrow,moved,0,,behind heavy_tank#606,heavy_tank(moving)@5.7
metrocity,Endless,1,full,638,titan_tank,0,10620,531.0,541.0,10.0,138.0,118.1,110.5,117.1,AttackMove,BlockedByFriend,fortress,,moved,0,,aa_vehicle#632 moving,titan_tank(moving)@8.7 heavy_tank(moving)@7.7 ifv(moving)@7.5 aa_vehicle(moving)@6.3 main_battle_tank(moving)@3.3 aa_vehicle(moving)@9.8 base_wall@7 base_wall@4
metrocity,Endless,1,full,632,aa_vehicle,0,11240,562.0,572.5,10.5,134.4,138.4,97.2,142.8,AttackMove,YieldWait,fortress,narrow,moved,0,,behind titan_tank#501,titan_tank(moving)@5.5 titan_tank(parked)@7.8 aa_vehicle(moving)@7.7 heavy_tank(moving)@6.6 base_wall@6 base_wall@8
metrocity,Endless,1,full,463,titan_tank,0,11570,578.5,589.5,11.0,144.0,137.9,125.0,115.0,AttackMove,YieldWait,fortress,narrow,moved,0,,behind titan_tank#465,titan_tank(moving)@5.6 titan_tank(moving)@5.0
metrocity,Endless,1,full,638,titan_tank,0,11680,584.0,596.0,12.0,116.8,114.7,139.5,132.9,AttackMove,BlockedByFriend,fortress,,moved,0,,heavy_tank#606 moving,heavy_tank(moving)@5.9 mobile_fortress(parked)@8.4 main_battle_tank(moving)@3.9 artillery(parked)@9.2
metrocity,Endless,1,full,641,aa_vehicle,0,11790,589.5,600.1,10.6,129.9,139.4,125.0,115.0,AttackMove,YieldWait,fortress,narrow,open,0,,behind elite_heavy_tank#704,aa_vehicle(moving)@8.5 ifv(moving)@7.0 elite_heavy_tank(moving)@6.3 base_wall@5 base_wall@10
metrocity,Endless,2,obstacles,436,main_battle_tank,0,270,13.5,24.0,10.5,98.8,100.6,74.9,94.4,AttackMove,BlockedByDefence,fortress,,moved,0,,repair_bay#408 parked,repair_bay(fixed)@4.9 ammo_depot(fixed)@9.1 main_battle_tank(moving)@9.8 scout_jeep(parked)@9.2
metrocity,Endless,2,obstacles,451,siege_tank,0,850,42.5,57.0,14.5,99.1,98.8,25.9,123.0,Move,BlockedByFriend,fortress,,moved,0,,aa_vehicle#460 moving,repair_bay(fixed)@5.7 ammo_depot(fixed)@7.4 aa_vehicle(moving)@8.7 aa_vehicle(moving)@6.8 aa_vehicle(moving)@9.5
metrocity,Endless,2,obstacles,460,aa_vehicle,0,1360,68.0,80.0,12.0,91.0,106.0,99.0,99.0,Move,BlockedByDefence,fortress+gate,nopark,gave up,0,,repair_bay#408 parked,repair_bay(fixed)@5.4 siege_tank(moving)@3.7 mlrs(moving)@9.3 base_wall@8
metrocity,Endless,2,obstacles,438,main_battle_tank,0,1620,81.0,89.5,8.5,46.4,6.3,51.0,57.0,Idle,NoPath,fortress,,gave up,0,,goal (51.0;57.0) in open ground; other region (9 cells); fortress,
metrocity,Endless,2,obstacles,449,armored_car,0,1620,81.0,89.5,8.5,35.3,68.1,51.0,57.0,Idle,NoPath,fortress,road+route,gave up,0,,goal (51.0;57.0) in open ground; other region (9 cells); fortress,base_wall@9 fortress_gate@6
metrocity,Endless,2,obstacles,462,aa_vehicle,0,1620,81.0,93.5,12.5,98.0,98.6,62.2,59.8,AttackMove,StalePath,fortress,,moved,0,,leg 6/6 to (62.2;59.8) crosses shield_generator (corner),repair_bay(fixed)@5.0 ammo_depot(fixed)@7.8 siege_tank(moving)@4.7 aa_vehicle(moving)@5.6 light_tank(moving)@8.8
metrocity,Endless,2,obstacles,467,siege_tank,0,1630,81.5,90.5,9.0,103.5,100.7,18.1,15.5,Move,StalePath,fortress,,moved,0,,leg 2/9 to (99.0;107.0) crosses ammo_depot(defence) (corner),repair_bay(fixed)@9.6 ammo_depot(fixed)@8.3 aa_vehicle(moving)@5.7 aa_vehicle(moving)@6.1 light_tank(moving)@8.3
metrocity,Endless,2,obstacles,455,light_tank,1,2120,106.0,121.5,15.5,7.5,20.8,57.0,57.0,Attack,NoPath,fortress,,moved,0,,goal (57.0;57.0) in blocked ground (shield_generator); other region (9 cells); fortress,sapper(parked)@9.3
metrocity,Endless,2,obstacles,464,sapper,1,2170,108.5,122.0,13.5,4.4,29.6,57.0,57.0,Attack,NoPath,fortress,road,moved,0,,goal (57.0;57.0) in blocked ground (shield_generator); other region (9 cells); fortress,light_tank(parked)@9.3
metrocity,Endless,2,obstacles,451,siege_tank,0,2420,121.0,130.0,9.0,48.0,122.5,79.5,74.3,Move,OffRoute,fortress+gate,route+narrow+nopark,moved,0,,to (69.0;119.0) past drone_hangar(defence),drone_hangar(fixed)@8.2 main_battle_tank(moving)@6.4 armored_car(moving)@5.6 siege_tank(moving)@8.4 light_tank(moving)@3.5 light_tank(moving)@3.7 base_wall@8 floodlight_mast@6
metrocity,Endless,2,obstacles,437,main_battle_tank,0,2440,122.0,131.0,9.0,48.0,127.8,62.2,59.8,AttackMove,StalePath,fortress+gate,route+nopark,moved,0,,leg 5/5 to (62.2;59.8) crosses shield_generator (corner),drone_hangar(fixed)@6.0 armored_car(moving)@5.5 siege_tank(moving)@7.0 light_tank(moving)@8.8 light_tank(moving)@6.8 floodlight_mast@9
metrocity,Endless,2,obstacles,449,armored_car,0,2470,123.5,132.0,8.5,44.2,126.3,51.4,67.8,AttackMove,OffRoute,fortress+gate,route+nopark,moved,0,,to (49.0;119.0) past floodlight_mast,drone_hangar(fixed)@9.9 main_battle_tank(moving)@3.5 light_tank(moving)@6.6 light_tank(moving)@8.0 base_wall@8 floodlight_mast@6
metrocity,Endless,2,obstacles,472,ifv,0,2500,125.0,134.5,9.5,60.1,121.7,28.2,45.4,AttackMove,BlockedByFriend,fortress+gate,nopark,moved,0,,siege_tank#467 moving,drone_hangar(fixed)@8.8 main_battle_tank(moving)@4.1 siege_tank(moving)@8.5 aa_vehicle(moving)@7.8 siege_tank(moving)@4.6 light_tank(moving)@9.0 container_stack@10
metrocity,Endless,2,obstacles,467,siege_tank,0,2510,125.5,137.0,11.5,55.8,120.7,54.9,137.0,Idle,BlockedByFriend,fortress+gate,narrow+nopark,moved,0,,light_tank#474 moving,drone_hangar(fixed)@7.5 main_battle_tank(moving)@7.1 siege_tank(moving)@4.4 ifv(moving)@4.3 light_tank(moving)@7.8 light_tank(moving)@4.7 shield_generator@10
metrocity,Endless,2,obstacles,437,main_battle_tank,0,2650,132.5,141.0,8.5,46.7,121.7,62.2,59.8,AttackMove,YieldWait,fortress+gate,nopark,moved,0,,behind light_tank#474,drone_hangar(fixed)@9.6 main_battle_tank(moving)@4.3 siege_tank(moving)@7.7 light_tank(moving)@8.8 base_wall@7 floodlight_mast@4
metrocity,Endless,2,obstacles,460,aa_vehicle,0,2780,139.0,153.0,14.0,60.2,123.9,28.0,39.3,AttackMove,YieldWait,fortress+gate,nopark,moved,0,,behind main_battle_tank#490,drone_hangar(fixed)@7.4 main_battle_tank(moving)@8.4 siege_tank(moving)@6.7 aa_vehicle(moving)@7.4 aa_vehicle(moving)@5.1 siege_tank(moving)@5.6 main_battle_tank(moving)@5.1 light_tank(moving)@2.3 container_stack@8
metrocity,Endless,2,obstacles,490,main_battle_tank,0,2800,140.0,152.5,12.5,64.8,121.2,51.0,57.0,AttackMove,BlockedByFriend,fortress+gate,nopark,moved,0,,aa_vehicle#454 moving,siege_tank(moving)@3.4 aa_vehicle(moving)@2.9 aa_vehicle(moving)@5.3 aa_vehicle(moving)@4.8 siege_tank(moving)@8.0 light_tank(moving)@6.2 container_stack@9
metrocity,Endless,2,obstacles,436,main_battle_tank,0,2810,140.5,150.0,9.5,53.0,121.0,32.2,38.5,AttackMove,BlockedByFriend,fortress+gate,narrow+nopark,moved,0,,siege_tank#467 moving,drone_hangar(fixed)@7.1 aa_vehicle(moving)@7.7 siege_tank(moving)@4.6 light_tank(moving)@9.1 shield_generator@9 floodlight_mast@10
metrocity,Endless,2,obstacles,467,siege_tank,0,2890,144.5,155.0,10.5,56.8,118.8,65.3,74.5,Move,BlockedByFriend,fortress+gate,narrow+nopark,moved,0,,aa_vehicle#460 moving,drone_hangar(fixed)@9.6 main_battle_tank(moving)@3.6 aa_vehicle(moving)@5.7 aa_vehicle(moving)@8.3 light_tank(moving)@7.0 shield_generator@8 fuel_depot@9
metrocity,Endless,2,obstacles,491,light_tank,0,2920,146.0,155.5,9.5,61.0,124.0,51.0,57.0,AttackMove,BlockedByFriend,fortress+gate,nopark,moved,0,,aa_vehicle#463 moving,drone_hangar(fixed)@8.0 main_battle_tank(moving)@6.7 aa_vehicle(moving)@6.0 aa_vehicle(moving)@6.4 aa_vehicle(moving)@3.4 siege_tank(moving)@6.9 container_stack@8
metrocity,Endless,2,obstacles,467,siege_tank,0,3100,155.0,164.5,9.5,58.6,118.0,65.3,74.5,Move,YieldWait,fortress+gate,narrow+nopark,moved,0,,behind aa_vehicle#463,aa_vehicle(moving)@7.5 shield_generator@9 fuel_depot@7
metrocity,Endless,2,obstacles,467,siege_tank,0,3560,178.0,190.5,12.5,65.1,103.8,65.3,74.5,Move,BlockedByFriend,fortress,,moved,0,,aa_vehicle#463 moving,gun_pit(fixed)@6.3 main_battle_tank(moving)@9.5 aa_vehicle(moving)@5.7 aa_vehicle(moving)@8.6 scout_jeep(moving)@9.4 armored_car(moving)@5.8 fuel_depot@8
metrocity,Endless,2,obstacles,438,main_battle_tank,0,4030,201.5,214.5,13.0,68.0,110.8,51.0,119.0,AttackMove,GateWait,fortress,road,moved,0,,doorway 0,light_tank(moving)@4.5 main_battle_tank(moving)@4.8 armored_car(moving)@8.5 scout_jeep(parked)@9.0 ifv(moving)@3.3 aa_vehicle(moving)@6.0 armored_car(moving)@7.2 scout_jeep(moving)@3.0 scout_jeep(moving)@6.0 armored_car(moving)@7.2 light_tank(moving)@9.6 fuel_depot@7
metrocity,Endless,2,obstacles,473,light_tank,0,4030,201.5,212.0,10.5,68.0,115.3,51.5,102.2,AttackMove,YieldWait,fortress+gate,road+nopark,moved,0,,behind scout_jeep#515,main_battle_tank(moving)@4.5 aa_vehicle(moving)@8.6 main_battle_tank(moving)@9.3 scout_jeep(moving)@5.7 scout_jeep(moving)@9.3 ifv(moving)@6.8 aa_vehicle(moving)@4.1 armored_car(moving)@2.8 scout_jeep(moving)@2.8 scout_jeep(moving)@9.0 armored_car(moving)@6.9 fuel_depot@8
metrocity,Endless,2,obstacles,490,main_battle_tank,0,4080,204.0,215.5,11.5,68.0,106.7,51.0,119.0,AttackMove,BlockedByFriend,fortress,road,moved,0,,ifv#497 moving,main_battle_tank(moving)@4.4 aa_vehicle(moving)@9.6 armored_car(moving)@6.1 scout_jeep(moving)@5.8 ifv(moving)@4.3 aa_vehicle(moving)@9.9 scout_jeep(moving)@7.8 scout_jeep(moving)@7.9 armored_car(moving)@8.8 light_tank(moving)@6.8 fuel_depot@8
metrocity,Endless,2,obstacles,449,armored_car,0,4100,205.0,219.5,14.5,52.1,118.0,53.1,103.0,Idle,BlockedByFriend,fortress+gate,narrow+nopark,moved,0,,light_tank#491 moving,main_battle_tank(moving)@4.8 aa_vehicle(moving)@7.9 light_tank(moving)@4.2 scout_jeep(moving)@9.3 shield_generator@6 floodlight_mast@9
metrocity,Endless,2,obstacles,436,main_battle_tank,0,4120,206.0,220.5,14.5,47.2,118.0,51.4,100.2,AttackMove,YieldWait,fortress+gate,nopark,moved,0,,behind armored_car#449,armored_car(moving)@4.8 light_tank(moving)@9.0 base_wall@9 base_wall@7 shield_generator@8 floodlight_mast@5
metrocity,Endless,2,obstacles,470,aa_vehicle,0,4160,208.0,216.5,8.0,59.5,117.7,51.0,119.0,AttackMove,BlockedByFriend,fortress+gate,nopark,died,0,,light_tank#491 moving,armored_car(moving)@7.4 light_tank(moving)@3.4 scout_jeep(moving)@6.6 scout_jeep(moving)@9.0 scout_jeep(moving)@4.8 scout_jeep(moving)@7.4 shield_generator@9
metrocity,Endless,2,obstacles,522,light_tank,0,4570,228.5,238.5,10.0,66.2,112.1,14.7,92.7,AttackMove,YieldWait,fortress,,moved,0,,behind main_battle_tank#490,main_battle_tank(moving)@8.1 main_battle_tank(moving)@2.6 siege_tank(moving)@8.4 light_tank(moving)@9.7 main_battle_tank(moving)@9.3 armored_car(moving)@9.8 ifv(moving)@8.2 ifv(moving)@5.2 armored_car(moving)@5.9 armored_car(moving)@5.8 ifv(moving)@3.9 aa_vehicle(moving)@9.5 aa_vehicle(moving)@6.3
metrocity,Endless,2,obstacles,511,ifv,0,4670,233.5,249.5,16.0,60.7,111.1,49.6,81.5,AttackMove,BlockedByFriend,fortress+gate,nopark,moved,0,,ifv#497 moving,main_battle_tank(moving)@4.4 siege_tank(parked)@8.8 light_tank(moving)@6.3 ifv(moving)@3.7 armored_car(moving)@6.5 ifv(moving)@7.6 light_tank(moving)@2.5 aa_vehicle(moving)@9.0 shield_generator@9
metrocity,Endless,2,obstacles,497,ifv,0,4700,235.0,246.5,11.5,58.0,113.7,25.0,97.6,AttackMove,BlockedByFriend,fortress,,moved,0,,ifv#511 moving,main_battle_tank(moving)@5.4 light_tank(moving)@8.4 main_battle_tank(moving)@8.6 armored_car(parked)@9.8 main_battle_tank(moving)@9.0 ifv(moving)@5.4 armored_car(moving)@3.7 ifv(moving)@7.2 light_tank(moving)@6.2 aa_vehicle(moving)@9.4 shield_generator@6
metrocity,Endless,2,obstacles,449,armored_car,0,5040,252.0,268.5,16.5,53.6,118.2,59.0,113.0,AttackMove,YieldWait,fortress+gate,narrow+nopark,moved,0,,behind main_battle_tank#509,drone_hangar(fixed)@9.8 main_battle_tank(moving)@9.3 main_battle_tank(moving)@9.4 aa_vehicle(moving)@5.3 light_tank(moving)@8.4 main_battle_tank(moving)@3.6 ifv(parked)@7.2 main_battle_tank(moving)@4.8 ifv(moving)@8.8 shield_generator@6
metrocity,Endless,2,obstacles,437,main_battle_tank,0,5110,255.5,265.5,10.0,60.8,124.2,64.2,111.4,AttackMove,BlockedByFriend,fortress+gate,nopark,moved,0,,aa_vehicle#541 moving,drone_hangar(fixed)@7.8 aa_vehicle(moving)@6.4 mlrs(moving)@5.8 light_tank(moving)@5.3 main_battle_tank(moving)@9.5 main_battle_tank(moving)@9.0 ifv(moving)@5.8 aa_vehicle(moving)@5.4 scout_jeep(moving)@3.1 container_stack@7
metrocity,Endless,2,obstacles,547,aa_vehicle,0,5110,255.5,268.0,12.5,98.0,103.0,68.7,78.5,AttackMove,BlockedByFriend,fortress,,moved,0,,siege_tank#469 parked,repair_bay(fixed)@4.3 siege_tank(parked)@5.2
metrocity,Endless,2,obstacles,541,aa_vehicle,0,5190,259.5,268.0,8.5,62.8,124.1,19.7,94.7,AttackMove,Unknown,fortress,,moved,0,,speed 4.0 strikes 0,drone_hangar(fixed)@9.6 main_battle_tank(moving)@5.6 light_tank(moving)@8.1 ifv(moving)@7.9
metrocity,Endless,2,obstacles,567,armored_car,0,6830,341.5,355.0,13.5,118.0,51.4,113.0,59.0,AttackMove,YieldWait,fortress+gate,nopark,moved,0,,behind armored_car#576,light_tank(parked)@8.9 scout_jeep(moving)@6.9 armored_car(moving)@4.8 shield_generator@6 floodlight_mast@6
metrocity,Endless,2,obstacles,566,scout_jeep,0,7180,359.0,373.0,14.0,112.3,59.9,93.7,35.3,Move,GateWait,fortress,,moved,0,,doorway 0,gun_pit(fixed)@5.4 main_battle_tank(moving)@9.6 light_tank(moving)@8.7 light_tank(moving)@8.9 armored_car(moving)@5.8 shield_generator@8
metrocity,Endless,2,obstacles,584,armored_car,0,7180,359.0,369.0,10.0,112.0,65.8,113.0,59.0,AttackMove,YieldWait,fortress,,moved,0,,behind main_battle_tank#509,gun_pit(fixed)@5.6 main_battle_tank(moving)@3.8 light_tank(moving)@8.2 main_battle_tank(moving)@6.6 light_tank(moving)@4.4 scout_jeep(moving)@5.8 armored_car(moving)@9.1 armored_car(moving)@8.8
metrocity,Endless,2,obstacles,582,aa_vehicle,0,7430,371.5,385.0,13.5,60.1,78.2,99.3,60.6,AttackMove,Embedded,fortress,,gave up,0,,on dragons_teeth(defence),aa_vehicle(moving)@7.7 gun_pit(fixed)@9.9 dragons_teeth(fixed)@4.8
metrocity,Endless,2,obstacles,469,siege_tank,0,7440,372.0,381.5,9.5,59.3,101.5,75.5,67.5,Move,Embedded,fortress,,gave up,0,,on gun_pit(defence),siege_tank(moving)@6.1 gun_pit(fixed)@1.7
metrocity,Endless,2,obstacles,467,siege_tank,0,7610,380.5,390.5,10.0,59.9,107.9,75.5,67.5,Move,BlockedByFriend,fortress,,moved,0,,siege_tank#469 parked,siege_tank(parked)@6.4 gun_pit(fixed)@7.9
metrocity,Endless,2,obstacles,509,main_battle_tank,0,8470,423.5,493.0,69.5,106.9,60.2,104.8,35.8,AttackMove,Embedded,fortress+gate,nopark,gave up,0,,on gun_pit(defence),main_battle_tank(moving)@5.7 main_battle_tank(moving)@8.4 armored_car(moving)@6.9 light_tank(moving)@6.5 ifv(moving)@4.8 aa_vehicle(moving)@9.7 gun_pit(fixed)@2.3 shield_generator@10
metrocity,Endless,2,obstacles,637,aa_vehicle,0,8670,433.5,447.5,14.0,122.0,59.6,110.7,33.7,AttackMove,YieldWait,fortress+gate,nopark,moved,0,,behind aa_vehicle#610,heavy_turret(fixed)@8.2 light_tank(moving)@6.6 armored_car(parked)@8.6 light_tank(moving)@6.0 aa_vehicle(parked)@4.4
metrocity,Endless,2,obstacles,674,armored_car,0,8710,435.5,444.5,9.0,98.5,101.7,95.8,33.3,Move,BlockedByFriend,fortress,,moved,0,,armored_car#675 moving,repair_bay(fixed)@4.5 mlrs(moving)@7.9 armored_car(moving)@3.6 ifv(moving)@6.2
metrocity,Endless,2,obstacles,621,elite_heavy_tank,1,9210,460.5,474.0,13.5,10.0,-4.7,53.0,39.0,AttackMove,BlockedByFriend,field,,moved,0,,ew_jammer#609 moving,command_vehicle(parked)@9.4 ew_jammer(moving)@6.5 mine_layer(moving)@5.9 armored_car(moving)@7.3 light_tank(moving)@4.8 sandbags@3
metrocity,Endless,2,obstacles,725,main_battle_tank,0,10490,524.5,534.5,10.0,82.0,134.1,139.5,132.9,AttackMove,YieldWait,fortress,,moved,0,,behind armored_car#722,scout_jeep(moving)@8.3 armored_car(moving)@6.8 armored_car(moving)@6.0 armored_car(moving)@4.7 armored_car(moving)@2.3 scout_jeep(moving)@4.4 armored_car(moving)@8.9 main_battle_tank(moving)@10.0 ifv(moving)@5.6 base_wall@6
metrocity,Endless,2,obstacles,727,main_battle_tank,0,10770,538.5,549.0,10.5,85.1,130.0,139.5,132.9,AttackMove,BlockedByFriend,fortress,,moved,0,,armored_car#720 moving,drone_hangar(fixed)@6.8 armored_car(moving)@3.9 scout_jeep(moving)@8.8 base_wall@5
metrocity,Endless,2,obstacles,717,scout_jeep,0,10920,546.0,555.0,9.0,123.9,105.7,125.0,115.0,AttackMove,BlockedByFriend,fortress,,moved,0,,armored_car#718 moving,c_ram(fixed)@5.4 scout_jeep(moving)@6.6 armored_car(moving)@3.3 armored_car(moving)@4.1 scout_jeep(moving)@7.7 armored_car(moving)@8.6
metrocity,Endless,2,obstacles,731,scout_jeep,0,11150,557.5,566.5,9.0,108.7,115.6,125.0,115.0,AttackMove,BlockedByFriend,fortress,,moved,0,,armored_car#721 moving,radar_station(fixed)@5.0 armored_car(moving)@4.4 scout_jeep(parked)@9.8
metrocity,Endless,2,obstacles,720,armored_car,0,11160,558.0,574.0,16.0,121.6,103.8,125.0,115.0,AttackMove,YieldWait,fortress,,moved,0,,behind mobile_fortress#714,c_ram(fixed)@6.9 mobile_fortress(moving)@7.6 scout_jeep(moving)@2.8 armored_car(moving)@2.4 scout_jeep(moving)@8.9
metrocity,Endless,2,obstacles,729,ifv,0,11160,558.0,578.5,20.5,142.5,143.7,125.4,141.5,AttackMove,BlockedByFriend,fortress,,moved,0,,ifv#730 moving,ifv(moving)@6.8 main_battle_tank(moving)@6.7 ifv(moving)@4.5
metrocity,Endless,2,obstacles,723,scout_jeep,0,11200,560.0,573.0,13.0,127.9,109.4,125.0,115.0,AttackMove,BlockedByFriend,fortress,,gave up,0,,armored_car#724 moving,c_ram(fixed)@6.4 mobile_fortress(moving)@8.6 scout_jeep(moving)@6.9 armored_car(moving)@6.5 armored_car(moving)@8.5 armored_car(moving)@2.0 armored_car(moving)@4.3 base_wall@8 base_wall@7
metrocity,Endless,2,obstacles,722,armored_car,0,11300,565.0,576.0,11.0,129.2,110.0,125.0,115.0,AttackMove,BlockedByFriend,fortress,,gave up,0,,armored_car#724 moving,c_ram(fixed)@7.1 scout_jeep(moving)@6.0 scout_jeep(moving)@9.3 armored_car(moving)@6.3 scout_jeep(parked)@2.0 armored_car(moving)@3.0 base_wall@8 base_wall@5
metrocity,Endless,2,obstacles,731,scout_jeep,0,11340,567.0,585.5,18.5,109.6,109.6,125.0,115.0,AttackMove,YieldWait,fortress,route,moved,0,,behind mobile_fortress#714,armored_car(moving)@8.5 armored_car(moving)@6.6
metrocity,Endless,2,obstacles,717,scout_jeep,0,11410,570.5,583.0,12.5,120.6,107.2,125.0,115.0,AttackMove,YieldWait,fortress,,moved,0,,behind mobile_fortress#714,c_ram(fixed)@9.0 mobile_fortress(moving)@7.1 armored_car(moving)@3.4 armored_car(moving)@2.5 armored_car(moving)@9.0 scout_jeep(moving)@6.6
metrocity,Endless,2,obstacles,718,armored_car,0,11410,570.5,596.5,26.0,123.9,107.2,125.0,115.0,AttackMove,YieldWait,fortress,,gave up,0,,behind mobile_fortress#714,c_ram(fixed)@6.2 mobile_fortress(moving)@8.4 scout_jeep(moving)@3.4 armored_car(moving)@5.8 armored_car(moving)@5.8 scout_jeep(moving)@3.5 armored_car(moving)@8.4
metrocity,Endless,2,obstacles,721,armored_car,0,11410,570.5,581.5,11.0,108.0,116.0,125.0,115.0,AttackMove,YieldWait,fortress,,moved,0,,behind mobile_fortress#714,radar_station(fixed)@5.0 scout_jeep(moving)@6.6
metrocity,Endless,2,obstacles,726,ifv,0,11420,571.0,579.5,8.5,130.1,140.5,97.2,142.8,AttackMove,YieldWait,fortress,narrow,moved,0,,waiting on a yield,light_tank(moving)@3.5 main_battle_tank(moving)@9.7 ifv(moving)@6.7 main_battle_tank(moving)@6.3 aa_vehicle(moving)@7.7 base_wall@7
metrocity,Endless,2,obstacles,720,armored_car,0,11500,575.0,591.0,16.0,118.0,106.3,125.0,115.0,AttackMove,BlockedByFriend,fortress,,gave up,0,,mobile_fortress#714 moving,mobile_fortress(moving)@8.0 scout_jeep(moving)@3.1 armored_car(moving)@6.1 scout_jeep(moving)@8.1
metrocity,Endless,2,obstacles,721,armored_car,0,11630,581.5,596.5,15.0,107.8,111.3,125.0,115.0,AttackMove,YieldWait,fortress,,moved,0,,behind mobile_fortress#714,radar_station(fixed)@9.3 scout_jeep(moving)@6.8
metrocity,Endless,2,obstacles,755,aa_vehicle,0,11660,583.0,598.0,15.0,132.9,144.0,139.1,116.4,AttackMove,YieldWait,fortress,narrow,moved,0,,behind ifv#730,main_battle_tank(moving)@8.2 main_battle_tank(moving)@8.4 ifv(moving)@5.1 ifv(moving)@3.6 ifv(moving)@4.8 main_battle_tank(moving)@6.1 aa_vehicle(moving)@5.9
metrocity,Endless,2,obstacles,731,scout_jeep,0,11710,585.5,600.1,14.6,112.5,107.4,125.0,115.0,AttackMove,YieldWait,fortress,,open,0,,behind mobile_fortress#714,mobile_fortress(moving)@9.7 scout_jeep(moving)@7.4 armored_car(moving)@6.6 armored_car(moving)@5.9
metrocity,Endless,2,obstacles,761,aa_vehicle,0,11730,586.5,600.1,13.6,126.0,144.0,139.1,116.4,AttackMove,YieldWait,fortress,narrow,open,0,,behind ifv#730,ifv(moving)@3.6 main_battle_tank(moving)@6.4 ifv(moving)@4.7 scout_jeep(moving)@2.9 aa_vehicle(moving)@8.3
metrocity,Endless,2,obstacles,717,scout_jeep,0,11770,588.5,600.1,11.6,119.9,107.5,125.0,115.0,AttackMove,YieldWait,fortress,,open,0,,behind mobile_fortress#714,c_ram(fixed)@9.7 mobile_fortress(moving)@6.8 armored_car(parked)@4.1 armored_car(moving)@4.7 armored_car(moving)@8.1 scout_jeep(moving)@7.1
metrocity,Endless,2,obstacles,729,ifv,0,11810,590.5,600.1,9.6,139.0,144.0,125.4,141.5,AttackMove,YieldWait,fortress,,open,0,,behind aa_vehicle#755,ifv(moving)@3.3 main_battle_tank(moving)@9.5 ifv(moving)@9.3 scout_jeep(moving)@6.8 main_battle_tank(moving)@7.7 aa_vehicle(moving)@4.1
metrocity,Weekly,1,obstacles,461,scout_jeep,1,1310,65.5,76.0,10.5,123.6,116.0,134.4,139.6,AttackMove,BlockedByFriend,fortress,,moved,0,,smoke_carrier#454 parked,scout_jeep(moving)@2.7 smoke_carrier(parked)@3.3 sam_launcher(moving)@3.5 command_hq@9
metrocity,Weekly,1,obstacles,453,scout_jeep,1,1380,69.0,78.0,9.0,126.6,113.6,134.4,139.6,AttackMove,YieldWait,fortress,,moved,0,,waiting on a yield,smoke_carrier(parked)@7.9 sam_launcher(moving)@3.6 base_wall@8 base_wall@10
metrocity,Weekly,1,obstacles,469,titan_tank,0,2060,103.0,115.5,12.5,-11.7,37.4,57.0,57.0,Attack,NoPath,fortress,road,moved,0,,goal (57.0;57.0) in blocked ground (shield_generator); other region (9 cells); fortress,artillery(parked)@6.6
metrocity,Weekly,1,obstacles,465,flame_tank,1,2600,130.0,143.5,13.5,117.2,108.6,112.0,125.6,Idle,NoPath,fortress,,moved,0,,goal (112.0;125.6) in open ground; other region (9 cells); fortress,command_vehicle(parked)@7.1 sapper(parked)@5.2 twin_tank(parked)@6.1
metrocity,Weekly,1,obstacles,465,flame_tank,1,2960,148.0,158.0,10.0,106.9,116.0,105.6,123.0,AttackMove,StalePath,fortress,,moved,0,,leg 3/3 to (105.6;123.0) crosses gun_pit(defence) (corner),radar_station(fixed)@5.8 smoke_carrier(moving)@3.9 sapper(parked)@4.9 rocket_technical(moving)@7.3
metrocity,Weekly,1,obstacles,468,sapper,1,2990,149.5,182.5,33.0,104.1,111.3,112.0,125.6,Idle,NoPath,fortress,route,moved,0,,goal (112.0;125.6) in open ground; other region (9 cells); fortress,smoke_carrier(moving)@4.9 ew_jammer(moving)@8.6 flame_tank(moving)@5.2
metrocity,Weekly,1,obstacles,490,aa_vehicle,0,3140,157.0,167.0,10.0,-88.5,-82.5,113.3,69.7,AttackMove,BlockedByDefence,camp0,route,gave up,0,,c_ram#438 parked,c_ram(fixed)@4.7 aa_vehicle(moving)@6.4 aa_vehicle(moving)@4.6 aa_vehicle(moving)@8.1
metrocity,Weekly,1,obstacles,454,smoke_carrier,1,3300,165.0,176.0,11.0,88.3,118.1,125.6,138.4,AttackMove,StalePath,fortress+gate,nopark,moved,0,,leg 7/7 to (125.6;138.4) crosses base_wall (corner),drone_hangar(fixed)@9.9 command_vehicle(parked)@8.8 engineer_vehicle(moving)@5.5 heavy_rocket_artillery(parked)@4.5 rocket_technical(parked)@4.1 rocket_technical(parked)@8.5 rocket_technical(parked)@5.9 rocket_technical(parked)@4.5 base_wall@6
metrocity,Weekly,1,obstacles,465,flame_tank,1,3620,181.0,200.5,19.5,106.0,122.3,111.6,125.6,Idle,NoPath,fortress,,gave up,0,,goal (111.6;125.6) in open ground; other region (9 cells); fortress,gun_pit(fixed)@6.9 radar_station(fixed)@5.5 ew_jammer(parked)@7.6 command_vehicle(parked)@9.3 engineer_vehicle(parked)@5.2 rocket_technical(parked)@10.0
metrocity,Weekly,1,obstacles,491,aa_vehicle,0,3840,192.0,201.0,9.0,-95.5,-86.3,-92.9,-93.5,Move,YieldWait,camp0,road+route,gave up,0,,behind armored_bulldozer#495,aa_vehicle(moving)@3.7 aa_vehicle(moving)@9.0 armored_bulldozer(moving)@5.1
metrocity,Weekly,1,obstacles,465,flame_tank,1,4250,212.5,221.5,9.0,104.7,122.7,95.7,109.9,AttackMove,YieldWait,fortress,,moved,0,,behind engineer_vehicle#466,gun_pit(fixed)@6.0 radar_station(fixed)@6.9 engineer_vehicle(moving)@5.3 heavy_rocket_artillery(moving)@9.2
metrocity,Weekly,1,obstacles,459,ew_jammer,1,4450,222.5,231.0,8.5,86.0,118.6,54.5,135.6,Move,BlockedByFriend,fortress,,gave up,0,,elite_heavy_tank#504 moving,engineer_vehicle(moving)@6.0 elite_heavy_tank(moving)@6.0 base_wall@4
metrocity,Weekly,1,obstacles,466,engineer_vehicle,1,4510,225.5,234.0,8.5,90.1,114.2,74.6,114.6,Move,BlockedByFriend,fortress,road,gave up,0,,sam_launcher#456 moving,sam_launcher(moving)@4.9 ew_jammer(moving)@6.0 twin_tank(moving)@8.2 railgun_truck(parked)@8.6
metrocity,Weekly,1,obstacles,456,sam_launcher,1,4590,229.5,240.0,10.5,91.2,110.5,76.6,104.6,AttackMove,BlockedByFriend,fortress,road,moved,0,,twin_tank#477 moving,repair_bay(fixed)@9.4 scout_jeep(moving)@4.9 ew_jammer(moving)@9.1 engineer_vehicle(moving)@3.9 twin_tank(moving)@5.4 railgun_truck(moving)@6.0 thermobaric_launcher(moving)@8.5
metrocity,Weekly,1,obstacles,468,sapper,1,4620,231.0,241.0,10.0,75.4,116.5,125.0,115.0,AttackMove,YieldWait,fortress,,moved,0,,behind elite_heavy_tank#504,smoke_carrier(moving)@4.4 rocket_technical(moving)@3.1 rocket_technical(moving)@9.0 elite_heavy_tank(moving)@7.2 base_wall@10
metrocity,Weekly,1,obstacles,506,armored_bulldozer,0,4800,240.0,252.0,12.0,-88.0,-85.2,-93.3,-93.1,Move,YieldWait,camp0,,moved,0,,behind aa_vehicle#510,c_ram(fixed)@4.2 aa_vehicle(moving)@8.1 aa_vehicle(moving)@4.0 aa_vehicle(moving)@4.1
metrocity,Weekly,1,obstacles,474,twin_tank,1,4890,244.5,253.5,9.0,70.6,106.7,125.0,115.0,AttackMove,BlockedByFriend,fortress,road,moved,0,,command_vehicle#460 moving,smoke_carrier(moving)@8.3 command_vehicle(moving)@4.8 engineer_vehicle(moving)@5.9 heavy_tank(moving)@9.8 mobile_fortress(parked)@8.9
metrocity,Weekly,1,obstacles,459,ew_jammer,1,5040,252.0,261.0,9.0,84.3,104.1,79.4,112.0,Move,BlockedByFriend,fortress,,moved,0,,rocket_technical#483 moving,rocket_technical(moving)@5.5 rocket_technical(moving)@7.1
metrocity,Weekly,1,obstacles,474,twin_tank,1,5070,253.5,262.5,9.0,72.5,107.6,125.0,115.0,AttackMove,BlockedByFriend,fortress,road,moved,0,,rocket_technical#483 parked,rocket_technical(parked)@5.8 elite_heavy_tank(moving)@7.7 armored_car(moving)@9.6
metrocity,Weekly,1,obstacles,468,sapper,1,5090,254.5,274.5,20.0,117.8,111.7,112.8,125.6,Idle,NoPath,fortress,,moved,0,,goal (112.8;125.6) in open ground; other region (9 cells); fortress,sam_launcher(parked)@3.8 flame_tank(parked)@8.4 heavy_rocket_artillery(parked)@9.2
metrocity,Weekly,1,obstacles,460,command_vehicle,1,5280,264.0,272.5,8.5,58.8,130.7,97.7,113.2,Move,BlockedByFriend,fortress,,moved,0,,scout_jeep#453 moving,scout_jeep(moving)@3.2 thermobaric_launcher(moving)@7.8 armored_car(parked)@4.4 container_stack@7 ammo_dump@8
metrocity,Weekly,1,obstacles,477,twin_tank,1,5460,273.0,286.0,13.0,114.0,116.0,118.3,138.0,AttackMove,NoPath,fortress,,moved,0,,goal (110.4;125.7) in open ground; other region (9 cells); fortress,radar_station(fixed)@5.0 sam_launcher(moving)@5.5 elite_heavy_tank(moving)@8.9
metrocity,Weekly,1,obstacles,474,twin_tank,1,5730,286.5,296.5,10.0,115.5,110.9,118.3,138.0,AttackMove,BlockedByFriend,fortress,,moved,0,,command_vehicle#460 moving,sam_launcher(moving)@5.0 command_vehicle(moving)@4.5 engineer_vehicle(parked)@6.5 engineer_vehicle(parked)@8.5 heavy_rocket_artillery(parked)@6.2 twin_tank(moving)@7.3 elite_heavy_tank(moving)@5.7
metrocity,Weekly,1,obstacles,520,armored_bulldozer,0,5730,286.5,295.5,9.0,-89.1,-83.8,78.4,81.1,AttackMove,BlockedByDefence,camp0,route,moved,0,,c_ram#438 parked,c_ram(fixed)@5.1 armored_bulldozer(moving)@7.7 titan_tank(moving)@7.5
metrocity,Weekly,1,obstacles,460,command_vehicle,1,5970,298.5,312.5,14.0,118.0,105.9,109.0,127.0,Idle,NoPath,fortress,,moved,0,,goal (109.0;127.0) in open ground; other region (9 cells); fortress,engineer_vehicle(moving)@4.0 fpv_carrier(moving)@6.2 elite_heavy_tank(moving)@7.9 thermobaric_launcher(moving)@3.3
metrocity,Weekly,1,obstacles,489,heavy_tank,1,6080,304.0,313.5,9.5,128.0,143.7,117.1,112.7,AttackMove,BlockedByFriend,fortress,,moved,0,,sapper#468 moving,smoke_carrier(moving)@5.3 sapper(moving)@4.6 armored_car(moving)@6.3
metrocity,Weekly,1,obstacles,456,sam_launcher,1,6220,311.0,321.5,10.5,92.8,118.0,118.3,138.0,AttackMove,BlockedByFriend,fortress,,moved,0,,twin_tank#474 moving,drone_hangar(fixed)@9.6 scout_jeep(moving)@7.6 engineer_vehicle(moving)@9.7 twin_tank(moving)@5.2 railgun_truck(parked)@7.9 elite_heavy_tank(moving)@7.4 thermobaric_launcher(parked)@6.4 armored_car(moving)@5.9
metrocity,Weekly,1,obstacles,467,engineer_vehicle,1,6280,314.0,324.0,10.0,115.7,114.2,97.0,139.0,Move,BlockedByFriend,fortress,,moved,0,,heavy_rocket_artillery#471 parked,radar_station(fixed)@7.5 flame_tank(parked)@10.0 heavy_rocket_artillery(parked)@4.5
metrocity,Weekly,1,obstacles,468,sapper,1,6330,316.5,353.0,36.5,127.7,144.0,110.4,125.7,Idle,NoPath,fortress,,moved,0,,goal (110.4;125.7) in open ground; other region (9 cells); fortress,smoke_carrier(parked)@4.3 heavy_tank(moving)@5.5 armored_car(moving)@5.2
metrocity,Weekly,1,obstacles,521,heavy_tank,0,6640,332.0,343.5,11.5,-89.2,-86.8,82.0,77.6,AttackMove,BlockedByDefence,camp0,,gave up,0,,c_ram#438 parked,c_ram(fixed)@5.9 armored_bulldozer(moving)@4.4 armored_bulldozer(moving)@5.5 armored_bulldozer(moving)@9.6
metrocity,Weekly,1,obstacles,520,armored_bulldozer,0,6710,335.5,344.0,8.5,-88.4,-92.0,82.0,77.6,AttackMove,Unknown,camp0,,moved,0,,speed 2.3 strikes 2,c_ram(fixed)@9.2 armored_bulldozer(moving)@8.2 heavy_tank(parked)@5.4
metrocity,Weekly,1,obstacles,503,railgun_truck,1,6750,337.5,350.0,12.5,86.0,122.0,92.6,30.9,AttackMove,YieldWait,fortress,,gave up,0,,behind mobile_fortress#499,drone_hangar(fixed)@7.8 mobile_fortress(parked)@9.5 base_wall@3 base_wall@8
metrocity,Weekly,1,obstacles,489,heavy_tank,1,6770,338.5,347.5,9.0,130.0,137.8,117.1,112.7,AttackMove,BlockedByFriend,fortress,,moved,0,,scout_jeep#453 moving,scout_jeep(moving)@4.1 smoke_carrier(parked)@5.2 sapper(parked)@6.3 armored_car(moving)@7.6 armored_car(moving)@4.8 base_wall@8
metrocity,Weekly,1,obstacles,528,rocket_technical,1,6910,345.5,355.5,10.0,98.0,103.4,91.0,121.0,Move,BlockedByFriend,fortress,,moved,0,,elite_heavy_tank#504 moving,repair_bay(fixed)@4.4 engineer_vehicle(moving)@7.3 elite_heavy_tank(moving)@5.1 rocket_technical(moving)@9.3
metrocity,Weekly,1,obstacles,468,sapper,1,7140,357.0,371.0,14.0,126.2,144.0,110.4,125.7,Idle,NoPath,fortress,,moved,0,,goal (110.4;125.7) in open ground; other region (9 cells); fortress,smoke_carrier(parked)@4.6
metrocity,Weekly,1,obstacles,507,thermobaric_launcher,1,7140,357.0,370.0,13.0,99.3,123.4,59.1,134.8,Move,OffRoute,fortress,,moved,0,,to (85.0;115.0) past drone_hangar(defence),drone_hangar(fixed)@8.8 gun_pit(fixed)@6.3 engineer_vehicle(moving)@6.9 engineer_vehicle(moving)@6.4 rocket_technical(moving)@4.4
metrocity,Weekly,1,obstacles,477,twin_tank,1,7240,362.0,372.0,10.0,80.0,118.8,117.1,112.7,AttackMove,OffRoute,fortress,,moved,0,,to (81.0;115.0) past base_wall,command_vehicle(moving)@6.4 railgun_truck(parked)@6.0 rocket_technical(moving)@4.9 base_wall@5
metrocity,Weekly,1,obstacles,504,elite_heavy_tank,1,7720,386.0,394.5,8.5,101.3,98.3,118.3,138.0,AttackMove,BlockedByFriend,fortress,,moved,0,,rocket_technical#531 moving,repair_bay(fixed)@7.9 ammo_depot(fixed)@6.0 wheeled_gun(moving)@7.0 rocket_technical(moving)@7.2 heavy_tank(moving)@7.3
metrocity,Weekly,1,obstacles,456,sam_launcher,1,7920,396.0,407.0,11.0,89.7,105.4,117.1,112.7,AttackMove,BlockedByFriend,fortress,route,moved,0,,mobile_fortress#499 parked,repair_bay(fixed)@5.8
metrocity,Weekly,1,obstacles,467,engineer_vehicle,1,8010,400.5,410.5,10.0,108.1,89.8,97.0,81.0,Move,YieldWait,fortress+gate,nopark,moved,0,,behind heavy_tank#535,ammo_depot(fixed)@5.8 engineer_vehicle(moving)@7.3 twin_tank(moving)@7.7 armored_car(moving)@4.3 heavy_tank(moving)@4.1 base_wall@8 fortress_gate@8
metrocity,Weekly,1,obstacles,477,twin_tank,1,8030,401.5,410.0,8.5,99.1,87.0,117.1,112.7,AttackMove,YieldWait,fortress+gate,narrow+nopark,moved,0,,behind heavy_tank#535,ammo_depot(fixed)@6.7 command_vehicle(moving)@8.5 engineer_vehicle(moving)@9.4 fpv_carrier(parked)@8.1 wheeled_gun(moving)@9.6 heavy_tank(moving)@6.2
metrocity,Weekly,1,obstacles,524,rocket_technical,1,8880,444.0,452.5,8.5,86.6,107.7,99.0,103.0,Move,YieldWait,fortress,route,moved,0,,behind mobile_fortress#499,repair_bay(fixed)@9.6 mobile_fortress(moving)@6.4
metrocity,Weekly,1,obstacles,519,armored_bulldozer,0,8920,446.0,454.5,8.5,60.6,48.2,73.9,49.3,AttackMove,BlockedByFriend,fortress,,moved,0,,armored_bulldozer#526 parked,heavy_tank(parked)@6.6 armored_bulldozer(parked)@5.2 titan_tank(parked)@9.9 armored_bulldozer(parked)@8.4
metrocity,Weekly,1,obstacles,535,heavy_tank,1,9050,452.5,484.5,32.0,116.3,144.3,110.4,125.7,Idle,NoPath,fortress,,gave up,0,,goal (110.4;125.7) in open ground; other region (9 cells); fortress,elite_heavy_tank(parked)@6.6
metrocity,Weekly,1,obstacles,529,aa_vehicle,0,9170,458.5,467.5,9.0,-79.6,-84.8,-92.8,-93.6,Move,BlockedByFriend,field,,moved,0,,aa_vehicle#530 moving,c_ram(fixed)@4.5 aa_vehicle(moving)@4.6
metrocity,Weekly,1,obstacles,507,thermobaric_launcher,1,9200,460.0,470.5,10.5,85.5,105.7,99.2,111.7,Move,BlockedByFriend,fortress,route,moved,0,,shahed_truck#540 moving,repair_bay(fixed)@9.4 mobile_fortress(parked)@7.4 shahed_truck(moving)@6.2
metrocity,Weekly,1,obstacles,516,wheeled_gun,1,9450,472.5,481.5,9.0,131.8,138.0,118.3,138.0,AttackMove,OffRoute,fortress,narrow,moved,0,,to (118.3;138.0) past base_wall,sapper(parked)@5.8 base_wall@8
metrocity,Weekly,1,obstacles,456,sam_launcher,1,9460,473.0,482.0,9.0,122.3,141.6,139.6,124.3,AttackMove,BlockedByFriend,fortress,,moved,0,,sapper#468 parked,sapper(parked)@4.2 elite_heavy_tank(parked)@7.3 wheeled_gun(moving)@9.2 heavy_tank(parked)@6.5
metrocity,Weekly,1,obstacles,538,heavy_rocket_artillery,1,9540,477.0,488.0,11.0,108.6,97.6,99.6,79.9,Move,BlockedByDefence,fortress,,moved,0,,ammo_depot#409 parked,ammo_depot(fixed)@7.6 rocket_technical(parked)@8.4
metrocity,Weekly,1,obstacles,535,heavy_tank,1,9690,484.5,493.5,9.0,117.3,145.7,110.4,125.7,Idle,NoPath,fortress,,gave up,0,,goal (110.4;125.7) in open ground; other region (9 cells); fortress,sam_launcher(moving)@5.6 sapper(parked)@10.0 elite_heavy_tank(moving)@7.7
metrocity,Weekly,1,obstacles,535,heavy_tank,1,9880,494.0,514.0,20.0,118.8,148.6,110.4,125.7,Idle,NoPath,fortress,,moved,0,,goal (110.4;125.7) in open ground; other region (9 cells); fortress,sam_launcher(parked)@8.9 twin_tank(parked)@4.1 elite_heavy_tank(parked)@9.8
metrocity,Weekly,1,obstacles,512,armored_car,1,10280,514.0,544.0,30.0,118.0,134.2,115.4,143.7,AttackMove,OffRoute,fortress,,gave up,0,,to (115.4;143.7) past base_wall,sam_launcher(parked)@9.9 sapper(parked)@9.3 elite_heavy_tank(moving)@5.8 base_wall@6
metrocity,Weekly,1,obstacles,535,heavy_tank,1,10280,514.0,580.0,66.0,119.6,149.4,110.4,125.7,Idle,NoPath,fortress,,moved,0,,goal (110.4;125.7) in open ground; other region (9 cells); fortress,sam_launcher(parked)@9.8 sapper(parked)@9.2 twin_tank(parked)@3.2 elite_heavy_tank(moving)@9.5
metrocity,Weekly,1,obstacles,467,engineer_vehicle,1,10490,524.5,538.0,13.5,104.9,115.2,109.0,127.0,Idle,NoPath,fortress,,moved,0,,goal (109.0;127.0) in open ground; other region (9 cells); fortress,radar_station(fixed)@7.7 command_vehicle(parked)@6.0 engineer_vehicle(parked)@5.0 elite_heavy_tank(moving)@6.9 shahed_truck(parked)@3.9 railgun_truck(parked)@9.5 main_battle_tank(moving)@5.0
metrocity,Weekly,1,obstacles,548,main_battle_tank,1,10500,525.0,540.5,15.5,110.0,116.0,103.2,122.7,AttackMove,BlockedByDefence,fortress,,moved,0,,radar_station#410 parked,radar_station(fixed)@4.1 command_vehicle(parked)@9.8 engineer_vehicle(parked)@6.8 engineer_vehicle(parked)@5.1 heavy_tank(parked)@8.6 elite_heavy_tank(moving)@5.6 heavy_rocket_artillery(parked)@7.6 shahed_truck(parked)@7.5
metrocity,Weekly,1,obstacles,505,elite_heavy_tank,1,10530,526.5,539.0,12.5,109.6,110.5,103.2,122.7,AttackMove,BlockedByFriend,fortress,,gave up,0,,main_battle_tank#548 moving,radar_station(fixed)@9.6 engineer_vehicle(parked)@6.6 heavy_tank(parked)@8.6 heavy_rocket_artillery(parked)@4.3 shahed_truck(parked)@5.6 main_battle_tank(moving)@5.5
metrocity,Weekly,1,obstacles,551,armored_bulldozer,0,10800,540.0,550.0,10.0,-90.3,-87.3,61.3,64.6,AttackMove,Unknown,camp0,route,moved,0,,speed 0.8 strikes 1,c_ram(fixed)@7.1 aa_vehicle(parked)@8.3
metrocity,Weekly,1,obstacles,460,command_vehicle,1,11030,551.5,569.0,17.5,102.4,115.5,109.0,129.0,Idle,NoPath,fortress,,moved,0,,goal (109.0;129.0) in open ground; other region (9 cells); fortress,radar_station(fixed)@9.7 engineer_vehicle(parked)@6.2 engineer_vehicle(parked)@8.4 fpv_carrier(parked)@4.5 elite_heavy_tank(moving)@7.5 thermobaric_launcher(parked)@9.6 shahed_truck(parked)@6.5 railgun_truck(parked)@8.0 main_battle_tank(moving)@4.2
metrocity,Weekly,1,obstacles,553,titan_tank,0,11460,573.0,581.5,8.5,-85.2,-90.0,70.6,86.2,AttackMove,BlockedByFriend,camp0,,moved,0,,aa_vehicle#549 moving,c_ram(fixed)@6.1 aa_vehicle(moving)@4.0
metrocity,Weekly,1,obstacles,542,siege_tank,0,11500,575.0,584.0,9.0,-0.4,9.7,-9.1,2.8,Move,Unknown,field,route,moved,0,,speed 2.0 strikes 3,tank_trap@9 tank_trap@5
metrocity,Weekly,1,obstacles,546,wheeled_gun,1,11660,583.0,592.5,9.5,119.1,146.9,136.3,142.7,AttackMove,YieldWait,fortress,,moved,0,,behind sam_launcher#456,sam_launcher(moving)@5.8 sapper(moving)@5.4
metrocity,Weekly,1,obstacles,467,engineer_vehicle,1,11670,583.5,592.0,8.5,101.9,122.3,122.5,115.5,Move,BlockedByFriend,fortress,,moved,0,,heavy_rocket_artillery#538 moving,gun_pit(fixed)@6.3 radar_station(fixed)@9.3 command_vehicle(moving)@7.5 thermobaric_launcher(moving)@8.8 heavy_rocket_artillery(moving)@5.5
metrocity,Weekly,2,light,424,railgun_truck,1,1540,77.0,86.0,9.0,86.0,105.6,83.3,59.7,AttackMove,BlockedByFriend,fortress,,moved,0,,scout_jeep#411 moving,scout_jeep(moving)@3.2 scout_jeep(moving)@3.4 scout_jeep(parked)@6.6 base_wall@10 base_wall@3 container@10
metrocity,Weekly,2,light,431,heavy_tank,1,2290,114.5,124.5,10.0,92.0,111.6,125.0,115.0,AttackMove,YieldWait,fortress,road,moved,0,,behind mobile_fortress#445,smoke_carrier(moving)@7.6 ew_jammer(moving)@6.2 command_vehicle(moving)@7.1
metrocity,Weekly,2,light,450,counter_battery_radar,1,2760,138.0,148.5,10.5,98.2,129.3,77.6,114.6,Move,BlockedByFriend,fortress,,moved,0,,heavy_rocket_artillery#452 moving,heavy_rocket_artillery(moving)@4.5 base_wall@5 base_wall@7
metrocity,Weekly,2,light,467,wheeled_gun,1,3400,170.0,179.5,9.5,109.8,111.4,102.8,98.4,Move,YieldWait,fortress,,moved,0,,behind mobile_fortress#445,counter_battery_radar(moving)@7.4
metrocity,Weekly,2,light,467,wheeled_gun,1,3810,190.5,204.5,14.0,108.4,89.0,103.0,139.0,Move,BlockedByFriend,fortress,,moved,0,,heavy_tank#431 moving,heavy_tank(moving)@3.1 base_wall@7 fortress_gate@7
metrocity,Weekly,2,light,445,mobile_fortress,1,3850,192.5,201.0,8.5,98.6,92.1,125.0,115.0,AttackMove,BlockedByFriend,fortress,route,moved,0,,wheeled_gun#467 moving,ew_jammer(moving)@9.5 wheeled_gun(moving)@8.6
metrocity,Weekly,2,light,455,counter_battery_radar,1,3900,195.0,204.0,9.0,98.6,103.3,97.2,91.4,Move,BlockedByFriend,fortress,,moved,0,,thermobaric_launcher#439 moving,command_vehicle(moving)@9.0 thermobaric_launcher(moving)@4.7 counter_battery_radar(moving)@7.6 heavy_rocket_artillery(moving)@7.7 rocket_technical(moving)@3.0
metrocity,Weekly,2,light,431,heavy_tank,1,3940,197.0,209.5,12.5,107.6,86.2,89.4,66.6,AttackMove,YieldWait,fortress,,moved,0,,behind mobile_fortress#445,ew_jammer(moving)@9.5 mobile_fortress(moving)@9.7 wheeled_gun(moving)@7.1 base_wall@5 fortress_gate@6
metrocity,Weekly,2,light,450,counter_battery_radar,1,3940,197.0,211.5,14.5,92.0,101.2,99.9,93.5,Move,BlockedByFriend,fortress,,moved,0,,command_vehicle#425 moving,command_vehicle(moving)@4.5 thermobaric_launcher(moving)@2.9 heavy_rocket_artillery(moving)@7.4 counter_battery_radar(moving)@8.2 counter_battery_radar(moving)@6.8 rocket_technical(moving)@5.6
metrocity,Weekly,2,light,425,command_vehicle,1,4050,202.5,212.5,10.0,93.3,97.0,97.3,91.3,Move,YieldWait,fortress,,gave up,0,,behind counter_battery_radar#450,ew_jammer(moving)@8.3 thermobaric_launcher(moving)@2.9 counter_battery_radar(moving)@5.7 counter_battery_radar(moving)@4.5 counter_battery_radar(moving)@9.0 rocket_technical(moving)@5.1 mine_layer(moving)@8.5
metrocity,Weekly,2,light,454,counter_battery_radar,1,4100,205.0,216.5,11.5,90.2,93.5,101.4,94.0,Move,YieldWait,fortress,route,moved,0,,behind mobile_fortress#445,command_vehicle(parked)@3.5 thermobaric_launcher(moving)@6.6 fpv_carrier(parked)@5.9 counter_battery_radar(moving)@7.4 rocket_technical(moving)@9.7
metrocity,Weekly,2,light,464,rocket_technical,1,5800,290.0,299.5,9.5,115.5,108.1,109.3,103.6,Move,YieldWait,fortress,,gave up,0,,behind mobile_fortress#445,
metrocity,Weekly,2,light,499,elite_heavy_tank,1,6610,330.5,342.0,11.5,108.8,112.4,139.1,116.4,AttackMove,BlockedByFriend,fortress,,moved,0,,command_vehicle#425 parked,command_vehicle(parked)@6.5 heavy_rocket_artillery(moving)@7.3 sapper(moving)@8.9
metrocity,Weekly,2,light,464,rocket_technical,1,6890,344.5,354.5,10.0,89.3,129.6,99.0,129.0,Move,YieldWait,fortress,,gave up,0,,behind heavy_rocket_artillery#452,heavy_rocket_artillery(moving)@7.1 rocket_technical(parked)@9.1 base_wall@10 base_wall@6 base_wall@5 base_wall@8
metrocity,Weekly,2,light,486,engineer_vehicle,1,7040,352.0,362.0,10.0,99.6,125.4,111.0,125.0,Move,BlockedByFriend,fortress,,moved,0,,rocket_technical#503 moving,command_vehicle(moving)@5.8 fpv_carrier(moving)@5.3 heavy_rocket_artillery(moving)@5.9 rocket_technical(moving)@5.1 rocket_technical(moving)@3.6 rocket_technical(parked)@5.2 base_wall@9 base_wall@10
metrocity,Weekly,2,light,425,command_vehicle,1,7390,369.5,381.5,12.0,114.0,133.3,123.3,138.1,Move,YieldWait,fortress,,moved,0,,behind engineer_vehicle#486,smoke_carrier(moving)@3.3 heavy_tank(moving)@8.2 fpv_carrier(moving)@6.9 wheeled_gun(moving)@6.2 engineer_vehicle(moving)@5.4 engineer_vehicle(moving)@4.5 counter_battery_radar(moving)@9.6
metrocity,Weekly,2,light,452,heavy_rocket_artillery,1,7400,370.0,379.5,9.5,109.8,121.7,102.8,129.9,Move,BlockedByFriend,fortress,,gave up,0,,fpv_carrier#442 moving,thermobaric_launcher(moving)@4.1 fpv_carrier(moving)@6.2 engineer_vehicle(moving)@7.8 armored_car(moving)@7.7
metrocity,Weekly,2,light,439,thermobaric_launcher,1,7450,372.5,381.0,8.5,113.8,124.1,99.0,139.0,Move,YieldWait,fortress,,moved,0,,behind engineer_vehicle#482,heavy_rocket_artillery(moving)@9.4 wheeled_gun(moving)@8.0 engineer_vehicle(moving)@8.0 armored_car(moving)@7.2
metrocity,Weekly,2,light,410,smoke_carrier,1,7460,373.0,383.5,10.5,118.2,134.0,92.0,126.6,AttackMove,OffRoute,fortress,,moved,0,,to (111.0;129.0) past command_hq,command_vehicle(moving)@3.3 heavy_tank(moving)@9.7 wheeled_gun(moving)@6.3 mine_layer(moving)@6.9 engineer_vehicle(moving)@8.4 engineer_vehicle(moving)@3.1 counter_battery_radar(moving)@9.0
metrocity,Weekly,2,light,431,heavy_tank,1,7690,384.5,393.5,9.0,127.3,136.0,125.0,115.0,AttackMove,BlockedByFriend,fortress,,moved,0,,elite_heavy_tank#497 moving,heavy_rocket_artillery(moving)@8.7 elite_heavy_tank(moving)@8.6 counter_battery_radar(moving)@5.4 sapper(moving)@6.4
redrock,Defend,1,full,695,titan_tank,0,1340,67.0,80.5,13.5,8.8,46.0,-7.0,47.0,AttackMove,YieldWait,fortress+gate,narrow+nopark,moved,0,,behind titan_tank#693,titan_tank(parked)@7.3 boulders@10 wreck_truck@6
redrock,Defend,1,full,699,aa_vehicle,0,2030,101.5,110.5,9.0,61.8,-3.7,28.1,-10.3,Idle,BlockedByFriend,fortress,,gave up,0,,aa_vehicle#697 parked,titan_tank(moving)@7.8 aa_vehicle(parked)@3.6 radar_station@6
redrock,Defend,1,full,710,aa_vehicle,0,2130,106.5,117.0,10.5,98.4,87.8,61.7,4.6,AttackMove,YieldWait,fortress,,moved,0,,waiting on a yield,heavy_turret(fixed)@8.1 aa_vehicle(moving)@9.6 heavy_tank(moving)@3.6 ifv(moving)@6.9 base_wall@5 base_wall@7
redrock,Defend,1,full,722,ifv,0,2800,140.0,149.0,9.0,66.0,-3.9,60.9,-16.1,AttackMove,BlockedByFriend,fortress,,moved,0,,aa_vehicle#699 parked,aa_vehicle(parked)@8.4 aa_vehicle(parked)@4.9 cliff_b@9
redrock,Defend,1,full,723,titan_tank,0,3110,155.5,166.0,10.5,96.7,102.3,106.1,86.1,Move,StalePath,fortress,,moved,0,,leg 3/3 to (106.1;86.1) crosses base_wall (corner),aa_vehicle(moving)@8.2 aa_vehicle(moving)@8.5 heavy_tank(moving)@6.0 heavy_tank(moving)@6.0 ifv(moving)@4.2 aa_vehicle(moving)@6.9 siege_tank(moving)@4.7 aa_vehicle(moving)@9.2
redrock,Defend,1,full,724,heavy_tank,0,3150,157.5,166.0,8.5,93.8,97.9,105.3,91.0,Move,YieldWait,fortress,,moved,0,,behind titan_tank#723,heavy_turret(fixed)@7.4 titan_tank(moving)@6.6 ifv(moving)@5.9 main_battle_tank(moving)@6.4 aa_vehicle(moving)@4.3 siege_tank(moving)@6.3
redrock,Defend,1,full,730,siege_tank,0,3180,159.0,169.5,10.5,86.0,116.6,49.6,17.6,Move,Unknown,fortress+gate,nopark,moved,0,,speed 0.0 strikes 0,base_wall@6
redrock,Defend,1,full,725,ifv,0,3270,163.5,173.0,9.5,93.5,100.5,115.4,89.0,Move,BlockedByFriend,fortress,,moved,0,,heavy_tank#724 moving,heavy_turret(fixed)@9.8 titan_tank(moving)@7.0 heavy_tank(moving)@3.9 aa_vehicle(moving)@4.5 siege_tank(moving)@6.6
redrock,Defend,1,full,746,siege_tank,0,3370,168.5,185.0,16.5,104.1,101.8,118.6,-6.6,Move,BlockedByFriend,fortress,,moved,0,,titan_tank#723 moving,ifv(moving)@6.8 aa_vehicle(moving)@9.2 heavy_tank(moving)@3.7 titan_tank(moving)@6.0 ifv(moving)@9.3 aa_vehicle(moving)@4.3 siege_tank(moving)@6.6 aa_vehicle(moving)@6.4 aa_vehicle(moving)@7.6 ifv(moving)@5.6
redrock,Defend,1,full,745,siege_tank,0,4010,200.5,210.0,9.5,88.3,104.7,129.2,15.6,Move,BlockedByFriend,fortress,,moved,0,,main_battle_tank#733 moving,aa_vehicle(moving)@6.9 heavy_tank(moving)@6.7 main_battle_tank(moving)@5.7 aa_vehicle(moving)@5.9 base_wall@5
redrock,Defend,1,full,708,aa_vehicle,0,4060,203.0,217.5,14.5,62.6,73.2,51.0,57.0,AttackMove,BlockedByFriend,fortress,road,moved,0,,titan_tank#695 moving,ew_tower(fixed)@8.9 titan_tank(moving)@4.1 titan_tank(moving)@3.6 aa_vehicle(moving)@7.4 aa_vehicle(moving)@6.7 ifv(moving)@9.2
redrock,Defend,1,full,695,titan_tank,0,4220,211.0,222.5,11.5,64.0,70.0,51.0,57.0,AttackMove,BlockedByFriend,fortress,road,gave up,0,,aa_vehicle#732 moving,ifv(moving)@8.7 aa_vehicle(moving)@6.2 ifv(moving)@4.8 aa_vehicle(moving)@4.3 aa_vehicle(moving)@6.8 aa_vehicle(moving)@6.1 ifv(moving)@4.1 ifv(parked)@9.1
redrock,Defend,1,full,772,aa_vehicle,0,5800,290.0,299.5,9.5,91.6,100.5,51.8,105.3,AttackMove,BlockedByFriend,fortress,,moved,0,,titan_tank#695 moving,heavy_turret(fixed)@9.5 titan_tank(moving)@4.5 heavy_tank(moving)@3.6 base_wall@9 base_wall@9
redrock,Defend,1,full,705,siege_tank,0,6100,305.0,315.5,10.5,61.7,43.7,21.5,82.7,Move,BlockedByDefence,fortress+gate,narrow+nopark,moved,0,,guard_tower#788 parked,guard_tower(fixed)@5.1
redrock,Defend,1,full,771,engineer_vehicle,1,6200,310.0,323.0,13.0,-20.7,-8.0,-35.9,-40.6,Move,BlockedByFriend,field,,gave up,0,,shahed_truck#700 parked,shahed_truck(parked)@4.4 barricade@6
redrock,Defend,1,full,769,main_battle_tank,0,6480,324.0,334.5,10.5,28.1,104.0,51.4,98.6,AttackMove,YieldWait,fortress+gate,nopark,moved,0,,behind titan_tank#723,titan_tank(moving)@4.5
redrock,Defend,1,full,770,heavy_tank,0,6580,329.0,344.5,15.5,59.1,104.3,44.8,100.7,AttackMove,YieldWait,fortress+gate,narrow+nopark,moved,0,,behind titan_tank#695,gun_pit(fixed)@4.3 titan_tank(parked)@6.3 garage@9
redrock,Defend,1,full,793,aa_vehicle,0,6700,335.0,359.5,24.5,54.2,120.0,51.4,98.6,AttackMove,YieldWait,fortress+gate,narrow+nopark,moved,0,,behind ifv#796,artillery_emplacement(fixed)@8.0 heavy_tank(parked)@9.9 aa_vehicle(moving)@4.0 aa_vehicle(moving)@7.4 ifv(moving)@4.7 shield_generator@8 garage@10
redrock,Defend,1,full,796,ifv,0,6700,335.0,356.0,21.0,58.9,120.0,32.5,116.9,AttackMove,YieldWait,fortress+gate,narrow+nopark,gave up,0,,behind aa_vehicle#793,artillery_emplacement(fixed)@9.4 heavy_tank(parked)@8.1 aa_vehicle(moving)@8.4 aa_vehicle(moving)@4.2 aa_vehicle(moving)@4.7 garage@7
redrock,Defend,1,full,790,aa_vehicle,0,6750,337.5,350.0,12.5,50.8,118.0,51.4,98.6,AttackMove,OffRoute,fortress+gate,nopark,moved,0,,to (69.0;121.0) past shield_generator,aa_vehicle(moving)@3.6 ifv(moving)@7.9 shield_generator@6 floodlight_mast@8
redrock,Defend,1,full,791,aa_vehicle,0,6870,343.5,361.0,17.5,60.0,124.1,30.8,117.3,AttackMove,BlockedByFriend,fortress+gate,nopark,moved,0,,ifv#796 moving,artillery_emplacement(fixed)@7.2 heavy_tank(parked)@3.9 aa_vehicle(moving)@7.0 ifv(moving)@4.3
redrock,Defend,1,full,770,heavy_tank,0,6890,344.5,356.0,11.5,57.4,104.0,44.8,100.7,AttackMove,BlockedByFriend,fortress+gate,narrow+nopark,gave up,0,,titan_tank#695 parked,gun_pit(fixed)@4.8 titan_tank(parked)@6.4 ifv(moving)@8.2 aa_vehicle(moving)@6.6 shield_generator@10 garage@10
redrock,Defend,1,full,710,aa_vehicle,0,7240,362.0,373.0,11.0,47.7,104.7,32.5,116.9,AttackMove,BlockedByFriend,fortress+gate,nopark,moved,0,,aa_vehicle#789 moving,titan_tank(moving)@5.4 heavy_tank(parked)@4.3 ifv(moving)@8.9 aa_vehicle(moving)@4.7 base_wall@8 shield_generator@8
redrock,Defend,1,full,724,heavy_tank,0,7240,362.0,372.0,10.0,63.6,120.0,32.5,116.9,AttackMove,BlockedByFriend,fortress+gate,nopark,gave up,0,,aa_vehicle#811 moving,aa_vehicle(moving)@3.7 aa_vehicle(moving)@9.8 main_battle_tank(moving)@6.2 aa_vehicle(moving)@5.7 aa_vehicle(moving)@5.0 ifv(moving)@7.4 garage@7
redrock,Defend,1,full,793,aa_vehicle,0,7240,362.0,395.0,33.0,54.0,118.0,51.4,98.6,AttackMove,OffRoute,fortress+gate,nopark,moved,0,,to (69.0;121.0) past shield_generator,artillery_emplacement(fixed)@10.0 heavy_tank(moving)@9.8 ifv(moving)@4.0 aa_vehicle(moving)@5.8 aa_vehicle(moving)@9.7 shield_generator@6 garage@9
redrock,Defend,1,full,796,ifv,0,7250,362.5,375.0,12.5,53.3,122.0,61.0,127.0,AttackMove,BlockedByFriend,fortress+gate,narrow+nopark,moved,0,,aa_vehicle#810 moving,artillery_emplacement(fixed)@6.0 aa_vehicle(moving)@4.0 aa_vehicle(moving)@4.8 aa_vehicle(moving)@7.5
redrock,Defend,1,full,810,aa_vehicle,0,7270,363.5,396.0,32.5,58.0,122.0,32.5,116.9,AttackMove,YieldWait,fortress+gate,narrow+nopark,moved,0,,behind ifv#796,artillery_emplacement(fixed)@7.2 heavy_tank(moving)@5.0 aa_vehicle(moving)@7.2 aa_vehicle(moving)@5.7 ifv(moving)@4.8 aa_vehicle(moving)@3.7 garage@9
redrock,Defend,1,full,811,aa_vehicle,0,7400,370.0,383.5,13.5,61.2,125.0,32.5,116.9,AttackMove,BlockedByFriend,fortress+gate,nopark,moved,0,,heavy_tank#724 moving,artillery_emplacement(fixed)@7.8 heavy_tank(moving)@3.3 aa_vehicle(moving)@6.4 aa_vehicle(moving)@9.8 main_battle_tank(moving)@3.3 aa_vehicle(moving)@5.7 ifv(moving)@8.1 ammo_dump@9
redrock,Defend,1,full,798,main_battle_tank,0,7450,372.5,383.0,10.5,62.6,128.0,32.5,116.9,AttackMove,OffRoute,fortress,,moved,0,,to (47.0;121.0) past artillery_emplacement(defence),artillery_emplacement(fixed)@8.6 heavy_tank(moving)@6.5 aa_vehicle(moving)@9.4 aa_vehicle(moving)@8.6 aa_vehicle(moving)@3.3 ifv(moving)@5.9 ammo_dump@6
redrock,Defend,1,full,710,aa_vehicle,0,7460,373.0,389.0,16.0,46.0,109.3,32.5,116.9,AttackMove,OffRoute,fortress+gate,narrow+nopark,moved,0,,to (47.0;103.0) past shield_generator,titan_tank(parked)@9.0 heavy_tank(parked)@4.3 ifv(parked)@8.7 ifv(moving)@9.6 base_wall@8 base_wall@7 shield_generator@7
redrock,Defend,1,full,771,engineer_vehicle,1,7490,374.5,383.5,9.0,-20.0,-9.9,-32.3,-31.4,Move,BlockedByObstacle,field,,moved,0,,barricade,rocket_technical(moving)@4.3 barricade@6
redrock,Defend,1,full,796,ifv,0,7500,375.0,385.0,10.0,51.6,122.0,61.0,127.0,AttackMove,YieldWait,fortress+gate,narrow+nopark,moved,0,,behind aa_vehicle#810,artillery_emplacement(fixed)@6.5 aa_vehicle(moving)@4.1 aa_vehicle(moving)@4.8 floodlight_mast@9
redrock,Defend,1,full,811,aa_vehicle,0,7670,383.5,395.0,11.5,61.9,120.0,32.5,116.9,AttackMove,YieldWait,fortress+gate,nopark,moved,0,,behind aa_vehicle#810,heavy_tank(moving)@7.8 aa_vehicle(moving)@8.9 aa_vehicle(moving)@8.3 main_battle_tank(moving)@3.7 aa_vehicle(moving)@5.7 garage@7
redrock,Defend,1,full,796,ifv,0,7700,385.0,395.0,10.0,51.0,122.0,118.2,50.8,AttackMove,StalePath,fortress+gate,narrow+nopark,moved,0,,leg 8/8 to (118.2;50.8) crosses shield_generator (corner),artillery_emplacement(fixed)@6.7 aa_vehicle(moving)@3.7 main_battle_tank(moving)@9.4 aa_vehicle(moving)@5.9 floodlight_mast@8
redrock,Defend,1,full,815,ifv,0,7750,387.5,399.5,12.0,56.7,95.5,61.0,127.0,AttackMove,BlockedByFriend,fortress,,moved,0,,siege_tank#746 moving,gun_pit(fixed)@5.5 titan_tank(moving)@9.0 aa_vehicle(moving)@7.7 siege_tank(moving)@4.5 heavy_tank(moving)@6.0 ifv(moving)@9.6 ifv(moving)@9.8 artillery(moving)@5.1
redrock,Defend,1,full,695,titan_tank,0,8210,410.5,421.5,11.0,34.0,91.9,107.0,53.0,AttackMove,BlockedByFriend,fortress+gate,narrow+nopark,gave up,0,,siege_tank#701 moving,siege_tank(moving)@7.6 siege_tank(moving)@9.4 siege_tank(moving)@6.2 aa_vehicle(moving)@5.1 ifv(moving)@4.1 aa_vehicle(moving)@9.2 base_wall@7
redrock,Defend,1,full,701,siege_tank,0,8210,410.5,423.0,12.5,40.9,88.7,35.0,121.0,Move,YieldWait,fortress,,moved,0,,behind titan_tank#695,titan_tank(moving)@7.6 siege_tank(moving)@7.8 siege_tank(moving)@5.7 ifv(moving)@8.5 base_wall@7
redrock,Defend,1,full,746,siege_tank,0,8240,412.0,421.0,9.0,45.6,92.8,35.0,115.0,Move,OffRoute,fortress,,moved,0,,to (43.0;89.0) past base_wall,siege_tank(moving)@5.8 titan_tank(moving)@6.0 base_wall@6
redrock,Defend,1,full,745,siege_tank,0,8290,414.5,426.0,11.5,29.6,86.2,35.0,121.0,Move,OffRoute,fortress+gate,narrow+nopark,moved,0,,to (35.0;121.0) past cliff_a,titan_tank(moving)@6.5 siege_tank(moving)@9.9 boulders@9
redrock,Defend,1,full,793,aa_vehicle,0,8300,415.0,426.5,11.5,33.8,96.9,112.9,47.9,AttackMove,StalePath,fortress+gate,narrow+nopark,moved,0,,leg 10/10 to (112.9;47.9) crosses shield_generator (corner),titan_tank(moving)@7.0 ifv(moving)@3.7 ifv(moving)@4.8 base_wall@6 base_wall@9
redrock,Defend,1,full,695,titan_tank,0,8430,421.5,430.0,8.5,35.8,89.9,66.6,111.3,AttackMove,BlockedByFriend,fortress+gate,nopark,moved,0,,siege_tank#701 moving,siege_tank(moving)@7.6 aa_vehicle(moving)@4.2 base_wall@7
redrock,Defend,1,full,695,titan_tank,0,8950,447.5,457.5,10.0,48.7,84.0,66.6,111.3,AttackMove,BlockedByFriend,fortress,,moved,0,,aa_vehicle#811 parked,siege_tank(moving)@7.8 aa_vehicle(parked)@5.5 artillery(moving)@7.2 atgm_tower(fixed)@5.7
redrock,Defend,1,full,770,heavy_tank,0,9250,462.5,471.5,9.0,58.6,116.2,37.0,83.2,AttackMove,BlockedByFriend,fortress+gate,nopark,moved,0,,aa_vehicle#820 moving,aa_vehicle(moving)@7.1 shield_generator@8
redrock,Defend,1,full,810,aa_vehicle,0,9500,475.0,483.5,8.5,72.9,79.9,64.3,104.1,AttackMove,StalePath,fortress,road,moved,0,,leg 2/2 to (64.3;104.1) crosses gun_pit(defence) (corner),heavy_tank(moving)@7.2 main_battle_tank(moving)@8.5 titan_tank(moving)@3.5 ifv(moving)@9.4
redrock,Defend,1,full,843,ifv,0,9500,475.0,486.5,11.5,78.0,87.8,107.0,53.0,AttackMove,BlockedByFriend,fortress,,moved,0,,heavy_tank#724 moving,heavy_tank(moving)@6.1 main_battle_tank(moving)@3.3 aa_vehicle(moving)@9.4 titan_tank(moving)@6.2 aa_vehicle(moving)@7.6 base_wall@5 base_wall@10 floodlight_mast@7 container@3
redrock,Defend,1,full,724,heavy_tank,0,9550,477.5,489.5,12.0,80.0,82.0,65.0,118.7,AttackMove,OffRoute,fortress,,gave up,0,,to (77.0;83.0) past base_wall,main_battle_tank(moving)@6.7 titan_tank(moving)@7.7 ifv(moving)@5.6 aa_vehicle(moving)@9.5 base_wall@8 base_wall@7 floodlight_mast@4 container@6
redrock,Defend,1,full,770,heavy_tank,0,9620,481.0,490.0,9.0,44.9,99.7,37.0,83.2,AttackMove,YieldWait,fortress,,moved,0,,behind siege_tank#746,siege_tank(moving)@5.1 aa_vehicle(moving)@7.9 base_wall@7
redrock,Defend,1,full,840,titan_tank,0,10570,528.5,538.0,9.5,83.9,80.0,64.3,104.1,AttackMove,OffRoute,fortress,,moved,0,,to (79.0;81.0) past ?,aa_vehicle(moving)@4.5 ifv(moving)@5.6 aa_vehicle(moving)@5.7
redrock,Defend,2,obstacles,698,main_battle_tank,0,270,13.5,24.0,10.5,98.8,100.6,76.5,95.9,AttackMove,BlockedByDefence,fortress,,moved,0,,repair_bay#669 parked,repair_bay(fixed)@4.9 ammo_depot(fixed)@9.1 main_battle_tank(moving)@9.8 scout_jeep(moving)@5.1
redrock,Defend,2,obstacles,700,main_battle_tank,0,720,36.0,46.0,10.0,60.0,123.1,-7.0,47.0,AttackMove,OffRoute,fortress+gate,route+nopark,moved,0,,to (47.0;121.0) past drone_hangar(defence),drone_hangar(fixed)@7.8 main_battle_tank(moving)@4.7 armored_car(moving)@5.5
redrock,Defend,2,obstacles,710,armored_car,0,770,38.5,47.5,9.0,73.4,119.6,5.0,35.0,Move,YieldWait,fortress+gate,route+nopark,moved,0,,behind main_battle_tank#698,gun_pit(fixed)@6.0 main_battle_tank(moving)@6.9 siege_tank(moving)@4.4 scout_jeep(moving)@4.7
redrock,Defend,2,obstacles,701,main_battle_tank,0,900,45.0,55.0,10.0,63.0,126.5,-7.0,47.0,AttackMove,Unknown,fortress,,moved,0,,speed 0.9 strikes 0,drone_hangar(fixed)@9.1 ammo_dump@7
redrock,Defend,2,obstacles,700,main_battle_tank,0,1380,69.0,77.5,8.5,-7.7,65.4,-7.0,47.0,AttackMove,Unknown,fortress,,moved,0,,speed 1.6 strikes 0,main_battle_tank(moving)@7.2
redrock,Defend,2,obstacles,705,siege_tank,0,1510,75.5,84.5,9.0,56.0,135.9,-7.4,74.2,Move,StalePath,fortress+gate,nopark,moved,0,,leg 2/8 to (47.0;135.0) crosses container (corner),drone_hangar(fixed)@8.1
redrock,Defend,2,obstacles,732,siege_tank,0,1950,97.5,109.0,11.5,99.2,98.3,3.0,67.0,Move,YieldWait,fortress,,moved,0,,waiting on a yield,repair_bay(fixed)@6.1 ammo_depot(fixed)@6.9 siege_tank(moving)@8.6 light_tank(moving)@3.8
redrock,Defend,2,obstacles,733,siege_tank,0,2340,117.0,134.0,17.0,100.6,98.6,119.0,57.0,Move,StalePath,fortress,,moved,0,,leg 2/9 to (99.0;107.0) crosses heavy_turret(defence),repair_bay(fixed)@7.2 ammo_depot(fixed)@6.6 main_battle_tank(moving)@5.6 aa_vehicle(moving)@8.5
redrock,Defend,2,obstacles,705,siege_tank,0,3260,163.0,175.0,11.5,68.0,-2.8,75.5,18.6,Move,BlockedByFriend,fortress,,died,0,,ifv#736 parked,ifv(parked)@5.4 cliff_b@8
redrock,Defend,2,obstacles,744,vbied,1,3270,163.5,172.5,9.0,-11.2,-62.2,53.0,63.0,AttackMove,NoPath,field,,moved,0,,goal (51.0;57.0) in open ground; reachable; fortress,
redrock,Defend,2,obstacles,765,aa_vehicle,0,4250,212.5,224.0,11.5,78.0,58.5,107.0,53.0,AttackMove,BlockedByFriend,fortress,,moved,0,,main_battle_tank#760 moving,c_ram(fixed)@5.4 siege_tank(moving)@7.0 main_battle_tank(moving)@5.6 main_battle_tank(moving)@3.5
redrock,Defend,2,obstacles,759,main_battle_tank,0,4440,222.0,235.0,13.0,103.2,60.0,107.0,53.0,AttackMove,BlockedByFriend,fortress,,gave up,0,,aa_vehicle#768 parked,aa_vehicle(moving)@7.5 armored_car(parked)@7.5 aa_vehicle(parked)@6.5 aa_vehicle(parked)@4.9 armored_car(moving)@7.9 container_stack@8
redrock,Defend,2,obstacles,795,light_tank,0,4680,234.0,242.5,8.5,100.5,102.0,118.0,50.9,AttackMove,StalePath,fortress,,moved,0,,leg 10/10 to (118.0;50.9) crosses shield_generator (corner),repair_bay(fixed)@6.5 ammo_depot(fixed)@9.9 ifv(moving)@3.9
redrock,Defend,2,obstacles,764,scout_jeep,0,5190,259.5,270.5,11.0,94.3,80.0,71.0,125.0,Move,OffRoute,fortress,,moved,0,,to (77.0;81.0) past base_wall,armored_car(moving)@4.1 siege_tank(moving)@3.7 base_wall@7 base_wall@4
redrock,Defend,2,obstacles,786,aa_vehicle,0,5930,296.5,312.5,16.0,54.4,118.0,62.5,117.4,AttackMove,YieldWait,fortress+gate,narrow+nopark,moved,0,,behind armored_car#785,aa_vehicle(moving)@8.0 armored_car(moving)@8.7 armored_car(moving)@3.2 scout_jeep(parked)@6.1 scout_jeep(moving)@4.0 aa_vehicle(parked)@8.8 aa_vehicle(moving)@6.3 aa_vehicle(moving)@6.4 shield_generator@6
redrock,Defend,2,obstacles,712,siege_tank,0,5950,297.5,306.5,9.0,110.5,35.5,81.0,79.0,Move,BlockedByFriend,fortress,,moved,0,,mlrs#776 parked,mlrs(parked)@7.1 base_wall@8 base_wall@5
redrock,Defend,2,obstacles,791,scout_jeep,0,5980,299.0,309.0,10.0,48.9,118.3,71.0,125.0,Move,YieldWait,fortress+gate,nopark,moved,0,,behind aa_vehicle#786,armored_car(moving)@7.8 aa_vehicle(moving)@4.2 aa_vehicle(moving)@9.8 base_wall@9 shield_generator@7 floodlight_mast@6
redrock,Defend,2,obstacles,746,aa_vehicle,0,6040,302.0,311.5,9.5,60.0,127.0,34.4,110.2,AttackMove,OffRoute,fortress,,moved,0,,to (47.0;121.0) past drone_hangar(defence),drone_hangar(fixed)@6.1 main_battle_tank(moving)@9.9 main_battle_tank(moving)@7.5 armored_car(moving)@8.9 armored_car(moving)@3.6 scout_jeep(moving)@9.3 aa_vehicle(moving)@6.6 ammo_dump@9
redrock,Defend,2,obstacles,760,main_battle_tank,0,6060,303.0,312.0,9.0,67.7,119.3,75.4,116.0,AttackMove,BlockedByFriend,fortress,,moved,0,,ifv#793 moving,main_battle_tank(moving)@6.8 main_battle_tank(moving)@4.3 armored_car(moving)@8.8 armored_car(moving)@5.1 ifv(moving)@4.5 light_tank(moving)@8.2 aa_vehicle(parked)@9.3 aa_vehicle(moving)@9.0
redrock,Defend,2,obstacles,817,aa_vehicle,0,6110,305.5,319.0,13.5,59.0,121.6,34.2,116.4,AttackMove,YieldWait,fortress+gate,nopark,moved,0,,behind scout_jeep#791,drone_hangar(fixed)@8.1 aa_vehicle(moving)@4.9 main_battle_tank(moving)@3.9 main_battle_tank(moving)@3.8 armored_car(moving)@5.1 aa_vehicle(moving)@8.3 scout_jeep(moving)@8.5 armored_car(moving)@5.7 armored_car(moving)@8.2 scout_jeep(moving)@3.8 ifv(moving)@7.6 aa_vehicle(moving)@8.3
redrock,Defend,2,obstacles,816,aa_vehicle,0,6120,306.0,315.0,9.0,58.0,113.4,44.5,95.3,AttackMove,BlockedByFriend,fortress,,moved,0,,armored_car#756 moving,armored_car(moving)@3.3 main_battle_tank(moving)@4.0 main_battle_tank(moving)@8.5 armored_car(moving)@5.8 aa_vehicle(moving)@9.8 scout_jeep(moving)@3.3 scout_jeep(moving)@9.0 ifv(moving)@7.4 light_tank(moving)@7.1 light_tank(moving)@6.8 aa_vehicle(moving)@8.3 aa_vehicle(moving)@8.4 shield_generator@6
redrock,Defend,2,obstacles,785,armored_car,0,6130,306.5,315.0,8.5,54.2,118.1,59.0,113.0,AttackMove,OffRoute,fortress+gate,narrow+nopark,moved,0,,to (59.0;113.0) past shield_generator,drone_hangar(fixed)@9.9 aa_vehicle(moving)@9.5 armored_car(moving)@9.1 main_battle_tank(moving)@4.5 main_battle_tank(moving)@8.5 scout_jeep(moving)@7.9 aa_vehicle(moving)@4.0 scout_jeep(moving)@7.5 scout_jeep(moving)@4.1 aa_vehicle(moving)@6.4 aa_vehicle(moving)@6.3 shield_generator@6
redrock,Defend,2,obstacles,791,scout_jeep,0,6240,312.0,321.0,9.0,56.7,122.0,71.0,125.0,Move,YieldWait,fortress+gate,narrow+nopark,moved,0,,behind aa_vehicle#817,drone_hangar(fixed)@6.6 aa_vehicle(moving)@9.7 main_battle_tank(moving)@3.5 main_battle_tank(moving)@7.2 scout_jeep(moving)@6.3 armored_car(moving)@4.9 aa_vehicle(moving)@3.9 scout_jeep(moving)@8.5 armored_car(moving)@8.2 armored_car(moving)@5.3 ifv(moving)@9.2 aa_vehicle(moving)@5.2
redrock,Defend,2,obstacles,786,aa_vehicle,0,6290,314.5,326.5,12.0,53.9,122.0,53.1,77.5,AttackMove,YieldWait,fortress+gate,narrow+nopark,moved,0,,behind scout_jeep#791,drone_hangar(fixed)@6.0 main_battle_tank(moving)@4.6 scout_jeep(moving)@3.2 aa_vehicle(moving)@8.1 armored_car(moving)@4.0 scout_jeep(moving)@5.4 armored_car(moving)@9.3 armored_car(moving)@6.6 scout_jeep(moving)@4.3 aa_vehicle(moving)@6.7
redrock,Defend,2,obstacles,793,ifv,0,6290,314.5,323.5,9.0,64.3,115.7,58.5,80.5,AttackMove,BlockedByFriend,fortress,,moved,0,,light_tank#795 moving,armored_car(parked)@4.4 main_battle_tank(moving)@8.0 main_battle_tank(moving)@7.0 main_battle_tank(moving)@4.7 siege_tank(moving)@10.0 armored_car(moving)@9.7 armored_car(moving)@9.4 scout_jeep(moving)@8.8 light_tank(moving)@4.2 aa_vehicle(moving)@7.5 aa_vehicle(moving)@9.9 aa_vehicle(moving)@5.8
redrock,Defend,2,obstacles,785,armored_car,0,6300,315.0,338.0,23.0,53.5,118.0,59.0,113.0,AttackMove,YieldWait,fortress+gate,narrow+nopark,moved,0,,behind main_battle_tank#758,drone_hangar(fixed)@10.0 main_battle_tank(moving)@3.3 main_battle_tank(moving)@6.8 scout_jeep(moving)@3.3 aa_vehicle(moving)@6.7 aa_vehicle(moving)@4.0 scout_jeep(moving)@3.3 armored_car(moving)@8.4 scout_jeep(moving)@5.9 light_tank(moving)@8.1 aa_vehicle(moving)@7.0 shield_generator@6
redrock,Defend,2,obstacles,758,main_battle_tank,0,6330,316.5,331.5,15.0,56.3,118.3,33.8,110.1,AttackMove,BlockedByFriend,fortress+gate,narrow+nopark,moved,0,,armored_car#785 moving,drone_hangar(fixed)@9.9 main_battle_tank(moving)@6.5 scout_jeep(moving)@6.0 armored_car(moving)@3.1 aa_vehicle(moving)@4.4 scout_jeep(moving)@6.4 armored_car(moving)@8.9 armored_car(moving)@6.1 scout_jeep(moving)@3.8 ifv(moving)@9.7 light_tank(moving)@6.6 aa_vehicle(moving)@3.8 shield_generator@8
redrock,Defend,2,obstacles,764,scout_jeep,0,6370,318.5,330.5,12.0,50.6,120.5,59.0,113.0,AttackMove,YieldWait,fortress+gate,narrow+nopark,moved,0,,behind aa_vehicle#786,drone_hangar(fixed)@8.2 main_battle_tank(moving)@6.8 aa_vehicle(moving)@4.7 armored_car(moving)@3.9 aa_vehicle(moving)@4.0 scout_jeep(moving)@2.7 scout_jeep(moving)@7.9 shield_generator@9 floodlight_mast@8
redrock,Defend,2,obstacles,816,aa_vehicle,0,6370,318.5,330.5,12.0,58.0,108.5,44.5,95.3,AttackMove,YieldWait,fortress+gate,nopark,moved,0,,behind light_tank#794,gun_pit(fixed)@8.7 main_battle_tank(moving)@9.8 main_battle_tank(moving)@3.7 scout_jeep(moving)@5.1 ifv(moving)@2.5 light_tank(moving)@6.9 light_tank(moving)@9.9 shield_generator@7
redrock,Defend,2,obstacles,788,scout_jeep,0,6420,321.0,337.0,16.0,49.4,118.0,59.0,113.0,AttackMove,YieldWait,fortress+gate,nopark,moved,0,,behind armored_car#785,main_battle_tank(moving)@7.5 scout_jeep(moving)@3.2 aa_vehicle(moving)@3.8 armored_car(moving)@4.0 aa_vehicle(moving)@6.9 base_wall@10 shield_generator@7 floodlight_mast@7
redrock,Defend,2,obstacles,768,aa_vehicle,0,6440,322.0,331.0,9.0,46.4,119.9,56.4,75.0,AttackMove,BlockedByFriend,fortress+gate,nopark,moved,0,,scout_jeep#788 moving,scout_jeep(moving)@5.5 armored_car(moving)@6.9 scout_jeep(moving)@3.4 base_wall@6 shield_generator@10 floodlight_mast@3
redrock,Defend,2,obstacles,790,armored_car,0,6450,322.5,349.0,26.5,60.1,123.6,31.6,126.0,Move,OffRoute,fortress+gate,nopark,moved,0,,to (59.0;121.0) past drone_hangar(defence),drone_hangar(fixed)@7.5 aa_vehicle(moving)@5.7 main_battle_tank(moving)@6.4 main_battle_tank(moving)@3.2 scout_jeep(moving)@7.9 siege_tank(moving)@8.3 armored_car(moving)@9.3 aa_vehicle(moving)@3.7 armored_car(moving)@5.4 scout_jeep(moving)@6.1 light_tank(moving)@8.6 aa_vehicle(moving)@8.1
redrock,Defend,2,obstacles,795,light_tank,0,6520,326.0,339.0,13.0,62.9,117.1,33.8,110.1,AttackMove,YieldWait,fortress,,moved,0,,behind aa_vehicle#817,aa_vehicle(moving)@6.4 main_battle_tank(moving)@3.6 scout_jeep(moving)@7.6 aa_vehicle(moving)@6.8 armored_car(moving)@6.4 scout_jeep(moving)@3.5 light_tank(moving)@2.8 aa_vehicle(moving)@4.3 aa_vehicle(moving)@4.2
redrock,Defend,2,obstacles,760,main_battle_tank,0,6540,327.0,338.5,11.5,63.0,121.0,34.8,116.3,AttackMove,YieldWait,fortress,,moved,0,,behind armored_car#790,aa_vehicle(moving)@3.6 main_battle_tank(moving)@9.3 scout_jeep(moving)@8.3 aa_vehicle(moving)@5.9 armored_car(moving)@9.6 armored_car(moving)@3.4 scout_jeep(moving)@2.9 light_tank(moving)@3.9 light_tank(moving)@6.4 aa_vehicle(moving)@4.8 aa_vehicle(moving)@6.4
redrock,Defend,2,obstacles,817,aa_vehicle,0,6610,330.5,342.5,12.0,58.0,114.2,34.2,116.4,AttackMove,YieldWait,fortress+gate,nopark,moved,0,,behind scout_jeep#764,main_battle_tank(moving)@8.5 scout_jeep(moving)@5.2 armored_car(moving)@8.2 aa_vehicle(moving)@4.9 ifv(moving)@8.7 light_tank(moving)@5.4 light_tank(moving)@5.4 light_tank(moving)@2.7 aa_vehicle(moving)@8.2 main_battle_tank(moving)@9.3 shield_generator@6
redrock,Defend,2,obstacles,768,aa_vehicle,0,6620,331.0,354.0,23.0,49.9,121.8,45.4,101.7,AttackMove,YieldWait,fortress+gate,nopark,gave up,0,,behind main_battle_tank#758,drone_hangar(fixed)@7.4 main_battle_tank(moving)@4.7 scout_jeep(moving)@5.6 armored_car(moving)@3.3 aa_vehicle(moving)@7.7 scout_jeep(moving)@2.4 floodlight_mast@7
redrock,Defend,2,obstacles,758,main_battle_tank,0,6630,331.5,349.5,18.0,54.4,122.0,33.8,110.1,AttackMove,YieldWait,fortress+gate,narrow+nopark,moved,0,,behind aa_vehicle#768,drone_hangar(fixed)@6.0 scout_jeep(moving)@4.1 aa_vehicle(moving)@4.5 armored_car(moving)@3.7 aa_vehicle(moving)@3.7 scout_jeep(moving)@6.6 armored_car(moving)@6.9 light_tank(moving)@9.0 light_tank(moving)@6.1 light_tank(moving)@6.7 aa_vehicle(moving)@8.3
redrock,Defend,2,obstacles,785,armored_car,0,6760,338.0,350.5,12.5,51.6,119.8,59.0,113.0,AttackMove,StalePath,fortress+gate,narrow+nopark,moved,0,,leg 2/4 to (57.0;119.0) crosses drone_hangar(defence) (corner),drone_hangar(fixed)@8.5 main_battle_tank(moving)@3.6 scout_jeep(moving)@2.0 aa_vehicle(moving)@2.8 aa_vehicle(moving)@4.9 scout_jeep(moving)@6.2 light_tank(moving)@8.2 light_tank(moving)@8.2 light_tank(moving)@7.5 shield_generator@8 floodlight_mast@9
redrock,Defend,2,obstacles,788,scout_jeep,0,6760,338.0,346.5,8.5,47.9,124.8,59.0,113.0,AttackMove,Unknown,fortress+gate,narrow+nopark,moved,0,,speed 2.3 strikes 2,drone_hangar(fixed)@6.9 main_battle_tank(moving)@7.1 scout_jeep(moving)@8.1 aa_vehicle(moving)@3.4 armored_car(moving)@6.2 base_wall@9 floodlight_mast@7
redrock,Defend,2,obstacles,786,aa_vehicle,0,6770,338.5,352.0,13.5,56.6,119.1,53.1,77.5,AttackMove,StalePath,fortress+gate,narrow+nopark,moved,0,,leg 2/10 to (59.0;121.0) crosses drone_hangar(defence) (corner),drone_hangar(fixed)@9.3 main_battle_tank(moving)@3.7 scout_jeep(moving)@4.2 aa_vehicle(moving)@7.4 siege_tank(parked)@8.3 armored_car(moving)@5.1 armored_car(moving)@7.3 light_tank(moving)@3.3 light_tank(moving)@4.1 light_tank(moving)@3.4 aa_vehicle(moving)@6.8 aa_vehicle(moving)@7.3 shield_generator@8
redrock,Defend,2,obstacles,802,aa_vehicle,0,6770,338.5,347.5,9.0,63.2,120.6,66.5,127.4,AttackMove,GateWait,fortress,,moved,0,,doorway 0,aa_vehicle(moving)@9.7 main_battle_tank(moving)@9.0 main_battle_tank(moving)@4.7 siege_tank(parked)@6.9 aa_vehicle(moving)@6.8 armored_car(moving)@5.9 scout_jeep(moving)@9.6 light_tank(moving)@3.7 light_tank(moving)@4.0 light_tank(moving)@6.7
redrock,Defend,2,obstacles,796,light_tank,0,6780,339.0,350.0,11.0,58.3,116.2,33.8,110.1,AttackMove,YieldWait,fortress+gate,nopark,moved,0,,behind aa_vehicle#786,main_battle_tank(moving)@7.1 scout_jeep(moving)@5.7 siege_tank(parked)@5.4 armored_car(moving)@7.6 aa_vehicle(moving)@3.4 armored_car(moving)@9.7 light_tank(moving)@3.3 light_tank(moving)@5.9 ifv(moving)@8.0 aa_vehicle(moving)@6.8 aa_vehicle(moving)@4.3 main_battle_tank(moving)@9.0 shield_generator@8
redrock,Defend,2,obstacles,764,scout_jeep,0,6800,340.0,349.5,9.5,53.2,118.0,59.0,113.0,AttackMove,BlockedByFriend,fortress+gate,narrow+nopark,moved,0,,aa_vehicle#786 moving,drone_hangar(fixed)@10.0 main_battle_tank(moving)@4.2 aa_vehicle(moving)@5.2 armored_car(moving)@1.9 aa_vehicle(moving)@3.8 light_tank(moving)@7.0 light_tank(moving)@7.2 light_tank(moving)@5.6 aa_vehicle(moving)@7.7 shield_generator@6
redrock,Defend,2,obstacles,760,main_battle_tank,0,6810,340.5,350.0,9.5,66.7,123.1,34.8,116.3,AttackMove,StalePath,fortress,,moved,0,,leg 2/5 to (49.0;119.0) crosses drone_hangar(defence),gun_pit(fixed)@9.5 aa_vehicle(moving)@3.7 siege_tank(moving)@9.2 aa_vehicle(moving)@9.9 armored_car(moving)@7.2 scout_jeep(moving)@5.3 light_tank(moving)@8.2 light_tank(moving)@8.3 aa_vehicle(moving)@4.5 mlrs(parked)@8.0 ammo_dump@10
redrock,Defend,2,obstacles,794,light_tank,0,6830,341.5,351.5,10.0,61.2,117.5,33.8,110.1,AttackMove,YieldWait,fortress+gate,nopark,moved,0,,behind aa_vehicle#786,siege_tank(moving)@9.2 aa_vehicle(moving)@4.5 main_battle_tank(moving)@9.6 main_battle_tank(moving)@7.3 scout_jeep(moving)@5.6 siege_tank(moving)@5.6 armored_car(moving)@7.6 aa_vehicle(moving)@3.2 light_tank(moving)@5.7 light_tank(moving)@4.0 ifv(moving)@4.3 aa_vehicle(moving)@5.7 aa_vehicle(moving)@7.9
redrock,Defend,2,obstacles,795,light_tank,0,6840,342.0,350.5,8.5,56.8,121.6,33.8,110.1,AttackMove,BlockedByFriend,fortress+gate,narrow+nopark,moved,0,,scout_jeep#764 moving,drone_hangar(fixed)@7.0 aa_vehicle(moving)@7.5 main_battle_tank(moving)@4.8 main_battle_tank(moving)@8.3 scout_jeep(moving)@2.0 aa_vehicle(moving)@8.3 armored_car(moving)@3.7 aa_vehicle(moving)@3.7 armored_car(moving)@7.1 light_tank(moving)@6.4 light_tank(moving)@7.3 ifv(parked)@8.2 aa_vehicle(moving)@4.0
redrock,Defend,2,obstacles,793,ifv,0,6890,344.5,355.0,10.5,62.0,105.8,45.4,101.7,AttackMove,BlockedByFriend,fortress+gate,nopark,moved,0,,aa_vehicle#817 moving,gun_pit(fixed)@6.1 main_battle_tank(moving)@4.7 siege_tank(moving)@9.3 scout_jeep(moving)@5.7 light_tank(moving)@6.9 ifv(moving)@8.6 aa_vehicle(moving)@4.9
redrock,Defend,2,obstacles,788,scout_jeep,0,6970,348.5,375.0,26.5,44.7,124.0,59.0,113.0,AttackMove,OffRoute,fortress+gate,narrow+nopark,moved,0,,to (47.0;123.0) past floodlight_mast,main_battle_tank(moving)@6.7 aa_vehicle(moving)@2.9 light_tank(moving)@6.8 base_wall@6 floodlight_mast@4
redrock,Defend,2,obstacles,802,aa_vehicle,0,6980,349.0,362.5,13.5,60.1,124.6,33.8,110.1,AttackMove,YieldWait,fortress+gate,nopark,moved,0,,behind aa_vehicle#746,drone_hangar(fixed)@7.0 siege_tank(moving)@9.7 aa_vehicle(moving)@3.3 main_battle_tank(moving)@5.6 armored_car(moving)@7.6 aa_vehicle(moving)@9.4 armored_car(moving)@6.4 light_tank(moving)@5.2
redrock,Defend,2,obstacles,758,main_battle_tank,0,7140,357.0,376.0,19.0,46.0,119.8,33.8,110.1,AttackMove,YieldWait,fortress+gate,nopark,moved,0,,behind scout_jeep#788,aa_vehicle(moving)@3.4 scout_jeep(moving)@4.3 light_tank(moving)@6.3 aa_vehicle(moving)@9.6 base_wall@10 base_wall@6 shield_generator@10 floodlight_mast@3
redrock,Defend,2,obstacles,733,siege_tank,0,7250,362.5,373.5,11.0,70.8,108.5,85.0,139.0,Move,YieldWait,fortress,road,moved,0,,behind siege_tank#775,siege_tank(moving)@8.8 mlrs(parked)@8.7 light_tank(moving)@9.9 aa_vehicle(parked)@6.5 ifv(moving)@7.9
redrock,Defend,2,obstacles,760,main_battle_tank,0,7390,369.5,379.0,9.5,50.6,118.7,34.8,116.3,AttackMove,BlockedByFriend,fortress+gate,narrow+nopark,moved,0,,armored_car#790 moving,drone_hangar(fixed)@9.9 siege_tank(moving)@7.3 main_battle_tank(moving)@5.4 scout_jeep(moving)@8.7 armored_car(moving)@4.0 light_tank(moving)@8.5 aa_vehicle(moving)@4.7 shield_generator@7 floodlight_mast@8
redrock,Defend,2,obstacles,788,scout_jeep,0,7500,375.0,401.0,26.0,45.0,124.0,59.0,113.0,AttackMove,OffRoute,fortress+gate,narrow+nopark,moved,0,,to (47.0;121.0) past floodlight_mast,drone_hangar(fixed)@9.8 aa_vehicle(moving)@7.9 main_battle_tank(moving)@7.1 main_battle_tank(moving)@4.0 armored_car(moving)@7.8 light_tank(moving)@6.8 light_tank(moving)@4.8 aa_vehicle(moving)@4.8 base_wall@6 floodlight_mast@4
redrock,Defend,2,obstacles,802,aa_vehicle,0,7540,377.0,397.5,20.5,46.0,119.1,33.8,110.1,AttackMove,YieldWait,fortress+gate,nopark,moved,0,,behind scout_jeep#788,aa_vehicle(moving)@8.8 main_battle_tank(moving)@3.7 scout_jeep(moving)@5.0 armored_car(moving)@7.1 light_tank(moving)@7.4 base_wall@9 base_wall@6 shield_generator@9 floodlight_mast@3
redrock,Defend,2,obstacles,760,main_battle_tank,0,7580,379.0,388.5,9.5,48.4,122.0,34.8,116.3,AttackMove,BlockedByFriend,fortress+gate,nopark,moved,0,,scout_jeep#788 moving,drone_hangar(fixed)@8.2 aa_vehicle(moving)@8.5 main_battle_tank(moving)@9.4 scout_jeep(moving)@3.8 armored_car(moving)@3.9 light_tank(moving)@4.3 light_tank(moving)@7.9 aa_vehicle(moving)@3.8 base_wall@9 floodlight_mast@6
redrock,Defend,2,obstacles,790,armored_car,0,7600,380.0,398.0,18.0,52.4,121.1,31.6,126.0,Move,YieldWait,fortress+gate,narrow+nopark,moved,0,,behind main_battle_tank#760,drone_hangar(fixed)@7.1 siege_tank(moving)@8.7 main_battle_tank(moving)@8.6 main_battle_tank(moving)@4.7 siege_tank(moving)@4.3 scout_jeep(moving)@7.8 light_tank(moving)@6.8 light_tank(moving)@4.5 aa_vehicle(moving)@6.6 shield_generator@9 floodlight_mast@9
redrock,Defend,2,obstacles,840,siege_tank,0,7600,380.0,398.0,18.0,75.4,120.0,18.4,139.5,Move,OffRoute,fortress,,moved,0,,to (47.0;121.0) past gun_pit(defence),gun_pit(fixed)@5.1 mlrs(moving)@4.5 mlrs(parked)@5.6 base_wall@8
redrock,Defend,2,obstacles,794,light_tank,0,7690,384.5,401.0,16.5,47.7,127.0,59.0,113.0,AttackMove,YieldWait,fortress+gate,nopark,moved,0,,behind main_battle_tank#760,drone_hangar(fixed)@6.3 aa_vehicle(moving)@6.8 main_battle_tank(moving)@6.4 main_battle_tank(moving)@4.0 scout_jeep(moving)@4.5 armored_car(moving)@7.4 light_tank(moving)@9.2 aa_vehicle(moving)@8.9 floodlight_mast@8
redrock,Defend,2,obstacles,796,light_tank,0,7690,384.5,398.5,14.0,55.4,122.0,35.0,121.0,Move,YieldWait,fortress+gate,narrow+nopark,moved,0,,behind armored_car#790,drone_hangar(fixed)@6.2 main_battle_tank(moving)@6.3 main_battle_tank(moving)@8.7 siege_tank(moving)@4.8 armored_car(moving)@4.3 light_tank(moving)@9.2 aa_vehicle(moving)@4.0 scout_jeep(moving)@6.2
redrock,Defend,2,obstacles,746,aa_vehicle,0,7700,385.0,395.5,10.5,41.0,126.0,28.7,81.4,AttackMove,YieldWait,fortress+gate,narrow+nopark,moved,0,,behind main_battle_tank#758,main_battle_tank(moving)@6.1 main_battle_tank(moving)@6.8 armored_car(moving)@4.9 scout_jeep(moving)@3.8 light_tank(moving)@5.6 light_tank(moving)@4.4 aa_vehicle(moving)@9.2 base_wall@6 floodlight_mast@6
redrock,Defend,2,obstacles,760,main_battle_tank,0,7770,388.5,405.0,16.5,48.0,123.7,34.8,116.3,AttackMove,YieldWait,fortress+gate,narrow+nopark,moved,0,,behind light_tank#794,drone_hangar(fixed)@7.4 main_battle_tank(moving)@9.8 siege_tank(moving)@7.1 armored_car(moving)@4.9 scout_jeep(moving)@4.0 armored_car(moving)@3.9 light_tank(moving)@3.0 light_tank(moving)@7.4 aa_vehicle(moving)@5.7 base_wall@9 floodlight_mast@6
redrock,Defend,2,obstacles,785,armored_car,0,7910,395.5,405.5,10.0,48.0,129.2,69.0,127.0,Move,YieldWait,fortress+gate,nopark,moved,0,,behind main_battle_tank#760,drone_hangar(fixed)@6.1 main_battle_tank(moving)@4.5 scout_jeep(moving)@8.6 armored_car(moving)@8.0 light_tank(moving)@7.9
redrock,Defend,2,obstacles,733,siege_tank,0,8110,405.5,414.0,8.5,57.1,109.3,85.0,139.0,Move,Unknown,fortress,,moved,0,,speed 3.1 strikes 0,scout_jeep(moving)@4.4
redrock,Defend,2,obstacles,870,ifv,0,8580,429.0,439.0,10.0,98.0,98.1,139.1,116.4,AttackMove,StalePath,fortress,,moved,0,,leg 2/11 to (101.0;99.0) crosses repair_bay(defence),heavy_turret(fixed)@10.0 repair_bay(fixed)@5.2 ammo_depot(fixed)@7.5 ifv(moving)@3.5 main_battle_tank(moving)@4.4 armored_car(moving)@6.8
redrock,Defend,2,obstacles,712,siege_tank,0,8760,438.0,451.0,13.0,83.6,140.1,47.9,92.4,Move,GateWait,fortress,,moved,0,,doorway 0,main_battle_tank(moving)@5.0 armored_car(moving)@9.1 scout_jeep(moving)@6.0 ifv(moving)@6.2 base_wall@8
redrock,Defend,2,obstacles,788,scout_jeep,0,8950,447.5,461.0,13.5,87.0,138.0,125.0,115.0,AttackMove,YieldWait,fortress+gate,nopark,moved,0,,behind siege_tank#712,main_battle_tank(moving)@8.0 armored_car(moving)@5.2 light_tank(moving)@9.8 ifv(moving)@5.4 main_battle_tank(moving)@9.0 base_wall@9 base_wall@4 base_wall@10
redrock,Defend,2,obstacles,759,main_battle_tank,0,8970,448.5,461.5,13.0,85.7,145.9,139.1,116.4,AttackMove,GateWait,fortress,,moved,0,,doorway 0,scout_jeep(moving)@8.0 ifv(moving)@6.4
redrock,Defend,2,obstacles,785,armored_car,0,9010,450.5,469.5,19.0,82.0,136.7,139.0,101.0,Move,OffRoute,fortress,,moved,0,,to (83.0;139.0) past base_wall,siege_tank(moving)@10.0 mlrs(moving)@7.3 scout_jeep(moving)@5.2 light_tank(moving)@4.2 ifv(moving)@9.3 ifv(moving)@7.4 main_battle_tank(moving)@3.4 scout_jeep(moving)@9.9 base_wall@7 base_wall@7
redrock,Defend,2,obstacles,796,light_tank,0,9140,457.0,468.0,11.0,80.0,133.7,139.1,116.4,AttackMove,BlockedByFriend,fortress,,moved,0,,armored_car#785 moving,siege_tank(moving)@8.0 mlrs(moving)@3.9 armored_car(moving)@4.5 scout_jeep(moving)@7.2 ifv(moving)@7.0 main_battle_tank(moving)@8.2 scout_jeep(moving)@2.9 base_wall@5 base_wall@8
redrock,Defend,2,obstacles,851,scout_jeep,0,9690,484.5,493.5,9.0,115.0,114.9,125.0,115.0,AttackMove,BlockedByFriend,fortress,,gave up,0,,mobile_fortress#869 moving,radar_station(fixed)@6.5 scout_jeep(moving)@9.3 armored_car(moving)@8.3 armored_car(moving)@6.8 armored_car(moving)@3.0 scout_jeep(moving)@7.1
redrock,Defend,2,obstacles,882,scout_jeep,0,9710,485.5,498.0,12.5,118.6,108.1,125.0,115.0,AttackMove,YieldWait,fortress,,gave up,0,,behind mobile_fortress#869,scout_jeep(moving)@9.3 scout_jeep(moving)@2.6 scout_jeep(parked)@8.8 armored_car(moving)@5.9 armored_car(moving)@4.1 armored_car(moving)@5.9
redrock,Defend,2,obstacles,848,scout_jeep,0,9940,497.0,508.5,11.5,124.0,105.3,125.0,115.0,AttackMove,OffRoute,fortress,,gave up,0,,to (125.0;115.0) past c_ram(defence),c_ram(fixed)@5.1 scout_jeep(moving)@5.4 armored_car(moving)@5.3 armored_car(moving)@3.6 scout_jeep(moving)@7.2
redrock,Defend,2,obstacles,788,scout_jeep,0,10000,500.0,510.0,10.0,129.1,108.0,125.0,115.0,AttackMove,YieldWait,fortress,,gave up,0,,behind mobile_fortress#869,c_ram(fixed)@5.0 scout_jeep(moving)@5.9 mobile_fortress(parked)@8.2 armored_car(moving)@9.5 armored_car(moving)@9.6 base_wall@6 base_wall@6
redrock,Defend,2,obstacles,878,scout_jeep,0,10030,501.5,510.0,8.5,106.1,140.0,125.0,115.0,AttackMove,Unknown,fortress,,moved,0,,speed 7.3 strikes 1,light_tank(moving)@2.2 base_wall@6 base_wall@8
redrock,Defend,2,obstacles,882,scout_jeep,0,10030,501.5,516.5,15.0,117.8,108.3,125.0,115.0,AttackMove,YieldWait,fortress,,moved,0,,behind mobile_fortress#869,scout_jeep(moving)@7.0 scout_jeep(moving)@3.4 armored_car(moving)@4.1 armored_car(moving)@6.9 armored_car(moving)@7.0
redrock,Defend,2,obstacles,879,armored_car,0,10080,504.0,514.5,10.5,121.2,105.3,125.0,115.0,AttackMove,BlockedByFriend,fortress,,moved,0,,scout_jeep#848 moving,c_ram(fixed)@7.6 scout_jeep(moving)@8.2 scout_jeep(moving)@2.9 scout_jeep(moving)@6.4 armored_car(moving)@8.4 scout_jeep(moving)@4.2
redrock,Defend,2,obstacles,907,aa_vehicle,0,10180,509.0,520.0,11.0,84.8,98.7,94.8,95.0,Move,YieldWait,fortress,route,moved,0,,behind ifv#873,repair_bay(fixed)@9.6 siege_tank(moving)@6.7 siege_tank(parked)@8.1 ifv(moving)@6.8 ifv(moving)@5.0 main_battle_tank(moving)@9.7
redrock,Defend,2,obstacles,788,scout_jeep,0,10200,510.0,525.0,15.0,129.3,108.0,125.0,115.0,AttackMove,YieldWait,fortress,,gave up,0,,behind mobile_fortress#869,c_ram(fixed)@5.1 scout_jeep(moving)@8.2 mobile_fortress(parked)@8.2 armored_car(moving)@7.0 scout_jeep(moving)@9.3 base_wall@6 base_wall@6
redrock,Defend,2,obstacles,879,armored_car,0,10290,514.5,525.0,10.5,123.8,104.0,125.0,115.0,AttackMove,OffRoute,fortress,,moved,0,,to (125.0;115.0) past c_ram(defence),c_ram(fixed)@4.8 scout_jeep(moving)@6.7 scout_jeep(moving)@3.8 scout_jeep(moving)@5.8 armored_car(moving)@9.4 scout_jeep(moving)@1.8
redrock,Defend,2,obstacles,851,scout_jeep,0,10390,519.5,530.0,10.5,119.6,106.9,125.0,115.0,AttackMove,BlockedByFriend,fortress,,moved,0,,scout_jeep#882 moving,c_ram(fixed)@9.7 scout_jeep(moving)@7.7 scout_jeep(moving)@2.1 armored_car(moving)@6.3 armored_car(moving)@3.1 armored_car(moving)@6.9 scout_jeep(moving)@4.4
redrock,Defend,2,obstacles,871,ifv,0,10390,519.5,528.0,8.5,88.6,104.5,140.1,95.7,AttackMove,BlockedByFriend,fortress,route,moved,0,,ifv#870 moving,repair_bay(fixed)@6.2 siege_tank(parked)@5.1 light_tank(moving)@7.3 main_battle_tank(moving)@4.8 ifv(moving)@3.9
redrock,Defend,2,obstacles,882,scout_jeep,0,10390,519.5,530.0,10.5,124.0,106.6,125.0,115.0,AttackMove,BlockedByFriend,fortress,,moved,0,,scout_jeep#788 moving,c_ram(fixed)@5.8 scout_jeep(moving)@3.6 scout_jeep(moving)@3.0 scout_jeep(moving)@4.4 mobile_fortress(moving)@9.3 armored_car(moving)@4.2 armored_car(moving)@7.4
redrock,Defend,2,obstacles,881,armored_car,0,10440,522.0,534.0,12.0,114.2,112.4,125.0,115.0,AttackMove,BlockedByFriend,fortress,,moved,0,,mobile_fortress#869 moving,radar_station(fixed)@8.2 scout_jeep(moving)@9.3 mobile_fortress(moving)@9.4 scout_jeep(moving)@7.9 armored_car(moving)@9.2
redrock,Defend,2,obstacles,788,scout_jeep,0,10500,525.0,534.5,9.5,129.1,110.5,125.0,115.0,AttackMove,YieldWait,fortress,,gave up,0,,behind mobile_fortress#869,c_ram(fixed)@7.5 scout_jeep(moving)@9.9 mobile_fortress(parked)@7.8 scout_jeep(moving)@7.9 base_wall@8 base_wall@5
redrock,Defend,2,obstacles,882,scout_jeep,0,10600,530.0,542.5,12.5,124.0,105.5,125.0,115.0,AttackMove,YieldWait,fortress,,moved,0,,behind mobile_fortress#869,c_ram(fixed)@5.1 scout_jeep(moving)@6.7 scout_jeep(moving)@2.9 scout_jeep(moving)@5.1 mobile_fortress(moving)@6.4 scout_jeep(moving)@7.8 armored_car(moving)@6.4
redrock,Defend,2,obstacles,848,scout_jeep,0,10620,531.0,543.0,12.0,123.4,103.5,125.0,115.0,AttackMove,YieldWait,fortress,,moved,0,,behind mobile_fortress#869,c_ram(fixed)@5.1 scout_jeep(moving)@9.0 scout_jeep(moving)@2.4 mobile_fortress(moving)@7.3 scout_jeep(moving)@5.6 armored_car(moving)@3.8 scout_jeep(moving)@2.8
redrock,Defend,2,obstacles,845,main_battle_tank,0,10820,541.0,554.0,13.0,107.7,109.4,125.0,115.0,AttackMove,BlockedByFriend,fortress,route,moved,0,,mobile_fortress#869 parked,mobile_fortress(parked)@7.5 armored_car(parked)@7.7 mlrs(parked)@5.8 main_battle_tank(moving)@4.7
redrock,Defend,2,obstacles,881,armored_car,0,10860,543.0,552.5,9.5,111.7,116.0,113.6,125.5,Idle,NoPath,fortress,,moved,0,,goal (113.6;125.5) in open ground; other region (9 cells); fortress,radar_station(fixed)@4.1 scout_jeep(moving)@7.8 main_battle_tank(moving)@7.5 mobile_fortress(parked)@9.3 mlrs(parked)@5.2
redrock,Defend,2,obstacles,760,main_battle_tank,0,11470,573.5,589.0,15.5,125.9,98.0,125.0,115.0,AttackMove,BlockedByFriend,fortress,,moved,0,,armored_car#940 moving,c_ram(fixed)@5.6 siege_tank(moving)@7.5 siege_tank(moving)@8.9 main_battle_tank(moving)@6.5 armored_car(moving)@8.7 ifv(moving)@9.9 armored_car(moving)@4.2 armored_car(moving)@3.8
redrock,Defend,2,obstacles,877,light_tank,0,11520,576.0,600.1,24.1,124.9,108.7,113.2,125.6,Idle,NoPath,fortress,,open,0,,goal (113.2;125.6) in open ground; other region (9 cells); fortress,c_ram(fixed)@6.8 light_tank(parked)@6.5 main_battle_tank(moving)@8.7 base_wall@10
redrock,Defend,2,obstacles,733,siege_tank,0,11550,577.5,586.0,8.5,102.5,112.3,113.0,87.0,Move,BlockedByFriend,fortress,,moved,0,,scout_jeep#949 moving,scout_jeep(moving)@7.2
redrock,Defend,2,obstacles,712,siege_tank,0,11590,579.5,589.5,10.0,90.9,108.0,113.0,87.0,Move,BlockedByFriend,fortress,,moved,0,,siege_tank#733 moving,repair_bay(fixed)@7.2 siege_tank(moving)@9.8 scout_jeep(moving)@9.8
redrock,Endless,1,obstacles,704,siege_tank,0,1040,52.0,61.0,9.0,60.1,125.0,31.8,117.4,Move,YieldWait,fortress+gate,nopark,moved,0,,behind siege_tank#706,drone_hangar(fixed)@6.8 siege_tank(moving)@5.0 ammo_dump@10
redrock,Endless,1,obstacles,704,siege_tank,0,2280,114.0,125.0,11.0,-10.0,65.3,-10.4,46.6,Move,BlockedByDefence,fortress,,moved,0,,minefield#736 parked,artillery(moving)@9.8 minefield(fixed)@6.6 cliff_a@8
redrock,Endless,1,obstacles,706,siege_tank,0,2400,120.0,131.0,11.0,-10.0,52.0,-3.3,66.0,Move,YieldWait,fortress,narrow,gave up,0,,behind artillery#724,artillery(moving)@4.2 minefield(fixed)@7.2
redrock,Endless,1,obstacles,706,siege_tank,0,3030,151.5,163.0,11.5,-6.3,54.2,105.0,47.0,Move,BlockedByFriend,fortress,narrow,moved,0,,siege_tank#704 parked,siege_tank(parked)@5.8 cliff_b@9
redrock,Endless,1,obstacles,726,titan_tank,0,4960,248.0,258.5,10.5,108.8,45.3,53.0,63.0,AttackMove,BlockedByFriend,fortress,narrow,moved,0,,siege_tank#706 moving,siege_tank(moving)@7.8 aa_vehicle(moving)@3.8 main_battle_tank(moving)@6.3 base_wall@7 base_wall@6 shield_generator@10
redrock,Endless,1,obstacles,772,titan_tank,0,4990,249.5,258.0,8.5,66.8,70.8,51.0,57.0,AttackMove,BlockedByFriend,fortress,road,moved,0,,aa_vehicle#766 moving,heavy_tank(moving)@7.6 aa_vehicle(moving)@4.7 aa_vehicle(moving)@6.6 aa_vehicle(moving)@4.6
redrock,Endless,1,obstacles,719,aa_vehicle,0,5310,265.5,274.0,8.5,104.0,51.8,53.0,63.0,AttackMove,BlockedByDefence,fortress,narrow,moved,0,,super_gun#695 parked,super_gun(fixed)@9.0 titan_tank(moving)@4.5 siege_tank(moving)@4.3 shield_generator@9
redrock,Endless,1,obstacles,772,titan_tank,0,5850,292.5,301.0,8.5,99.3,102.4,36.1,44.1,AttackMove,BlockedByDefence,fortress,,moved,0,,repair_bay#669 parked,repair_bay(fixed)@5.4 ifv(moving)@5.6
redrock,Endless,1,obstacles,751,siege_tank,0,6040,302.0,310.5,8.5,105.0,51.6,60.2,67.7,Move,BlockedByDefence,fortress,narrow,moved,0,,super_gun#695 parked,super_gun(fixed)@10.0 shield_generator@8
redrock,Endless,1,obstacles,809,aa_vehicle,0,6060,303.0,313.5,10.5,52.3,119.5,39.9,41.9,AttackMove,BlockedByFriend,fortress+gate,nopark,moved,0,,titan_tank#726 moving,drone_hangar(fixed)@8.6 titan_tank(moving)@4.6 heavy_tank(moving)@9.6 ifv(moving)@9.3 shield_generator@8 floodlight_mast@9
redrock,Endless,1,obstacles,727,heavy_tank,0,6270,313.5,326.0,12.5,60.6,126.2,28.5,40.9,AttackMove,GateWait,fortress,,moved,0,,doorway 0,drone_hangar(fixed)@6.8 titan_tank(moving)@4.4 aa_vehicle(moving)@4.6 ifv(moving)@7.0 ifv(parked)@7.7 ammo_dump@9
redrock,Endless,1,obstacles,772,titan_tank,0,6320,316.0,324.5,8.5,66.6,126.1,36.1,44.1,AttackMove,BlockedByFriend,fortress,,moved,0,,aa_vehicle#809 moving,gun_pit(fixed)@9.5 heavy_tank(moving)@5.5 aa_vehicle(moving)@5.5 ifv(moving)@9.7 ifv(moving)@4.3 ammo_dump@7
redrock,Endless,1,obstacles,789,heavy_tank,0,7380,369.0,380.0,11.0,49.1,105.3,30.2,109.7,AttackMove,StalePath,fortress+gate,nopark,moved,0,,leg 2/12 to (51.0;103.0) crosses shield_generator,main_battle_tank(parked)@6.5 aa_vehicle(moving)@5.1 aa_vehicle(parked)@7.6 base_wall@9 shield_generator@7
redrock,Endless,1,obstacles,810,ifv,0,8050,402.5,411.0,8.5,57.8,121.9,32.5,116.9,AttackMove,YieldWait,fortress+gate,narrow+nopark,moved,0,,behind ifv#811,drone_hangar(fixed)@7.2 titan_tank(moving)@5.7 ifv(moving)@7.5 ifv(moving)@6.3 aa_vehicle(moving)@3.8 ifv(moving)@2.3 aa_vehicle(moving)@9.8 aa_vehicle(moving)@8.3 garage@9
redrock,Endless,1,obstacles,843,aa_vehicle,0,8070,403.5,413.0,9.5,62.9,127.2,64.9,94.3,AttackMove,GateWait,fortress,,moved,0,,doorway 0,drone_hangar(fixed)@9.0 ifv(moving)@7.8 ifv(moving)@4.9 ifv(parked)@2.9 aa_vehicle(moving)@4.5 ifv(moving)@9.9 aa_vehicle(moving)@8.7 aa_vehicle(moving)@4.2 ammo_dump@7
redrock,Endless,1,obstacles,833,aa_vehicle,0,8150,407.5,416.5,9.0,60.1,122.9,32.0,109.9,AttackMove,OffRoute,fortress+gate,nopark,moved,0,,to (47.0;121.0) past drone_hangar(defence),drone_hangar(fixed)@8.0 titan_tank(moving)@9.1 ifv(moving)@3.9 ifv(parked)@3.9 ifv(moving)@4.2 aa_vehicle(moving)@4.4 aa_vehicle(moving)@7.5 aa_vehicle(moving)@4.0 aa_vehicle(moving)@8.8 garage@10
redrock,Endless,1,obstacles,725,heavy_tank,0,8160,408.0,418.0,10.0,49.4,101.2,30.2,109.7,AttackMove,BlockedByFriend,fortress,,moved,0,,main_battle_tank#737 parked,titan_tank(parked)@8.3 main_battle_tank(parked)@5.0 aa_vehicle(parked)@5.2 aa_vehicle(moving)@8.4 aa_vehicle(moving)@5.1 base_wall@10
redrock,Endless,1,obstacles,773,titan_tank,0,8160,408.0,444.5,36.5,52.4,118.0,64.9,94.3,AttackMove,OffRoute,fortress+gate,nopark,moved,0,,to (69.0;121.0) past shield_generator,aa_vehicle(moving)@7.7 ifv(moving)@5.0 aa_vehicle(moving)@9.1 aa_vehicle(moving)@6.0 ifv(moving)@5.5 shield_generator@6 garage@10 floodlight_mast@10
redrock,Endless,1,obstacles,838,ifv,0,8170,408.5,436.5,28.0,57.9,120.0,64.9,94.3,AttackMove,YieldWait,fortress+gate,narrow+nopark,moved,0,,behind ifv#810,drone_hangar(fixed)@8.9 titan_tank(moving)@5.8 ifv(moving)@5.0 ifv(parked)@7.4 aa_vehicle(moving)@3.5 aa_vehicle(moving)@5.1 aa_vehicle(moving)@6.6 aa_vehicle(moving)@9.3 shield_generator@10 garage@8
redrock,Endless,1,obstacles,719,aa_vehicle,0,8270,413.5,428.5,15.0,46.0,122.7,70.1,99.7,AttackMove,YieldWait,fortress+gate,narrow+nopark,moved,0,,behind ifv#810,drone_hangar(fixed)@9.6 titan_tank(moving)@5.5 titan_tank(moving)@9.3 ifv(moving)@3.8 aa_vehicle(moving)@4.7 base_wall@7 floodlight_mast@4
redrock,Endless,1,obstacles,843,aa_vehicle,0,8310,415.5,426.5,11.0,67.2,127.2,64.9,94.3,AttackMove,GateWait,fortress,,moved,0,,doorway 0,gun_pit(fixed)@9.0 ifv(moving)@3.8 ifv(moving)@3.4 aa_vehicle(moving)@9.2 aa_vehicle(moving)@7.3 aa_vehicle(moving)@6.4 ammo_dump@6
redrock,Endless,1,obstacles,833,aa_vehicle,0,8330,416.5,431.5,15.0,58.6,122.0,32.0,109.9,AttackMove,YieldWait,fortress+gate,narrow+nopark,moved,0,,behind ifv#838,drone_hangar(fixed)@7.6 titan_tank(moving)@7.1 ifv(moving)@8.2 ifv(moving)@2.5 aa_vehicle(moving)@3.8 aa_vehicle(moving)@9.7 aa_vehicle(moving)@5.7 aa_vehicle(moving)@2.8 garage@9
redrock,Endless,1,obstacles,772,titan_tank,0,8410,420.5,429.0,8.5,44.7,129.3,51.3,97.4,AttackMove,StalePath,fortress+gate,nopark,moved,0,,leg 2/11 to (35.0;127.0) crosses base_wall,drone_hangar(fixed)@9.4 aa_vehicle(moving)@6.1 ifv(moving)@8.0 base_wall@10 container@10 floodlight_mast@9
redrock,Endless,1,obstacles,842,aa_vehicle,0,8430,421.5,444.0,22.5,62.2,120.0,30.2,127.5,AttackMove,YieldWait,fortress+gate,nopark,moved,0,,behind ifv#838,titan_tank(moving)@9.5 ifv(moving)@9.0 aa_vehicle(moving)@4.0 ifv(moving)@5.1 aa_vehicle(moving)@8.3 aa_vehicle(moving)@4.7 garage@7
redrock,Endless,1,obstacles,862,aa_vehicle,0,8460,423.0,441.5,18.5,60.0,128.0,30.2,109.7,AttackMove,OffRoute,fortress,,gave up,0,,to (59.0;121.0) past ammo_dump,drone_hangar(fixed)@6.0 ifv(moving)@4.9 aa_vehicle(moving)@6.6 ifv(moving)@8.5 aa_vehicle(moving)@8.2 aa_vehicle(moving)@3.8 ammo_dump@8
redrock,Endless,1,obstacles,863,aa_vehicle,0,8460,423.0,454.0,31.0,60.4,124.2,26.9,121.3,AttackMove,BlockedByFriend,fortress+gate,nopark,moved,0,,aa_vehicle#833 moving,drone_hangar(fixed)@7.5 ifv(moving)@5.9 aa_vehicle(moving)@3.5 ifv(moving)@5.5 aa_vehicle(moving)@4.4 aa_vehicle(moving)@3.8
redrock,Endless,1,obstacles,789,heavy_tank,0,8480,424.0,434.0,10.0,66.1,97.7,30.2,109.7,AttackMove,BlockedByFriend,fortress,,moved,0,,aa_vehicle#813 moving,gun_pit(fixed)@6.5 ifv(moving)@6.3 aa_vehicle(moving)@4.5 aa_vehicle(moving)@8.3
redrock,Endless,1,obstacles,810,ifv,0,8510,425.5,435.0,9.5,46.0,121.7,32.5,116.9,AttackMove,OffRoute,fortress+gate,nopark,moved,0,,to (45.0;127.0) past floodlight_mast,aa_vehicle(moving)@3.7 titan_tank(moving)@6.9 aa_vehicle(moving)@3.6 base_wall@6 floodlight_mast@3
redrock,Endless,1,obstacles,834,aa_vehicle,0,8550,427.5,436.0,8.5,47.8,118.9,28.7,86.5,AttackMove,YieldWait,fortress+gate,nopark,moved,0,,behind titan_tank#773,aa_vehicle(moving)@6.4 titan_tank(moving)@5.1 ifv(moving)@3.9 ifv(moving)@8.2 base_wall@8 shield_generator@8 floodlight_mast@5
redrock,Endless,1,obstacles,719,aa_vehicle,0,8570,428.5,437.0,8.5,47.8,125.8,31.8,87.5,AttackMove,YieldWait,fortress+gate,narrow+nopark,moved,0,,behind ifv#810,drone_hangar(fixed)@6.6 titan_tank(moving)@5.7 titan_tank(moving)@10.0 ifv(moving)@3.9 aa_vehicle(moving)@4.7 ifv(moving)@6.5 base_wall@10 floodlight_mast@8
redrock,Endless,1,obstacles,772,titan_tank,0,8580,429.0,437.5,8.5,43.0,128.2,32.6,87.7,AttackMove,BlockedByFriend,fortress+gate,narrow+nopark,moved,0,,aa_vehicle#719 moving,aa_vehicle(moving)@4.2 ifv(moving)@6.8 aa_vehicle(moving)@8.7 base_wall@9 floodlight_mast@8
redrock,Endless,1,obstacles,833,aa_vehicle,0,8630,431.5,442.0,10.5,56.7,122.0,35.2,101.9,AttackMove,BlockedByFriend,fortress+gate,narrow+nopark,moved,0,,titan_tank#773 moving,drone_hangar(fixed)@6.6 titan_tank(moving)@4.2 aa_vehicle(moving)@9.4 ifv(moving)@8.4 aa_vehicle(moving)@5.1 aa_vehicle(moving)@5.9 aa_vehicle(moving)@5.1 garage@10
redrock,Endless,1,obstacles,696,titan_tank,0,8690,434.5,443.0,8.5,47.9,100.3,61.0,127.0,Move,BlockedByFriend,fortress,,moved,0,,main_battle_tank#737 moving,main_battle_tank(moving)@7.6 base_wall@9 base_wall@9
redrock,Endless,1,obstacles,811,ifv,0,8830,441.5,458.0,16.5,69.4,127.9,51.3,97.4,AttackMove,GateWait,fortress,,moved,0,,doorway 0,gun_pit(fixed)@7.2 siege_tank(moving)@5.5 aa_vehicle(moving)@8.6 aa_vehicle(moving)@7.0 ammo_dump@6
redrock,Endless,1,obstacles,833,aa_vehicle,0,8840,442.0,450.5,8.5,52.3,121.6,32.0,109.9,AttackMove,YieldWait,fortress+gate,narrow+nopark,moved,0,,behind titan_tank#773,drone_hangar(fixed)@6.6 titan_tank(moving)@4.8 aa_vehicle(moving)@4.2 aa_vehicle(moving)@9.0 aa_vehicle(moving)@7.8 shield_generator@10 floodlight_mast@9
redrock,Endless,1,obstacles,862,aa_vehicle,0,8920,446.0,458.5,12.5,62.6,120.0,31.8,87.2,AttackMove,YieldWait,fortress+gate,nopark,moved,0,,behind aa_vehicle#842,siege_tank(moving)@8.4 aa_vehicle(moving)@3.6 aa_vehicle(moving)@9.5 aa_vehicle(moving)@3.0 garage@7
redrock,Endless,1,obstacles,891,artillery,0,9000,450.0,464.0,14.0,98.0,98.0,-7.0,79.0,Move,BlockedByObstacle,fortress,,moved,0,,heavy_turret(defence),heavy_turret(fixed)@9.9 repair_bay(fixed)@5.3 ammo_depot(fixed)@7.4 titan_tank(parked)@6.6
redrock,Endless,1,obstacles,862,aa_vehicle,0,9170,458.5,475.0,16.5,58.8,120.5,30.2,109.7,AttackMove,YieldWait,fortress+gate,narrow+nopark,moved,0,,behind aa_vehicle#863,drone_hangar(fixed)@8.9 siege_tank(moving)@7.9 ifv(moving)@5.4 aa_vehicle(parked)@6.2 aa_vehicle(moving)@8.2 aa_vehicle(moving)@4.3 artillery(moving)@3.3 garage@8
redrock,Endless,1,obstacles,842,aa_vehicle,0,9190,459.5,471.0,11.5,50.5,121.8,30.2,127.5,AttackMove,OffRoute,fortress+gate,narrow+nopark,moved,0,,to (47.0;125.0) past drone_hangar(defence),drone_hangar(fixed)@7.2 aa_vehicle(moving)@4.1 ifv(moving)@5.1 aa_vehicle(moving)@8.2 aa_vehicle(moving)@4.0 shield_generator@10 floodlight_mast@8
redrock,Endless,1,obstacles,863,aa_vehicle,0,9240,462.0,474.0,12.0,54.5,122.0,26.9,121.3,AttackMove,YieldWait,fortress+gate,narrow+nopark,moved,0,,behind aa_vehicle#842,drone_hangar(fixed)@6.0 aa_vehicle(moving)@6.1 ifv(moving)@3.5 aa_vehicle(parked)@8.2 aa_vehicle(moving)@4.4 aa_vehicle(moving)@4.4 artillery(moving)@6.0
redrock,Endless,1,obstacles,810,ifv,0,9260,463.0,475.5,12.5,54.0,118.2,61.0,127.0,AttackMove,OffRoute,fortress+gate,nopark,moved,0,,to (61.0;121.0) past shield_generator,drone_hangar(fixed)@9.8 aa_vehicle(moving)@4.1 aa_vehicle(moving)@9.5 aa_vehicle(moving)@4.7 aa_vehicle(moving)@3.8 artillery(moving)@8.3 shield_generator@6 garage@9
redrock,Endless,1,obstacles,891,artillery,0,9350,467.5,480.5,13.0,102.9,99.4,-7.0,79.0,Move,BlockedByFriend,fortress,,moved,0,,main_battle_tank#893 moving,repair_bay(fixed)@9.1 ammo_depot(fixed)@6.9 main_battle_tank(moving)@5.0
redrock,Endless,1,obstacles,719,aa_vehicle,0,9380,469.0,479.5,10.5,49.3,118.1,70.1,99.7,AttackMove,OffRoute,fortress+gate,nopark,moved,0,,to (69.0;121.0) past shield_generator,ifv(moving)@5.0 aa_vehicle(moving)@8.9 base_wall@10 shield_generator@7 floodlight_mast@7
redrock,Endless,1,obstacles,865,artillery,0,9380,469.0,483.5,14.5,60.0,124.7,78.2,144.0,Move,YieldWait,fortress+gate,nopark,moved,0,,behind aa_vehicle#862,drone_hangar(fixed)@6.8 ifv(moving)@7.8 ifv(moving)@9.5 aa_vehicle(moving)@4.9 aa_vehicle(moving)@5.2 aa_vehicle(moving)@5.1
redrock,Endless,1,obstacles,793,siege_tank,0,9450,472.5,481.5,9.0,74.2,120.0,65.0,127.0,Move,YieldWait,fortress+gate,nopark,moved,0,,behind aa_vehicle#813,gun_pit(fixed)@5.3 titan_tank(moving)@9.0 siege_tank(moving)@8.9 ifv(moving)@7.8 aa_vehicle(moving)@6.4 base_wall@9
redrock,Endless,1,obstacles,863,aa_vehicle,0,9480,474.0,491.5,17.5,58.8,120.7,26.9,121.3,AttackMove,BlockedByFriend,fortress+gate,narrow+nopark,moved,0,,ifv#810 moving,drone_hangar(fixed)@8.7 aa_vehicle(moving)@8.9 ifv(moving)@4.1 aa_vehicle(moving)@8.4 aa_vehicle(moving)@3.3 artillery(moving)@5.5 garage@8
redrock,Endless,1,obstacles,810,ifv,0,9510,475.5,484.5,9.0,53.7,122.0,61.0,127.0,AttackMove,BlockedByFriend,fortress+gate,narrow+nopark,moved,0,,aa_vehicle#863 moving,drone_hangar(fixed)@6.0 aa_vehicle(moving)@4.0 aa_vehicle(moving)@7.2 aa_vehicle(moving)@4.5
redrock,Endless,1,obstacles,890,artillery,0,9600,480.0,491.0,11.0,44.0,98.0,-7.0,79.0,Move,BlockedByFriend,fortress,,moved,0,,heavy_tank#789 parked,main_battle_tank(parked)@7.1 heavy_tank(parked)@3.6 base_wall@4 base_wall@7
redrock,Endless,1,obstacles,719,aa_vehicle,0,9660,483.0,500.0,17.0,54.4,118.0,70.1,99.7,AttackMove,YieldWait,fortress+gate,narrow+nopark,moved,0,,behind artillery#865,ifv(moving)@3.4 aa_vehicle(moving)@5.9 artillery(moving)@6.3 shield_generator@6
redrock,Endless,1,obstacles,810,ifv,0,9690,484.5,493.0,8.5,55.0,121.4,59.0,113.0,AttackMove,BlockedByFriend,fortress+gate,narrow+nopark,moved,0,,aa_vehicle#863 moving,drone_hangar(fixed)@6.7 aa_vehicle(moving)@3.5 ifv(moving)@6.7 aa_vehicle(moving)@4.5 artillery(moving)@5.7 shield_generator@10
redrock,Endless,1,obstacles,863,aa_vehicle,0,9830,491.5,516.0,24.5,60.0,123.3,26.9,121.3,AttackMove,OffRoute,fortress+gate,nopark,moved,0,,to (55.0;121.0) past drone_hangar(defence),drone_hangar(fixed)@7.6 titan_tank(parked)@5.1 aa_vehicle(moving)@8.8 ifv(moving)@4.2 ifv(moving)@9.0 aa_vehicle(moving)@7.4 artillery(moving)@8.3
redrock,Endless,1,obstacles,793,siege_tank,0,9900,495.0,504.0,9.0,64.1,112.8,65.0,127.0,Move,BlockedByFriend,fortress,,moved,0,,aa_vehicle#862 moving,ifv(moving)@6.9 ifv(moving)@6.9 aa_vehicle(moving)@7.6 aa_vehicle(moving)@4.8 artillery(moving)@7.4 titan_tank(moving)@6.4 heavy_tank(moving)@8.5
redrock,Endless,1,obstacles,862,aa_vehicle,0,9960,498.0,506.5,8.5,61.3,118.1,58.5,111.1,AttackMove,GateWait,fortress+gate,nopark,moved,0,,doorway 79,titan_tank(moving)@4.9 aa_vehicle(moving)@8.4 siege_tank(moving)@8.4 ifv(moving)@3.7 ifv(moving)@9.5 aa_vehicle(moving)@8.4 aa_vehicle(moving)@4.6 artillery(moving)@3.5 titan_tank(parked)@7.8
redrock,Endless,1,obstacles,719,aa_vehicle,0,10060,503.0,517.5,14.5,52.9,122.0,70.1,99.7,AttackMove,YieldWait,fortress+gate,narrow+nopark,gave up,0,,behind aa_vehicle#863,drone_hangar(fixed)@6.1 aa_vehicle(moving)@9.1 aa_vehicle(moving)@4.6 artillery(moving)@4.8 titan_tank(moving)@9.6
redrock,Endless,1,obstacles,811,ifv,0,10240,512.0,523.0,11.0,58.0,111.0,51.3,97.4,AttackMove,OffRoute,fortress,,moved,0,,to (57.0;105.0) past shield_generator,titan_tank(moving)@5.2 titan_tank(moving)@4.8 main_battle_tank(parked)@6.7 heavy_tank(moving)@6.0 shield_generator@6
redrock,Endless,1,obstacles,863,aa_vehicle,0,10400,520.0,530.0,10.0,52.0,122.0,26.9,121.3,AttackMove,YieldWait,fortress+gate,narrow+nopark,moved,0,,behind aa_vehicle#719,drone_hangar(fixed)@6.3 aa_vehicle(moving)@4.5 aa_vehicle(moving)@6.3 shield_generator@10 floodlight_mast@9
redrock,Endless,1,obstacles,719,aa_vehicle,0,10430,521.5,530.5,9.0,48.0,124.1,59.0,111.0,AttackMove,OffRoute,fortress+gate,narrow+nopark,moved,0,,to (59.0;119.0) past drone_hangar(defence),drone_hangar(fixed)@7.2 aa_vehicle(moving)@4.4 aa_vehicle(moving)@7.4 base_wall@9 floodlight_mast@6
redrock,Endless,1,obstacles,862,aa_vehicle,0,10450,522.5,532.0,9.0,46.0,120.1,30.2,109.7,AttackMove,OffRoute,fortress+gate,nopark,died,0,,to (45.0;127.0) past floodlight_mast,aa_vehicle(moving)@4.7 base_wall@6 floodlight_mast@3
redrock,Endless,1,obstacles,922,main_battle_tank,0,11020,551.0,561.0,10.0,64.0,102.1,51.8,104.7,AttackMove,BlockedByFriend,fortress,,moved,0,,ifv#810 moving,titan_tank(moving)@8.4 titan_tank(parked)@9.5 ifv(moving)@4.2 ifv(moving)@4.2 heavy_tank(parked)@5.8 heavy_tank(parked)@9.4
redrock,Endless,1,obstacles,811,ifv,0,11330,566.5,579.5,13.0,62.0,99.2,30.8,117.3,AttackMove,Embedded,fortress,,gave up,0,,on gun_pit(defence),aa_vehicle(moving)@3.7 main_battle_tank(moving)@4.4 heavy_tank(moving)@5.3 aa_vehicle(moving)@8.9 aa_vehicle(moving)@6.9 aa_vehicle(moving)@4.7 gun_pit(fixed)@2.1
redrock,Endless,1,obstacles,893,main_battle_tank,0,11330,566.5,578.0,11.5,57.6,99.8,44.1,99.7,AttackMove,Embedded,fortress,,gave up,0,,on gun_pit(defence),ifv(moving)@7.0 ifv(moving)@4.4 aa_vehicle(moving)@3.8 heavy_tank(moving)@8.2 main_battle_tank(moving)@8.4 heavy_tank(moving)@9.6 aa_vehicle(moving)@8.0 aa_vehicle(moving)@7.8 gun_pit(fixed)@2.4
redrock,Endless,1,obstacles,863,aa_vehicle,0,11350,567.5,578.0,10.5,60.2,102.5,44.1,99.7,AttackMove,Embedded,fortress,,gave up,0,,on gun_pit(defence),ifv(moving)@8.5 ifv(moving)@3.7 main_battle_tank(moving)@3.8 heavy_tank(parked)@9.0 heavy_tank(moving)@7.7 aa_vehicle(moving)@7.0 aa_vehicle(moving)@9.3 aa_vehicle(moving)@4.0 aa_vehicle(moving)@4.5 gun_pit(fixed)@2.5
redrock,Endless,1,obstacles,952,aa_vehicle,0,11410,570.5,580.0,9.5,60.7,107.1,30.4,85.6,AttackMove,BlockedByFriend,fortress+gate,nopark,moved,0,,aa_vehicle#863 moving,ifv(moving)@8.0 aa_vehicle(moving)@4.6 main_battle_tank(moving)@7.9 heavy_tank(moving)@5.0 aa_vehicle(moving)@6.5 aa_vehicle(moving)@7.2 gun_pit(fixed)@7.1
redrock,Endless,1,obstacles,811,ifv,0,11600,580.0,589.0,9.0,62.0,99.2,53.6,65.1,AttackMove,Embedded,fortress,,gave up,0,,on gun_pit(defence),aa_vehicle(moving)@6.9 aa_vehicle(moving)@3.7 main_battle_tank(moving)@4.4 heavy_tank(moving)@9.6 heavy_tank(moving)@5.1 aa_vehicle(moving)@7.0 gun_pit(fixed)@2.1
redrock,Endless,1,obstacles,863,aa_vehicle,0,11600,580.0,596.0,15.5,60.2,102.5,44.1,99.7,AttackMove,Embedded,fortress,,died,0,,on gun_pit(defence),ifv(moving)@3.7 aa_vehicle(moving)@6.5 main_battle_tank(moving)@3.8 heavy_tank(moving)@6.4 heavy_tank(moving)@8.7 aa_vehicle(moving)@9.9 aa_vehicle(moving)@3.4 aa_vehicle(moving)@9.0 gun_pit(fixed)@2.5
redrock,Endless,1,obstacles,893,main_battle_tank,0,11730,586.5,597.5,11.0,57.6,99.8,44.8,95.8,AttackMove,Embedded,fortress,,gave up,0,,on gun_pit(defence),ifv(moving)@7.2 ifv(moving)@4.4 aa_vehicle(moving)@3.8 heavy_tank(moving)@8.5 gun_pit(fixed)@2.4
redrock,Endless,1,obstacles,925,heavy_tank,0,11730,586.5,595.0,8.5,64.9,95.6,51.8,105.3,AttackMove,BlockedByFriend,fortress,,moved,0,,ifv#811 moving,ifv(moving)@4.7 aa_vehicle(moving)@8.3 main_battle_tank(moving)@8.5 gun_pit(fixed)@6.6
redrock,Endless,2,light,695,aa_vehicle,0,1620,81.0,91.0,10.0,87.9,102.7,87.4,89.2,Move,BlockedByFriend,fortress,,moved,0,,ifv#665 moving,ifv(moving)@4.1 ifv(moving)@6.4 armored_car(moving)@4.4 armored_car(moving)@7.3 aa_vehicle(moving)@9.1 aa_vehicle(moving)@5.6 aa_vehicle(moving)@9.6 aa_vehicle(moving)@9.2 base_wall@8 base_wall@5
redrock,Endless,2,light,670,main_battle_tank,0,2330,116.5,125.5,9.0,81.3,94.7,97.9,89.0,Move,BlockedByFriend,fortress+gate,narrow+nopark,moved,0,,siege_tank#674 moving,siege_tank(moving)@7.5 base_wall@7 base_wall@10
redrock,Endless,2,light,764,aa_vehicle,0,3870,193.5,203.5,10.0,120.5,103.0,125.0,115.0,AttackMove,YieldWait,fortress,,gave up,0,,behind mobile_fortress#755,ifv(moving)@9.4
redrock,Endless,2,light,753,armored_car,0,4730,236.5,248.0,11.0,127.9,116.0,123.7,106.7,AttackMove,YieldWait,fortress,,died,0,,behind mobile_fortress#755,mobile_fortress(parked)@7.3 armored_car(moving)@3.6 armored_car(moving)@6.6 base_wall@7 command_hq@9
redrock,Endless,2,light,756,armored_car,0,4780,239.0,248.5,9.5,128.5,112.0,118.4,114.7,AttackMove,YieldWait,fortress,,moved,0,,behind mobile_fortress#755,armored_car(moving)@4.0 mobile_fortress(moving)@8.6 armored_car(moving)@3.8 base_wall@10 base_wall@5
redrock,Endless,2,light,751,scout_jeep,0,4790,239.5,248.5,9.0,113.6,109.7,125.0,115.0,AttackMove,YieldWait,fortress,,moved,0,,behind mobile_fortress#755,mobile_fortress(moving)@7.9 armored_car(moving)@6.8 main_battle_tank(moving)@4.7 aa_vehicle(moving)@7.2
redrock,Endless,2,light,759,armored_car,0,4850,242.5,253.5,11.0,119.5,105.3,125.0,115.0,AttackMove,BlockedByFriend,fortress,,gave up,0,,mobile_fortress#755 moving,siege_tank(moving)@4.0 scout_jeep(moving)@3.7 mobile_fortress(moving)@8.4
redrock,Endless,2,light,784,main_battle_tank,0,4980,249.0,259.5,10.5,111.5,112.3,125.0,115.0,AttackMove,YieldWait,fortress,,moved,0,,behind mobile_fortress#755,scout_jeep(moving)@7.9 main_battle_tank(moving)@3.7 aa_vehicle(moving)@6.4
redrock,Endless,2,light,756,armored_car,0,5050,252.5,263.0,10.5,130.0,116.0,118.4,114.7,AttackMove,YieldWait,fortress,,moved,0,,behind mobile_fortress#755,armored_car(moving)@9.4 base_wall@6
redrock,Endless,2,light,787,aa_vehicle,0,6470,323.5,332.0,8.5,128.3,115.4,106.4,143.4,Idle,YieldWait,fortress,,moved,0,,waiting on a yield,light_tank(moving)@6.9 base_wall@7
redrock,Endless,2,light,787,aa_vehicle,0,6640,332.0,340.5,8.5,124.4,114.3,106.4,143.4,Idle,BlockedByFriend,fortress,,moved,0,,light_tank#812 parked,light_tank(moving)@8.5 main_battle_tank(parked)@6.8 light_tank(parked)@3.3 aa_vehicle(parked)@2.9 base_wall@10
redrock,Endless,2,light,811,light_tank,0,6740,337.0,345.5,8.5,103.4,139.2,107.7,143.7,AttackMove,BlockedByFriend,fortress,,gave up,0,,elite_heavy_tank#790 moving,elite_heavy_tank(moving)@6.6 aa_vehicle(moving)@3.2 base_wall@9 base_wall@5
redrock,Weekly,1,light,679,armored_bulldozer,0,970,48.5,59.0,10.5,-98.6,-84.1,-91.2,-95.4,Move,Unknown,camp0,,moved,0,,speed 0.8 strikes 0,armored_bulldozer(parked)@8.4 armored_bulldozer(moving)@6.0
redrock,Weekly,1,light,695,heavy_tank,0,1960,98.0,106.5,8.5,-85.7,-82.0,-91.6,-87.4,Move,BlockedByFriend,field,,moved,0,,titan_tank#684 moving,armored_bulldozer(moving)@9.6 titan_tank(moving)@6.3 titan_tank(moving)@4.2 aa_vehicle(moving)@9.8 main_battle_tank(moving)@4.5
redrock,Weekly,1,light,677,scout_jeep,1,2400,120.0,129.0,9.0,126.0,114.2,113.1,128.0,AttackMove,BlockedByFriend,fortress,,moved,0,,smoke_carrier#671 moving,smoke_carrier(moving)@3.2 sam_launcher(parked)@7.5 scout_jeep(parked)@3.2 base_wall@8 base_wall@10
redrock,Weekly,1,light,673,sam_launcher,1,3050,152.5,161.0,8.5,108.2,118.1,58.3,116.3,Move,BlockedByFriend,fortress,,moved,0,,smoke_carrier#671 moving,smoke_carrier(moving)@5.0 scout_jeep(moving)@9.2
redrock,Weekly,1,light,710,ew_jammer,1,3690,184.5,193.5,9.0,55.2,117.3,32.8,109.3,Move,BlockedByFriend,fortress,,moved,0,,smoke_carrier#671 moving,smoke_carrier(moving)@3.7 command_vehicle(moving)@5.4 scout_jeep(moving)@6.0 thermobaric_launcher(moving)@9.8 mobile_fortress(moving)@8.9 ew_jammer(moving)@9.7
redrock,Weekly,1,light,674,armored_bulldozer,0,3890,194.5,209.5,15.0,56.0,36.0,108.4,125.8,AttackMove,OffRoute,fortress,route,moved,0,,to (63.0;33.0) past floodlight_mast,titan_tank(parked)@4.3 aa_vehicle(moving)@5.2 base_wall@5 floodlight_mast@3
redrock,Weekly,1,light,715,flame_tank,1,3910,195.5,211.5,16.0,31.4,104.0,26.8,86.2,AttackMove,YieldWait,fortress,,moved,0,,behind bmpt#682,bmpt(moving)@4.0 sapper(moving)@5.7 thermobaric_launcher(parked)@6.1 ew_jammer(moving)@7.6
redrock,Weekly,1,light,726,fpv_carrier,1,4130,206.5,216.5,10.0,38.8,93.2,31.8,109.2,Move,BlockedByFriend,fortress,,moved,0,,mobile_fortress#708 moving,bmpt(moving)@8.5 sapper(moving)@4.8 ew_jammer(moving)@8.9 mine_layer(moving)@6.8
redrock,Weekly,1,light,696,thermobaric_launcher,1,4460,223.0,232.0,9.0,25.6,104.1,39.4,109.0,Move,YieldWait,fortress,,moved,0,,behind fpv_carrier#723,ew_jammer(moving)@7.9 fpv_carrier(moving)@5.7 fpv_carrier(moving)@9.5 cliff_a@9
redrock,Weekly,1,light,676,command_vehicle,1,4670,233.5,242.0,8.5,32.1,95.8,26.2,58.3,Idle,YieldWait,fortress,,moved,0,,behind mobile_fortress#708,smoke_carrier(moving)@7.4 ew_jammer(parked)@5.5 flame_tank(moving)@4.4 mine_layer(moving)@8.5 cliff_a@10
redrock,Weekly,1,light,715,flame_tank,1,5000,250.0,259.5,9.5,34.1,86.0,125.0,115.0,AttackMove,YieldWait,fortress+gate,nopark,moved,0,,behind command_vehicle#676,sam_launcher(moving)@3.9 command_vehicle(moving)@4.2 ew_jammer(moving)@3.9 ew_jammer(moving)@5.2 mine_layer(moving)@8.5 boulders@9
redrock,Weekly,1,light,710,ew_jammer,1,5020,251.0,260.0,9.0,32.4,82.7,21.0,87.0,Move,BlockedByFriend,fortress+gate,nopark,moved,0,,ew_jammer#712 moving,sam_launcher(moving)@7.0 command_vehicle(moving)@7.9 ew_jammer(moving)@8.1 flame_tank(moving)@3.1 boulders@5
redrock,Weekly,1,light,712,ew_jammer,1,5080,254.0,271.0,17.0,32.0,90.1,22.0,88.0,Move,StalePath,fortress+gate,nopark,moved,0,,leg 3/3 to (22.0;88.0) crosses cliff_a (corner),sam_launcher(moving)@5.5 thermobaric_launcher(moving)@4.3 ew_jammer(moving)@9.5 mine_layer(moving)@7.1 fpv_carrier(moving)@8.4
redrock,Weekly,1,light,676,command_vehicle,1,5290,264.5,274.0,9.5,36.2,80.8,18.1,61.4,Move,BlockedByFriend,fortress,,moved,0,,fpv_carrier#723 moving,ew_jammer(moving)@7.5 fpv_carrier(moving)@5.5 fpv_carrier(moving)@8.1 boulders@6
redrock,Weekly,1,light,712,ew_jammer,1,5780,289.0,297.5,8.5,31.5,44.7,19.7,45.9,Move,StalePath,fortress,,gave up,0,,leg 3/3 to (19.7;45.9) crosses boulders (corner),command_vehicle(moving)@5.2 thermobaric_launcher(parked)@4.1 mobile_fortress(parked)@9.7 elite_fpv_carrier(moving)@9.4
redrock,Weekly,1,light,746,titan_tank,0,6210,310.5,320.0,9.5,-82.9,-84.0,-93.8,-92.6,Move,BlockedByFriend,field,route,moved,0,,aa_vehicle#752 moving,titan_tank(moving)@6.8 armored_bulldozer(moving)@5.9 aa_vehicle(moving)@3.7
redrock,Weekly,1,light,673,sam_launcher,1,6530,326.5,339.0,12.5,44.0,49.0,20.0,28.8,AttackMove,OffRoute,fortress,,moved,0,,to (39.0;41.0) past base_wall,command_vehicle(parked)@3.1 bmpt(moving)@7.2 ew_jammer(parked)@8.3 elite_heavy_tank(moving)@6.4 base_wall@5
redrock,Weekly,1,light,692,sapper,1,6710,335.5,346.0,10.5,36.0,52.8,125.0,115.0,AttackMove,BlockedByFriend,fortress,,moved,0,,flame_tank#715 moving,flame_tank(moving)@6.4 elite_fpv_carrier(parked)@8.7 base_wall@4 base_wall@9
redrock,Weekly,1,light,741,elite_heavy_tank,1,8420,421.0,430.5,9.5,126.3,110.2,110.4,125.7,AttackMove,BlockedByFriend,fortress,,moved,0,,sapper#692 moving,sam_launcher(parked)@6.9 command_vehicle(parked)@8.6 sapper(moving)@5.9 ew_jammer(moving)@7.7 flame_tank(parked)@5.9 elite_heavy_tank(moving)@3.8 flame_tank(parked)@9.1
redrock,Weekly,1,light,750,smoke_carrier,1,8620,431.0,440.0,9.0,114.0,119.9,139.6,124.3,AttackMove,OffRoute,fortress,,moved,0,,to (115.0;115.0) past command_hq,bmpt(parked)@5.4 sapper(moving)@4.3 elite_heavy_tank(moving)@7.8 elite_heavy_tank(moving)@8.3 flame_tank(parked)@6.0
redrock,Weekly,1,light,741,elite_heavy_tank,1,9190,459.5,472.5,13.0,116.8,115.7,78.9,101.9,AttackMove,BlockedByFriend,fortress,,moved,0,,sam_launcher#673 moving,sam_launcher(moving)@5.6 sapper(moving)@5.5 thermobaric_launcher(moving)@8.6 ew_jammer(moving)@9.4 flame_tank(parked)@9.0 mine_layer(moving)@7.5
redrock,Weekly,1,light,727,fpv_carrier,1,9570,478.5,487.0,8.5,128.9,112.0,91.5,105.4,Move,BlockedByFriend,fortress,,moved,0,,sapper#692 moving,sapper(moving)@7.5 flame_tank(parked)@6.4 smoke_carrier(parked)@9.1 base_wall@10
redrock,Weekly,1,light,742,elite_heavy_tank,1,9870,493.5,502.5,9.0,112.0,119.6,131.7,112.0,AttackMove,BlockedByFriend,fortress,,moved,0,,flame_tank#763 parked,bmpt(parked)@6.6 sapper(moving)@6.6 ew_jammer(parked)@7.1 smoke_carrier(moving)@8.3 flame_tank(parked)@6.2
redrock,Weekly,1,light,741,elite_heavy_tank,1,10720,536.0,549.0,13.0,119.9,114.8,112.1,142.7,AttackMove,BlockedByFriend,fortress,,moved,0,,engineer_vehicle#762 parked,flame_tank(moving)@5.8 smoke_carrier(parked)@7.7 engineer_vehicle(parked)@4.7 flame_tank(moving)@5.1 twin_tank(moving)@8.2
redrock,Weekly,1,light,762,engineer_vehicle,1,11010,550.5,560.0,9.5,117.2,115.7,105.3,101.1,Move,BlockedByFriend,fortress,,moved,0,,ew_jammer#710 moving,command_vehicle(moving)@8.2 ew_jammer(moving)@6.2 ew_jammer(moving)@6.7 elite_heavy_tank(moving)@6.0 elite_mbt(moving)@7.8
redrock,Weekly,1,light,710,ew_jammer,1,11030,551.5,560.5,9.0,114.0,120.8,107.9,104.3,Move,BlockedByFriend,fortress,,moved,0,,engineer_vehicle#762 moving,command_vehicle(moving)@6.1 thermobaric_launcher(moving)@9.4 elite_fpv_carrier(moving)@9.6 fpv_carrier(parked)@9.2 engineer_vehicle(moving)@5.5 vbied(moving)@9.9
redrock,Weekly,1,light,696,thermobaric_launcher,1,11490,574.5,583.0,8.5,102.0,91.8,108.6,103.9,Move,BlockedByFriend,fortress,,moved,0,,engineer_vehicle#762 moving,engineer_vehicle(moving)@5.7 elite_heavy_tank(moving)@8.1 heavy_tank(parked)@8.2
redrock,Weekly,2,full,712,ew_jammer,1,1000,50.0,62.0,12.0,51.0,122.0,91.0,117.0,Move,BlockedByFriend,fortress+gate,route+narrow+nopark,moved,0,,command_vehicle#718 moving,drone_hangar(fixed)@6.7 scout_jeep(moving)@5.2 command_vehicle(moving)@4.3 mine_layer(moving)@4.7 floodlight_mast@8
redrock,Weekly,2,full,711,scout_jeep,1,1040,52.0,63.0,11.0,56.3,122.0,114.2,144.0,Move,YieldWait,fortress+gate,route+narrow+nopark,moved,0,,behind ew_jammer#712,drone_hangar(fixed)@6.4 ew_jammer(moving)@5.2 command_vehicle(moving)@3.8 mine_layer(moving)@9.1
redrock,Weekly,2,full,720,scout_jeep,1,1260,63.0,84.5,21.5,44.0,124.0,125.0,115.0,AttackMove,OffRoute,fortress+gate,route+narrow+nopark,moved,0,,to (47.0;121.0) past floodlight_mast,scout_jeep(moving)@5.8 ew_jammer(moving)@8.4 mine_layer(moving)@3.9 base_wall@6 floodlight_mast@4
redrock,Weekly,2,full,726,mine_layer,1,1290,64.5,79.0,14.5,47.9,124.8,118.6,115.1,AttackMove,BlockedByFriend,fortress+gate,route+narrow+nopark,moved,0,,scout_jeep#720 moving,drone_hangar(fixed)@6.9 scout_jeep(moving)@5.5 scout_jeep(moving)@8.3 scout_jeep(moving)@4.0 base_wall@9 floodlight_mast@7
redrock,Weekly,2,full,711,scout_jeep,1,1340,67.0,77.5,10.5,46.0,121.4,114.2,144.0,Move,YieldWait,fortress+gate,route+nopark,moved,0,,behind ew_jammer#712,scout_jeep(moving)@8.7 scout_jeep(moving)@5.4 scout_jeep(moving)@3.4 mine_layer(moving)@4.6 base_wall@6 floodlight_mast@3
redrock,Weekly,2,full,719,scout_jeep,1,1500,75.0,86.0,11.0,46.1,126.3,125.0,115.0,AttackMove,YieldWait,fortress+gate,route+nopark,moved,0,,behind scout_jeep#720,drone_hangar(fixed)@8.1 scout_jeep(moving)@8.6 scout_jeep(moving)@7.8 scout_jeep(moving)@2.6 rocket_technical(moving)@5.1 rocket_technical(moving)@2.3 base_wall@9 floodlight_mast@7
redrock,Weekly,2,full,733,rocket_technical,1,1520,76.0,100.0,24.0,40.6,126.0,92.1,118.0,Move,YieldWait,fortress+gate,route+narrow+nopark,moved,0,,behind scout_jeep#720,scout_jeep(moving)@8.6 scout_jeep(moving)@5.5 scout_jeep(moving)@5.6 rocket_technical(moving)@2.7 counter_battery_radar(moving)@7.0 counter_battery_radar(moving)@4.4 base_wall@6 floodlight_mast@6
redrock,Weekly,2,full,711,scout_jeep,1,1590,79.5,97.0,17.5,46.0,119.1,114.2,144.0,Move,YieldWait,fortress+gate,route+nopark,moved,0,,behind scout_jeep#720,scout_jeep(moving)@3.1 rocket_technical(moving)@9.1 rocket_technical(moving)@5.3 counter_battery_radar(moving)@7.9 base_wall@9 base_wall@6 shield_generator@9 floodlight_mast@3
redrock,Weekly,2,full,734,rocket_technical,1,1710,85.5,109.5,24.0,44.6,124.0,92.4,116.8,Move,OffRoute,fortress+gate,route+narrow+nopark,moved,0,,to (47.0;121.0) past floodlight_mast,scout_jeep(moving)@4.8 rocket_technical(moving)@6.3 thermobaric_launcher(moving)@5.1 counter_battery_radar(moving)@4.5 counter_battery_radar(moving)@9.6 base_wall@6 floodlight_mast@4
redrock,Weekly,2,full,741,counter_battery_radar,1,1780,89.0,100.0,11.0,42.3,128.1,106.9,107.0,Move,YieldWait,fortress+gate,route+narrow+nopark,moved,0,,behind rocket_technical#734,scout_jeep(moving)@9.8 rocket_technical(moving)@2.6 rocket_technical(moving)@4.9 thermobaric_launcher(moving)@6.8 base_wall@8 floodlight_mast@8
redrock,Weekly,2,full,735,thermobaric_launcher,1,1900,95.0,129.5,34.5,47.8,126.1,87.0,120.6,Move,YieldWait,fortress+gate,route+nopark,moved,0,,behind scout_jeep#711,drone_hangar(fixed)@6.5 scout_jeep(moving)@3.9 rocket_technical(moving)@4.1 rocket_technical(moving)@4.3 counter_battery_radar(moving)@4.9 base_wall@10 floodlight_mast@8
redrock,Weekly,2,full,711,scout_jeep,1,1980,99.0,123.5,24.5,46.0,121.1,114.2,144.0,Move,YieldWait,fortress+gate,route+nopark,moved,0,,behind thermobaric_launcher#735,mine_layer(moving)@7.3 rocket_technical(moving)@8.9 rocket_technical(moving)@3.6 thermobaric_launcher(moving)@5.1 counter_battery_radar(moving)@9.7 base_wall@6 floodlight_mast@3
redrock,Weekly,2,full,741,counter_battery_radar,1,2120,106.0,124.5,18.5,47.9,131.4,32.4,113.3,Move,BlockedByFriend,fortress+gate,nopark,moved,0,,thermobaric_launcher#735 moving,drone_hangar(fixed)@7.0 scout_jeep(moving)@8.8 rocket_technical(moving)@8.8 rocket_technical(moving)@6.2 thermobaric_launcher(moving)@5.8 container@9
redrock,Weekly,2,full,726,mine_layer,1,2160,108.0,131.0,23.0,46.1,118.0,114.3,139.8,AttackMove,YieldWait,fortress+gate,route+nopark,moved,0,,behind scout_jeep#711,scout_jeep(moving)@4.6 scout_jeep(moving)@4.4 scout_jeep(moving)@6.7 rocket_technical(moving)@9.7 rocket_technical(moving)@7.1 thermobaric_launcher(moving)@8.1 base_wall@9 base_wall@6 shield_generator@8 floodlight_mast@4
redrock,Weekly,2,full,734,rocket_technical,1,2190,109.5,123.5,14.0,44.3,125.5,93.2,116.1,Move,YieldWait,fortress+gate,route+narrow+nopark,moved,0,,behind scout_jeep#711,scout_jeep(moving)@3.3 scout_jeep(moving)@5.4 scout_jeep(moving)@7.0 mine_layer(moving)@7.7 rocket_technical(moving)@3.1 thermobaric_launcher(moving)@3.7 counter_battery_radar(moving)@7.1 base_wall@7 floodlight_mast@6
redrock,Weekly,2,full,719,scout_jeep,1,2300,115.0,124.0,9.0,50.3,122.0,117.0,140.5,AttackMove,OffRoute,fortress+gate,route+narrow+nopark,moved,0,,to (47.0;135.0) past drone_hangar(defence),drone_hangar(fixed)@7.1 scout_jeep(moving)@2.5 scout_jeep(moving)@4.7 ew_jammer(moving)@5.4 scout_jeep(moving)@2.6 mine_layer(moving)@5.9 rocket_technical(moving)@7.7 rocket_technical(moving)@9.1 thermobaric_launcher(moving)@4.2 floodlight_mast@8
redrock,Weekly,2,full,720,scout_jeep,1,2470,123.5,134.0,10.5,47.9,123.9,134.4,139.6,AttackMove,BlockedByFriend,fortress+gate,route+narrow+nopark,moved,0,,mine_layer#726 moving,drone_hangar(fixed)@7.3 scout_jeep(moving)@5.8 scout_jeep(moving)@9.5 ew_jammer(moving)@7.3 mine_layer(moving)@2.7 base_wall@9 floodlight_mast@6
redrock,Weekly,2,full,719,scout_jeep,1,2650,132.5,141.0,8.5,70.5,122.8,117.0,140.5,AttackMove,BlockedByFriend,fortress,,moved,0,,rocket_technical#733 moving,c_ram(fixed)@5.9 rocket_technical(moving)@4.6 counter_battery_radar(moving)@9.1
redrock,Weekly,2,full,756,heavy_tank,1,3000,150.0,161.0,11.0,31.6,112.9,125.0,115.0,AttackMove,BlockedByFriend,fortress,,moved,0,,heavy_rocket_artillery#725 parked,ew_jammer(parked)@5.0 heavy_rocket_artillery(parked)@4.4 thermobaric_launcher(parked)@8.0 counter_battery_radar(parked)@4.9 base_wall@8
redrock,Weekly,2,full,756,heavy_tank,1,3220,161.0,170.5,9.5,31.3,115.8,125.0,115.0,AttackMove,BlockedByFriend,fortress,,moved,0,,heavy_rocket_artillery#725 parked,ew_jammer(moving)@9.1 heavy_rocket_artillery(parked)@5.4 twin_tank(parked)@7.5 base_wall@10 base_wall@10
redrock,Weekly,2,full,752,siege_tank,0,4490,224.5,233.5,9.0,51.5,36.7,90.6,34.4,Move,Unknown,fortress,,moved,0,,speed 1.8 strikes 0,base_wall@10 floodlight_mast@8
redrock,Weekly,2,full,790,rocket_technical,1,5650,282.5,300.5,18.0,85.9,145.7,111.0,139.0,Move,GateWait,fortress,,moved,0,,doorway 0,thermobaric_launcher(moving)@5.4 shahed_truck(moving)@6.1
redrock,Weekly,2,full,735,thermobaric_launcher,1,5790,289.5,299.5,10.0,79.5,144.2,111.0,139.0,Move,YieldWait,fortress,,moved,0,,behind shahed_truck#775,shahed_truck(parked)@5.2 rocket_technical(moving)@6.6
redrock,Weekly,2,full,785,armored_car,1,6080,304.0,313.0,9.0,110.5,138.8,110.8,125.7,AttackMove,BlockedByFriend,fortress,,gave up,0,,rocket_technical#790 moving,guard_tower(fixed)@4.8 thermobaric_launcher(moving)@7.8 rocket_technical(moving)@3.7 base_wall@8 base_wall@5
redrock,Weekly,2,full,733,rocket_technical,1,6160,308.0,329.0,21.0,130.2,138.0,143.1,114.1,Move,YieldWait,fortress+gate,narrow+nopark,moved,0,,behind vbied#780,rocket_technical(moving)@8.4 heavy_tank(moving)@4.4 vbied(moving)@4.1 armored_car(moving)@7.1 base_wall@4 base_wall@8
redrock,Weekly,2,full,780,vbied,1,6170,308.5,352.0,43.5,134.3,138.3,125.0,115.0,AttackMove,YieldWait,fortress+gate,narrow+nopark,gave up,0,,behind heavy_tank#754,rocket_technical(moving)@4.1 rocket_technical(moving)@4.3 heavy_tank(moving)@4.3 twin_tank(moving)@8.9 armored_car(moving)@4.1 base_wall@6 base_wall@8
redrock,Weekly,2,full,734,rocket_technical,1,6210,310.5,322.5,12.0,138.6,138.6,102.8,121.9,Move,YieldWait,fortress+gate,nopark,moved,0,,behind vbied#780,rocket_technical(moving)@8.5 heavy_tank(moving)@7.4 twin_tank(moving)@4.7 vbied(moving)@4.3 armored_car(moving)@3.9 base_wall@9 base_wall@9
redrock,Weekly,2,full,784,armored_car,1,6240,312.0,367.5,55.5,136.6,142.0,119.0,145.0,Move,OffRoute,fortress+gate,narrow+nopark,moved,0,,to (119.0;139.0) past outline,rocket_technical(moving)@7.6 rocket_technical(moving)@3.9 heavy_tank(moving)@4.6 twin_tank(moving)@4.9 vbied(moving)@4.4 base_wall@10
redrock,Weekly,2,full,754,heavy_tank,1,6260,313.0,373.5,60.5,132.0,142.0,119.5,144.3,AttackMove,YieldWait,fortress+gate,nopark,moved,0,,behind rocket_technical#733,rocket_technical(moving)@4.5 rocket_technical(moving)@6.7 twin_tank(moving)@9.3 vbied(moving)@4.2 armored_car(moving)@4.6 base_wall@8
redrock,Weekly,2,full,779,armored_car,1,6510,325.5,334.5,9.0,98.3,122.8,125.7,139.2,AttackMove,BlockedByFriend,fortress,,moved,0,,heavy_rocket_artillery#725 parked,drone_hangar(fixed)@8.3 c_ram(fixed)@7.4 heavy_rocket_artillery(parked)@4.1
redrock,Weekly,2,full,785,armored_car,1,6590,329.5,338.0,8.5,115.6,148.9,110.8,125.7,AttackMove,GateWait,fortress,,moved,0,,doorway 0,thermobaric_launcher(moving)@6.0 shahed_truck(moving)@6.9 rocket_technical(parked)@7.2 flame_tank(moving)@8.9
redrock,Weekly,2,full,755,twin_tank,1,6660,333.0,344.5,11.5,140.9,142.0,113.1,118.9,AttackMove,OffRoute,fortress+gate,nopark,moved,0,,to (117.0;139.0) past ?,rocket_technical(moving)@5.1 heavy_tank(moving)@8.9 vbied(moving)@7.7 armored_car(moving)@4.8
redrock,Weekly,2,full,733,rocket_technical,1,6720,336.0,360.0,24.0,130.2,138.0,139.0,141.0,Move,YieldWait,fortress+gate,narrow+nopark,moved,0,,behind vbied#780,rocket_technical(moving)@7.5 heavy_tank(moving)@4.4 vbied(moving)@3.9 armored_car(moving)@7.5 rocket_technical(moving)@3.8 base_wall@4 base_wall@8
redrock,Weekly,2,full,712,ew_jammer,1,6770,338.5,353.5,15.0,121.7,116.0,108.9,116.6,Move,BlockedByFriend,fortress,,moved,0,,mine_layer#726 parked,smoke_carrier(parked)@5.2 mine_layer(parked)@4.9 command_hq@10
redrock,Weekly,2,full,734,rocket_technical,1,6780,339.0,365.5,26.5,138.3,138.1,102.8,121.9,Move,YieldWait,fortress+gate,nopark,moved,0,,behind vbied#780,rocket_technical(moving)@7.7 heavy_tank(moving)@7.4 twin_tank(moving)@8.1 vbied(moving)@4.2 armored_car(moving)@4.3 base_wall@9 base_wall@9
redrock,Weekly,2,full,741,counter_battery_radar,1,6830,341.5,350.0,8.5,100.7,144.3,103.0,123.0,Move,BlockedByFriend,fortress+gate,nopark,moved,0,,armored_car#785 moving,guard_tower(fixed)@6.5 scout_jeep(moving)@2.2 thermobaric_launcher(moving)@4.9 armored_car(moving)@6.4
redrock,Weekly,2,full,790,rocket_technical,1,6840,342.0,353.0,11.0,125.9,138.0,135.0,141.0,Move,YieldWait,fortress+gate,narrow+nopark,moved,0,,behind rocket_technical#733,rocket_technical(moving)@4.3 heavy_tank(moving)@7.3 vbied(moving)@7.9 base_wall@7 base_wall@6
redrock,Weekly,2,full,780,vbied,1,7040,352.0,370.5,18.5,133.8,138.0,125.7,139.2,AttackMove,YieldWait,fortress+gate,narrow+nopark,moved,0,,behind rocket_technical#733,rocket_technical(moving)@6.7 rocket_technical(moving)@3.9 heavy_tank(moving)@3.9 armored_car(moving)@4.0 rocket_technical(moving)@6.0 base_wall@5 base_wall@7
redrock,Weekly,2,full,790,rocket_technical,1,7060,353.0,362.0,9.0,128.3,138.0,135.0,141.0,Move,YieldWait,fortress+gate,narrow+nopark,moved,0,,behind rocket_technical#733,rocket_technical(moving)@8.9 rocket_technical(moving)@9.5 heavy_tank(moving)@5.0 vbied(moving)@5.3 armored_car(moving)@8.6 base_wall@9 base_wall@5 base_wall@9
redrock,Weekly,2,full,720,scout_jeep,1,7170,358.5,368.0,9.5,118.4,145.1,134.4,139.6,AttackMove,GateWait,fortress,,moved,0,,doorway 0,rocket_technical(moving)@6.7
redrock,Weekly,2,full,784,armored_car,1,7350,367.5,376.5,9.0,137.2,138.3,119.0,145.0,Move,BlockedByFriend,fortress+gate,narrow+nopark,moved,0,,rocket_technical#734 moving,rocket_technical(moving)@4.3 heavy_tank(moving)@8.4 vbied(moving)@4.8 base_wall@8 base_wall@8
redrock,Weekly,2,full,720,scout_jeep,1,7400,370.0,414.0,44.0,125.1,140.0,134.4,139.6,AttackMove,YieldWait,fortress+gate,narrow+nopark,moved,0,,behind rocket_technical#790,scout_jeep(moving)@9.7 scout_jeep(moving)@8.2 rocket_technical(moving)@7.9 heavy_tank(moving)@2.6 armored_car(moving)@5.4 vbied(moving)@7.1 armored_car(moving)@9.8 rocket_technical(moving)@3.4 base_wall@8 base_wall@8
redrock,Weekly,2,full,780,vbied,1,7490,374.5,385.5,11.0,132.4,140.0,125.7,139.2,AttackMove,YieldWait,fortress+gate,narrow+nopark,gave up,0,,behind heavy_tank#754,scout_jeep(moving)@7.5 rocket_technical(moving)@1.8 heavy_tank(moving)@5.6 armored_car(moving)@2.7 base_wall@6 base_wall@10
redrock,Weekly,2,full,795,engineer_vehicle,1,7500,375.0,384.5,9.5,77.2,98.3,101.8,114.6,Move,BlockedByFriend,fortress,,moved,0,,shahed_truck#775 moving,heavy_rocket_artillery(parked)@5.6 twin_tank(moving)@4.3 shahed_truck(moving)@5.7 base_wall@8
redrock,Weekly,2,full,784,armored_car,1,7530,376.5,396.5,20.0,134.0,138.0,119.0,145.0,Move,YieldWait,fortress+gate,narrow+nopark,moved,0,,behind heavy_tank#754,scout_jeep(moving)@9.3 rocket_technical(moving)@4.2 heavy_tank(moving)@6.7 vbied(moving)@2.6 base_wall@5 base_wall@7
redrock,Weekly,2,full,754,heavy_tank,1,7540,377.0,398.0,21.0,127.0,138.0,119.5,144.3,AttackMove,BlockedByFriend,fortress+gate,narrow+nopark,moved,0,,scout_jeep#720 moving,scout_jeep(moving)@8.2 scout_jeep(moving)@2.9 rocket_technical(moving)@6.4 vbied(moving)@5.3 armored_car(moving)@7.0 rocket_technical(moving)@5.1 base_wall@8 base_wall@5
redrock,Weekly,2,full,790,rocket_technical,1,7550,377.5,390.0,12.5,121.9,138.1,135.0,141.0,Move,BlockedByFriend,fortress+gate,narrow+nopark,gave up,0,,scout_jeep#720 moving,scout_jeep(moving)@9.1 scout_jeep(moving)@3.2 scout_jeep(moving)@3.5 heavy_tank(moving)@5.2 vbied(moving)@9.4 base_wall@5 base_wall@10
redrock,Weekly,2,full,719,scout_jeep,1,7560,378.0,388.0,10.0,118.4,138.0,139.6,115.6,AttackMove,YieldWait,fortress+gate,nopark,moved,0,,behind rocket_technical#790,scout_jeep(parked)@5.6 scout_jeep(moving)@6.7 heavy_tank(moving)@8.3 rocket_technical(moving)@3.2 base_wall@8 base_wall@4
redrock,Weekly,2,full,734,rocket_technical,1,7570,378.5,400.0,21.5,132.0,141.3,102.8,121.9,Move,OffRoute,fortress+gate,nopark,moved,0,,to (117.0;139.0) past outline,scout_jeep(moving)@7.4 heavy_tank(moving)@6.1 vbied(moving)@3.1 armored_car(moving)@5.0 base_wall@7
redrock,Weekly,2,full,779,armored_car,1,7770,388.5,397.5,9.0,120.0,147.4,125.7,139.2,AttackMove,YieldWait,fortress,,moved,0,,behind scout_jeep#719,scout_jeep(moving)@4.9 scout_jeep(moving)@8.2 armored_car(moving)@5.1 rocket_technical(moving)@5.9
redrock,Weekly,2,full,786,counter_battery_radar,1,7870,393.5,402.5,9.0,92.9,116.8,101.0,123.0,Move,YieldWait,fortress,,moved,0,,behind ew_jammer#712,scout_jeep(moving)@9.6 ew_jammer(moving)@4.8 command_vehicle(moving)@8.8 heavy_rocket_artillery(moving)@8.2 rocket_technical(parked)@4.7 thermobaric_launcher(moving)@8.2 shahed_truck(parked)@4.5 counter_battery_radar(parked)@9.1 engineer_vehicle(moving)@3.8
redrock,Weekly,2,full,811,flame_tank,1,7940,397.0,407.5,10.5,91.1,134.0,106.9,116.2,AttackMove,BlockedByFriend,fortress,,moved,0,,flame_tank#796 moving,drone_hangar(fixed)@6.5 flame_tank(moving)@4.0 base_wall@9
redrock,Weekly,2,full,796,flame_tank,1,7950,397.5,406.0,8.5,87.9,136.3,119.5,144.3,AttackMove,BlockedByFriend,fortress,,moved,0,,flame_tank#811 moving,drone_hangar(fixed)@9.5 flame_tank(moving)@3.7 base_wall@8
redrock,Weekly,2,full,719,scout_jeep,1,7960,398.0,428.5,30.5,120.7,138.0,139.6,115.6,AttackMove,YieldWait,fortress+gate,narrow+nopark,moved,0,,behind heavy_tank#754,scout_jeep(moving)@2.4 rocket_technical(moving)@9.9 heavy_tank(moving)@3.4 armored_car(moving)@7.1 vbied(moving)@5.2 armored_car(moving)@6.8 armored_car(parked)@6.8 base_wall@10 base_wall@4
redrock,Weekly,2,full,780,vbied,1,8020,401.0,443.5,42.5,124.4,139.4,134.4,139.6,AttackMove,BlockedByFriend,fortress+gate,narrow+nopark,gave up,0,,armored_car#784 moving,sapper(moving)@9.3 scout_jeep(moving)@4.0 scout_jeep(moving)@2.2 rocket_technical(moving)@7.1 heavy_tank(moving)@5.1 armored_car(moving)@8.8 armored_car(moving)@3.2 armored_car(moving)@8.6 base_wall@7 base_wall@8
redrock,Weekly,2,full,784,armored_car,1,8020,401.0,437.5,36.5,127.3,138.0,119.0,145.0,Move,YieldWait,fortress+gate,narrow+nopark,gave up,0,,behind scout_jeep#720,sapper(moving)@6.3 scout_jeep(moving)@6.7 scout_jeep(moving)@5.4 rocket_technical(moving)@4.6 heavy_tank(moving)@8.3 vbied(moving)@3.2 base_wall@8 base_wall@5
redrock,Weekly,2,full,734,rocket_technical,1,8040,402.0,411.5,9.5,132.0,140.0,91.0,121.0,Move,YieldWait,fortress+gate,narrow+nopark,moved,0,,behind armored_car#784,sapper(moving)@2.6 scout_jeep(moving)@9.7 vbied(moving)@7.4 armored_car(moving)@4.6 base_wall@6 base_wall@10
redrock,Weekly,2,full,717,sapper,1,8050,402.5,414.0,11.5,134.0,138.0,117.8,113.7,AttackMove,YieldWait,fortress+gate,narrow+nopark,moved,0,,behind rocket_technical#734,rocket_technical(moving)@3.4 vbied(moving)@9.5 armored_car(moving)@5.6 base_wall@5 base_wall@7
redrock,Weekly,2,full,779,armored_car,1,8090,404.5,415.0,10.5,111.6,138.1,125.7,139.2,AttackMove,Unknown,fortress,,moved,0,,speed 0.0 strikes 0,guard_tower(fixed)@6.1 scout_jeep(moving)@9.3 heavy_tank(moving)@6.8 base_wall@9 base_wall@4 base_wall@9
redrock,Weekly,2,full,741,counter_battery_radar,1,8270,413.5,423.0,9.5,106.3,124.0,93.0,121.0,Move,BlockedByFriend,fortress+gate,nopark,moved,0,,ew_jammer#712 moving,c_ram(fixed)@5.6 scout_jeep(parked)@8.4 ew_jammer(moving)@4.6 heavy_tank(parked)@8.8 counter_battery_radar(parked)@7.5
redrock,Weekly,2,full,785,armored_car,1,8350,417.5,435.5,18.0,118.3,138.0,125.7,139.2,AttackMove,YieldWait,fortress+gate,nopark,moved,0,,behind scout_jeep#719,scout_jeep(moving)@4.3 armored_car(moving)@5.2 vbied(moving)@5.8 armored_car(moving)@8.8 base_wall@7 base_wall@4
redrock,Weekly,2,full,779,armored_car,1,8360,418.0,426.5,8.5,113.6,138.4,125.7,139.2,AttackMove,YieldWait,fortress,,moved,0,,behind armored_car#785,guard_tower(fixed)@7.8 scout_jeep(moving)@9.1 armored_car(moving)@4.7 base_wall@5 base_wall@8
redrock,Weekly,2,full,734,rocket_technical,1,8430,421.5,433.0,11.5,132.4,142.0,93.0,135.0,Move,OffRoute,fortress+gate,nopark,gave up,0,,to (117.0;139.0) past outline,sapper(moving)@2.7 vbied(moving)@8.1 armored_car(moving)@6.8 base_wall@8
redrock,Weekly,2,full,795,engineer_vehicle,1,8430,421.5,434.0,12.5,86.0,121.5,97.0,135.0,Move,BlockedByFriend,fortress,,moved,0,,scout_jeep#709 moving,drone_hangar(fixed)@8.1 scout_jeep(moving)@3.9 heavy_rocket_artillery(parked)@8.8 thermobaric_launcher(moving)@3.1 shahed_truck(parked)@8.5 counter_battery_radar(parked)@5.3 base_wall@3 base_wall@9
redrock,Weekly,2,full,717,sapper,1,8510,425.5,441.0,15.5,132.6,138.4,117.8,113.7,AttackMove,YieldWait,fortress+gate,narrow+nopark,moved,0,,behind armored_car#784,scout_jeep(moving)@9.8 rocket_technical(moving)@3.6 vbied(moving)@8.9 armored_car(moving)@5.9 base_wall@5 base_wall@8
redrock,Weekly,2,full,719,scout_jeep,1,8570,428.5,442.5,14.0,122.9,138.0,139.6,115.6,AttackMove,YieldWait,fortress+gate,narrow+nopark,moved,0,,behind armored_car#784,sapper(moving)@9.1 armored_car(moving)@4.7 vbied(moving)@2.3 armored_car(moving)@4.4 armored_car(moving)@4.3 base_wall@5 base_wall@9
redrock,Weekly,2,full,779,armored_car,1,8570,428.5,442.5,14.0,120.0,141.7,125.7,139.2,AttackMove,OffRoute,fortress+gate,nopark,gave up,0,,to (125.7;139.2) past ?,scout_jeep(moving)@4.7 vbied(moving)@5.0 armored_car(moving)@8.1 armored_car(moving)@3.9 base_wall@8
redrock,Weekly,2,full,754,heavy_tank,1,8750,437.5,447.5,10.0,73.9,119.4,117.8,113.7,AttackMove,OffRoute,fortress,,moved,0,,to (87.0;113.0) past base_wall,c_ram(fixed)@6.0 engineer_vehicle(moving)@9.5 base_wall@10
redrock,Weekly,2,full,734,rocket_technical,1,8770,438.5,449.5,11.0,136.5,139.3,92.9,117.2,Move,YieldWait,fortress+gate,narrow+nopark,moved,0,,behind sapper#717,sapper(moving)@5.3 scout_jeep(moving)@8.1 vbied(moving)@6.3 armored_car(moving)@3.7 base_wall@8 base_wall@9
redrock,Weekly,2,full,717,sapper,1,8820,441.0,473.0,32.0,132.5,142.0,117.8,113.7,AttackMove,OffRoute,fortress+gate,nopark,moved,0,,to (117.0;139.0) past outline,scout_jeep(moving)@4.6 rocket_technical(moving)@5.2 vbied(moving)@2.6 armored_car(moving)@4.6 armored_car(moving)@9.5 base_wall@8
redrock,Weekly,2,full,718,command_vehicle,1,8930,446.5,457.5,11.0,86.1,121.9,91.2,111.1,Move,GateWait,fortress,,moved,0,,doorway 0,drone_hangar(fixed)@7.8 shahed_truck(moving)@3.5 engineer_vehicle(moving)@8.6 elite_fpv_carrier(moving)@5.5 base_wall@3 base_wall@8
redrock,Weekly,2,full,734,rocket_technical,1,8990,449.5,463.0,13.5,137.4,142.0,92.9,117.2,Move,YieldWait,fortress+gate,narrow+nopark,moved,0,,behind sapper#717,scout_jeep(moving)@9.9 sapper(moving)@5.1 scout_jeep(moving)@8.0 vbied(moving)@6.6 armored_car(moving)@4.2
redrock,Weekly,2,full,709,scout_jeep,1,9040,452.0,469.5,17.5,127.0,139.8,139.6,115.6,AttackMove,YieldWait,fortress+gate,narrow+nopark,moved,0,,behind vbied#780,sapper(moving)@6.0 scout_jeep(moving)@3.3 vbied(moving)@3.4 armored_car(moving)@7.7 base_wall@9 base_wall@7
redrock,Weekly,2,full,719,scout_jeep,1,9050,452.5,467.0,14.5,129.8,138.0,139.6,115.6,AttackMove,YieldWait,fortress+gate,narrow+nopark,moved,0,,behind armored_car#784,scout_jeep(moving)@3.6 sapper(moving)@5.1 rocket_technical(moving)@9.1 vbied(moving)@1.9 armored_car(moving)@4.7 base_wall@4 base_wall@9
redrock,Weekly,2,full,784,armored_car,1,9220,461.0,476.5,15.5,133.8,138.0,115.0,143.0,Move,BlockedByFriend,fortress+gate,narrow+nopark,moved,0,,vbied#780 moving,scout_jeep(moving)@8.4 scout_jeep(moving)@9.3 sapper(moving)@3.9 scout_jeep(moving)@6.0 vbied(moving)@4.8 base_wall@5 base_wall@7
redrock,Weekly,2,full,711,scout_jeep,1,9270,463.5,477.0,13.5,124.2,138.0,134.4,139.6,AttackMove,YieldWait,fortress+gate,narrow+nopark,moved,0,,behind scout_jeep#709,scout_jeep(moving)@2.3 scout_jeep(moving)@2.7 armored_car(moving)@4.8 vbied(moving)@5.9 base_wall@6 base_wall@8
redrock,Weekly,2,full,754,heavy_tank,1,9560,478.0,489.5,11.5,109.9,107.1,138.4,124.4,AttackMove,BlockedByFriend,fortress,route,moved,0,,counter_battery_radar#791 moving,ew_jammer(moving)@6.0 thermobaric_launcher(moving)@9.8 counter_battery_radar(moving)@9.8 shahed_truck(parked)@8.5 armored_car(parked)@7.9 counter_battery_radar(parked)@7.9 counter_battery_radar(moving)@4.4 engineer_vehicle(moving)@9.0
redrock,Weekly,2,full,735,thermobaric_launcher,1,10320,516.0,524.5,8.5,92.4,120.7,99.0,123.0,Move,BlockedByFriend,fortress,,moved,0,,rocket_technical#790 moving,drone_hangar(fixed)@6.9 ew_jammer(moving)@6.4 scout_jeep(moving)@3.7 rocket_technical(moving)@4.3 counter_battery_radar(parked)@5.1 counter_battery_radar(parked)@7.7 shahed_truck(moving)@6.4 armored_car(moving)@4.5 rocket_technical(moving)@4.1 base_wall@9
redrock,Weekly,2,full,847,mine_layer,1,10630,531.5,543.5,12.0,94.3,138.0,106.9,116.2,AttackMove,BlockedByFriend,fortress,,moved,0,,rocket_technical#790 moving,scout_jeep(moving)@7.1 sapper(moving)@9.2 rocket_technical(moving)@9.0 heavy_tank(moving)@4.8 vbied(moving)@3.7 armored_car(moving)@5.2 rocket_technical(moving)@5.0 flame_tank(moving)@5.4 flame_tank(moving)@5.3
redrock,Weekly,2,full,754,heavy_tank,1,10640,532.0,548.5,16.5,91.5,134.0,138.4,124.4,AttackMove,StalePath,fortress,,moved,0,,leg 5/5 to (138.4;124.4) crosses base_wall (corner),drone_hangar(fixed)@6.5 rocket_technical(moving)@5.4 vbied(moving)@9.5 armored_car(moving)@9.0 rocket_technical(parked)@3.6 flame_tank(moving)@6.5 mine_layer(moving)@4.8 base_wall@9
redrock,Weekly,2,full,811,flame_tank,1,10640,532.0,543.0,11.0,96.0,143.0,95.7,109.9,AttackMove,BlockedByFriend,fortress,,moved,0,,vbied#780 moving,scout_jeep(moving)@5.9 sapper(moving)@4.1 vbied(moving)@3.3 armored_car(moving)@4.1 rocket_technical(parked)@9.0 flame_tank(moving)@9.2 mine_layer(moving)@5.4
redrock,Weekly,2,full,785,armored_car,1,10780,539.0,548.5,9.5,90.3,142.6,139.2,124.3,AttackMove,YieldWait,fortress,,moved,0,,behind mine_layer#847,scout_jeep(moving)@6.6 sapper(moving)@4.8 command_vehicle(moving)@8.5 rocket_technical(parked)@6.4 heavy_tank(moving)@9.9 armored_car(moving)@6.6 rocket_technical(parked)@7.6 flame_tank(moving)@7.7 mine_layer(moving)@5.5 ew_jammer(moving)@3.0
redrock,Weekly,2,full,717,sapper,1,10880,544.0,553.5,9.5,96.1,141.6,117.8,113.7,AttackMove,YieldWait,fortress,,moved,0,,behind flame_tank#796,scout_jeep(moving)@3.8 command_vehicle(parked)@8.8 rocket_technical(parked)@6.2 heavy_tank(moving)@7.8 armored_car(moving)@9.6 armored_car(moving)@4.0 flame_tank(moving)@2.9 flame_tank(moving)@6.5 ew_jammer(moving)@6.8
redrock,Weekly,2,full,719,scout_jeep,1,10890,544.5,553.0,8.5,119.6,115.8,112.4,118.5,AttackMove,BlockedByFriend,fortress,,gave up,0,,twin_tank#755 parked,smoke_carrier(parked)@5.6 twin_tank(parked)@3.4 heavy_tank(parked)@7.7
redrock,Weekly,2,full,811,flame_tank,1,10930,546.5,555.0,8.5,102.7,138.8,95.7,109.9,AttackMove,BlockedByFriend,fortress,,moved,0,,scout_jeep#709 moving,scout_jeep(moving)@2.5 sapper(moving)@8.9 rocket_technical(parked)@8.2 heavy_tank(moving)@5.5 vbied(moving)@8.4 armored_car(moving)@6.8 flame_tank(moving)@5.7
redrock,Weekly,2,full,796,flame_tank,1,10980,549.0,569.5,20.5,96.1,137.8,106.9,116.2,AttackMove,BlockedByFriend,fortress,,moved,0,,scout_jeep#720 moving,scout_jeep(moving)@3.0 sapper(moving)@4.2 command_vehicle(moving)@7.1 scout_jeep(moving)@3.5 rocket_technical(parked)@3.8 heavy_tank(moving)@6.8 vbied(moving)@7.8 armored_car(moving)@8.9 armored_car(moving)@4.5 flame_tank(moving)@4.7 mine_layer(moving)@6.5 ew_jammer(parked)@4.6
redrock,Weekly,2,full,780,vbied,1,11120,556.0,566.5,10.5,97.7,145.8,112.4,118.5,AttackMove,OffRoute,fortress,,moved,0,,to (87.0;139.0) past outline,sapper(moving)@5.1 armored_car(moving)@7.6 engineer_vehicle(moving)@4.7 flame_tank(moving)@8.5 flame_tank(moving)@8.7
redrock,Weekly,2,full,847,mine_layer,1,11240,562.0,577.5,15.5,90.2,135.3,106.9,116.2,AttackMove,YieldWait,fortress,,moved,0,,behind mobile_fortress#857,drone_hangar(fixed)@7.9 command_vehicle(parked)@2.7 rocket_technical(parked)@4.4 engineer_vehicle(moving)@9.4 flame_tank(moving)@6.4 ew_jammer(parked)@6.5 mobile_fortress(moving)@8.9 base_wall@9
redrock,Weekly,2,full,811,flame_tank,1,11260,563.0,573.0,10.0,99.0,137.6,95.7,109.9,AttackMove,BlockedByFriend,fortress,,moved,0,,ew_jammer#853 parked,c_ram(fixed)@10.0 scout_jeep(moving)@5.1 sapper(moving)@4.7 command_vehicle(parked)@7.3 scout_jeep(moving)@7.3 rocket_technical(moving)@6.7 vbied(moving)@6.1 armored_car(moving)@4.4 engineer_vehicle(moving)@8.1 flame_tank(moving)@4.9 mine_layer(moving)@9.0 ew_jammer(parked)@3.5
redrock,Weekly,2,full,795,engineer_vehicle,1,11290,564.5,575.5,11.0,94.0,144.0,93.0,135.0,Move,StalePath,fortress,,gave up,0,,leg 2/6 to (91.0;143.0) crosses outline,vbied(moving)@9.8 flame_tank(moving)@4.8 flame_tank(moving)@7.3 mine_layer(moving)@9.2 ew_jammer(parked)@10.0
redrock,Weekly,2,full,857,mobile_fortress,1,11320,566.0,575.0,9.0,83.6,142.5,140.1,95.7,AttackMove,StalePath,fortress,,moved,0,,leg 2/5 to (135.0;139.0) crosses ?,rocket_technical(parked)@8.8 flame_tank(moving)@8.2 mine_layer(moving)@7.2
redrock,Weekly,2,full,825,elite_fpv_carrier,1,11380,569.0,577.5,8.5,75.9,135.7,92.7,143.9,Move,StalePath,fortress,,moved,0,,leg 3/3 to (92.7;143.9) crosses ? (corner),counter_battery_radar(moving)@4.7 counter_battery_radar(moving)@4.7 counter_battery_radar(moving)@3.8 counter_battery_radar(moving)@6.6 base_wall@9
redrock,Weekly,2,full,741,counter_battery_radar,1,11420,571.0,584.5,13.5,80.0,132.7,90.6,139.5,Move,BlockedByFriend,fortress,,moved,0,,elite_fpv_carrier#825 moving,ew_jammer(moving)@10.0 command_vehicle(moving)@8.7 counter_battery_radar(moving)@4.4 counter_battery_radar(moving)@8.2 rocket_technical(parked)@6.1 counter_battery_radar(moving)@8.0 elite_fpv_carrier(moving)@4.3 mine_layer(moving)@5.9 base_wall@4
redrock,Weekly,2,full,718,command_vehicle,1,11590,579.5,594.0,14.5,86.1,135.4,102.2,134.2,Move,StalePath,fortress,,gave up,0,,leg 3/3 to (102.2;134.2) crosses c_ram(defence) (corner),drone_hangar(fixed)@9.6 scout_jeep(moving)@4.3 counter_battery_radar(moving)@8.5 vbied(moving)@7.1 counter_battery_radar(moving)@9.9 rocket_technical(parked)@3.0 flame_tank(moving)@8.6 flame_tank(moving)@3.7 elite_fpv_carrier(moving)@6.1 base_wall@6
redrock,Weekly,2,full,786,counter_battery_radar,1,11610,580.5,590.5,10.0,76.2,136.8,104.6,137.0,Move,BlockedByFriend,fortress,,moved,0,,elite_fpv_carrier#825 moving,ew_jammer(moving)@4.1 thermobaric_launcher(moving)@8.4 counter_battery_radar(moving)@6.8 counter_battery_radar(moving)@6.7 shahed_truck(moving)@8.8 rocket_technical(parked)@6.6 counter_battery_radar(moving)@9.5 flame_tank(moving)@3.3 elite_fpv_carrier(moving)@4.0 mine_layer(moving)@4.6 base_wall@10
redrock,Weekly,2,full,741,counter_battery_radar,1,11790,589.5,598.5,9.0,78.3,131.7,90.7,120.5,Move,BlockedByFriend,fortress,,moved,0,,thermobaric_launcher#735 moving,ew_jammer(moving)@7.3 command_vehicle(moving)@8.3 heavy_rocket_artillery(moving)@2.9 thermobaric_launcher(moving)@5.2 counter_battery_radar(moving)@9.5 shahed_truck(moving)@5.1 counter_battery_radar(moving)@3.7 flame_tank(moving)@9.1 elite_fpv_carrier(moving)@5.8 base_wall@5
redrock,Weekly,2,full,709,scout_jeep,1,11820,591.0,600.1,9.1,88.6,136.1,112.4,118.5,AttackMove,YieldWait,fortress,,open,0,,behind mobile_fortress#857,drone_hangar(fixed)@9.0 command_vehicle(moving)@2.5 shahed_truck(moving)@9.7 vbied(moving)@8.0 rocket_technical(moving)@9.8 engineer_vehicle(moving)@7.6 flame_tank(moving)@4.9 elite_fpv_carrier(moving)@6.8 mobile_fortress(moving)@7.1 base_wall@8
redrock,Weekly,2,full,791,counter_battery_radar,1,11820,591.0,600.1,9.1,75.0,145.4,109.0,119.0,Move,BlockedByFriend,fortress,,open,0,,flame_tank#796 moving,counter_battery_radar(moving)@7.8 flame_tank(moving)@6.0
redrock,Weekly,2,full,825,elite_fpv_carrier,1,11820,591.0,600.1,9.1,81.9,137.4,100.1,136.1,Move,BlockedByFriend,fortress,,open,0,,command_vehicle#718 moving,scout_jeep(moving)@6.8 command_vehicle(moving)@5.4 heavy_rocket_artillery(moving)@9.4 counter_battery_radar(moving)@8.4 shahed_truck(moving)@3.7 counter_battery_radar(moving)@8.1 flame_tank(moving)@5.7 mobile_fortress(moving)@7.7 base_wall@8
junglepass,Defend,1,obstacles,983,titan_tank,0,220,11.0,23.5,12.5,98.8,98.0,78.5,84.4,AttackMove,BlockedByDefence,fortress,,moved,0,,ammo_depot#957 parked,repair_bay(fixed)@6.0 ammo_depot(fixed)@6.9 aa_vehicle(parked)@8.8 aa_vehicle(parked)@6.5
junglepass,Defend,1,obstacles,991,siege_tank,0,3580,179.0,187.5,8.5,63.5,-5.4,45.0,39.0,Move,Unknown,fortress,,moved,0,,speed 2.3 strikes 0,wreck_tank@9
junglepass,Defend,1,obstacles,1064,titan_tank,0,4970,248.5,257.5,9.0,59.8,87.0,50.3,70.0,AttackMove,StalePath,fortress+gate,nopark,moved,0,,leg 2/3 to (53.0;69.0) crosses gun_pit(defence),gun_pit(fixed)@5.9 minefield(fixed)@5.9 aa_vehicle(moving)@7.4 aa_vehicle(moving)@8.9 aa_vehicle(moving)@8.9 ifv(moving)@7.5
junglepass,Defend,1,obstacles,998,aa_vehicle,0,5050,252.5,262.5,10.0,57.7,82.0,51.0,57.0,AttackMove,BlockedByDefence,fortress,,gave up,0,,minefield#968 parked,gun_pit(fixed)@5.5 minefield(fixed)@5.3 aa_vehicle(moving)@8.6 titan_tank(moving)@9.8 aa_vehicle(moving)@5.9
junglepass,Defend,1,obstacles,1026,aa_vehicle,0,5360,268.0,278.5,10.5,59.7,79.3,35.4,42.3,AttackMove,BlockedByFriend,fortress,,moved,0,,titan_tank#1043 moving,gun_pit(fixed)@8.8 minefield(fixed)@4.3 aa_vehicle(moving)@5.0 titan_tank(moving)@4.1 titan_tank(moving)@5.2
junglepass,Defend,1,obstacles,1043,titan_tank,0,5460,273.0,285.5,12.5,57.2,82.0,51.0,57.0,AttackMove,OffRoute,fortress,,moved,0,,to (59.0;91.0) past gun_pit(defence),gun_pit(fixed)@5.1 minefield(fixed)@5.8 aa_vehicle(moving)@7.1
junglepass,Defend,1,obstacles,983,titan_tank,0,5640,282.0,294.0,12.0,54.0,100.9,53.0,63.0,AttackMove,StalePath,fortress+gate,nopark,moved,0,,leg 3/8 to (55.0;101.0) crosses gun_pit(defence) (corner),gun_pit(fixed)@6.0 siege_tank(moving)@5.9 artillery(moving)@6.6 aa_vehicle(moving)@6.3 ammo_dump@8 floodlight_mast@9
junglepass,Defend,1,obstacles,1002,artillery,0,5680,284.0,296.0,12.0,54.0,94.5,49.0,103.0,Move,YieldWait,fortress+gate,nopark,moved,0,,behind titan_tank#983,gun_pit(fixed)@8.5 gun_pit(fixed)@8.1 titan_tank(moving)@6.5 aa_vehicle(moving)@6.8 ammo_dump@6
junglepass,Defend,1,obstacles,1043,titan_tank,0,5840,292.0,301.5,9.5,58.0,80.4,51.0,57.0,AttackMove,Unknown,fortress,,moved,0,,speed 0.7 strikes 0,gun_pit(fixed)@6.9 minefield(fixed)@5.3
junglepass,Defend,1,obstacles,991,siege_tank,0,6360,318.0,326.5,8.5,52.7,65.7,77.4,29.2,Move,BlockedByFriend,fortress,,moved,0,,titan_tank#1043 moving,dragons_teeth(fixed)@6.0 siege_tank(parked)@9.6 titan_tank(moving)@5.4
junglepass,Defend,1,obstacles,1063,main_battle_tank,0,6480,324.0,336.0,12.0,50.4,42.0,119.4,57.5,AttackMove,BlockedByDefence,fortress+gate,route+nopark,moved,0,,gun_pit#1085 parked,titan_tank(moving)@4.2 heavy_tank(parked)@8.0 gun_pit(fixed)@5.1
junglepass,Defend,1,obstacles,1071,aa_vehicle,0,6480,324.0,338.5,14.5,104.0,58.6,107.0,53.0,AttackMove,BlockedByFriend,fortress,narrow,moved,0,,titan_tank#983 parked,titan_tank(parked)@4.9 aa_vehicle(parked)@5.6
junglepass,Defend,1,obstacles,1021,titan_tank,0,6500,325.0,333.5,8.5,55.6,42.1,51.0,57.0,AttackMove,OffRoute,fortress+gate,route+nopark,moved,0,,to (53.0;55.0) past dragons_teeth(defence),dragons_teeth(fixed)@6.8 siege_tank(moving)@10.0 heavy_tank(parked)@8.4 main_battle_tank(moving)@5.6 titan_tank(parked)@9.3 aa_vehicle(moving)@5.6 gun_pit(fixed)@8.7
junglepass,Defend,1,obstacles,1065,siege_tank,0,6840,342.0,351.5,9.5,112.0,61.8,71.0,45.0,Move,BlockedByFriend,fortress,,moved,0,,ifv#1087 moving,titan_tank(moving)@9.4 ifv(parked)@8.4 ifv(moving)@9.5 aa_vehicle(moving)@6.2 ifv(moving)@5.1 ifv(moving)@5.7 shield_generator@8
junglepass,Defend,1,obstacles,993,siege_tank,0,6950,347.5,357.5,10.0,53.3,101.0,67.3,76.1,Move,OffRoute,fortress+gate,nopark,moved,0,,to (55.0;95.0) past ammo_dump,gun_pit(fixed)@6.8 ammo_dump@7 floodlight_mast@8
junglepass,Defend,1,obstacles,1090,ifv,0,7200,360.0,372.0,12.0,101.6,60.1,112.8,46.7,AttackMove,OffRoute,fortress,,moved,0,,to (107.0;47.0) past super_gun(defence),titan_tank(parked)@9.1 titan_tank(moving)@4.5 siege_tank(moving)@8.0 aa_vehicle(moving)@8.4 ifv(moving)@6.5 ifv(parked)@7.3 ifv(moving)@4.5 aa_vehicle(moving)@8.0 aa_vehicle(moving)@7.3
junglepass,Defend,1,obstacles,1106,aa_vehicle,0,7650,382.5,393.5,11.0,108.9,61.1,112.8,47.3,AttackMove,BlockedByFriend,fortress,,moved,0,,ifv#1046 parked,ifv(parked)@4.0 main_battle_tank(moving)@4.4 titan_tank(moving)@9.3 aa_vehicle(moving)@7.3 ifv(moving)@4.8 ifv(parked)@6.4 aa_vehicle(moving)@6.6 aa_vehicle(moving)@4.2 ifv(moving)@3.4 shield_generator@8
junglepass,Defend,1,obstacles,1063,main_battle_tank,0,7720,386.0,401.0,15.0,110.4,65.0,112.8,47.3,AttackMove,BlockedByFriend,fortress,,moved,0,,ifv#1086 moving,heavy_tank(moving)@4.2 ifv(parked)@5.9 titan_tank(moving)@7.0 aa_vehicle(moving)@8.9 ifv(moving)@3.6 aa_vehicle(moving)@5.1 aa_vehicle(parked)@9.7 ifv(moving)@6.3
junglepass,Defend,1,obstacles,1107,aa_vehicle,0,7780,389.0,399.5,10.5,100.4,60.1,112.8,46.7,AttackMove,YieldWait,fortress,,moved,0,,behind titan_tank#1064,super_gun(fixed)@9.7 heavy_tank(moving)@9.7 titan_tank(moving)@5.2 artillery(moving)@9.7 aa_vehicle(moving)@7.8 aa_vehicle(parked)@8.5 aa_vehicle(moving)@8.8
junglepass,Defend,1,obstacles,1071,aa_vehicle,0,7840,392.0,404.0,12.0,116.1,60.0,112.8,46.7,AttackMove,OffRoute,fortress,,gave up,0,,to (119.0;47.0) past shield_generator,ifv(parked)@9.7 titan_tank(moving)@9.4 ifv(parked)@4.2 main_battle_tank(moving)@8.2 heavy_tank(parked)@4.9 ifv(moving)@4.6 ifv(moving)@4.6 aa_vehicle(moving)@10.0 aa_vehicle(parked)@9.3 ifv(moving)@6.4 shield_generator@7
junglepass,Defend,1,obstacles,983,titan_tank,0,8060,403.0,417.5,14.5,121.6,42.3,107.0,53.0,AttackMove,YieldWait,fortress,narrow,gave up,0,,behind aa_vehicle#1105,aa_vehicle(parked)@8.1 main_battle_tank(parked)@8.0 ifv(moving)@4.8 aa_vehicle(moving)@6.4 base_wall@10 base_wall@9
junglepass,Defend,1,obstacles,1092,artillery,0,8090,404.5,413.5,9.0,102.0,64.4,106.2,53.4,Attack,StalePath,fortress,,moved,0,,leg 2/2 to (106.2;53.4) crosses super_gun(defence) (corner),titan_tank(parked)@9.8 heavy_tank(moving)@6.5 aa_vehicle(moving)@8.2 aa_vehicle(parked)@9.0 ifv(moving)@6.9 artillery(moving)@6.1
junglepass,Defend,1,obstacles,1105,aa_vehicle,0,8300,415.0,427.0,12.0,123.3,48.0,113.2,61.3,AttackMove,OffRoute,fortress,,moved,0,,to (121.0;61.0) past heavy_turret(defence),heavy_turret(fixed)@7.6 titan_tank(moving)@7.2 ifv(parked)@6.1 aa_vehicle(moving)@8.6 main_battle_tank(parked)@3.5 ifv(moving)@7.7 ifv(parked)@8.9
junglepass,Defend,1,obstacles,1043,titan_tank,0,8340,417.0,427.5,10.5,108.5,66.3,107.0,53.0,AttackMove,YieldWait,fortress,,moved,0,,behind artillery#1113,heavy_tank(moving)@9.4 ifv(moving)@7.8 main_battle_tank(moving)@9.7 aa_vehicle(moving)@3.7 heavy_tank(moving)@9.2 artillery(parked)@5.6 aa_vehicle(parked)@9.2 ifv(moving)@5.9 artillery(moving)@4.6
junglepass,Defend,1,obstacles,1109,aa_vehicle,0,8340,417.0,426.5,9.5,104.2,49.2,120.2,65.3,AttackMove,BlockedByFriend,fortress,narrow,moved,0,,aa_vehicle#1108 moving,super_gun(fixed)@9.6 heavy_tank(moving)@8.8 titan_tank(moving)@5.7 ifv(moving)@5.3 aa_vehicle(moving)@3.5 aa_vehicle(parked)@8.6 aa_vehicle(moving)@4.4 base_wall@9
junglepass,Defend,1,obstacles,983,titan_tank,0,8350,417.5,431.0,13.5,118.9,42.6,113.2,61.3,AttackMove,BlockedByFriend,fortress,narrow,moved,0,,aa_vehicle#1027 moving,ifv(parked)@8.2 aa_vehicle(moving)@6.3 main_battle_tank(parked)@7.0 aa_vehicle(moving)@7.0 base_wall@7
junglepass,Defend,1,obstacles,1042,heavy_tank,0,8490,424.5,452.0,27.5,104.0,59.3,112.8,47.3,AttackMove,YieldWait,fortress,narrow,gave up,0,,behind aa_vehicle#1108,titan_tank(moving)@7.4 aa_vehicle(moving)@8.9 artillery(parked)@9.3 aa_vehicle(parked)@9.1 aa_vehicle(moving)@3.5 aa_vehicle(moving)@5.0 aa_vehicle(moving)@5.6 ifv(moving)@5.4
junglepass,Defend,1,obstacles,1021,titan_tank,0,8530,426.5,436.0,9.5,76.8,61.7,105.0,49.0,Move,BlockedByFriend,fortress,,moved,0,,siege_tank#991 parked,c_ram(fixed)@8.4 siege_tank(parked)@5.4
junglepass,Defend,1,obstacles,1110,ifv,0,8570,428.5,437.5,9.0,109.0,64.9,109.8,72.0,AttackMove,BlockedByFriend,fortress,,moved,0,,artillery#1113 moving,heavy_tank(moving)@7.8 titan_tank(moving)@4.4 main_battle_tank(moving)@9.4 aa_vehicle(moving)@2.4 heavy_tank(moving)@6.2 aa_vehicle(moving)@6.0 artillery(moving)@5.9
junglepass,Defend,1,obstacles,1083,heavy_tank,0,8610,430.5,440.5,10.0,113.6,67.7,112.8,47.3,AttackMove,BlockedByFriend,fortress,,moved,0,,ifv#1086 moving,main_battle_tank(moving)@8.3 aa_vehicle(moving)@7.8 ifv(moving)@4.8 ifv(moving)@8.6 artillery(moving)@8.3 aa_vehicle(moving)@8.4 ifv(moving)@4.8 artillery(moving)@7.7
junglepass,Defend,1,obstacles,1109,aa_vehicle,0,8630,431.5,448.0,16.5,108.0,55.8,120.2,65.3,AttackMove,BlockedByFriend,fortress,narrow,moved,0,,aa_vehicle#1107 moving,aa_vehicle(parked)@10.0 heavy_tank(moving)@4.7 titan_tank(moving)@7.2 titan_tank(moving)@7.8 ifv(moving)@10.0 ifv(moving)@7.5 aa_vehicle(parked)@3.3 aa_vehicle(moving)@4.5 aa_vehicle(moving)@4.3 ifv(moving)@8.9 artillery(moving)@6.3 shield_generator@5
junglepass,Defend,1,obstacles,1087,ifv,0,8640,432.0,440.5,8.5,105.3,48.9,113.2,60.7,AttackMove,StalePath,fortress,narrow,moved,0,,leg 2/5 to (105.0;51.0) crosses shield_generator (corner),aa_vehicle(parked)@9.0 heavy_tank(moving)@9.3 titan_tank(moving)@3.8 aa_vehicle(parked)@4.5 aa_vehicle(moving)@5.3 aa_vehicle(moving)@7.4 base_wall@9 shield_generator@9
junglepass,Defend,1,obstacles,1063,main_battle_tank,0,8690,434.5,447.0,12.5,117.6,60.0,112.8,47.3,AttackMove,BlockedByFriend,fortress,,moved,0,,artillery#1113 moving,ifv(moving)@5.9 main_battle_tank(moving)@3.7 heavy_tank(moving)@8.6 ifv(moving)@3.6 ifv(moving)@6.3 ifv(parked)@6.0 aa_vehicle(moving)@9.3 artillery(moving)@5.5 shield_generator@8
junglepass,Defend,1,obstacles,1110,ifv,0,8970,448.5,464.0,15.5,102.3,60.0,112.8,46.7,AttackMove,OffRoute,fortress,,moved,0,,to (105.0;57.0) past super_gun(defence),titan_tank(moving)@8.6 heavy_tank(parked)@7.2 aa_vehicle(moving)@10.0 ifv(parked)@10.0 aa_vehicle(parked)@5.0 aa_vehicle(parked)@5.8 aa_vehicle(parked)@7.1
junglepass,Defend,1,obstacles,1072,main_battle_tank,0,9090,454.5,463.0,8.5,118.0,58.5,107.0,53.0,AttackMove,OffRoute,fortress,narrow,gave up,0,,to (107.0;61.0) past shield_generator,ifv(moving)@4.7 main_battle_tank(moving)@4.3 aa_vehicle(moving)@6.1 ifv(parked)@4.5 ifv(parked)@4.1 artillery(moving)@7.8 aa_vehicle(moving)@7.9 artillery(moving)@7.4 shield_generator@7
junglepass,Defend,1,obstacles,1083,heavy_tank,0,9380,469.0,488.5,19.5,111.1,65.2,112.8,47.3,AttackMove,BlockedByFriend,fortress,,moved,0,,titan_tank#1021 moving,titan_tank(moving)@5.5 heavy_tank(parked)@9.5 titan_tank(moving)@6.9 main_battle_tank(moving)@3.3 ifv(moving)@8.8 ifv(parked)@7.1 artillery(moving)@6.2 aa_vehicle(moving)@3.7 ifv(parked)@9.4
junglepass,Defend,1,obstacles,1105,aa_vehicle,0,9390,469.5,482.5,13.0,122.0,48.7,113.2,61.3,AttackMove,YieldWait,fortress,narrow,moved,0,,behind ifv#1046,heavy_turret(fixed)@8.0 ifv(moving)@3.5 ifv(moving)@4.8 main_battle_tank(parked)@8.1 ifv(parked)@5.7 artillery(moving)@6.2
junglepass,Defend,1,obstacles,1021,titan_tank,0,9410,470.5,480.0,9.5,108.9,60.0,123.0,41.0,Move,BlockedByFriend,fortress,,moved,0,,titan_tank#1043 moving,heavy_tank(parked)@4.6 titan_tank(moving)@3.5 main_battle_tank(moving)@7.4 titan_tank(parked)@9.7 heavy_tank(moving)@6.3 ifv(moving)@9.4 ifv(moving)@4.8 artillery(moving)@8.1 aa_vehicle(parked)@9.0 aa_vehicle(moving)@7.4 ifv(parked)@5.6 shield_generator@7
junglepass,Defend,1,obstacles,1063,main_battle_tank,0,9410,470.5,482.5,12.0,107.3,67.2,112.8,47.3,AttackMove,BlockedByFriend,fortress,,moved,0,,heavy_tank#1083 moving,siege_tank(moving)@8.0 titan_tank(moving)@7.4 titan_tank(moving)@4.9 heavy_tank(moving)@4.3 ifv(moving)@9.6 artillery(moving)@2.9
junglepass,Defend,1,obstacles,1046,ifv,0,9420,471.0,483.5,12.5,122.0,53.0,112.8,47.3,AttackMove,YieldWait,fortress,narrow,gave up,0,,behind aa_vehicle#1105,heavy_turret(fixed)@6.1 ifv(moving)@4.6 main_battle_tank(moving)@4.5 ifv(moving)@7.2 ifv(parked)@4.0 aa_vehicle(moving)@4.9 shield_generator@9
junglepass,Defend,1,obstacles,1113,artillery,0,9480,474.0,483.0,9.0,118.6,44.4,139.0,113.0,Move,BlockedByFriend,fortress,,moved,0,,aa_vehicle#1105 moving,titan_tank(moving)@4.2 ifv(parked)@7.5 ifv(parked)@8.6 ifv(moving)@6.3 aa_vehicle(moving)@5.9 base_wall@8
junglepass,Defend,1,obstacles,1086,ifv,0,9500,475.0,490.0,15.0,119.4,61.0,112.8,47.3,AttackMove,BlockedByFriend,fortress,,moved,0,,ifv#1090 moving,ifv(parked)@9.2 titan_tank(moving)@9.0 ifv(moving)@7.3 aa_vehicle(parked)@4.3 main_battle_tank(parked)@5.2 heavy_tank(moving)@7.1 ifv(moving)@3.9 aa_vehicle(parked)@4.0 shield_generator@9
junglepass,Defend,1,obstacles,1021,titan_tank,0,9600,480.0,506.5,26.5,110.2,60.0,123.0,41.0,Move,BlockedByFriend,fortress,,moved,0,,ifv#1090 moving,siege_tank(moving)@9.9 heavy_tank(parked)@5.7 titan_tank(moving)@5.3 main_battle_tank(parked)@9.2 heavy_tank(moving)@6.8 ifv(moving)@7.9 ifv(moving)@4.4 artillery(moving)@6.6 aa_vehicle(parked)@9.7 aa_vehicle(parked)@6.9 ifv(parked)@6.7 aa_vehicle(moving)@9.4 shield_generator@7
junglepass,Defend,1,obstacles,1113,artillery,0,9680,484.0,495.0,11.0,122.0,49.1,139.0,113.0,Move,YieldWait,fortress,narrow,moved,0,,behind aa_vehicle#1105,heavy_turret(fixed)@7.7 titan_tank(moving)@8.3 ifv(parked)@4.3 ifv(moving)@5.3 main_battle_tank(parked)@7.8 ifv(moving)@9.6 ifv(parked)@6.6 aa_vehicle(moving)@3.7
junglepass,Defend,1,obstacles,993,siege_tank,0,9740,487.0,501.0,14.0,98.9,60.0,141.0,31.0,Move,OffRoute,fortress,,moved,0,,to (107.0;59.0) past super_gun(defence),super_gun(fixed)@8.9 heavy_tank(moving)@9.3 titan_tank(moving)@9.6 artillery(moving)@9.3 ifv(moving)@8.1 aa_vehicle(moving)@4.9 artillery(moving)@5.7
junglepass,Defend,1,obstacles,1086,ifv,0,9800,490.0,503.5,13.5,118.0,58.0,112.8,47.3,AttackMove,YieldWait,fortress,narrow,moved,0,,behind main_battle_tank#1072,ifv(parked)@8.6 titan_tank(moving)@6.5 titan_tank(moving)@8.1 ifv(moving)@5.9 main_battle_tank(moving)@4.0 aa_vehicle(moving)@7.5 main_battle_tank(moving)@4.3 ifv(parked)@3.9 aa_vehicle(moving)@5.0 shield_generator@6
junglepass,Defend,1,obstacles,1139,aa_vehicle,0,9840,492.0,502.0,10.0,103.4,60.0,112.8,46.7,AttackMove,BlockedByFriend,fortress,,moved,0,,heavy_tank#1042 parked,siege_tank(moving)@6.7 titan_tank(moving)@7.8 heavy_tank(parked)@3.8 titan_tank(moving)@8.9 artillery(moving)@7.2 ifv(moving)@7.8 artillery(moving)@7.7
junglepass,Defend,1,obstacles,1105,aa_vehicle,0,9880,494.0,503.0,9.0,116.4,46.1,113.2,61.3,AttackMove,BlockedByFriend,fortress,narrow,moved,0,,ifv#1015 moving,titan_tank(moving)@8.3 ifv(moving)@4.1 ifv(moving)@7.4 main_battle_tank(parked)@8.5 ifv(moving)@6.6 ifv(moving)@3.3 aa_vehicle(moving)@9.5 base_wall@8 shield_generator@9
junglepass,Defend,1,obstacles,1064,titan_tank,0,9910,495.5,505.0,9.5,104.2,49.8,113.2,61.3,AttackMove,BlockedByFriend,fortress,narrow,gave up,0,,aa_vehicle#1106 parked,super_gun(fixed)@9.4 ifv(moving)@5.0 aa_vehicle(parked)@4.4 ifv(parked)@5.6 base_wall@10 shield_generator@10
junglepass,Defend,1,obstacles,1092,artillery,0,9940,497.0,506.5,9.5,108.1,63.0,135.0,17.0,Move,BlockedByFriend,fortress,,moved,0,,heavy_tank#1042 moving,siege_tank(moving)@8.5 titan_tank(moving)@4.9 heavy_tank(moving)@4.4 main_battle_tank(moving)@6.0 siege_tank(moving)@3.5 aa_vehicle(moving)@8.5 ifv(parked)@9.4 aa_vehicle(parked)@9.6 ifv(parked)@8.8 aa_vehicle(moving)@4.9
junglepass,Defend,1,obstacles,1109,aa_vehicle,0,9950,497.5,509.0,11.5,123.7,60.0,112.8,46.7,AttackMove,BlockedByFriend,fortress,,moved,0,,aa_vehicle#1138 moving,heavy_turret(fixed)@7.4 titan_tank(moving)@5.8 ifv(moving)@8.3 main_battle_tank(parked)@7.6 ifv(moving)@4.0 ifv(parked)@6.7 aa_vehicle(moving)@3.8 container_stack@10
junglepass,Defend,1,obstacles,1046,ifv,0,9960,498.0,507.5,9.5,121.6,52.0,107.0,53.0,AttackMove,YieldWait,fortress,narrow,gave up,0,,behind ifv#1015,heavy_turret(fixed)@6.7 titan_tank(moving)@5.1 ifv(parked)@3.9 main_battle_tank(parked)@4.6 ifv(moving)@4.5 ifv(parked)@9.3 ifv(parked)@7.8 aa_vehicle(moving)@8.3 aa_vehicle(moving)@9.9 shield_generator@9
junglepass,Defend,1,obstacles,983,titan_tank,0,10020,501.0,511.0,10.0,124.2,47.6,113.2,61.3,AttackMove,StalePath,fortress,narrow,moved,0,,leg 2/6 to (107.0;47.0) crosses base_wall (corner),heavy_turret(fixed)@7.4 ifv(parked)@6.5 ifv(moving)@6.1 main_battle_tank(parked)@10.0 ifv(moving)@9.4 ifv(parked)@9.4 base_wall@10
junglepass,Defend,1,obstacles,1063,main_battle_tank,0,10140,507.0,519.5,12.5,114.2,64.0,112.8,47.3,AttackMove,BlockedByFriend,fortress,,moved,0,,titan_tank#1021 moving,siege_tank(moving)@6.4 titan_tank(moving)@4.1 heavy_tank(moving)@8.9 titan_tank(moving)@5.3 siege_tank(moving)@3.5 heavy_tank(moving)@8.9 ifv(moving)@7.5 artillery(moving)@8.6 aa_vehicle(moving)@5.7 aa_vehicle(moving)@9.2
junglepass,Defend,1,obstacles,1086,ifv,0,10160,508.0,533.5,25.5,122.0,56.4,112.8,47.3,AttackMove,YieldWait,fortress,narrow,moved,0,,behind ifv#1046,heavy_turret(fixed)@6.5 ifv(moving)@8.6 titan_tank(moving)@6.3 ifv(moving)@3.6 main_battle_tank(moving)@4.7 ifv(moving)@4.1 aa_vehicle(moving)@3.8 shield_generator@9
junglepass,Defend,1,obstacles,1021,titan_tank,0,10190,509.5,524.0,14.5,115.6,60.0,121.0,53.0,Move,OffRoute,fortress,,moved,0,,to (121.0;53.0) past shield_generator,heavy_tank(moving)@9.2 titan_tank(moving)@9.1 ifv(moving)@8.6 main_battle_tank(moving)@5.3 siege_tank(moving)@4.0 main_battle_tank(moving)@4.9 ifv(moving)@7.2 ifv(moving)@4.4 aa_vehicle(moving)@7.0 aa_vehicle(moving)@8.4 shield_generator@7
junglepass,Defend,1,obstacles,1087,ifv,0,10220,511.0,520.0,9.0,112.2,47.4,75.1,54.9,AttackMove,BlockedByFriend,fortress,narrow,moved,0,,ifv#1091 moving,titan_tank(moving)@4.4 ifv(moving)@8.4 ifv(moving)@9.6 titan_tank(moving)@6.9 ifv(moving)@3.3 aa_vehicle(moving)@4.2 ifv(parked)@7.1 base_wall@7 shield_generator@7
junglepass,Defend,1,obstacles,1046,ifv,0,10230,511.5,523.0,11.5,120.2,53.2,74.8,64.0,AttackMove,YieldWait,fortress,narrow,moved,0,,behind ifv#1086,heavy_turret(fixed)@7.9 titan_tank(moving)@6.1 ifv(moving)@5.4 titan_tank(moving)@7.8 main_battle_tank(moving)@3.5 ifv(moving)@4.0 ifv(moving)@9.3 aa_vehicle(moving)@7.9 shield_generator@7
junglepass,Defend,1,obstacles,1065,siege_tank,0,10270,513.5,522.0,8.5,110.8,60.0,144.0,84.3,Move,BlockedByFriend,fortress,,moved,0,,aa_vehicle#1106 moving,siege_tank(moving)@6.7 titan_tank(moving)@4.6 heavy_tank(moving)@7.7 main_battle_tank(moving)@7.1 main_battle_tank(moving)@7.9 ifv(moving)@9.9 aa_vehicle(moving)@4.4 ifv(parked)@6.4 shield_generator@6
junglepass,Defend,1,obstacles,1064,titan_tank,0,10350,517.5,528.5,11.0,104.1,45.1,119.4,57.5,AttackMove,BlockedByFriend,fortress,,moved,0,,ifv#1110 parked,ifv(moving)@6.5 ifv(parked)@6.1 base_wall@5 base_wall@9
junglepass,Defend,1,obstacles,1138,aa_vehicle,0,10540,527.0,537.0,10.0,122.3,60.3,112.8,46.7,AttackMove,OffRoute,fortress,,moved,0,,to (119.0;47.0) past heavy_turret(defence),heavy_turret(fixed)@8.5 titan_tank(moving)@7.1 main_battle_tank(moving)@7.4 heavy_tank(moving)@6.4 ifv(moving)@8.9 aa_vehicle(moving)@5.2
junglepass,Defend,2,light,997,main_battle_tank,0,2790,139.5,149.0,9.5,102.9,60.6,125.0,115.0,AttackMove,BlockedByFriend,fortress,,moved,0,,scout_jeep#1013 moving,main_battle_tank(moving)@5.1 siege_tank(moving)@5.1 scout_jeep(moving)@5.1
junglepass,Defend,2,light,1038,aa_vehicle,0,3590,179.5,188.0,8.5,95.8,108.4,106.8,123.1,AttackMove,BlockedByFriend,fortress,route,moved,0,,light_tank#1042 parked,mobile_fortress(moving)@9.6 ifv(moving)@5.8 light_tank(parked)@3.6
junglepass,Defend,2,light,997,main_battle_tank,0,3670,183.5,192.5,9.0,116.7,116.0,106.8,123.1,AttackMove,StalePath,fortress,,gave up,0,,leg 3/5 to (115.0;115.0) crosses command_hq,ifv(parked)@9.0 ifv(parked)@7.7 ifv(parked)@3.4 light_tank(parked)@7.3
junglepass,Defend,2,light,1044,rocket_technical,1,4210,210.5,221.0,10.5,35.9,48.6,87.9,92.1,Move,BlockedByFriend,fortress,route,moved,0,,railgun_truck#992 parked,railgun_truck(parked)@3.7 zu23_technical(parked)@6.1 rocket_technical(moving)@3.9 base_wall@6 floodlight_mast@9
junglepass,Defend,2,light,961,siege_tank,0,4720,236.0,245.0,9.0,104.2,47.2,89.6,108.3,Move,Unknown,fortress,,moved,0,,speed 1.2 strikes 2,
junglepass,Defend,2,light,1022,ifv,0,5070,253.5,266.5,13.0,105.5,130.0,114.3,139.8,AttackMove,YieldWait,fortress,,moved,0,,behind siege_tank#996,siege_tank(parked)@4.0 ifv(parked)@7.9 base_wall@4 base_wall@8
junglepass,Defend,2,light,1021,ifv,0,6600,330.0,338.5,8.5,128.5,94.0,106.8,123.1,AttackMove,BlockedByFriend,fortress,,moved,0,,mlrs#1093 moving,siege_tank(moving)@6.4 main_battle_tank(moving)@5.9 mlrs(moving)@5.4 base_wall@6
junglepass,Defend,2,light,1092,main_battle_tank,0,7370,368.5,378.0,9.5,112.4,124.3,125.0,115.0,AttackMove,BlockedByFriend,fortress,,moved,0,,elite_heavy_tank#1130 moving,ifv(moving)@9.0 elite_heavy_tank(moving)@8.7 mlrs(moving)@9.1 armored_car(moving)@7.9 elite_heavy_tank(moving)@4.4 base_wall@10
junglepass,Defend,2,light,1128,armored_car,0,7460,373.0,386.0,13.0,106.9,118.3,113.6,125.5,AttackMove,BlockedByFriend,fortress,,moved,0,,elite_heavy_tank#1130 moving,siege_tank(moving)@9.5 ifv(parked)@4.3 main_battle_tank(moving)@6.3 mlrs(moving)@9.3 elite_mbt(moving)@5.0 elite_heavy_tank(moving)@5.9 armored_car(moving)@5.7
junglepass,Defend,2,light,1130,elite_heavy_tank,0,7600,380.0,390.5,10.5,105.6,124.5,125.0,115.0,AttackMove,BlockedByFriend,fortress,,gave up,0,,armored_car#1128 moving,ifv(moving)@8.1 mlrs(moving)@8.4 armored_car(moving)@5.5 elite_mbt(moving)@5.6 base_wall@10
junglepass,Endless,1,light,996,main_battle_tank,0,2780,139.0,147.5,8.5,103.2,60.1,112.8,46.7,AttackMove,OffRoute,fortress,,moved,0,,to (107.0;47.0) past super_gun(defence),titan_tank(moving)@9.2 aa_vehicle(parked)@7.8 ifv(moving)@4.9 ifv(moving)@5.4
junglepass,Endless,1,light,962,siege_tank,0,3910,195.5,204.5,9.0,106.7,35.3,80.0,93.5,Move,BlockedByFriend,fortress,,moved,0,,siege_tank#960 moving,siege_tank(moving)@7.9 base_wall@5 base_wall@7
junglepass,Endless,1,light,1009,aa_vehicle,0,4270,213.5,223.5,10.0,119.2,116.0,106.8,123.1,AttackMove,OffRoute,fortress,,moved,0,,to (106.8;123.1) past command_hq,aa_vehicle(moving)@7.1 aa_vehicle(parked)@2.8 aa_vehicle(parked)@6.6
junglepass,Endless,1,light,1007,aa_vehicle,0,4630,231.5,241.0,9.5,80.8,136.0,92.0,126.6,AttackMove,BlockedByFriend,fortress,,moved,0,,aa_vehicle#1004 moving,aa_vehicle(moving)@4.8 base_wall@7 base_wall@7
junglepass,Endless,1,light,1031,siege_tank,0,4660,233.0,242.0,9.0,81.6,104.5,79.0,119.0,Move,BlockedByFriend,fortress,,moved,0,,siege_tank#1028 parked,titan_tank(moving)@7.7 siege_tank(moving)@10.0 siege_tank(moving)@9.9 titan_tank(moving)@7.9 aa_vehicle(parked)@5.4 aa_vehicle(moving)@8.6 siege_tank(parked)@5.1 artillery(parked)@8.0
junglepass,Endless,1,light,952,titan_tank,0,4840,242.0,251.0,9.0,83.5,97.1,79.4,114.3,Move,BlockedByFriend,fortress,,moved,0,,heavy_tank#964 moving,siege_tank(parked)@4.3 heavy_tank(moving)@5.3 titan_tank(moving)@9.8 aa_vehicle(moving)@7.7
junglepass,Endless,1,light,1047,ifv,0,4870,243.5,253.0,9.5,102.8,112.6,95.0,106.1,Move,BlockedByFriend,fortress,,moved,0,,mobile_fortress#1003 moving,main_battle_tank(moving)@9.2 artillery(moving)@5.5
junglepass,Endless,1,light,1050,elite_heavy_tank,0,5250,262.5,272.5,10.0,109.3,86.2,105.3,115.4,AttackMove,BlockedByFriend,fortress,,moved,0,,mobile_fortress#1003 parked,mobile_fortress(parked)@9.5 fortress_gate@5
junglepass,Endless,1,light,960,siege_tank,0,5430,271.5,283.0,11.5,85.2,113.0,81.7,99.9,Move,BlockedByFriend,fortress,road,moved,0,,elite_heavy_tank#1049 moving,siege_tank(moving)@9.7 aa_vehicle(moving)@7.3 aa_vehicle(moving)@4.0 heavy_tank(moving)@7.3 siege_tank(parked)@8.5 artillery(moving)@7.1 elite_heavy_tank(moving)@5.1 base_wall@9
junglepass,Endless,1,light,1025,heavy_tank,0,5550,277.5,288.0,10.5,86.3,118.5,97.2,142.8,AttackMove,BlockedByFriend,fortress,,moved,0,,elite_mbt#1066 moving,siege_tank(moving)@8.1 titan_tank(moving)@8.6 aa_vehicle(moving)@5.9 aa_vehicle(moving)@7.3 aa_vehicle(moving)@9.9 elite_mbt(moving)@6.1 base_wall@5
junglepass,Endless,1,light,1049,elite_heavy_tank,0,5580,279.0,288.0,9.0,81.6,110.1,119.0,146.1,AttackMove,BlockedByFriend,fortress,road,moved,0,,siege_tank#960 moving,siege_tank(moving)@8.6 siege_tank(moving)@7.1 aa_vehicle(moving)@9.5 heavy_tank(moving)@8.9 artillery(parked)@5.6
junglepass,Endless,1,light,974,titan_tank,0,5630,281.5,291.5,10.0,95.2,119.9,119.0,146.1,AttackMove,BlockedByFriend,fortress,,moved,0,,aa_vehicle#1007 moving,aa_vehicle(moving)@4.9 aa_vehicle(moving)@4.9 ifv(moving)@8.7 ifv(moving)@4.0 elite_mbt(moving)@7.3
junglepass,Endless,1,light,1025,heavy_tank,0,6190,309.5,318.0,8.5,83.9,140.4,97.2,142.8,AttackMove,BlockedByFriend,fortress,,moved,0,,heavy_tank#964 moving,heavy_tank(moving)@5.3 aa_vehicle(moving)@5.2 aa_vehicle(moving)@4.8 ifv(moving)@6.5 ifv(moving)@4.8 elite_heavy_tank(moving)@9.8 elite_mbt(moving)@8.4 base_wall@8
junglepass,Endless,1,light,1048,ifv,0,6220,311.0,334.5,23.5,82.0,136.2,119.0,146.1,AttackMove,OffRoute,fortress,,moved,0,,to (91.0;143.0) past base_wall,heavy_tank(moving)@7.2 titan_tank(moving)@6.0 main_battle_tank(moving)@6.8 aa_vehicle(moving)@9.3 aa_vehicle(moving)@6.8 heavy_tank(moving)@6.2 ifv(moving)@3.1 elite_mbt(moving)@7.0 base_wall@6 base_wall@6
junglepass,Endless,1,light,964,heavy_tank,0,6240,312.0,321.5,9.5,89.1,138.0,125.0,115.0,AttackMove,YieldWait,fortress,,moved,0,,behind heavy_tank#1025,aa_vehicle(moving)@8.0 heavy_tank(moving)@5.5 ifv(moving)@8.8 ifv(moving)@7.4 elite_heavy_tank(moving)@5.9 base_wall@10 base_wall@4 base_wall@8
junglepass,Endless,1,light,1049,elite_heavy_tank,0,6360,318.0,330.0,12.0,92.8,141.7,103.2,122.7,AttackMove,BlockedByFriend,fortress,,moved,0,,heavy_tank#964 moving,titan_tank(moving)@8.3 heavy_tank(moving)@5.2 aa_vehicle(moving)@6.4 ifv(moving)@7.5 base_wall@9 base_wall@8
junglepass,Endless,1,light,1050,elite_heavy_tank,0,6780,339.0,350.5,11.5,82.0,136.0,119.0,146.1,AttackMove,OffRoute,fortress,,gave up,0,,to (91.0;143.0) past base_wall,titan_tank(moving)@5.8 elite_heavy_tank(moving)@5.9 base_wall@6 base_wall@6
junglepass,Endless,1,light,1050,elite_heavy_tank,0,7020,351.0,365.5,14.5,81.4,136.5,119.0,146.1,AttackMove,YieldWait,fortress,,moved,0,,behind aa_vehicle#1005,titan_tank(moving)@6.7 titan_tank(moving)@9.5 aa_vehicle(moving)@4.8 siege_tank(moving)@9.3 ifv(moving)@8.2 elite_heavy_tank(moving)@3.5 siege_tank(moving)@10.0 ifv(moving)@9.7 artillery(moving)@7.7 base_wall@7 base_wall@7
junglepass,Endless,1,light,1000,ifv,0,7070,353.5,363.0,9.5,84.4,116.0,119.0,146.1,AttackMove,YieldWait,fortress,road,moved,0,,behind heavy_tank#964,heavy_tank(moving)@4.5 main_battle_tank(moving)@2.9 heavy_tank(moving)@8.8 artillery(moving)@5.2 titan_tank(moving)@8.1 base_wall@6
junglepass,Endless,1,light,1048,ifv,0,7070,353.5,363.0,9.5,81.3,144.3,119.0,146.1,AttackMove,BlockedByFriend,fortress,,moved,0,,ifv#1068 moving,titan_tank(moving)@8.7 aa_vehicle(moving)@6.3 elite_heavy_tank(moving)@8.1 ifv(moving)@4.7 artillery(moving)@5.4
junglepass,Endless,1,light,964,heavy_tank,0,7080,354.0,362.5,8.5,81.7,111.9,83.0,103.7,AttackMove,BlockedByFriend,fortress,road,gave up,0,,heavy_tank#1025 parked,main_battle_tank(moving)@4.3 ifv(moving)@4.5 heavy_tank(parked)@4.0 heavy_tank(parked)@9.6 artillery(moving)@9.4 titan_tank(moving)@9.6
junglepass,Endless,1,light,1031,siege_tank,0,7210,360.5,370.5,10.0,70.0,134.0,79.0,123.0,Move,OffRoute,fortress,,gave up,0,,to (79.0;123.0) past ammo_dump,titan_tank(moving)@7.4 siege_tank(moving)@9.1 titan_tank(moving)@4.0 aa_vehicle(moving)@3.3 siege_tank(parked)@8.0 ammo_dump@5 container_stack@5
junglepass,Endless,1,light,952,titan_tank,0,7220,361.0,370.0,9.0,74.4,140.4,103.2,122.7,AttackMove,BlockedByFriend,fortress,,moved,0,,titan_tank#974 moving,titan_tank(moving)@6.1 aa_vehicle(moving)@4.1 siege_tank(moving)@7.8 elite_heavy_tank(moving)@9.6 elite_heavy_tank(moving)@9.9 ifv(moving)@6.7 artillery(moving)@5.6
junglepass,Endless,1,light,1049,elite_heavy_tank,0,7280,364.0,377.0,13.0,79.3,132.4,103.2,122.7,AttackMove,YieldWait,fortress,,moved,0,,behind siege_tank#962,siege_tank(moving)@7.8 titan_tank(moving)@4.6 aa_vehicle(moving)@8.1 siege_tank(parked)@8.1 siege_tank(parked)@9.4 ifv(moving)@5.9 base_wall@5 base_wall@9
junglepass,Endless,1,light,1072,artillery,0,7310,365.5,375.0,9.5,85.0,118.5,62.1,127.6,Move,BlockedByFriend,fortress,,moved,0,,main_battle_tank#996 moving,heavy_tank(moving)@4.9 main_battle_tank(moving)@3.5 siege_tank(moving)@8.6 main_battle_tank(moving)@6.0
junglepass,Endless,1,light,1068,ifv,0,7380,369.0,380.0,11.0,81.8,136.0,105.3,115.4,AttackMove,OffRoute,fortress,,moved,0,,to (73.0;131.0) past base_wall,titan_tank(moving)@4.8 siege_tank(moving)@9.8 elite_heavy_tank(moving)@5.9 elite_heavy_tank(moving)@9.0 elite_mbt(moving)@4.6 base_wall@6 base_wall@7
junglepass,Endless,1,light,1051,siege_tank,0,7510,375.5,385.0,9.5,76.8,119.1,69.0,148.0,Move,BlockedByFriend,fortress,,moved,0,,main_battle_tank#1092 moving,siege_tank(moving)@8.3 main_battle_tank(moving)@3.6 siege_tank(moving)@6.1 heavy_tank(moving)@7.1 main_battle_tank(moving)@5.9 titan_tank(moving)@8.0
junglepass,Endless,2,full,1007,aa_vehicle,0,1560,78.0,87.5,9.5,93.8,100.6,98.1,94.5,Move,StalePath,fortress,,moved,0,,leg 4/4 to (98.1;94.5) crosses missile_battery(defence) (corner),missile_battery(fixed)@10.0 light_tank(moving)@2.8 scout_jeep(moving)@6.8 scout_jeep(moving)@5.8 scout_jeep(moving)@8.2 scout_jeep(moving)@8.8 ifv(moving)@4.4 aa_vehicle(moving)@9.7 ifv(moving)@9.6
junglepass,Endless,2,full,1011,scout_jeep,0,1970,98.5,111.0,12.5,96.3,98.0,99.0,89.0,Move,OffRoute,fortress,,moved,0,,to (99.0;89.0) past missile_battery(defence),missile_battery(fixed)@8.8 aa_vehicle(moving)@5.5 light_tank(moving)@6.7 ifv(moving)@2.8 ifv(moving)@6.8 aa_vehicle(moving)@8.5 aa_vehicle(moving)@3.3 mlrs(moving)@7.0 aa_vehicle(moving)@10.0
junglepass,Endless,2,full,1023,mlrs,0,2040,102.0,110.5,8.5,102.7,95.9,48.2,-29.5,Move,BlockedByFriend,fortress,,moved,0,,aa_vehicle#1007 moving,aa_vehicle(moving)@4.3 light_tank(parked)@6.2 scout_jeep(moving)@7.6 ifv(moving)@4.8 ifv(moving)@5.9 aa_vehicle(moving)@2.9 aa_vehicle(parked)@6.6
junglepass,Endless,2,full,1013,scout_jeep,0,2440,122.0,130.5,8.5,33.8,65.5,61.4,63.9,AttackMove,NoPath,fortress,,moved,0,,goal (51.0;57.0) in open ground; other region (9 cells); fortress,scout_jeep(parked)@2.7 base_wall@8 fortress_gate@8
junglepass,Endless,2,full,1012,scout_jeep,0,2550,127.5,138.0,10.5,36.0,63.9,51.0,57.0,Idle,NoPath,fortress,,moved,0,,goal (51.0;57.0) in open ground; other region (9 cells); fortress,base_wall@5 fortress_gate@8
junglepass,Endless,2,full,982,main_battle_tank,0,2590,129.5,138.0,8.5,53.9,-30.0,59.0,51.0,AttackMove,NoPath,fortress,,moved,0,,goal (51.0;57.0) in open ground; other region (9 cells); fortress,
junglepass,Endless,2,full,1018,ifv,0,2620,131.0,141.5,10.5,99.5,91.0,62.4,59.9,AttackMove,BlockedByFriend,fortress,,moved,0,,scout_jeep#1011 moving,missile_battery(fixed)@8.5 aa_vehicle(moving)@6.0 scout_jeep(moving)@4.0 armored_car(moving)@8.1 light_tank(moving)@6.9 armored_car(moving)@4.2 base_wall@8 base_wall@9
junglepass,Endless,2,full,1033,armored_car,0,2870,143.5,152.0,8.5,97.2,98.8,99.0,91.0,Move,BlockedByFriend,fortress,,moved,0,,light_tank#1008 moving,missile_battery(fixed)@10.0 light_tank(moving)@2.1 ifv(parked)@9.7 light_tank(parked)@9.7 armored_car(moving)@3.9 ifv(parked)@8.0 aa_vehicle(parked)@7.9
junglepass,Endless,2,full,1041,armored_car,0,2870,143.5,153.5,10.0,98.1,95.0,32.3,55.4,Move,BlockedByFriend,fortress,,moved,0,,armored_car#1033 moving,missile_battery(fixed)@8.1 light_tank(moving)@6.0 ifv(parked)@9.6 armored_car(moving)@3.9 light_tank(parked)@5.9 ifv(parked)@4.5
junglepass,Endless,2,full,1050,rocket_technical,1,3290,164.5,174.5,10.0,-25.0,-22.0,-30.7,-14.2,Move,OffRoute,field,,moved,0,,to (-30.7;-14.2) past wreck_tank,shahed_truck(moving)@3.4 vbied(moving)@4.9 wreck_tank@5
junglepass,Endless,2,full,984,main_battle_tank,0,3460,173.0,183.5,10.5,59.2,48.6,62.0,53.9,AttackMove,Embedded,fortress,,gave up,0,,on aa_turret(defence),ifv(parked)@8.1 aa_vehicle(moving)@8.1 light_tank(parked)@3.3 aa_turret(fixed)@0.6 shield_generator@9
junglepass,Endless,2,full,1035,siege_tank,0,3550,177.5,186.0,8.5,66.6,60.1,33.0,20.8,Move,StalePath,fortress,,moved,0,,leg 2/2 to (33.0;20.8) crosses aa_turret(defence),ifv(moving)@4.0 armored_car(moving)@4.2 aa_vehicle(moving)@4.3
junglepass,Endless,2,full,1033,armored_car,0,3690,184.5,193.5,9.0,56.3,80.8,53.0,63.0,AttackMove,GateWait,fortress,,moved,0,,doorway 0,rocket_turret(fixed)@5.7 minefield(fixed)@6.8 ifv(moving)@4.2 aa_vehicle(moving)@3.9 light_tank(moving)@2.7 main_battle_tank(moving)@8.6
junglepass,Endless,2,full,1008,light_tank,0,3780,189.0,199.5,10.5,54.0,95.1,15.0,63.5,AttackMove,BlockedByFriend,fortress+gate,nopark,moved,0,,light_tank#1038 moving,rocket_turret(fixed)@9.1 c_ram(fixed)@7.8 light_tank(moving)@2.6 aa_vehicle(moving)@6.4 aa_vehicle(moving)@4.2 main_battle_tank(moving)@3.8 ammo_dump@6
junglepass,Endless,2,full,1037,light_tank,0,4620,231.0,243.0,12.0,109.5,60.9,107.0,53.0,AttackMove,OffRoute,fortress,,gave up,0,,to (107.0;59.0) past shield_generator,ifv(moving)@3.8 aa_vehicle(parked)@7.2 main_battle_tank(parked)@2.7 aa_vehicle(moving)@8.8 aa_vehicle(moving)@6.1 shield_generator@8 container@6
junglepass,Endless,2,full,1062,main_battle_tank,0,5200,260.0,273.5,13.5,104.0,52.7,118.6,43.2,AttackMove,BlockedByFriend,fortress,narrow,moved,0,,aa_vehicle#1090 moving,super_gun(fixed)@9.0 light_tank(moving)@9.8 ifv(parked)@6.9 aa_vehicle(parked)@8.8 ifv(parked)@4.9 scout_jeep(moving)@4.9 aa_vehicle(parked)@3.3 aa_vehicle(moving)@4.5 aa_vehicle(moving)@8.7 scout_jeep(moving)@7.5 shield_generator@9
junglepass,Endless,2,full,1048,aa_vehicle,0,5490,274.5,287.5,13.0,104.0,45.6,65.3,84.6,AttackMove,BlockedByFriend,fortress,,moved,0,,main_battle_tank#1062 moving,main_battle_tank(moving)@4.5 base_wall@10 base_wall@6 base_wall@10
junglepass,Endless,2,full,1062,main_battle_tank,0,5880,294.0,303.5,9.5,110.9,45.5,107.0,53.0,AttackMove,BlockedByFriend,fortress,narrow,gave up,0,,siege_tank#1034 moving,siege_tank(moving)@6.8 aa_vehicle(moving)@9.8 base_wall@9 base_wall@6 shield_generator@9
junglepass,Endless,2,full,1034,siege_tank,0,6050,302.5,318.0,15.5,107.9,51.8,123.4,38.2,Move,OffRoute,fortress,narrow,moved,0,,to (119.0;45.0) past shield_generator,light_tank(moving)@6.7 main_battle_tank(moving)@4.3 aa_vehicle(moving)@5.3 scout_jeep(moving)@9.9 shield_generator@6
junglepass,Endless,2,full,1092,main_battle_tank,0,6050,302.5,314.0,11.5,88.4,80.7,71.3,99.7,AttackMove,YieldWait,fortress,,gave up,0,,behind siege_tank#989,siege_tank(parked)@3.9 base_wall@8 base_wall@9
junglepass,Endless,2,full,1006,siege_tank,0,6400,320.0,328.5,8.5,125.0,66.3,74.2,44.5,Move,BlockedByFriend,fortress,,moved,0,,armored_car#1073 moving,light_tank(parked)@5.9 armored_car(moving)@8.6 fuel_depot@9 container_stack@6
junglepass,Endless,2,full,1102,ifv,0,6920,346.0,357.0,11.0,107.9,56.9,114.2,62.6,Idle,YieldWait,fortress+gate,narrow+nopark,moved,0,,behind main_battle_tank#1062,siege_tank(moving)@5.5 main_battle_tank(moving)@9.3 main_battle_tank(moving)@6.6 main_battle_tank(parked)@8.6 armored_car(moving)@3.9 aa_vehicle(moving)@4.2 aa_vehicle(moving)@7.3 shield_generator@6
junglepass,Endless,2,full,1034,siege_tank,0,6940,347.0,365.0,18.0,104.0,55.1,76.1,67.7,Move,BlockedByFriend,fortress+gate,narrow+nopark,moved,0,,ifv#1102 moving,super_gun(fixed)@9.5 ifv(moving)@4.8 armored_car(moving)@4.1 aa_vehicle(moving)@7.8 scout_jeep(moving)@8.8 shield_generator@9
junglepass,Endless,2,full,1127,armored_car,0,7140,357.0,365.5,8.5,105.0,57.9,113.0,61.0,AttackMove,YieldWait,fortress+gate,narrow+nopark,moved,0,,behind ifv#1102,siege_tank(moving)@7.2 ifv(moving)@4.1 aa_vehicle(moving)@8.0 aa_vehicle(moving)@8.0 scout_jeep(moving)@6.2 scout_jeep(moving)@3.4 scout_jeep(moving)@9.2 shield_generator@9
junglepass,Endless,2,full,1195,siege_tank,0,8070,403.5,418.0,14.5,95.2,98.0,58.5,67.8,Move,BlockedByFriend,fortress,,moved,0,,scout_jeep#1201 parked,missile_battery(fixed)@8.2 aa_vehicle(moving)@8.4 armored_car(moving)@5.4 scout_jeep(parked)@3.2 scout_jeep(parked)@9.4 scout_jeep(moving)@6.9 scout_jeep(moving)@9.6
junglepass,Endless,2,full,1062,main_battle_tank,0,8330,416.5,428.5,12.0,60.0,125.6,44.1,118.9,AttackMove,YieldWait,fortress+gate,narrow+nopark,moved,0,,behind scout_jeep#1201,missile_battery(fixed)@6.5 armored_car(moving)@8.3 armored_car(moving)@7.4 scout_jeep(moving)@3.3 scout_jeep(moving)@4.1 scout_jeep(moving)@3.9 container_stack@10 container_stack@9
junglepass,Endless,2,full,1199,armored_car,0,8370,418.5,428.0,9.5,54.3,120.3,32.4,100.5,Move,BlockedByFriend,fortress,narrow,moved,0,,aa_vehicle#1196 moving,missile_battery(fixed)@7.7 main_battle_tank(moving)@8.3 light_tank(moving)@7.8 armored_car(parked)@3.1 aa_vehicle(moving)@4.1 armored_car(moving)@7.9 scout_jeep(moving)@6.1 scout_jeep(moving)@2.5 shield_generator@8 container_stack@8
junglepass,Endless,2,full,1327,scout_jeep,0,10990,549.5,560.5,11.0,124.0,98.8,125.0,115.0,AttackMove,YieldWait,fortress,,moved,0,,behind armored_car#1303,missile_battery(fixed)@8.1 atgm_tower(fixed)@6.2 armored_car(moving)@5.2 scout_jeep(moving)@8.7
junglepass,Endless,2,full,1303,armored_car,0,11020,551.0,565.0,14.0,123.6,105.2,125.0,115.0,AttackMove,YieldWait,fortress,,moved,0,,behind mobile_fortress#1283,atgm_tower(fixed)@5.4 armored_car(moving)@9.0 scout_jeep(moving)@7.0 scout_jeep(moving)@6.1 scout_jeep(moving)@3.8
junglepass,Endless,2,full,1195,siege_tank,0,11030,551.5,563.5,12.0,133.3,68.0,144.0,77.3,Move,OffRoute,fortress,,moved,0,,to (141.0;75.0) past fuel_depot,scout_jeep(moving)@3.6 scout_jeep(moving)@3.4 fuel_depot@7
junglepass,Endless,2,full,1300,armored_car,0,11130,556.5,565.0,8.5,116.4,116.0,125.0,115.0,AttackMove,YieldWait,fortress,,moved,0,,behind mobile_fortress#1283,armored_car(moving)@4.7 ifv(parked)@5.6 scout_jeep(moving)@7.6 light_tank(moving)@5.3
junglepass,Endless,2,full,1282,armored_car,0,11380,569.0,582.5,13.5,117.2,106.6,125.0,115.0,AttackMove,BlockedByFriend,fortress,,moved,0,,scout_jeep#1327 moving,scout_jeep(moving)@6.1 scout_jeep(moving)@7.2 armored_car(moving)@4.6 armored_car(moving)@6.9 scout_jeep(moving)@3.2
junglepass,Endless,2,full,1303,armored_car,0,11380,569.0,578.5,9.5,124.0,107.9,125.0,115.0,AttackMove,BlockedByFriend,fortress,,gave up,0,,scout_jeep#1304 moving,atgm_tower(fixed)@6.6 armored_car(moving)@6.9 mobile_fortress(parked)@8.1 scout_jeep(moving)@3.5 scout_jeep(moving)@5.8 scout_jeep(moving)@5.1 scout_jeep(moving)@3.7 scout_jeep(moving)@7.6
junglepass,Endless,2,full,1327,scout_jeep,0,11440,572.0,582.0,10.0,120.3,106.7,125.0,115.0,AttackMove,BlockedByFriend,fortress,,moved,0,,armored_car#1282 moving,atgm_tower(fixed)@9.0 armored_car(moving)@3.3 mobile_fortress(parked)@9.8 scout_jeep(moving)@2.6 armored_car(moving)@6.2 armored_car(moving)@6.3 scout_jeep(parked)@9.4 main_battle_tank(moving)@9.8
junglepass,Endless,2,full,1282,armored_car,0,11760,588.0,597.0,9.0,119.9,106.4,82.3,100.0,AttackMove,BlockedByFriend,fortress,,gave up,0,,mobile_fortress#1283 parked,atgm_tower(fixed)@9.2 mobile_fortress(parked)@9.8 scout_jeep(moving)@9.1 armored_car(moving)@8.4 scout_jeep(moving)@8.2 scout_jeep(moving)@6.4 main_battle_tank(moving)@3.9 armored_car(parked)@7.0 armored_car(moving)@7.1
junglepass,Weekly,1,full,1023,wheeled_gun,1,2340,117.0,150.0,33.0,12.6,87.8,114.8,144.0,Idle,NoPath,fortress,,gave up,0,,goal (114.8;144.0) in open ground; other region (209 cells); fortress,railgun_truck(parked)@7.6
junglepass,Weekly,1,full,1004,scout_jeep,1,2420,121.0,150.0,29.0,45.2,77.7,114.5,144.0,Idle,NoPath,fortress,,gave up,0,,goal (114.5;144.0) in open ground; other region (209 cells); fortress,fortress_gate@8 base_wall@6
junglepass,Weekly,1,full,1017,heavy_tank,1,2540,127.0,135.5,8.5,50.6,120.8,113.1,118.9,AttackMove,BlockedByObstacle,fortress+gate,route+narrow+nopark,gave up,0,,shield_generator,heavy_turret(fixed)@8.0 shield_generator@9
junglepass,Weekly,1,full,996,scout_jeep,1,2550,127.5,142.0,14.5,16.0,114.0,35.9,70.5,Move,StalePath,fortress,route+narrow,moved,0,,leg 3/3 to (35.9;70.5) crosses fortress_gate (corner),smoke_carrier(moving)@3.3 scout_jeep(moving)@9.5 thermobaric_launcher(moving)@4.7 ew_jammer(moving)@4.3 rocket_technical(parked)@8.9 rocket_technical(parked)@7.3 cliff_b@8
junglepass,Weekly,1,full,1020,armored_bulldozer,0,2580,129.0,141.0,12.0,30.8,-23.2,60.0,-11.0,Attack,Unknown,field,,moved,0,,speed 2.3 strikes 1,siege_tank(moving)@9.6 river_water@9
junglepass,Weekly,1,full,1005,scout_jeep,1,2650,132.5,147.0,14.5,20.0,106.0,35.8,66.4,Move,StalePath,fortress,route+narrow,moved,0,,leg 3/3 to (35.8;66.4) crosses base_wall (corner),scout_jeep(moving)@9.4 command_vehicle(parked)@8.7 ew_jammer(parked)@6.7 rocket_technical(parked)@3.4 rocket_technical(moving)@4.1 twin_tank(moving)@3.6 railgun_truck(moving)@7.8 heavy_rocket_artillery(parked)@8.2 cliff_b@9
junglepass,Weekly,1,full,1008,thermobaric_launcher,1,2680,134.0,143.5,9.5,16.2,118.0,17.0,105.0,Move,YieldWait,fortress,route+narrow,moved,0,,behind smoke_carrier#997,scout_jeep(moving)@5.1 smoke_carrier(moving)@8.3 ew_jammer(parked)@6.7
junglepass,Weekly,1,full,1021,twin_tank,1,2690,134.5,143.0,8.5,19.6,101.0,125.0,115.0,AttackMove,BlockedByFriend,fortress,route,moved,0,,rocket_technical#1014 moving,command_vehicle(moving)@5.3 scout_jeep(moving)@4.5 rocket_technical(moving)@4.9 rocket_technical(moving)@5.9 railgun_truck(moving)@7.5 heavy_rocket_artillery(parked)@3.8
junglepass,Weekly,1,full,1003,command_vehicle,1,2820,141.0,150.0,9.0,14.1,100.9,-0.5,99.8,Move,BlockedByFriend,fortress,,moved,0,,rocket_technical#1018 moving,scout_jeep(moving)@8.1 thermobaric_launcher(moving)@6.6 rocket_technical(moving)@4.7 rocket_technical(moving)@3.2 twin_tank(moving)@3.8 railgun_truck(moving)@6.2
junglepass,Weekly,1,full,1008,thermobaric_launcher,1,2970,148.5,158.0,9.5,16.1,104.9,-11.0,93.0,Move,OffRoute,fortress,route+narrow,moved,0,,to (-5.0;93.0) past cliff_b,rocket_technical(moving)@7.4 twin_tank(moving)@4.2 cliff_b@10
junglepass,Weekly,1,full,1004,scout_jeep,1,3000,150.0,159.0,9.0,45.2,77.6,97.2,120.9,Move,NoPath,fortress,,moved,0,,goal (96.1;148.4) in open ground; other region (209 cells); fortress,fortress_gate@8 base_wall@6
junglepass,Weekly,1,full,1023,wheeled_gun,1,3000,150.0,159.5,9.5,13.0,87.4,119.9,147.4,Idle,NoPath,fortress,,moved,0,,goal (119.9;147.4) in open ground; other region (209 cells); fortress,smoke_carrier(moving)@3.9 twin_tank(moving)@9.7
junglepass,Weekly,1,full,1005,scout_jeep,1,3150,157.5,174.0,16.5,35.3,67.0,115.1,144.0,Idle,NoPath,fortress,,moved,0,,goal (115.1;144.0) in open ground; other region (209 cells); fortress,base_wall@8 fortress_gate@6
junglepass,Weekly,1,full,1008,thermobaric_launcher,1,3270,163.5,174.0,10.5,13.4,102.4,-11.0,93.0,Move,BlockedByFriend,fortress,,moved,0,,rocket_technical#1013 moving,scout_jeep(moving)@8.3 command_vehicle(moving)@6.2 rocket_technical(moving)@5.5 rocket_technical(parked)@5.6 rocket_technical(parked)@7.4 cliff_b@10
junglepass,Weekly,1,full,1011,titan_tank,0,4610,230.5,240.0,9.5,-86.2,-89.4,-30.4,-47.7,Move,BlockedByFriend,camp0,route,moved,0,,aa_vehicle#1042 moving,aa_vehicle(moving)@5.9 aa_vehicle(moving)@5.1 aa_vehicle(moving)@8.9 aa_vehicle(moving)@6.5 siege_tank(moving)@6.7
junglepass,Weekly,1,full,1054,vbied,1,5790,289.5,302.0,12.5,119.3,116.0,139.0,111.0,Move,BlockedByFriend,fortress,,moved,0,,sapper#1010 parked,sam_launcher(parked)@5.7 sapper(parked)@5.6 flame_tank(parked)@2.7
junglepass,Weekly,1,full,1064,sapper,1,5870,293.5,303.5,10.0,2.8,87.9,125.0,115.0,AttackMove,NoPath,fortress,,moved,0,,goal (119.3;144.9) in open ground; other region (209 cells); fortress,
junglepass,Weekly,1,full,1003,command_vehicle,1,6380,319.0,328.0,9.0,21.4,118.0,16.2,105.0,Move,StalePath,fortress,,moved,0,,leg 2/2 to (16.2;105.0) crosses cliff_b (corner),ew_jammer(moving)@4.8 counter_battery_radar(moving)@7.6 cliff_b@10
junglepass,Weekly,1,full,999,sam_launcher,1,6810,340.5,358.5,18.0,87.4,104.4,119.3,144.9,Idle,NoPath,fortress,,gave up,0,,goal (119.3;144.9) in open ground; other region (209 cells); fortress,command_vehicle(moving)@7.2 rocket_technical(parked)@5.4 base_wall@9 base_wall@4
junglepass,Weekly,1,full,1048,counter_battery_radar,1,7010,350.5,359.5,9.0,71.6,120.7,91.0,111.0,Move,BlockedByFriend,fortress+gate,nopark,moved,0,,thermobaric_launcher#1008 moving,gun_pit(fixed)@6.2 thermobaric_launcher(moving)@4.6 railgun_truck(moving)@5.7 mine_layer(moving)@5.4 sapper(moving)@9.5 container_stack@9
junglepass,Weekly,1,full,1059,titan_tank,0,7080,354.0,365.0,11.0,-84.9,-79.8,-92.4,-94.1,Move,BlockedByFriend,field,road,moved,0,,armored_bulldozer#1067 moving,armored_bulldozer(moving)@6.2 armored_bulldozer(moving)@8.6 armored_bulldozer(moving)@5.5 heavy_tank(moving)@9.8
junglepass,Weekly,1,full,999,sam_launcher,1,7390,369.5,380.0,10.5,94.0,104.9,119.3,144.9,Idle,NoPath,fortress,,moved,0,,goal (119.3;144.9) in open ground; other region (209 cells); fortress,command_vehicle(parked)@5.5 thermobaric_launcher(moving)@3.2 ew_jammer(parked)@6.2 rocket_technical(parked)@9.3 rocket_technical(parked)@3.0 counter_battery_radar(moving)@7.7
junglepass,Weekly,1,full,999,sam_launcher,1,7620,381.0,391.0,10.0,97.8,107.2,101.1,122.4,AttackMove,YieldWait,fortress,,moved,0,,waiting on a yield,command_vehicle(moving)@5.5 ew_jammer(moving)@6.2 rocket_technical(parked)@3.3 heavy_tank(moving)@7.1 rocket_technical(parked)@7.1 counter_battery_radar(moving)@6.1 wheeled_gun(moving)@6.8
junglepass,Weekly,1,full,1043,turtle_tank,1,8110,405.5,417.5,12.0,122.1,110.2,112.7,118.7,AttackMove,BlockedByFriend,fortress,,gave up,0,,sapper#1010 moving,gun_turret(fixed)@9.6 mine_layer(parked)@5.1 sapper(moving)@6.8 mine_layer(moving)@9.4
junglepass,Weekly,1,full,1059,titan_tank,0,8400,420.0,431.0,11.0,-78.1,-86.4,-7.2,-0.3,Move,BlockedByFriend,field,,moved,0,,aa_vehicle#1081 moving,guard_tower(fixed)@3.5 aa_vehicle(moving)@6.9 aa_vehicle(moving)@7.4 aa_vehicle(moving)@6.7 aa_vehicle(moving)@7.5 siege_tank(moving)@7.6
junglepass,Weekly,1,full,1008,thermobaric_launcher,1,9540,477.0,485.5,8.5,100.0,119.9,113.0,119.0,Move,YieldWait,fortress,,moved,0,,behind sapper#1010,gun_pit(fixed)@9.1 sam_launcher(moving)@8.4 ew_jammer(moving)@5.1 sapper(moving)@3.0 bmpt(moving)@4.4 turtle_tank(moving)@7.4 wheeled_gun(moving)@6.4
junglepass,Weekly,1,full,1070,heavy_tank,0,9540,477.0,485.5,8.5,48.3,78.6,29.4,45.1,Move,Unknown,fortress,,moved,0,,speed 4.0 strikes 0,titan_tank(moving)@5.1 aa_vehicle(parked)@8.3
junglepass,Weekly,1,full,1009,ew_jammer,1,9830,491.5,501.0,9.5,98.0,123.2,78.9,115.1,Move,BlockedByFriend,fortress,,moved,0,,sapper#1010 moving,heavy_turret(fixed)@7.8 gun_pit(fixed)@7.3 thermobaric_launcher(moving)@8.7 sapper(moving)@5.3
junglepass,Weekly,1,full,1003,command_vehicle,1,9970,498.5,508.5,10.0,96.9,103.8,73.3,110.3,Move,YieldWait,fortress,,moved,0,,behind mobile_fortress#1093,rocket_technical(moving)@3.3 mobile_fortress(moving)@8.9 rocket_technical(moving)@7.5
junglepass,Weekly,1,full,1099,railgun_truck,1,9970,498.5,507.5,9.0,86.0,103.7,44.0,63.9,AttackMove,BlockedByFriend,fortress+gate,nopark,moved,0,,sapper#1064 moving,sapper(moving)@7.4 rocket_technical(moving)@8.0 wheeled_gun(moving)@8.2 base_wall@3
junglepass,Weekly,1,full,1043,turtle_tank,1,10670,533.5,549.5,16.0,98.0,81.8,125.0,115.0,AttackMove,BlockedByFriend,fortress,,moved,0,,sam_launcher#999 moving,sam_launcher(moving)@6.4 command_vehicle(moving)@8.9 ew_jammer(moving)@7.6 sapper(moving)@6.5 base_wall@6
junglepass,Weekly,1,full,1017,heavy_tank,1,10840,542.0,551.5,9.5,105.4,86.0,69.8,34.2,AttackMove,OffRoute,fortress,,moved,0,,to (75.0;49.0) past base_wall,sam_launcher(moving)@5.7 ew_jammer(moving)@7.5 sapper(moving)@7.8 bmpt(moving)@5.1 turtle_tank(moving)@8.1 rocket_technical(moving)@9.0 base_wall@3 fortress_gate@8
junglepass,Weekly,2,obstacles,1002,scout_jeep,1,710,35.5,44.5,9.0,124.1,115.1,91.0,111.0,Move,NoPath,fortress,,moved,0,,goal (118.1;146.0) in open ground; other region (209 cells); fortress,smoke_carrier(moving)@2.6 scout_jeep(moving)@3.1 command_hq@10
junglepass,Weekly,2,obstacles,1013,scout_jeep,1,720,36.0,70.0,34.0,6.5,85.9,114.8,144.0,Idle,NoPath,fortress,,moved,0,,goal (114.8;144.0) in open ground; other region (209 cells); fortress,mine_layer(moving)@8.3
junglepass,Weekly,2,obstacles,1002,scout_jeep,1,1010,50.5,62.0,11.5,91.8,114.9,112.8,139.9,Idle,NoPath,fortress,road+route,moved,0,,goal (112.8;139.9) in open ground; other region (209 cells); fortress,scout_jeep(parked)@5.4
junglepass,Weekly,2,obstacles,1004,scout_jeep,1,1040,52.0,64.5,12.5,94.3,110.1,115.0,143.0,Idle,NoPath,fortress,road+route,moved,0,,goal (115.0;143.0) in open ground; other region (209 cells); fortress,repair_bay(fixed)@8.6 scout_jeep(parked)@5.4 ew_jammer(moving)@8.8
junglepass,Weekly,2,obstacles,1012,scout_jeep,1,1190,59.5,70.0,10.5,124.9,113.0,114.8,141.2,Idle,NoPath,fortress,,moved,0,,goal (114.8;141.2) in open ground; other region (209 cells); fortress,smoke_carrier(parked)@7.1 flame_tank(parked)@2.4 base_wall@9
junglepass,Weekly,2,obstacles,1021,mine_layer,1,1390,69.5,284.0,214.5,119.1,110.2,113.2,125.6,Idle,NoPath,fortress,,gave up,0,,goal (113.2;125.6) in open ground; other region (9 cells); fortress,smoke_carrier(parked)@5.5 scout_jeep(moving)@9.5 ew_jammer(parked)@6.1 flame_tank(parked)@8.3 scout_jeep(moving)@6.2
junglepass,Weekly,2,obstacles,1012,scout_jeep,1,1400,70.0,82.5,12.5,121.5,115.9,104.4,122.1,Move,YieldWait,fortress,,moved,0,,behind smoke_carrier#1003,smoke_carrier(parked)@3.5 scout_jeep(moving)@9.9 flame_tank(parked)@3.9 mine_layer(parked)@6.2 command_hq@10
junglepass,Weekly,2,obstacles,1012,scout_jeep,1,1730,86.5,131.0,44.5,104.4,121.3,111.0,139.0,Idle,NoPath,fortress,,moved,0,,goal (111.0;139.0) in open ground; other region (209 cells); fortress,gun_pit(fixed)@7.3 radar_station(fixed)@6.8 scout_jeep(parked)@2.3
junglepass,Weekly,2,obstacles,1013,scout_jeep,1,1770,88.5,129.5,41.0,102.1,121.7,115.0,143.0,Idle,NoPath,fortress,,gave up,0,,goal (115.0;143.0) in open ground; other region (209 cells); fortress,gun_pit(fixed)@6.8 radar_station(fixed)@9.0 scout_jeep(parked)@2.3
junglepass,Weekly,2,obstacles,1014,siege_tank,0,2080,104.0,113.5,9.5,25.2,-27.7,44.6,-17.6,Move,BlockedByFriend,field,,moved,0,,aa_vehicle#1024 parked,main_battle_tank(moving)@8.0 aa_vehicle(parked)@4.4 ifv(parked)@6.7 river_water@10 river_water@7 river_water@8 river_water@4 river_water@9 river_water@5
junglepass,Weekly,2,obstacles,1042,armored_car,1,2610,130.5,172.0,41.5,3.0,88.0,96.6,143.7,Idle,NoPath,fortress,,moved,0,,goal (96.6;143.7) in open ground; other region (209 cells); fortress,
junglepass,Weekly,2,obstacles,1043,vbied,1,2630,131.5,169.0,37.5,17.0,88.2,92.3,139.9,Idle,NoPath,fortress,route,moved,0,,goal (92.3;139.9) in open ground; other region (209 cells); fortress,
junglepass,Weekly,2,obstacles,1012,scout_jeep,1,2700,135.0,144.5,9.5,101.2,119.7,101.0,139.0,Idle,NoPath,fortress,,moved,0,,goal (101.0;139.0) in open ground; other region (209 cells); fortress,gun_pit(fixed)@9.0 radar_station(fixed)@9.8 scout_jeep(moving)@4.3 scout_jeep(parked)@2.4 twin_tank(moving)@3.4
junglepass,Weekly,2,obstacles,1012,scout_jeep,1,2890,144.5,153.0,8.5,99.1,119.5,108.7,127.1,Idle,NoPath,fortress,,gave up,0,,goal (108.7;127.1) in open ground; other region (9 cells); fortress,gun_pit(fixed)@9.8 scout_jeep(moving)@3.2 twin_tank(parked)@6.3
junglepass,Weekly,2,obstacles,1047,vbied,1,2930,146.5,285.0,138.5,-2.0,88.0,101.0,139.0,Idle,NoPath,fortress,,moved,0,,goal (101.0;139.0) in open ground; other region (209 cells); fortress,armored_car(parked)@5.0
junglepass,Weekly,2,obstacles,1002,scout_jeep,1,3410,170.5,186.0,15.5,128.4,116.0,134.4,139.6,AttackMove,StalePath,fortress,,moved,0,,leg 13/13 to (134.4;139.6) crosses ? (corner),flame_tank(parked)@4.0 base_wall@7 base_wall@7 command_hq@10
junglepass,Weekly,2,obstacles,1012,scout_jeep,1,3440,172.0,284.5,112.5,103.0,120.2,94.5,141.9,Idle,NoPath,fortress,,gave up,0,,goal (94.5;141.9) in open ground; other region (209 cells); fortress,gun_pit(fixed)@8.3 radar_station(fixed)@8.0 scout_jeep(moving)@7.1 scout_jeep(parked)@3.1 twin_tank(parked)@4.8 vbied(parked)@2.0
junglepass,Weekly,2,obstacles,1013,scout_jeep,1,3450,172.5,285.5,113.0,101.1,122.6,101.0,139.0,Idle,NoPath,fortress,,gave up,0,,goal (101.0;139.0) in open ground; other region (209 cells); fortress,gun_pit(fixed)@6.2 scout_jeep(parked)@3.1 twin_tank(parked)@5.1 vbied(parked)@4.9
junglepass,Weekly,2,obstacles,1043,vbied,1,3590,179.5,284.0,104.5,104.8,119.6,88.3,140.3,Idle,NoPath,fortress,,gave up,0,,goal (88.3;140.3) in open ground; other region (209 cells); fortress,gun_pit(fixed)@9.1 radar_station(fixed)@6.2 scout_jeep(moving)@4.7 scout_jeep(parked)@2.0 scout_jeep(parked)@4.9 twin_tank(parked)@4.6
junglepass,Weekly,2,obstacles,1020,thermobaric_launcher,1,3810,190.5,199.5,9.0,108.1,94.2,107.2,105.2,Move,BlockedByFriend,fortress,,moved,0,,scout_jeep#1002 moving,ammo_depot(fixed)@5.3 scout_jeep(moving)@5.8
junglepass,Weekly,2,obstacles,1011,command_vehicle,1,5980,299.0,307.5,8.5,86.0,119.3,2.7,98.6,Move,BlockedByFriend,fortress+gate,nopark,moved,0,,smoke_carrier#1003 moving,drone_hangar(fixed)@9.9 smoke_carrier(moving)@5.1 ew_jammer(moving)@8.2 scout_jeep(moving)@6.2 mine_layer(moving)@9.0 thermobaric_launcher(moving)@8.2 twin_tank(moving)@7.0 rocket_technical(moving)@6.9 base_wall@4
junglepass,Weekly,2,obstacles,1047,vbied,1,6180,309.0,322.0,13.0,73.1,108.3,119.6,146.4,Idle,NoPath,fortress,road,gave up,0,,goal (119.6;146.4) in open ground; other region (209 cells); fortress,thermobaric_launcher(moving)@8.4 twin_tank(moving)@3.5 shahed_truck(parked)@3.6 vbied(moving)@7.2
junglepass,Weekly,2,obstacles,1012,scout_jeep,1,6210,310.5,324.0,13.5,91.5,110.3,115.6,149.1,Idle,NoPath,fortress,road+route,gave up,0,,goal (115.6;149.1) in open ground; other region (209 cells); fortress,repair_bay(fixed)@9.1 flame_tank(moving)@5.6 scout_jeep(parked)@2.5
junglepass,Weekly,2,obstacles,1013,scout_jeep,1,6210,310.5,324.0,13.5,94.1,110.3,115.5,144.0,Idle,NoPath,fortress,road+route,gave up,0,,goal (115.5;144.0) in open ground; other region (209 cells); fortress,repair_bay(fixed)@8.8 flame_tank(moving)@7.0 scout_jeep(parked)@2.5
junglepass,Weekly,2,obstacles,1047,vbied,1,6440,322.0,360.0,38.0,71.1,110.4,115.0,143.0,Idle,NoPath,fortress,road,gave up,0,,goal (115.0;143.0) in open ground; other region (209 cells); fortress,shahed_truck(parked)@3.8
junglepass,Weekly,2,obstacles,1043,vbied,1,6520,326.0,370.5,44.5,80.0,104.8,96.4,147.7,Idle,NoPath,fortress,,moved,0,,goal (96.4;147.7) in open ground; other region (209 cells); fortress,flame_tank(moving)@9.2 twin_tank(moving)@7.8 base_wall@9 base_wall@3
junglepass,Weekly,2,obstacles,1013,scout_jeep,1,6700,335.0,363.0,28.0,98.0,111.6,99.6,138.9,Idle,NoPath,fortress,road+route,moved,0,,goal (99.6;138.9) in open ground; other region (209 cells); fortress,scout_jeep(moving)@9.2 smoke_carrier(moving)@2.7 scout_jeep(parked)@7.6 mine_layer(moving)@5.7 twin_tank(moving)@8.6 sapper(moving)@9.2
junglepass,Weekly,2,obstacles,1003,smoke_carrier,1,6980,349.0,363.5,14.5,91.3,110.9,112.0,125.6,Idle,NoPath,fortress,road+route,moved,0,,goal (112.0;125.6) in open ground; other region (9 cells); fortress,repair_bay(fixed)@9.8 ew_jammer(moving)@2.7 scout_jeep(parked)@5.0 scout_jeep(parked)@7.5
junglepass,Weekly,2,obstacles,1012,scout_jeep,1,6980,349.0,370.0,21.0,91.3,115.9,96.7,142.3,Idle,NoPath,fortress,road,moved,0,,goal (96.7;142.3) in open ground; other region (209 cells); fortress,smoke_carrier(parked)@5.0 ew_jammer(moving)@7.7 scout_jeep(parked)@8.5 base_wall@10
junglepass,Weekly,2,obstacles,1047,vbied,1,7200,360.0,371.0,11.0,70.6,111.8,116.5,147.1,Idle,NoPath,fortress,road,gave up,0,,goal (116.5;147.1) in open ground; other region (209 cells); fortress,container@10
junglepass,Weekly,2,obstacles,1012,scout_jeep,1,8090,404.5,419.5,15.0,129.3,115.9,101.0,123.0,Move,NoPath,fortress,,moved,0,,goal (96.2;139.6) in open ground; other region (209 cells); fortress,flame_tank(moving)@5.0 twin_tank(parked)@4.3 vbied(moving)@4.9 base_wall@6 base_wall@6
junglepass,Weekly,2,obstacles,1031,twin_tank,1,8090,404.5,419.5,15.0,129.6,111.6,112.0,125.6,Idle,NoPath,fortress,,moved,0,,goal (112.0;125.6) in open ground; other region (9 cells); fortress,c_ram(fixed)@8.7 flame_tank(moving)@6.9 scout_jeep(moving)@4.3 vbied(moving)@4.9 base_wall@9 base_wall@4 base_wall@9
junglepass,Weekly,2,obstacles,1031,twin_tank,1,8390,419.5,437.5,18.0,129.9,111.6,111.6,125.6,Idle,NoPath,fortress,,moved,0,,goal (111.6;125.6) in open ground; other region (9 cells); fortress,c_ram(fixed)@8.7 flame_tank(parked)@6.2 base_wall@9 base_wall@4 base_wall@9
junglepass,Weekly,2,obstacles,1104,heavy_tank,1,8570,428.5,490.0,61.5,146.9,115.9,111.6,125.6,Idle,NoPath,fortress,,moved,0,,goal (111.6;125.6) in open ground; other region (9 cells); fortress,sapper(moving)@5.7
junglepass,Weekly,2,obstacles,1031,twin_tank,1,8750,437.5,461.0,23.5,129.2,116.0,111.0,110.6,AttackMove,YieldWait,fortress,,gave up,0,,behind counter_battery_radar#1044,ew_jammer(moving)@7.3 flame_tank(parked)@5.0 command_vehicle(moving)@8.4 scout_jeep(parked)@7.7 counter_battery_radar(parked)@3.9 counter_battery_radar(parked)@8.0 base_wall@6 base_wall@6 command_hq@10
junglepass,Weekly,2,obstacles,1081,sapper,1,8790,439.5,495.5,56.0,149.9,115.7,119.5,144.3,Idle,NoPath,fortress,,gave up,0,,goal (119.5;144.3) in open ground; other region (209 cells); fortress,heavy_tank(parked)@3.5
junglepass,Weekly,2,obstacles,1012,scout_jeep,1,9060,453.0,462.0,9.0,123.0,113.6,106.3,115.4,AttackMove,BlockedByFriend,fortress,,moved,0,,counter_battery_radar#1064 moving,smoke_carrier(moving)@5.6 ew_jammer(parked)@3.6 flame_tank(moving)@3.2 command_vehicle(parked)@8.9 twin_tank(parked)@6.1 counter_battery_radar(parked)@7.2 counter_battery_radar(parked)@6.1 counter_battery_radar(moving)@3.2
junglepass,Weekly,2,obstacles,1003,smoke_carrier,1,9770,488.5,499.5,11.0,109.8,108.9,112.0,125.6,Idle,NoPath,fortress,route,gave up,0,,goal (112.0;125.6) in open ground; other region (9 cells); fortress,scout_jeep(moving)@5.3 flame_tank(parked)@9.5 scout_jeep(moving)@7.8
junglepass,Weekly,2,obstacles,1044,counter_battery_radar,1,10080,504.0,513.0,9.0,127.6,112.0,123.0,103.0,Move,BlockedByFriend,fortress,,moved,0,,ew_jammer#1005 moving,c_ram(fixed)@9.0 scout_jeep(parked)@4.7 ew_jammer(moving)@4.5 flame_tank(parked)@9.7 command_vehicle(moving)@4.0 twin_tank(moving)@4.4 counter_battery_radar(moving)@9.8 base_wall@6
junglepass,Weekly,2,obstacles,1003,smoke_carrier,1,10170,508.5,537.5,29.0,109.8,108.9,112.0,125.6,Idle,NoPath,fortress,route,moved,0,,goal (112.0;125.6) in open ground; other region (9 cells); fortress,flame_tank(parked)@9.2
capital,Defend,1,light,858,titan_tank,0,2930,146.5,159.0,12.5,63.0,109.6,51.0,119.0,AttackMove,OffRoute,fortress,,moved,0,,to (65.0;113.0) past container_stack,heavy_tank(moving)@4.4 aa_vehicle(moving)@3.9 ifv(moving)@6.6 container_stack@6
capital,Defend,1,light,866,siege_tank,0,3030,151.5,160.5,9.0,59.7,122.5,82.2,49.1,Move,BlockedByFriend,fortress,,moved,0,,ifv#909 moving,siege_tank(moving)@7.7 aa_vehicle(moving)@6.2 aa_vehicle(moving)@9.8 ifv(moving)@4.9 ifv(moving)@9.0 ifv(moving)@6.5 container_stack@9
capital,Defend,1,light,864,siege_tank,0,3070,153.5,163.0,9.5,54.0,123.0,66.6,48.5,Move,BlockedByFriend,fortress,,moved,0,,aa_vehicle#899 moving,aa_vehicle(moving)@5.3 ifv(moving)@6.9 ifv(moving)@5.3
capital,Defend,1,light,922,aa_vehicle,0,3750,187.5,196.5,9.0,116.1,138.0,118.4,114.7,AttackMove,BlockedByFriend,fortress,,moved,0,,titan_tank#858 moving,titan_tank(moving)@5.2 aa_vehicle(moving)@9.2 aa_vehicle(moving)@9.7 aa_vehicle(moving)@4.0 base_wall@6 base_wall@6
capital,Defend,1,light,917,armored_bulldozer,1,4500,225.0,233.5,8.5,102.7,-23.6,125.0,115.0,AttackMove,Unknown,fortress,,moved,0,,speed 2.7 strikes 2,
capital,Defend,1,light,926,aa_vehicle,0,5090,254.5,264.0,9.5,133.3,146.0,118.3,138.0,AttackMove,YieldWait,fortress,,moved,0,,behind mobile_fortress#919,aa_vehicle(moving)@4.2
capital,Defend,1,light,938,heavy_tank,0,5260,263.0,279.5,16.5,136.0,125.4,118.3,138.0,AttackMove,BlockedByFriend,fortress,,moved,0,,mobile_fortress#919 parked,mobile_fortress(parked)@7.2
capital,Defend,2,full,854,light_tank,1,1480,74.0,85.5,11.5,42.1,-2.5,57.0,57.0,Attack,NoPath,fortress,road,gave up,0,,goal (57.0;57.0) in blocked ground (shield_generator); other region (9 cells); fortress,
capital,Defend,2,full,887,main_battle_tank,0,1710,85.5,97.5,12.0,34.5,116.6,57.6,68.8,AttackMove,BlockedByFriend,fortress,,moved,0,,light_tank#899 moving,main_battle_tank(moving)@7.5 main_battle_tank(moving)@3.8 scout_jeep(parked)@8.4 light_tank(moving)@6.7 light_tank(moving)@3.3 light_tank(moving)@3.7 base_wall@7 base_wall@6 floodlight_mast@9
capital,Defend,2,full,854,light_tank,1,1740,87.0,100.5,13.5,38.0,-3.6,57.0,57.0,Attack,NoPath,fortress,road,moved,0,,goal (57.0;57.0) in blocked ground (shield_generator); other region (9 cells); fortress,
capital,Defend,2,full,921,aa_vehicle,0,1740,87.0,96.0,9.0,91.7,119.1,51.0,57.0,Idle,NoPath,fortress,,moved,0,,goal (51.0;57.0) in open ground; other region (9 cells); fortress,missile_battery(fixed)@8.4 aa_vehicle(moving)@7.3 aa_vehicle(moving)@4.6 base_wall@9
capital,Defend,2,full,903,light_tank,0,1810,90.5,105.5,15.0,35.2,119.7,34.6,112.1,AttackMove,GateWait,fortress,,moved,0,,doorway 0,main_battle_tank(moving)@4.5 main_battle_tank(moving)@2.9 scout_jeep(moving)@9.1 siege_tank(moving)@7.8 light_tank(moving)@6.4 light_tank(moving)@6.1 ifv(moving)@5.7 base_wall@9 base_wall@5 floodlight_mast@8
capital,Defend,2,full,888,main_battle_tank,0,2040,102.0,113.5,11.5,36.0,124.5,62.0,53.9,AttackMove,StalePath,fortress+gate,nopark,moved,0,,leg 10/10 to (62.0;53.9) crosses shield_generator (corner),ifv(moving)@8.6 main_battle_tank(moving)@6.3 main_battle_tank(moving)@8.0 main_battle_tank(moving)@6.6 siege_tank(moving)@3.5 ifv(moving)@3.8 aa_vehicle(moving)@8.3 base_wall@6 floodlight_mast@8
capital,Defend,2,full,927,mlrs,0,2110,105.5,115.5,10.0,46.0,121.5,30.2,129.2,Move,YieldWait,fortress+gate,nopark,moved,0,,behind scout_jeep#889,ifv(moving)@8.0 main_battle_tank(moving)@7.9 scout_jeep(moving)@2.2 light_tank(moving)@9.8 light_tank(moving)@3.8 base_wall@6 floodlight_mast@3
capital,Defend,2,full,920,aa_vehicle,0,2170,108.5,118.0,9.5,60.7,52.0,57.6,68.8,AttackMove,OffRoute,fortress,route,moved,0,,to (65.0;67.0) past shield_generator,ifv(moving)@3.5 aa_vehicle(moving)@7.7 aa_vehicle(moving)@4.2 aa_vehicle(moving)@4.1 main_battle_tank(moving)@9.5 shield_generator@6
capital,Defend,2,full,914,aa_vehicle,0,2550,127.5,139.0,11.0,58.5,47.4,57.6,69.2,AttackMove,Embedded,fortress,,died,0,,on aa_turret(defence),light_tank(moving)@8.1 aa_vehicle(parked)@3.4 aa_vehicle(moving)@4.9 aa_vehicle(parked)@4.8 aa_turret(fixed)@0.8 shield_generator@10
capital,Defend,2,full,917,aa_vehicle,0,2570,128.5,139.0,10.0,60.2,44.4,62.0,53.9,AttackMove,Embedded,fortress,,died,0,,on aa_turret(defence),aa_vehicle(moving)@3.4 aa_vehicle(moving)@4.8 aa_vehicle(parked)@7.0 aa_turret(fixed)@3.8 floodlight_mast@8
capital,Defend,2,full,908,armored_car,1,3090,154.5,167.5,12.5,65.1,-14.0,-26.7,-6.6,Move,OffRoute,fortress,,died,0,,to (21.0;-3.0) past shop,command_vehicle(moving)@3.4 fpv_carrier(moving)@5.8 rocket_technical(moving)@9.9 scout_jeep(moving)@4.1 office_block@9
capital,Defend,2,full,902,command_vehicle,1,3120,156.0,167.5,11.0,62.9,-12.1,66.9,-86.2,Move,BlockedByFriend,fortress,,died,0,,armored_car#908 moving,armored_car(moving)@3.1 thermobaric_launcher(moving)@9.0 fpv_carrier(moving)@7.6 rocket_technical(moving)@5.9 scout_jeep(moving)@3.2
capital,Defend,2,full,905,light_tank,0,3120,156.0,175.5,19.5,113.4,64.2,39.0,25.0,AttackMove,OffRoute,fortress,,moved,0,,to (101.0;71.0) past rocket_turret(defence),rocket_turret(fixed)@6.2 main_battle_tank(moving)@6.8 main_battle_tank(moving)@4.0 light_tank(parked)@8.4 light_tank(moving)@6.6
capital,Defend,2,full,885,main_battle_tank,0,3940,197.0,205.5,8.5,128.2,29.8,113.0,59.0,AttackMove,YieldWait,fortress,,moved,0,,behind main_battle_tank#924,main_battle_tank(moving)@6.7 ifv(moving)@8.3 light_tank(moving)@8.7 main_battle_tank(moving)@3.8 ifv(moving)@4.0 aa_vehicle(parked)@8.6
capital,Defend,2,full,913,thermobaric_launcher,1,4590,229.5,240.0,10.5,44.0,-72.9,31.0,-57.0,Move,YieldWait,field+gate,road+narrow+nopark,moved,0,,behind armored_bulldozer#893,armored_bulldozer(moving)@3.6 ew_jammer(moving)@7.2 rocket_technical(parked)@8.8 counter_battery_radar(moving)@6.6 office_block@9 wreck_tank@8
capital,Defend,2,full,893,armored_bulldozer,1,4610,230.5,247.5,17.0,42.0,-69.9,67.0,11.0,AttackMove,YieldWait,field+gate,road+narrow+nopark,gave up,0,,behind thermobaric_launcher#913,thermobaric_launcher(moving)@3.7 ew_jammer(moving)@7.6 counter_battery_radar(moving)@8.2 wreck_tank@5
capital,Defend,2,full,913,thermobaric_launcher,1,4800,240.0,281.0,41.0,43.9,-72.4,31.0,-57.0,Move,YieldWait,field+gate,road+narrow+nopark,moved,0,,behind armored_bulldozer#893,armored_bulldozer(moving)@4.1 rocket_technical(moving)@7.6 office_block@9 wreck_tank@8
capital,Defend,2,full,891,shahed_truck,1,4820,241.0,258.0,17.0,46.9,-58.1,54.0,86.0,Attack,GateWait,field,road,gave up,0,,doorway 0,river_water@9 river_water@7 river_water@6 river_water@8
capital,Defend,2,full,893,armored_bulldozer,1,4950,247.5,263.5,16.0,42.0,-68.5,48.5,61.5,Attack,YieldWait,field+gate,road+narrow+nopark,gave up,0,,behind thermobaric_launcher#913,thermobaric_launcher(moving)@3.9 rocket_technical(moving)@8.0 wreck_tank@5
capital,Defend,2,full,970,rocket_technical,1,5160,258.0,299.0,41.0,42.0,-74.3,47.0,-57.0,Move,BlockedByFriend,field+gate,road+narrow+nopark,moved,0,,thermobaric_launcher#913 moving,armored_bulldozer(moving)@7.4 thermobaric_launcher(moving)@4.5 wreck_tank@7
capital,Defend,2,full,892,siege_tank,0,5200,260.0,273.5,13.5,133.3,34.6,136.7,47.8,Move,BlockedByObstacle,fortress,,moved,0,,base_wall,base_wall@7
capital,Defend,2,full,893,armored_bulldozer,1,5270,263.5,282.5,19.0,42.0,-66.4,48.5,61.5,Attack,YieldWait,field+gate,road+narrow+nopark,gave up,0,,behind thermobaric_launcher#913,thermobaric_launcher(moving)@3.7 rocket_technical(moving)@7.9 wreck_tank@6
capital,Defend,2,full,891,shahed_truck,1,5520,276.0,302.0,26.0,47.9,-59.5,51.0,-16.4,Move,GateWait,field,road,gave up,0,,doorway 0,armored_bulldozer(moving)@8.4 river_water@8 river_water@8 river_water@9
capital,Defend,2,full,913,thermobaric_launcher,1,5620,281.0,299.0,18.0,44.0,-68.9,35.5,-61.7,Idle,BlockedByFriend,field+gate,road+narrow+nopark,moved,0,,armored_bulldozer#893 moving,armored_bulldozer(moving)@4.4 rocket_technical(moving)@5.1 office_block@10 wreck_tank@7
capital,Defend,2,full,893,armored_bulldozer,1,5650,282.5,298.0,15.5,42.0,-64.9,48.5,61.5,Attack,YieldWait,field+gate,road+nopark,moved,0,,behind thermobaric_launcher#913,shahed_truck(moving)@8.0 thermobaric_launcher(moving)@4.5 rocket_technical(moving)@8.3 wreck_tank@7
capital,Defend,2,full,1003,scout_jeep,0,6070,303.5,312.5,9.0,45.9,106.7,45.0,113.0,AttackMove,YieldWait,fortress+gate,nopark,gave up,0,,behind ifv#981,main_battle_tank(moving)@7.5 siege_tank(moving)@5.9 main_battle_tank(moving)@3.4 scout_jeep(moving)@4.8 ifv(parked)@6.8 armored_car(moving)@8.7 light_tank(parked)@7.6 armored_car(moving)@6.0 shield_generator@8
capital,Defend,2,full,924,main_battle_tank,0,6090,304.5,313.0,8.5,43.2,107.0,44.5,95.3,AttackMove,YieldWait,fortress+gate,nopark,moved,0,,behind scout_jeep#1003,main_battle_tank(moving)@5.2 siege_tank(moving)@6.9 scout_jeep(moving)@4.5 ifv(parked)@6.2 armored_car(moving)@9.3 ifv(moving)@9.9 light_tank(parked)@6.2 aa_vehicle(moving)@9.3 aa_vehicle(moving)@9.0 aa_vehicle(moving)@9.6 scout_jeep(moving)@2.9 armored_car(moving)@8.1
capital,Defend,2,full,981,ifv,0,6780,339.0,351.5,12.5,46.0,113.3,51.0,119.0,AttackMove,YieldWait,fortress,,gave up,0,,behind scout_jeep#1003,main_battle_tank(moving)@3.4 scout_jeep(moving)@7.3 light_tank(parked)@9.0 aa_vehicle(moving)@9.2 aa_vehicle(moving)@8.3 aa_vehicle(moving)@9.6 scout_jeep(moving)@5.5 scout_jeep(moving)@5.3 armored_car(moving)@9.2 main_battle_tank(parked)@9.7 light_tank(moving)@7.1 light_tank(parked)@6.5 ifv(moving)@8.0 armored_car(moving)@5.6 shield_generator@6
capital,Defend,2,full,957,scout_jeep,0,6790,339.5,350.0,10.5,46.7,106.0,58.2,121.6,AttackMove,BlockedByFriend,fortress,,moved,0,,main_battle_tank#1007 parked,ifv(moving)@7.1 aa_vehicle(moving)@3.1 scout_jeep(moving)@9.0 main_battle_tank(parked)@2.7 light_tank(parked)@4.9 shield_generator@8
capital,Defend,2,full,885,main_battle_tank,0,7750,387.5,396.0,8.5,49.4,121.6,45.4,101.7,AttackMove,BlockedByFriend,fortress,,moved,0,,scout_jeep#1003 moving,siege_tank(moving)@4.0 main_battle_tank(moving)@8.2 aa_vehicle(parked)@7.9 aa_vehicle(moving)@4.4 scout_jeep(moving)@3.3 main_battle_tank(parked)@9.3 light_tank(moving)@4.3 armored_car(moving)@7.8 ifv(moving)@4.8 shield_generator@10
capital,Defend,2,full,924,main_battle_tank,0,7890,394.5,403.5,9.0,46.0,115.2,59.0,113.0,AttackMove,BlockedByFriend,fortress+gate,nopark,moved,0,,armored_car#1037 moving,main_battle_tank(moving)@6.2 aa_vehicle(moving)@7.0 aa_vehicle(moving)@4.2 aa_vehicle(moving)@5.9 ifv(moving)@6.9 armored_car(moving)@3.6 armored_car(moving)@4.9 ifv(moving)@9.1 shield_generator@7
capital,Defend,2,full,892,siege_tank,0,8000,400.0,409.5,9.5,52.3,123.9,17.3,85.9,Move,Embedded,fortress,,gave up,0,,on missile_battery(defence),aa_vehicle(moving)@7.2 aa_vehicle(moving)@7.7 scout_jeep(moving)@8.5 main_battle_tank(moving)@6.9 missile_battery(fixed)@4.5
capital,Defend,2,full,892,siege_tank,0,8260,413.0,426.0,13.0,52.3,123.9,8.7,115.1,Move,Embedded,fortress,,gave up,0,,on missile_battery(defence),main_battle_tank(moving)@7.7 armored_car(moving)@5.9 light_tank(moving)@6.9 main_battle_tank(moving)@6.9 ifv(moving)@5.8 missile_battery(fixed)@4.5
capital,Defend,2,full,1040,ifv,0,8550,427.5,446.0,18.5,58.0,115.3,41.7,118.6,AttackMove,OffRoute,fortress+gate,nopark,moved,0,,to (41.7;118.6) past shield_generator,main_battle_tank(moving)@3.8 scout_jeep(moving)@9.6 light_tank(parked)@7.4 armored_car(moving)@4.4 scout_jeep(moving)@4.0 armored_car(moving)@4.9 shield_generator@7
capital,Defend,2,full,1010,light_tank,0,8570,428.5,437.5,9.0,58.5,83.4,64.3,88.9,AttackMove,YieldWait,fortress,,gave up,0,,behind main_battle_tank#1007,aa_vehicle(moving)@4.3 main_battle_tank(moving)@7.7 rocket_turret(fixed)@5.2
capital,Defend,2,full,1035,main_battle_tank,0,8730,436.5,452.0,15.5,59.1,125.3,45.6,102.1,AttackMove,Embedded,fortress,,gave up,0,,on missile_battery(defence),siege_tank(moving)@6.9 main_battle_tank(moving)@9.0 scout_jeep(moving)@6.1 scout_jeep(moving)@6.6 light_tank(moving)@3.7 ifv(moving)@9.2 missile_battery(fixed)@5.7
capital,Defend,2,full,957,scout_jeep,0,8810,440.5,451.5,11.0,54.7,121.6,42.4,118.2,AttackMove,YieldWait,fortress+gate,narrow+nopark,moved,0,,behind siege_tank#892,main_battle_tank(moving)@9.4 siege_tank(moving)@3.3 main_battle_tank(moving)@2.6 light_tank(moving)@8.7 main_battle_tank(moving)@5.7 light_tank(moving)@3.5 armored_car(moving)@6.3 missile_battery(fixed)@6.4 shield_generator@10
capital,Defend,2,full,924,main_battle_tank,0,8830,441.5,451.5,10.0,53.8,119.1,59.0,113.0,AttackMove,OffRoute,fortress+gate,narrow+nopark,gave up,0,,to (59.0;113.0) past shield_generator,main_battle_tank(moving)@6.7 siege_tank(moving)@5.0 scout_jeep(moving)@2.7 scout_jeep(moving)@9.5 main_battle_tank(moving)@8.1 light_tank(moving)@5.3 armored_car(moving)@5.0 missile_battery(fixed)@8.9 scout_jeep(parked)@9.6 shield_generator@7
capital,Defend,2,full,1036,light_tank,0,8840,442.0,451.0,9.0,57.8,121.4,43.4,117.5,AttackMove,StalePath,fortress+gate,narrow+nopark,moved,0,,leg 2/4 to (57.0;119.0) crosses shield_generator (corner),main_battle_tank(moving)@9.1 siege_tank(moving)@6.1 main_battle_tank(moving)@3.9 scout_jeep(moving)@3.2 aa_vehicle(moving)@8.6 main_battle_tank(moving)@4.1 armored_car(moving)@5.2 missile_battery(fixed)@7.7
capital,Defend,2,full,956,siege_tank,0,8930,446.5,456.0,9.5,54.0,103.1,80.7,79.4,Move,BlockedByDefence,fortress+gate,narrow+nopark,gave up,0,,c_ram#865 parked,c_ram(fixed)@6.7 scout_jeep(moving)@5.3 armored_car(moving)@4.7 main_battle_tank(moving)@7.1 scout_jeep(moving)@8.0 shield_generator@9
capital,Defend,2,full,1035,main_battle_tank,0,9070,453.5,469.5,16.0,59.1,125.3,59.0,113.0,AttackMove,Embedded,fortress,,gave up,0,,on missile_battery(defence),siege_tank(moving)@6.9 scout_jeep(moving)@6.7 aa_vehicle(moving)@8.8 light_tank(moving)@6.8 light_tank(moving)@8.5 armored_car(moving)@4.9 missile_battery(fixed)@5.7
capital,Defend,2,full,1004,scout_jeep,0,9100,455.0,467.0,12.0,58.0,114.7,44.7,108.2,AttackMove,BlockedByFriend,fortress+gate,nopark,moved,0,,scout_jeep#1059 moving,main_battle_tank(moving)@6.5 main_battle_tank(moving)@6.6 siege_tank(moving)@8.0 scout_jeep(moving)@4.4 aa_vehicle(moving)@4.7 light_tank(moving)@4.1 light_tank(moving)@9.4 ifv(moving)@7.2 scout_jeep(moving)@2.5 shield_generator@7
capital,Defend,2,full,1007,main_battle_tank,0,9250,462.5,472.0,9.5,46.0,109.5,59.0,113.0,AttackMove,BlockedByFriend,fortress,,moved,0,,aa_vehicle#1002 parked,siege_tank(moving)@7.3 aa_vehicle(moving)@5.4 aa_vehicle(parked)@3.9 scout_jeep(moving)@7.9 armored_car(parked)@8.0 ifv(moving)@7.5 shield_generator@6
capital,Defend,2,full,1036,light_tank,0,9320,466.0,475.0,9.0,60.7,120.2,43.4,117.5,AttackMove,YieldWait,fortress+gate,nopark,moved,0,,waiting on a yield,siege_tank(moving)@9.1 scout_jeep(moving)@5.5 scout_jeep(moving)@9.1 light_tank(parked)@7.2 main_battle_tank(moving)@5.3 scout_jeep(parked)@7.2 armored_car(moving)@6.6 ifv(moving)@4.2
capital,Defend,2,full,885,main_battle_tank,0,9420,471.0,490.5,19.5,46.5,120.8,59.0,113.0,AttackMove,BlockedByFriend,fortress+gate,nopark,moved,0,,armored_car#1005 parked,siege_tank(moving)@6.5 scout_jeep(moving)@6.6 armored_car(parked)@5.7 armored_car(parked)@7.4 armored_car(moving)@9.3
capital,Defend,2,full,1035,main_battle_tank,0,9420,471.0,553.5,82.5,59.1,125.3,59.0,113.0,AttackMove,Embedded,fortress,,gave up,0,,on missile_battery(defence),siege_tank(moving)@6.9 light_tank(moving)@3.2 missile_battery(fixed)@5.7 armored_car(moving)@7.6
capital,Defend,2,full,892,siege_tank,0,9550,477.5,487.5,10.0,52.3,123.9,13.1,95.3,Move,Embedded,fortress,,gave up,0,,on missile_battery(defence),main_battle_tank(moving)@4.1 aa_vehicle(moving)@4.6 armored_car(moving)@4.7 light_tank(moving)@7.5 main_battle_tank(moving)@6.9 light_tank(moving)@9.8 ifv(moving)@7.1 missile_battery(fixed)@4.5 scout_jeep(moving)@9.9
capital,Defend,2,full,1001,aa_vehicle,0,9700,485.0,500.5,15.5,55.2,120.8,41.7,118.6,AttackMove,YieldWait,fortress+gate,narrow+nopark,moved,0,,behind ifv#1040,main_battle_tank(moving)@8.0 siege_tank(moving)@4.2 scout_jeep(parked)@8.4 aa_vehicle(moving)@5.3 light_tank(moving)@7.3 main_battle_tank(moving)@5.9 light_tank(moving)@2.9 armored_car(moving)@10.0 ifv(moving)@5.7 missile_battery(fixed)@7.3 scout_jeep(moving)@5.4 scout_jeep(moving)@3.3 shield_generator@9
capital,Defend,2,full,1007,main_battle_tank,0,9720,486.0,497.0,11.0,53.2,105.6,59.0,113.0,AttackMove,YieldWait,fortress+gate,nopark,moved,0,,behind ifv#1057,c_ram(fixed)@8.8 main_battle_tank(moving)@5.1 scout_jeep(parked)@9.8 scout_jeep(moving)@5.9 light_tank(parked)@7.4 ifv(moving)@4.0 shield_generator@7
capital,Defend,2,full,1010,light_tank,0,9720,486.0,500.5,14.0,48.3,118.0,59.0,113.0,AttackMove,YieldWait,fortress+gate,narrow+nopark,died,0,,behind ifv#1040,main_battle_tank(moving)@7.7 siege_tank(parked)@7.1 aa_vehicle(moving)@6.5 aa_vehicle(moving)@7.8 scout_jeep(moving)@8.4 light_tank(moving)@6.8 armored_car(moving)@9.6 ifv(moving)@3.5 armored_car(moving)@4.8 shield_generator@7
capital,Defend,2,full,1057,ifv,0,9800,490.0,501.0,11.0,58.0,106.1,41.7,118.6,AttackMove,BlockedByFriend,fortress+gate,narrow+nopark,moved,0,,scout_jeep#1004 moving,c_ram(fixed)@6.4 main_battle_tank(moving)@7.2 scout_jeep(parked)@7.7 scout_jeep(moving)@3.7 main_battle_tank(moving)@4.0 light_tank(parked)@6.2 scout_jeep(moving)@9.7 shield_generator@8
capital,Defend,2,full,894,siege_tank,0,10010,500.5,510.5,10.0,31.2,132.9,85.0,140.2,Move,BlockedByFriend,fortress,,moved,0,,armored_car#1088 parked,armored_car(moving)@9.7 armored_car(parked)@5.6
capital,Defend,2,full,1000,aa_vehicle,0,10090,504.5,513.0,8.5,44.8,121.0,59.0,113.0,AttackMove,Unknown,fortress,,moved,0,,speed 5.5 strikes 2,main_battle_tank(moving)@5.0 siege_tank(parked)@8.0 siege_tank(moving)@9.1 ifv(moving)@6.3 armored_car(moving)@9.6
capital,Defend,2,full,956,siege_tank,0,10180,509.0,519.0,10.0,46.2,129.3,65.2,144.0,Move,YieldWait,fortress+gate,nopark,moved,0,,behind scout_jeep#1089,main_battle_tank(moving)@7.8 siege_tank(parked)@8.1 missile_battery(fixed)@7.9 armored_car(moving)@4.4 armored_car(moving)@5.2 scout_jeep(moving)@5.2 container@10
capital,Defend,2,full,1089,scout_jeep,0,10190,509.5,519.0,9.5,44.2,133.9,116.1,144.0,Move,BlockedByFriend,fortress+gate,narrow+nopark,moved,0,,siege_tank#956 moving,siege_tank(moving)@8.4 siege_tank(moving)@4.9 armored_car(moving)@10.0 armored_car(moving)@6.5 base_wall@6 container@5
capital,Defend,2,full,1068,ifv,0,10270,513.5,523.5,10.0,50.2,119.5,139.5,132.9,AttackMove,BlockedByFriend,fortress,,moved,0,,siege_tank#892 parked,main_battle_tank(moving)@7.1 siege_tank(parked)@4.9 main_battle_tank(moving)@6.8 aa_vehicle(moving)@6.2 missile_battery(fixed)@9.3 armored_car(moving)@5.5 armored_car(moving)@9.0
capital,Defend,2,full,1074,armored_car,0,10340,517.0,527.5,10.5,46.7,125.3,115.6,149.7,Move,StalePath,fortress,,moved,0,,leg 4/4 to (115.6;149.7) crosses outline (corner),main_battle_tank(moving)@8.1 siege_tank(parked)@5.8 missile_battery(fixed)@7.8 ifv(moving)@8.9 armored_car(moving)@3.5
capital,Defend,2,full,1097,scout_jeep,0,10510,525.5,535.0,9.5,66.0,137.6,116.6,144.0,Move,OffRoute,fortress+gate,nopark,moved,0,,to (116.6;144.0) past fuel_depot,main_battle_tank(moving)@6.6 main_battle_tank(moving)@7.3 aa_vehicle(moving)@3.6 armored_car(moving)@9.0 light_tank(moving)@7.4 aa_vehicle(moving)@4.0 aa_vehicle(moving)@6.0 scout_jeep(moving)@8.4
capital,Defend,2,full,1068,ifv,0,10720,536.0,545.0,9.0,58.3,120.3,139.5,132.9,AttackMove,BlockedByFriend,fortress+gate,nopark,moved,0,,main_battle_tank#1035 moving,siege_tank(moving)@6.9 main_battle_tank(moving)@5.0 missile_battery(fixed)@8.8 siege_tank(moving)@9.2
capital,Defend,2,full,1096,scout_jeep,0,11020,551.0,559.5,8.5,96.0,149.3,125.0,115.0,AttackMove,BlockedByFriend,fortress,,moved,0,,scout_jeep#1097 moving,armored_car(moving)@5.3 scout_jeep(moving)@2.7 scout_jeep(moving)@9.8
capital,Defend,2,full,1007,main_battle_tank,0,11070,553.5,564.0,10.5,138.0,136.9,110.5,117.1,AttackMove,YieldWait,fortress,,moved,0,,behind light_tank#1036,main_battle_tank(moving)@3.1 light_tank(moving)@9.4 light_tank(moving)@3.9 aa_vehicle(moving)@9.6 aa_vehicle(moving)@5.6 base_wall@8 base_wall@7
capital,Defend,2,full,1035,main_battle_tank,0,11100,555.0,569.0,14.0,59.1,125.3,139.1,116.4,AttackMove,Embedded,fortress,,gave up,0,,on missile_battery(defence),siege_tank(moving)@6.9 armored_car(moving)@6.9 missile_battery(fixed)@5.7
capital,Defend,2,full,1035,main_battle_tank,0,11410,570.5,589.5,19.0,59.1,125.3,110.5,117.1,AttackMove,Embedded,fortress,,gave up,0,,on missile_battery(defence),siege_tank(moving)@6.9 armored_car(parked)@8.3 armored_car(moving)@7.3 missile_battery(fixed)@5.7 scout_jeep(moving)@8.4 siege_tank(moving)@3.2
capital,Defend,2,full,1103,siege_tank,0,11490,574.5,584.5,10.0,61.4,127.2,54.6,138.5,Move,BlockedByFriend,fortress+gate,narrow+nopark,gave up,0,,armored_car#1039 moving,siege_tank(moving)@9.7 armored_car(moving)@8.2 main_battle_tank(moving)@3.0 armored_car(moving)@4.1 missile_battery(fixed)@7.4
capital,Defend,2,full,1005,armored_car,0,11620,581.0,594.5,13.5,55.6,122.0,123.7,144.0,Move,GateWait,fortress,,moved,0,,doorway 0,siege_tank(moving)@3.8 main_battle_tank(moving)@4.8 missile_battery(fixed)@6.2
capital,Defend,2,full,1060,armored_car,0,11740,587.0,595.5,8.5,121.2,108.3,125.0,115.0,AttackMove,YieldWait,fortress,,moved,0,,behind mobile_fortress#1091,atgm_tower(fixed)@9.0 armored_car(moving)@8.7 scout_jeep(moving)@2.7 scout_jeep(moving)@3.9 scout_jeep(moving)@4.4
capital,Endless,1,full,883,titan_tank,0,530,26.5,35.5,9.0,70.5,80.4,17.0,5.0,AttackMove,Unknown,fortress,road,moved,0,,speed 2.6 strikes 0,mg_bunker(fixed)@7.7 aa_vehicle(moving)@6.9 aa_vehicle(moving)@10.0
capital,Endless,1,full,889,aa_vehicle,0,830,41.5,51.5,10.0,67.1,86.0,62.0,52.9,AttackMove,StalePath,fortress,,moved,0,,leg 3/3 to (62.0;52.9) crosses shield_generator (corner),mg_bunker(fixed)@5.7 titan_tank(moving)@5.0 aa_vehicle(moving)@7.1
capital,Endless,1,full,910,heavy_tank,0,1880,94.0,104.0,10.0,87.6,106.6,5.9,92.9,AttackMove,BlockedByFriend,fortress+gate,nopark,moved,0,,ifv#915 moving,heavy_tank(moving)@6.6 ifv(moving)@6.6 main_battle_tank(moving)@7.7 base_wall@5
capital,Endless,1,full,883,titan_tank,0,1890,94.5,103.0,8.5,15.6,99.3,12.2,88.3,AttackMove,BlockedByFriend,fortress,road,moved,0,,aa_vehicle#892 moving,aa_vehicle(moving)@5.5 ifv(parked)@8.3
capital,Endless,1,full,905,heavy_tank,0,2410,120.5,132.0,11.5,87.8,104.1,-1.4,81.6,AttackMove,BlockedByFriend,fortress,,moved,0,,aa_vehicle#929 parked,main_battle_tank(moving)@2.9 aa_vehicle(parked)@4.2 aa_vehicle(parked)@5.7 base_wall@9 base_wall@4
capital,Endless,1,full,895,armored_bulldozer,1,2650,132.5,141.5,9.0,74.6,-70.5,12.0,3.5,Attack,BlockedByFriend,field,road+route,moved,0,,fpv_carrier#927 moving,heavy_rocket_artillery(parked)@4.8 rocket_technical(moving)@5.1 armored_car(moving)@9.5 fpv_carrier(moving)@4.0 wreck_tank@9
capital,Endless,1,full,929,aa_vehicle,0,3950,197.5,206.0,8.5,88.9,110.7,59.0,51.0,AttackMove,BlockedByFriend,fortress+gate,road+route+nopark,moved,0,,heavy_tank#905 moving,heavy_tank(moving)@3.8 aa_vehicle(moving)@9.6 titan_tank(moving)@9.1 titan_tank(moving)@8.5 heavy_tank(moving)@4.4 base_wall@9
capital,Endless,1,full,932,aa_vehicle,0,3980,199.0,209.0,10.0,86.0,101.4,59.0,51.0,AttackMove,StalePath,fortress,,moved,0,,leg 4/4 to (59.0;51.0) crosses guard_tower(defence),titan_tank(moving)@8.8 heavy_tank(moving)@5.9 base_wall@6 base_wall@4
capital,Endless,1,full,952,heavy_tank,0,3990,199.5,210.5,11.0,86.0,107.4,59.0,51.0,AttackMove,StalePath,fortress+gate,nopark,moved,0,,leg 4/4 to (59.0;51.0) crosses guard_tower(defence),heavy_tank(moving)@7.4 aa_vehicle(moving)@4.8 aa_vehicle(moving)@5.8 titan_tank(moving)@6.3 base_wall@4
capital,Endless,1,full,886,heavy_rocket_artillery,1,4020,201.0,210.0,9.0,71.3,-69.5,48.5,61.5,Attack,Unknown,field,road,moved,0,,speed 3.0 strikes 2,wreck_tank@6 wreck_truck@10
capital,Endless,1,full,896,siege_tank,0,4020,201.0,209.5,8.5,53.6,78.7,63.0,95.0,Move,Unknown,fortress+gate,nopark,moved,0,,speed 2.2 strikes 0,atgm_tower(fixed)@7.3 mg_bunker(fixed)@10.0
capital,Endless,1,full,950,titan_tank,0,4870,243.5,252.5,9.0,111.3,66.0,134.3,28.6,AttackMove,OffRoute,fortress,,moved,0,,to (115.0;65.0) past atgm_tower(defence),atgm_tower(fixed)@5.2 aa_vehicle(moving)@7.3 ifv(moving)@9.8 heavy_tank(moving)@7.4 main_battle_tank(moving)@9.9 aa_vehicle(parked)@8.3 titan_tank(moving)@8.0 ifv(parked)@8.8 ifv(moving)@6.9 aa_vehicle(moving)@4.2
capital,Endless,1,full,968,ifv,0,4890,244.5,253.0,8.5,108.3,71.9,128.0,8.9,AttackMove,BlockedByFriend,fortress,road,moved,0,,aa_vehicle#969 moving,atgm_tower(fixed)@9.4 aa_vehicle(moving)@7.8 heavy_tank(moving)@3.3 heavy_tank(moving)@9.2 aa_vehicle(moving)@7.5 aa_vehicle(parked)@8.9 titan_tank(moving)@8.6 aa_vehicle(moving)@3.8
capital,Endless,1,full,892,aa_vehicle,0,4910,245.5,256.5,11.0,104.0,65.6,121.1,14.6,AttackMove,BlockedByFriend,fortress,,moved,0,,aa_vehicle#929 moving,atgm_tower(fixed)@4.7 ifv(moving)@4.8 heavy_tank(moving)@4.6 heavy_tank(moving)@7.7 aa_vehicle(moving)@3.4 aa_vehicle(moving)@6.1 titan_tank(moving)@9.4 heavy_tank(moving)@6.6 ifv(moving)@9.9 aa_vehicle(moving)@8.1
capital,Endless,1,full,939,vbied,1,4990,249.5,259.5,10.0,55.1,134.0,54.0,128.0,AttackMove,StalePath,fortress,,gave up,0,,leg 1/1 to (54.0;128.0) crosses artillery_emplacement(defence),artillery_emplacement(foe)(fixed)@6.1 flame_tank(moving)@6.9 vbied(moving)@3.8
capital,Endless,1,full,892,aa_vehicle,0,5130,256.5,269.0,12.5,104.4,66.0,121.1,14.6,AttackMove,BlockedByDefence,fortress,,moved,0,,atgm_tower#866 parked,atgm_tower(fixed)@4.7 ifv(moving)@4.2 aa_vehicle(moving)@9.7 aa_vehicle(moving)@6.7 titan_tank(moving)@7.2 heavy_tank(moving)@7.7 aa_vehicle(moving)@5.3
capital,Endless,1,full,960,rocket_technical,1,5150,257.5,266.5,9.0,74.0,-30.3,-17.0,3.0,Move,YieldWait,fortress,road+route,moved,0,,behind rocket_technical#944,thermobaric_launcher(moving)@8.7 rocket_technical(moving)@2.8 artillery(moving)@5.6 river_water@8
capital,Endless,1,full,883,titan_tank,0,5860,293.0,306.0,13.0,130.7,34.6,112.2,59.3,AttackMove,BlockedByFriend,fortress,,gave up,0,,main_battle_tank#919 moving,heavy_tank(moving)@5.9 heavy_tank(moving)@8.2 main_battle_tank(moving)@6.6 aa_vehicle(moving)@4.7 titan_tank(moving)@8.8
capital,Endless,1,full,910,heavy_tank,0,5890,294.5,306.0,11.5,126.7,40.7,118.6,16.6,AttackMove,BlockedByFriend,fortress,,gave up,0,,main_battle_tank#919 moving,titan_tank(moving)@7.2 main_battle_tank(moving)@3.8 aa_vehicle(moving)@8.7 titan_tank(moving)@5.5 titan_tank(moving)@3.7 heavy_tank(moving)@8.2 ifv(moving)@8.8
capital,Endless,1,full,948,titan_tank,0,5900,295.0,303.5,8.5,122.2,43.3,112.2,59.3,AttackMove,BlockedByFriend,fortress,,moved,0,,heavy_tank#952 moving,heavy_tank(moving)@5.4 main_battle_tank(moving)@5.5 titan_tank(moving)@7.7 titan_tank(parked)@8.3 heavy_tank(moving)@4.5 ifv(moving)@9.3
capital,Endless,1,full,919,main_battle_tank,0,6400,320.0,332.5,12.5,112.6,58.1,112.8,12.5,AttackMove,YieldWait,fortress,,moved,0,,behind ifv#988,atgm_tower(fixed)@6.7 titan_tank(moving)@5.9 titan_tank(parked)@8.8 ifv(moving)@5.1 aa_vehicle(moving)@7.0 shield_generator@6
capital,Endless,1,full,948,titan_tank,0,6400,320.0,342.0,22.0,118.1,55.9,119.2,16.0,AttackMove,BlockedByFriend,fortress,,gave up,0,,titan_tank#950 parked,titan_tank(moving)@9.7 main_battle_tank(moving)@5.9 titan_tank(parked)@4.7 titan_tank(moving)@9.1 heavy_tank(moving)@5.8 ifv(moving)@4.9 aa_vehicle(moving)@9.4 shield_generator@7
capital,Endless,1,full,952,heavy_tank,0,6400,320.0,329.5,9.5,123.8,55.1,112.9,19.8,AttackMove,BlockedByFriend,fortress,,gave up,0,,titan_tank#948 moving,titan_tank(moving)@4.4 titan_tank(moving)@5.8 titan_tank(parked)@7.0 titan_tank(moving)@7.5 ifv(moving)@8.8
capital,Endless,1,full,910,heavy_tank,0,6580,329.0,338.5,9.5,115.5,45.6,119.9,64.3,AttackMove,BlockedByFriend,fortress,,moved,0,,heavy_tank#905 moving,heavy_tank(moving)@6.3 titan_tank(parked)@6.3 shield_generator@7
capital,Endless,1,full,999,light_tank,1,6720,336.0,344.5,8.5,10.3,-104.1,84.6,6.8,AttackMove,BlockedByFriend,field,road+route,moved,0,,vbied#1011 moving,command_vehicle(moving)@6.8 light_tank(moving)@2.6 ew_jammer(parked)@9.0 ew_jammer(parked)@8.2 zu23_technical(moving)@8.2 vbied(moving)@3.2
capital,Endless,1,full,910,heavy_tank,0,6860,343.0,353.0,10.0,114.1,46.0,119.9,64.3,AttackMove,OffRoute,fortress,,gave up,0,,to (121.0;47.0) past shield_generator,titan_tank(moving)@9.2 titan_tank(parked)@5.0 heavy_tank(moving)@6.4 aa_vehicle(moving)@4.5 shield_generator@6
capital,Endless,1,full,996,ifv,0,7050,352.5,362.0,9.5,118.6,59.9,111.8,44.7,AttackMove,StalePath,fortress+gate,nopark,moved,0,,leg 4/6 to (127.0;57.0) crosses heavy_turret(defence),heavy_tank(moving)@7.6 titan_tank(moving)@4.7 main_battle_tank(moving)@5.0 aa_vehicle(moving)@4.2
capital,Endless,1,full,905,heavy_tank,0,7110,355.5,386.5,31.0,124.4,54.9,99.5,15.8,AttackMove,Embedded,fortress,,gave up,0,,on heavy_turret(defence),titan_tank(moving)@10.0 titan_tank(moving)@9.6 titan_tank(moving)@5.2 aa_vehicle(moving)@6.0 ifv(moving)@5.4 heavy_turret(fixed)@3.7
capital,Endless,1,full,910,heavy_tank,0,7120,356.0,367.0,11.0,114.9,44.8,119.9,64.3,AttackMove,YieldWait,fortress+gate,nopark,moved,0,,behind heavy_tank#952,titan_tank(moving)@7.6 titan_tank(moving)@4.4 titan_tank(moving)@8.4 heavy_tank(moving)@6.0 aa_vehicle(moving)@3.5 shield_generator@8
capital,Endless,1,full,951,titan_tank,0,7310,365.5,387.5,22.0,122.0,49.3,112.2,59.3,AttackMove,YieldWait,fortress+gate,narrow+nopark,moved,0,,behind ifv#996,heavy_tank(moving)@6.1 titan_tank(moving)@7.8 titan_tank(moving)@5.1 main_battle_tank(moving)@7.3 ifv(moving)@4.9 heavy_turret(fixed)@7.6
capital,Endless,1,full,996,ifv,0,7360,368.0,390.0,22.0,118.0,51.9,99.2,16.8,AttackMove,YieldWait,fortress+gate,narrow+nopark,moved,0,,behind titan_tank#951,titan_tank(moving)@8.9 heavy_tank(moving)@7.1 titan_tank(moving)@7.6 titan_tank(moving)@4.9 main_battle_tank(moving)@4.1 aa_vehicle(moving)@6.6 shield_generator@6
capital,Endless,1,full,987,main_battle_tank,0,7410,370.5,387.0,16.5,119.3,55.7,111.8,44.7,AttackMove,YieldWait,fortress+gate,narrow+nopark,moved,0,,behind ifv#996,titan_tank(moving)@5.3 heavy_tank(moving)@5.2 titan_tank(moving)@7.6 aa_vehicle(moving)@6.2 ifv(moving)@4.5 heavy_turret(fixed)@8.8 shield_generator@8
capital,Endless,1,full,991,aa_vehicle,0,7490,374.5,383.0,8.5,117.5,58.1,100.7,20.7,AttackMove,OffRoute,fortress+gate,nopark,moved,0,,to (119.0;45.0) past shield_generator,titan_tank(moving)@6.6 heavy_tank(moving)@7.6 main_battle_tank(moving)@4.2 ifv(moving)@6.7 ifv(moving)@8.6 shield_generator@8
capital,Endless,1,full,992,aa_vehicle,0,7640,382.0,390.5,8.5,127.1,48.0,91.6,28.5,AttackMove,YieldWait,fortress,,gave up,0,,behind titan_tank#951,heavy_tank(moving)@7.4 titan_tank(moving)@7.4 titan_tank(moving)@9.8 heavy_tank(moving)@4.6 main_battle_tank(moving)@5.2 heavy_turret(fixed)@6.1
capital,Endless,1,full,905,heavy_tank,0,7740,387.0,398.0,11.0,124.4,54.9,113.0,45.0,AttackMove,Embedded,fortress,,gave up,0,,on heavy_turret(defence),main_battle_tank(moving)@9.5 ifv(parked)@7.8 heavy_turret(fixed)@3.7
capital,Endless,1,full,950,titan_tank,0,7880,394.0,410.5,16.5,106.2,46.8,30.8,117.3,AttackMove,BlockedByFriend,fortress,,moved,0,,aa_vehicle#1020 moving,titan_tank(moving)@8.6 aa_vehicle(moving)@5.6
capital,Endless,1,full,1038,ifv,0,7950,397.5,410.0,12.5,104.0,57.9,113.0,45.0,AttackMove,YieldWait,fortress,,moved,0,,behind titan_tank#883,titan_tank(moving)@4.8 titan_tank(moving)@6.5 aa_vehicle(moving)@4.5
capital,Endless,1,full,883,titan_tank,0,8000,400.0,411.0,11.0,108.2,56.6,61.0,131.0,AttackMove,BlockedByFriend,fortress,,moved,0,,ifv#1038 moving,titan_tank(moving)@4.4 titan_tank(moving)@9.9 aa_vehicle(moving)@6.4 aa_vehicle(moving)@4.8 ifv(moving)@4.7
capital,Endless,1,full,928,siege_tank,0,8590,429.5,439.0,9.5,114.6,55.7,85.0,79.0,Move,StalePath,fortress,route,moved,0,,leg 2/2 to (85.0;79.0) crosses atgm_tower(defence),siege_tank(moving)@6.3 siege_tank(moving)@6.3 atgm_tower(fixed)@9.8
capital,Endless,1,full,992,aa_vehicle,0,8910,445.5,456.0,10.5,50.4,122.0,32.9,119.1,AttackMove,YieldWait,fortress+gate,narrow+nopark,moved,0,,behind titan_tank#950,artillery_emplacement(fixed)@7.0 titan_tank(moving)@3.9 artillery(moving)@4.3 floodlight_mast@8
capital,Endless,1,full,987,main_battle_tank,0,8920,446.0,459.0,13.0,36.0,125.4,61.0,131.0,AttackMove,OffRoute,fortress+gate,nopark,moved,0,,to (37.0;129.0) past base_wall,heavy_tank(moving)@3.4 main_battle_tank(moving)@5.2 titan_tank(parked)@9.8 ifv(moving)@8.7 ifv(moving)@3.0 aa_vehicle(moving)@5.6 base_wall@7 floodlight_mast@9
capital,Endless,1,full,1050,vbied,1,9130,456.5,468.0,11.5,45.0,-100.0,68.5,50.2,AttackMove,YieldWait,field+gate,road+route+narrow+nopark,moved,0,,behind rocket_technical#1055,command_vehicle(moving)@7.1 artillery(moving)@9.6 zu23_technical(moving)@5.8 light_tank(moving)@2.9 rocket_technical(moving)@5.1 vbied(moving)@9.5 elite_fpv_carrier(moving)@6.0 rocket_technical(moving)@4.0 scout_jeep(moving)@3.0 wreck_tank@4 artillery_wreck@8
capital,Endless,1,full,1054,light_tank,1,9150,457.5,466.0,8.5,45.3,-97.3,63.5,49.0,AttackMove,BlockedByFriend,field+gate,road+route+narrow+nopark,moved,0,,rocket_technical#1063 moving,command_vehicle(moving)@9.1 vbied(moving)@3.5 zu23_technical(moving)@3.8 rocket_technical(moving)@6.0 elite_fpv_carrier(moving)@5.3 rocket_technical(moving)@2.1 scout_jeep(moving)@2.6 wreck_tank@6
capital,Endless,1,full,950,titan_tank,0,9320,466.0,474.5,8.5,44.0,134.0,30.8,117.3,AttackMove,OffRoute,fortress+gate,narrow+nopark,gave up,0,,to (33.0;131.0) past base_wall,aa_vehicle(moving)@4.2 aa_vehicle(moving)@7.0 artillery(moving)@6.7 aa_vehicle(moving)@7.8 base_wall@6 container@5
capital,Endless,1,full,1042,aa_vehicle,0,9530,476.5,487.5,11.0,48.0,127.7,61.0,131.0,AttackMove,YieldWait,fortress+gate,nopark,moved,0,,behind titan_tank#950,artillery_emplacement(fixed)@6.0 titan_tank(moving)@6.1 main_battle_tank(moving)@3.6 aa_vehicle(moving)@9.8 floodlight_mast@9
capital,Endless,1,full,951,titan_tank,0,9730,486.5,499.0,12.5,36.0,132.6,61.0,131.0,AttackMove,OffRoute,fortress+gate,nopark,moved,0,,to (45.0;131.0) past base_wall,main_battle_tank(moving)@4.8 main_battle_tank(moving)@7.5 ifv(moving)@7.4 ifv(moving)@4.8 aa_vehicle(moving)@9.4 aa_vehicle(parked)@6.5 base_wall@7 container@9
capital,Endless,1,full,987,main_battle_tank,0,9730,486.5,502.0,15.5,43.2,130.5,61.0,131.0,AttackMove,YieldWait,fortress+gate,narrow+nopark,moved,0,,behind aa_vehicle#1042,main_battle_tank(moving)@8.6 titan_tank(moving)@4.9 titan_tank(moving)@7.5 ifv(moving)@2.9 aa_vehicle(moving)@4.6 aa_vehicle(moving)@4.7 aa_vehicle(moving)@8.1 aa_vehicle(moving)@3.5 base_wall@8 container@8
capital,Endless,1,full,1042,aa_vehicle,0,9750,487.5,500.5,13.0,48.0,130.7,61.0,131.0,AttackMove,YieldWait,fortress+gate,nopark,moved,0,,behind titan_tank#950,artillery_emplacement(fixed)@6.6 titan_tank(moving)@8.6 titan_tank(moving)@4.2 main_battle_tank(moving)@4.2 ifv(moving)@7.7 aa_vehicle(moving)@7.2 aa_vehicle(moving)@7.8 aa_vehicle(moving)@4.8 container@10
capital,Endless,1,full,1070,aa_vehicle,0,9760,488.0,505.5,17.5,46.5,138.5,30.2,109.7,AttackMove,OffRoute,fortress+gate,nopark,moved,0,,to (45.0;131.0) past container,titan_tank(moving)@6.6 titan_tank(moving)@4.0 main_battle_tank(moving)@7.6 ifv(moving)@4.1 ifv(moving)@9.1 aa_vehicle(moving)@7.7 base_wall@6 base_wall@10 container@4
capital,Endless,1,full,950,titan_tank,0,9770,488.5,509.0,20.5,46.0,134.7,32.3,102.4,AttackMove,OffRoute,fortress+gate,narrow+nopark,moved,0,,to (41.0;129.0) past container,titan_tank(moving)@6.5 main_battle_tank(moving)@4.0 ifv(moving)@8.0 ifv(moving)@6.9 aa_vehicle(moving)@9.1 aa_vehicle(moving)@4.1 aa_vehicle(moving)@4.0 aa_vehicle(moving)@7.1 base_wall@7 container@5
capital,Endless,1,full,1015,ifv,0,9790,489.5,499.5,10.0,35.9,139.0,29.0,140.0,AttackMove,GateWait,fortress,,gave up,0,,doorway 0,titan_tank(moving)@5.5 siege_tank(moving)@9.7 ifv(moving)@7.8 aa_vehicle(moving)@3.1 base_wall@4 base_wall@8 container@7
capital,Endless,1,full,1038,ifv,0,9890,494.5,510.0,15.5,40.8,132.0,61.0,131.0,AttackMove,OffRoute,fortress+gate,narrow+nopark,moved,0,,to (47.0;133.0) past base_wall,main_battle_tank(moving)@3.9 titan_tank(moving)@6.0 titan_tank(moving)@6.3 main_battle_tank(moving)@7.2 aa_vehicle(moving)@7.3 aa_vehicle(moving)@4.8 aa_vehicle(moving)@4.5 base_wall@6 container@7
capital,Endless,1,full,883,titan_tank,0,9980,499.0,508.0,9.0,50.1,138.9,32.3,102.4,AttackMove,BlockedByFriend,fortress+gate,nopark,moved,0,,aa_vehicle#1070 moving,titan_tank(moving)@6.4 main_battle_tank(moving)@7.5 ifv(parked)@5.3 aa_vehicle(moving)@4.3 container@8
capital,Endless,1,full,951,titan_tank,0,9980,499.0,507.5,8.5,33.7,134.0,61.0,131.0,AttackMove,YieldWait,fortress+gate,nopark,moved,0,,behind main_battle_tank#919,main_battle_tank(moving)@3.7 titan_tank(moving)@7.3 aa_vehicle(moving)@6.6 ifv(moving)@3.8 ifv(moving)@8.5 aa_vehicle(moving)@5.3 aa_vehicle(moving)@7.1 base_wall@7 container@10
capital,Endless,1,full,992,aa_vehicle,0,10000,500.0,508.5,8.5,34.4,127.6,61.0,131.0,AttackMove,YieldWait,fortress+gate,nopark,moved,0,,behind aa_vehicle#1071,heavy_tank(moving)@4.2 main_battle_tank(moving)@4.6 titan_tank(moving)@7.3 titan_tank(moving)@6.5 ifv(moving)@8.2 aa_vehicle(moving)@3.9 base_wall@9
capital,Endless,1,full,1071,aa_vehicle,0,10000,500.0,509.5,9.5,38.2,128.5,32.3,102.4,AttackMove,BlockedByFriend,fortress+gate,narrow+nopark,moved,0,,main_battle_tank#919 moving,heavy_tank(moving)@5.7 main_battle_tank(moving)@3.2 titan_tank(moving)@9.0 titan_tank(moving)@7.6 aa_vehicle(moving)@3.9 ifv(moving)@4.5 aa_vehicle(moving)@9.6 heavy_tank(moving)@9.6 base_wall@9 base_wall@10 floodlight_mast@10
capital,Endless,1,full,919,main_battle_tank,0,10020,501.0,509.5,8.5,37.5,132.0,61.0,131.0,AttackMove,YieldWait,fortress+gate,narrow+nopark,moved,0,,behind ifv#1038,heavy_tank(moving)@8.9 titan_tank(moving)@7.0 titan_tank(moving)@6.0 aa_vehicle(moving)@5.6 ifv(moving)@4.8 aa_vehicle(moving)@9.2 aa_vehicle(moving)@3.3 base_wall@7 container@8
capital,Endless,1,full,883,titan_tank,0,10160,508.0,520.0,12.0,46.8,140.2,32.3,102.4,AttackMove,OffRoute,fortress,,moved,0,,to (41.0;127.0) past container,titan_tank(moving)@7.5 main_battle_tank(moving)@7.2 base_wall@7 base_wall@9 container@5
capital,Endless,1,full,950,titan_tank,0,10180,509.0,550.0,41.0,44.9,132.5,32.3,102.4,AttackMove,BlockedByFriend,fortress+gate,narrow+nopark,gave up,0,,ifv#1038 moving,titan_tank(moving)@7.7 main_battle_tank(moving)@6.3 main_battle_tank(moving)@6.1 aa_vehicle(moving)@7.6 ifv(moving)@5.6 aa_vehicle(moving)@8.8 aa_vehicle(moving)@4.0 heavy_tank(moving)@6.9 base_wall@7 container@6
capital,Endless,1,full,919,main_battle_tank,0,10190,509.5,536.5,27.0,38.4,132.0,61.0,131.0,AttackMove,YieldWait,fortress+gate,narrow+nopark,moved,0,,behind titan_tank#950,titan_tank(moving)@6.3 titan_tank(moving)@5.7 titan_tank(moving)@4.1 aa_vehicle(moving)@6.5 ifv(moving)@9.3 ifv(moving)@3.7 aa_vehicle(moving)@7.3 aa_vehicle(moving)@9.8 heavy_tank(moving)@8.7 base_wall@6 container@8
capital,Endless,1,full,1038,ifv,0,10200,510.0,541.0,31.0,40.7,128.9,61.0,131.0,AttackMove,BlockedByFriend,fortress+gate,narrow+nopark,moved,0,,aa_vehicle#992 moving,main_battle_tank(moving)@3.8 titan_tank(moving)@6.0 titan_tank(moving)@4.7 titan_tank(moving)@7.5 aa_vehicle(moving)@2.9 aa_vehicle(moving)@8.5 aa_vehicle(moving)@7.3 heavy_tank(moving)@4.4 base_wall@9 base_wall@9 container@10 floodlight_mast@9
capital,Endless,1,full,1042,aa_vehicle,0,10210,510.5,526.0,15.5,48.0,129.8,61.0,131.0,AttackMove,YieldWait,fortress+gate,nopark,moved,0,,behind titan_tank#950,artillery_emplacement(fixed)@6.3 titan_tank(moving)@9.6 main_battle_tank(moving)@9.7 titan_tank(moving)@4.8 main_battle_tank(moving)@4.9 aa_vehicle(moving)@8.1 ifv(moving)@9.1 ifv(moving)@7.1 aa_vehicle(moving)@5.2 aa_vehicle(moving)@9.5 heavy_tank(moving)@3.7 heavy_tank(moving)@9.3
capital,Endless,1,full,1072,heavy_tank,0,10210,510.5,519.0,8.5,44.9,127.9,61.0,131.0,AttackMove,BlockedByFriend,fortress+gate,nopark,moved,0,,aa_vehicle#1042 moving,artillery_emplacement(fixed)@9.1 main_battle_tank(moving)@7.5 titan_tank(moving)@9.8 titan_tank(moving)@4.7 main_battle_tank(moving)@8.3 aa_vehicle(moving)@4.5 ifv(moving)@4.1 aa_vehicle(moving)@4.6 aa_vehicle(moving)@3.7 heavy_tank(moving)@7.3 base_wall@9 floodlight_mast@8
capital,Endless,1,full,992,aa_vehicle,0,10330,516.5,536.0,19.5,41.9,126.0,61.0,131.0,AttackMove,YieldWait,fortress+gate,narrow+nopark,moved,0,,behind heavy_tank#1072,main_battle_tank(moving)@6.9 titan_tank(moving)@5.7 titan_tank(moving)@8.2 ifv(moving)@3.3 aa_vehicle(moving)@6.4 aa_vehicle(moving)@7.7 aa_vehicle(moving)@9.6 heavy_tank(moving)@4.0 heavy_tank(moving)@8.2 base_wall@6 floodlight_mast@6
capital,Endless,1,full,1039,aa_vehicle,0,10330,516.5,548.0,31.5,48.0,124.1,61.0,131.0,AttackMove,YieldWait,fortress+gate,narrow+nopark,moved,0,,behind heavy_tank#1072,artillery_emplacement(fixed)@7.2 aa_vehicle(moving)@6.4 ifv(moving)@9.0 aa_vehicle(moving)@7.1 heavy_tank(moving)@5.5 heavy_tank(moving)@5.6 base_wall@9 floodlight_mast@6
capital,Endless,1,full,1098,heavy_tank,0,10350,517.5,541.5,24.0,46.0,118.7,32.5,116.9,AttackMove,YieldWait,fortress+gate,nopark,moved,0,,behind aa_vehicle#1039,aa_vehicle(moving)@8.3 aa_vehicle(moving)@5.6 base_wall@9 base_wall@6 shield_generator@9 floodlight_mast@3
capital,Endless,1,full,948,titan_tank,0,10360,518.0,534.0,16.0,36.4,126.0,64.9,94.3,AttackMove,BlockedByFriend,fortress+gate,narrow+nopark,moved,0,,ifv#1038 moving,heavy_tank(moving)@7.3 main_battle_tank(moving)@6.2 titan_tank(moving)@8.2 aa_vehicle(moving)@5.7 ifv(moving)@8.3 ifv(moving)@4.8 aa_vehicle(moving)@6.9 heavy_tank(moving)@9.1 base_wall@7 floodlight_mast@9
capital,Endless,1,full,1072,heavy_tank,0,10380,519.0,536.0,17.0,45.8,129.1,61.0,131.0,AttackMove,YieldWait,fortress+gate,nopark,moved,0,,behind ifv#1038,artillery_emplacement(fixed)@8.2 main_battle_tank(moving)@7.6 titan_tank(moving)@5.3 main_battle_tank(moving)@8.2 aa_vehicle(moving)@4.8 ifv(moving)@4.8 aa_vehicle(moving)@5.8 aa_vehicle(moving)@4.5 aa_vehicle(moving)@10.0 floodlight_mast@9
capital,Endless,1,full,1077,rocket_technical,1,10440,522.0,532.0,10.0,76.0,-61.0,42.5,-58.8,Move,YieldWait,fortress,road,moved,0,,behind elite_artillery#1075,fpv_carrier(moving)@4.4 armored_car(moving)@7.5 armored_car(moving)@7.5 wreck_tank@7
capital,Endless,1,full,1070,aa_vehicle,0,10510,525.5,538.0,12.5,46.0,139.6,30.2,109.7,AttackMove,YieldWait,fortress+gate,nopark,gave up,0,,behind titan_tank#950,titan_tank(moving)@5.5 titan_tank(moving)@6.1 main_battle_tank(moving)@3.6 ifv(moving)@8.7 aa_vehicle(moving)@7.0 base_wall@6 base_wall@9 container@4
capital,Endless,1,full,1042,aa_vehicle,0,10520,526.0,538.0,12.0,48.0,133.0,61.0,131.0,AttackMove,OffRoute,fortress+gate,narrow+nopark,gave up,0,,to (61.0;135.0) past artillery_emplacement(defence),artillery_emplacement(fixed)@7.8 titan_tank(moving)@8.9 main_battle_tank(moving)@9.8 titan_tank(moving)@4.1 main_battle_tank(moving)@3.8 aa_vehicle(moving)@8.9 ifv(moving)@6.1 ifv(moving)@6.9 aa_vehicle(moving)@8.5 aa_vehicle(moving)@6.9 heavy_tank(moving)@5.1 base_wall@9 container@8
capital,Endless,1,full,910,heavy_tank,0,10530,526.5,541.0,14.5,36.0,120.3,70.1,99.7,AttackMove,YieldWait,fortress,,moved,0,,behind titan_tank#948,titan_tank(moving)@7.9 aa_vehicle(moving)@9.0 aa_vehicle(moving)@4.4 base_wall@9 base_wall@4 floodlight_mast@7
capital,Endless,1,full,951,titan_tank,0,10550,527.5,536.5,9.0,32.7,131.4,61.0,131.0,AttackMove,YieldWait,fortress+gate,nopark,moved,0,,behind titan_tank#948,main_battle_tank(moving)@6.8 titan_tank(moving)@6.9 ifv(moving)@5.0 aa_vehicle(moving)@4.2 aa_vehicle(moving)@7.8 base_wall@10
capital,Endless,1,full,1099,main_battle_tank,0,10560,528.0,540.0,12.0,50.2,118.2,61.0,131.0,AttackMove,YieldWait,fortress+gate,narrow+nopark,moved,0,,behind heavy_tank#1098,aa_vehicle(moving)@4.9 heavy_tank(moving)@4.3 shield_generator@6 container_stack@10 floodlight_mast@7
capital,Endless,1,full,1071,aa_vehicle,0,10690,534.5,546.0,11.5,33.8,124.8,61.0,131.0,AttackMove,BlockedByFriend,fortress+gate,nopark,moved,0,,titan_tank#951 moving,heavy_tank(moving)@5.0 main_battle_tank(moving)@9.1 titan_tank(moving)@7.3 titan_tank(moving)@3.8 ifv(moving)@8.8 aa_vehicle(moving)@6.2 base_wall@8
capital,Endless,1,full,1015,ifv,0,10720,536.0,545.5,9.5,28.0,129.4,61.0,131.0,AttackMove,BlockedByFriend,fortress,,moved,0,,aa_vehicle#1071 moving,heavy_tank(moving)@8.9 titan_tank(moving)@7.9 aa_vehicle(moving)@6.4
capital,Endless,1,full,1072,heavy_tank,0,10720,536.0,555.5,19.5,47.6,129.1,61.0,131.0,AttackMove,YieldWait,fortress+gate,nopark,moved,0,,behind aa_vehicle#1042,artillery_emplacement(fixed)@6.5 main_battle_tank(moving)@9.0 titan_tank(moving)@6.1 titan_tank(moving)@5.9 aa_vehicle(moving)@3.8 ifv(moving)@4.1 aa_vehicle(moving)@6.2 aa_vehicle(moving)@7.7 aa_vehicle(moving)@7.7 aa_vehicle(moving)@9.9
capital,Endless,1,full,919,main_battle_tank,0,10730,536.5,554.5,18.0,38.5,132.0,61.0,131.0,AttackMove,BlockedByFriend,fortress+gate,narrow+nopark,moved,0,,titan_tank#950 moving,titan_tank(moving)@7.0 titan_tank(moving)@5.8 titan_tank(moving)@4.9 aa_vehicle(moving)@9.9 ifv(moving)@9.8 ifv(moving)@9.5 aa_vehicle(moving)@3.0 aa_vehicle(moving)@9.2 heavy_tank(moving)@9.3 base_wall@6 container@8
capital,Endless,1,full,1099,main_battle_tank,0,10820,541.0,558.5,17.5,58.0,118.4,61.0,131.0,AttackMove,YieldWait,fortress+gate,narrow+nopark,moved,0,,behind heavy_tank#1098,heavy_tank(moving)@5.2 heavy_tank(moving)@4.9 shield_generator@9 container_stack@4
capital,Endless,1,full,1038,ifv,0,10840,542.0,559.5,17.5,48.0,133.0,61.0,131.0,AttackMove,OffRoute,fortress+gate,narrow+nopark,moved,0,,to (61.0;135.0) past artillery_emplacement(defence),artillery_emplacement(fixed)@7.8 titan_tank(moving)@8.1 main_battle_tank(moving)@8.9 titan_tank(moving)@9.7 titan_tank(parked)@4.1 main_battle_tank(moving)@6.4 aa_vehicle(moving)@8.1 aa_vehicle(moving)@6.1 aa_vehicle(moving)@2.4 heavy_tank(moving)@4.0 base_wall@9 container@8
capital,Endless,1,full,992,aa_vehicle,0,10860,543.0,555.5,12.5,46.9,124.8,61.0,131.0,AttackMove,YieldWait,fortress+gate,narrow+nopark,moved,0,,behind heavy_tank#1072,artillery_emplacement(fixed)@7.8 main_battle_tank(moving)@8.8 titan_tank(moving)@5.9 titan_tank(moving)@9.3 ifv(moving)@8.4 aa_vehicle(moving)@4.3 aa_vehicle(moving)@3.7 heavy_tank(moving)@4.4 heavy_tank(moving)@8.9 heavy_tank(moving)@7.3 base_wall@8 floodlight_mast@6
capital,Endless,1,full,951,titan_tank,0,10870,543.5,557.0,13.5,36.4,128.8,61.0,131.0,AttackMove,YieldWait,fortress+gate,narrow+nopark,moved,0,,behind aa_vehicle#1041,heavy_tank(moving)@8.7 main_battle_tank(moving)@4.8 titan_tank(moving)@5.4 titan_tank(moving)@9.3 ifv(moving)@4.0 aa_vehicle(moving)@8.6 aa_vehicle(moving)@5.9 base_wall@10 base_wall@10
capital,Endless,1,full,948,titan_tank,0,10880,544.0,558.0,14.0,40.6,126.0,64.9,94.3,AttackMove,OffRoute,fortress+gate,narrow+nopark,moved,0,,to (47.0;123.0) past base_wall,main_battle_tank(moving)@4.0 titan_tank(moving)@8.7 titan_tank(moving)@5.3 aa_vehicle(moving)@6.6 ifv(moving)@9.3 aa_vehicle(moving)@8.8 aa_vehicle(moving)@4.4 aa_vehicle(moving)@8.3 heavy_tank(moving)@7.3 base_wall@6 floodlight_mast@6
capital,Endless,1,full,1070,aa_vehicle,0,10900,545.0,556.5,11.5,48.6,136.9,30.2,109.7,AttackMove,YieldWait,fortress+gate,nopark,moved,0,,behind ifv#1038,titan_tank(moving)@6.8 main_battle_tank(moving)@9.9 titan_tank(moving)@5.4 main_battle_tank(moving)@4.0 ifv(moving)@3.6 ifv(moving)@3.9 aa_vehicle(moving)@7.5 heavy_tank(moving)@7.5 base_wall@9 container@6
capital,Endless,1,full,1071,aa_vehicle,0,10920,546.0,558.0,12.0,32.5,124.4,61.0,131.0,AttackMove,YieldWait,fortress+gate,nopark,moved,0,,behind titan_tank#951,titan_tank(moving)@7.8 titan_tank(moving)@5.4 ifv(moving)@6.9 base_wall@9
capital,Endless,1,full,1098,heavy_tank,0,10940,547.0,558.5,11.5,53.0,118.0,32.5,116.9,AttackMove,YieldWait,fortress+gate,narrow+nopark,moved,0,,behind aa_vehicle#1039,aa_vehicle(moving)@8.3 aa_vehicle(moving)@5.4 aa_vehicle(moving)@9.7 main_battle_tank(moving)@5.5 heavy_tank(moving)@4.1 shield_generator@6 container_stack@7
capital,Endless,1,full,1039,aa_vehicle,0,10960,548.0,556.5,8.5,50.3,121.9,61.0,131.0,AttackMove,OffRoute,fortress+gate,narrow+nopark,moved,0,,to (46.6;124.4) past artillery_emplacement(defence),artillery_emplacement(fixed)@7.1 main_battle_tank(moving)@9.8 aa_vehicle(moving)@4.3 aa_vehicle(moving)@4.4 heavy_tank(moving)@9.2 heavy_tank(moving)@5.0 main_battle_tank(moving)@9.1 heavy_tank(moving)@4.1 floodlight_mast@8
capital,Endless,1,full,987,main_battle_tank,0,10980,549.0,561.5,12.5,46.4,139.4,34.8,116.3,AttackMove,YieldWait,fortress+gate,nopark,moved,0,,behind aa_vehicle#1070,titan_tank(moving)@5.9 ifv(moving)@4.9 aa_vehicle(moving)@7.8 aa_vehicle(moving)@4.9 heavy_tank(moving)@8.7 base_wall@7 base_wall@9 container@4
capital,Endless,1,full,1102,heavy_tank,0,10990,549.5,561.5,12.0,55.8,122.0,61.0,131.0,AttackMove,BlockedByFriend,fortress+gate,narrow+nopark,moved,0,,aa_vehicle#1039 moving,artillery_emplacement(fixed)@6.3 aa_vehicle(moving)@9.5 aa_vehicle(moving)@4.9 aa_vehicle(moving)@8.6 heavy_tank(moving)@6.8 main_battle_tank(moving)@3.9 container_stack@9
capital,Endless,1,full,950,titan_tank,0,11000,550.0,562.0,12.0,44.0,134.0,30.8,117.3,AttackMove,YieldWait,fortress+gate,narrow+nopark,moved,0,,behind main_battle_tank#919,main_battle_tank(moving)@5.1 titan_tank(moving)@8.9 titan_tank(moving)@6.4 main_battle_tank(moving)@5.5 ifv(moving)@4.5 aa_vehicle(moving)@9.2 aa_vehicle(moving)@7.9 heavy_tank(moving)@5.0 base_wall@6 container@5
capital,Endless,1,full,1041,aa_vehicle,0,11090,554.5,585.5,31.0,48.0,125.5,64.9,94.3,AttackMove,YieldWait,fortress+gate,narrow+nopark,moved,0,,behind aa_vehicle#992,artillery_emplacement(fixed)@6.5 main_battle_tank(moving)@4.4 titan_tank(moving)@7.6 aa_vehicle(moving)@4.1 ifv(moving)@9.3 aa_vehicle(moving)@5.3 heavy_tank(moving)@5.3 heavy_tank(moving)@7.5 main_battle_tank(moving)@9.5 heavy_tank(moving)@9.8 base_wall@10 floodlight_mast@7
capital,Endless,1,full,1072,heavy_tank,0,11110,555.5,576.5,21.0,48.0,131.0,61.0,131.0,AttackMove,YieldWait,fortress+gate,nopark,moved,0,,behind ifv#1038,artillery_emplacement(fixed)@6.7 main_battle_tank(moving)@6.6 titan_tank(moving)@6.3 aa_vehicle(moving)@9.7 ifv(moving)@3.9 aa_vehicle(moving)@9.7 aa_vehicle(moving)@5.4 aa_vehicle(moving)@6.0 container@9
capital,Endless,1,full,1039,aa_vehicle,0,11130,556.5,570.5,14.0,50.4,121.3,61.0,131.0,AttackMove,StalePath,fortress+gate,narrow+nopark,moved,0,,leg 2/7 to (49.0;121.0) crosses shield_generator (corner),artillery_emplacement(fixed)@7.6 main_battle_tank(moving)@7.3 aa_vehicle(moving)@3.5 aa_vehicle(moving)@5.3 heavy_tank(moving)@4.2 main_battle_tank(moving)@4.8 heavy_tank(moving)@5.1 shield_generator@9 floodlight_mast@8
capital,Endless,1,full,1098,heavy_tank,0,11170,558.5,571.0,12.5,47.5,118.0,32.5,116.9,AttackMove,StalePath,fortress+gate,nopark,moved,0,,leg 2/6 to (47.0;121.0) crosses artillery_emplacement(defence) (corner),main_battle_tank(moving)@6.8 aa_vehicle(moving)@4.8 aa_vehicle(moving)@3.0 aa_vehicle(moving)@8.8 aa_vehicle(moving)@9.4 main_battle_tank(moving)@6.9 heavy_tank(moving)@7.9 base_wall@10 base_wall@8 shield_generator@7 floodlight_mast@5
capital,Endless,1,full,1099,main_battle_tank,0,11170,558.5,584.5,26.0,54.4,118.0,61.0,131.0,AttackMove,YieldWait,fortress+gate,narrow+nopark,moved,0,,behind heavy_tank#1098,aa_vehicle(moving)@8.9 aa_vehicle(moving)@5.7 heavy_tank(moving)@6.9 heavy_tank(moving)@3.6 shield_generator@6 container_stack@6
capital,Endless,1,full,992,aa_vehicle,0,11220,561.0,570.5,9.5,46.8,122.9,61.0,131.0,AttackMove,BlockedByFriend,fortress+gate,narrow+nopark,moved,0,,aa_vehicle#1041 moving,artillery_emplacement(fixed)@8.8 main_battle_tank(moving)@3.4 aa_vehicle(moving)@3.6 aa_vehicle(moving)@4.3 aa_vehicle(moving)@6.4 heavy_tank(moving)@9.8 heavy_tank(moving)@4.9 main_battle_tank(moving)@9.3 heavy_tank(moving)@7.4 base_wall@7 floodlight_mast@5
capital,Endless,1,full,987,main_battle_tank,0,11230,561.5,570.0,8.5,46.0,141.0,34.8,116.3,AttackMove,GateWait,fortress,,moved,0,,doorway 0,titan_tank(moving)@7.2 ifv(moving)@10.0 ifv(moving)@5.5 aa_vehicle(moving)@3.7 aa_vehicle(moving)@5.8 heavy_tank(moving)@8.4 base_wall@7 base_wall@8 container@4
capital,Endless,1,full,1038,ifv,0,11260,563.0,578.0,15.0,46.0,135.7,32.5,116.9,AttackMove,OffRoute,fortress+gate,narrow+nopark,moved,0,,to (45.0;131.0) past container,titan_tank(moving)@8.8 titan_tank(moving)@5.8 main_battle_tank(moving)@3.9 ifv(moving)@7.3 aa_vehicle(moving)@8.7 aa_vehicle(moving)@7.4 aa_vehicle(moving)@4.9 aa_vehicle(moving)@7.2 heavy_tank(moving)@3.6 base_wall@6 container@4
capital,Endless,1,full,1070,aa_vehicle,0,11280,564.0,581.0,17.0,50.8,136.6,30.2,109.7,AttackMove,YieldWait,fortress+gate,nopark,moved,0,,behind ifv#1038,artillery_emplacement(fixed)@9.2 titan_tank(moving)@4.2 titan_tank(moving)@9.9 main_battle_tank(moving)@4.8 ifv(moving)@3.5 ifv(moving)@5.0 aa_vehicle(moving)@6.2 heavy_tank(moving)@4.9 container@9
capital,Endless,1,full,919,main_battle_tank,0,11300,565.0,600.1,35.1,44.0,124.0,61.0,131.0,AttackMove,YieldWait,fortress+gate,narrow+nopark,open,0,,behind aa_vehicle#1041,titan_tank(moving)@9.5 titan_tank(moving)@8.2 aa_vehicle(moving)@4.2 aa_vehicle(moving)@4.9 aa_vehicle(moving)@4.6 aa_vehicle(moving)@4.3 heavy_tank(moving)@9.7 heavy_tank(moving)@6.5 heavy_tank(moving)@9.1 base_wall@6 floodlight_mast@4
capital,Endless,1,full,1042,aa_vehicle,0,11300,565.0,575.0,10.0,49.1,142.1,63.0,89.0,AttackMove,GateWait,fortress,,gave up,0,,doorway 0,titan_tank(moving)@5.9 main_battle_tank(moving)@2.9 ifv(moving)@9.0 ifv(moving)@6.9 aa_vehicle(moving)@5.7 heavy_tank(moving)@9.3 base_wall@10 container@8
capital,Endless,1,full,1095,main_battle_tank,1,11310,565.5,575.0,9.5,44.0,-95.1,61.0,131.0,AttackMove,YieldWait,field+gate,road+route+nopark,moved,0,,behind zu23_technical#1107,rocket_technical(moving)@9.8 elite_fpv_carrier(moving)@9.8 rocket_technical(moving)@10.0 light_tank(moving)@6.3 zu23_technical(moving)@3.6 armored_car(moving)@8.7 vbied(moving)@5.9
capital,Endless,1,full,1071,aa_vehicle,0,11360,568.0,582.5,14.5,44.0,128.8,61.0,131.0,AttackMove,BlockedByFriend,fortress+gate,narrow+nopark,moved,0,,aa_vehicle#1041 moving,main_battle_tank(moving)@4.7 titan_tank(moving)@3.8 aa_vehicle(moving)@5.1 ifv(moving)@6.7 ifv(moving)@7.9 aa_vehicle(moving)@8.6 aa_vehicle(moving)@2.9 heavy_tank(moving)@6.0 base_wall@10 base_wall@10 container@10 floodlight_mast@9
capital,Endless,1,full,951,titan_tank,0,11390,569.5,581.0,11.5,42.2,132.0,61.0,131.0,AttackMove,YieldWait,fortress+gate,narrow+nopark,moved,0,,behind aa_vehicle#1071,main_battle_tank(moving)@8.3 titan_tank(moving)@8.9 main_battle_tank(moving)@10.0 aa_vehicle(moving)@8.3 ifv(moving)@4.7 ifv(moving)@6.1 aa_vehicle(moving)@5.5 aa_vehicle(moving)@3.4 heavy_tank(moving)@6.0 base_wall@6 container@7
capital,Endless,1,full,987,main_battle_tank,0,11400,570.0,583.0,13.0,46.1,141.3,55.6,144.1,AttackMove,GateWait,fortress,,gave up,0,,doorway 0,ifv(moving)@9.6 ifv(moving)@4.2 aa_vehicle(parked)@8.2 aa_vehicle(moving)@5.5 heavy_tank(moving)@7.8 base_wall@7 base_wall@8 container@5
capital,Endless,1,full,992,aa_vehicle,0,11410,570.5,586.0,15.5,48.0,126.2,61.0,131.0,AttackMove,YieldWait,fortress+gate,nopark,moved,0,,behind aa_vehicle#1041,artillery_emplacement(fixed)@6.3 main_battle_tank(moving)@4.0 titan_tank(moving)@8.4 ifv(moving)@9.4 aa_vehicle(moving)@4.7 aa_vehicle(moving)@3.0 aa_vehicle(moving)@5.7 heavy_tank(moving)@7.4 heavy_tank(moving)@8.4 heavy_tank(moving)@7.0 floodlight_mast@8
capital,Endless,1,full,1039,aa_vehicle,0,11410,570.5,592.0,21.5,47.1,121.6,61.0,131.0,AttackMove,YieldWait,fortress+gate,nopark,moved,0,,behind aa_vehicle#992,artillery_emplacement(fixed)@9.4 main_battle_tank(moving)@3.5 aa_vehicle(moving)@4.7 aa_vehicle(moving)@6.7 aa_vehicle(moving)@7.6 heavy_tank(moving)@3.8 heavy_tank(moving)@4.9 base_wall@7 floodlight_mast@4
capital,Endless,1,full,1121,siege_tank,0,11430,571.5,583.5,12.0,59.5,122.0,35.0,143.0,Move,YieldWait,fortress+gate,narrow+nopark,moved,0,,behind heavy_tank#1102,artillery_emplacement(fixed)@8.2 main_battle_tank(moving)@4.6 heavy_tank(moving)@7.8 ifv(moving)@4.7 container_stack@8 container@8
capital,Endless,1,full,1019,ifv,0,11460,573.0,585.5,12.5,52.7,134.5,32.3,102.4,AttackMove,YieldWait,fortress+gate,nopark,moved,0,,behind heavy_tank#1072,artillery_emplacement(fixed)@6.6 main_battle_tank(moving)@9.6 aa_vehicle(moving)@9.5 ifv(moving)@6.4 aa_vehicle(moving)@9.3 aa_vehicle(moving)@6.5 heavy_tank(moving)@5.0
capital,Endless,1,full,1102,heavy_tank,0,11460,573.0,590.0,17.0,51.9,120.5,30.8,117.3,AttackMove,YieldWait,fortress+gate,narrow+nopark,moved,0,,behind aa_vehicle#1039,artillery_emplacement(fixed)@7.8 main_battle_tank(moving)@8.1 aa_vehicle(moving)@6.9 aa_vehicle(moving)@5.0 heavy_tank(moving)@6.3 main_battle_tank(moving)@5.8 siege_tank(moving)@7.5 shield_generator@9 container_stack@10 floodlight_mast@9
capital,Endless,1,full,1127,ifv,0,11510,575.5,584.5,9.0,62.8,119.2,56.9,83.4,AttackMove,YieldWait,fortress+gate,narrow+nopark,moved,0,,behind main_battle_tank#1099,main_battle_tank(moving)@5.5 siege_tank(moving)@5.1 container_stack@6 container@10 container@8
capital,Endless,1,full,1072,heavy_tank,0,11530,576.5,600.1,23.6,48.0,132.8,61.0,131.0,AttackMove,BlockedByFriend,fortress+gate,narrow+nopark,open,0,,aa_vehicle#1070 moving,artillery_emplacement(fixed)@7.7 main_battle_tank(moving)@9.6 titan_tank(moving)@6.5 main_battle_tank(moving)@8.9 aa_vehicle(moving)@6.3 ifv(moving)@5.9 ifv(moving)@6.3 aa_vehicle(moving)@5.9 aa_vehicle(moving)@7.7 aa_vehicle(moving)@3.4 aa_vehicle(moving)@9.5 base_wall@10 container@8
capital,Endless,1,full,950,titan_tank,0,11590,579.5,600.1,20.6,37.2,127.1,61.0,131.0,AttackMove,YieldWait,fortress+gate,narrow+nopark,open,0,,behind titan_tank#951,main_battle_tank(moving)@7.8 titan_tank(moving)@8.3 titan_tank(moving)@5.0 ifv(moving)@7.1 aa_vehicle(moving)@8.7 aa_vehicle(moving)@7.0 base_wall@8 floodlight_mast@9
capital,Endless,1,full,1032,light_tank,1,11650,582.5,592.0,9.5,72.5,-58.5,37.0,-57.0,Move,Unknown,field,road,moved,0,,speed 3.1 strikes 0,main_battle_tank(moving)@9.9 armored_car(moving)@7.6 river_water@8 wreck_tank@6
capital,Endless,1,full,1121,siege_tank,0,11670,583.5,598.5,15.0,59.3,122.0,35.0,143.0,Move,YieldWait,fortress+gate,narrow+nopark,moved,0,,behind heavy_tank#1102,artillery_emplacement(fixed)@8.0 heavy_tank(moving)@5.6 main_battle_tank(moving)@4.1 ifv(moving)@6.4 container_stack@8 container@8
capital,Endless,1,full,1070,aa_vehicle,0,11690,584.5,596.5,12.0,46.6,136.9,30.2,109.7,AttackMove,OffRoute,fortress+gate,nopark,moved,0,,to (45.0;131.0) past container,titan_tank(moving)@8.7 titan_tank(moving)@9.2 main_battle_tank(moving)@8.9 aa_vehicle(moving)@9.6 ifv(moving)@5.3 ifv(moving)@3.9 aa_vehicle(moving)@4.5 aa_vehicle(moving)@8.4 aa_vehicle(moving)@8.7 heavy_tank(moving)@4.0 base_wall@7 container@4
capital,Endless,1,full,1019,ifv,0,11710,585.5,598.5,13.0,51.6,137.5,32.3,102.4,AttackMove,YieldWait,fortress+gate,nopark,moved,0,,behind aa_vehicle#1070,artillery_emplacement(fixed)@9.8 titan_tank(moving)@7.8 ifv(moving)@6.5 aa_vehicle(moving)@8.7 aa_vehicle(moving)@4.1 aa_vehicle(moving)@5.2 heavy_tank(moving)@5.6 container@9
capital,Endless,1,full,992,aa_vehicle,0,11720,586.0,600.1,14.1,48.0,127.7,61.0,131.0,AttackMove,YieldWait,fortress+gate,nopark,open,0,,behind heavy_tank#1072,artillery_emplacement(fixed)@6.0 main_battle_tank(moving)@4.1 titan_tank(moving)@8.5 aa_vehicle(moving)@8.0 aa_vehicle(moving)@6.7 aa_vehicle(moving)@9.5 aa_vehicle(moving)@3.4 heavy_tank(moving)@5.7 heavy_tank(moving)@10.0 heavy_tank(moving)@7.4 floodlight_mast@9
capital,Endless,1,full,1071,aa_vehicle,0,11730,586.5,600.1,13.6,44.8,128.8,61.0,131.0,AttackMove,BlockedByFriend,fortress+gate,nopark,open,0,,aa_vehicle#992 moving,artillery_emplacement(fixed)@9.2 main_battle_tank(moving)@3.6 titan_tank(moving)@8.2 titan_tank(moving)@5.1 aa_vehicle(moving)@3.3 aa_vehicle(moving)@4.4 aa_vehicle(moving)@8.5 heavy_tank(moving)@5.7 heavy_tank(moving)@7.9 container@10 floodlight_mast@9
capital,Endless,1,full,951,titan_tank,0,11740,587.0,600.1,13.1,40.3,130.6,61.0,131.0,AttackMove,YieldWait,fortress+gate,narrow+nopark,open,0,,behind aa_vehicle#1041,main_battle_tank(moving)@7.0 titan_tank(moving)@5.3 aa_vehicle(moving)@8.2 aa_vehicle(moving)@4.6 aa_vehicle(moving)@8.8 aa_vehicle(moving)@5.1 heavy_tank(moving)@8.3 base_wall@7 container@8
capital,Endless,1,full,1099,main_battle_tank,0,11740,587.0,600.1,13.1,59.3,118.0,61.0,131.0,AttackMove,YieldWait,fortress+gate,narrow+nopark,open,0,,behind heavy_tank#1098,heavy_tank(moving)@5.7 siege_tank(moving)@4.2 ifv(moving)@4.9 shield_generator@10 container_stack@4
capital,Endless,1,full,987,main_battle_tank,0,11770,588.5,600.1,11.6,44.0,146.0,34.8,116.3,AttackMove,YieldWait,fortress,,open,0,,behind titan_tank#883,titan_tank(moving)@4.3 siege_tank(parked)@9.2 ifv(moving)@9.5 aa_vehicle(moving)@8.2 base_wall@9 base_wall@4 container@8
capital,Endless,1,full,1041,aa_vehicle,0,11780,589.0,599.0,10.0,44.0,134.0,61.0,131.0,AttackMove,BlockedByFriend,fortress+gate,narrow+nopark,gave up,0,,heavy_tank#1072 moving,titan_tank(moving)@8.4 main_battle_tank(moving)@8.1 titan_tank(moving)@5.8 aa_vehicle(moving)@6.1 ifv(moving)@7.7 aa_vehicle(moving)@4.5 aa_vehicle(moving)@5.1 heavy_tank(moving)@4.0 base_wall@6 container@5
capital,Endless,2,obstacles,888,main_battle_tank,0,270,13.5,24.0,10.5,98.8,100.6,75.9,93.4,AttackMove,BlockedByDefence,fortress,,moved,0,,repair_bay#860 parked,repair_bay(fixed)@4.9 ammo_depot(fixed)@9.1 main_battle_tank(moving)@9.6 scout_jeep(parked)@9.2
capital,Endless,2,obstacles,895,siege_tank,0,420,21.0,32.0,11.0,108.0,94.2,100.3,121.7,Move,BlockedByFriend,fortress,,moved,0,,scout_jeep#892 moving,ammo_depot(fixed)@5.3 scout_jeep(moving)@4.7 siege_tank(moving)@9.6
capital,Endless,2,obstacles,920,siege_tank,0,1600,80.0,91.0,11.0,100.1,99.4,13.7,112.4,Move,BlockedByDefence,fortress,,moved,0,,repair_bay#860 parked,repair_bay(fixed)@6.4 ammo_depot(fixed)@7.5 ifv(moving)@9.6
capital,Endless,2,obstacles,903,mlrs,0,1660,83.0,92.5,9.5,50.8,118.0,75.7,114.0,Move,YieldWait,fortress+gate,narrow+nopark,moved,0,,behind siege_tank#897,main_battle_tank(moving)@3.5 scout_jeep(moving)@3.8 siege_tank(moving)@9.4 aa_vehicle(moving)@7.0 shield_generator@6 container_stack@9 floodlight_mast@8
capital,Endless,2,obstacles,853,ifv,1,1810,90.5,115.5,25.0,45.3,-1.2,57.0,57.0,Attack,NoPath,fortress,road,moved,0,,goal (57.0;57.0) in blocked ground (shield_generator); other region (9 cells); fortress,
capital,Endless,2,obstacles,888,main_battle_tank,0,1860,93.0,102.0,9.0,55.2,121.4,62.0,53.9,AttackMove,StalePath,fortress+gate,narrow+nopark,moved,0,,leg 5/5 to (62.0;53.9) crosses shield_generator (corner),drone_hangar(fixed)@6.7 main_battle_tank(moving)@8.9 main_battle_tank(moving)@8.3 scout_jeep(moving)@3.6 siege_tank(moving)@3.9 aa_vehicle(moving)@6.7 aa_vehicle(moving)@3.6 mlrs(moving)@5.0 shield_generator@10 container_stack@8
capital,Endless,2,obstacles,889,main_battle_tank,0,1940,97.0,105.5,8.5,48.1,118.0,57.6,68.8,AttackMove,YieldWait,fortress+gate,nopark,moved,0,,behind aa_vehicle#898,main_battle_tank(moving)@3.6 main_battle_tank(moving)@8.3 scout_jeep(moving)@8.3 aa_vehicle(moving)@5.0 aa_vehicle(moving)@6.4 base_wall@8 shield_generator@7 floodlight_mast@6
capital,Endless,2,obstacles,907,scout_jeep,1,1950,97.5,114.0,16.5,6.8,63.0,57.0,57.0,Attack,NoPath,fortress+gate,road+nopark,gave up,0,,goal (57.0;57.0) in blocked ground (shield_generator); other region (9 cells); fortress,wreck_tank@5
capital,Endless,2,obstacles,897,siege_tank,0,1960,98.0,108.0,10.0,58.8,122.0,61.0,131.0,Move,BlockedByFriend,fortress+gate,narrow+nopark,moved,0,,aa_vehicle#899 moving,drone_hangar(fixed)@7.7 main_battle_tank(moving)@7.6 main_battle_tank(moving)@9.9 scout_jeep(moving)@2.8 siege_tank(moving)@8.3 aa_vehicle(moving)@6.3 aa_vehicle(moving)@4.4 container_stack@8 container@8
capital,Endless,2,obstacles,891,main_battle_tank,0,2590,129.5,139.5,10.0,62.1,122.3,51.4,67.8,AttackMove,YieldWait,fortress+gate,nopark,moved,0,,behind main_battle_tank#889,drone_hangar(fixed)@9.9 main_battle_tank(moving)@5.5 main_battle_tank(moving)@7.7 siege_tank(moving)@9.7 container_stack@9 container@9 container@6
capital,Endless,2,obstacles,895,siege_tank,0,2640,132.0,146.5,14.5,64.3,113.4,61.0,131.0,Move,YieldWait,fortress+gate,nopark,moved,0,,behind main_battle_tank#889,main_battle_tank(moving)@4.1 main_battle_tank(moving)@6.2 mlrs(moving)@9.5 siege_tank(moving)@9.8 container_stack@5
capital,Endless,2,obstacles,920,siege_tank,0,2680,134.0,142.5,8.5,76.5,116.9,13.7,112.4,Move,BlockedByObstacle,fortress+gate,nopark,moved,0,,container,main_battle_tank(moving)@9.6 main_battle_tank(moving)@8.6 base_wall@9 container@8
capital,Endless,2,obstacles,961,armored_car,0,3650,182.5,193.0,10.5,104.3,68.0,107.3,30.2,Move,YieldWait,fortress,road,moved,0,,behind light_tank#926,gun_pit(fixed)@6.4 main_battle_tank(parked)@9.7 light_tank(moving)@3.1 aa_vehicle(moving)@9.2 scout_jeep(moving)@8.2 scout_jeep(moving)@3.1
capital,Endless,2,obstacles,960,scout_jeep,0,3670,183.5,194.0,10.5,122.0,54.9,113.0,29.0,Move,YieldWait,fortress+gate,narrow+nopark,moved,0,,behind light_tank#945,heavy_turret(fixed)@6.1 main_battle_tank(moving)@5.6 main_battle_tank(moving)@6.6 light_tank(moving)@2.6 ifv(moving)@4.0 scout_jeep(moving)@7.4
capital,Endless,2,obstacles,949,ifv,0,3700,185.0,195.0,10.0,118.0,54.9,107.4,35.3,AttackMove,YieldWait,fortress+gate,narrow+nopark,moved,0,,behind light_tank#945,main_battle_tank(moving)@6.4 main_battle_tank(moving)@3.6 aa_vehicle(parked)@6.8 light_tank(moving)@2.4 ifv(moving)@9.8 scout_jeep(moving)@4.1 scout_jeep(moving)@6.9 shield_generator@7
capital,Endless,2,obstacles,946,light_tank,0,3760,188.0,203.5,15.5,134.1,52.5,125.0,31.0,AttackMove,GateWait,fortress,,moved,0,,doorway 0,heavy_turret(fixed)@6.3 minefield(fixed)@6.7
capital,Endless,2,obstacles,964,scout_jeep,0,4220,211.0,225.5,14.5,134.1,54.7,124.7,30.8,Move,GateWait,fortress,,moved,0,,doorway 0,heavy_turret(fixed)@6.1 minefield(fixed)@8.6
capital,Endless,2,obstacles,890,main_battle_tank,0,4350,217.5,228.5,11.0,110.7,28.0,116.7,11.0,AttackMove,YieldWait,fortress,,moved,0,,behind scout_jeep#960,main_battle_tank(parked)@4.8 aa_vehicle(parked)@3.3 light_tank(parked)@6.6 scout_jeep(moving)@6.0 armored_car(parked)@9.4 scout_jeep(parked)@7.3 scout_jeep(moving)@5.9 aa_vehicle(parked)@9.7 office_block@9
capital,Endless,2,obstacles,946,light_tank,0,4480,224.0,234.0,10.0,112.0,46.0,118.6,62.3,AttackMove,BlockedByFriend,fortress+gate,nopark,moved,0,,ifv#970 moving,armored_car(moving)@6.6 aa_vehicle(moving)@7.9 armored_car(moving)@3.8 scout_jeep(moving)@3.7 aa_vehicle(moving)@9.5 ifv(moving)@4.2 base_wall@10 shield_generator@6
capital,Endless,2,obstacles,983,main_battle_tank,0,4510,225.5,234.0,8.5,98.0,102.6,107.1,69.0,AttackMove,BlockedByDefence,fortress,,moved,0,,repair_bay#860 parked,repair_bay(fixed)@4.2 mlrs(parked)@6.3 mlrs(moving)@4.5
capital,Endless,2,obstacles,959,ifv,0,4990,249.5,264.5,15.0,118.0,53.7,105.4,41.7,AttackMove,YieldWait,fortress+gate,narrow+nopark,moved,0,,behind aa_vehicle#929,aa_vehicle(moving)@4.7 light_tank(moving)@8.0 light_tank(moving)@9.6 ifv(moving)@8.3 armored_car(moving)@4.6 aa_vehicle(moving)@3.9 shield_generator@6
capital,Endless,2,obstacles,967,aa_vehicle,0,5020,251.0,260.5,9.5,122.0,54.9,117.2,26.0,AttackMove,BlockedByFriend,fortress+gate,narrow+nopark,moved,0,,ifv#959 moving,heavy_turret(fixed)@6.1 armored_car(moving)@9.6 light_tank(parked)@9.2 aa_vehicle(moving)@7.0 ifv(moving)@7.5 ifv(moving)@4.0 armored_car(moving)@4.3
capital,Endless,2,obstacles,945,light_tank,0,5030,251.5,266.0,14.5,116.8,45.7,113.0,59.0,AttackMove,OffRoute,fortress+gate,nopark,moved,0,,to (119.0;59.0) past shield_generator,main_battle_tank(moving)@3.3 aa_vehicle(moving)@3.6 light_tank(parked)@3.1 ifv(moving)@8.2 ifv(moving)@8.9 armored_car(moving)@6.4 ifv(moving)@7.2 shield_generator@8
capital,Endless,2,obstacles,929,aa_vehicle,0,5040,252.0,266.0,14.0,118.0,49.2,113.3,69.7,AttackMove,YieldWait,fortress+gate,narrow+nopark,moved,0,,behind ifv#959,main_battle_tank(moving)@6.0 light_tank(moving)@4.1 light_tank(parked)@6.0 ifv(moving)@7.0 ifv(moving)@5.0 armored_car(moving)@3.3 aa_vehicle(moving)@8.0 ifv(moving)@9.0 shield_generator@7
capital,Endless,2,obstacles,961,armored_car,0,5050,252.5,265.0,12.5,120.7,51.3,113.0,59.0,AttackMove,YieldWait,fortress+gate,narrow+nopark,moved,0,,behind ifv#959,heavy_turret(fixed)@7.8 main_battle_tank(moving)@8.2 aa_vehicle(moving)@3.1 light_tank(moving)@7.2 light_tank(parked)@9.4 ifv(moving)@5.4 ifv(moving)@4.0 aa_vehicle(moving)@6.7 shield_generator@9
capital,Endless,2,obstacles,949,ifv,0,5140,257.0,267.0,10.0,124.5,47.8,113.0,59.0,AttackMove,OffRoute,fortress+gate,nopark,moved,0,,to (119.0;51.0) past heavy_turret(defence),heavy_turret(fixed)@7.1 main_battle_tank(moving)@7.8 main_battle_tank(moving)@6.4 aa_vehicle(moving)@6.7 light_tank(moving)@7.5 armored_car(moving)@8.2 scout_jeep(moving)@7.1
capital,Endless,2,obstacles,897,siege_tank,0,5570,278.5,288.0,9.5,118.1,49.2,112.5,8.6,Move,BlockedByFriend,fortress+gate,narrow+nopark,moved,0,,armored_car#900 parked,main_battle_tank(moving)@8.6 main_battle_tank(moving)@7.6 armored_car(parked)@6.0 armored_car(moving)@9.5 mlrs(moving)@4.9 shield_generator@7
capital,Endless,2,obstacles,1055,main_battle_tank,0,8060,403.0,418.0,15.0,45.2,124.0,59.0,109.0,AttackMove,BlockedByFriend,fortress+gate,narrow+nopark,moved,0,,scout_jeep#1078 moving,drone_hangar(fixed)@9.7 light_tank(moving)@4.0 scout_jeep(moving)@2.9 base_wall@7 floodlight_mast@5
capital,Endless,2,obstacles,1084,aa_vehicle,0,8130,406.5,421.0,14.5,97.9,106.0,64.2,111.4,AttackMove,BlockedByDefence,fortress,,moved,0,,repair_bay#860 parked,repair_bay(fixed)@6.0 mlrs(moving)@4.2 main_battle_tank(moving)@6.9
capital,Endless,2,obstacles,1086,main_battle_tank,0,8260,413.0,425.0,12.0,98.7,101.6,59.0,109.0,AttackMove,BlockedByFriend,fortress,,moved,0,,ifv#1087 moving,repair_bay(fixed)@4.7 mlrs(moving)@8.6 aa_vehicle(moving)@5.7 ifv(moving)@4.0
capital,Endless,2,obstacles,1083,main_battle_tank,0,8530,426.5,437.0,10.5,56.5,122.0,34.2,116.4,AttackMove,YieldWait,fortress+gate,narrow+nopark,moved,0,,behind ifv#1047,drone_hangar(fixed)@6.6 light_tank(moving)@7.9 ifv(moving)@5.0 aa_vehicle(moving)@4.0 aa_vehicle(moving)@7.3 container_stack@8
capital,Endless,2,obstacles,1085,aa_vehicle,0,8550,427.5,436.0,8.5,50.3,118.4,33.8,110.1,AttackMove,BlockedByFriend,fortress+gate,narrow+nopark,moved,0,,ifv#1047 moving,ifv(moving)@3.8 main_battle_tank(moving)@4.3 main_battle_tank(moving)@6.4 shield_generator@7 container_stack@10 floodlight_mast@7
capital,Endless,2,obstacles,1055,main_battle_tank,0,8570,428.5,453.0,24.5,46.0,118.0,64.2,111.4,AttackMove,StalePath,fortress+gate,nopark,moved,0,,leg 3/3 to (64.2;111.4) crosses container_stack (corner),ifv(moving)@5.0 main_battle_tank(moving)@9.4 aa_vehicle(moving)@4.1 base_wall@8 base_wall@6 shield_generator@8 floodlight_mast@4
capital,Endless,2,obstacles,1055,main_battle_tank,0,9060,453.0,462.0,9.0,48.5,122.8,64.2,111.4,AttackMove,StalePath,fortress,,moved,0,,leg 7/7 to (64.2;111.4) crosses container_stack (corner),ifv(moving)@8.5 light_tank(moving)@3.7 armored_car(moving)@4.5 armored_car(parked)@5.5 armored_car(moving)@8.8 main_battle_tank(moving)@5.6 scout_jeep(moving)@5.5 aa_vehicle(parked)@5.0 main_battle_tank(parked)@4.3 ifv(moving)@8.0 base_wall@9 floodlight_mast@6
capital,Endless,2,obstacles,1055,main_battle_tank,0,9240,462.0,470.5,8.5,46.9,125.1,64.2,111.4,AttackMove,StalePath,fortress+gate,nopark,moved,0,,leg 4/4 to (64.2;111.4) crosses container_stack (corner),light_tank(parked)@6.4 aa_vehicle(moving)@9.6 light_tank(moving)@6.9 armored_car(moving)@5.5 scout_jeep(moving)@6.4 aa_vehicle(moving)@5.4 aa_vehicle(moving)@3.5 main_battle_tank(parked)@8.3 base_wall@9 floodlight_mast@6
capital,Endless,2,obstacles,939,siege_tank,0,9910,495.5,504.5,9.0,134.0,48.7,11.5,127.6,Move,BlockedByDefence,fortress,,moved,0,,minefield#1115 parked,heavy_turret(fixed)@8.0 minefield(fixed)@4.4
capital,Endless,2,obstacles,1059,main_battle_tank,0,10480,524.0,541.5,17.5,39.7,126.0,51.0,119.0,AttackMove,StalePath,fortress+gate,narrow+nopark,moved,0,,leg 3/4 to (51.0;129.0) crosses drone_hangar(defence),light_tank(moving)@8.5 light_tank(moving)@7.6 main_battle_tank(moving)@4.6 aa_vehicle(moving)@8.7 ifv(moving)@4.9 scout_jeep(moving)@3.4 base_wall@6 floodlight_mast@7
capital,Endless,2,obstacles,1086,main_battle_tank,0,10480,524.0,543.0,19.0,54.5,124.6,71.3,88.6,AttackMove,Embedded,fortress,,gave up,0,,on drone_hangar(defence),light_tank(moving)@7.3 aa_vehicle(moving)@4.0 armored_car(moving)@4.2 aa_vehicle(moving)@3.2 aa_vehicle(moving)@7.6 aa_vehicle(moving)@5.5 ifv(moving)@10.0 scout_jeep(moving)@3.4 drone_hangar(fixed)@3.4
capital,Endless,2,obstacles,1087,ifv,0,10490,524.5,534.0,9.5,44.8,125.9,34.2,116.4,AttackMove,YieldWait,fortress+gate,narrow+nopark,moved,0,,behind main_battle_tank#1083,light_tank(moving)@3.8 aa_vehicle(moving)@6.9 main_battle_tank(moving)@4.9 main_battle_tank(moving)@5.0 aa_vehicle(moving)@4.7 main_battle_tank(moving)@9.8 scout_jeep(moving)@8.6 scout_jeep(moving)@6.5 drone_hangar(fixed)@9.4 base_wall@8 floodlight_mast@6
capital,Endless,2,obstacles,1017,aa_vehicle,0,10510,525.5,539.5,14.0,50.9,122.8,30.2,81.6,AttackMove,Embedded,fortress,,gave up,0,,on drone_hangar(defence),light_tank(moving)@6.0 armored_car(moving)@7.3 aa_vehicle(moving)@7.2 aa_vehicle(moving)@3.6 aa_vehicle(moving)@7.0 main_battle_tank(moving)@4.0 ifv(moving)@6.8 scout_jeep(moving)@3.1 drone_hangar(fixed)@6.1 floodlight_mast@8
capital,Endless,2,obstacles,1085,aa_vehicle,0,10520,526.0,542.5,16.5,56.5,118.0,34.7,84.1,AttackMove,StalePath,fortress+gate,narrow+nopark,moved,0,,leg 2/5 to (59.0;119.0) crosses drone_hangar(defence) (corner),aa_vehicle(moving)@7.4 armored_car(moving)@4.9 aa_vehicle(moving)@7.9 main_battle_tank(moving)@6.9 siege_tank(moving)@6.0 scout_jeep(moving)@9.4 shield_generator@8
capital,Endless,2,obstacles,1054,aa_vehicle,0,10540,527.0,560.0,33.0,57.4,125.9,71.4,94.5,AttackMove,Embedded,fortress,,gave up,0,,on drone_hangar(defence),aa_vehicle(moving)@7.2 armored_car(moving)@3.4 aa_vehicle(moving)@7.9 main_battle_tank(moving)@3.2 scout_jeep(moving)@6.1 drone_hangar(fixed)@4.0
capital,Endless,2,obstacles,1083,main_battle_tank,0,10620,531.0,541.0,10.0,43.6,129.0,62.5,117.4,AttackMove,BlockedByFriend,fortress+gate,narrow+nopark,moved,0,,main_battle_tank#1059 moving,light_tank(moving)@2.9 aa_vehicle(moving)@9.6 light_tank(moving)@4.7 main_battle_tank(moving)@5.8 ifv(moving)@6.3 main_battle_tank(moving)@4.6 ifv(moving)@5.0 scout_jeep(moving)@8.0 scout_jeep(moving)@8.3 scout_jeep(moving)@9.5 base_wall@10 base_wall@10 container@10 floodlight_mast@9
capital,Endless,2,obstacles,1131,scout_jeep,0,10630,531.5,580.0,48.5,51.3,125.9,72.4,126.0,Move,Embedded,fortress,,gave up,0,,on drone_hangar(defence),light_tank(moving)@5.5 aa_vehicle(moving)@3.1 armored_car(moving)@7.7 aa_vehicle(moving)@6.1 ifv(moving)@8.6 main_battle_tank(moving)@8.2 aa_vehicle(moving)@6.1 aa_vehicle(moving)@9.6 main_battle_tank(moving)@3.4 ifv(moving)@7.4 drone_hangar(fixed)@3.4
capital,Endless,2,obstacles,1130,scout_jeep,0,10640,532.0,547.0,15.0,36.1,127.3,58.2,121.6,AttackMove,StalePath,fortress+gate,narrow+nopark,gave up,0,,leg 7/7 to (58.2;121.6) crosses drone_hangar(defence) (corner),light_tank(moving)@8.5 light_tank(moving)@3.6 main_battle_tank(moving)@6.0 main_battle_tank(moving)@4.5 main_battle_tank(moving)@8.1 ifv(moving)@8.6 scout_jeep(moving)@2.7 base_wall@8
capital,Endless,2,obstacles,995,light_tank,0,10660,533.0,548.5,15.5,47.0,128.5,34.2,116.4,AttackMove,YieldWait,fortress+gate,nopark,moved,0,,behind main_battle_tank#1083,aa_vehicle(moving)@6.9 light_tank(moving)@6.7 main_battle_tank(moving)@6.2 ifv(moving)@4.7 main_battle_tank(moving)@6.8 main_battle_tank(moving)@2.9 main_battle_tank(moving)@8.4 ifv(moving)@5.4 scout_jeep(moving)@9.8 scout_jeep(moving)@5.0 drone_hangar(fixed)@7.0 floodlight_mast@9
capital,Endless,2,obstacles,1087,ifv,0,10680,534.0,557.5,23.5,44.1,124.1,32.4,90.1,AttackMove,BlockedByFriend,fortress+gate,narrow+nopark,moved,0,,main_battle_tank#1059 moving,light_tank(moving)@5.4 aa_vehicle(moving)@6.9 light_tank(moving)@9.9 light_tank(moving)@6.4 main_battle_tank(moving)@8.2 ifv(moving)@9.8 main_battle_tank(moving)@3.8 main_battle_tank(moving)@4.8 scout_jeep(moving)@7.6 scout_jeep(moving)@7.4 base_wall@6 floodlight_mast@4
capital,Endless,2,obstacles,927,thermobaric_launcher,1,10730,536.5,546.5,10.0,36.0,40.8,27.1,31.8,Move,StalePath,fortress,,moved,0,,leg 4/4 to (27.1;31.8) crosses river_water (corner),heavy_tank(parked)@7.3 fpv_carrier(moving)@4.0 armored_car(parked)@6.5 river_water@9 river_water@8 river_water@9 river_water@6 river_water@4 river_water@5 river_water@8
capital,Endless,2,obstacles,1048,light_tank,0,10750,537.5,546.0,8.5,36.9,128.7,30.0,98.9,AttackMove,BlockedByFriend,fortress+gate,narrow+nopark,moved,0,,scout_jeep#1130 moving,light_tank(moving)@9.4 light_tank(parked)@8.0 main_battle_tank(moving)@6.1 ifv(moving)@9.9 main_battle_tank(moving)@4.4 main_battle_tank(moving)@4.6 ifv(moving)@8.4 scout_jeep(moving)@2.6 scout_jeep(moving)@3.5 base_wall@9 base_wall@10
capital,Endless,2,obstacles,1084,aa_vehicle,0,10770,538.5,548.0,9.5,54.6,119.8,59.0,111.0,AttackMove,BlockedByFriend,fortress+gate,narrow+nopark,moved,0,,armored_car#1051 moving,aa_vehicle(moving)@4.7 armored_car(moving)@4.6 aa_vehicle(moving)@6.7 main_battle_tank(moving)@4.8 scout_jeep(moving)@6.9 drone_hangar(fixed)@8.2 shield_generator@8
capital,Endless,2,obstacles,1017,aa_vehicle,0,10810,540.5,549.0,8.5,50.9,122.8,30.2,81.6,AttackMove,Embedded,fortress,,gave up,0,,on drone_hangar(defence),light_tank(moving)@7.9 armored_car(moving)@7.3 aa_vehicle(moving)@7.2 ifv(moving)@8.6 aa_vehicle(moving)@6.8 main_battle_tank(moving)@4.0 ifv(moving)@7.1 scout_jeep(moving)@3.1 drone_hangar(fixed)@6.1 floodlight_mast@8
capital,Endless,2,obstacles,1055,main_battle_tank,0,10810,540.5,552.0,11.5,41.8,132.0,51.0,119.0,AttackMove,YieldWait,fortress+gate,narrow+nopark,moved,0,,behind main_battle_tank#1083,light_tank(moving)@5.0 light_tank(parked)@8.3 ifv(moving)@5.0 main_battle_tank(moving)@6.3 main_battle_tank(moving)@2.5 ifv(moving)@7.9 scout_jeep(moving)@8.1 scout_jeep(moving)@4.3 base_wall@6 container@7
capital,Endless,2,obstacles,1059,main_battle_tank,0,10830,541.5,560.5,19.0,40.9,126.1,51.0,119.0,AttackMove,YieldWait,fortress+gate,narrow+nopark,moved,0,,behind ifv#1087,light_tank(moving)@4.7 main_battle_tank(moving)@5.8 ifv(moving)@8.1 main_battle_tank(moving)@6.4 ifv(moving)@3.5 scout_jeep(moving)@4.1 scout_jeep(moving)@2.6 base_wall@6 floodlight_mast@6
capital,Endless,2,obstacles,1051,armored_car,0,10860,543.0,555.5,12.5,58.2,122.6,27.3,110.5,Move,Embedded,fortress,,gave up,0,,on drone_hangar(defence),aa_vehicle(parked)@7.3 aa_vehicle(moving)@3.4 armored_car(moving)@10.0 aa_vehicle(moving)@4.8 main_battle_tank(moving)@4.2 light_tank(moving)@5.0 siege_tank(moving)@4.9 scout_jeep(moving)@7.7 drone_hangar(fixed)@6.8
capital,Endless,2,obstacles,1086,main_battle_tank,0,10860,543.0,597.5,54.5,54.5,124.6,51.4,100.2,AttackMove,Embedded,fortress,,gave up,0,,on drone_hangar(defence),light_tank(moving)@9.9 aa_vehicle(parked)@4.0 armored_car(moving)@4.2 aa_vehicle(moving)@3.2 ifv(moving)@10.0 aa_vehicle(moving)@6.3 light_tank(moving)@8.9 siege_tank(moving)@9.1 scout_jeep(moving)@3.4 drone_hangar(fixed)@3.4
capital,Endless,2,obstacles,1057,ifv,0,10880,544.0,555.5,11.5,47.5,131.5,34.2,116.4,AttackMove,YieldWait,fortress+gate,nopark,moved,0,,behind light_tank#995,light_tank(moving)@4.3 aa_vehicle(moving)@9.3 main_battle_tank(moving)@3.3 main_battle_tank(moving)@8.0 main_battle_tank(moving)@9.8 ifv(moving)@8.3 scout_jeep(moving)@6.8 scout_jeep(moving)@5.8 drone_hangar(fixed)@7.4 base_wall@10 container@9
capital,Endless,2,obstacles,1017,aa_vehicle,0,11020,551.0,572.5,21.5,50.9,122.8,45.9,79.1,AttackMove,Embedded,fortress,,gave up,0,,on drone_hangar(defence),armored_car(moving)@7.3 aa_vehicle(moving)@7.2 main_battle_tank(moving)@8.6 aa_vehicle(moving)@3.8 main_battle_tank(moving)@4.0 ifv(moving)@6.1 scout_jeep(moving)@5.1 scout_jeep(moving)@3.1 scout_jeep(moving)@8.9 drone_hangar(fixed)@6.1 floodlight_mast@8
capital,Endless,2,obstacles,1051,armored_car,0,11110,555.5,565.5,10.0,58.2,122.6,28.5,104.3,Move,Embedded,fortress,,gave up,0,,on drone_hangar(defence),aa_vehicle(moving)@7.3 aa_vehicle(moving)@3.4 main_battle_tank(moving)@4.2 siege_tank(moving)@9.5 scout_jeep(moving)@7.7 drone_hangar(fixed)@6.8
capital,Endless,2,obstacles,1054,aa_vehicle,0,11200,560.0,585.5,25.5,57.4,125.9,59.0,111.0,AttackMove,Embedded,fortress,,gave up,0,,on drone_hangar(defence),aa_vehicle(moving)@7.2 armored_car(moving)@3.4 main_battle_tank(moving)@7.4 main_battle_tank(moving)@3.2 siege_tank(moving)@5.2 scout_jeep(moving)@6.1 drone_hangar(fixed)@4.0
capital,Endless,2,obstacles,1051,armored_car,0,11470,573.5,586.5,13.0,58.2,122.6,30.6,99.5,Move,Embedded,fortress,,gave up,0,,on drone_hangar(defence),aa_vehicle(moving)@7.3 aa_vehicle(moving)@3.4 main_battle_tank(moving)@8.6 main_battle_tank(moving)@4.2 scout_jeep(moving)@7.7 drone_hangar(fixed)@6.8
capital,Endless,2,obstacles,1116,siege_tank,0,11520,576.0,584.5,8.5,50.5,134.5,19.6,140.8,Move,YieldWait,fortress+gate,nopark,moved,0,,behind ifv#1057,ifv(moving)@7.6 scout_jeep(moving)@8.6 drone_hangar(fixed)@7.4 container@9
capital,Endless,2,obstacles,1017,aa_vehicle,0,11670,583.5,596.0,12.5,50.9,122.8,57.4,101.5,AttackMove,Embedded,fortress,,gave up,0,,on drone_hangar(defence),armored_car(moving)@7.3 aa_vehicle(moving)@7.2 main_battle_tank(moving)@4.0 ifv(moving)@4.1 scout_jeep(moving)@3.1 drone_hangar(fixed)@6.1 floodlight_mast@8
capital,Endless,2,obstacles,1054,aa_vehicle,0,11710,585.5,594.5,8.5,57.4,125.9,51.9,105.9,AttackMove,Embedded,fortress,,died,0,,on drone_hangar(defence),aa_vehicle(moving)@7.2 armored_car(moving)@3.4 main_battle_tank(moving)@3.2 ifv(moving)@6.1 light_tank(moving)@8.5 scout_jeep(moving)@6.1 drone_hangar(fixed)@4.0
capital,Weekly,1,obstacles,924,twin_tank,1,1650,82.5,96.0,13.5,22.0,112.0,112.0,125.6,Idle,NoPath,fortress,,moved,0,,goal (112.0;125.6) in open ground; other region (9 cells); fortress,
capital,Weekly,1,obstacles,913,scout_jeep,1,1870,93.5,102.5,9.0,90.4,106.1,125.0,115.0,AttackMove,YieldWait,fortress+gate,nopark,moved,0,,waiting on a yield,repair_bay(fixed)@5.8 scout_jeep(moving)@7.1 sam_launcher(moving)@3.5 scout_jeep(moving)@7.6 base_wall@7
capital,Weekly,1,obstacles,934,armored_car,1,2380,119.0,142.5,23.5,48.0,129.4,119.6,100.9,Move,YieldWait,fortress+gate,nopark,moved,0,,behind scout_jeep#905,drone_hangar(fixed)@6.2 scout_jeep(moving)@4.1 scout_jeep(moving)@7.3 twin_tank(moving)@5.6 heavy_tank(moving)@8.8 vbied(moving)@6.0
capital,Weekly,1,obstacles,913,scout_jeep,1,2390,119.5,139.0,19.5,48.0,122.1,136.3,142.7,AttackMove,YieldWait,fortress+gate,narrow+nopark,moved,0,,behind scout_jeep#905,drone_hangar(fixed)@8.4 scout_jeep(moving)@3.2 heavy_tank(moving)@9.8 vbied(moving)@3.2 armored_car(moving)@7.3 base_wall@8 floodlight_mast@5
capital,Weekly,1,obstacles,905,scout_jeep,1,2400,120.0,137.5,17.5,47.9,125.3,136.3,142.7,AttackMove,YieldWait,fortress+gate,narrow+nopark,moved,0,,behind armored_car#934,drone_hangar(fixed)@6.7 scout_jeep(moving)@3.2 twin_tank(moving)@9.4 heavy_tank(moving)@6.8 vbied(moving)@2.7 armored_car(moving)@4.1 base_wall@9 floodlight_mast@7
capital,Weekly,1,obstacles,924,twin_tank,1,2450,122.5,139.0,16.5,46.0,134.3,125.0,115.0,AttackMove,YieldWait,fortress+gate,narrow+nopark,moved,0,,behind armored_car#934,scout_jeep(moving)@9.3 scout_jeep(moving)@3.1 heavy_tank(moving)@8.7 armored_car(moving)@5.3 base_wall@7 container@5
capital,Weekly,1,obstacles,933,vbied,1,2460,123.0,139.0,16.0,45.8,124.0,119.7,106.6,Move,OffRoute,fortress+gate,narrow+nopark,moved,0,,to (47.0;121.0) past floodlight_mast,drone_hangar(fixed)@9.2 scout_jeep(moving)@2.5 scout_jeep(moving)@3.1 heavy_tank(moving)@4.7 armored_car(moving)@5.8 base_wall@7 floodlight_mast@5
capital,Weekly,1,obstacles,929,heavy_tank,1,2560,128.0,139.0,11.0,41.3,126.7,125.0,115.0,AttackMove,YieldWait,fortress+gate,narrow+nopark,moved,0,,behind vbied#933,scout_jeep(moving)@6.8 scout_jeep(moving)@8.2 twin_tank(moving)@8.8 vbied(moving)@4.9 armored_car(moving)@7.2 base_wall@7 floodlight_mast@7
capital,Weekly,1,obstacles,907,scout_jeep,1,2590,129.5,148.5,19.0,49.2,134.0,91.0,113.0,Move,YieldWait,fortress+gate,narrow+nopark,moved,0,,behind twin_tank#924,drone_hangar(fixed)@7.7 scout_jeep(moving)@8.1 twin_tank(moving)@3.2 heavy_tank(moving)@9.3 armored_car(moving)@4.7 container@8
capital,Weekly,1,obstacles,918,bmpt,1,2650,132.5,152.0,19.5,35.9,138.0,125.0,115.0,AttackMove,GateWait,fortress,,moved,0,,doorway 0,twin_tank(moving)@9.3 base_wall@4 base_wall@9 container@7
capital,Weekly,1,obstacles,913,scout_jeep,1,2780,139.0,156.5,17.5,48.0,125.2,136.3,142.7,AttackMove,BlockedByFriend,fortress+gate,narrow+nopark,moved,0,,heavy_tank#929 moving,drone_hangar(fixed)@6.7 scout_jeep(moving)@6.4 scout_jeep(moving)@9.1 twin_tank(moving)@9.5 heavy_tank(moving)@4.9 vbied(moving)@8.9 armored_car(moving)@4.8 turtle_tank(moving)@9.7 base_wall@10 floodlight_mast@7
capital,Weekly,1,obstacles,924,twin_tank,1,2780,139.0,151.5,12.5,44.0,133.8,125.0,115.0,AttackMove,YieldWait,fortress+gate,narrow+nopark,moved,0,,behind scout_jeep#905,scout_jeep(moving)@3.3 scout_jeep(moving)@5.9 scout_jeep(moving)@9.5 bmpt(moving)@9.1 heavy_tank(moving)@5.5 armored_car(moving)@7.0 turtle_tank(moving)@6.1 base_wall@6 container@5
capital,Weekly,1,obstacles,905,scout_jeep,1,2810,140.5,151.5,11.0,44.6,129.8,136.3,142.7,AttackMove,YieldWait,fortress+gate,nopark,moved,0,,behind heavy_tank#929,drone_hangar(fixed)@9.6 scout_jeep(moving)@5.6 scout_jeep(moving)@6.1 twin_tank(moving)@4.3 heavy_tank(moving)@3.2 armored_car(moving)@3.3 turtle_tank(moving)@4.7 base_wall@9 container@9 floodlight_mast@10
capital,Weekly,1,obstacles,929,heavy_tank,1,2810,140.5,154.0,13.5,47.7,129.2,125.0,115.0,AttackMove,BlockedByFriend,fortress+gate,nopark,moved,0,,scout_jeep#913 moving,drone_hangar(fixed)@6.5 scout_jeep(moving)@3.2 scout_jeep(moving)@5.8 scout_jeep(moving)@4.6 twin_tank(moving)@6.0 armored_car(moving)@5.2 turtle_tank(moving)@7.8
capital,Weekly,1,obstacles,933,vbied,1,2840,142.0,156.0,14.0,53.2,118.0,119.7,106.6,Move,YieldWait,fortress+gate,narrow+nopark,moved,0,,behind heavy_rocket_artillery#917,scout_jeep(moving)@8.2 heavy_rocket_artillery(moving)@6.7 shield_generator@6 container_stack@7
capital,Weekly,1,obstacles,934,armored_car,1,2850,142.5,151.5,9.0,42.5,128.2,56.4,136.4,Idle,BlockedByFriend,fortress+gate,narrow+nopark,moved,0,,scout_jeep#905 moving,scout_jeep(moving)@2.5 scout_jeep(moving)@6.7 twin_tank(moving)@6.4 heavy_tank(moving)@5.2 turtle_tank(moving)@5.9 base_wall@9 floodlight_mast@8
capital,Weekly,1,obstacles,917,heavy_rocket_artillery,1,2860,143.0,155.5,12.5,59.9,118.0,16.8,121.6,Move,YieldWait,fortress+gate,narrow+nopark,moved,0,,behind vbied#933,vbied(moving)@6.7 shield_generator@10 container_stack@4
capital,Weekly,1,obstacles,928,rocket_technical,1,2950,147.5,158.5,11.0,32.8,120.4,26.3,117.7,Move,GateWait,fortress,,gave up,0,,doorway 0,command_vehicle(parked)@4.3 turtle_tank(moving)@7.5 railgun_truck(moving)@6.7 base_wall@7
capital,Weekly,1,obstacles,918,bmpt,1,3210,160.5,171.0,10.5,39.5,126.1,125.0,115.0,AttackMove,YieldWait,fortress+gate,narrow+nopark,moved,0,,behind armored_car#934,scout_jeep(moving)@7.1 scout_jeep(moving)@8.1 rocket_technical(parked)@9.1 armored_car(moving)@5.2 railgun_truck(moving)@9.1 base_wall@6 floodlight_mast@7
capital,Weekly,1,obstacles,942,heavy_tank,0,3720,186.0,196.5,10.5,-87.8,-103.5,-5.0,87.0,AttackMove,BlockedByFriend,camp0,road+route,moved,0,,titan_tank#923 moving,titan_tank(moving)@6.5 armored_bulldozer(moving)@7.1
capital,Weekly,1,obstacles,912,scout_jeep,1,3940,197.0,205.5,8.5,86.0,118.5,126.0,146.0,AttackMove,StalePath,fortress+gate,nopark,moved,0,,leg 11/11 to (126.0;146.0) crosses outline (corner),scout_jeep(parked)@5.6 sam_launcher(moving)@6.7 twin_tank(moving)@6.8 armored_car(moving)@3.9 railgun_truck(moving)@9.6 base_wall@4
capital,Weekly,1,obstacles,908,sam_launcher,1,3950,197.5,206.5,9.0,86.0,111.2,125.6,138.4,AttackMove,YieldWait,fortress+gate,road+route+narrow+nopark,moved,0,,behind twin_tank#924,scout_jeep(moving)@6.9 heavy_rocket_artillery(moving)@9.6 twin_tank(moving)@7.1 armored_car(moving)@8.6 railgun_truck(moving)@4.5 base_wall@8
capital,Weekly,1,obstacles,933,vbied,1,4040,202.0,212.0,10.0,60.0,123.0,126.0,146.0,AttackMove,StalePath,fortress+gate,nopark,moved,0,,leg 6/6 to (126.0;146.0) crosses outline (corner),drone_hangar(fixed)@7.8 command_vehicle(moving)@5.1 thermobaric_launcher(moving)@6.5 rocket_technical(moving)@2.4 container_stack@9 container@7
capital,Weekly,1,obstacles,918,bmpt,1,4230,211.5,222.5,11.0,125.1,114.3,111.2,125.7,Idle,NoPath,fortress,,gave up,0,,goal (111.2;125.7) in open ground; other region (9 cells); fortress,twin_tank(moving)@4.6 railgun_truck(moving)@8.9 base_wall@9
capital,Weekly,1,obstacles,936,aa_vehicle,0,4230,211.5,226.0,14.5,71.0,-0.9,57.0,57.0,Attack,NoPath,fortress,road,moved,0,,goal (57.0;57.0) in blocked ground (shield_generator); other region (9 cells); fortress,heavy_tank(moving)@5.4 aa_vehicle(parked)@8.3 aa_vehicle(parked)@4.5
capital,Weekly,1,obstacles,916,aa_vehicle,0,4250,212.5,226.0,13.5,61.7,-12.2,57.0,57.0,Attack,NoPath,fortress,,moved,0,,goal (57.0;57.0) in blocked ground (shield_generator); other region (9 cells); fortress,aa_vehicle(parked)@5.3
capital,Weekly,1,obstacles,853,ifv,0,4300,215.0,226.0,11.0,51.6,-5.5,57.0,57.0,Attack,NoPath,fortress,road,moved,0,,goal (57.0;57.0) in blocked ground (shield_generator); other region (9 cells); fortress,aa_vehicle(parked)@6.8
capital,Weekly,1,obstacles,930,aa_vehicle,0,4310,215.5,225.0,9.5,62.6,-0.6,57.0,57.0,Attack,NoPath,fortress,road,gave up,0,,goal (57.0;57.0) in blocked ground (shield_generator); other region (9 cells); fortress,aa_vehicle(parked)@3.9 aa_vehicle(parked)@8.3 wreck_tank@7
capital,Weekly,1,obstacles,932,aa_vehicle,0,4350,217.5,227.0,9.5,65.7,-0.9,57.0,57.0,Attack,NoPath,fortress,road,moved,0,,goal (57.0;57.0) in blocked ground (shield_generator); reachable; fortress,heavy_tank(moving)@9.6 aa_vehicle(moving)@3.8 aa_vehicle(moving)@4.5
capital,Weekly,1,obstacles,939,flame_tank,1,4420,221.0,231.0,10.0,113.4,111.5,112.0,125.6,Idle,NoPath,fortress,,moved,0,,goal (112.0;125.6) in open ground; other region (9 cells); fortress,radar_station(fixed)@8.9 scout_jeep(moving)@8.1 twin_tank(moving)@7.0 railgun_truck(moving)@2.8
capital,Weekly,1,obstacles,948,elite_heavy_tank,1,4420,221.0,242.0,21.0,48.0,132.4,125.0,115.0,AttackMove,YieldWait,fortress+gate,narrow+nopark,gave up,0,,behind smoke_carrier#906,drone_hangar(fixed)@7.4 smoke_carrier(moving)@5.7 vbied(moving)@4.0 lancet_truck(moving)@7.2 base_wall@10 container@8
capital,Weekly,1,obstacles,906,smoke_carrier,1,4460,223.0,240.0,17.0,48.0,126.6,125.6,138.4,AttackMove,YieldWait,fortress+gate,nopark,moved,0,,behind elite_heavy_tank#948,drone_hangar(fixed)@6.2 vbied(moving)@8.3 armored_car(moving)@8.6 elite_heavy_tank(moving)@5.7 floodlight_mast@8
capital,Weekly,1,obstacles,907,scout_jeep,1,4460,223.0,233.0,10.0,73.5,118.0,126.0,146.0,AttackMove,StalePath,fortress+gate,nopark,moved,0,,leg 6/6 to (126.0;146.0) crosses outline (corner),scout_jeep(moving)@8.6 turtle_tank(moving)@6.7 container@6
capital,Weekly,1,obstacles,941,railgun_truck,1,4460,223.0,231.5,8.5,114.2,113.5,125.7,138.8,AttackMove,BlockedByFriend,fortress,,moved,0,,scout_jeep#913 moving,radar_station(fixed)@7.2 scout_jeep(moving)@5.6 twin_tank(moving)@5.0 flame_tank(parked)@2.6
capital,Weekly,1,obstacles,944,lancet_truck,1,4520,226.0,248.0,22.0,46.0,138.5,-1.5,75.8,AttackMove,YieldWait,fortress+gate,nopark,moved,0,,behind vbied#933,vbied(moving)@5.4 armored_car(moving)@9.1 elite_heavy_tank(moving)@5.8 base_wall@6 base_wall@10 container@4
capital,Weekly,1,obstacles,933,vbied,1,4540,227.0,238.0,11.0,44.0,133.4,126.0,146.0,AttackMove,StalePath,fortress+gate,narrow+nopark,moved,0,,leg 5/5 to (126.0;146.0) crosses outline (corner),smoke_carrier(moving)@7.8 armored_car(moving)@4.5 lancet_truck(moving)@5.5 elite_heavy_tank(moving)@4.0 base_wall@6 container@5
capital,Weekly,1,obstacles,928,rocket_technical,1,4550,227.5,236.5,9.0,56.8,118.0,91.7,120.4,Move,OffRoute,fortress+gate,narrow+nopark,moved,0,,to (71.0;115.0) past shield_generator,scout_jeep(moving)@5.0 sam_launcher(moving)@3.1 thermobaric_launcher(moving)@6.9 turtle_tank(moving)@7.0 shield_generator@8 container_stack@5
capital,Weekly,1,obstacles,922,thermobaric_launcher,1,4570,228.5,246.0,17.5,60.0,124.0,31.9,133.3,Move,YieldWait,fortress+gate,nopark,moved,0,,behind sam_launcher#908,drone_hangar(fixed)@7.2 scout_jeep(moving)@4.3 scout_jeep(moving)@9.2 sam_launcher(moving)@4.7 rocket_technical(moving)@7.1 turtle_tank(moving)@6.6 container@6
capital,Weekly,1,obstacles,939,flame_tank,1,4770,238.5,274.5,36.0,112.8,109.9,112.0,125.6,Idle,NoPath,fortress,,gave up,0,,goal (112.0;125.6) in open ground; other region (9 cells); fortress,twin_tank(parked)@6.1
capital,Weekly,1,obstacles,928,rocket_technical,1,4930,246.5,261.5,15.0,54.0,118.0,91.7,120.4,Move,OffRoute,fortress+gate,narrow+nopark,moved,0,,to (71.0;115.0) past shield_generator,drone_hangar(fixed)@10.0 scout_jeep(moving)@5.7 thermobaric_launcher(moving)@4.6 shield_generator@6 container_stack@6
capital,Weekly,1,obstacles,922,thermobaric_launcher,1,4970,248.5,260.5,12.0,58.7,118.3,32.0,130.9,Move,YieldWait,fortress+gate,narrow+nopark,moved,0,,behind rocket_technical#928,scout_jeep(moving)@3.9 rocket_technical(moving)@4.5 heavy_tank(moving)@4.9 shield_generator@9 container_stack@4
capital,Weekly,1,obstacles,929,heavy_tank,1,5110,255.5,267.0,11.5,60.5,123.9,4.4,79.0,AttackMove,YieldWait,fortress+gate,nopark,moved,0,,behind thermobaric_launcher#922,drone_hangar(fixed)@7.7 scout_jeep(moving)@4.4 thermobaric_launcher(moving)@7.3 rocket_technical(moving)@5.9 container@6
capital,Weekly,1,obstacles,937,turtle_tank,1,5640,282.0,292.0,10.0,96.0,149.1,99.1,139.3,Move,GateWait,fortress,,moved,0,,doorway 0,scout_jeep(moving)@3.8 elite_heavy_tank(moving)@7.5
capital,Weekly,1,obstacles,918,bmpt,1,5700,285.0,352.5,67.5,99.7,123.5,112.4,125.6,Idle,NoPath,fortress,,moved,0,,goal (112.4;125.6) in open ground; other region (9 cells); fortress,drone_hangar(fixed)@9.1 gun_pit(fixed)@6.0 twin_tank(moving)@6.9 vbied(moving)@5.8
capital,Weekly,1,obstacles,943,armored_bulldozer,0,5930,296.5,305.5,9.0,132.9,44.9,59.0,48.0,Attack,OffRoute,fortress+gate,narrow+nopark,moved,0,,to (127.0;37.0) past base_wall,minefield(foe)(fixed)@5.5 armored_bulldozer(moving)@6.5 base_wall@7
capital,Weekly,1,obstacles,935,rocket_technical,1,6030,301.5,311.0,9.5,55.8,122.0,35.0,105.0,Move,YieldWait,fortress+gate,narrow+nopark,moved,0,,behind armored_car#934,drone_hangar(fixed)@6.3 scout_jeep(moving)@6.1 smoke_carrier(moving)@3.7 sam_launcher(moving)@4.0 command_vehicle(moving)@8.2 vbied(moving)@5.7 armored_car(moving)@5.0 container_stack@9
capital,Weekly,1,obstacles,908,sam_launcher,1,6050,302.5,322.5,20.0,55.3,118.0,100.5,98.7,Move,YieldWait,fortress+gate,narrow+nopark,moved,0,,behind vbied#933,scout_jeep(moving)@4.1 smoke_carrier(moving)@5.6 command_vehicle(moving)@7.8 rocket_technical(moving)@8.7 vbied(moving)@4.6 armored_car(moving)@6.2 rocket_technical(moving)@4.0 shield_generator@7 container_stack@5
capital,Weekly,1,obstacles,934,armored_car,1,6050,302.5,311.5,9.0,50.6,122.0,78.7,96.4,Move,StalePath,fortress+gate,narrow+nopark,moved,0,,leg 2/5 to (51.0;119.0) crosses drone_hangar(defence),drone_hangar(fixed)@6.9 scout_jeep(moving)@4.0 smoke_carrier(moving)@8.7 sam_launcher(moving)@6.2 rocket_technical(moving)@5.1 floodlight_mast@8
capital,Weekly,1,obstacles,933,vbied,1,6070,303.5,329.0,25.5,60.0,118.0,126.0,146.0,AttackMove,StalePath,fortress+gate,narrow+nopark,moved,0,,leg 5/5 to (126.0;146.0) crosses outline (corner),scout_jeep(moving)@8.5 smoke_carrier(moving)@3.2 sam_launcher(moving)@4.6 command_vehicle(moving)@6.0 rocket_technical(moving)@3.8 rocket_technical(moving)@6.9 shield_generator@10 container_stack@4
capital,Weekly,1,obstacles,905,scout_jeep,1,6170,308.5,323.5,15.0,50.8,118.0,74.7,109.7,Move,YieldWait,fortress+gate,narrow+nopark,moved,0,,behind sam_launcher#908,smoke_carrier(moving)@2.4 sam_launcher(moving)@4.3 vbied(moving)@8.6 armored_car(moving)@9.1 rocket_technical(moving)@5.1 shield_generator@6 container_stack@9 floodlight_mast@8
capital,Weekly,1,obstacles,911,command_vehicle,1,6220,311.0,321.0,10.0,60.0,123.0,61.0,131.0,Move,BlockedByFriend,fortress+gate,nopark,moved,0,,vbied#933 moving,drone_hangar(fixed)@7.8 sam_launcher(moving)@7.0 rocket_technical(moving)@7.7 rocket_technical(parked)@8.5 vbied(moving)@5.0 container_stack@9 container@7
capital,Weekly,1,obstacles,934,armored_car,1,6240,312.0,325.0,13.0,48.0,127.3,78.7,96.4,Move,BlockedByFriend,fortress+gate,nopark,moved,0,,rocket_technical#935 moving,drone_hangar(fixed)@6.0 scout_jeep(moving)@9.5 smoke_carrier(moving)@7.0 rocket_technical(moving)@4.4 floodlight_mast@9
capital,Weekly,1,obstacles,922,thermobaric_launcher,1,6250,312.5,321.0,8.5,35.5,116.2,61.0,131.0,Move,BlockedByFriend,fortress,,moved,0,,lancet_truck#944 parked,lancet_truck(parked)@3.7 fpv_carrier(parked)@4.2 base_wall@6 base_wall@6 floodlight_mast@8
capital,Weekly,1,obstacles,935,rocket_technical,1,6260,313.0,326.0,13.0,48.0,123.0,35.0,105.0,Move,BlockedByFriend,fortress+gate,narrow+nopark,moved,0,,armored_car#934 moving,drone_hangar(fixed)@7.8 scout_jeep(moving)@5.5 smoke_carrier(moving)@3.1 sam_launcher(moving)@8.7 armored_car(moving)@4.4 base_wall@9 floodlight_mast@6
capital,Weekly,1,obstacles,906,smoke_carrier,1,6350,317.5,327.5,10.0,46.0,120.6,126.4,144.5,AttackMove,YieldWait,fortress+gate,nopark,moved,0,,behind rocket_technical#935,scout_jeep(moving)@9.4 armored_car(moving)@7.9 rocket_technical(moving)@4.1 turtle_tank(moving)@5.9 base_wall@6 floodlight_mast@3
capital,Weekly,1,obstacles,929,heavy_tank,1,6400,320.0,329.0,9.0,58.8,134.0,125.6,138.4,AttackMove,BlockedByFriend,fortress,,moved,0,,rocket_technical#928 parked,drone_hangar(fixed)@7.7 rocket_technical(parked)@4.1 container@10
capital,Weekly,1,obstacles,905,scout_jeep,1,6470,323.5,334.0,10.5,53.3,118.0,74.7,109.7,Move,YieldWait,fortress+gate,narrow+nopark,moved,0,,behind sam_launcher#908,smoke_carrier(moving)@9.7 sam_launcher(moving)@4.1 command_vehicle(moving)@4.0 vbied(moving)@8.6 shield_generator@6 container_stack@7
capital,Weekly,1,obstacles,948,elite_heavy_tank,1,6540,327.0,339.0,12.0,44.0,132.9,79.8,104.1,Move,StalePath,fortress+gate,narrow+nopark,moved,0,,leg 4/4 to (79.8;104.1) crosses base_wall (corner),smoke_carrier(moving)@7.9 rocket_technical(moving)@8.6 armored_car(moving)@4.7 turtle_tank(moving)@7.7 base_wall@7 container@6
capital,Weekly,1,obstacles,906,smoke_carrier,1,6570,328.5,345.5,17.0,48.0,126.0,126.4,144.5,AttackMove,YieldWait,fortress+gate,nopark,moved,0,,behind armored_car#934,drone_hangar(fixed)@6.3 command_vehicle(moving)@6.1 armored_car(moving)@4.3 turtle_tank(moving)@4.0 elite_heavy_tank(moving)@8.1 floodlight_mast@8
capital,Weekly,1,obstacles,934,armored_car,1,6590,329.5,340.0,10.5,48.0,130.3,78.7,96.4,Move,YieldWait,fortress+gate,nopark,moved,0,,behind smoke_carrier#906,drone_hangar(fixed)@6.4 smoke_carrier(moving)@4.2 command_vehicle(moving)@8.2 rocket_technical(moving)@5.6 turtle_tank(moving)@6.3 elite_heavy_tank(moving)@4.6 container@10
capital,Weekly,1,obstacles,928,rocket_technical,1,6710,335.5,346.5,11.0,46.0,135.0,35.0,113.0,Move,OffRoute,fortress+gate,narrow+nopark,moved,0,,to (45.0;131.0) past container,armored_car(moving)@3.2 turtle_tank(moving)@9.6 elite_heavy_tank(moving)@5.8 base_wall@7 container@5
capital,Weekly,1,obstacles,948,elite_heavy_tank,1,6780,339.0,348.0,9.0,42.7,129.3,79.8,104.1,Move,StalePath,fortress+gate,narrow+nopark,moved,0,,leg 4/4 to (79.8;104.1) crosses base_wall (corner),smoke_carrier(moving)@5.6 scout_jeep(moving)@8.0 rocket_technical(moving)@9.2 rocket_technical(moving)@6.4 vbied(moving)@4.1 armored_car(moving)@4.8 turtle_tank(moving)@5.0 base_wall@10 base_wall@9 container@9 floodlight_mast@9
capital,Weekly,1,obstacles,937,turtle_tank,1,6980,349.0,363.5,14.5,35.2,126.0,91.0,117.0,Move,StalePath,fortress+gate,nopark,moved,0,,leg 2/7 to (47.0;121.0) crosses base_wall,thermobaric_launcher(moving)@4.4 rocket_technical(moving)@5.7 rocket_technical(moving)@9.8 lancet_truck(moving)@5.6 elite_heavy_tank(moving)@7.7 base_wall@8 floodlight_mast@10
capital,Weekly,1,obstacles,908,sam_launcher,1,7480,374.0,393.5,19.5,59.1,122.0,119.6,143.7,AttackMove,YieldWait,fortress+gate,narrow+nopark,gave up,0,,behind twin_tank#949,drone_hangar(fixed)@7.9 vbied(moving)@7.1 twin_tank(moving)@5.2 container_stack@8 container@8
capital,Weekly,1,obstacles,949,twin_tank,1,7480,374.0,391.0,17.0,53.9,122.0,40.3,50.3,AttackMove,YieldWait,fortress+gate,narrow+nopark,moved,0,,behind sam_launcher#908,drone_hangar(fixed)@6.0 sam_launcher(moving)@5.2 vbied(moving)@4.0 fpv_carrier(moving)@9.7 container_stack@9
capital,Weekly,1,obstacles,906,smoke_carrier,1,7870,393.5,403.0,9.5,53.2,118.5,125.0,115.0,AttackMove,YieldWait,fortress+gate,narrow+nopark,moved,0,,behind twin_tank#949,drone_hangar(fixed)@9.5 command_vehicle(moving)@8.4 heavy_tank(moving)@5.5 twin_tank(moving)@3.9 shield_generator@7 container_stack@7
capital,Weekly,1,obstacles,929,heavy_tank,1,7880,394.0,405.0,11.0,47.8,118.0,46.0,46.8,AttackMove,YieldWait,fortress+gate,nopark,moved,0,,behind smoke_carrier#906,smoke_carrier(moving)@6.2 twin_tank(moving)@9.5 base_wall@10 base_wall@8 shield_generator@7 floodlight_mast@5
capital,Weekly,1,obstacles,906,smoke_carrier,1,8060,403.0,414.0,11.0,55.7,118.0,125.0,115.0,AttackMove,BlockedByFriend,fortress+gate,narrow+nopark,moved,0,,command_vehicle#911 moving,command_vehicle(moving)@4.0 heavy_rocket_artillery(moving)@7.6 heavy_tank(moving)@3.8 twin_tank(moving)@8.9 shield_generator@7 container_stack@5
capital,Weekly,1,obstacles,929,heavy_tank,1,8100,405.0,418.0,13.0,51.2,119.5,46.0,46.8,AttackMove,YieldWait,fortress+gate,narrow+nopark,moved,0,,behind smoke_carrier#906,drone_hangar(fixed)@9.0 smoke_carrier(moving)@3.8 command_vehicle(moving)@5.6 heavy_rocket_artillery(moving)@9.8 shield_generator@7 container_stack@10 floodlight_mast@8
capital,Weekly,1,obstacles,911,command_vehicle,1,8110,405.5,414.5,9.0,56.7,122.0,35.0,119.0,Move,BlockedByDefence,fortress+gate,narrow+nopark,moved,0,,drone_hangar#863 parked,drone_hangar(fixed)@6.6 smoke_carrier(moving)@3.1 heavy_rocket_artillery(moving)@5.8 heavy_tank(moving)@6.6 container_stack@8
capital,Weekly,1,obstacles,906,smoke_carrier,1,8280,414.0,448.5,34.5,54.3,118.0,125.0,115.0,AttackMove,YieldWait,fortress+gate,narrow+nopark,moved,0,,behind heavy_rocket_artillery#917,command_vehicle(moving)@6.1 heavy_rocket_artillery(moving)@2.5 heavy_tank(moving)@6.9 rocket_technical(moving)@8.5 shield_generator@6 container_stack@6
capital,Weekly,1,obstacles,911,command_vehicle,1,8290,414.5,430.5,16.0,59.0,121.9,35.0,111.0,Move,YieldWait,fortress+gate,narrow+nopark,moved,0,,behind heavy_rocket_artillery#917,drone_hangar(fixed)@7.9 smoke_carrier(moving)@6.4 heavy_rocket_artillery(moving)@3.8 twin_tank(moving)@5.0 rocket_technical(moving)@4.9 container_stack@8 container@8
capital,Weekly,1,obstacles,935,rocket_technical,1,8350,417.5,426.5,9.0,61.4,118.4,35.0,105.0,Move,YieldWait,fortress+gate,narrow+nopark,moved,0,,behind heavy_rocket_artillery#917,smoke_carrier(moving)@7.8 command_vehicle(moving)@4.9 heavy_rocket_artillery(moving)@6.6 twin_tank(moving)@5.5 container_stack@5 container@10
capital,Weekly,1,obstacles,929,heavy_tank,1,8360,418.0,430.0,12.0,48.5,121.9,46.0,46.8,AttackMove,YieldWait,fortress+gate,nopark,moved,0,,behind heavy_rocket_artillery#917,drone_hangar(fixed)@8.2 smoke_carrier(moving)@6.3 command_vehicle(moving)@9.4 heavy_rocket_artillery(moving)@6.4 base_wall@9 floodlight_mast@6
capital,Weekly,1,obstacles,924,twin_tank,1,8460,423.0,431.5,8.5,61.0,123.3,125.7,139.6,AttackMove,YieldWait,fortress+gate,nopark,moved,0,,behind command_vehicle#911,drone_hangar(fixed)@8.4 smoke_carrier(moving)@8.6 command_vehicle(moving)@7.1 rocket_technical(moving)@4.8 turtle_tank(moving)@5.9 container_stack@9 container@6
capital,Weekly,1,obstacles,924,twin_tank,1,8630,431.5,452.5,21.0,60.2,123.8,125.7,139.6,AttackMove,OffRoute,fortress+gate,nopark,gave up,0,,to (59.0;121.0) past container,drone_hangar(fixed)@7.5 scout_jeep(moving)@8.8 smoke_carrier(moving)@7.8 turtle_tank(moving)@5.2 fpv_carrier(parked)@5.4 container_stack@10 container@6
capital,Weekly,1,obstacles,937,turtle_tank,1,8730,436.5,450.0,13.5,56.5,121.5,125.7,139.6,AttackMove,YieldWait,fortress+gate,narrow+nopark,moved,0,,behind heavy_tank#929,drone_hangar(fixed)@7.0 scout_jeep(moving)@9.6 smoke_carrier(moving)@3.6 twin_tank(moving)@4.7 heavy_tank(moving)@6.0 fpv_carrier(moving)@6.3 container_stack@8
capital,Weekly,1,obstacles,951,fpv_carrier,1,8810,440.5,451.0,10.5,61.4,119.0,35.0,119.0,Move,YieldWait,fortress+gate,narrow+nopark,moved,0,,behind turtle_tank#937,scout_jeep(moving)@4.9 smoke_carrier(moving)@4.2 twin_tank(moving)@5.1 turtle_tank(moving)@6.2 container_stack@6 container@9
capital,Weekly,1,obstacles,918,bmpt,1,9160,458.0,470.5,12.5,70.8,117.9,139.6,124.3,AttackMove,BlockedByFriend,fortress,,moved,0,,elite_heavy_tank#948 moving,scout_jeep(moving)@8.0 sam_launcher(moving)@6.2 scout_jeep(moving)@7.8 twin_tank(parked)@9.1 vbied(moving)@9.5 armored_car(moving)@8.0 elite_heavy_tank(moving)@4.6 container@6
capital,Weekly,1,obstacles,905,scout_jeep,1,9210,460.5,471.0,10.5,65.6,124.0,115.4,143.7,AttackMove,OffRoute,fortress,,moved,0,,to (47.0;121.0) past container,twin_tank(parked)@4.2 container@6 container@3
capital,Weekly,1,obstacles,924,twin_tank,1,9320,466.0,474.5,8.5,62.3,122.7,138.8,124.3,AttackMove,OffRoute,fortress,,moved,0,,to (47.0;121.0) past container,drone_hangar(fixed)@9.8 scout_jeep(moving)@4.5 sam_launcher(moving)@7.4 bmpt(moving)@6.1 vbied(moving)@6.8 elite_heavy_tank(moving)@9.2 container@9 container@5
capital,Weekly,1,obstacles,937,turtle_tank,1,9490,474.5,513.0,38.5,119.6,143.2,111.2,125.7,Idle,NoPath,fortress,,moved,0,,goal (111.2;125.7) in open ground; other region (9 cells); fortress,smoke_carrier(moving)@3.2 railgun_truck(parked)@8.0 base_wall@9
capital,Weekly,1,obstacles,905,scout_jeep,1,9520,476.0,492.5,16.5,52.2,122.0,115.4,143.7,AttackMove,YieldWait,fortress+gate,narrow+nopark,moved,0,,behind sam_launcher#908,drone_hangar(fixed)@6.3 bmpt(moving)@3.9 vbied(moving)@6.1 twin_tank(moving)@8.8 shield_generator@10
capital,Weekly,1,obstacles,907,scout_jeep,1,9520,476.0,490.5,14.5,119.6,116.0,136.3,142.7,AttackMove,OffRoute,fortress,,moved,0,,to (67.0;117.0) past command_hq,radar_station(fixed)@9.4 flame_tank(parked)@2.8 lancet_truck(parked)@6.2
capital,Weekly,1,obstacles,908,sam_launcher,1,9920,496.0,509.5,13.5,120.0,146.8,138.8,124.3,AttackMove,BlockedByFriend,fortress,,moved,0,,turtle_tank#937 parked,scout_jeep(parked)@9.7 turtle_tank(parked)@4.1
capital,Weekly,1,obstacles,911,command_vehicle,1,10110,505.5,515.5,10.0,36.0,109.7,59.0,113.0,Move,BlockedByFriend,fortress,road,moved,0,,thermobaric_launcher#922 moving,thermobaric_launcher(moving)@5.7 fpv_carrier(parked)@6.2 fpv_carrier(parked)@6.1 base_wall@7 base_wall@5
capital,Weekly,1,obstacles,906,smoke_carrier,1,10210,510.5,521.0,10.5,129.9,146.0,117.5,113.4,AttackMove,YieldWait,fortress,,moved,0,,behind vbied#933,sam_launcher(moving)@8.8 vbied(moving)@5.6 railgun_truck(moving)@8.5
capital,Weekly,1,obstacles,908,sam_launcher,1,10460,523.0,532.5,9.5,122.4,140.3,79.1,101.3,Move,BlockedByFriend,fortress,,moved,0,,turtle_tank#937 moving,smoke_carrier(moving)@7.8 turtle_tank(moving)@5.6 railgun_truck(moving)@3.0 base_wall@7
capital,Weekly,1,obstacles,908,sam_launcher,1,11260,563.0,571.5,8.5,46.0,138.8,79.1,101.3,Move,BlockedByFriend,fortress,,moved,0,,fpv_carrier#951 moving,command_vehicle(moving)@8.4 thermobaric_launcher(moving)@4.3 rocket_technical(parked)@5.4 turtle_tank(moving)@9.3 fpv_carrier(moving)@4.0 fpv_carrier(moving)@8.2 base_wall@6 base_wall@9 container@4
capital,Weekly,2,light,877,mine_layer,1,2990,149.5,158.0,8.5,125.6,112.2,134.4,139.6,AttackMove,BlockedByFriend,fortress,,moved,0,,scout_jeep#861 parked,scout_jeep(parked)@3.9 smoke_carrier(parked)@6.4 scout_jeep(parked)@3.5 scout_jeep(parked)@4.2 twin_tank(parked)@9.6 base_wall@8
capital,Weekly,2,light,862,smoke_carrier,1,3430,171.5,183.0,11.5,114.0,117.3,125.0,115.0,AttackMove,BlockedByFriend,fortress,,moved,0,,mine_layer#877 moving,scout_jeep(parked)@6.4 scout_jeep(moving)@3.6 mine_layer(moving)@2.9 twin_tank(moving)@5.5
capital,Weekly,2,light,879,command_vehicle,1,4220,211.0,220.5,9.5,89.4,121.6,97.1,125.6,Move,GateWait,fortress,,gave up,0,,doorway 0,smoke_carrier(moving)@5.3 ew_jammer(moving)@3.5 counter_battery_radar(moving)@3.7 rocket_technical(moving)@10.0 rocket_technical(moving)@5.2 base_wall@6
capital,Weekly,2,light,879,command_vehicle,1,5790,289.5,299.5,10.0,114.0,117.1,114.5,88.3,Move,BlockedByFriend,fortress,,moved,0,,counter_battery_radar#920 moving,ew_jammer(moving)@4.4 engineer_vehicle(moving)@8.4 counter_battery_radar(moving)@6.9 counter_battery_radar(moving)@5.2
capital,Weekly,2,light,920,counter_battery_radar,1,5820,291.0,299.5,8.5,111.7,110.6,116.0,85.6,Move,BlockedByFriend,fortress,,moved,0,,mobile_fortress#938 moving,ew_jammer(moving)@8.6 engineer_vehicle(moving)@8.6 command_vehicle(moving)@5.9 counter_battery_radar(moving)@5.2
capital,Weekly,2,light,949,elite_heavy_tank,1,6180,309.0,319.0,10.0,122.0,112.9,99.0,35.0,AttackMove,BlockedByFriend,fortress,,moved,0,,mine_layer#877 moving,smoke_carrier(moving)@4.8 mine_layer(moving)@7.2
capital,Weekly,2,light,948,elite_heavy_tank,1,6420,321.0,341.0,20.0,124.4,78.4,125.0,115.0,AttackMove,BlockedByFriend,fortress,,moved,0,,counter_battery_radar#920 moving,ew_jammer(parked)@5.7 command_vehicle(moving)@8.5 counter_battery_radar(moving)@4.8
capital,Weekly,2,light,862,smoke_carrier,1,6450,322.5,332.0,9.5,129.0,115.0,112.0,118.3,AttackMove,BlockedByFriend,fortress,,moved,0,,wheeled_gun#936 moving,wheeled_gun(moving)@4.0 base_wall@6 base_wall@7
capital,Weekly,2,light,936,wheeled_gun,1,7050,352.5,368.5,16.0,130.0,116.0,101.0,129.0,Move,YieldWait,fortress,,gave up,0,,behind mobile_fortress#938,base_wall@6 base_wall@6
capital,Weekly,2,light,879,command_vehicle,1,7830,391.5,402.0,10.5,127.6,111.3,111.8,98.9,Move,BlockedByFriend,fortress,,moved,0,,mobile_fortress#938 parked,base_wall@10 base_wall@6
capital,Weekly,2,light,879,command_vehicle,1,8400,420.0,428.5,8.5,124.8,95.1,115.7,81.4,Move,BlockedByFriend,fortress,,moved,0,,mobile_fortress#938 parked,ew_jammer(moving)@10.0 engineer_vehicle(moving)@7.8 heavy_tank(moving)@4.6 mobile_fortress(parked)@8.9 base_wall@9
capital,Weekly,2,light,885,heavy_tank,1,8490,424.5,433.0,8.5,125.5,99.0,117.7,50.3,AttackMove,BlockedByFriend,fortress,,moved,0,,command_vehicle#879 moving,ew_jammer(moving)@7.2 command_vehicle(moving)@6.1 mobile_fortress(parked)@9.5 base_wall@9 base_wall@10
capital,Weekly,2,light,879,command_vehicle,1,8660,433.0,442.5,9.5,122.8,92.7,114.7,73.1,Move,BlockedByFriend,fortress,,moved,0,,ew_jammer#864 moving,ew_jammer(moving)@3.8 long_sam(moving)@5.6 heavy_tank(moving)@6.1 mobile_fortress(moving)@7.8 heavy_rocket_artillery(moving)@6.9 flame_tank(moving)@10.0
capital,Weekly,2,light,893,counter_battery_radar,1,8960,448.0,456.5,8.5,127.4,74.8,112.2,14.1,Move,Unknown,fortress,,moved,0,,speed 3.2 strikes 0,ew_jammer(moving)@8.0 heavy_rocket_artillery(moving)@4.6 elite_heavy_tank(moving)@5.9
capital,Weekly,2,light,948,elite_heavy_tank,1,9060,453.0,464.0,11.0,121.5,71.7,109.2,86.0,Move,BlockedByFriend,fortress,,moved,0,,heavy_rocket_artillery#943 moving,ew_jammer(moving)@5.2 long_sam(moving)@7.9 command_vehicle(moving)@6.7 heavy_rocket_artillery(moving)@5.5
capital,Weekly,2,light,949,elite_heavy_tank,1,10230,511.5,522.0,10.5,139.3,130.8,110.4,125.7,AttackMove,BlockedByFriend,fortress,,moved,0,,ew_jammer#864 parked,ew_jammer(parked)@6.8 heavy_tank(moving)@4.5 counter_battery_radar(moving)@8.9 wheeled_gun(moving)@8.5 elite_heavy_tank(moving)@7.3 base_wall@9 base_wall@5
capital,Weekly,2,light,879,command_vehicle,1,10250,512.5,524.5,12.0,138.0,113.7,138.4,128.3,Move,StalePath,fortress,,moved,0,,leg 2/2 to (138.4;128.3) crosses base_wall (corner),engineer_vehicle(moving)@5.8 counter_battery_radar(parked)@9.8 counter_battery_radar(moving)@8.6 heavy_rocket_artillery(parked)@5.0 elite_fpv_carrier(parked)@9.4 base_wall@4 base_wall@7
capital,Weekly,2,light,948,elite_heavy_tank,1,10300,515.0,535.5,20.5,146.0,127.9,110.4,125.7,AttackMove,YieldWait,fortress,,moved,0,,behind ew_jammer#864,ew_jammer(moving)@4.2 engineer_vehicle(moving)@9.1 heavy_tank(moving)@6.8 counter_battery_radar(moving)@8.1 counter_battery_radar(moving)@8.4 elite_heavy_tank(moving)@7.1
capital,Weekly,2,light,893,counter_battery_radar,1,10430,521.5,530.5,9.0,145.5,119.6,139.0,133.0,Move,BlockedByFriend,fortress,,moved,0,,ew_jammer#864 moving,ew_jammer(moving)@3.6 command_vehicle(moving)@8.7 heavy_rocket_artillery(moving)@6.8 elite_heavy_tank(moving)@9.0 rocket_technical(parked)@8.3
capital,Weekly,2,light,957,flame_tank,1,10470,523.5,536.0,12.5,139.3,141.4,115.5,89.7,AttackMove,YieldWait,fortress,,moved,0,,behind heavy_tank#885,heavy_tank(moving)@6.0 sapper(moving)@4.8 counter_battery_radar(moving)@9.3 wheeled_gun(moving)@8.3
capital,Weekly,2,light,864,ew_jammer,1,10480,524.0,536.0,12.0,146.0,122.5,138.4,132.7,Move,YieldWait,fortress,,moved,0,,behind elite_heavy_tank#949,engineer_vehicle(moving)@9.9 command_vehicle(moving)@7.6 counter_battery_radar(moving)@3.8 heavy_rocket_artillery(moving)@6.3 elite_heavy_tank(moving)@7.6 elite_heavy_tank(moving)@7.7
capital,Weekly,2,light,919,sapper,1,10510,525.5,538.5,13.0,135.1,138.5,125.0,115.0,AttackMove,YieldWait,fortress,,moved,0,,behind heavy_tank#885,engineer_vehicle(moving)@9.5 heavy_tank(moving)@6.8 counter_battery_radar(moving)@6.6 flame_tank(moving)@5.2 base_wall@6 base_wall@8
capital,Weekly,2,light,920,counter_battery_radar,1,10550,527.5,537.5,10.0,138.4,132.6,144.0,120.9,Move,YieldWait,fortress,,gave up,0,,behind elite_heavy_tank#949,engineer_vehicle(moving)@2.9 heavy_tank(moving)@3.4 sapper(moving)@6.6 wheeled_gun(moving)@8.4 heavy_rocket_artillery(moving)@9.9 elite_heavy_tank(moving)@8.3 elite_heavy_tank(moving)@5.5 flame_tank(moving)@8.4 base_wall@8 base_wall@5
capital,Weekly,2,light,885,heavy_tank,1,10570,528.5,537.5,9.0,141.0,137.0,111.2,125.7,AttackMove,BlockedByFriend,fortress,,moved,0,,wheeled_gun#936 moving,engineer_vehicle(moving)@7.3 sapper(moving)@5.2 counter_battery_radar(moving)@5.2 wheeled_gun(moving)@5.1 elite_heavy_tank(moving)@5.9 flame_tank(moving)@5.7 base_wall@9
capital,Weekly,2,light,878,engineer_vehicle,1,10580,529.0,548.0,19.0,138.0,130.0,144.0,119.7,Move,YieldWait,fortress,,moved,0,,behind elite_heavy_tank#949,heavy_tank(moving)@8.4 sapper(moving)@9.3 counter_battery_radar(moving)@3.0 heavy_rocket_artillery(moving)@7.8 elite_heavy_tank(moving)@7.1 elite_heavy_tank(moving)@4.8 base_wall@8 base_wall@4
capital,Weekly,2,light,998,rocket_technical,1,10590,529.5,540.0,10.5,138.6,100.8,144.0,116.5,Move,YieldWait,fortress,,moved,0,,behind mobile_fortress#938,mobile_fortress(moving)@8.3 armored_car(moving)@6.9 base_wall@7 base_wall@6
capital,Weekly,2,light,864,ew_jammer,1,10790,539.5,549.5,10.0,146.0,124.6,143.9,137.9,Move,YieldWait,fortress,,moved,0,,behind elite_heavy_tank#949,command_vehicle(moving)@5.9 counter_battery_radar(moving)@3.4 heavy_rocket_artillery(moving)@6.3 elite_fpv_carrier(moving)@9.6 elite_heavy_tank(moving)@8.9 elite_heavy_tank(moving)@6.7 rocket_technical(moving)@6.8 armored_car(moving)@5.0
capital,Weekly,2,light,919,sapper,1,10790,539.5,549.0,9.5,139.5,135.8,125.0,115.0,AttackMove,BlockedByFriend,fortress,,moved,0,,counter_battery_radar#920 moving,engineer_vehicle(moving)@4.9 heavy_tank(moving)@6.9 counter_battery_radar(moving)@4.6 wheeled_gun(moving)@6.5 heavy_rocket_artillery(moving)@8.3 elite_heavy_tank(moving)@6.5 base_wall@9 base_wall@8
capital,Weekly,2,light,936,wheeled_gun,1,10810,540.5,550.0,9.5,145.9,136.0,125.0,115.0,AttackMove,BlockedByFriend,fortress,,moved,0,,counter_battery_radar#920 moving,engineer_vehicle(moving)@8.9 heavy_tank(moving)@5.5 sapper(moving)@6.3 counter_battery_radar(moving)@2.9 elite_heavy_tank(moving)@6.0
capital,Weekly,2,light,893,counter_battery_radar,1,10980,549.0,559.5,10.5,138.5,124.2,143.0,143.0,Move,BlockedByFriend,fortress,,moved,0,,heavy_rocket_artillery#942 parked,command_vehicle(moving)@9.5 wheeled_gun(moving)@4.1 heavy_rocket_artillery(parked)@4.3 elite_heavy_tank(parked)@6.8 elite_heavy_tank(moving)@8.9 rocket_technical(moving)@8.0 rocket_technical(moving)@8.1 armored_car(moving)@4.7 base_wall@6 base_wall@8
capital,Weekly,2,light,949,elite_heavy_tank,1,11070,553.5,570.0,16.5,138.0,132.3,110.4,125.7,AttackMove,BlockedByFriend,fortress,,moved,0,,heavy_rocket_artillery#942 parked,ew_jammer(parked)@9.4 command_vehicle(parked)@8.1 sapper(moving)@8.7 counter_battery_radar(moving)@7.6 wheeled_gun(moving)@7.9 heavy_rocket_artillery(parked)@5.0 rocket_technical(moving)@10.0 armored_car(moving)@8.3 base_wall@4
capital,Weekly,2,light,885,heavy_tank,1,11090,554.5,563.0,8.5,144.0,141.0,111.2,125.7,AttackMove,BlockedByFriend,fortress,,moved,0,,sapper#919 moving,ew_jammer(parked)@3.7 engineer_vehicle(moving)@8.0 command_vehicle(moving)@8.6 sapper(moving)@3.5
capital,Weekly,2,light,919,sapper,1,11110,555.5,564.0,8.5,141.9,142.8,125.0,115.0,AttackMove,BlockedByFriend,fortress,,moved,0,,ew_jammer#864 parked,ew_jammer(parked)@6.3 engineer_vehicle(moving)@5.1 heavy_tank(moving)@4.8 counter_battery_radar(moving)@7.6
capital,Weekly,2,light,920,counter_battery_radar,1,11300,565.0,574.5,9.5,137.0,142.6,142.2,127.5,Move,BlockedByFriend,fortress,,moved,0,,command_vehicle#879 moving,engineer_vehicle(moving)@4.9 command_vehicle(moving)@3.7 heavy_tank(moving)@6.0 sapper(moving)@6.7 armored_car(moving)@8.6
capital,Weekly,2,light,878,engineer_vehicle,1,11330,566.5,580.0,13.5,141.7,144.2,142.1,121.4,Move,BlockedByFriend,fortress,,moved,0,,sapper#919 moving,ew_jammer(moving)@8.3 command_vehicle(moving)@4.3 sapper(moving)@2.9 counter_battery_radar(moving)@8.2 rocket_technical(moving)@9.9 armored_car(moving)@7.0
capital,Weekly,2,light,885,heavy_tank,1,11340,567.0,576.0,9.0,138.0,133.5,111.2,125.7,AttackMove,YieldWait,fortress,,moved,0,,behind armored_car#1003,ew_jammer(moving)@8.2 command_vehicle(moving)@9.8 counter_battery_radar(moving)@9.8 sapper(moving)@9.3 counter_battery_radar(moving)@7.9 rocket_technical(moving)@8.0 rocket_technical(moving)@5.8 rocket_technical(moving)@3.6 armored_car(moving)@4.1 base_wall@5
capital,Weekly,2,light,995,rocket_technical,1,11340,567.0,577.0,10.0,146.0,133.1,143.0,143.0,Move,YieldWait,fortress,,moved,0,,behind ew_jammer#864,ew_jammer(moving)@3.9 heavy_tank(moving)@8.0 counter_battery_radar(moving)@5.5 sapper(moving)@8.8 rocket_technical(moving)@2.9 rocket_technical(moving)@5.5 armored_car(moving)@8.6
capital,Weekly,2,light,1003,armored_car,1,11520,576.0,587.0,11.0,137.8,138.1,119.8,135.1,AttackMove,YieldWait,fortress,,moved,0,,behind command_vehicle#879,command_vehicle(moving)@5.0 twin_tank(moving)@6.7 sapper(moving)@3.9 counter_battery_radar(moving)@7.1 rocket_technical(moving)@6.3 rocket_technical(moving)@8.1 rocket_technical(moving)@6.9 base_wall@8
capital,Weekly,2,light,879,command_vehicle,1,11570,578.5,587.5,9.0,134.6,140.1,133.2,100.8,Move,BlockedByFriend,fortress,,moved,0,,armored_car#1003 moving,engineer_vehicle(moving)@8.9 counter_battery_radar(moving)@3.8 rocket_technical(moving)@9.9 armored_car(moving)@2.7 base_wall@10
capital,Weekly,2,light,920,counter_battery_radar,1,11580,579.0,589.5,10.5,131.5,138.0,134.0,99.9,Move,BlockedByFriend,fortress,,moved,0,,command_vehicle#879 moving,command_vehicle(moving)@3.6 armored_car(moving)@6.0 base_wall@8
capital,Weekly,2,light,948,elite_heavy_tank,1,11660,583.0,593.5,10.5,124.5,107.8,110.4,125.7,AttackMove,BlockedByFriend,fortress,,moved,0,,turtle_tank#981 moving,counter_battery_radar(moving)@5.7 heavy_rocket_artillery(moving)@8.2 turtle_tank(moving)@7.7 mine_layer(moving)@8.3
capital,Weekly,2,light,981,turtle_tank,1,11770,588.5,598.5,10.0,117.8,113.7,117.2,74.6,AttackMove,YieldWait,fortress,,moved,0,,behind elite_heavy_tank#948,heavy_tank(moving)@6.0 elite_heavy_tank(moving)@6.2
