id,loai,kich_thuoc_byte,sha256,so_la,so_la_anh_xa,so_la_khong_xuat,so_la_cho,so_la_chua_anh_xa,file_linh_vuc,trang_thai,nguon,raw_json
Assets/MachineBrigade/Resources/Audio/Music/battle_1.ogg,audio,2642105,d6553dac11b2340ec39980571e095d30e005b90148a8f99d6dfba975363ee587,1,0,0,1,0,09_hieu_ung_am_thanh (chờ),CHO,Assets/MachineBrigade/Resources/Audio/Music/battle_1.ogg,
Assets/MachineBrigade/Resources/Audio/Music/battle_2.ogg,audio,2459277,b1b11388da231f2b0be4f23393a2fb8bb3dc88da8617fd68fcda487ac2b9e94d,1,0,0,1,0,09_hieu_ung_am_thanh (chờ),CHO,Assets/MachineBrigade/Resources/Audio/Music/battle_2.ogg,
Assets/MachineBrigade/Resources/Audio/Music/battle_3.ogg,audio,2668658,dce7fd43ce95c46c76ef2ae03e3e8b7358f6858880676ecd6099b5a86e03e3ed,1,0,0,1,0,09_hieu_ung_am_thanh (chờ),CHO,Assets/MachineBrigade/Resources/Audio/Music/battle_3.ogg,
Assets/MachineBrigade/Resources/Audio/Music/boss.ogg,audio,2366383,dcc45e6465c8ac8c4364b826be0346406ca0aa08227fbcf331a7f77ebd8f815f,1,0,0,1,0,09_hieu_ung_am_thanh (chờ),CHO,Assets/MachineBrigade/Resources/Audio/Music/boss.ogg,
Assets/MachineBrigade/Resources/Audio/Music/defeat.ogg,audio,163028,6b2f153c86450b9de77e9ba909885fa2a74e54507c6eb7956247c54c3eb97ebf,1,0,0,1,0,09_hieu_ung_am_thanh (chờ),CHO,Assets/MachineBrigade/Resources/Audio/Music/defeat.ogg,
Assets/MachineBrigade/Resources/Audio/Music/menu.ogg,audio,1971221,78484ab6137207bc5c3591990d15fc9749295bc3bd70ede514870b2b6004b2bf,1,0,0,1,0,09_hieu_ung_am_thanh (chờ),CHO,Assets/MachineBrigade/Resources/Audio/Music/menu.ogg,
Assets/MachineBrigade/Resources/Audio/Music/siege.ogg,audio,2224828,91f18e177c116d0053c0d9ce7ed57ed5bd8bbe9baf6b2963eb0f9777b33d8864,1,0,0,1,0,09_hieu_ung_am_thanh (chờ),CHO,Assets/MachineBrigade/Resources/Audio/Music/siege.ogg,
Assets/MachineBrigade/Resources/Audio/Music/victory.ogg,audio,159455,6f1c2e473fed2fca159f03ec1a55d1f18af3f4e9e95acf80ea7fb00149d84f00,1,0,0,1,0,09_hieu_ung_am_thanh (chờ),CHO,Assets/MachineBrigade/Resources/Audio/Music/victory.ogg,
Assets/MachineBrigade/Resources/Audio/autocannon/autocannon_1.ogg,audio,16489,94a65442a7982adc8c3446c59e5e6489e70aeb60326a910839ec225dbe490bdf,1,0,0,1,0,09_hieu_ung_am_thanh (chờ),CHO,Assets/MachineBrigade/Resources/Audio/autocannon/autocannon_1.ogg,
Assets/MachineBrigade/Resources/Audio/autocannon/autocannon_2.ogg,audio,18834,2d0d175b179935ee32f828f762640be623366b1353d3cb6a0b612329d4fd1092,1,0,0,1,0,09_hieu_ung_am_thanh (chờ),CHO,Assets/MachineBrigade/Resources/Audio/autocannon/autocannon_2.ogg,
Assets/MachineBrigade/Resources/Audio/autocannon/autocannon_3.ogg,audio,17860,d8979cf5739870870a11bcc31e3d502a7063c374df1f67077d2fd7f0b079f7b1,1,0,0,1,0,09_hieu_ung_am_thanh (chờ),CHO,Assets/MachineBrigade/Resources/Audio/autocannon/autocannon_3.ogg,
Assets/MachineBrigade/Resources/Audio/cannon/cannon_1.ogg,audio,27723,156f92a25c13f542615934ec0cb5f08a63b608d1086089b59a3120302e1ce15f,1,0,0,1,0,09_hieu_ung_am_thanh (chờ),CHO,Assets/MachineBrigade/Resources/Audio/cannon/cannon_1.ogg,
Assets/MachineBrigade/Resources/Audio/cannon/cannon_2.ogg,audio,27295,965d44a90b4c88b192a64199088df3d7b07b2ed59f8cdc7cbbdaee01cbc5278a,1,0,0,1,0,09_hieu_ung_am_thanh (chờ),CHO,Assets/MachineBrigade/Resources/Audio/cannon/cannon_2.ogg,
Assets/MachineBrigade/Resources/Audio/cannon/cannon_3.ogg,audio,25033,75cd652b17cff7a4b442473c62c2c27ea3a80d8723d4916e996bdb5c2d894377,1,0,0,1,0,09_hieu_ung_am_thanh (chờ),CHO,Assets/MachineBrigade/Resources/Audio/cannon/cannon_3.ogg,
Assets/MachineBrigade/Resources/Audio/click/click_1.ogg,audio,6521,09c4ae9d776a1467b68b374fb3c264e7af73499932824fa22ef5392433860b71,1,0,0,1,0,09_hieu_ung_am_thanh (chờ),CHO,Assets/MachineBrigade/Resources/Audio/click/click_1.ogg,
Assets/MachineBrigade/Resources/Audio/click/click_2.ogg,audio,5812,37ac81e220bdf5637f697d67027f48d4f6977cd6ceb8c1155bdf1d77068e9dd8,1,0,0,1,0,09_hieu_ung_am_thanh (chờ),CHO,Assets/MachineBrigade/Resources/Audio/click/click_2.ogg,
Assets/MachineBrigade/Resources/Audio/collapse/collapse_1.ogg,audio,109176,90d1dc77a56b3fcce2266ed837eb8b03ac229dcf870101f09323cc0bb9436f66,1,0,0,1,0,09_hieu_ung_am_thanh (chờ),CHO,Assets/MachineBrigade/Resources/Audio/collapse/collapse_1.ogg,
Assets/MachineBrigade/Resources/Audio/collapse/collapse_2.ogg,audio,119475,44983877cdad19a5432ee89d016af33a986336ab245c977a5ec60f59c331ef3a,1,0,0,1,0,09_hieu_ung_am_thanh (chờ),CHO,Assets/MachineBrigade/Resources/Audio/collapse/collapse_2.ogg,
Assets/MachineBrigade/Resources/Audio/debris/debris_1.ogg,audio,18586,b04b75741efedd09bf3157a3e657adea1a3b0feba2f9bd1371b50960e168cf32,1,0,0,1,0,09_hieu_ung_am_thanh (chờ),CHO,Assets/MachineBrigade/Resources/Audio/debris/debris_1.ogg,
Assets/MachineBrigade/Resources/Audio/debris/debris_2.ogg,audio,20551,181df859df55d0e6044b7534b7c7ff89cf09178c67dafbe351243f8e29738627,1,0,0,1,0,09_hieu_ung_am_thanh (chờ),CHO,Assets/MachineBrigade/Resources/Audio/debris/debris_2.ogg,
Assets/MachineBrigade/Resources/Audio/debris/debris_3.ogg,audio,30685,142fb80d9b9f504f78dd396701649fe96c7047b13c7004206d33a134cbd81de0,1,0,0,1,0,09_hieu_ung_am_thanh (chờ),CHO,Assets/MachineBrigade/Resources/Audio/debris/debris_3.ogg,
Assets/MachineBrigade/Resources/Audio/drums_loop/drums_loop_1.ogg,audio,146539,a34010291e22dc736a3fbe763660f3df03fa57331939a633887bb9099c7feffb,1,0,0,1,0,09_hieu_ung_am_thanh (chờ),CHO,Assets/MachineBrigade/Resources/Audio/drums_loop/drums_loop_1.ogg,
Assets/MachineBrigade/Resources/Audio/explosion_huge/explosion_huge_1.ogg,audio,132011,7a45b4cc8554539eee32e633849dd1da8f86a9ab38ff86c5750d07ca9e6aa041,1,0,0,1,0,09_hieu_ung_am_thanh (chờ),CHO,Assets/MachineBrigade/Resources/Audio/explosion_huge/explosion_huge_1.ogg,
Assets/MachineBrigade/Resources/Audio/explosion_huge/explosion_huge_2.ogg,audio,76226,b2be625d8340ccfc753f6cd7038cc8b531a7cfc27058aa75b1514712e2f791c3,1,0,0,1,0,09_hieu_ung_am_thanh (chờ),CHO,Assets/MachineBrigade/Resources/Audio/explosion_huge/explosion_huge_2.ogg,
Assets/MachineBrigade/Resources/Audio/explosion_huge/explosion_huge_3.ogg,audio,76923,2778e68b3f61c28a4cc18d228c3b395e4f7263bec79d8612a4bfe8c2deab17ed,1,0,0,1,0,09_hieu_ung_am_thanh (chờ),CHO,Assets/MachineBrigade/Resources/Audio/explosion_huge/explosion_huge_3.ogg,
Assets/MachineBrigade/Resources/Audio/explosion_large/explosion_large_1.ogg,audio,61381,133f37b471af586e82aa380a2075fcf5757e7845a2e0909b9c60e220c8329582,1,0,0,1,0,09_hieu_ung_am_thanh (chờ),CHO,Assets/MachineBrigade/Resources/Audio/explosion_large/explosion_large_1.ogg,
Assets/MachineBrigade/Resources/Audio/explosion_large/explosion_large_2.ogg,audio,45901,6e894c11b165b9bb96a7a472375e4e632ba9244004de44d8c8547b335ea2b137,1,0,0,1,0,09_hieu_ung_am_thanh (chờ),CHO,Assets/MachineBrigade/Resources/Audio/explosion_large/explosion_large_2.ogg,
Assets/MachineBrigade/Resources/Audio/explosion_large/explosion_large_3.ogg,audio,49219,8f72366a64d13346c99a3d2be0f83449b8bde78f3378e9bb123301126718c24e,1,0,0,1,0,09_hieu_ung_am_thanh (chờ),CHO,Assets/MachineBrigade/Resources/Audio/explosion_large/explosion_large_3.ogg,
Assets/MachineBrigade/Resources/Audio/explosion_large/explosion_large_4.ogg,audio,45937,7fe92a9fce605660163ab6e530e035335aa3e5b0277c33ff3a59c55a30f5fb66,1,0,0,1,0,09_hieu_ung_am_thanh (chờ),CHO,Assets/MachineBrigade/Resources/Audio/explosion_large/explosion_large_4.ogg,
Assets/MachineBrigade/Resources/Audio/explosion_medium/explosion_medium_1.ogg,audio,37292,3df041b0e8882beae3f7d2134f7c6d52e60a0cb24927229b491522b6404193e1,1,0,0,1,0,09_hieu_ung_am_thanh (chờ),CHO,Assets/MachineBrigade/Resources/Audio/explosion_medium/explosion_medium_1.ogg,
Assets/MachineBrigade/Resources/Audio/explosion_medium/explosion_medium_2.ogg,audio,36840,b64573262ef0f8aa18c80b8d97e45a89e95a63c147ecfdd969280665b98915df,1,0,0,1,0,09_hieu_ung_am_thanh (chờ),CHO,Assets/MachineBrigade/Resources/Audio/explosion_medium/explosion_medium_2.ogg,
Assets/MachineBrigade/Resources/Audio/explosion_medium/explosion_medium_3.ogg,audio,41235,ca04873043f0c5ab8d8487d46eb3976e69a93a71424ef8ecdde40f0c9f1dd7d1,1,0,0,1,0,09_hieu_ung_am_thanh (chờ),CHO,Assets/MachineBrigade/Resources/Audio/explosion_medium/explosion_medium_3.ogg,
Assets/MachineBrigade/Resources/Audio/explosion_medium/explosion_medium_4.ogg,audio,49775,f64b33ac828035e0d98e3e4cf7b72a0ae996b788b8c977ec6c7fc6f537039b87,1,0,0,1,0,09_hieu_ung_am_thanh (chờ),CHO,Assets/MachineBrigade/Resources/Audio/explosion_medium/explosion_medium_4.ogg,
Assets/MachineBrigade/Resources/Audio/explosion_small/explosion_small_1.ogg,audio,20709,4ee3b226e886738d1ee9448fea91d040a7b51aa8c6596e580b169ab132d50e02,1,0,0,1,0,09_hieu_ung_am_thanh (chờ),CHO,Assets/MachineBrigade/Resources/Audio/explosion_small/explosion_small_1.ogg,
Assets/MachineBrigade/Resources/Audio/explosion_small/explosion_small_2.ogg,audio,26671,e6a531aee2c18f3524683b59ddf75887832032ce9a75c7fc05001bff4cab5c61,1,0,0,1,0,09_hieu_ung_am_thanh (chờ),CHO,Assets/MachineBrigade/Resources/Audio/explosion_small/explosion_small_2.ogg,
Assets/MachineBrigade/Resources/Audio/explosion_small/explosion_small_3.ogg,audio,19407,e07c54afde324bf1e6eb48b12336201250d27adc3376fef0b890e4cf14d38e97,1,0,0,1,0,09_hieu_ung_am_thanh (chờ),CHO,Assets/MachineBrigade/Resources/Audio/explosion_small/explosion_small_3.ogg,
Assets/MachineBrigade/Resources/Audio/explosion_small/explosion_small_4.ogg,audio,19733,5cad0ec264f69bd7283184199c358e47a8e750fd514b5442e462200240bf040e,1,0,0,1,0,09_hieu_ung_am_thanh (chờ),CHO,Assets/MachineBrigade/Resources/Audio/explosion_small/explosion_small_4.ogg,
Assets/MachineBrigade/Resources/Audio/fire_loop/fire_loop_1.ogg,audio,122744,8c2cad571699a6f10955973e3bc24d73d74cb95298a0ef760e810824d402f269,1,0,0,1,0,09_hieu_ung_am_thanh (chờ),CHO,Assets/MachineBrigade/Resources/Audio/fire_loop/fire_loop_1.ogg,
Assets/MachineBrigade/Resources/Audio/flak/flak_1.ogg,audio,14529,c4d1cad3bfdbabf7458d784a565dc32892cb56b564bbf1dc2e4cf62be607fefe,1,0,0,1,0,09_hieu_ung_am_thanh (chờ),CHO,Assets/MachineBrigade/Resources/Audio/flak/flak_1.ogg,
Assets/MachineBrigade/Resources/Audio/flak/flak_2.ogg,audio,14249,2103e2e02411a21ee82d4594076da5d92299ff8832dd2350c44e2206ae16c16e,1,0,0,1,0,09_hieu_ung_am_thanh (chờ),CHO,Assets/MachineBrigade/Resources/Audio/flak/flak_2.ogg,
Assets/MachineBrigade/Resources/Audio/flak/flak_3.ogg,audio,14109,7d56e1fc09190af3e38da162201c78a98166276ecba74404ea999f496125eda7,1,0,0,1,0,09_hieu_ung_am_thanh (chờ),CHO,Assets/MachineBrigade/Resources/Audio/flak/flak_3.ogg,
Assets/MachineBrigade/Resources/Audio/flame/flame_1.ogg,audio,32368,3bfe806d361088150d3bc16b27ef842830229c65126b32dded411167d917d87f,1,0,0,1,0,09_hieu_ung_am_thanh (chờ),CHO,Assets/MachineBrigade/Resources/Audio/flame/flame_1.ogg,
Assets/MachineBrigade/Resources/Audio/flame/flame_2.ogg,audio,31526,f51b8720148d11a6e6303f7fea45b54d128eded7ac453432b3123b01d78f76fa,1,0,0,1,0,09_hieu_ung_am_thanh (chờ),CHO,Assets/MachineBrigade/Resources/Audio/flame/flame_2.ogg,
Assets/MachineBrigade/Resources/Audio/heavy_cannon/heavy_cannon_1.ogg,audio,31286,3379ecd2482134657af39b4da9ac3b48cc3b5f62d06427fb7d37c7ec098aaa2a,1,0,0,1,0,09_hieu_ung_am_thanh (chờ),CHO,Assets/MachineBrigade/Resources/Audio/heavy_cannon/heavy_cannon_1.ogg,
Assets/MachineBrigade/Resources/Audio/heavy_cannon/heavy_cannon_2.ogg,audio,29300,b05e352eccf45ec041bde2c0561f323eecc3fed00b6b8e80f1014d39d29c4d57,1,0,0,1,0,09_hieu_ung_am_thanh (chờ),CHO,Assets/MachineBrigade/Resources/Audio/heavy_cannon/heavy_cannon_2.ogg,
Assets/MachineBrigade/Resources/Audio/heavy_cannon/heavy_cannon_3.ogg,audio,34155,7a590c36de00c2801256491e54af3564eb88beae7be5a41e2a22554b285e83a4,1,0,0,1,0,09_hieu_ung_am_thanh (chờ),CHO,Assets/MachineBrigade/Resources/Audio/heavy_cannon/heavy_cannon_3.ogg,
Assets/MachineBrigade/Resources/Audio/impact_metal/impact_metal_1.ogg,audio,11238,c0368fe9ffaeed97752c85ddc6344249c8e663d63b6df7f318a5a15d7c2b8918,1,0,0,1,0,09_hieu_ung_am_thanh (chờ),CHO,Assets/MachineBrigade/Resources/Audio/impact_metal/impact_metal_1.ogg,
Assets/MachineBrigade/Resources/Audio/impact_metal/impact_metal_2.ogg,audio,11787,349ba9c29aa256b31b5868747392d9cf3092123331d61fb3634de8017f4bf021,1,0,0,1,0,09_hieu_ung_am_thanh (chờ),CHO,Assets/MachineBrigade/Resources/Audio/impact_metal/impact_metal_2.ogg,
Assets/MachineBrigade/Resources/Audio/impact_metal/impact_metal_3.ogg,audio,13422,95dd337fd74714f3ffcca9a26e35032aadd91d5fdf22bf819acdd5fe078d0831,1,0,0,1,0,09_hieu_ung_am_thanh (chờ),CHO,Assets/MachineBrigade/Resources/Audio/impact_metal/impact_metal_3.ogg,
Assets/MachineBrigade/Resources/Audio/jet_loop/jet_loop_1.ogg,audio,78044,e7a68acce87d7310e1aecf2e8298de1a7d264e681bbae81afc7c922dd781e3b4,1,0,0,1,0,09_hieu_ung_am_thanh (chờ),CHO,Assets/MachineBrigade/Resources/Audio/jet_loop/jet_loop_1.ogg,
Assets/MachineBrigade/Resources/Audio/jet_pass/jet_pass_1.ogg,audio,59850,64dec6718dc4dee78dd7da53e1f1c82b41d6b8a75d534f2a306f08e7f692b7b0,1,0,0,1,0,09_hieu_ung_am_thanh (chờ),CHO,Assets/MachineBrigade/Resources/Audio/jet_pass/jet_pass_1.ogg,
Assets/MachineBrigade/Resources/Audio/jet_pass/jet_pass_2.ogg,audio,83943,2920e224bcc2f30055b80d97be194f13a8c5f011cb7bc228a7de891e1d6c7b0f,1,0,0,1,0,09_hieu_ung_am_thanh (chờ),CHO,Assets/MachineBrigade/Resources/Audio/jet_pass/jet_pass_2.ogg,
Assets/MachineBrigade/Resources/Audio/jet_pass/jet_pass_3.ogg,audio,57041,03cbb36e4653c061b9ff9b70739c2ad5da97c95d0675fb89ebb3bbf5010ca2af,1,0,0,1,0,09_hieu_ung_am_thanh (chờ),CHO,Assets/MachineBrigade/Resources/Audio/jet_pass/jet_pass_3.ogg,
Assets/MachineBrigade/Resources/Audio/mg/mg_1.ogg,audio,23563,d735426ca5dd0e8db53c2b8a6ce1c29c993123b679b7f6b71183615235004aa6,1,0,0,1,0,09_hieu_ung_am_thanh (chờ),CHO,Assets/MachineBrigade/Resources/Audio/mg/mg_1.ogg,
Assets/MachineBrigade/Resources/Audio/mg/mg_2.ogg,audio,20422,fdebed57ed551e6832f671e9c5f9bdd86d5b188509f86658b00eaba5fbab6fb9,1,0,0,1,0,09_hieu_ung_am_thanh (chờ),CHO,Assets/MachineBrigade/Resources/Audio/mg/mg_2.ogg,
Assets/MachineBrigade/Resources/Audio/mg/mg_3.ogg,audio,20841,916e9a6b2d4dd0b9128b7ce7dbc13fd855db430a29b12b834b49806cdb5386c3,1,0,0,1,0,09_hieu_ung_am_thanh (chờ),CHO,Assets/MachineBrigade/Resources/Audio/mg/mg_3.ogg,
Assets/MachineBrigade/Resources/Audio/missile_launch/missile_launch_1.ogg,audio,30008,43a5ce6e2823f86311bf5ba60876145390abbd55f569436e9d0272775fe1b404,1,0,0,1,0,09_hieu_ung_am_thanh (chờ),CHO,Assets/MachineBrigade/Resources/Audio/missile_launch/missile_launch_1.ogg,
Assets/MachineBrigade/Resources/Audio/missile_launch/missile_launch_2.ogg,audio,32129,5b0e2d97c68f6dcb92d36887e6d1bead8ce426da278439e7713cae08ae4ef7b8,1,0,0,1,0,09_hieu_ung_am_thanh (chờ),CHO,Assets/MachineBrigade/Resources/Audio/missile_launch/missile_launch_2.ogg,
Assets/MachineBrigade/Resources/Audio/rain_loop/rain_loop_1.ogg,audio,169144,ef8ffa2ac7e3b6334a6a9a65f1016f73f0e7ff29391e300d051429129b0c9dc3,1,0,0,1,0,09_hieu_ung_am_thanh (chờ),CHO,Assets/MachineBrigade/Resources/Audio/rain_loop/rain_loop_1.ogg,
Assets/MachineBrigade/Resources/Audio/rocket_launch/rocket_launch_1.ogg,audio,24982,e98ddb809ab8029fe0a4aee8fdabe7ebd6581954021c159175e0794b4208ceac,1,0,0,1,0,09_hieu_ung_am_thanh (chờ),CHO,Assets/MachineBrigade/Resources/Audio/rocket_launch/rocket_launch_1.ogg,
Assets/MachineBrigade/Resources/Audio/rocket_launch/rocket_launch_2.ogg,audio,27484,3f05f6cfd003f093c4bdccba70a340db79882095893edf4f2e285944c6a99c24,1,0,0,1,0,09_hieu_ung_am_thanh (chờ),CHO,Assets/MachineBrigade/Resources/Audio/rocket_launch/rocket_launch_2.ogg,
Assets/MachineBrigade/Resources/Audio/rocket_launch/rocket_launch_3.ogg,audio,27041,e4b8035bb95c22999a3ff991e00bc5ca324dad1308cf7ad137fd0099d6b93cd6,1,0,0,1,0,09_hieu_ung_am_thanh (chờ),CHO,Assets/MachineBrigade/Resources/Audio/rocket_launch/rocket_launch_3.ogg,
Assets/MachineBrigade/Resources/Audio/rocket_launch/rocket_launch_4.ogg,audio,23769,ee3eeeaf85b9debea1932eaffc83b0abf5b3d725d4eeb34677405fe27e11d713,1,0,0,1,0,09_hieu_ung_am_thanh (chờ),CHO,Assets/MachineBrigade/Resources/Audio/rocket_launch/rocket_launch_4.ogg,
Assets/MachineBrigade/Resources/Audio/rotor_loop/rotor_loop_1.ogg,audio,41558,68071c9d17e64ac45fb733d8982a6fc3172e8cf775e21129c96df50013d33b6b,1,0,0,1,0,09_hieu_ung_am_thanh (chờ),CHO,Assets/MachineBrigade/Resources/Audio/rotor_loop/rotor_loop_1.ogg,
Assets/MachineBrigade/Resources/Audio/sfx/blast_air_s1/blast_air_s1_1.ogg,audio,11669,f65d6f2ccc2c3b69e2aa5fb95129f5e0f3d8f0be98993c316575c226c904f93b,1,0,0,1,0,09_hieu_ung_am_thanh (chờ),CHO,Assets/MachineBrigade/Resources/Audio/sfx/blast_air_s1/blast_air_s1_1.ogg,
Assets/MachineBrigade/Resources/Audio/sfx/blast_air_s1/blast_air_s1_2.ogg,audio,12147,2a7d4aa22371693b718fefc03c4bb5f3a96ff85b9ea7aa17261c804b86e03c37,1,0,0,1,0,09_hieu_ung_am_thanh (chờ),CHO,Assets/MachineBrigade/Resources/Audio/sfx/blast_air_s1/blast_air_s1_2.ogg,
Assets/MachineBrigade/Resources/Audio/sfx/blast_air_s2/blast_air_s2_1.ogg,audio,15672,8261f3ddbecef4213ef335c615cf3d395d24c4d414d8165903a2c79d2518fc3d,1,0,0,1,0,09_hieu_ung_am_thanh (chờ),CHO,Assets/MachineBrigade/Resources/Audio/sfx/blast_air_s2/blast_air_s2_1.ogg,
Assets/MachineBrigade/Resources/Audio/sfx/blast_air_s2/blast_air_s2_2.ogg,audio,17492,5c6e2f245fb3264c8c76fda2a53d6d14052f5a1e4e5d81b06c9fda3202c771a8,1,0,0,1,0,09_hieu_ung_am_thanh (chờ),CHO,Assets/MachineBrigade/Resources/Audio/sfx/blast_air_s2/blast_air_s2_2.ogg,
Assets/MachineBrigade/Resources/Audio/sfx/blast_air_s3/blast_air_s3_1.ogg,audio,20172,c8502e42645fe1cf3632af7d885fbc0be265718c01acd6f44a77c0e1b1ccdba2,1,0,0,1,0,09_hieu_ung_am_thanh (chờ),CHO,Assets/MachineBrigade/Resources/Audio/sfx/blast_air_s3/blast_air_s3_1.ogg,
Assets/MachineBrigade/Resources/Audio/sfx/blast_air_s3/blast_air_s3_2.ogg,audio,21839,5d211b25d386d2f1b0a667d87cb18940b140733e3f1c9d6b32dc392cc0b72023,1,0,0,1,0,09_hieu_ung_am_thanh (chờ),CHO,Assets/MachineBrigade/Resources/Audio/sfx/blast_air_s3/blast_air_s3_2.ogg,
Assets/MachineBrigade/Resources/Audio/sfx/blast_bomb/blast_bomb_1.ogg,audio,58662,8add0ea7808e06ed2aa048ba0b305beda855eeb7529aa9338c36f5ebbdde0219,1,0,0,1,0,09_hieu_ung_am_thanh (chờ),CHO,Assets/MachineBrigade/Resources/Audio/sfx/blast_bomb/blast_bomb_1.ogg,
Assets/MachineBrigade/Resources/Audio/sfx/blast_bomb/blast_bomb_2.ogg,audio,42737,db111a7c098c1d779b46f59932bfebba9e6c4904731387a4a6ca40ec5ca40d10,1,0,0,1,0,09_hieu_ung_am_thanh (chờ),CHO,Assets/MachineBrigade/Resources/Audio/sfx/blast_bomb/blast_bomb_2.ogg,
Assets/MachineBrigade/Resources/Audio/sfx/blast_bomb/blast_bomb_3.ogg,audio,42592,cb9aaa4404ce142121eb6a266a7b43f76399713c7ae9e8a32e97bdc8c2faa2ff,1,0,0,1,0,09_hieu_ung_am_thanh (chờ),CHO,Assets/MachineBrigade/Resources/Audio/sfx/blast_bomb/blast_bomb_3.ogg,
Assets/MachineBrigade/Resources/Audio/sfx/blast_he_s1/blast_he_s1_1.ogg,audio,12351,ecd481d8849797f6f2c89fc9216609f45e4a1f82684eb5396382396d95f2c9e4,1,0,0,1,0,09_hieu_ung_am_thanh (chờ),CHO,Assets/MachineBrigade/Resources/Audio/sfx/blast_he_s1/blast_he_s1_1.ogg,
Assets/MachineBrigade/Resources/Audio/sfx/blast_he_s1/blast_he_s1_2.ogg,audio,14050,32341688a4f7c1087a64cc04f3628a5e315aaaff818855a4bd415f6273d12c94,1,0,0,1,0,09_hieu_ung_am_thanh (chờ),CHO,Assets/MachineBrigade/Resources/Audio/sfx/blast_he_s1/blast_he_s1_2.ogg,
Assets/MachineBrigade/Resources/Audio/sfx/blast_he_s1/blast_he_s1_3.ogg,audio,12216,6ff998e816ee79ba5057837b9e985bcc9ff44a789b33dd95d3f1837f43d2a001,1,0,0,1,0,09_hieu_ung_am_thanh (chờ),CHO,Assets/MachineBrigade/Resources/Audio/sfx/blast_he_s1/blast_he_s1_3.ogg,
Assets/MachineBrigade/Resources/Audio/sfx/blast_he_s2/blast_he_s2_1.ogg,audio,19639,733d7b5d2b5c30b688633bf169a188f09317c5b7488f3938a3287752045e98ec,1,0,0,1,0,09_hieu_ung_am_thanh (chờ),CHO,Assets/MachineBrigade/Resources/Audio/sfx/blast_he_s2/blast_he_s2_1.ogg,
Assets/MachineBrigade/Resources/Audio/sfx/blast_he_s2/blast_he_s2_2.ogg,audio,18865,fb7724796dc1e0466b26acdaa9205fc5f01308d5608c3139c47df6b3554be8bd,1,0,0,1,0,09_hieu_ung_am_thanh (chờ),CHO,Assets/MachineBrigade/Resources/Audio/sfx/blast_he_s2/blast_he_s2_2.ogg,
Assets/MachineBrigade/Resources/Audio/sfx/blast_he_s2/blast_he_s2_3.ogg,audio,20590,a1eae6bf1be5dd94fec5b8d24a5f20e42f0b37574586c1b4c808e2d9f888a8fe,1,0,0,1,0,09_hieu_ung_am_thanh (chờ),CHO,Assets/MachineBrigade/Resources/Audio/sfx/blast_he_s2/blast_he_s2_3.ogg,
Assets/MachineBrigade/Resources/Audio/sfx/blast_he_s3/blast_he_s3_1.ogg,audio,29361,f13ea2abc491de54d7fb1d85bd23890cf85463197e1146023253924e31597587,1,0,0,1,0,09_hieu_ung_am_thanh (chờ),CHO,Assets/MachineBrigade/Resources/Audio/sfx/blast_he_s3/blast_he_s3_1.ogg,
Assets/MachineBrigade/Resources/Audio/sfx/blast_he_s3/blast_he_s3_2.ogg,audio,24506,32b805594c6be50ea128ef7c6317b83ba765443f113abf1b654341ebee4a5a43,1,0,0,1,0,09_hieu_ung_am_thanh (chờ),CHO,Assets/MachineBrigade/Resources/Audio/sfx/blast_he_s3/blast_he_s3_2.ogg,
Assets/MachineBrigade/Resources/Audio/sfx/blast_he_s3/blast_he_s3_3.ogg,audio,25461,ef8a18aa6b17eeae47813aea6d5becfa56bcc9246a4e389f6fefcff713d1525f,1,0,0,1,0,09_hieu_ung_am_thanh (chờ),CHO,Assets/MachineBrigade/Resources/Audio/sfx/blast_he_s3/blast_he_s3_3.ogg,
Assets/MachineBrigade/Resources/Audio/sfx/blast_he_s4/blast_he_s4_1.ogg,audio,40678,7c85bb6f0cdde12c6d137bf71c48b8cea943817a25cacd130016c6e6298dc485,1,0,0,1,0,09_hieu_ung_am_thanh (chờ),CHO,Assets/MachineBrigade/Resources/Audio/sfx/blast_he_s4/blast_he_s4_1.ogg,
Assets/MachineBrigade/Resources/Audio/sfx/blast_he_s4/blast_he_s4_2.ogg,audio,35504,053f471662500aed7ae19a6211718141012dcf478e912e2c3a69abf30d418d6f,1,0,0,1,0,09_hieu_ung_am_thanh (chờ),CHO,Assets/MachineBrigade/Resources/Audio/sfx/blast_he_s4/blast_he_s4_2.ogg,
Assets/MachineBrigade/Resources/Audio/sfx/blast_he_s4/blast_he_s4_3.ogg,audio,32170,ac390a379fb29f0fbb9a98c7b6c1d06014aaa1a01e980c97ff67e3b66002bcb9,1,0,0,1,0,09_hieu_ung_am_thanh (chờ),CHO,Assets/MachineBrigade/Resources/Audio/sfx/blast_he_s4/blast_he_s4_3.ogg,
Assets/MachineBrigade/Resources/Audio/sfx/blast_he_s406/blast_he_s406_1.ogg,audio,69734,6fb961175eb3303679e64033bafe24348a21ddc302aeba1c3a26ccec2f600a4b,1,0,0,1,0,09_hieu_ung_am_thanh (chờ),CHO,Assets/MachineBrigade/Resources/Audio/sfx/blast_he_s406/blast_he_s406_1.ogg,
Assets/MachineBrigade/Resources/Audio/sfx/blast_he_s406/blast_he_s406_2.ogg,audio,48169,60ab70666cf16711e6bbb3d9259fed00bbfbbc01e88c57f7381fd9646dcbdb8f,1,0,0,1,0,09_hieu_ung_am_thanh (chờ),CHO,Assets/MachineBrigade/Resources/Audio/sfx/blast_he_s406/blast_he_s406_2.ogg,
Assets/MachineBrigade/Resources/Audio/sfx/blast_heat_s2/blast_heat_s2_1.ogg,audio,13915,08a294ea93096f63ae2006e7a60bde984c1702418ec3bcb905de56068ea7f67f,1,0,0,1,0,09_hieu_ung_am_thanh (chờ),CHO,Assets/MachineBrigade/Resources/Audio/sfx/blast_heat_s2/blast_heat_s2_1.ogg,
Assets/MachineBrigade/Resources/Audio/sfx/blast_heat_s2/blast_heat_s2_2.ogg,audio,16476,825af65db5bfbad5f65bc722af78cbd106f3a3f93fcb49150bcdf1ae169e11e7,1,0,0,1,0,09_hieu_ung_am_thanh (chờ),CHO,Assets/MachineBrigade/Resources/Audio/sfx/blast_heat_s2/blast_heat_s2_2.ogg,
Assets/MachineBrigade/Resources/Audio/sfx/blast_heat_s3/blast_heat_s3_1.ogg,audio,21113,be17736e3ec4651559acd38223912393261868bc9d0ec450255471c363cba796,1,0,0,1,0,09_hieu_ung_am_thanh (chờ),CHO,Assets/MachineBrigade/Resources/Audio/sfx/blast_heat_s3/blast_heat_s3_1.ogg,
Assets/MachineBrigade/Resources/Audio/sfx/blast_heat_s3/blast_heat_s3_2.ogg,audio,20868,65cdb1e32243235a02797406522c13b3eaf5e9f1c9fcac236789f72cc3a672d6,1,0,0,1,0,09_hieu_ung_am_thanh (chờ),CHO,Assets/MachineBrigade/Resources/Audio/sfx/blast_heat_s3/blast_heat_s3_2.ogg,
Assets/MachineBrigade/Resources/Audio/sfx/blast_super/blast_super_1.ogg,audio,92900,c86be69895a9c5620dfc4233190c2e430be88374c30a6cf6cd056225edd181e7,1,0,0,1,0,09_hieu_ung_am_thanh (chờ),CHO,Assets/MachineBrigade/Resources/Audio/sfx/blast_super/blast_super_1.ogg,
Assets/MachineBrigade/Resources/Audio/sfx/blast_super/blast_super_2.ogg,audio,93461,d3ee8972817ac33fd0fdff35021024c2f4bc84ede7a5f38654ffb6bfae3added,1,0,0,1,0,09_hieu_ung_am_thanh (chờ),CHO,Assets/MachineBrigade/Resources/Audio/sfx/blast_super/blast_super_2.ogg,
Assets/MachineBrigade/Resources/Audio/sfx/blast_thermo_s3/blast_thermo_s3_1.ogg,audio,29696,708ad86361491a0dea3e607ab1a25ead37d2e2b5ede7ecefbca62abc79262bb4,1,0,0,1,0,09_hieu_ung_am_thanh (chờ),CHO,Assets/MachineBrigade/Resources/Audio/sfx/blast_thermo_s3/blast_thermo_s3_1.ogg,
Assets/MachineBrigade/Resources/Audio/sfx/blast_thermo_s3/blast_thermo_s3_2.ogg,audio,27550,13376fb27f009df5e1e60525f03ad905b5722835006aab29e3d8b296aa58dcea,1,0,0,1,0,09_hieu_ung_am_thanh (chờ),CHO,Assets/MachineBrigade/Resources/Audio/sfx/blast_thermo_s3/blast_thermo_s3_2.ogg,
Assets/MachineBrigade/Resources/Audio/sfx/blast_thermo_s4/blast_thermo_s4_1.ogg,audio,42314,a8d68a0e130505afd0044ffcdad8f42cc474002a2653df7d40b5479e0a73ca9f,1,0,0,1,0,09_hieu_ung_am_thanh (chờ),CHO,Assets/MachineBrigade/Resources/Audio/sfx/blast_thermo_s4/blast_thermo_s4_1.ogg,
Assets/MachineBrigade/Resources/Audio/sfx/blast_thermo_s4/blast_thermo_s4_2.ogg,audio,37388,47be5b8639b36ca9b05541511707b594847ef946d73d27e8b012fba2feefc328,1,0,0,1,0,09_hieu_ung_am_thanh (chờ),CHO,Assets/MachineBrigade/Resources/Audio/sfx/blast_thermo_s4/blast_thermo_s4_2.ogg,
Assets/MachineBrigade/Resources/Audio/sfx/crash_fall/crash_fall_1.ogg,audio,26775,94ac9146d015a10a42ae5c11b34bed09726d6d16c7790a451c56930348595bbf,1,0,0,1,0,09_hieu_ung_am_thanh (chờ),CHO,Assets/MachineBrigade/Resources/Audio/sfx/crash_fall/crash_fall_1.ogg,
Assets/MachineBrigade/Resources/Audio/sfx/crash_fall/crash_fall_2.ogg,audio,26769,1a6052d29f3e451fd08b30ad70b1b427994310991c1bfbe5e29960dc70a8b144,1,0,0,1,0,09_hieu_ung_am_thanh (chờ),CHO,Assets/MachineBrigade/Resources/Audio/sfx/crash_fall/crash_fall_2.ogg,
Assets/MachineBrigade/Resources/Audio/sfx/crash_impact/crash_impact_1.ogg,audio,38200,dcb06e4dcf8a9c89860daec8d9353a2aa0c200c171660328081511c1fc2d8efc,1,0,0,1,0,09_hieu_ung_am_thanh (chờ),CHO,Assets/MachineBrigade/Resources/Audio/sfx/crash_impact/crash_impact_1.ogg,
Assets/MachineBrigade/Resources/Audio/sfx/crash_impact/crash_impact_2.ogg,audio,31463,6b1e958d8384cdba48f82f5183542ff6a960934ba1b1d5717f300a4d7ad1e503,1,0,0,1,0,09_hieu_ung_am_thanh (chờ),CHO,Assets/MachineBrigade/Resources/Audio/sfx/crash_impact/crash_impact_2.ogg,
Assets/MachineBrigade/Resources/Audio/sfx/engine_heavy/engine_heavy_1.ogg,audio,34546,3d6a468a67bc2a031b952b93a41f3e7f681ab0d6e0a1be4e3a07fa8df74f2e32,1,0,0,1,0,09_hieu_ung_am_thanh (chờ),CHO,Assets/MachineBrigade/Resources/Audio/sfx/engine_heavy/engine_heavy_1.ogg,
Assets/MachineBrigade/Resources/Audio/sfx/engine_tracked/engine_tracked_1.ogg,audio,34653,6579bc43e7ef88c22ba9e77f1124ae2fdca085b4aa254b30b9980142239badc5,1,0,0,1,0,09_hieu_ung_am_thanh (chờ),CHO,Assets/MachineBrigade/Resources/Audio/sfx/engine_tracked/engine_tracked_1.ogg,
Assets/MachineBrigade/Resources/Audio/sfx/engine_wheeled/engine_wheeled_1.ogg,audio,36885,f8d18c8d41adb8e4da1d2c3afe1334f6186b2dda26d2a61e7705663e3849372f,1,0,0,1,0,09_hieu_ung_am_thanh (chờ),CHO,Assets/MachineBrigade/Resources/Audio/sfx/engine_wheeled/engine_wheeled_1.ogg,
Assets/MachineBrigade/Resources/Audio/sfx/envelopes.txt,txt,75423,48408b8242f97b5a9b92226d0e60c4085423ff04cf027be40a610dcb46c9a7f9,176,0,0,176,0,09_hieu_ung_am_thanh (chờ),CHO,Assets/MachineBrigade/Resources/Audio/sfx/envelopes.txt,
Assets/MachineBrigade/Resources/Audio/sfx/flare_pop/flare_pop_1.ogg,audio,15239,c53cd18db3998beded3da5d948207931fa19211a9f20d1aef3f045c0393d84ad,1,0,0,1,0,09_hieu_ung_am_thanh (chờ),CHO,Assets/MachineBrigade/Resources/Audio/sfx/flare_pop/flare_pop_1.ogg,
Assets/MachineBrigade/Resources/Audio/sfx/flare_pop/flare_pop_2.ogg,audio,15485,e841ad22b1255b349aa687848e2ed72cc0b9aa45433aa9a8ca7dbe3b0d982750,1,0,0,1,0,09_hieu_ung_am_thanh (chờ),CHO,Assets/MachineBrigade/Resources/Audio/sfx/flare_pop/flare_pop_2.ogg,
Assets/MachineBrigade/Resources/Audio/sfx/hit_concrete_heavy/hit_concrete_heavy_1.ogg,audio,11309,b059c7bdf1423ac5465bfeac58973b2ccc225c01aa231ab80ff59cc00f8aac1a,1,0,0,1,0,09_hieu_ung_am_thanh (chờ),CHO,Assets/MachineBrigade/Resources/Audio/sfx/hit_concrete_heavy/hit_concrete_heavy_1.ogg,
Assets/MachineBrigade/Resources/Audio/sfx/hit_concrete_heavy/hit_concrete_heavy_2.ogg,audio,11727,2aa6c09403827662d28532b371507f36cf6fa70e69d40a0c948e0c0f53373a91,1,0,0,1,0,09_hieu_ung_am_thanh (chờ),CHO,Assets/MachineBrigade/Resources/Audio/sfx/hit_concrete_heavy/hit_concrete_heavy_2.ogg,
Assets/MachineBrigade/Resources/Audio/sfx/hit_concrete_heavy/hit_concrete_heavy_3.ogg,audio,15241,78e3a391741ba6bb9fbac0be7a451e0f4e7006797d670185fba35635a002c598,1,0,0,1,0,09_hieu_ung_am_thanh (chờ),CHO,Assets/MachineBrigade/Resources/Audio/sfx/hit_concrete_heavy/hit_concrete_heavy_3.ogg,
Assets/MachineBrigade/Resources/Audio/sfx/hit_concrete_light/hit_concrete_light_1.ogg,audio,7016,ccf1454eac9d7892cddab59a7f587af6641d0e0442c5eafa6a5c51809085c134,1,0,0,1,0,09_hieu_ung_am_thanh (chờ),CHO,Assets/MachineBrigade/Resources/Audio/sfx/hit_concrete_light/hit_concrete_light_1.ogg,
Assets/MachineBrigade/Resources/Audio/sfx/hit_concrete_light/hit_concrete_light_2.ogg,audio,6724,4a8f11a6787b7af4a270e2e4e4f4a00f9bda3f0d3d6570913ed8fd91d3a61f66,1,0,0,1,0,09_hieu_ung_am_thanh (chờ),CHO,Assets/MachineBrigade/Resources/Audio/sfx/hit_concrete_light/hit_concrete_light_2.ogg,
Assets/MachineBrigade/Resources/Audio/sfx/hit_concrete_light/hit_concrete_light_3.ogg,audio,7533,f13f822b4dc3819be8336ae916517a9d210ea4546a49c6c9de6790df3db1dc69,1,0,0,1,0,09_hieu_ung_am_thanh (chờ),CHO,Assets/MachineBrigade/Resources/Audio/sfx/hit_concrete_light/hit_concrete_light_3.ogg,
Assets/MachineBrigade/Resources/Audio/sfx/hit_ground_heavy/hit_ground_heavy_1.ogg,audio,12632,3349389fb8aeb5ae38c712e9450b11358b3b02b7c2423fd44a2485d70d29c321,1,0,0,1,0,09_hieu_ung_am_thanh (chờ),CHO,Assets/MachineBrigade/Resources/Audio/sfx/hit_ground_heavy/hit_ground_heavy_1.ogg,
Assets/MachineBrigade/Resources/Audio/sfx/hit_ground_heavy/hit_ground_heavy_2.ogg,audio,11334,8539d0c5001e817e492fcccb66e5e4b410575e05ba3a1ff08c4e87aeb5a25bbf,1,0,0,1,0,09_hieu_ung_am_thanh (chờ),CHO,Assets/MachineBrigade/Resources/Audio/sfx/hit_ground_heavy/hit_ground_heavy_2.ogg,
Assets/MachineBrigade/Resources/Audio/sfx/hit_ground_heavy/hit_ground_heavy_3.ogg,audio,11282,6bd747d8fb811f566739ae16cc572dbcc5fc46836def7e4c8acc5cdcaba575ef,1,0,0,1,0,09_hieu_ung_am_thanh (chờ),CHO,Assets/MachineBrigade/Resources/Audio/sfx/hit_ground_heavy/hit_ground_heavy_3.ogg,
Assets/MachineBrigade/Resources/Audio/sfx/hit_ground_light/hit_ground_light_1.ogg,audio,6385,e1b453587879dd423588463c9d6b3dd37eb0438fe069599f0dd6081613ae27c8,1,0,0,1,0,09_hieu_ung_am_thanh (chờ),CHO,Assets/MachineBrigade/Resources/Audio/sfx/hit_ground_light/hit_ground_light_1.ogg,
Assets/MachineBrigade/Resources/Audio/sfx/hit_ground_light/hit_ground_light_2.ogg,audio,5854,c8fa2e3f1715ec803786adaea6c173ea81a1524ce8ba17ef336d700eba389201,1,0,0,1,0,09_hieu_ung_am_thanh (chờ),CHO,Assets/MachineBrigade/Resources/Audio/sfx/hit_ground_light/hit_ground_light_2.ogg,
Assets/MachineBrigade/Resources/Audio/sfx/hit_ground_light/hit_ground_light_3.ogg,audio,6045,0a0bffe393f02e6301ff926912fdd419ec1bfe8854981fc076ac3c3d4f7fa788,1,0,0,1,0,09_hieu_ung_am_thanh (chờ),CHO,Assets/MachineBrigade/Resources/Audio/sfx/hit_ground_light/hit_ground_light_3.ogg,
Assets/MachineBrigade/Resources/Audio/sfx/hit_metal_heavy/hit_metal_heavy_1.ogg,audio,6802,8e00d3542080434d408a7c397e85820fba85a0c1c700043ffda37b0e189f2b88,1,0,0,1,0,09_hieu_ung_am_thanh (chờ),CHO,Assets/MachineBrigade/Resources/Audio/sfx/hit_metal_heavy/hit_metal_heavy_1.ogg,
Assets/MachineBrigade/Resources/Audio/sfx/hit_metal_heavy/hit_metal_heavy_2.ogg,audio,6868,b36d31eedf7b1a6f1304d8d392a6c8fd871f2c4c127b6b5f64466d7774a8b91b,1,0,0,1,0,09_hieu_ung_am_thanh (chờ),CHO,Assets/MachineBrigade/Resources/Audio/sfx/hit_metal_heavy/hit_metal_heavy_2.ogg,
Assets/MachineBrigade/Resources/Audio/sfx/hit_metal_heavy/hit_metal_heavy_3.ogg,audio,6726,36e7edbeda97cfbce88abf5e85c9c610aa852f529f6e18726d5022d75200f4bd,1,0,0,1,0,09_hieu_ung_am_thanh (chờ),CHO,Assets/MachineBrigade/Resources/Audio/sfx/hit_metal_heavy/hit_metal_heavy_3.ogg,
Assets/MachineBrigade/Resources/Audio/sfx/hit_metal_light/hit_metal_light_1.ogg,audio,6122,2f4543d6ea2480871e9b2cf8a3aa77011f8ead01974abdb9358b59298a298bc1,1,0,0,1,0,09_hieu_ung_am_thanh (chờ),CHO,Assets/MachineBrigade/Resources/Audio/sfx/hit_metal_light/hit_metal_light_1.ogg,
Assets/MachineBrigade/Resources/Audio/sfx/hit_metal_light/hit_metal_light_2.ogg,audio,6043,863a752aba5217a45b5876eefee8b489eb8cb1c8505994b5ac6a5ecd6ffb32c8,1,0,0,1,0,09_hieu_ung_am_thanh (chờ),CHO,Assets/MachineBrigade/Resources/Audio/sfx/hit_metal_light/hit_metal_light_2.ogg,
Assets/MachineBrigade/Resources/Audio/sfx/hit_metal_light/hit_metal_light_3.ogg,audio,6082,6d2185869fcaad905fa8eaf2d9d567b772c7f0da71be7e8c3a44901b20770f80,1,0,0,1,0,09_hieu_ung_am_thanh (chờ),CHO,Assets/MachineBrigade/Resources/Audio/sfx/hit_metal_light/hit_metal_light_3.ogg,
Assets/MachineBrigade/Resources/Audio/sfx/hit_pen_heavy/hit_pen_heavy_1.ogg,audio,11417,4e27a6a158c7d989a7394d8f959f1690bb8df3ff5718ce1968ae105c8fee496a,1,0,0,1,0,09_hieu_ung_am_thanh (chờ),CHO,Assets/MachineBrigade/Resources/Audio/sfx/hit_pen_heavy/hit_pen_heavy_1.ogg,
Assets/MachineBrigade/Resources/Audio/sfx/hit_pen_heavy/hit_pen_heavy_2.ogg,audio,12405,b2312c77c953eabd48cc1278da81ff37df373b867d181790be74b8d229aace0f,1,0,0,1,0,09_hieu_ung_am_thanh (chờ),CHO,Assets/MachineBrigade/Resources/Audio/sfx/hit_pen_heavy/hit_pen_heavy_2.ogg,
Assets/MachineBrigade/Resources/Audio/sfx/hit_pen_heavy/hit_pen_heavy_3.ogg,audio,11015,064f044f3d544102b81fa74ca163ec456272c3d14c073ab26d5baee4365d6c99,1,0,0,1,0,09_hieu_ung_am_thanh (chờ),CHO,Assets/MachineBrigade/Resources/Audio/sfx/hit_pen_heavy/hit_pen_heavy_3.ogg,
Assets/MachineBrigade/Resources/Audio/sfx/hit_pen_light/hit_pen_light_1.ogg,audio,6978,f0b2613b583f7afcb562bc0ca6e1273ef1e92fb6e84582ba4a3a17333d2fd85d,1,0,0,1,0,09_hieu_ung_am_thanh (chờ),CHO,Assets/MachineBrigade/Resources/Audio/sfx/hit_pen_light/hit_pen_light_1.ogg,
Assets/MachineBrigade/Resources/Audio/sfx/hit_pen_light/hit_pen_light_2.ogg,audio,6895,e73d14d1b829a642747caddc064245bff0feb0ee616335c4813e0de832f6185d,1,0,0,1,0,09_hieu_ung_am_thanh (chờ),CHO,Assets/MachineBrigade/Resources/Audio/sfx/hit_pen_light/hit_pen_light_2.ogg,
Assets/MachineBrigade/Resources/Audio/sfx/hit_pen_light/hit_pen_light_3.ogg,audio,7121,1ca45f35ae50daa8a44fe842cb400f35ef05d01a0d9a6d30aeaca98b9e294023,1,0,0,1,0,09_hieu_ung_am_thanh (chờ),CHO,Assets/MachineBrigade/Resources/Audio/sfx/hit_pen_light/hit_pen_light_3.ogg,
Assets/MachineBrigade/Resources/Audio/sfx/launch_big/launch_big_1.ogg,audio,32840,ab984e03d3882080e7653dbcd58b1531ac41b03a31753a2dd50916b8908624f4,1,0,0,1,0,09_hieu_ung_am_thanh (chờ),CHO,Assets/MachineBrigade/Resources/Audio/sfx/launch_big/launch_big_1.ogg,
Assets/MachineBrigade/Resources/Audio/sfx/launch_big/launch_big_2.ogg,audio,33025,9f525a3e167b0a58bb57e87fcf8a58395e6bfc5100dcb2a217d1d289f00db19d,1,0,0,1,0,09_hieu_ung_am_thanh (chờ),CHO,Assets/MachineBrigade/Resources/Audio/sfx/launch_big/launch_big_2.ogg,
Assets/MachineBrigade/Resources/Audio/sfx/launch_s2/launch_s2_1.ogg,audio,14478,426760e984edbc4bc23578bf5283fb3c5b427550552927ae8d4310ec9c700c75,1,0,0,1,0,09_hieu_ung_am_thanh (chờ),CHO,Assets/MachineBrigade/Resources/Audio/sfx/launch_s2/launch_s2_1.ogg,
Assets/MachineBrigade/Resources/Audio/sfx/launch_s2/launch_s2_2.ogg,audio,15900,c6d1c44964f79952a4011e29aacaf39ba8f5875cf236212bf9e9f3e389f345a3,1,0,0,1,0,09_hieu_ung_am_thanh (chờ),CHO,Assets/MachineBrigade/Resources/Audio/sfx/launch_s2/launch_s2_2.ogg,
Assets/MachineBrigade/Resources/Audio/sfx/launch_s3/launch_s3_1.ogg,audio,20967,6d2907d4f592e6203e10eee20231dffb82ce178e80624e2f98c01c011489e024,1,0,0,1,0,09_hieu_ung_am_thanh (chờ),CHO,Assets/MachineBrigade/Resources/Audio/sfx/launch_s3/launch_s3_1.ogg,
Assets/MachineBrigade/Resources/Audio/sfx/launch_s3/launch_s3_2.ogg,audio,23187,1609a33e9678f5e1d980637ae5634901e1ab2ac28c15732d0b8d296918942377,1,0,0,1,0,09_hieu_ung_am_thanh (chờ),CHO,Assets/MachineBrigade/Resources/Audio/sfx/launch_s3/launch_s3_2.ogg,
Assets/MachineBrigade/Resources/Audio/sfx/ship_engine/ship_engine_1.ogg,audio,37621,603fdb9119e9e3f23e11d919d809968bf14e157aadfa5854e4655173102f4be0,1,0,0,1,0,09_hieu_ung_am_thanh (chờ),CHO,Assets/MachineBrigade/Resources/Audio/sfx/ship_engine/ship_engine_1.ogg,
Assets/MachineBrigade/Resources/Audio/sfx/ship_horn/ship_horn_1.ogg,audio,21639,159c5edc1d236ddee94185f34685b2c0c31f2bf24fb231876213183f2a577b9a,1,0,0,1,0,09_hieu_ung_am_thanh (chờ),CHO,Assets/MachineBrigade/Resources/Audio/sfx/ship_horn/ship_horn_1.ogg,
Assets/MachineBrigade/Resources/Audio/sfx/shot_s0/shot_s0_1.ogg,audio,5999,25a91d76d0b110223c5657bb1bd5d1d13d325a668b5f76761a4ce711f6d76214,1,0,0,1,0,09_hieu_ung_am_thanh (chờ),CHO,Assets/MachineBrigade/Resources/Audio/sfx/shot_s0/shot_s0_1.ogg,
Assets/MachineBrigade/Resources/Audio/sfx/shot_s0/shot_s0_2.ogg,audio,6049,b5e8dc78e3d824a413c07e788ad02f7e376e85d5aa8a3d95dc87bedf4334edbb,1,0,0,1,0,09_hieu_ung_am_thanh (chờ),CHO,Assets/MachineBrigade/Resources/Audio/sfx/shot_s0/shot_s0_2.ogg,
Assets/MachineBrigade/Resources/Audio/sfx/shot_s0/shot_s0_3.ogg,audio,6080,f22fd30370772b5dec69d92b4252e1c5593ad64c7a39fc44a363f6d8b3b26c02,1,0,0,1,0,09_hieu_ung_am_thanh (chờ),CHO,Assets/MachineBrigade/Resources/Audio/sfx/shot_s0/shot_s0_3.ogg,
Assets/MachineBrigade/Resources/Audio/sfx/shot_s1/shot_s1_1.ogg,audio,10831,98d0fc2503e2b36226d06285c123f7e4df2d9ead5e644431c61dc58928d34e5e,1,0,0,1,0,09_hieu_ung_am_thanh (chờ),CHO,Assets/MachineBrigade/Resources/Audio/sfx/shot_s1/shot_s1_1.ogg,
Assets/MachineBrigade/Resources/Audio/sfx/shot_s1/shot_s1_2.ogg,audio,11291,6aa2040abb56bcffbb9a65b5dbad41b3e0b6a5877676ae33aa104231eaef6fa5,1,0,0,1,0,09_hieu_ung_am_thanh (chờ),CHO,Assets/MachineBrigade/Resources/Audio/sfx/shot_s1/shot_s1_2.ogg,
Assets/MachineBrigade/Resources/Audio/sfx/shot_s1/shot_s1_3.ogg,audio,10990,7948280a575afa7087ac33e02cc182ae12d1b21e1715dcad6656128d571b4f0f,1,0,0,1,0,09_hieu_ung_am_thanh (chờ),CHO,Assets/MachineBrigade/Resources/Audio/sfx/shot_s1/shot_s1_3.ogg,
Assets/MachineBrigade/Resources/Audio/sfx/shot_s2/shot_s2_1.ogg,audio,15677,6e46784fc87709aa7cb345779530e238981a569293230fa25e1f8e39bbe3e644,1,0,0,1,0,09_hieu_ung_am_thanh (chờ),CHO,Assets/MachineBrigade/Resources/Audio/sfx/shot_s2/shot_s2_1.ogg,
Assets/MachineBrigade/Resources/Audio/sfx/shot_s2/shot_s2_2.ogg,audio,15397,076263d154da5e111c862a87323a34959c2a3b8d43e1c9b4d1cc1f2a9f8f35b8,1,0,0,1,0,09_hieu_ung_am_thanh (chờ),CHO,Assets/MachineBrigade/Resources/Audio/sfx/shot_s2/shot_s2_2.ogg,
Assets/MachineBrigade/Resources/Audio/sfx/shot_s2/shot_s2_3.ogg,audio,14909,2a01ddba74f4983bfe25bfb53b79eee31ad0e42533348b13b02a85871b994502,1,0,0,1,0,09_hieu_ung_am_thanh (chờ),CHO,Assets/MachineBrigade/Resources/Audio/sfx/shot_s2/shot_s2_3.ogg,
Assets/MachineBrigade/Resources/Audio/sfx/shot_s3/shot_s3_1.ogg,audio,19502,56a98ab12c09155fc53efb6bd2d62b04b6c72e882d35a065d207901c6f84548a,1,0,0,1,0,09_hieu_ung_am_thanh (chờ),CHO,Assets/MachineBrigade/Resources/Audio/sfx/shot_s3/shot_s3_1.ogg,
Assets/MachineBrigade/Resources/Audio/sfx/shot_s3/shot_s3_2.ogg,audio,18524,1fb3b51ccd629fa96097b2bbf2386df6577bce1f816a0e11f89f5d665e06e558,1,0,0,1,0,09_hieu_ung_am_thanh (chờ),CHO,Assets/MachineBrigade/Resources/Audio/sfx/shot_s3/shot_s3_2.ogg,
Assets/MachineBrigade/Resources/Audio/sfx/shot_s3/shot_s3_3.ogg,audio,19869,7fcd3b514fc3e4a625411f30a989328736c7f07d977b436757b1a18151c9cbee,1,0,0,1,0,09_hieu_ung_am_thanh (chờ),CHO,Assets/MachineBrigade/Resources/Audio/sfx/shot_s3/shot_s3_3.ogg,
Assets/MachineBrigade/Resources/Audio/sfx/shot_s4/shot_s4_1.ogg,audio,22758,a9f7d1452df3a27c6c328b3ad73474e1017c3d0f47a35ddd8c1498103ce2c04b,1,0,0,1,0,09_hieu_ung_am_thanh (chờ),CHO,Assets/MachineBrigade/Resources/Audio/sfx/shot_s4/shot_s4_1.ogg,
Assets/MachineBrigade/Resources/Audio/sfx/shot_s4/shot_s4_2.ogg,audio,24539,c5bef7ee86cc2d868b5f30c316eeb492228fd39e0314b9f2837b565535f74df2,1,0,0,1,0,09_hieu_ung_am_thanh (chờ),CHO,Assets/MachineBrigade/Resources/Audio/sfx/shot_s4/shot_s4_2.ogg,
Assets/MachineBrigade/Resources/Audio/sfx/shot_s4/shot_s4_3.ogg,audio,23100,7554336080d6a7e76c3c8119644e525878038fd7c67dc27b48021be97f96082a,1,0,0,1,0,09_hieu_ung_am_thanh (chờ),CHO,Assets/MachineBrigade/Resources/Audio/sfx/shot_s4/shot_s4_3.ogg,
Assets/MachineBrigade/Resources/Audio/sfx/shot_s406/shot_s406_1.ogg,audio,38812,bd315128fb1409487f927b68774258ea7eb1c6165c57dac1458ab936117f6798,1,0,0,1,0,09_hieu_ung_am_thanh (chờ),CHO,Assets/MachineBrigade/Resources/Audio/sfx/shot_s406/shot_s406_1.ogg,
Assets/MachineBrigade/Resources/Audio/sfx/shot_s406/shot_s406_2.ogg,audio,35928,25b59c9d2afe07f7f38269321f2b43c78a039e3a9abc5698f30014401abc30d9,1,0,0,1,0,09_hieu_ung_am_thanh (chờ),CHO,Assets/MachineBrigade/Resources/Audio/sfx/shot_s406/shot_s406_2.ogg,
Assets/MachineBrigade/Resources/Audio/sfx/shot_super/shot_super_1.ogg,audio,60258,f81d4d9b699842bf3e0194f55b4f1c460e65763b96071385e74650fe827ff295,1,0,0,1,0,09_hieu_ung_am_thanh (chờ),CHO,Assets/MachineBrigade/Resources/Audio/sfx/shot_super/shot_super_1.ogg,
Assets/MachineBrigade/Resources/Audio/sfx/shot_super/shot_super_2.ogg,audio,41397,1b1fe63d7d8abe33dfe7fca84d2a3403fd095ee21b1e96e6292b587033d95036,1,0,0,1,0,09_hieu_ung_am_thanh (chờ),CHO,Assets/MachineBrigade/Resources/Audio/sfx/shot_super/shot_super_2.ogg,
Assets/MachineBrigade/Resources/Audio/sfx/smallarms_cluster/smallarms_cluster_1.ogg,audio,23615,563b1a02d803f1bf3f15750c4864a3c1505b36aed0804e22f63327a8a89152c0,1,0,0,1,0,09_hieu_ung_am_thanh (chờ),CHO,Assets/MachineBrigade/Resources/Audio/sfx/smallarms_cluster/smallarms_cluster_1.ogg,
Assets/MachineBrigade/Resources/Audio/sfx/smallarms_cluster/smallarms_cluster_2.ogg,audio,21103,76f871d650b2fa7bb9ba75a2d7f5b29d57ddad944728c79aeb13ec2e6ff2440c,1,0,0,1,0,09_hieu_ung_am_thanh (chờ),CHO,Assets/MachineBrigade/Resources/Audio/sfx/smallarms_cluster/smallarms_cluster_2.ogg,
Assets/MachineBrigade/Resources/Audio/sfx/smallarms_cluster/smallarms_cluster_3.ogg,audio,18252,29b378ba17e3c268b44f73e337c8a86c0f2d065282705b6b45a8df70ce9c7a1c,1,0,0,1,0,09_hieu_ung_am_thanh (chờ),CHO,Assets/MachineBrigade/Resources/Audio/sfx/smallarms_cluster/smallarms_cluster_3.ogg,
Assets/MachineBrigade/Resources/Audio/sfx/train_horn/train_horn_1.ogg,audio,17252,16fdd51d9344429df56aee897247712bd56b24215079d052e9590cc1f3ed505a,1,0,0,1,0,09_hieu_ung_am_thanh (chờ),CHO,Assets/MachineBrigade/Resources/Audio/sfx/train_horn/train_horn_1.ogg,
Assets/MachineBrigade/Resources/Audio/sfx/train_horn/train_horn_2.ogg,audio,17490,0fb56877300cc81727acfbe9d11de6c3b4ebe6e43f64845dab0a332c76511d9b,1,0,0,1,0,09_hieu_ung_am_thanh (chờ),CHO,Assets/MachineBrigade/Resources/Audio/sfx/train_horn/train_horn_2.ogg,
Assets/MachineBrigade/Resources/Audio/sfx/train_rails/train_rails_1.ogg,audio,39373,5329307dc8bf82d7898984554417bc86c4529d80d80ec18d193b45e2d634ffce,1,0,0,1,0,09_hieu_ung_am_thanh (chờ),CHO,Assets/MachineBrigade/Resources/Audio/sfx/train_rails/train_rails_1.ogg,
Assets/MachineBrigade/Resources/Audio/sfx/warn_whistle/warn_whistle_1.ogg,audio,13810,686d4e2ed53abbebbc3663754d1dcf995d8ec3b5059e7ec7b0b54b112169a8ea,1,0,0,1,0,09_hieu_ung_am_thanh (chờ),CHO,Assets/MachineBrigade/Resources/Audio/sfx/warn_whistle/warn_whistle_1.ogg,
Assets/MachineBrigade/Resources/Audio/sfx/warn_whistle/warn_whistle_2.ogg,audio,13850,ce7c8070a5ceb3f3a834ba3488a769064fbf5198c0d2ce5f3683a75bdbb44b56,1,0,0,1,0,09_hieu_ung_am_thanh (chờ),CHO,Assets/MachineBrigade/Resources/Audio/sfx/warn_whistle/warn_whistle_2.ogg,
Assets/MachineBrigade/Resources/Audio/sfx/warn_whistle/warn_whistle_3.ogg,audio,13743,260f4bff85c2b47f9887ec3f7481cefd28e6b2c938a67f0220c4b4c1035a6c0c,1,0,0,1,0,09_hieu_ung_am_thanh (chờ),CHO,Assets/MachineBrigade/Resources/Audio/sfx/warn_whistle/warn_whistle_3.ogg,
Assets/MachineBrigade/Resources/Audio/sfx/warn_whistle_big/warn_whistle_big_1.ogg,audio,16679,497e9ef7d4159c88c8b6ab50d42630bac07aae591e4c188132b5d8f77f7a0264,1,0,0,1,0,09_hieu_ung_am_thanh (chờ),CHO,Assets/MachineBrigade/Resources/Audio/sfx/warn_whistle_big/warn_whistle_big_1.ogg,
Assets/MachineBrigade/Resources/Audio/sfx/warn_whistle_big/warn_whistle_big_2.ogg,audio,16612,5ca720f92fdc0ef7714d9d678583c8baa114992a9416e28b41506247d43c4836,1,0,0,1,0,09_hieu_ung_am_thanh (chờ),CHO,Assets/MachineBrigade/Resources/Audio/sfx/warn_whistle_big/warn_whistle_big_2.ogg,
Assets/MachineBrigade/Resources/Audio/sfx/wreck_aircraft/wreck_aircraft_1.ogg,audio,40228,bada59e11d01b7fbc6b8f786bc292c9319f70c8de63c957e4a3402f5c5ac6133,1,0,0,1,0,09_hieu_ung_am_thanh (chờ),CHO,Assets/MachineBrigade/Resources/Audio/sfx/wreck_aircraft/wreck_aircraft_1.ogg,
Assets/MachineBrigade/Resources/Audio/sfx/wreck_aircraft/wreck_aircraft_2.ogg,audio,33537,4d89f6e46225f7b80be741df6d3067e2cfc9b13337c806fcc4e7a974809814d9,1,0,0,1,0,09_hieu_ung_am_thanh (chờ),CHO,Assets/MachineBrigade/Resources/Audio/sfx/wreck_aircraft/wreck_aircraft_2.ogg,
Assets/MachineBrigade/Resources/Audio/sfx/wreck_artillery/wreck_artillery_1.ogg,audio,31868,7c0d490f8e7aa40e641cfe27bc365203c422487954fc62ba121e3e2aa85bef08,1,0,0,1,0,09_hieu_ung_am_thanh (chờ),CHO,Assets/MachineBrigade/Resources/Audio/sfx/wreck_artillery/wreck_artillery_1.ogg,
Assets/MachineBrigade/Resources/Audio/sfx/wreck_artillery/wreck_artillery_2.ogg,audio,32863,d8dfa4670592f5688b641d3abf81e58bdbfebedb7b480f6380ad71f6c3c4c1d6,1,0,0,1,0,09_hieu_ung_am_thanh (chờ),CHO,Assets/MachineBrigade/Resources/Audio/sfx/wreck_artillery/wreck_artillery_2.ogg,
Assets/MachineBrigade/Resources/Audio/sfx/wreck_drone/wreck_drone_1.ogg,audio,12272,c1a2245b619d67a233aad1ca374e6af29382e2dd1f2566412f9deb669883294b,1,0,0,1,0,09_hieu_ung_am_thanh (chờ),CHO,Assets/MachineBrigade/Resources/Audio/sfx/wreck_drone/wreck_drone_1.ogg,
Assets/MachineBrigade/Resources/Audio/sfx/wreck_drone/wreck_drone_2.ogg,audio,13988,1b3ab02e77bae001d9ad9277310540c2b7f1e0649ac970549b6c2ed4a73d0c3b,1,0,0,1,0,09_hieu_ung_am_thanh (chờ),CHO,Assets/MachineBrigade/Resources/Audio/sfx/wreck_drone/wreck_drone_2.ogg,
Assets/MachineBrigade/Resources/Audio/sfx/wreck_heli/wreck_heli_1.ogg,audio,30916,87ef121d5ff776728905947ed053b266b66d6d869a3fe80079eb5b816283df96,1,0,0,1,0,09_hieu_ung_am_thanh (chờ),CHO,Assets/MachineBrigade/Resources/Audio/sfx/wreck_heli/wreck_heli_1.ogg,
Assets/MachineBrigade/Resources/Audio/sfx/wreck_heli/wreck_heli_2.ogg,audio,25216,5460c3f7f2694f802be92239b94ad27d3327b5e3640d93f3ef0db5c79b38e1b5,1,0,0,1,0,09_hieu_ung_am_thanh (chờ),CHO,Assets/MachineBrigade/Resources/Audio/sfx/wreck_heli/wreck_heli_2.ogg,
Assets/MachineBrigade/Resources/Audio/sfx/wreck_ship/wreck_ship_1.ogg,audio,44845,6490cb64b65517c803f26e32b15e42fc6aa8bc0994d54a326a78973fa006de93,1,0,0,1,0,09_hieu_ung_am_thanh (chờ),CHO,Assets/MachineBrigade/Resources/Audio/sfx/wreck_ship/wreck_ship_1.ogg,
Assets/MachineBrigade/Resources/Audio/sfx/wreck_ship/wreck_ship_2.ogg,audio,34290,105210652eaac49ff7a9746f4a170867fa3224265a1237631bd9961e3a2b79b1,1,0,0,1,0,09_hieu_ung_am_thanh (chờ),CHO,Assets/MachineBrigade/Resources/Audio/sfx/wreck_ship/wreck_ship_2.ogg,
Assets/MachineBrigade/Resources/Audio/sfx/wreck_tank/wreck_tank_1.ogg,audio,29595,75c6c5f47c2878434649f53b9c4adb6911afbfcfdb6eb8654a8e50fb37774e0d,1,0,0,1,0,09_hieu_ung_am_thanh (chờ),CHO,Assets/MachineBrigade/Resources/Audio/sfx/wreck_tank/wreck_tank_1.ogg,
Assets/MachineBrigade/Resources/Audio/sfx/wreck_tank/wreck_tank_2.ogg,audio,29269,ea88207beaec84be7bb306ba92d3fedc2fc8833609269e28df0df9428d32d318,1,0,0,1,0,09_hieu_ung_am_thanh (chờ),CHO,Assets/MachineBrigade/Resources/Audio/sfx/wreck_tank/wreck_tank_2.ogg,
Assets/MachineBrigade/Resources/Audio/sfx/wreck_truck/wreck_truck_1.ogg,audio,31850,74604e69e79fd6d5b5ef67cc59e63cffbd0aef11b654a81cd93ac9ce60cc08ba,1,0,0,1,0,09_hieu_ung_am_thanh (chờ),CHO,Assets/MachineBrigade/Resources/Audio/sfx/wreck_truck/wreck_truck_1.ogg,
Assets/MachineBrigade/Resources/Audio/sfx/wreck_truck/wreck_truck_2.ogg,audio,30333,6e42629b5897c4062e545957904ce34d8b5482e6af548d5132c682a26a89ab92,1,0,0,1,0,09_hieu_ung_am_thanh (chờ),CHO,Assets/MachineBrigade/Resources/Audio/sfx/wreck_truck/wreck_truck_2.ogg,
Assets/MachineBrigade/Resources/Audio/sfx/wreck_wheeled/wreck_wheeled_1.ogg,audio,20028,d1549f9ec2469cca8062cd0d6e9ae6481ed99132ccea7c5b346c0939a051c070,1,0,0,1,0,09_hieu_ung_am_thanh (chờ),CHO,Assets/MachineBrigade/Resources/Audio/sfx/wreck_wheeled/wreck_wheeled_1.ogg,
Assets/MachineBrigade/Resources/Audio/sfx/wreck_wheeled/wreck_wheeled_2.ogg,audio,19284,b9eff69fd7fb44e7a67280f7dc5ad67395547f3cce515f74f9df6bfb07d6617e,1,0,0,1,0,09_hieu_ung_am_thanh (chờ),CHO,Assets/MachineBrigade/Resources/Audio/sfx/wreck_wheeled/wreck_wheeled_2.ogg,
Assets/MachineBrigade/Resources/Audio/siren/siren_1.ogg,audio,62237,17fe4b79fa2c635a0f322dea9a2757bae62003c71a6cc3f552a0dbcf4311d7b8,1,0,0,1,0,09_hieu_ung_am_thanh (chờ),CHO,Assets/MachineBrigade/Resources/Audio/siren/siren_1.ogg,
Assets/MachineBrigade/Resources/Audio/thunder/thunder_1.ogg,audio,81870,e40c47fcb03bc1f96c09fa92d9945bead377844b7fe0999d70276c3e3a81900d,1,0,0,1,0,09_hieu_ung_am_thanh (chờ),CHO,Assets/MachineBrigade/Resources/Audio/thunder/thunder_1.ogg,
Assets/MachineBrigade/Resources/Audio/thunder/thunder_2.ogg,audio,83384,1ec1b20243a12237c51404501708f8cf2752bd69070bad1a34cce553c00d7c99,1,0,0,1,0,09_hieu_ung_am_thanh (chờ),CHO,Assets/MachineBrigade/Resources/Audio/thunder/thunder_2.ogg,
Assets/MachineBrigade/Resources/Audio/thunder/thunder_3.ogg,audio,79810,89677459b2f1cdb2f2fb4070f52771c624b3907d378af59028c7652704ae77cd,1,0,0,1,0,09_hieu_ung_am_thanh (chờ),CHO,Assets/MachineBrigade/Resources/Audio/thunder/thunder_3.ogg,
Assets/MachineBrigade/Resources/Audio/wind_loop/wind_loop_1.ogg,audio,142970,bdf0d01d3f49c51dae8aead065c8cf876bea0d83f9511c244f2a0d7bc9cc5824,1,0,0,1,0,09_hieu_ung_am_thanh (chờ),CHO,Assets/MachineBrigade/Resources/Audio/wind_loop/wind_loop_1.ogg,
Assets/MachineBrigade/Resources/Data/balance.json,json,486037,8fb0f6670ee9fcaf4eb36682572db4f4e3ee5c5fece5049627a61fcf78e2e310,20013,17642,0,2371,0,00_chi_muc;01_vu_khi_dan;02_phuong_tien;03_boss;04_can_cu_thap;05_che_do_kinh_te (chờ);06_ai (chờ);08_ban_do (chờ);11_meta_giao_dien (chờ),CHO,Assets/MachineBrigade/Resources/Data/balance.json,
Assets/MachineBrigade/Resources/Data/campaign.json,json,263997,85b0478d9311cdc6a594326849fbc6152e629b23168bf8e523a38a0c606af003,14528,0,0,14528,0,05_che_do_kinh_te (chờ);06_ai (chờ);07_chien_dich_cot_truyen (chờ);12_he_thong_trang_thai (chờ),CHO,Assets/MachineBrigade/Resources/Data/campaign.json,
Assets/MachineBrigade/Resources/Data/map_dressing.json,json,29723,1553db0d41cf0cb30288b94f121838889a49d8879879c9d591513ec251ac686d,1197,0,0,1197,0,08_ban_do (chờ),CHO,Assets/MachineBrigade/Resources/Data/map_dressing.json,
Assets/MachineBrigade/Resources/Data/maps/ashfield_conquest.json,json,56664,e600aaf3e1acc478905a7084f228031573cd2a2a674063e2819eff0e95e7a0a0,4111,0,0,4111,0,08_ban_do (chờ),CHO,Assets/MachineBrigade/Resources/Data/maps/ashfield_conquest.json,
Assets/MachineBrigade/Resources/Data/maps/ashfield_long.json,json,86696,73c5757bcf9eb0f62dad6d59add92c5f908447b44bb445094225ace927200fee,6703,0,0,6703,0,08_ban_do (chờ),CHO,Assets/MachineBrigade/Resources/Data/maps/ashfield_long.json,
Assets/MachineBrigade/Resources/Data/maps/ashfield_sandbox.json,json,52158,cd6158b2b04020ced4ab3a0929c9bdaddb9aa93ae618d1c77207f1721f3ddebe,3822,0,0,3822,0,08_ban_do (chờ),CHO,Assets/MachineBrigade/Resources/Data/maps/ashfield_sandbox.json,
Assets/MachineBrigade/Resources/Data/maps/ashfield_siege.json,json,58896,6178d1233a06437fa6945e8d14166986d16b5b2568abfaf41a11949795c3f651,4556,0,0,4556,0,08_ban_do (chờ),CHO,Assets/MachineBrigade/Resources/Data/maps/ashfield_siege.json,
Assets/MachineBrigade/Resources/Data/maps/borderbridge_conquest.json,json,93504,cff3667b7003d6dfe55c37c5fb517ffd290b87e1635beea353d709de7937c397,6862,0,0,6862,0,08_ban_do (chờ),CHO,Assets/MachineBrigade/Resources/Data/maps/borderbridge_conquest.json,
Assets/MachineBrigade/Resources/Data/maps/borderbridge_long.json,json,128806,65d01e4d300f5f029992b61b20f3bc358ead3e678f921c854376a69845806eaa,10110,0,0,10110,0,08_ban_do (chờ),CHO,Assets/MachineBrigade/Resources/Data/maps/borderbridge_long.json,
Assets/MachineBrigade/Resources/Data/maps/borderbridge_sandbox.json,json,89199,489fdf49e6294de2f4575c593ee0f9fa7dd34dec3ba289d3b13447e7b69adbbf,6593,0,0,6593,0,08_ban_do (chờ),CHO,Assets/MachineBrigade/Resources/Data/maps/borderbridge_sandbox.json,
Assets/MachineBrigade/Resources/Data/maps/borderbridge_siege.json,json,98188,ec0aceba1d02bd12fe35475c8d1acb5492065c15f703e74b6211b4d6173f35d3,7657,0,0,7657,0,08_ban_do (chờ),CHO,Assets/MachineBrigade/Resources/Data/maps/borderbridge_siege.json,
Assets/MachineBrigade/Resources/Data/maps/capital_conquest.json,json,77331,5ea43a75a8e6abb194b3677037cdd23902c4d107fadd666203a14e1fe0d8bfed,5536,0,0,5536,0,08_ban_do (chờ),CHO,Assets/MachineBrigade/Resources/Data/maps/capital_conquest.json,
Assets/MachineBrigade/Resources/Data/maps/capital_long.json,json,101904,7d58dc2a8c7c9b97a2b9a062150935ef7168762913fb3b1f48508ca886eee1e4,7495,0,0,7495,0,08_ban_do (chờ),CHO,Assets/MachineBrigade/Resources/Data/maps/capital_long.json,
Assets/MachineBrigade/Resources/Data/maps/capital_sandbox.json,json,72979,77fb53e89d36587d777c12d63d8f234a70413e0ce15d42a53f43932824dbb6ed,5262,0,0,5262,0,08_ban_do (chờ),CHO,Assets/MachineBrigade/Resources/Data/maps/capital_sandbox.json,
Assets/MachineBrigade/Resources/Data/maps/capital_siege.json,json,72330,eac776b8baef3d078a4374433cbb00e62c3612eb1d8497826c19849071b56486,5374,0,0,5374,0,08_ban_do (chờ),CHO,Assets/MachineBrigade/Resources/Data/maps/capital_siege.json,
Assets/MachineBrigade/Resources/Data/maps/coralisles_conquest.json,json,161322,7195f1bf3fc3bb8b1b300ceaa1c58630b11e48db1fb7f3b1dbb0f47293351d27,10971,0,0,10971,0,08_ban_do (chờ),CHO,Assets/MachineBrigade/Resources/Data/maps/coralisles_conquest.json,
Assets/MachineBrigade/Resources/Data/maps/coralisles_long.json,json,189845,4e5f0059a5d2cbbbd4d7515ed9edd078d8dc5a3b2234019dec5bd24bb58d5b29,13266,0,0,13266,0,08_ban_do (chờ),CHO,Assets/MachineBrigade/Resources/Data/maps/coralisles_long.json,
Assets/MachineBrigade/Resources/Data/maps/coralisles_sandbox.json,json,156495,c25d704f505dc0cf782888187a22c841696d7de2b74bf1699b0aa12a12047496,10658,0,0,10658,0,08_ban_do (chờ),CHO,Assets/MachineBrigade/Resources/Data/maps/coralisles_sandbox.json,
Assets/MachineBrigade/Resources/Data/maps/coralisles_siege.json,json,159988,92a878f259cb7c64be1d713212a2e506348f69be447d4e68b1a56d33911c0356,11127,0,0,11127,0,08_ban_do (chờ),CHO,Assets/MachineBrigade/Resources/Data/maps/coralisles_siege.json,
Assets/MachineBrigade/Resources/Data/maps/dunebreak_conquest.json,json,59408,e5f9c8dae875dd297f76b8fc2fcc4969ba2dc21fa21f102cc2be8826038ca3f3,4576,0,0,4576,0,08_ban_do (chờ),CHO,Assets/MachineBrigade/Resources/Data/maps/dunebreak_conquest.json,
Assets/MachineBrigade/Resources/Data/maps/dunebreak_long.json,json,85805,182f27a312efe0850bdbf200876a26986b675add2ee6dfb0e7225bf02f277237,6622,0,0,6622,0,08_ban_do (chờ),CHO,Assets/MachineBrigade/Resources/Data/maps/dunebreak_long.json,
Assets/MachineBrigade/Resources/Data/maps/dunebreak_sandbox.json,json,54820,251729f08e0545776cab3402c186346ce9279d13ea7d683eb8bc0a820fc93710,4281,0,0,4281,0,08_ban_do (chờ),CHO,Assets/MachineBrigade/Resources/Data/maps/dunebreak_sandbox.json,
Assets/MachineBrigade/Resources/Data/maps/dunebreak_siege.json,json,57535,75923275bc2025ac53c9bd7c1ac4a94d0a1d8cf07253413872f7e7aac4075044,4478,0,0,4478,0,08_ban_do (chờ),CHO,Assets/MachineBrigade/Resources/Data/maps/dunebreak_siege.json,
Assets/MachineBrigade/Resources/Data/maps/emberridge_conquest.json,json,67128,3b4240bd5ec347d6bef87ca929d5b309f049f585328021918def78060ef09825,5128,0,0,5128,0,08_ban_do (chờ),CHO,Assets/MachineBrigade/Resources/Data/maps/emberridge_conquest.json,
Assets/MachineBrigade/Resources/Data/maps/emberridge_long.json,json,104431,c3ddbf66bfb44b7dfdb6ce65377b18c4e067d7f8ace343e47fffe28b1a6d47fb,8365,0,0,8365,0,08_ban_do (chờ),CHO,Assets/MachineBrigade/Resources/Data/maps/emberridge_long.json,
Assets/MachineBrigade/Resources/Data/maps/emberridge_sandbox.json,json,62587,406e18ef33ff3e669c8071c89027fe0d4f091dfb242fc32d0df630d21fb2f3db,4839,0,0,4839,0,08_ban_do (chờ),CHO,Assets/MachineBrigade/Resources/Data/maps/emberridge_sandbox.json,
Assets/MachineBrigade/Resources/Data/maps/emberridge_siege.json,json,69353,1902329e17d9fddb5a2c885ca9db883edf4f9caed1866855c2849653018b41be,5630,0,0,5630,0,08_ban_do (chờ),CHO,Assets/MachineBrigade/Resources/Data/maps/emberridge_siege.json,
Assets/MachineBrigade/Resources/Data/maps/foundry_conquest.json,json,51168,6ea6bcc2e1e213c31c29b9c98c978d9a117206f84f3d27ecf7d9f98ae330467b,3752,0,0,3752,0,08_ban_do (chờ),CHO,Assets/MachineBrigade/Resources/Data/maps/foundry_conquest.json,
Assets/MachineBrigade/Resources/Data/maps/foundry_long.json,json,72142,23a1dec7663212f0d8123f2cdd5e5ed09c110563a6fd1ffbd9df79d6c6851a44,5387,0,0,5387,0,08_ban_do (chờ),CHO,Assets/MachineBrigade/Resources/Data/maps/foundry_long.json,
Assets/MachineBrigade/Resources/Data/maps/foundry_sandbox.json,json,46564,80672d41bc1d8f89fc673605cd3e4e335d773a1bd4b461fc8c989d8a00ffd4ec,3456,0,0,3456,0,08_ban_do (chờ),CHO,Assets/MachineBrigade/Resources/Data/maps/foundry_sandbox.json,
Assets/MachineBrigade/Resources/Data/maps/foundry_siege.json,json,54197,03029d69deb23976c044a07e4588ac48c6b28e5c90f205538bef2488cb715133,4045,0,0,4045,0,08_ban_do (chờ),CHO,Assets/MachineBrigade/Resources/Data/maps/foundry_siege.json,
Assets/MachineBrigade/Resources/Data/maps/frostpeak_conquest.json,json,67317,61a9014983dc5c22402288ebc08f7759ea08c5f5ba9cfe16747cd3dd45f542f3,5245,0,0,5245,0,08_ban_do (chờ),CHO,Assets/MachineBrigade/Resources/Data/maps/frostpeak_conquest.json,
Assets/MachineBrigade/Resources/Data/maps/frostpeak_long.json,json,100314,754a400fc6bd0d8550f9fee6eea44568e31d3bbfe16a6b3646df4670c022d1d3,8324,0,0,8324,0,08_ban_do (chờ),CHO,Assets/MachineBrigade/Resources/Data/maps/frostpeak_long.json,
Assets/MachineBrigade/Resources/Data/maps/frostpeak_sandbox.json,json,62824,e9bc840fc4d5baa65693752e2545dfb56af854037e6c02e47aed4def810462ff,4956,0,0,4956,0,08_ban_do (chờ),CHO,Assets/MachineBrigade/Resources/Data/maps/frostpeak_sandbox.json,
Assets/MachineBrigade/Resources/Data/maps/frostpeak_siege.json,json,70660,e85b266ee79287a2b1ce053dd592a83d909baffeda7c640b231c0eb71295d828,5741,0,0,5741,0,08_ban_do (chờ),CHO,Assets/MachineBrigade/Resources/Data/maps/frostpeak_siege.json,
Assets/MachineBrigade/Resources/Data/maps/greenvale_conquest.json,json,61616,c830b9807ecf7ed821069977672357723bd2eaee0db75f978ae88710144cd13d,4712,0,0,4712,0,08_ban_do (chờ),CHO,Assets/MachineBrigade/Resources/Data/maps/greenvale_conquest.json,
Assets/MachineBrigade/Resources/Data/maps/greenvale_long.json,json,91006,ecf4253ccf483020d47918d3c1dc3d828c12d093ddd47175923e20482086bc1f,7309,0,0,7309,0,08_ban_do (chờ),CHO,Assets/MachineBrigade/Resources/Data/maps/greenvale_long.json,
Assets/MachineBrigade/Resources/Data/maps/greenvale_sandbox.json,json,57104,f8a64a3b9c3232e8777c94403e91da0aadb507cf3922611be5530075a7490c7c,4423,0,0,4423,0,08_ban_do (chờ),CHO,Assets/MachineBrigade/Resources/Data/maps/greenvale_sandbox.json,
Assets/MachineBrigade/Resources/Data/maps/greenvale_siege.json,json,61363,e13ef247571c99baa949b7ccdc05d57b00c857910f9d3ed9e2df3465979193be,4874,0,0,4874,0,08_ban_do (chờ),CHO,Assets/MachineBrigade/Resources/Data/maps/greenvale_siege.json,
Assets/MachineBrigade/Resources/Data/maps/hydrodam_conquest.json,json,101514,a2b6b6c56d5a94985edeb94f298b18cc91dcda88fe9ae76aedaf562f9cb2950c,7249,0,0,7249,0,08_ban_do (chờ),CHO,Assets/MachineBrigade/Resources/Data/maps/hydrodam_conquest.json,
Assets/MachineBrigade/Resources/Data/maps/hydrodam_long.json,json,137940,f1f03555067add15adb784ee5ed3109a70eda8fda821aa72cb103d58e07180b2,10913,0,0,10913,0,08_ban_do (chờ),CHO,Assets/MachineBrigade/Resources/Data/maps/hydrodam_long.json,
Assets/MachineBrigade/Resources/Data/maps/hydrodam_sandbox.json,json,97240,4a1505d9f10705fb2d0de369d66582e6207ab7138cc4278f0fe5c71414f69ed7,6980,0,0,6980,0,08_ban_do (chờ),CHO,Assets/MachineBrigade/Resources/Data/maps/hydrodam_sandbox.json,
Assets/MachineBrigade/Resources/Data/maps/hydrodam_siege.json,json,108414,76befc005ef525d2c95c5f021e12e8de037257515832b91c19a4ef013882e84e,8475,0,0,8475,0,08_ban_do (chờ),CHO,Assets/MachineBrigade/Resources/Data/maps/hydrodam_siege.json,
Assets/MachineBrigade/Resources/Data/maps/ironport_conquest.json,json,49244,c308079f744c87b1935e2768385341ad17486adaefd1fa95de1601fcc7a8bedd,3936,0,0,3936,0,08_ban_do (chờ),CHO,Assets/MachineBrigade/Resources/Data/maps/ironport_conquest.json,
Assets/MachineBrigade/Resources/Data/maps/ironport_long.json,json,76724,1a1b6cd182c22a7ffc7bbd4849c7b8ba85fd54706d46f3f508704f8b2cb217dc,6305,0,0,6305,0,08_ban_do (chờ),CHO,Assets/MachineBrigade/Resources/Data/maps/ironport_long.json,
Assets/MachineBrigade/Resources/Data/maps/ironport_sandbox.json,json,44666,dfef17f2e3a095009a8ee4894e1c823a05f312138658288db1ccc9c50e660df5,3641,0,0,3641,0,08_ban_do (chờ),CHO,Assets/MachineBrigade/Resources/Data/maps/ironport_sandbox.json,
Assets/MachineBrigade/Resources/Data/maps/ironport_siege.json,json,52604,370ebbe5bda999dac1569e91ed16463cd5d8b8516a9745a75fb21bc68eabf749,4360,0,0,4360,0,08_ban_do (chờ),CHO,Assets/MachineBrigade/Resources/Data/maps/ironport_siege.json,
Assets/MachineBrigade/Resources/Data/maps/junglepass_conquest.json,json,103209,22b4c94307d460fd18dc10715155f74eb62fb81c08b1f82c6d9ad051b87c988f,8073,0,0,8073,0,08_ban_do (chờ),CHO,Assets/MachineBrigade/Resources/Data/maps/junglepass_conquest.json,
Assets/MachineBrigade/Resources/Data/maps/junglepass_long.json,json,142639,c4c66e3adf53327dbf341fff9d1cc97f63033ff97fa4a9e1c686e5a5529e3a5b,12053,0,0,12053,0,08_ban_do (chờ),CHO,Assets/MachineBrigade/Resources/Data/maps/junglepass_long.json,
Assets/MachineBrigade/Resources/Data/maps/junglepass_sandbox.json,json,98603,16b19df469c566a042e3d957e204e101dc152fb0c2a3b5f7edf5f90a7eef8024,7778,0,0,7778,0,08_ban_do (chờ),CHO,Assets/MachineBrigade/Resources/Data/maps/junglepass_sandbox.json,
Assets/MachineBrigade/Resources/Data/maps/junglepass_siege.json,json,105130,8077b07cd660a9587496fd509b1d6faecacb183335b93c79864843de433b2fce,8910,0,0,8910,0,08_ban_do (chờ),CHO,Assets/MachineBrigade/Resources/Data/maps/junglepass_siege.json,
Assets/MachineBrigade/Resources/Data/maps/landingbeach_conquest.json,json,67245,f418ff32c5820f2f96ba51abea3cbb1cb58bf2eee786a6085cd5378ef525301d,4795,0,0,4795,0,08_ban_do (chờ),CHO,Assets/MachineBrigade/Resources/Data/maps/landingbeach_conquest.json,
Assets/MachineBrigade/Resources/Data/maps/landingbeach_long.json,json,105586,c4a8c281176f715209d75839f21857730c8b4f2956dae959266d2d860e01f8d6,8710,0,0,8710,0,08_ban_do (chờ),CHO,Assets/MachineBrigade/Resources/Data/maps/landingbeach_long.json,
Assets/MachineBrigade/Resources/Data/maps/landingbeach_sandbox.json,json,63593,86bc2d74eeecfda6b853e78285db0f417439520462a35a016d2a38a6f48ce885,4570,0,0,4570,0,08_ban_do (chờ),CHO,Assets/MachineBrigade/Resources/Data/maps/landingbeach_sandbox.json,
Assets/MachineBrigade/Resources/Data/maps/landingbeach_siege.json,json,80128,125e723a3b880cdc37be0ea3e6f779fd14bab78cf96b9994817fead14719f024,6553,0,0,6553,0,08_ban_do (chờ),CHO,Assets/MachineBrigade/Resources/Data/maps/landingbeach_siege.json,
Assets/MachineBrigade/Resources/Data/maps/launchsite_conquest.json,json,54555,850a921fe88b21ea96a67d023c230244b33cae0bd13fe8bbfe583da53291aebf,4526,0,0,4526,0,08_ban_do (chờ),CHO,Assets/MachineBrigade/Resources/Data/maps/launchsite_conquest.json,
Assets/MachineBrigade/Resources/Data/maps/launchsite_long.json,json,88370,7e99038aa691dc4c0e4e1ca0f455ce50da1ef7715de10f5f71ab674bb05bac86,7499,0,0,7499,0,08_ban_do (chờ),CHO,Assets/MachineBrigade/Resources/Data/maps/launchsite_long.json,
Assets/MachineBrigade/Resources/Data/maps/launchsite_sandbox.json,json,50135,3a07383b7b9f5c7c5ab09c0723a15fb25bb4ac1f7f779f17cf0a6da4f1b654b3,4247,0,0,4247,0,08_ban_do (chờ),CHO,Assets/MachineBrigade/Resources/Data/maps/launchsite_sandbox.json,
Assets/MachineBrigade/Resources/Data/maps/launchsite_siege.json,json,63318,b95932d0e52d6a10238018bf7a8a84dde6c6d4bfdbbc4cf224c61490b5536bc3,5631,0,0,5631,0,08_ban_do (chờ),CHO,Assets/MachineBrigade/Resources/Data/maps/launchsite_siege.json,
Assets/MachineBrigade/Resources/Data/maps/lighthousebay_conquest.json,json,161701,0090682df766a5dc0f632e895636c01e90974e69748021d0643e585bf897b91e,11015,0,0,11015,0,08_ban_do (chờ),CHO,Assets/MachineBrigade/Resources/Data/maps/lighthousebay_conquest.json,
Assets/MachineBrigade/Resources/Data/maps/lighthousebay_long.json,json,172976,55e0cf30bc15746a4644fe562c5625e00e93895c3c48eadd8183cc7800f4d672,12742,0,0,12742,0,08_ban_do (chờ),CHO,Assets/MachineBrigade/Resources/Data/maps/lighthousebay_long.json,
Assets/MachineBrigade/Resources/Data/maps/lighthousebay_sandbox.json,json,158035,846ae84611e0222ca7ae21c84718fdff136a85201cea49f9a0491de734dec93d,10789,0,0,10789,0,08_ban_do (chờ),CHO,Assets/MachineBrigade/Resources/Data/maps/lighthousebay_sandbox.json,
Assets/MachineBrigade/Resources/Data/maps/lighthousebay_siege.json,json,169129,3bd1c302a5c788c375768d4ba173853e3d0901f5321ac3f9d45e83cba831b43d,11891,0,0,11891,0,08_ban_do (chờ),CHO,Assets/MachineBrigade/Resources/Data/maps/lighthousebay_siege.json,
Assets/MachineBrigade/Resources/Data/maps/metrocity_conquest.json,json,39294,fe7dbc701a3cd0a0009e2787efd09a9443733dbcbff77476718ec5c2575204aa,2994,0,0,2994,0,08_ban_do (chờ),CHO,Assets/MachineBrigade/Resources/Data/maps/metrocity_conquest.json,
Assets/MachineBrigade/Resources/Data/maps/metrocity_long.json,json,64199,8204d94f451440d30c4391a075abf091a5f7987518d7791d1c157cc5045a6b22,5013,0,0,5013,0,08_ban_do (chờ),CHO,Assets/MachineBrigade/Resources/Data/maps/metrocity_long.json,
Assets/MachineBrigade/Resources/Data/maps/metrocity_sandbox.json,json,34760,0081436e60363a7d9c9794a751e4ff20154b570fa69e032769f6472390afbca6,2703,0,0,2703,0,08_ban_do (chờ),CHO,Assets/MachineBrigade/Resources/Data/maps/metrocity_sandbox.json,
Assets/MachineBrigade/Resources/Data/maps/metrocity_siege.json,json,44512,09e3ba6baed4a1d0e8c25e93641ee8efc03b28e6c8c556eba98fe538053466e2,3589,0,0,3589,0,08_ban_do (chờ),CHO,Assets/MachineBrigade/Resources/Data/maps/metrocity_siege.json,
Assets/MachineBrigade/Resources/Data/maps/openpit_conquest.json,json,53069,a61da4d275acabb20b26f4ec145da83754319e1f9195d54545726bb98071382f,4840,0,0,4840,0,08_ban_do (chờ),CHO,Assets/MachineBrigade/Resources/Data/maps/openpit_conquest.json,
Assets/MachineBrigade/Resources/Data/maps/openpit_long.json,json,89504,0aae0a1e14dc62a2b87c232b66eb195c43976d818ef02a96c681048591ab27ce,8173,0,0,8173,0,08_ban_do (chờ),CHO,Assets/MachineBrigade/Resources/Data/maps/openpit_long.json,
Assets/MachineBrigade/Resources/Data/maps/openpit_sandbox.json,json,49247,24d6d7c87f507735099e8fbe54398bbeac38b580cde3d46641bc58a72f8ea126,4605,0,0,4605,0,08_ban_do (chờ),CHO,Assets/MachineBrigade/Resources/Data/maps/openpit_sandbox.json,
Assets/MachineBrigade/Resources/Data/maps/openpit_siege.json,json,59896,c1071c253b1aa13ab67de29367b5302e3ea721492d90089341006d335c2d6d9e,5755,0,0,5755,0,08_ban_do (chờ),CHO,Assets/MachineBrigade/Resources/Data/maps/openpit_siege.json,
Assets/MachineBrigade/Resources/Data/maps/orbitalgate_conquest.json,json,61411,29fa7ab4a497c5b0a7d5ece656aa02cd551fd52b7e258a291487f967b4642642,5095,0,0,5095,0,08_ban_do (chờ),CHO,Assets/MachineBrigade/Resources/Data/maps/orbitalgate_conquest.json,
Assets/MachineBrigade/Resources/Data/maps/orbitalgate_long.json,json,96466,850346afc19c0a88de029744ffa0e47107df989011afa74fde61d6b0e609beb1,8360,0,0,8360,0,08_ban_do (chờ),CHO,Assets/MachineBrigade/Resources/Data/maps/orbitalgate_long.json,
Assets/MachineBrigade/Resources/Data/maps/orbitalgate_sandbox.json,json,57108,714f9e9a098aad7bab6af3a7209f7299cb3d2e9085a4141d3519e0f39d4e8a5d,4826,0,0,4826,0,08_ban_do (chờ),CHO,Assets/MachineBrigade/Resources/Data/maps/orbitalgate_sandbox.json,
Assets/MachineBrigade/Resources/Data/maps/orbitalgate_siege.json,json,68965,c81ecdcb794a9b5946e2b4a9605765774a1465c7e9c51d0870f4d4d04b54d899,6011,0,0,6011,0,08_ban_do (chờ),CHO,Assets/MachineBrigade/Resources/Data/maps/orbitalgate_siege.json,
Assets/MachineBrigade/Resources/Data/maps/redrock_conquest.json,json,60539,b7de69c293989fd318f0886ce38d5562f90310c1be0b250985f4063bb97d57ff,4892,0,0,4892,0,08_ban_do (chờ),CHO,Assets/MachineBrigade/Resources/Data/maps/redrock_conquest.json,
Assets/MachineBrigade/Resources/Data/maps/redrock_long.json,json,98937,48abf0f600a92baedac6f5f0555dae6df5ed68a19da448b8a818951c88bbf07f,8538,0,0,8538,0,08_ban_do (chờ),CHO,Assets/MachineBrigade/Resources/Data/maps/redrock_long.json,
Assets/MachineBrigade/Resources/Data/maps/redrock_sandbox.json,json,56035,cd6b0d76fae87a4b23b980170a8651ea0fedab3a5647eaf53725ce38cb8b2665,4603,0,0,4603,0,08_ban_do (chờ),CHO,Assets/MachineBrigade/Resources/Data/maps/redrock_sandbox.json,
Assets/MachineBrigade/Resources/Data/maps/redrock_siege.json,json,70461,1ebea8056621ac4377b4ab4e659030dd2cfe3d76d97d2bfaec9c75350179c83f,6171,0,0,6171,0,08_ban_do (chờ),CHO,Assets/MachineBrigade/Resources/Data/maps/redrock_siege.json,
Assets/MachineBrigade/Resources/Data/maps/rustyard_conquest.json,json,47670,babb3b4777e555fa75ba164e529bfea8616c50966119567b84a6f0b4a312439e,3787,0,0,3787,0,08_ban_do (chờ),CHO,Assets/MachineBrigade/Resources/Data/maps/rustyard_conquest.json,
Assets/MachineBrigade/Resources/Data/maps/rustyard_long.json,json,76191,f1d05c532da8eadc8ca949d001606e4fe9b45763d2a334c4edc247ecb8c0cee9,6190,0,0,6190,0,08_ban_do (chờ),CHO,Assets/MachineBrigade/Resources/Data/maps/rustyard_long.json,
Assets/MachineBrigade/Resources/Data/maps/rustyard_sandbox.json,json,43205,ec5f5298dfc5c79074be78e11f156c0e2e1e4303297f77c0ef6c8bb35145f7e1,3503,0,0,3503,0,08_ban_do (chờ),CHO,Assets/MachineBrigade/Resources/Data/maps/rustyard_sandbox.json,
Assets/MachineBrigade/Resources/Data/maps/rustyard_siege.json,json,51815,4b710dea904d0c66d7d27340e1647a485f06aa82dfeeb88b77fd0165f736c217,4267,0,0,4267,0,08_ban_do (chờ),CHO,Assets/MachineBrigade/Resources/Data/maps/rustyard_siege.json,
Assets/MachineBrigade/Resources/Data/maps/saltflat_conquest.json,json,32030,2b0e112008247268c704dc13ef3df3af1cf5fc9245ed24eca7f3fcd684525a4d,2851,0,0,2851,0,08_ban_do (chờ),CHO,Assets/MachineBrigade/Resources/Data/maps/saltflat_conquest.json,
Assets/MachineBrigade/Resources/Data/maps/saltflat_long.json,json,64074,e1047bd06bc91a7f45e8178b858f4bd2d74cfa325da79b530aa233a2efc4cd61,5570,0,0,5570,0,08_ban_do (chờ),CHO,Assets/MachineBrigade/Resources/Data/maps/saltflat_long.json,
Assets/MachineBrigade/Resources/Data/maps/saltflat_sandbox.json,json,27573,d4da396d09270496bc61b52fafc7b1bc2d92d4699aca29660d8efff1c9672ba9,2567,0,0,2567,0,08_ban_do (chờ),CHO,Assets/MachineBrigade/Resources/Data/maps/saltflat_sandbox.json,
Assets/MachineBrigade/Resources/Data/maps/saltflat_siege.json,json,41159,0c645c303736ac8c1d351725446bdcfcf32b8b860a3fdecad271ae6b8df6fff5,3819,0,0,3819,0,08_ban_do (chờ),CHO,Assets/MachineBrigade/Resources/Data/maps/saltflat_siege.json,
Assets/MachineBrigade/Resources/Data/maps/skyhold_conquest.json,json,46233,e583eca1914fef229f6d793013a9d9b2baf1e3897e2a0d47072d66e4348acca4,3555,0,0,3555,0,08_ban_do (chờ),CHO,Assets/MachineBrigade/Resources/Data/maps/skyhold_conquest.json,
Assets/MachineBrigade/Resources/Data/maps/skyhold_long.json,json,73256,cefb240f12895ffc25247d747cdcca647b3e3218b3e059e7d4bbf83f9793480c,5851,0,0,5851,0,08_ban_do (chờ),CHO,Assets/MachineBrigade/Resources/Data/maps/skyhold_long.json,
Assets/MachineBrigade/Resources/Data/maps/skyhold_sandbox.json,json,41716,fc8453c577303689b902a4572825f312b792eda9dd6159d998dc14cc93f0dc51,3266,0,0,3266,0,08_ban_do (chờ),CHO,Assets/MachineBrigade/Resources/Data/maps/skyhold_sandbox.json,
Assets/MachineBrigade/Resources/Data/maps/skyhold_siege.json,json,50197,f01d91f513bce896c4f007faa4fe814b619b49fbe323d5ad8b2ad70e075d5370,4059,0,0,4059,0,08_ban_do (chờ),CHO,Assets/MachineBrigade/Resources/Data/maps/skyhold_siege.json,
Assets/MachineBrigade/Resources/Data/maps/swamp_conquest.json,json,166792,54e9a36e48862dc00ec7a5bc88c4a1d3fc45384e470903b9dffdfdf1b0998e2a,11225,0,0,11225,0,08_ban_do (chờ),CHO,Assets/MachineBrigade/Resources/Data/maps/swamp_conquest.json,
Assets/MachineBrigade/Resources/Data/maps/swamp_long.json,json,193167,0bd2e7bd8985df419437128fb743179dda4d6018c1eabe3920a6c4144d032939,13179,0,0,13179,0,08_ban_do (chờ),CHO,Assets/MachineBrigade/Resources/Data/maps/swamp_long.json,
Assets/MachineBrigade/Resources/Data/maps/swamp_sandbox.json,json,162121,97bbbe201c1ef9444f0a281b651b754a789757f50fb8c82fabcba44bb35b5ff5,10924,0,0,10924,0,08_ban_do (chờ),CHO,Assets/MachineBrigade/Resources/Data/maps/swamp_sandbox.json,
Assets/MachineBrigade/Resources/Data/maps/swamp_siege.json,json,163353,541b17763ec1585cfa1e91efca3e21a338e1b8ef11240c4e49b0aa737f6212c8,11173,0,0,11173,0,08_ban_do (chờ),CHO,Assets/MachineBrigade/Resources/Data/maps/swamp_siege.json,
Assets/MachineBrigade/Resources/Data/maps/veyra_old_quarter_conquest.json,json,42099,c760633aded7ba29130938502f94ddd19a47d18c3eb601095a233688c1e2c773,3815,0,0,3815,0,08_ban_do (chờ),CHO,Assets/MachineBrigade/Resources/Data/maps/veyra_old_quarter_conquest.json,
Assets/MachineBrigade/Resources/Data/maps/veyra_old_quarter_long.json,json,86855,4a6718147d6f565e7f441fd3129743193a5f37330a016b25d2539666d9e8fa5e,8513,0,0,8513,0,08_ban_do (chờ),CHO,Assets/MachineBrigade/Resources/Data/maps/veyra_old_quarter_long.json,
Assets/MachineBrigade/Resources/Data/maps/veyra_old_quarter_sandbox.json,json,37697,7fd31a1a785ebc4e7ffd35c40d8edba543d1b1cfa6e9d3f3beeb0ca3cd5f206e,3536,0,0,3536,0,08_ban_do (chờ),CHO,Assets/MachineBrigade/Resources/Data/maps/veyra_old_quarter_sandbox.json,
Assets/MachineBrigade/Resources/Data/maps/veyra_old_quarter_siege.json,json,64057,18a2e5a6ccf69ded2fb0253b057e5b1abd960fecc4d8397c6c7699cdc1b081fa,6508,0,0,6508,0,08_ban_do (chờ),CHO,Assets/MachineBrigade/Resources/Data/maps/veyra_old_quarter_siege.json,
Assets/MachineBrigade/Resources/Data/maps/whiteout_conquest.json,json,80364,3f37a7935f21ca46cf8d36774969c74912a98e201d21d9e10e375f6ed15946b5,7037,0,0,7037,0,08_ban_do (chờ),CHO,Assets/MachineBrigade/Resources/Data/maps/whiteout_conquest.json,
Assets/MachineBrigade/Resources/Data/maps/whiteout_long.json,json,117940,882bf0564bf2a1f015b7c1d0fee27c5a35522b7fd487f6f9de00b0f8a0a6ea2b,10799,0,0,10799,0,08_ban_do (chờ),CHO,Assets/MachineBrigade/Resources/Data/maps/whiteout_long.json,
Assets/MachineBrigade/Resources/Data/maps/whiteout_sandbox.json,json,75851,c940f373ff3766b01d42d769a1fc29016871d03af45e2cf722bd82d21ee6853d,6748,0,0,6748,0,08_ban_do (chờ),CHO,Assets/MachineBrigade/Resources/Data/maps/whiteout_sandbox.json,
Assets/MachineBrigade/Resources/Data/maps/whiteout_siege.json,json,82841,95c16c794ca7cd5230acf80b664576561be5f233e5cea80ea475b78eb1e70e24,7676,0,0,7676,0,08_ban_do (chờ),CHO,Assets/MachineBrigade/Resources/Data/maps/whiteout_siege.json,
Assets/MachineBrigade/Resources/Data/operations.json,json,3547,cafabfb1f6858c9422b47c999bf18ac85360661c769863a8046bebda9c8d59f8,108,0,0,108,0,05_che_do_kinh_te (chờ),CHO,Assets/MachineBrigade/Resources/Data/operations.json,
Assets/MachineBrigade/Resources/Data/release.json,json,867,f59cd34a4b837b5ee2305663416d3d5f9118463a0e98b768cf3294a3e1b4e254,6,0,0,6,0,07_chien_dich_cot_truyen (chờ),CHO,Assets/MachineBrigade/Resources/Data/release.json,
Assets/MachineBrigade/Resources/Data/script/ch01.json,json,26173,8ef294bf6364fa9a72f5a9ac1fdf907eb2099d6ed71d6ee9b1755ca297690da4,692,0,0,692,0,07_chien_dich_cot_truyen (chờ),CHO,Assets/MachineBrigade/Resources/Data/script/ch01.json,
Assets/MachineBrigade/Resources/Data/script/ch02.json,json,33203,9de2152b19072e88f730ac5f4b1335481ca208c08b05767d66c4454a9d99c3ea,911,0,0,911,0,07_chien_dich_cot_truyen (chờ),CHO,Assets/MachineBrigade/Resources/Data/script/ch02.json,
Assets/MachineBrigade/Resources/Data/script/ch03.json,json,33838,cde69b2820eb9a4afa9427155cb1414164260305dc43993867ad399c69dfe7a5,931,0,0,931,0,07_chien_dich_cot_truyen (chờ),CHO,Assets/MachineBrigade/Resources/Data/script/ch03.json,
Assets/MachineBrigade/Resources/Data/script/ch04.json,json,48981,541e3f64a4a3fc7f93fb95a942ed263774a09547b91c15b80fcd3e502c516b20,1377,0,0,1377,0,07_chien_dich_cot_truyen (chờ),CHO,Assets/MachineBrigade/Resources/Data/script/ch04.json,
Assets/MachineBrigade/Resources/Data/script/ch05.json,json,36984,eba6b07878c451906c629b587c09846b676cefe3beb2d07215e56d81ef6db3be,1014,0,0,1014,0,07_chien_dich_cot_truyen (chờ),CHO,Assets/MachineBrigade/Resources/Data/script/ch05.json,
Assets/MachineBrigade/Resources/Data/script/ch06.json,json,45518,6ceab5cd5157375e8ab8f41c30e3dd339d702c60818c5c501bd9bd84efeb007a,1284,0,0,1284,0,07_chien_dich_cot_truyen (chờ),CHO,Assets/MachineBrigade/Resources/Data/script/ch06.json,
Assets/MachineBrigade/Resources/Data/script/ch07.json,json,45791,c1a52411e514daba6401822cc96ee40dec0b698ef1b7c30143b12aaddda5b447,1255,0,0,1255,0,07_chien_dich_cot_truyen (chờ),CHO,Assets/MachineBrigade/Resources/Data/script/ch07.json,
Assets/MachineBrigade/Resources/Data/script/ch08.json,json,39282,206b64d1ddf3d9778d3f8bb37c6fe1ee6a22d07143bfd991abd5481fe5ca4eb8,1082,0,0,1082,0,07_chien_dich_cot_truyen (chờ),CHO,Assets/MachineBrigade/Resources/Data/script/ch08.json,
Assets/MachineBrigade/Resources/Data/script/ch09.json,json,38560,37c3e08db2905d601c987616ed09c5e2d2182f7ae309c6154940f4243fa76ec4,1097,0,0,1097,0,07_chien_dich_cot_truyen (chờ),CHO,Assets/MachineBrigade/Resources/Data/script/ch09.json,
Assets/MachineBrigade/Resources/Data/script/ch10.json,json,39011,493965399c6e00e369263a7914a27804762634f98021383333e9c8de8153dbeb,1122,0,0,1122,0,07_chien_dich_cot_truyen (chờ),CHO,Assets/MachineBrigade/Resources/Data/script/ch10.json,
Assets/MachineBrigade/Resources/Data/script/ch11.json,json,35439,17164247c39e7f55b09e51b85e49693bea188fad7fe4b1d4ab382a684e00f438,1002,0,0,1002,0,07_chien_dich_cot_truyen (chờ),CHO,Assets/MachineBrigade/Resources/Data/script/ch11.json,
Assets/MachineBrigade/Resources/Data/script/ch12.json,json,27518,cfa9408a46274350543b89033f24d1524aad197c6b13291f16bf4a1b3022c36c,775,0,0,775,0,07_chien_dich_cot_truyen (chờ),CHO,Assets/MachineBrigade/Resources/Data/script/ch12.json,
Assets/MachineBrigade/Resources/Data/script/ch13.json,json,11022,b298b1add0e786237c737e135175b74b847013303c253bc8e6b0420013f6c88a,296,0,0,296,0,07_chien_dich_cot_truyen (chờ),CHO,Assets/MachineBrigade/Resources/Data/script/ch13.json,
Assets/MachineBrigade/Resources/Data/script/ch14.json,json,13154,734061147d6c407bc227a405f937bea9357edd39147c24d55f94df0c26d90cc7,367,0,0,367,0,07_chien_dich_cot_truyen (chờ),CHO,Assets/MachineBrigade/Resources/Data/script/ch14.json,
Assets/MachineBrigade/Resources/Data/script/ch15.json,json,12170,0ef53f9d59b69509ba79ddb6ff58a36d0ba301c604c2a4daf741bcb2106a1933,338,0,0,338,0,07_chien_dich_cot_truyen (chờ),CHO,Assets/MachineBrigade/Resources/Data/script/ch15.json,
Assets/MachineBrigade/Resources/Data/script/speakers.json,json,4864,93b4f71a9bd58d15d5a826364a22ee15559ce0bef297049ed0b08eff1526ff3b,150,0,0,150,0,07_chien_dich_cot_truyen (chờ),CHO,Assets/MachineBrigade/Resources/Data/script/speakers.json,
Assets/MachineBrigade/Resources/Licenses/OFL-Barlow.txt,txt,4470,186d750eb496a4c17a76385f82be6aea2ac1cf2de074a811d63786cf374ea73f,75,0,0,75,0,10_model_tai_san (chờ),CHO,Assets/MachineBrigade/Resources/Licenses/OFL-Barlow.txt,
Assets/MachineBrigade/Resources/Licenses/OFL-BarlowCondensed.txt,txt,4470,186d750eb496a4c17a76385f82be6aea2ac1cf2de074a811d63786cf374ea73f,75,0,0,75,0,10_model_tai_san (chờ),CHO,Assets/MachineBrigade/Resources/Licenses/OFL-BarlowCondensed.txt,
Assets/MachineBrigade/Resources/Licenses/OFL-BeVietnamPro.txt,txt,4490,6b7f8f73609a25ea78c891e34cf37b06f8a676b7ea986e941e43b009110f2a85,75,0,0,75,0,10_model_tai_san (chờ),CHO,Assets/MachineBrigade/Resources/Licenses/OFL-BeVietnamPro.txt,
Assets/MachineBrigade/Resources/Licenses/OFL-Inter.txt,txt,4470,5b9321a4298cfeb6b34354164a1c3afc3db114569984c502b9b35d988fd58c57,75,0,0,75,0,10_model_tai_san (chờ),CHO,Assets/MachineBrigade/Resources/Licenses/OFL-Inter.txt,
Assets/MachineBrigade/Resources/Licenses/OFL-JetBrainsMono.txt,txt,4492,b2fe5e8987594e9ffd1d2ca52a2f5d73eb8335243893c5d6254b5ad69269591d,74,0,0,74,0,10_model_tai_san (chờ),CHO,Assets/MachineBrigade/Resources/Licenses/OFL-JetBrainsMono.txt,
Assets/MachineBrigade/Resources/Models/aa_57mm_vehicle.glb,glb,386260,7cf37eb90e8e810180f5caee9645d5a35fa2f19171cc63f531b4d3cc05e3faa8,80,0,0,80,0,10_model_tai_san (chờ),CHO,Assets/MachineBrigade/Resources/Models/aa_57mm_vehicle.glb,
Assets/MachineBrigade/Resources/Models/aa_gun_tower.glb,glb,101308,2a480a3f0ee4c6dede53d1d3c6f0d20ee139fa1e62038bede4adf14bee321284,31,0,0,31,0,10_model_tai_san (chờ),CHO,Assets/MachineBrigade/Resources/Models/aa_gun_tower.glb,
Assets/MachineBrigade/Resources/Models/aa_gun_vehicle.glb,glb,228224,396de06c317f142f20093e6f29bb60ba42ab32264be781debc3e234d48cd8e69,54,0,0,54,0,10_model_tai_san (chờ),CHO,Assets/MachineBrigade/Resources/Models/aa_gun_vehicle.glb,
Assets/MachineBrigade/Resources/Models/aa_turret.glb,glb,426372,a3895f017ee5da4fb36570e63c1ad00bd984119f1b55bc034b2d1766d034dea5,78,0,0,78,0,10_model_tai_san (chờ),CHO,Assets/MachineBrigade/Resources/Models/aa_turret.glb,
Assets/MachineBrigade/Resources/Models/aa_turret_a.glb,glb,444200,97a9a79bf0421b151e80259855745936214aed5a3e9e857d96c3025a1d4d965e,77,0,0,77,0,10_model_tai_san (chờ),CHO,Assets/MachineBrigade/Resources/Models/aa_turret_a.glb,
Assets/MachineBrigade/Resources/Models/aa_turret_b.glb,glb,183688,3c9e0c27803bc5dd789f7e6e7fb72c029cf2700bc82737953f18ae61e65305eb,71,0,0,71,0,10_model_tai_san (chờ),CHO,Assets/MachineBrigade/Resources/Models/aa_turret_b.glb,
Assets/MachineBrigade/Resources/Models/aa_vehicle.glb,glb,310244,a87b82ea42bc46ada049e7f60b5302bab62943330e167186b633f08231a2952e,73,0,0,73,0,10_model_tai_san (chờ),CHO,Assets/MachineBrigade/Resources/Models/aa_vehicle.glb,
Assets/MachineBrigade/Resources/Models/aa_vehicle_hd.glb,glb,800012,e1cf286b6a9d391a630fa10537beb5e03421e87bb953aa5c55f83057c77a2acc,85,0,0,85,0,10_model_tai_san (chờ),CHO,Assets/MachineBrigade/Resources/Models/aa_vehicle_hd.glb,
Assets/MachineBrigade/Resources/Models/adobe_house.glb,glb,137944,199b4246cbac79c67e6af03e9c475b11bf02d9a386c1a7eacadf000184f25d01,48,0,0,48,0,10_model_tai_san (chờ),CHO,Assets/MachineBrigade/Resources/Models/adobe_house.glb,
Assets/MachineBrigade/Resources/Models/adobe_large.glb,glb,314764,41dec5f5830d50e80b7619981b16d31ad00cf1c58c1a3142c21bdc94c84191ff,70,0,0,70,0,10_model_tai_san (chờ),CHO,Assets/MachineBrigade/Resources/Models/adobe_large.glb,
Assets/MachineBrigade/Resources/Models/aerial_tanker.glb,glb,271584,dd5809a5942d333d6455dec97705351fb493dbbc707f17fca40bed947405c68b,65,0,0,65,0,10_model_tai_san (chờ),CHO,Assets/MachineBrigade/Resources/Models/aerial_tanker.glb,
Assets/MachineBrigade/Resources/Models/aim9.glb,glb,26812,67aab34b557973a3c737570180a0d9ff2c8b3e97134138185fc85b3822495086,29,0,0,29,0,10_model_tai_san (chờ),CHO,Assets/MachineBrigade/Resources/Models/aim9.glb,
Assets/MachineBrigade/Resources/Models/aim120.glb,glb,22644,9c6ec55024e4615559336527da02b1051f72abe2187b86b28b6992a50962e32f,23,0,0,23,0,10_model_tai_san (chờ),CHO,Assets/MachineBrigade/Resources/Models/aim120.glb,
Assets/MachineBrigade/Resources/Models/airborne_light_tank.glb,glb,351436,b82ad6437e0981ed345f979266656e1263aebfc12af366fcd2089652c9596738,71,0,0,71,0,10_model_tai_san (chờ),CHO,Assets/MachineBrigade/Resources/Models/airborne_light_tank.glb,
Assets/MachineBrigade/Resources/Models/airborne_light_tank_chute.glb,glb,228424,66ab17636ecb8179df57ea0d5f6c0443be38fff0a8ed755be4e537a4481a9af9,49,0,0,49,0,10_model_tai_san (chờ),CHO,Assets/MachineBrigade/Resources/Models/airborne_light_tank_chute.glb,
Assets/MachineBrigade/Resources/Models/airborne_vehicle.glb,glb,205704,aa7f20cef1cc62e58b2bc0cc8cb480385b4841adb9836e5a0638d7c7d64001b9,48,0,0,48,0,10_model_tai_san (chờ),CHO,Assets/MachineBrigade/Resources/Models/airborne_vehicle.glb,
Assets/MachineBrigade/Resources/Models/airborne_vehicle_chute.glb,glb,220852,e18ade08bbdc7bf8ad4eca3c30d17da9f25874d177794bcb916dc7595a29cd7b,42,0,0,42,0,10_model_tai_san (chờ),CHO,Assets/MachineBrigade/Resources/Models/airborne_vehicle_chute.glb,
Assets/MachineBrigade/Resources/Models/ammo_carrier.glb,glb,245700,ead281b65597812a40296ffc3cbbb22e97c7cbc44c75573a4ea6cda65d5ef831,58,0,0,58,0,10_model_tai_san (chờ),CHO,Assets/MachineBrigade/Resources/Models/ammo_carrier.glb,
Assets/MachineBrigade/Resources/Models/ammo_crate.glb,glb,30160,3fc586f0f31d592b3722c5ce697fbc0f7ab6e6bdb2aef7c1c3cc7f90fd6c5d3d,10,0,0,10,0,10_model_tai_san (chờ),CHO,Assets/MachineBrigade/Resources/Models/ammo_crate.glb,
Assets/MachineBrigade/Resources/Models/ammo_dump.glb,glb,349508,c7227cf66856a89ad563fc0de08df810295528aea178c0db62b6c67cb8f578a0,67,0,0,67,0,10_model_tai_san (chờ),CHO,Assets/MachineBrigade/Resources/Models/ammo_dump.glb,
Assets/MachineBrigade/Resources/Models/amphib_light_vehicle.glb,glb,294676,04f39c710e061bccae29cdb7fe37b435858b7e1d56742e3d9d1ca90962d8f0e8,63,0,0,63,0,10_model_tai_san (chờ),CHO,Assets/MachineBrigade/Resources/Models/amphib_light_vehicle.glb,
Assets/MachineBrigade/Resources/Models/apartment.glb,glb,447068,09b786afb2eadaf61a90a92d0879b50dc483ab87971c85519be7af934aef4c02,52,0,0,52,0,10_model_tai_san (chờ),CHO,Assets/MachineBrigade/Resources/Models/apartment.glb,
Assets/MachineBrigade/Resources/Models/apc.glb,glb,444132,99c814c25855b5547d34101a07ff2621ac78391f2b69da4c031d536ba4f4b1c3,95,0,0,95,0,10_model_tai_san (chờ),CHO,Assets/MachineBrigade/Resources/Models/apc.glb,
Assets/MachineBrigade/Resources/Models/apc_hd.glb,glb,1136668,3a8e845635d477ddd262d56971fd7727c902e4df057cb510c96a186e1c74154d,127,0,0,127,0,10_model_tai_san (chờ),CHO,Assets/MachineBrigade/Resources/Models/apc_hd.glb,
Assets/MachineBrigade/Resources/Models/apfsds.glb,glb,12460,a1869c6267871d49e4c77066857498f3d6f49cd943f9e7917351933837e3b3b3,14,0,0,14,0,10_model_tai_san (chờ),CHO,Assets/MachineBrigade/Resources/Models/apfsds.glb,
Assets/MachineBrigade/Resources/Models/aps_tank.glb,glb,544440,e4f424fdbf668776abdffbeda7ba14ca8d249c65173a4932dd40bbe97ad09243,114,0,0,114,0,10_model_tai_san (chờ),CHO,Assets/MachineBrigade/Resources/Models/aps_tank.glb,
Assets/MachineBrigade/Resources/Models/armed_truck.glb,glb,230752,0828f8fb59eb43618d20fbad813bc4b74e8fbdd4cca47043af32b3ee47c8f3f4,60,0,0,60,0,10_model_tai_san (chờ),CHO,Assets/MachineBrigade/Resources/Models/armed_truck.glb,
Assets/MachineBrigade/Resources/Models/armored_bulldozer.glb,glb,220968,5d38a92cef901c0b0438d4b787fcf3b1bade68e20cc7864a931243f3f1735a2f,54,0,0,54,0,10_model_tai_san (chờ),CHO,Assets/MachineBrigade/Resources/Models/armored_bulldozer.glb,
Assets/MachineBrigade/Resources/Models/armored_car.glb,glb,180844,5b4c0c64a40ba9f11a99d7932cd368667c31b5c9b2e962105e860b3c1f424a45,75,0,0,75,0,10_model_tai_san (chờ),CHO,Assets/MachineBrigade/Resources/Models/armored_car.glb,
Assets/MachineBrigade/Resources/Models/armored_train.glb,glb,1344332,854a97df65080373b53307431cfeb5b0d0b274dc1d5f69dfb5caa80070b726f3,146,0,0,146,0,10_model_tai_san (chờ),CHO,Assets/MachineBrigade/Resources/Models/armored_train.glb,
Assets/MachineBrigade/Resources/Models/artillery.glb,glb,331012,b239b70069be07b7359a33c5f07516ee6313b0c55f48750e5ded9b4b65d062e0,73,0,0,73,0,10_model_tai_san (chờ),CHO,Assets/MachineBrigade/Resources/Models/artillery.glb,
Assets/MachineBrigade/Resources/Models/artillery_emplacement.glb,glb,540960,c35b630b727e03fdccb0f0b2593cf3755442daff21d72b74c2861b3c272c1657,81,0,0,81,0,10_model_tai_san (chờ),CHO,Assets/MachineBrigade/Resources/Models/artillery_emplacement.glb,
Assets/MachineBrigade/Resources/Models/artillery_emplacement_a.glb,glb,570308,5b66a65ef6029ee8e9277250971e866763f094f357bb070cd88c7766a3d20600,96,0,0,96,0,10_model_tai_san (chờ),CHO,Assets/MachineBrigade/Resources/Models/artillery_emplacement_a.glb,
Assets/MachineBrigade/Resources/Models/artillery_emplacement_b.glb,glb,421296,580d73ebcb40969057e5e168ba3249703cb86db181c38079d7ebdff52f877b7a,77,0,0,77,0,10_model_tai_san (chờ),CHO,Assets/MachineBrigade/Resources/Models/artillery_emplacement_b.glb,
Assets/MachineBrigade/Resources/Models/artillery_hd.glb,glb,792112,e5b33a9516a4f56a04f77c5b18473c5bc522195c53e80f597169dfb54ff41899,96,0,0,96,0,10_model_tai_san (chờ),CHO,Assets/MachineBrigade/Resources/Models/artillery_hd.glb,
Assets/MachineBrigade/Resources/Models/artillery_wreck.glb,glb,150948,3fcb92b83a97a5fe81f88a4bf8fe3fd91f4ed8e435f97628762c50253b3da9a7,20,0,0,20,0,10_model_tai_san (chờ),CHO,Assets/MachineBrigade/Resources/Models/artillery_wreck.glb,
Assets/MachineBrigade/Resources/Models/at_gun_emplacement.glb,glb,82040,1cfeae82bba7e490fa9daa253e493cfb60dff720c964def1c80994218cc58716,25,0,0,25,0,10_model_tai_san (chờ),CHO,Assets/MachineBrigade/Resources/Models/at_gun_emplacement.glb,
Assets/MachineBrigade/Resources/Models/atgm_ataka.glb,glb,18916,122af8e4aa7f1cc1bcf0e922c9fb5eff8cc473b4bb9effb5c02292f838df2a4d,19,0,0,19,0,10_model_tai_san (chờ),CHO,Assets/MachineBrigade/Resources/Models/atgm_ataka.glb,
Assets/MachineBrigade/Resources/Models/atgm_carrier.glb,glb,488884,15c62e2ea20bd34952772f7a37251d0dde321808530c4d058fbb7a44ba8f9bff,99,0,0,99,0,10_model_tai_san (chờ),CHO,Assets/MachineBrigade/Resources/Models/atgm_carrier.glb,
Assets/MachineBrigade/Resources/Models/atgm_kornet.glb,glb,25180,4a8e731bf91bf42d190a7f9a682d3d7fc4648da5f737773817e0e3b800ca38cd,22,0,0,22,0,10_model_tai_san (chờ),CHO,Assets/MachineBrigade/Resources/Models/atgm_kornet.glb,
Assets/MachineBrigade/Resources/Models/atgm_tow.glb,glb,26512,3fc0bc46c6d419d760fed6567d607857225caaf064b45dc09564bb1900b69fa9,23,0,0,23,0,10_model_tai_san (chờ),CHO,Assets/MachineBrigade/Resources/Models/atgm_tow.glb,
Assets/MachineBrigade/Resources/Models/atgm_tower.glb,glb,381232,404bb2bbd7c9faf4a578d427fe8e3decff13953e6bc896c5c67fec1b5a6a7cdc,118,0,0,118,0,10_model_tai_san (chờ),CHO,Assets/MachineBrigade/Resources/Models/atgm_tower.glb,
Assets/MachineBrigade/Resources/Models/atgm_tower_a.glb,glb,413072,b77459fc3891d99c8e3a505c77e39ef954c5b241fdfb388fb3b4e1ac0b50ad09,130,0,0,130,0,10_model_tai_san (chờ),CHO,Assets/MachineBrigade/Resources/Models/atgm_tower_a.glb,
Assets/MachineBrigade/Resources/Models/atgm_tower_b.glb,glb,413068,03fe336c3c6e396ed30f3d32ebd5328f769df89e3557f8559ebbc25bd0183247,127,0,0,127,0,10_model_tai_san (chờ),CHO,Assets/MachineBrigade/Resources/Models/atgm_tower_b.glb,
Assets/MachineBrigade/Resources/Models/attack_helicopter.glb,glb,319804,4b96043b8a5911586c2f27755251e8a3264c8afe0c0ab9d559d685eb987e425b,83,0,0,83,0,10_model_tai_san (chờ),CHO,Assets/MachineBrigade/Resources/Models/attack_helicopter.glb,
Assets/MachineBrigade/Resources/Models/attack_helicopter_hd.glb,glb,490456,cce7b636ead6cb64516aa616337132632560cd57c83958cb55806efc25425e1a,99,0,0,99,0,10_model_tai_san (chờ),CHO,Assets/MachineBrigade/Resources/Models/attack_helicopter_hd.glb,
Assets/MachineBrigade/Resources/Models/attack_jet.glb,glb,230576,78a41348e62c6430a51884498da07087297b2cf13a25bc557b4ae555b61dd7a3,112,0,0,112,0,10_model_tai_san (chờ),CHO,Assets/MachineBrigade/Resources/Models/attack_jet.glb,
Assets/MachineBrigade/Resources/Models/attack_jet_hd.glb,glb,309352,c59e4171563d0594f6931ad99470bc6f2adcb7deceb6ff5835afddafd4f253c4,126,0,0,126,0,10_model_tai_san (chờ),CHO,Assets/MachineBrigade/Resources/Models/attack_jet_hd.glb,
Assets/MachineBrigade/Resources/Models/auto_loader_howitzer.glb,glb,411304,740cb8177d66b132e3c32b140fed81a096b2f9bcf08438e22c7eaeabdef88d8f,82,0,0,82,0,10_model_tai_san (chờ),CHO,Assets/MachineBrigade/Resources/Models/auto_loader_howitzer.glb,
Assets/MachineBrigade/Resources/Models/ballistic_launcher.glb,glb,183412,15aa44f23615708d374ff71d198654fd98f1932c371ab9fe0b0203c87e81e5c6,61,0,0,61,0,10_model_tai_san (chờ),CHO,Assets/MachineBrigade/Resources/Models/ballistic_launcher.glb,
Assets/MachineBrigade/Resources/Models/ballistic_missile.glb,glb,66820,2fa8504123f8ee73c05df99b210d90fa1cc27d7aaa5634403efe626acde3653a,25,0,0,25,0,10_model_tai_san (chờ),CHO,Assets/MachineBrigade/Resources/Models/ballistic_missile.glb,
Assets/MachineBrigade/Resources/Models/bamboo_clump.glb,glb,114848,df1c60f40e0df78a6eb80a6744659c015d6fc172e0642829b4ed9b95fc0c4540,19,0,0,19,0,10_model_tai_san (chờ),CHO,Assets/MachineBrigade/Resources/Models/bamboo_clump.glb,
Assets/MachineBrigade/Resources/Models/barn.glb,glb,219164,ff00717e2202b852bd7d7289a874d431f20e5f62b2d5c10798cb95b754627a48,51,0,0,51,0,10_model_tai_san (chờ),CHO,Assets/MachineBrigade/Resources/Models/barn.glb,
Assets/MachineBrigade/Resources/Models/barrage_balloon.glb,glb,90264,4a6b64b1002825ed3de693637dc44f4ee82da631aaca0b238605499eb6946000,25,0,0,25,0,10_model_tai_san (chờ),CHO,Assets/MachineBrigade/Resources/Models/barrage_balloon.glb,
Assets/MachineBrigade/Resources/Models/barrel.glb,glb,41024,743140ed10f37fbc46b32f6e17557e7e246b73093d8f109dd46af66189e9a207,15,0,0,15,0,10_model_tai_san (chờ),CHO,Assets/MachineBrigade/Resources/Models/barrel.glb,
Assets/MachineBrigade/Resources/Models/barricade.glb,glb,158236,6ad509ccdfca779d514318162de65e3e7c760f0e4df619fc4affc69947b8b94f,36,0,0,36,0,10_model_tai_san (chờ),CHO,Assets/MachineBrigade/Resources/Models/barricade.glb,
Assets/MachineBrigade/Resources/Models/basalt_rock_a.glb,glb,70760,1d16d41ab0ab557f5744ee2c0c7b729168fb7d862e2fb915c3d98f65ac85cfad,13,0,0,13,0,10_model_tai_san (chờ),CHO,Assets/MachineBrigade/Resources/Models/basalt_rock_a.glb,
Assets/MachineBrigade/Resources/Models/basalt_rock_b.glb,glb,85524,5e2d389e766c09d983f459ac920e7d884dc959e1555bc92964eb14ea7fb65030,13,0,0,13,0,10_model_tai_san (chờ),CHO,Assets/MachineBrigade/Resources/Models/basalt_rock_b.glb,
Assets/MachineBrigade/Resources/Models/basalt_rock_c.glb,glb,29932,f7ba47db46ea54fa2ff1ee83a91925ade56aea1d2e7a9aa246632be6491331c8,13,0,0,13,0,10_model_tai_san (chờ),CHO,Assets/MachineBrigade/Resources/Models/basalt_rock_c.glb,
Assets/MachineBrigade/Resources/Models/base_gate.glb,glb,150612,48112180ceb8197b98d3321cfb01123f31b8156e87c4778d6ff611c746eb893a,62,0,0,62,0,10_model_tai_san (chờ),CHO,Assets/MachineBrigade/Resources/Models/base_gate.glb,
Assets/MachineBrigade/Resources/Models/base_wall.glb,glb,116812,4d62bf50b0a52c702855fe3d4d2f34317681b8a37baf15ec542acb30ea09c818,20,0,0,20,0,10_model_tai_san (chờ),CHO,Assets/MachineBrigade/Resources/Models/base_wall.glb,
Assets/MachineBrigade/Resources/Models/behemoth.glb,glb,1246844,790c40a4cf053a3caa0941a5261aff7da2dbc8201ea63b6d7ba08b81bcc69e80,171,0,0,171,0,10_model_tai_san (chờ),CHO,Assets/MachineBrigade/Resources/Models/behemoth.glb,
Assets/MachineBrigade/Resources/Models/behemoth_inferno.glb,glb,1177452,b0a7457055e4f96b6e62f417d668132283a2e5e04fe1825229ed4ce1c3378001,153,0,0,153,0,10_model_tai_san (chờ),CHO,Assets/MachineBrigade/Resources/Models/behemoth_inferno.glb,
Assets/MachineBrigade/Resources/Models/behemoth_tempest.glb,glb,1053048,1976d452bd52e29dbc41d574a0762d511288e51d5214b187970233695b636181,140,0,0,140,0,10_model_tai_san (chờ),CHO,Assets/MachineBrigade/Resources/Models/behemoth_tempest.glb,
Assets/MachineBrigade/Resources/Models/billboard.glb,glb,110572,62d8a9d2692311bec906c02e5e9f56438ab3ec1ac0a3728c55a7411bfc71284f,34,0,0,34,0,10_model_tai_san (chờ),CHO,Assets/MachineBrigade/Resources/Models/billboard.glb,
Assets/MachineBrigade/Resources/Models/birch.glb,glb,61736,7bec8e149a000af32b9e517d9a42494d5ea8b4e8b09d9e9357d2e74332b65b6a,13,0,0,13,0,10_model_tai_san (chờ),CHO,Assets/MachineBrigade/Resources/Models/birch.glb,
Assets/MachineBrigade/Resources/Models/blast_wall.glb,glb,51904,ba440656ca40a2235a65c7f7e41926f4c76ffec53dcb88a9863564c946f71e58,10,0,0,10,0,10_model_tai_san (chờ),CHO,Assets/MachineBrigade/Resources/Models/blast_wall.glb,
Assets/MachineBrigade/Resources/Models/bmpt.glb,glb,325548,507c50f3181a91df6cc49ae33eb5c20cf6e6b0279ff5c3bce5e41187451ebc12,83,0,0,83,0,10_model_tai_san (chờ),CHO,Assets/MachineBrigade/Resources/Models/bmpt.glb,
Assets/MachineBrigade/Resources/Models/bomb.glb,glb,29600,ccaf98435472ce8946bfddcc0c62cfd6ca8cabf194c6fe1e777365d398d6e15d,14,0,0,14,0,10_model_tai_san (chờ),CHO,Assets/MachineBrigade/Resources/Models/bomb.glb,
Assets/MachineBrigade/Resources/Models/bomb_fab.glb,glb,21556,ad5496e4841a55367a6cdbe2997beca308a11f77ad5bb2706062ef02883ce0c9,15,0,0,15,0,10_model_tai_san (chờ),CHO,Assets/MachineBrigade/Resources/Models/bomb_fab.glb,
Assets/MachineBrigade/Resources/Models/bomb_mk84.glb,glb,20252,8083826d54f08f529b7d74c7b604daa9ffe89eef20cff061d5d6bb915a5d2e3f,16,0,0,16,0,10_model_tai_san (chờ),CHO,Assets/MachineBrigade/Resources/Models/bomb_mk84.glb,
Assets/MachineBrigade/Resources/Models/boulders.glb,glb,122816,405652b9adfff6e66c6238d1aa9a199262e974ce4b108cd57101b5592d617db6,4,0,0,4,0,10_model_tai_san (chờ),CHO,Assets/MachineBrigade/Resources/Models/boulders.glb,
Assets/MachineBrigade/Resources/Models/bridge_road.glb,glb,226392,63d891104075ee6625e192410dd092ea3705ab7a00e1196e04ad303cab6f6ae3,41,0,0,41,0,10_model_tai_san (chờ),CHO,Assets/MachineBrigade/Resources/Models/bridge_road.glb,
Assets/MachineBrigade/Resources/Models/bridging_vehicle.glb,glb,330664,1f428ad05488efbc8905458dda9427117e314bb7accd9881fff8fb2a21f10a29,66,0,0,66,0,10_model_tai_san (chờ),CHO,Assets/MachineBrigade/Resources/Models/bridging_vehicle.glb,
Assets/MachineBrigade/Resources/Models/bug_satellite.glb,glb,137708,4e598b6c08aea131ee56448a5b07a6843c2daee07059385aada4a236fc194ff4,49,0,0,49,0,10_model_tai_san (chờ),CHO,Assets/MachineBrigade/Resources/Models/bug_satellite.glb,
Assets/MachineBrigade/Resources/Models/buk.glb,glb,23948,897f66002a10b784f01be46837c802f6090839317b48e9495bd6744fb3feddb1,22,0,0,22,0,10_model_tai_san (chờ),CHO,Assets/MachineBrigade/Resources/Models/buk.glb,
Assets/MachineBrigade/Resources/Models/bulwark_post.glb,glb,140892,33e6d62fc40ee118ff794019f940c8a2303c7567f03a5e60943eb8143a535166,46,0,0,46,0,10_model_tai_san (chờ),CHO,Assets/MachineBrigade/Resources/Models/bulwark_post.glb,
Assets/MachineBrigade/Resources/Models/bunker_shelter_tower.glb,glb,94148,d1d292f3c9854c2f8a0b4f6a88fe86aca699bde7ddd489e70f6e1704aa74fc05,41,0,0,41,0,10_model_tai_san (chờ),CHO,Assets/MachineBrigade/Resources/Models/bunker_shelter_tower.glb,
Assets/MachineBrigade/Resources/Models/bunker_vehicle.glb,glb,539772,9c6483646273b62b02e789674182ba15911407fb7d33c1ff4ac8b7acb40c72e7,127,0,0,127,0,10_model_tai_san (chờ),CHO,Assets/MachineBrigade/Resources/Models/bunker_vehicle.glb,
Assets/MachineBrigade/Resources/Models/bus.glb,glb,161184,fa0426c1f41886402c501b10c6a7aa0a30d2ab9e810ef5275934f09626f1fb55,49,0,0,49,0,10_model_tai_san (chờ),CHO,Assets/MachineBrigade/Resources/Models/bus.glb,
Assets/MachineBrigade/Resources/Models/bush.glb,glb,10116,4af98c58c08537a1664ad45e9978fe5a9fd63efe27f4ac168e940656da8fad63,7,0,0,7,0,10_model_tai_san (chờ),CHO,Assets/MachineBrigade/Resources/Models/bush.glb,
Assets/MachineBrigade/Resources/Models/c_ram.glb,glb,430704,15b326d26490f44df2637e9d632f09395592edb17db3c5441178048f2e142ccd,149,0,0,149,0,10_model_tai_san (chờ),CHO,Assets/MachineBrigade/Resources/Models/c_ram.glb,
Assets/MachineBrigade/Resources/Models/c_ram_a.glb,glb,448732,4e3f27f1c51a61d81c5c28b2106511ab2b86e2c38ccf89715c0756aab377b9e8,147,0,0,147,0,10_model_tai_san (chờ),CHO,Assets/MachineBrigade/Resources/Models/c_ram_a.glb,
Assets/MachineBrigade/Resources/Models/c_ram_b.glb,glb,523036,9981b39fcee66c59458efd6a203eac0e8de34e4b3a53430ddb051d90a9c5242d,143,0,0,143,0,10_model_tai_san (chờ),CHO,Assets/MachineBrigade/Resources/Models/c_ram_b.glb,
Assets/MachineBrigade/Resources/Models/cactus.glb,glb,19200,b15e33ee8b7741c5ac0f53ddd7c889970b8982ffb27d7a9bee11d295bf9a8c77,4,0,0,4,0,10_model_tai_san (chờ),CHO,Assets/MachineBrigade/Resources/Models/cactus.glb,
Assets/MachineBrigade/Resources/Models/camo_net.glb,glb,241216,c7a992533a44568e49a5edb9845b14cb818aeac63378cd808cd30cb81a533d30,61,0,0,61,0,10_model_tai_san (chờ),CHO,Assets/MachineBrigade/Resources/Models/camo_net.glb,
Assets/MachineBrigade/Resources/Models/car.glb,glb,123156,126b44374199fcc407614ab0bbf4213d1875b8321814c8a6667949fd1b556564,43,0,0,43,0,10_model_tai_san (chờ),CHO,Assets/MachineBrigade/Resources/Models/car.glb,
Assets/MachineBrigade/Resources/Models/caspian.glb,glb,388896,bbd5e8fa9f2724230ff26fcbef2364b269fc17fd770da2f2f5bab1663a65c507,82,0,0,82,0,10_model_tai_san (chờ),CHO,Assets/MachineBrigade/Resources/Models/caspian.glb,
Assets/MachineBrigade/Resources/Models/cerberus.glb,glb,660992,c40340138ffdf4653f53e5955a08976cd226f90db98e431ea3e0bdc3e8aa533f,171,0,0,171,0,10_model_tai_san (chờ),CHO,Assets/MachineBrigade/Resources/Models/cerberus.glb,
Assets/MachineBrigade/Resources/Models/charred_tree.glb,glb,36536,688adfa7a8d822b7045635dfbea92073fe8a3eafe215409f8ca4f18866db7fb7,10,0,0,10,0,10_model_tai_san (chờ),CHO,Assets/MachineBrigade/Resources/Models/charred_tree.glb,
Assets/MachineBrigade/Resources/Models/checkpoint.glb,glb,213116,4b727a6eb542554d5bf5130cfa310da488ca558e44e203f2016a5d668d494635,62,0,0,62,0,10_model_tai_san (chờ),CHO,Assets/MachineBrigade/Resources/Models/checkpoint.glb,
Assets/MachineBrigade/Resources/Models/church.glb,glb,239412,d571d4f6dcfd7b536b9f045afe6ad4d88dc01ed40995f0e1899edc419dedb0cf,36,0,0,36,0,10_model_tai_san (chờ),CHO,Assets/MachineBrigade/Resources/Models/church.glb,
Assets/MachineBrigade/Resources/Models/cliff_a.glb,glb,99500,e952789ad2d47398acbc3538d548eedd8b53d932f119c65c7ad0c207a2db0311,12,0,0,12,0,10_model_tai_san (chờ),CHO,Assets/MachineBrigade/Resources/Models/cliff_a.glb,
Assets/MachineBrigade/Resources/Models/cliff_b.glb,glb,99508,856f601d5acb77be52e957af2e4ab92987b0dce0c8b4486d3e54d28a035dced6,12,0,0,12,0,10_model_tai_san (chờ),CHO,Assets/MachineBrigade/Resources/Models/cliff_b.glb,
Assets/MachineBrigade/Resources/Models/coastal_ashm_vehicle.glb,glb,204752,3e87a4a0fe3b9b09042541494bd6a47425324bd3fd6f4cc86068301887d803ca,62,0,0,62,0,10_model_tai_san (chờ),CHO,Assets/MachineBrigade/Resources/Models/coastal_ashm_vehicle.glb,
Assets/MachineBrigade/Resources/Models/coastal_battery.glb,glb,287316,f66e6c5a0e34615262aab7305f7178b8cfd03222bba70ba78da578eb62857b14,91,0,0,91,0,10_model_tai_san (chờ),CHO,Assets/MachineBrigade/Resources/Models/coastal_battery.glb,
Assets/MachineBrigade/Resources/Models/combat_wreck_car.glb,glb,180696,a7359a99d5ab72637d0ce49832ae1859f18ffc02365067de91dcff3206f4403f,67,0,0,67,0,10_model_tai_san (chờ),CHO,Assets/MachineBrigade/Resources/Models/combat_wreck_car.glb,
Assets/MachineBrigade/Resources/Models/command_airship.glb,glb,1374512,98a69ad616f345be5b7fb51e09af0cbb866dce80abf7c6c777d7050e3ce1612b,249,0,0,249,0,10_model_tai_san (chờ),CHO,Assets/MachineBrigade/Resources/Models/command_airship.glb,
Assets/MachineBrigade/Resources/Models/command_hq.glb,glb,470904,a438465a3605f6e8e80915d5aec4a97a18f26e1b0ed0d586f742396aa9f8e5d8,79,0,0,79,0,10_model_tai_san (chờ),CHO,Assets/MachineBrigade/Resources/Models/command_hq.glb,
Assets/MachineBrigade/Resources/Models/command_tent.glb,glb,191984,7d2ad13c850ec8b557b5f6190b61427b58576186619f450982772c7f65a8ffbb,75,0,0,75,0,10_model_tai_san (chờ),CHO,Assets/MachineBrigade/Resources/Models/command_tent.glb,
Assets/MachineBrigade/Resources/Models/command_vehicle.glb,glb,188812,052ec1895bb39502886fbb91de94a30eb002a1c14b27939c8a503e762b19f125,63,0,0,63,0,10_model_tai_san (chờ),CHO,Assets/MachineBrigade/Resources/Models/command_vehicle.glb,
Assets/MachineBrigade/Resources/Models/container.glb,glb,72564,62693f292c2570c5e1a353f7a38a87b926a762d136f19a3fd375073d9cb63405,10,0,0,10,0,10_model_tai_san (chờ),CHO,Assets/MachineBrigade/Resources/Models/container.glb,
Assets/MachineBrigade/Resources/Models/container_stack.glb,glb,143864,cba65f57aeb3c20e23cf7c32058e9c8429db4e759840b1de4e592710859f4ef1,17,0,0,17,0,10_model_tai_san (chờ),CHO,Assets/MachineBrigade/Resources/Models/container_stack.glb,
Assets/MachineBrigade/Resources/Models/control_tower.glb,glb,204268,54e15e2d0bb8f5ac5e27a24ffe384ca4dc446aadde02218b2e7c303a7653712f,76,0,0,76,0,10_model_tai_san (chờ),CHO,Assets/MachineBrigade/Resources/Models/control_tower.glb,
Assets/MachineBrigade/Resources/Models/cottage.glb,glb,158340,47b9a1a98f48bf4b76bffe7003432dd8fc85eb03de1668aad9668e555ee08847,44,0,0,44,0,10_model_tai_san (chờ),CHO,Assets/MachineBrigade/Resources/Models/cottage.glb,
Assets/MachineBrigade/Resources/Models/counter_battery_radar.glb,glb,161984,8f9acba5ea9d773bb03d36197af1eebf31e4ed551af515e824eeed7e5d0885f1,58,0,0,58,0,10_model_tai_san (chờ),CHO,Assets/MachineBrigade/Resources/Models/counter_battery_radar.glb,
Assets/MachineBrigade/Resources/Models/cp_relay.glb,glb,191876,dd522c80697989edac8e909e8a07bb6a37616781b799ebff9dad8649b0d1c157,59,0,0,59,0,10_model_tai_san (chờ),CHO,Assets/MachineBrigade/Resources/Models/cp_relay.glb,
Assets/MachineBrigade/Resources/Models/cp_relay_a.glb,glb,193168,f843da813ef2018c8019768ddb6dc648e05a3332f4b1f788bac8bc233c6c96bd,64,0,0,64,0,10_model_tai_san (chờ),CHO,Assets/MachineBrigade/Resources/Models/cp_relay_a.glb,
Assets/MachineBrigade/Resources/Models/cp_relay_b.glb,glb,113396,8956666dc80316712da6e9ea8712998ebda71b43ff860014aa5a9b597856f805,63,0,0,63,0,10_model_tai_san (chờ),CHO,Assets/MachineBrigade/Resources/Models/cp_relay_b.glb,
Assets/MachineBrigade/Resources/Models/crater_large.glb,glb,124248,22dbc55dced328cbd18be13b055454e2f1a2dd0a0b4c8a80caba64533cf23987,15,0,0,15,0,10_model_tai_san (chờ),CHO,Assets/MachineBrigade/Resources/Models/crater_large.glb,
Assets/MachineBrigade/Resources/Models/cruise_missile.glb,glb,25776,2af206220e84ebecdd2c64927e501d632a8c46d472f981c621459973d52ec642,16,0,0,16,0,10_model_tai_san (chờ),CHO,Assets/MachineBrigade/Resources/Models/cruise_missile.glb,
Assets/MachineBrigade/Resources/Models/daedalus.glb,glb,987296,6f314d53c4c7510e27268604c553df7e6c0c7b68d53c806d9142447df1e11197,133,0,0,133,0,10_model_tai_san (chờ),CHO,Assets/MachineBrigade/Resources/Models/daedalus.glb,
Assets/MachineBrigade/Resources/Models/dazzler_vehicle.glb,glb,273024,b15aa42bbdd66379ad8a17f4e929e4d7578ce3265437f96768d98169cbdba345,73,0,0,73,0,10_model_tai_san (chờ),CHO,Assets/MachineBrigade/Resources/Models/dazzler_vehicle.glb,
Assets/MachineBrigade/Resources/Models/dead_tree.glb,glb,48944,640ee91579bed23b714a5ac2f8f32c0bf9b30789db959ead34ae9837ac485f55,10,0,0,10,0,10_model_tai_san (chờ),CHO,Assets/MachineBrigade/Resources/Models/dead_tree.glb,
Assets/MachineBrigade/Resources/Models/debris_concrete.glb,glb,4128,8dea4e93c3448eca091e8d9aa18994b212795d11ebd5b48eaa441ba457778a4b,4,0,0,4,0,10_model_tai_san (chờ),CHO,Assets/MachineBrigade/Resources/Models/debris_concrete.glb,
Assets/MachineBrigade/Resources/Models/debris_leaves.glb,glb,4124,1efbddeb9b6edef0f253c81e04d5ff5c31bf3bbae01bcdc830925ce05412c2cf,4,0,0,4,0,10_model_tai_san (chờ),CHO,Assets/MachineBrigade/Resources/Models/debris_leaves.glb,
Assets/MachineBrigade/Resources/Models/debris_metal.glb,glb,7432,dd2a569e83d293c5b764e1959f0b93692d8ec0c9a460deebbf3521e2d6b86564,7,0,0,7,0,10_model_tai_san (chờ),CHO,Assets/MachineBrigade/Resources/Models/debris_metal.glb,
Assets/MachineBrigade/Resources/Models/debris_plaster.glb,glb,4120,2fc8b6a9d1543da2503d5c773fcf707a190e64d6036bbf12ee0d50a1bc27b867,4,0,0,4,0,10_model_tai_san (chờ),CHO,Assets/MachineBrigade/Resources/Models/debris_plaster.glb,
Assets/MachineBrigade/Resources/Models/debris_roof.glb,glb,4088,a72ab0ca7aafab096c9a49420d0f6273fd4863c5113cc84f334a82125a3ef448,4,0,0,4,0,10_model_tai_san (chờ),CHO,Assets/MachineBrigade/Resources/Models/debris_roof.glb,
Assets/MachineBrigade/Resources/Models/debris_wood.glb,glb,3736,ddb1a8b8c7fb8f10713e534ec883f82672f661e8f95504f75ae85bd1d5af6321,4,0,0,4,0,10_model_tai_san (chờ),CHO,Assets/MachineBrigade/Resources/Models/debris_wood.glb,
Assets/MachineBrigade/Resources/Models/demolition_line_vehicle.glb,glb,387364,8cb6e16cbefd48bffafd2ab6a59b2aea29e53ee85ba9859cc24702fe084b70e9,80,0,0,80,0,10_model_tai_san (chờ),CHO,Assets/MachineBrigade/Resources/Models/demolition_line_vehicle.glb,
Assets/MachineBrigade/Resources/Models/dirt_mound.glb,glb,41400,72d26a4c496acfee75d4fab673e87c20b268d9a707d0dd8e20efdec60b69346e,7,0,0,7,0,10_model_tai_san (chờ),CHO,Assets/MachineBrigade/Resources/Models/dirt_mound.glb,
Assets/MachineBrigade/Resources/Models/dock_bollards.glb,glb,64136,f24838d58499fd34016bdcaecc4c9a0a6ff1ea3c8662df7b87bf7a68e6f80e08,16,0,0,16,0,10_model_tai_san (chờ),CHO,Assets/MachineBrigade/Resources/Models/dock_bollards.glb,
Assets/MachineBrigade/Resources/Models/dragons_teeth.glb,glb,145220,a9f6981196b6cdcd6bc803cd943771824a4a5ffc551bb73e481bdfcdf99121fa,35,0,0,35,0,10_model_tai_san (chờ),CHO,Assets/MachineBrigade/Resources/Models/dragons_teeth.glb,
Assets/MachineBrigade/Resources/Models/dragons_teeth_a.glb,glb,154676,e94161ddbe7cff07c24f322f2a5c332f9df05509750e2c83274ba678428816d7,25,0,0,25,0,10_model_tai_san (chờ),CHO,Assets/MachineBrigade/Resources/Models/dragons_teeth_a.glb,
Assets/MachineBrigade/Resources/Models/dragons_teeth_b.glb,glb,251676,b33de4e1276af15089940f4f58edc13eb4d5edc98b2b32551ecad854b0c261f7,28,0,0,28,0,10_model_tai_san (chờ),CHO,Assets/MachineBrigade/Resources/Models/dragons_teeth_b.glb,
Assets/MachineBrigade/Resources/Models/dress_coast_buoy.glb,glb,9200,3e0c224aa7c7f7c920899877f49112dc7e0c7f2809cb6b1773b00f6beb418339,7,0,0,7,0,10_model_tai_san (chờ),CHO,Assets/MachineBrigade/Resources/Models/dress_coast_buoy.glb,
Assets/MachineBrigade/Resources/Models/dress_coast_driftwood.glb,glb,4784,5299565581f689456682609a5821639a2590e4d5c4deaf9b1f8e45fc470348f6,4,0,0,4,0,10_model_tai_san (chờ),CHO,Assets/MachineBrigade/Resources/Models/dress_coast_driftwood.glb,
Assets/MachineBrigade/Resources/Models/dress_coast_dune_grass.glb,glb,14492,cb73ed814c1cc3f6257baa665829c700e2539a41dac5080318d03e2a0eb91de7,7,0,0,7,0,10_model_tai_san (chờ),CHO,Assets/MachineBrigade/Resources/Models/dress_coast_dune_grass.glb,
Assets/MachineBrigade/Resources/Models/dress_coast_island_far.glb,glb,24568,8453f162da50b949cd2145f5512febd068ba4d3aa05726d13e95e8adcc91b48b,7,0,0,7,0,10_model_tai_san (chờ),CHO,Assets/MachineBrigade/Resources/Models/dress_coast_island_far.glb,
Assets/MachineBrigade/Resources/Models/dress_coast_rowboat.glb,glb,6816,9fbb669f0fcfa9f1766203839abd055c7acd0ca382a0d9a741f1e9eb6b1c2b0f,7,0,0,7,0,10_model_tai_san (chờ),CHO,Assets/MachineBrigade/Resources/Models/dress_coast_rowboat.glb,
Assets/MachineBrigade/Resources/Models/dress_desert_barrel_cacti.glb,glb,16128,616fc64821c01fd4d23abceb1b5c7a160a9112c3859a5e988b16b5179be1d80c,7,0,0,7,0,10_model_tai_san (chờ),CHO,Assets/MachineBrigade/Resources/Models/dress_desert_barrel_cacti.glb,
Assets/MachineBrigade/Resources/Models/dress_desert_bones.glb,glb,7480,732de05e064e7396abd7e15a937248beee4388f690190affcdf7e1074207c123,7,0,0,7,0,10_model_tai_san (chờ),CHO,Assets/MachineBrigade/Resources/Models/dress_desert_bones.glb,
Assets/MachineBrigade/Resources/Models/dress_desert_far.glb,glb,7988,50a22503fa43a3ad0de5c54acd743a6144602d2724f34c34dbf717962295e22e,7,0,0,7,0,10_model_tai_san (chờ),CHO,Assets/MachineBrigade/Resources/Models/dress_desert_far.glb,
Assets/MachineBrigade/Resources/Models/dress_desert_hoodoo.glb,glb,46656,32c9e6049787f1f5185ae1bf770fabd8029cb421a8223c9f9f189d6241526090,7,0,0,7,0,10_model_tai_san (chờ),CHO,Assets/MachineBrigade/Resources/Models/dress_desert_hoodoo.glb,
Assets/MachineBrigade/Resources/Models/dress_desert_scrub.glb,glb,13528,a7dd3a4f83ad4c136420c5e42f1126ce8f556565eca30e2aa92f5e056b184ea3,7,0,0,7,0,10_model_tai_san (chờ),CHO,Assets/MachineBrigade/Resources/Models/dress_desert_scrub.glb,
Assets/MachineBrigade/Resources/Models/dress_edge_bank_land_river.glb,glb,93208,8af470fb7b289914d45cfbdb03b98d688e9b0fa34305fa818c9bf54a8c918a27,13,0,0,13,0,10_model_tai_san (chờ),CHO,Assets/MachineBrigade/Resources/Models/dress_edge_bank_land_river.glb,
Assets/MachineBrigade/Resources/Models/dress_edge_chimney.glb,glb,12892,dea469fd018d35eaacee426f01fcf0175157bc18603865e57a27782e0133da78,10,0,0,10,0,10_model_tai_san (chờ),CHO,Assets/MachineBrigade/Resources/Models/dress_edge_chimney.glb,
Assets/MachineBrigade/Resources/Models/dress_edge_containers.glb,glb,8892,54e2c54193547712e078121e889d6906506e24e95957001b6a8ae98aae76438b,7,0,0,7,0,10_model_tai_san (chờ),CHO,Assets/MachineBrigade/Resources/Models/dress_edge_containers.glb,
Assets/MachineBrigade/Resources/Models/dress_edge_corner_land_cliff.glb,glb,72116,80a9d2fac5cd0ac25b70ab2b00c977419649bdee741157468e9e1accbf40d8d3,9,0,0,9,0,10_model_tai_san (chờ),CHO,Assets/MachineBrigade/Resources/Models/dress_edge_corner_land_cliff.glb,
Assets/MachineBrigade/Resources/Models/dress_edge_corner_land_sea.glb,glb,117000,75eeb08898fbd690fc869ecfe36a99e2f3453385ba35db32026e4a3eff33b35a,13,0,0,13,0,10_model_tai_san (chờ),CHO,Assets/MachineBrigade/Resources/Models/dress_edge_corner_land_sea.glb,
Assets/MachineBrigade/Resources/Models/dress_edge_crane_far.glb,glb,12496,a2650f354a6d02471a9312430be4f60be3f5569564ca1fa67a1a62c853c6ad1a,7,0,0,7,0,10_model_tai_san (chờ),CHO,Assets/MachineBrigade/Resources/Models/dress_edge_crane_far.glb,
Assets/MachineBrigade/Resources/Models/dress_edge_embankment_urban_river.glb,glb,35188,59d8e3fd284d73725a074d644f1eef24282973e065f4328115e3d81934dcbc79,13,0,0,13,0,10_model_tai_san (chờ),CHO,Assets/MachineBrigade/Resources/Models/dress_edge_embankment_urban_river.glb,
Assets/MachineBrigade/Resources/Models/dress_edge_outer_cliff.glb,glb,30736,0dbfa723c4488569f049b9f4fa48bf41c9d5a8a7fc452661cc8d584a03649450,9,0,0,9,0,10_model_tai_san (chờ),CHO,Assets/MachineBrigade/Resources/Models/dress_edge_outer_cliff.glb,
Assets/MachineBrigade/Resources/Models/dress_edge_outer_land.glb,glb,50376,3737047d11de051b4a6043b97862ae0061b7e4f6ba2d23b1fedada12f382e800,10,0,0,10,0,10_model_tai_san (chờ),CHO,Assets/MachineBrigade/Resources/Models/dress_edge_outer_land.glb,
Assets/MachineBrigade/Resources/Models/dress_edge_outer_land_sea.glb,glb,27820,f5abea94ae09859c7701f07380a87aac98316c81f69e10dd8b5455911da01190,19,0,0,19,0,10_model_tai_san (chờ),CHO,Assets/MachineBrigade/Resources/Models/dress_edge_outer_land_sea.glb,
Assets/MachineBrigade/Resources/Models/dress_edge_outer_river.glb,glb,28568,b45125affb8d8a7692b96c1b481ca85ee07575f1f034f4497c9fbb99f4afd14b,16,0,0,16,0,10_model_tai_san (chờ),CHO,Assets/MachineBrigade/Resources/Models/dress_edge_outer_river.glb,
Assets/MachineBrigade/Resources/Models/dress_edge_outer_sea.glb,glb,67120,1907012f3b89222f6e640dbe67789149191f70f5b5154ecb5892d05e4bcd23e7,15,0,0,15,0,10_model_tai_san (chờ),CHO,Assets/MachineBrigade/Resources/Models/dress_edge_outer_sea.glb,
Assets/MachineBrigade/Resources/Models/dress_edge_outer_urban.glb,glb,44728,e094581bea1d84b70e385448d83211a76e2e7b4b716610d3ceb51f96c44f7397,27,0,0,27,0,10_model_tai_san (chờ),CHO,Assets/MachineBrigade/Resources/Models/dress_edge_outer_urban.glb,
Assets/MachineBrigade/Resources/Models/dress_edge_quay.glb,glb,9448,4a98b4bdeaa7d1d3000fe1480c4260f3020c842ac3b91bb3b4aa9cc6eaadf09f,10,0,0,10,0,10_model_tai_san (chờ),CHO,Assets/MachineBrigade/Resources/Models/dress_edge_quay.glb,
Assets/MachineBrigade/Resources/Models/dress_edge_rail_track.glb,glb,18236,230192fe81147ae2ee8634cb0f5ea521c8a1fba36948a5e0ec2630d370094823,10,0,0,10,0,10_model_tai_san (chờ),CHO,Assets/MachineBrigade/Resources/Models/dress_edge_rail_track.glb,
Assets/MachineBrigade/Resources/Models/dress_edge_scree.glb,glb,15172,54e263ee135ccdf232ce973a00256ee172665574e03f56cb550014eb0e509a59,4,0,0,4,0,10_model_tai_san (chờ),CHO,Assets/MachineBrigade/Resources/Models/dress_edge_scree.glb,
Assets/MachineBrigade/Resources/Models/dress_edge_tanks.glb,glb,14444,9eb7073fc0c3a6ad027e6a2093bcd5cdd8dbcd06a1cfa784e96444fbb9d7911e,10,0,0,10,0,10_model_tai_san (chờ),CHO,Assets/MachineBrigade/Resources/Models/dress_edge_tanks.glb,
Assets/MachineBrigade/Resources/Models/dress_edge_tunnel_portal.glb,glb,21336,713d91f125b7d543644aad382a77ebf68a7a1e6ed4802bc7652ffd5aa1f450a0,10,0,0,10,0,10_model_tai_san (chờ),CHO,Assets/MachineBrigade/Resources/Models/dress_edge_tunnel_portal.glb,
Assets/MachineBrigade/Resources/Models/dress_harbor_bollards.glb,glb,18508,1e0b6f038763b668da3e7d924e7f9cf4aaeb88cfe8028ad4cd95734c5e278bdc,7,0,0,7,0,10_model_tai_san (chờ),CHO,Assets/MachineBrigade/Resources/Models/dress_harbor_bollards.glb,
Assets/MachineBrigade/Resources/Models/dress_harbor_drums.glb,glb,13964,92161b6015927c5096eca4a10e90ff07ba1804929e103763142a57c1772e2350,7,0,0,7,0,10_model_tai_san (chờ),CHO,Assets/MachineBrigade/Resources/Models/dress_harbor_drums.glb,
Assets/MachineBrigade/Resources/Models/dress_harbor_pallets.glb,glb,8080,177766d2b372ad648fc2a50122eee86e17907e8cc9beeeaf3823763bcd26eb34,7,0,0,7,0,10_model_tai_san (chờ),CHO,Assets/MachineBrigade/Resources/Models/dress_harbor_pallets.glb,
Assets/MachineBrigade/Resources/Models/dress_harbor_pipes.glb,glb,12380,de713e8219a27e6ed32fc84adb99d21bd8b8b3d776f510e3be6fc3b8a17e2f00,7,0,0,7,0,10_model_tai_san (chờ),CHO,Assets/MachineBrigade/Resources/Models/dress_harbor_pipes.glb,
Assets/MachineBrigade/Resources/Models/dress_harbor_shed_far.glb,glb,4312,bfffc7319f1ceb967ca6e2072fbb2753df806e268ea5a802cf9db5b3e744ba0b,7,0,0,7,0,10_model_tai_san (chờ),CHO,Assets/MachineBrigade/Resources/Models/dress_harbor_shed_far.glb,
Assets/MachineBrigade/Resources/Models/dress_jungle_banana.glb,glb,13488,f5db9fa332fa77f13f150244958131b52d90bc8b9022ccc694d34f863bf7d5b4,7,0,0,7,0,10_model_tai_san (chờ),CHO,Assets/MachineBrigade/Resources/Models/dress_jungle_banana.glb,
Assets/MachineBrigade/Resources/Models/dress_jungle_fern.glb,glb,12532,6473ebe9abc82cd897ce4a5cffe06a17762e634926008786d33588db12190ecf,7,0,0,7,0,10_model_tai_san (chờ),CHO,Assets/MachineBrigade/Resources/Models/dress_jungle_fern.glb,
Assets/MachineBrigade/Resources/Models/dress_jungle_palm_small.glb,glb,10272,7c3c220b63599e45c02970fdf8f772681f6cc1927cd99fd131c5dbe37e98d222,7,0,0,7,0,10_model_tai_san (chờ),CHO,Assets/MachineBrigade/Resources/Models/dress_jungle_palm_small.glb,
Assets/MachineBrigade/Resources/Models/dress_jungle_tree_far.glb,glb,9376,0003684f916500483f109ac71e628b72c3e53421179bdfb5891663be9b5c76a2,7,0,0,7,0,10_model_tai_san (chờ),CHO,Assets/MachineBrigade/Resources/Models/dress_jungle_tree_far.glb,
Assets/MachineBrigade/Resources/Models/dress_jungle_vine_rock.glb,glb,19044,f8ac31e39beb69b7f80e23b4fb8d022fb5a42cdebb3ced596895c7bba9ab3791,7,0,0,7,0,10_model_tai_san (chờ),CHO,Assets/MachineBrigade/Resources/Models/dress_jungle_vine_rock.glb,
Assets/MachineBrigade/Resources/Models/dress_landmark_clock_tower.glb,glb,36604,c21d7cd5d32927be7bdda87adac4b0ac9768b7a2a8f23849394691a2b77724fd,18,0,0,18,0,10_model_tai_san (chờ),CHO,Assets/MachineBrigade/Resources/Models/dress_landmark_clock_tower.glb,
Assets/MachineBrigade/Resources/Models/dress_landmark_cooling_tower.glb,glb,30356,c8255e2a4758282e9f868f6275ae9d877016d1d209567ceea2b7699190dcd2ae,16,0,0,16,0,10_model_tai_san (chờ),CHO,Assets/MachineBrigade/Resources/Models/dress_landmark_cooling_tower.glb,
Assets/MachineBrigade/Resources/Models/dress_landmark_dam_wall.glb,glb,23868,30072340dce1ee9554d921fe9dbf5f7f600077902fbebdf98993a0430d96d2a7,13,0,0,13,0,10_model_tai_san (chờ),CHO,Assets/MachineBrigade/Resources/Models/dress_landmark_dam_wall.glb,
Assets/MachineBrigade/Resources/Models/dress_landmark_harbour_light.glb,glb,41004,5154625a0f68ed02ad7e2b546ca04ba45858eceb43b815d8c7bf64337e689034,19,0,0,19,0,10_model_tai_san (chờ),CHO,Assets/MachineBrigade/Resources/Models/dress_landmark_harbour_light.glb,
Assets/MachineBrigade/Resources/Models/dress_landmark_palace_dome.glb,glb,53300,f6f42ae60c34bf52605f3903eacc784bd0c58390ecbbb50904e90ae069ba7f73,13,0,0,13,0,10_model_tai_san (chờ),CHO,Assets/MachineBrigade/Resources/Models/dress_landmark_palace_dome.glb,
Assets/MachineBrigade/Resources/Models/dress_landmark_station_clock.glb,glb,34200,9d3f4095ee6ff003a812af8894a685967605ae9d2d8aa3075da9d66837c494e8,16,0,0,16,0,10_model_tai_san (chờ),CHO,Assets/MachineBrigade/Resources/Models/dress_landmark_station_clock.glb,
Assets/MachineBrigade/Resources/Models/dress_landmark_survey_beacon.glb,glb,24696,a7b78cf6bb479fe33895450637f02ae281d08c90d20f63f8c1f7857f88398786,16,0,0,16,0,10_model_tai_san (chờ),CHO,Assets/MachineBrigade/Resources/Models/dress_landmark_survey_beacon.glb,
Assets/MachineBrigade/Resources/Models/dress_sea_island_haze.glb,glb,16276,06c97c7b11ce1c1ebcad0f9b129490972a7c483380bfad22248654cfb56f423e,7,0,0,7,0,10_model_tai_san (chờ),CHO,Assets/MachineBrigade/Resources/Models/dress_sea_island_haze.glb,
Assets/MachineBrigade/Resources/Models/dress_sea_ship_far.glb,glb,14076,ffd37921fda19814dd714f52af181595e9e80bd679f37d9c2fc918cf30ef32ef,13,0,0,13,0,10_model_tai_san (chờ),CHO,Assets/MachineBrigade/Resources/Models/dress_sea_ship_far.glb,
Assets/MachineBrigade/Resources/Models/dress_sea_stack.glb,glb,42132,3157ee25496ae282534b5233d075cd74d020a0e68e6e841a4fa124b048fe4dab,7,0,0,7,0,10_model_tai_san (chờ),CHO,Assets/MachineBrigade/Resources/Models/dress_sea_stack.glb,
Assets/MachineBrigade/Resources/Models/dress_sea_surf.glb,glb,11340,74e2b48b6d1a976c41fa918d0c803e56d785ed939dd71365a03e195478daa146,4,0,0,4,0,10_model_tai_san (chờ),CHO,Assets/MachineBrigade/Resources/Models/dress_sea_surf.glb,
Assets/MachineBrigade/Resources/Models/dress_sea_tanker_far.glb,glb,10696,e5bd04a395a4eec6f1309f8d422eadd918f4cf1a28c17c7b6428fca8548b3bab,13,0,0,13,0,10_model_tai_san (chờ),CHO,Assets/MachineBrigade/Resources/Models/dress_sea_tanker_far.glb,
Assets/MachineBrigade/Resources/Models/dress_sea_whitecap.glb,glb,4984,c9512101a2f76038290e392fc09ec16892b8b0d02632d742853c1129e9d91023,4,0,0,4,0,10_model_tai_san (chờ),CHO,Assets/MachineBrigade/Resources/Models/dress_sea_whitecap.glb,
Assets/MachineBrigade/Resources/Models/dress_snow_drift.glb,glb,12408,3fb6dbd6294fce0bcc125fa98a3137194e991d58d5f70e211b83a9751b7f7ebf,4,0,0,4,0,10_model_tai_san (chờ),CHO,Assets/MachineBrigade/Resources/Models/dress_snow_drift.glb,
Assets/MachineBrigade/Resources/Models/dress_snow_ice_rock.glb,glb,16268,398da42e78edb35f072f4e46850ab0b783519c504284e34435784950e07d1323,7,0,0,7,0,10_model_tai_san (chờ),CHO,Assets/MachineBrigade/Resources/Models/dress_snow_ice_rock.glb,
Assets/MachineBrigade/Resources/Models/dress_snow_log.glb,glb,8164,648fb721e525ea2b0cc9a22adbecd071311f3f509a8ab5ba5f76c18f402a4945,9,0,0,9,0,10_model_tai_san (chờ),CHO,Assets/MachineBrigade/Resources/Models/dress_snow_log.glb,
Assets/MachineBrigade/Resources/Models/dress_snow_pine_far.glb,glb,10044,3dd46cad9ee0759f16db31980458981454394d1e9a931a41d8ab66535ddc7f0e,10,0,0,10,0,10_model_tai_san (chờ),CHO,Assets/MachineBrigade/Resources/Models/dress_snow_pine_far.glb,
Assets/MachineBrigade/Resources/Models/dress_temperate_haybales.glb,glb,8364,2af5264f4f1768e2e93faffce4b9b5ff814eaf8da8c82f75a7967ee0bfd322d5,4,0,0,4,0,10_model_tai_san (chờ),CHO,Assets/MachineBrigade/Resources/Models/dress_temperate_haybales.glb,
Assets/MachineBrigade/Resources/Models/dress_temperate_shrub.glb,glb,35624,294ef8e81ab4b408b875424388665c8e19ff1cc783149bb8adb85ea783fef21d,7,0,0,7,0,10_model_tai_san (chờ),CHO,Assets/MachineBrigade/Resources/Models/dress_temperate_shrub.glb,
Assets/MachineBrigade/Resources/Models/dress_temperate_stump.glb,glb,8016,d533ce49317a86005a1482e653e7bfb836a7e72256db6f8a9fac12b2e20aa050,7,0,0,7,0,10_model_tai_san (chờ),CHO,Assets/MachineBrigade/Resources/Models/dress_temperate_stump.glb,
Assets/MachineBrigade/Resources/Models/dress_temperate_tree_far.glb,glb,6624,e6a4d01071b7147d401cda73276847cc027595d0495016da8c2b0d0eec7c5a01,7,0,0,7,0,10_model_tai_san (chờ),CHO,Assets/MachineBrigade/Resources/Models/dress_temperate_tree_far.glb,
Assets/MachineBrigade/Resources/Models/dress_temperate_wildflowers.glb,glb,26632,86e2c58aad30d302c145b4dc0c5c4d309496ec6acdfa02872fff7e015303c689,7,0,0,7,0,10_model_tai_san (chờ),CHO,Assets/MachineBrigade/Resources/Models/dress_temperate_wildflowers.glb,
Assets/MachineBrigade/Resources/Models/dress_urban_billboard.glb,glb,7844,cc329833ed7c5a7be27e51ada895e10416712f65d472fa3c1d0e50e4c6c25c53,10,0,0,10,0,10_model_tai_san (chờ),CHO,Assets/MachineBrigade/Resources/Models/dress_urban_billboard.glb,
Assets/MachineBrigade/Resources/Models/dress_urban_block_far.glb,glb,6540,e7fbd213b10b911e025b68c18137f25f6074333dd2ab100c05b9cc6314aa00f4,10,0,0,10,0,10_model_tai_san (chờ),CHO,Assets/MachineBrigade/Resources/Models/dress_urban_block_far.glb,
Assets/MachineBrigade/Resources/Models/dress_urban_kiosk.glb,glb,6680,01595e25848b1971088375c51bde5ef15a9f9a3320956ed7c5fc603c6d1c7a18,10,0,0,10,0,10_model_tai_san (chờ),CHO,Assets/MachineBrigade/Resources/Models/dress_urban_kiosk.glb,
Assets/MachineBrigade/Resources/Models/dress_urban_planter.glb,glb,14624,96a8242761ea5225b4643d3c5d07e79fb78776d460828da49e277f21f1ad4eec,7,0,0,7,0,10_model_tai_san (chờ),CHO,Assets/MachineBrigade/Resources/Models/dress_urban_planter.glb,
Assets/MachineBrigade/Resources/Models/dress_urban_rubble.glb,glb,11908,5c236a672d7645a17e347ac5bd6ee1e40c04d5ef5347a9696479b8981edfb21c,10,0,0,10,0,10_model_tai_san (chờ),CHO,Assets/MachineBrigade/Resources/Models/dress_urban_rubble.glb,
Assets/MachineBrigade/Resources/Models/dress_volcanic_ash_rocks.glb,glb,19076,7a82b2cd7598ff72a3b799c7fccfb25d8ec7f35f69b2094fcfac7f553c1c823a,7,0,0,7,0,10_model_tai_san (chờ),CHO,Assets/MachineBrigade/Resources/Models/dress_volcanic_ash_rocks.glb,
Assets/MachineBrigade/Resources/Models/dress_volcanic_cinder_cone.glb,glb,9820,3e448f5020b22cfaccccfd20883a9af46e1282d461555c60ef55fcbb5d9669d9,7,0,0,7,0,10_model_tai_san (chờ),CHO,Assets/MachineBrigade/Resources/Models/dress_volcanic_cinder_cone.glb,
Assets/MachineBrigade/Resources/Models/dress_volcanic_far.glb,glb,6560,fab56b9c9094215021ec8335fa073158df40bba61986b5c9580a7447823db028,7,0,0,7,0,10_model_tai_san (chờ),CHO,Assets/MachineBrigade/Resources/Models/dress_volcanic_far.glb,
Assets/MachineBrigade/Resources/Models/dress_volcanic_snag.glb,glb,5316,306feb0f200e350fa494726335201c359f40db18f73a4ba40156131c9b97e845,4,0,0,4,0,10_model_tai_san (chờ),CHO,Assets/MachineBrigade/Resources/Models/dress_volcanic_snag.glb,
Assets/MachineBrigade/Resources/Models/drone_hangar.glb,glb,644636,fa036da1acf316c5485a682bbc21fbb30fb0aa079e7fe0b451f58d171c99511f,178,0,0,178,0,10_model_tai_san (chờ),CHO,Assets/MachineBrigade/Resources/Models/drone_hangar.glb,
Assets/MachineBrigade/Resources/Models/drone_hangar_a.glb,glb,543664,7079c4c5546c14a118c1db93dfcec79f9ab7cf8eb99c5830be0f5269a842cbb5,186,0,0,186,0,10_model_tai_san (chờ),CHO,Assets/MachineBrigade/Resources/Models/drone_hangar_a.glb,
Assets/MachineBrigade/Resources/Models/drone_hangar_b.glb,glb,804440,b0749fed6fb513cfbbaa923f68b04764b634f5360ffd56e8872abc82f2497864,176,0,0,176,0,10_model_tai_san (chờ),CHO,Assets/MachineBrigade/Resources/Models/drone_hangar_b.glb,
Assets/MachineBrigade/Resources/Models/drone_hijack_vehicle.glb,glb,213836,7a71cd871174847602fc93c9a762e045504f323e2a930b4b2b85831b5c11dfb4,63,0,0,63,0,10_model_tai_san (chờ),CHO,Assets/MachineBrigade/Resources/Models/drone_hijack_vehicle.glb,
Assets/MachineBrigade/Resources/Models/drone_mothership.glb,glb,1260644,0dc994880afc9497def35c80a653b47fe5f66b3fc10b57189872c63e32e9237f,188,0,0,188,0,10_model_tai_san (chờ),CHO,Assets/MachineBrigade/Resources/Models/drone_mothership.glb,
Assets/MachineBrigade/Resources/Models/drone_net_tower.glb,glb,97700,07ae083ee11a3a0a2c5af69f216fb9e04c34b7ef26dceb4fe44bb9f55effcc56,37,0,0,37,0,10_model_tai_san (chờ),CHO,Assets/MachineBrigade/Resources/Models/drone_net_tower.glb,
Assets/MachineBrigade/Resources/Models/drop_pod.glb,glb,183384,511d654e9c86f04962e87fae8e460a6a7490071af83464de1bcb67f0bacc5550,34,0,0,34,0,10_model_tai_san (chờ),CHO,Assets/MachineBrigade/Resources/Models/drop_pod.glb,
Assets/MachineBrigade/Resources/Models/earth_borer.glb,glb,1327904,3567eb133c1f0b93d3808a1aaa9d97c2ff941a2c645854060ffebff82bcc137f,136,0,0,136,0,10_model_tai_san (chờ),CHO,Assets/MachineBrigade/Resources/Models/earth_borer.glb,
Assets/MachineBrigade/Resources/Models/elite_aa.glb,glb,356672,40629a63f2d0286223dbf42de1ce2c84fd972e7962cea947a228aa460ccd4ba0,98,0,0,98,0,10_model_tai_san (chờ),CHO,Assets/MachineBrigade/Resources/Models/elite_aa.glb,
Assets/MachineBrigade/Resources/Models/elite_apc.glb,glb,367256,96416b87da01fc25a7e2674ac2c7c03b3166d42af5460970f521107f44d80338,98,0,0,98,0,10_model_tai_san (chờ),CHO,Assets/MachineBrigade/Resources/Models/elite_apc.glb,
Assets/MachineBrigade/Resources/Models/elite_attack_helicopter.glb,glb,294676,3f6a147602d3c7eee7714863bdc3ac5863cb0cae6313f07b9f6b4a9702b868ab,83,0,0,83,0,10_model_tai_san (chờ),CHO,Assets/MachineBrigade/Resources/Models/elite_attack_helicopter.glb,
Assets/MachineBrigade/Resources/Models/elite_heavy_tank.glb,glb,365144,5d9175880af48b86b5854297ca08f2c68b9c7b6cb12489c19483e5aa6b89697f,77,0,0,77,0,10_model_tai_san (chờ),CHO,Assets/MachineBrigade/Resources/Models/elite_heavy_tank.glb,
Assets/MachineBrigade/Resources/Models/elite_mbt.glb,glb,461040,215b2ba12301925c9c1ed84c5e319f3ce74b33cb92891f63c68fa46b99d1dc56,98,0,0,98,0,10_model_tai_san (chờ),CHO,Assets/MachineBrigade/Resources/Models/elite_mbt.glb,
Assets/MachineBrigade/Resources/Models/elite_mlrs.glb,glb,183596,60de2c937523b1666c60d161ff34b7c1d54454038e90a2417c6dfa40c03bd314,60,0,0,60,0,10_model_tai_san (chờ),CHO,Assets/MachineBrigade/Resources/Models/elite_mlrs.glb,
Assets/MachineBrigade/Resources/Models/elite_tank_destroyer.glb,glb,298876,40fdb9c3d8d681f5c9afc953e4961275f398987969f587a9097788e751b3cf6a,70,0,0,70,0,10_model_tai_san (chờ),CHO,Assets/MachineBrigade/Resources/Models/elite_tank_destroyer.glb,
Assets/MachineBrigade/Resources/Models/engineer_vehicle.glb,glb,232916,38afcf426f6b5d7e0438ece0f9343af0aeda365df9ed4b8f38c0f6c29ae4e96c,55,0,0,55,0,10_model_tai_san (chờ),CHO,Assets/MachineBrigade/Resources/Models/engineer_vehicle.glb,
Assets/MachineBrigade/Resources/Models/ew_jammer.glb,glb,150504,52095762950bdb996788c0f90647f577a70e121e72626ca843bdaca13ea6257d,50,0,0,50,0,10_model_tai_san (chờ),CHO,Assets/MachineBrigade/Resources/Models/ew_jammer.glb,
Assets/MachineBrigade/Resources/Models/ew_tower.glb,glb,472864,d92171154d852ec8d4c22cb891d8523dc894f8d1b4507519e28fdeec670f16e5,148,0,0,148,0,10_model_tai_san (chờ),CHO,Assets/MachineBrigade/Resources/Models/ew_tower.glb,
Assets/MachineBrigade/Resources/Models/ew_tower_a.glb,glb,466812,412fb30b49784cc9658a53b8941b51604ccd341237b98cfab4cb57fb6c5734d9,138,0,0,138,0,10_model_tai_san (chờ),CHO,Assets/MachineBrigade/Resources/Models/ew_tower_a.glb,
Assets/MachineBrigade/Resources/Models/ew_tower_b.glb,glb,420944,be92bb8da5bab82a1016eb8b2743b121800b9a6e113f937c27f3f09e2daa1bbf,136,0,0,136,0,10_model_tai_san (chờ),CHO,Assets/MachineBrigade/Resources/Models/ew_tower_b.glb,
Assets/MachineBrigade/Resources/Models/factory.glb,glb,387784,c3fc5683d95e3f45b4a8c316b8b7253fc36d98be1413b94b3b01ed92fe5e864e,66,0,0,66,0,10_model_tai_san (chờ),CHO,Assets/MachineBrigade/Resources/Models/factory.glb,
Assets/MachineBrigade/Resources/Models/fence.glb,glb,34000,7f3b9f38ad1b6115bcf777545451f500c4c9d826ba7e6fd65ab06f5e524252b1,7,0,0,7,0,10_model_tai_san (chờ),CHO,Assets/MachineBrigade/Resources/Models/fence.glb,
Assets/MachineBrigade/Resources/Models/fern_bush.glb,glb,24536,67d28b2743c8120b2d52e62fb06b953e87e22300756e7881e3c5359b82b1269f,13,0,0,13,0,10_model_tai_san (chờ),CHO,Assets/MachineBrigade/Resources/Models/fern_bush.glb,
Assets/MachineBrigade/Resources/Models/fibre_fpv_carrier.glb,glb,91576,d2e254a134d637b8d03cdd345d6219ef1fd18f4e48b250e58c6a495250bbf772,48,0,0,48,0,10_model_tai_san (chờ),CHO,Assets/MachineBrigade/Resources/Models/fibre_fpv_carrier.glb,
Assets/MachineBrigade/Resources/Models/fighter_jet.glb,glb,312820,c13cb87890063eb206ddaa6a40724d5d135e596a39957d32e35c8d128d3ac4b0,100,0,0,100,0,10_model_tai_san (chờ),CHO,Assets/MachineBrigade/Resources/Models/fighter_jet.glb,
Assets/MachineBrigade/Resources/Models/fighter_jet_hd.glb,glb,1072224,3ddd017201c47d422833d8ea26da5f451681c4165db03ee4cde2bc32dd29a025,122,0,0,122,0,10_model_tai_san (chờ),CHO,Assets/MachineBrigade/Resources/Models/fighter_jet_hd.glb,
Assets/MachineBrigade/Resources/Models/fire_control_centre.glb,glb,171612,609c60b599d67c3ef9e02422af9c68775a4d67bea39364b9b7b4780a36b0dfad,64,0,0,64,0,10_model_tai_san (chờ),CHO,Assets/MachineBrigade/Resources/Models/fire_control_centre.glb,
Assets/MachineBrigade/Resources/Models/fishing_boat.glb,glb,13676,22a00add281ac21e2064183edac1d46cc5c58b0d8a0b4564979375cabc4eb99f,13,0,0,13,0,10_model_tai_san (chờ),CHO,Assets/MachineBrigade/Resources/Models/fishing_boat.glb,
Assets/MachineBrigade/Resources/Models/flak_round.glb,glb,18000,2198329a6ff8c93baff008cc73374d3d7168e0a01aa8a06def108dfe9febd106,21,0,0,21,0,10_model_tai_san (chờ),CHO,Assets/MachineBrigade/Resources/Models/flak_round.glb,
Assets/MachineBrigade/Resources/Models/flak_tower.glb,glb,717740,7902d77836fda0ab7f026b2fbaf4d06a0b869255805c4fed0b2c0b8c2877065d,211,0,0,211,0,10_model_tai_san (chờ),CHO,Assets/MachineBrigade/Resources/Models/flak_tower.glb,
Assets/MachineBrigade/Resources/Models/flame_tank.glb,glb,319184,eaaeb0e016441302d4376d76303d4c2cb9b491cb3adbd156d051325cb7963c46,63,0,0,63,0,10_model_tai_san (chờ),CHO,Assets/MachineBrigade/Resources/Models/flame_tank.glb,
Assets/MachineBrigade/Resources/Models/flare_searchlight_tower.glb,glb,151716,707e7c3a3b4a2be81706ccdf4bf0aaf927e0a06813128231ed106464413ce9c4,50,0,0,50,0,10_model_tai_san (chờ),CHO,Assets/MachineBrigade/Resources/Models/flare_searchlight_tower.glb,
Assets/MachineBrigade/Resources/Models/flare_tower.glb,glb,283576,674151c537ba4bb8f9ec16e53bfc4ba83dd26f3c44945a0817119a09f777e1e8,45,0,0,45,0,10_model_tai_san (chờ),CHO,Assets/MachineBrigade/Resources/Models/flare_tower.glb,
Assets/MachineBrigade/Resources/Models/floodlight_mast.glb,glb,208520,cae469785571c4c8e8044d8b782af19aa24616e6253552168d7c5443087b08cb,41,0,0,41,0,10_model_tai_san (chờ),CHO,Assets/MachineBrigade/Resources/Models/floodlight_mast.glb,
Assets/MachineBrigade/Resources/Models/fortress_bastion.glb,glb,1482000,40a7a2b43c68c4dff0b0f2469263caa07d2f82e649ec2f6f39f3c4d6a8781b39,217,0,0,217,0,10_model_tai_san (chờ),CHO,Assets/MachineBrigade/Resources/Models/fortress_bastion.glb,
Assets/MachineBrigade/Resources/Models/fortress_hive.glb,glb,1164776,7225898567aa9add594941d85db15fb3723a75e181e2f3bfff76cbd8ace81910,153,0,0,153,0,10_model_tai_san (chờ),CHO,Assets/MachineBrigade/Resources/Models/fortress_hive.glb,
Assets/MachineBrigade/Resources/Models/foxhole.glb,glb,78560,c59b146c98786c199702d5e13ff8c57f265eeb4a15d6d2f9266978995ea50f89,37,0,0,37,0,10_model_tai_san (chờ),CHO,Assets/MachineBrigade/Resources/Models/foxhole.glb,
Assets/MachineBrigade/Resources/Models/fpv_carrier.glb,glb,180828,cc8bd807298de4a12d206d0ae73e647633c321f40a7d3278aee2a271325a9cc5,65,0,0,65,0,10_model_tai_san (chờ),CHO,Assets/MachineBrigade/Resources/Models/fpv_carrier.glb,
Assets/MachineBrigade/Resources/Models/fpv_drone.glb,glb,132712,e0a115739b20cf8dfc6adc4eeddd30187f0d5bfa9b8df269ce6271d33e056b8b,45,0,0,45,0,10_model_tai_san (chờ),CHO,Assets/MachineBrigade/Resources/Models/fpv_drone.glb,
Assets/MachineBrigade/Resources/Models/fuel_bladder.glb,glb,124368,02c61bd68469e8ccd03a07ede649e5ccbeae2ce629a07be3a3727de88978c481,48,0,0,48,0,10_model_tai_san (chờ),CHO,Assets/MachineBrigade/Resources/Models/fuel_bladder.glb,
Assets/MachineBrigade/Resources/Models/fuel_depot.glb,glb,264224,190182e82126a465ac6553d7894a35b736a5efff27811d0261f8f2c74cf19fa2,71,0,0,71,0,10_model_tai_san (chờ),CHO,Assets/MachineBrigade/Resources/Models/fuel_depot.glb,
Assets/MachineBrigade/Resources/Models/fuel_tank.glb,glb,108092,e9dba3cfce0a2c97a96b49595fa7963115b40f59449e44fb7f5280474530f606,19,0,0,19,0,10_model_tai_san (chờ),CHO,Assets/MachineBrigade/Resources/Models/fuel_tank.glb,
Assets/MachineBrigade/Resources/Models/fuel_truck.glb,glb,247912,a1171e4155e4294dd51e7fcc638be25e680a1c566f9d1f392b1de7904e6157ec,82,0,0,82,0,10_model_tai_san (chờ),CHO,Assets/MachineBrigade/Resources/Models/fuel_truck.glb,
Assets/MachineBrigade/Resources/Models/gantry_crane.glb,glb,324020,0b317a3cee652c0dee8e2dc7d212d590ad56553823327ee99c4dd2afb01d4d4b,47,0,0,47,0,10_model_tai_san (chờ),CHO,Assets/MachineBrigade/Resources/Models/gantry_crane.glb,
Assets/MachineBrigade/Resources/Models/garage.glb,glb,71016,1abc1f39503a0ad4760802b72ac2ff201f213a8ee9e2214edb1808db3f44de3f,40,0,0,40,0,10_model_tai_san (chờ),CHO,Assets/MachineBrigade/Resources/Models/garage.glb,
Assets/MachineBrigade/Resources/Models/garuda.glb,glb,194608,01ec45f82a25b8c3286c46d09a6cdfe985ee6e25f9d31b6a4cba30c01b761a55,113,0,0,113,0,10_model_tai_san (chờ),CHO,Assets/MachineBrigade/Resources/Models/garuda.glb,
Assets/MachineBrigade/Resources/Models/gbu12.glb,glb,23816,4ddd0ed9f4409b5845ab7b3f4cbdfc9d1588d2db409480a514eb8a048e7ee5ff,20,0,0,20,0,10_model_tai_san (chờ),CHO,Assets/MachineBrigade/Resources/Models/gbu12.glb,
Assets/MachineBrigade/Resources/Models/gbu39.glb,glb,20424,f9d659dac6f64bb2ead795d00bdeaf8dc73621f0e8c32c05c29f9d1d1e79b0a4,19,0,0,19,0,10_model_tai_san (chờ),CHO,Assets/MachineBrigade/Resources/Models/gbu39.glb,
Assets/MachineBrigade/Resources/Models/glide_bomber.glb,glb,107120,efdddf79fecd0d7855558c53e4a6e1cd3c0c7fd4a15a094705c0b7ca2957d911,42,0,0,42,0,10_model_tai_san (chờ),CHO,Assets/MachineBrigade/Resources/Models/glide_bomber.glb,
Assets/MachineBrigade/Resources/Models/gmlrs.glb,glb,18424,4f3c448cc95432fce961d0d8746d307022a029777a6e205ae6920389a7f01d25,20,0,0,20,0,10_model_tai_san (chờ),CHO,Assets/MachineBrigade/Resources/Models/gmlrs.glb,
Assets/MachineBrigade/Resources/Models/gps_jammer_vehicle.glb,glb,271308,53572b20e45cb2cdbcee54c7b4dceec29e286ce1b11b2990aea1e01510879b14,74,0,0,74,0,10_model_tai_san (chờ),CHO,Assets/MachineBrigade/Resources/Models/gps_jammer_vehicle.glb,
Assets/MachineBrigade/Resources/Models/grad.glb,glb,17816,074a2fb7e28f8038f7abd361ec702aee8563f0631db98a90dd981aadd0ea2e66,21,0,0,21,0,10_model_tai_san (chờ),CHO,Assets/MachineBrigade/Resources/Models/grad.glb,
Assets/MachineBrigade/Resources/Models/grad_cluster.glb,glb,20240,d7552b574a55dc412f3fbba046dfb410ae0c90a643225f6ad07bc3e9e2f24026,23,0,0,23,0,10_model_tai_san (chờ),CHO,Assets/MachineBrigade/Resources/Models/grad_cluster.glb,
Assets/MachineBrigade/Resources/Models/grad_truck.glb,glb,436716,05ab3a6331369c94792e7c48ba3f83da85f803492df791008f23f43f755d2506,69,0,0,69,0,10_model_tai_san (chờ),CHO,Assets/MachineBrigade/Resources/Models/grad_truck.glb,
Assets/MachineBrigade/Resources/Models/griffin.glb,glb,23044,47ba4aa09d51525e543b3a65b2217dbc1ac0afbacd5a32c1ea3e10c685142b84,24,0,0,24,0,10_model_tai_san (chờ),CHO,Assets/MachineBrigade/Resources/Models/griffin.glb,
Assets/MachineBrigade/Resources/Models/ground_cruise_missile_vehicle.glb,glb,232104,79d68a66299387e6b8ea54c88fb05ea2ce88cff4394c5532e81220eca5998ab2,70,0,0,70,0,10_model_tai_san (chờ),CHO,Assets/MachineBrigade/Resources/Models/ground_cruise_missile_vehicle.glb,
Assets/MachineBrigade/Resources/Models/ground_drone_carrier.glb,glb,285460,6ad69f7e0927a24696515b8b830c504c3599aa8510556836e7a45821da84fea0,89,0,0,89,0,10_model_tai_san (chờ),CHO,Assets/MachineBrigade/Resources/Models/ground_drone_carrier.glb,
Assets/MachineBrigade/Resources/Models/guard_tower.glb,glb,491700,a74ece57f96f89e7add9269b36a00bc7ffbe076b784a3535f9a5ca5adff91ae3,125,0,0,125,0,10_model_tai_san (chờ),CHO,Assets/MachineBrigade/Resources/Models/guard_tower.glb,
Assets/MachineBrigade/Resources/Models/guard_tower_a.glb,glb,557012,7bbdd78274a66a3ad88f79790d0a16f1a322c0be97474fcc58508b38aacd8df3,142,0,0,142,0,10_model_tai_san (chờ),CHO,Assets/MachineBrigade/Resources/Models/guard_tower_a.glb,
Assets/MachineBrigade/Resources/Models/guard_tower_b.glb,glb,192556,0c1dfa821670230fd1e5faa2cbde81391e2206e899ff0bca6725fdbaef3af412,59,0,0,59,0,10_model_tai_san (chờ),CHO,Assets/MachineBrigade/Resources/Models/guard_tower_b.glb,
Assets/MachineBrigade/Resources/Models/gun_pit.glb,glb,489444,5d484e6b7203b459e4efca05514526093f3044fa5433a2e131d510701bbf7032,124,0,0,124,0,10_model_tai_san (chờ),CHO,Assets/MachineBrigade/Resources/Models/gun_pit.glb,
Assets/MachineBrigade/Resources/Models/gun_turret.glb,glb,446312,796302786f96b6c5bc030ff2598ebf4ad65f48e808d28fbd2037f4a4b19e58d8,108,0,0,108,0,10_model_tai_san (chờ),CHO,Assets/MachineBrigade/Resources/Models/gun_turret.glb,
Assets/MachineBrigade/Resources/Models/gun_turret_a.glb,glb,462432,e0bfb5b1ac29b1dc251c9f27536b3299744eba312e9d9886cfa4276e864540b5,114,0,0,114,0,10_model_tai_san (chờ),CHO,Assets/MachineBrigade/Resources/Models/gun_turret_a.glb,
Assets/MachineBrigade/Resources/Models/gun_turret_b.glb,glb,479024,5e16e497ae9b822bd280cf2ac28b9a324090b4bff801a046fa31184a2f9f7cdd,122,0,0,122,0,10_model_tai_san (chờ),CHO,Assets/MachineBrigade/Resources/Models/gun_turret_b.glb,
Assets/MachineBrigade/Resources/Models/gunship_heli.glb,glb,298352,48a1e475c151f9e5211e714c6477b0afff002eb167ba423917a2b99d3de74ccd,74,0,0,74,0,10_model_tai_san (chờ),CHO,Assets/MachineBrigade/Resources/Models/gunship_heli.glb,
Assets/MachineBrigade/Resources/Models/hangar.glb,glb,374948,d6b42c4a4bb0777f8f174304c4b1e2a62cf558f5a560fe086f49f66e509201ba,92,0,0,92,0,10_model_tai_san (chờ),CHO,Assets/MachineBrigade/Resources/Models/hangar.glb,
Assets/MachineBrigade/Resources/Models/headquarters.glb,glb,1074712,c76dd102b5ec2f75de394bebcc0b9f17aca2eefb2caf6bfcad9cb84d2c554366,254,0,0,254,0,10_model_tai_san (chờ),CHO,Assets/MachineBrigade/Resources/Models/headquarters.glb,
Assets/MachineBrigade/Resources/Models/heat_round.glb,glb,13660,48c90a8034b5279a27374f20bb108904606c25e20eb012720a540f045b0f6524,14,0,0,14,0,10_model_tai_san (chờ),CHO,Assets/MachineBrigade/Resources/Models/heat_round.glb,
Assets/MachineBrigade/Resources/Models/heavy_aa.glb,glb,286572,a4eef03a9a266b8a3e29df1b4c9430bc3d3553696e1b45aaa13b513d7cd7e1b5,85,0,0,85,0,10_model_tai_san (chờ),CHO,Assets/MachineBrigade/Resources/Models/heavy_aa.glb,
Assets/MachineBrigade/Resources/Models/heavy_attack_heli.glb,glb,570340,535cc19f00cfe9bf5ed0325fb6670f639fdbd775118764672a3d5d815b547a09,88,0,0,88,0,10_model_tai_san (chờ),CHO,Assets/MachineBrigade/Resources/Models/heavy_attack_heli.glb,
Assets/MachineBrigade/Resources/Models/heavy_bomber.glb,glb,268496,07c53ed833aece95ffbbb1b19ddedf4db35460605dced0ceb0978734768a666b,73,0,0,73,0,10_model_tai_san (chờ),CHO,Assets/MachineBrigade/Resources/Models/heavy_bomber.glb,
Assets/MachineBrigade/Resources/Models/heavy_flak_tower.glb,glb,440664,051e2231806e4f33879fc79b5a5948cc71e3da1564b47d65abdc3b145b696ed5,54,0,0,54,0,10_model_tai_san (chờ),CHO,Assets/MachineBrigade/Resources/Models/heavy_flak_tower.glb,
Assets/MachineBrigade/Resources/Models/heavy_lift_helicopter.glb,glb,263040,bfd69dfd331b3682dc11065e8755b24050c739b8a9b7d75d73986461401f079c,64,0,0,64,0,10_model_tai_san (chờ),CHO,Assets/MachineBrigade/Resources/Models/heavy_lift_helicopter.glb,
Assets/MachineBrigade/Resources/Models/heavy_rocket.glb,glb,36080,3f0332da95301c3c381c1378c76cd9c0ab83d1ab0edc7a5200b2582f758d1da3,20,0,0,20,0,10_model_tai_san (chờ),CHO,Assets/MachineBrigade/Resources/Models/heavy_rocket.glb,
Assets/MachineBrigade/Resources/Models/heavy_rocket_artillery.glb,glb,235300,e284c8399de48b07df8f0c77479a38c3c87d832d1cc6175ef973d8c6a1db3683,52,0,0,52,0,10_model_tai_san (chờ),CHO,Assets/MachineBrigade/Resources/Models/heavy_rocket_artillery.glb,
Assets/MachineBrigade/Resources/Models/heavy_tank.glb,glb,356140,b74ceedc8f2861263b25df4a7fdafd01e8636c35137dbd6a85039b729ca0e779,71,0,0,71,0,10_model_tai_san (chờ),CHO,Assets/MachineBrigade/Resources/Models/heavy_tank.glb,
Assets/MachineBrigade/Resources/Models/heavy_tank_hd.glb,glb,883164,b36cd930ac63ba3d9114306f0030f289420c8363dedf5ee8c8f8f29552401313,92,0,0,92,0,10_model_tai_san (chờ),CHO,Assets/MachineBrigade/Resources/Models/heavy_tank_hd.glb,
Assets/MachineBrigade/Resources/Models/heavy_turret.glb,glb,691280,4c9f3e7d96b3d402908a0a2090ab0cb24e96937236689b58af51add7e4067c3b,188,0,0,188,0,10_model_tai_san (chờ),CHO,Assets/MachineBrigade/Resources/Models/heavy_turret.glb,
Assets/MachineBrigade/Resources/Models/heavy_turret_a.glb,glb,702420,4cb95a2f22e2a688e3c87046cefb9d2fee5a27a4fe12d74f2bdfb86172d2812b,190,0,0,190,0,10_model_tai_san (chờ),CHO,Assets/MachineBrigade/Resources/Models/heavy_turret_a.glb,
Assets/MachineBrigade/Resources/Models/heavy_turret_b.glb,glb,861528,898e7c8d40a76948ff9eb87d770f7ea4f8cd77efe689bad8dc29c2bec7501b32,218,0,0,218,0,10_model_tai_san (chờ),CHO,Assets/MachineBrigade/Resources/Models/heavy_turret_b.glb,
Assets/MachineBrigade/Resources/Models/hedge.glb,glb,77020,108109e0118c030508bd69382f48f2389b7c9084e96c906b51fc84aae132376c,7,0,0,7,0,10_model_tai_san (chờ),CHO,Assets/MachineBrigade/Resources/Models/hedge.glb,
Assets/MachineBrigade/Resources/Models/helipad.glb,glb,71584,c452b15b187f43801ef9cdaa5667c0d96e0cb11f5617c71e5b332d24eb53f512,19,0,0,19,0,10_model_tai_san (chờ),CHO,Assets/MachineBrigade/Resources/Models/helipad.glb,
Assets/MachineBrigade/Resources/Models/helipad_a.glb,glb,92580,a40a53754e50b19a835b8ab5e18322d428fafa1cf4a8c770a74c7c92f928c998,35,0,0,35,0,10_model_tai_san (chờ),CHO,Assets/MachineBrigade/Resources/Models/helipad_a.glb,
Assets/MachineBrigade/Resources/Models/helipad_b.glb,glb,133432,648b22b79e086b335f79c6e1dcc8ba6ab46697984c4884ee63c06637d6c3e82b,40,0,0,40,0,10_model_tai_san (chờ),CHO,Assets/MachineBrigade/Resources/Models/helipad_b.glb,
Assets/MachineBrigade/Resources/Models/hellfire.glb,glb,27572,e4b8a1a30dca5e52902abf88e90661de2cb27d50099f8039007979b956105ade,26,0,0,26,0,10_model_tai_san (chờ),CHO,Assets/MachineBrigade/Resources/Models/hellfire.glb,
Assets/MachineBrigade/Resources/Models/hellfire_longbow.glb,glb,25244,4ae9b4b191427bd23ad2154b4518339c1222460cda7e281639a4387ece9f38e6,25,0,0,25,0,10_model_tai_san (chờ),CHO,Assets/MachineBrigade/Resources/Models/hellfire_longbow.glb,
Assets/MachineBrigade/Resources/Models/highrise_a.glb,glb,454688,631a58eb31f3a026405340c087ff70b5b2d900ba07243a79c0eb2a2b97a5d045,87,0,0,87,0,10_model_tai_san (chờ),CHO,Assets/MachineBrigade/Resources/Models/highrise_a.glb,
Assets/MachineBrigade/Resources/Models/highrise_b.glb,glb,494684,ee20ff706d7317d92b6d6ef86b567ac44469ce789715778eb6229936f9d69d97,102,0,0,102,0,10_model_tai_san (chờ),CHO,Assets/MachineBrigade/Resources/Models/highrise_b.glb,
Assets/MachineBrigade/Resources/Models/house_large.glb,glb,314280,8b5f61c6376cd7818b0cbc9c66be4401f72e3dfedbb03432448aed90651807a5,29,0,0,29,0,10_model_tai_san (chờ),CHO,Assets/MachineBrigade/Resources/Models/house_large.glb,
Assets/MachineBrigade/Resources/Models/house_small.glb,glb,133212,63eabd92e6bdb854d32126c8f04399b2a3445afd984b73d259ba5fadbb61af5f,26,0,0,26,0,10_model_tai_san (chờ),CHO,Assets/MachineBrigade/Resources/Models/house_small.glb,
Assets/MachineBrigade/Resources/Models/hover_gunboat.glb,glb,145092,56ddd5ae55f3d59e46f577eb162cc15d7a880559fb302028baf3d0ef8b903f6b,49,0,0,49,0,10_model_tai_san (chờ),CHO,Assets/MachineBrigade/Resources/Models/hover_gunboat.glb,
Assets/MachineBrigade/Resources/Models/howitzer.glb,glb,576836,a0279f04f1323548dbb0ed56ddda7e617f7ff317f65c750d5898e618330d88cc,116,0,0,116,0,10_model_tai_san (chờ),CHO,Assets/MachineBrigade/Resources/Models/howitzer.glb,
Assets/MachineBrigade/Resources/Models/hydra.glb,glb,16076,33b0fa296088f10be99ffe2fe2ce35ec1a48594fba5f0900293e90adae882498,18,0,0,18,0,10_model_tai_san (chờ),CHO,Assets/MachineBrigade/Resources/Models/hydra.glb,
Assets/MachineBrigade/Resources/Models/hydra_sub.glb,glb,461148,128a404712b06b37c31857c20c4f6b7178982e0bfdd4aeddf7e67ef0b73d5974,134,0,0,134,0,10_model_tai_san (chờ),CHO,Assets/MachineBrigade/Resources/Models/hydra_sub.glb,
Assets/MachineBrigade/Resources/Models/hyperion.glb,glb,512504,184535bce1f4d76063dc303bfd95742e7962fea9d887543579c1094d9fcf875a,162,0,0,162,0,10_model_tai_san (chờ),CHO,Assets/MachineBrigade/Resources/Models/hyperion.glb,
Assets/MachineBrigade/Resources/Models/icbm.glb,glb,59504,71f478c1ed0e420c48481d483b87a0482cfaf300af96f8be9dc828956bb21879,27,0,0,27,0,10_model_tai_san (chờ),CHO,Assets/MachineBrigade/Resources/Models/icbm.glb,
Assets/MachineBrigade/Resources/Models/ifv.glb,glb,325304,5713c5b1ea97e2a8c21dd273b8d80ecc3dc3827623c72192c3e4bc2e4377b17a,76,0,0,76,0,10_model_tai_san (chờ),CHO,Assets/MachineBrigade/Resources/Models/ifv.glb,
Assets/MachineBrigade/Resources/Models/igla.glb,glb,23096,0bc95867d99bdbd9c96720b7dac3b1656bfb71092742010b2437d37388497dc3,26,0,0,26,0,10_model_tai_san (chờ),CHO,Assets/MachineBrigade/Resources/Models/igla.glb,
Assets/MachineBrigade/Resources/Models/inflatable_decoy.glb,glb,71440,750b1e8c8eebff6966c5f5b27914884b2e961f85789b9735038d2ba8acc1405c,19,0,0,19,0,10_model_tai_san (chờ),CHO,Assets/MachineBrigade/Resources/Models/inflatable_decoy.glb,
Assets/MachineBrigade/Resources/Models/interceptor_drone_vehicle.glb,glb,264948,e6b9b7cd4bea8cc75ef7da7b576c3dc44327705c6abb72b5eba70b2cce1daec3,95,0,0,95,0,10_model_tai_san (chờ),CHO,Assets/MachineBrigade/Resources/Models/interceptor_drone_vehicle.glb,
Assets/MachineBrigade/Resources/Models/interceptor_jet.glb,glb,95992,a07df22322a5bdaccb92ead69113cf12b2db9583037ae013ad9f319b0494b89b,34,0,0,34,0,10_model_tai_san (chờ),CHO,Assets/MachineBrigade/Resources/Models/interceptor_jet.glb,
Assets/MachineBrigade/Resources/Models/iron_beam.glb,glb,202352,13a68dcad05f2a13fa9187f2ce183e8f67834f802c4b3a04ffd542a2e0ac259d,68,0,0,68,0,10_model_tai_san (chờ),CHO,Assets/MachineBrigade/Resources/Models/iron_beam.glb,
Assets/MachineBrigade/Resources/Models/ixion.glb,glb,1079984,680f064fff8bb1b86694ecb35e7b044d4cdf47ea1920a888073c57419b7827db,108,0,0,108,0,10_model_tai_san (chờ),CHO,Assets/MachineBrigade/Resources/Models/ixion.glb,
Assets/MachineBrigade/Resources/Models/jassm.glb,glb,17208,fe129fcf3a28ac51932fc0e41b611f28f4fa5f348e94e7b4e9df38d4a928f872,16,0,0,16,0,10_model_tai_san (chờ),CHO,Assets/MachineBrigade/Resources/Models/jassm.glb,
Assets/MachineBrigade/Resources/Models/jdam.glb,glb,26576,5617bfec7f548e43ac37dc46547fab478670e7330d22fe7fde2aa783ebe19b1a,23,0,0,23,0,10_model_tai_san (chờ),CHO,Assets/MachineBrigade/Resources/Models/jdam.glb,
Assets/MachineBrigade/Resources/Models/jersey_barrier.glb,glb,28520,d858ee8424795dafab9c262786b472e14ebc1b333057f445b6dcb2d66ca8453f,16,0,0,16,0,10_model_tai_san (chờ),CHO,Assets/MachineBrigade/Resources/Models/jersey_barrier.glb,
Assets/MachineBrigade/Resources/Models/jungle_tree_a.glb,glb,117144,0c9ddbe650940c03219e1efbad96e4e1ab593da3127966b8464278099d5448ea,17,0,0,17,0,10_model_tai_san (chờ),CHO,Assets/MachineBrigade/Resources/Models/jungle_tree_a.glb,
Assets/MachineBrigade/Resources/Models/jungle_tree_b.glb,glb,124988,174e42f2dba73d1ee859c5ca40c029ed3ed48f681ba4d03c16f886ad11ff549d,19,0,0,19,0,10_model_tai_san (chờ),CHO,Assets/MachineBrigade/Resources/Models/jungle_tree_b.glb,
Assets/MachineBrigade/Resources/Models/jungle_tree_c.glb,glb,117240,4d731529eff14916499d19322ee40792978837622b388cb3adda416eb70b8d4f,17,0,0,17,0,10_model_tai_san (chờ),CHO,Assets/MachineBrigade/Resources/Models/jungle_tree_c.glb,
Assets/MachineBrigade/Resources/Models/kh29l.glb,glb,28460,12fce5d512df3f82d2008280b6cb50de8e8e7df8bcb44b2017600a135113114a,29,0,0,29,0,10_model_tai_san (chờ),CHO,Assets/MachineBrigade/Resources/Models/kh29l.glb,
Assets/MachineBrigade/Resources/Models/kraken.glb,glb,699380,e11d0e72da08fcb7eabce380652cd5ebb408111d00abc0398e2554a32605cf09,291,0,0,291,0,10_model_tai_san (chờ),CHO,Assets/MachineBrigade/Resources/Models/kraken.glb,
Assets/MachineBrigade/Resources/Models/kronos.glb,glb,719472,5cbdfac1c96699759449f9f7d65940f8db1b22a73e4081454f9fedb40dc3c521,118,0,0,118,0,10_model_tai_san (chờ),CHO,Assets/MachineBrigade/Resources/Models/kronos.glb,
Assets/MachineBrigade/Resources/Models/lamp_post.glb,glb,23148,7001bdba77e1c02c754014e9a74e4cd770687596adda2f5b21efe789d2fe609f,13,0,0,13,0,10_model_tai_san (chờ),CHO,Assets/MachineBrigade/Resources/Models/lamp_post.glb,
Assets/MachineBrigade/Resources/Models/lancet.glb,glb,16648,5af14091fbfa438eac6cc84cc16333904141245cfac6dacaf62ff0814100905a,15,0,0,15,0,10_model_tai_san (chờ),CHO,Assets/MachineBrigade/Resources/Models/lancet.glb,
Assets/MachineBrigade/Resources/Models/lancet_truck.glb,glb,158072,c4076bc4c6933d921584ef8cea2dfbf97b45c5efd12f5e315f5dc38e37006ff3,60,0,0,60,0,10_model_tai_san (chờ),CHO,Assets/MachineBrigade/Resources/Models/lancet_truck.glb,
Assets/MachineBrigade/Resources/Models/landing_craft.glb,glb,38896,cc61ced23260f5685490c6885529a09d65e2c623fc04078043a082b1f873609f,29,0,0,29,0,10_model_tai_san (chờ),CHO,Assets/MachineBrigade/Resources/Models/landing_craft.glb,
Assets/MachineBrigade/Resources/Models/landing_hovercraft.glb,glb,1114028,4477fbef7750009b5cefc778d6d751fafbfd1706d24d566e1823b38b92aab870,209,0,0,209,0,10_model_tai_san (chờ),CHO,Assets/MachineBrigade/Resources/Models/landing_hovercraft.glb,
Assets/MachineBrigade/Resources/Models/laser_ad_station.glb,glb,198404,eda1bd08846ce4b57b6ae9861402998e7210d2c6abe1d230d31563ae933e8505,65,0,0,65,0,10_model_tai_san (chờ),CHO,Assets/MachineBrigade/Resources/Models/laser_ad_station.glb,
Assets/MachineBrigade/Resources/Models/laser_tank.glb,glb,249060,28c3458a27f6c6c54ae3055811eacdbc7c4caa5f93e6553dc1648812c5ff80b9,62,0,0,62,0,10_model_tai_san (chờ),CHO,Assets/MachineBrigade/Resources/Models/laser_tank.glb,
Assets/MachineBrigade/Resources/Models/lava_vent.glb,glb,91176,65c77c04c25ed82e7fccd3cb728de5a87c4c90f7aefa5f48b2e3009127316791,17,0,0,17,0,10_model_tai_san (chờ),CHO,Assets/MachineBrigade/Resources/Models/lava_vent.glb,
Assets/MachineBrigade/Resources/Models/leviathan.glb,glb,1641112,e7e2d8c2b67abb70c118e5514741b73ec3e923204993bfc0da85b97c0e5ea38b,388,0,0,388,0,10_model_tai_san (chờ),CHO,Assets/MachineBrigade/Resources/Models/leviathan.glb,
Assets/MachineBrigade/Resources/Models/light_attack_heli.glb,glb,233364,b72bcc3476b577bf60c82f9eea73442ec0e7eca6aea1fb3f668e46f668eed448,64,0,0,64,0,10_model_tai_san (chờ),CHO,Assets/MachineBrigade/Resources/Models/light_attack_heli.glb,
Assets/MachineBrigade/Resources/Models/light_tank.glb,glb,271352,3a69dde1e60932a9ba67ba0202726934d9bb94f92441e5fab612d8948b0d7465,63,0,0,63,0,10_model_tai_san (chờ),CHO,Assets/MachineBrigade/Resources/Models/light_tank.glb,
Assets/MachineBrigade/Resources/Models/light_tank_hd.glb,glb,693504,93aa58efa5870484fa5645a1f4f53864fe087befdbdff191f26b1642fe1c0edf,79,0,0,79,0,10_model_tai_san (chờ),CHO,Assets/MachineBrigade/Resources/Models/light_tank_hd.glb,
Assets/MachineBrigade/Resources/Models/lighthouse.glb,glb,50816,663630ea73914594c388b9934d6ee5a3d7d5895bbd8b686d34139b7a75b97802,26,0,0,26,0,10_model_tai_san (chờ),CHO,Assets/MachineBrigade/Resources/Models/lighthouse.glb,
Assets/MachineBrigade/Resources/Models/log_cabin.glb,glb,241300,58db33c3db407e785db75a628524c127af72cdaa6bb2a94e7cda284d7f716666,58,0,0,58,0,10_model_tai_san (chờ),CHO,Assets/MachineBrigade/Resources/Models/log_cabin.glb,
Assets/MachineBrigade/Resources/Models/logistics_station.glb,glb,106220,0b04433d4acfd009965d5868a6dcfad1f959b08146b208a64003f0ead48b05ec,47,0,0,47,0,10_model_tai_san (chờ),CHO,Assets/MachineBrigade/Resources/Models/logistics_station.glb,
Assets/MachineBrigade/Resources/Models/long_sam.glb,glb,192560,e33b1434e27bf5cc1cf32961587affbd099026c277f06e3e798e479d0a0968dd,53,0,0,53,0,10_model_tai_san (chờ),CHO,Assets/MachineBrigade/Resources/Models/long_sam.glb,
Assets/MachineBrigade/Resources/Models/main_battle_tank.glb,glb,452264,066032fe65adf78fd9e49c72a1d8822ce93bc83d1d7672eaeda15d86dba297b2,92,0,0,92,0,10_model_tai_san (chờ),CHO,Assets/MachineBrigade/Resources/Models/main_battle_tank.glb,
Assets/MachineBrigade/Resources/Models/main_battle_tank_hd.glb,glb,1116380,e1d4adf823a88d94dde932daa36f2529ad4eaa40115fb2da6dba4a5246dfa273,129,0,0,129,0,10_model_tai_san (chờ),CHO,Assets/MachineBrigade/Resources/Models/main_battle_tank_hd.glb,
Assets/MachineBrigade/Resources/Models/mam_l.glb,glb,19544,3a03d5174ad3382a5d58fa2a59f9be2b20b688b10211e351b64576ae46cde03b,17,0,0,17,0,10_model_tai_san (chờ),CHO,Assets/MachineBrigade/Resources/Models/mam_l.glb,
Assets/MachineBrigade/Resources/Models/manpads_tower.glb,glb,141816,d2e53b6d67bbdf639d910f958620d63d2e9dd70fb19e14d323eff43f223e93a6,41,0,0,41,0,10_model_tai_san (chờ),CHO,Assets/MachineBrigade/Resources/Models/manpads_tower.glb,
Assets/MachineBrigade/Resources/Models/market_stall.glb,glb,111212,f828dfe9a99514b5b28d3084daaa16d0dfef4fd28274ef42fb2098a7f087fd96,36,0,0,36,0,10_model_tai_san (chờ),CHO,Assets/MachineBrigade/Resources/Models/market_stall.glb,
Assets/MachineBrigade/Resources/Models/maverick.glb,glb,27912,bacc1d0f39d4e68dd3e3fbcdfcca47f23454d464aba3c290ef7e86f3ea8a96d2,28,0,0,28,0,10_model_tai_san (chờ),CHO,Assets/MachineBrigade/Resources/Models/maverick.glb,
Assets/MachineBrigade/Resources/Models/mega_gunship.glb,glb,737268,3def47ffb5f88713329b83e3e559a5895d43c43b455fcf95f8c853bd3efc6342,113,0,0,113,0,10_model_tai_san (chờ),CHO,Assets/MachineBrigade/Resources/Models/mega_gunship.glb,
Assets/MachineBrigade/Resources/Models/mesa.glb,glb,77020,e59f898c699f5310c997d457298dbf8ab14362b6e528bb274240899f6967c53e,11,0,0,11,0,10_model_tai_san (chờ),CHO,Assets/MachineBrigade/Resources/Models/mesa.glb,
Assets/MachineBrigade/Resources/Models/mg_bunker.glb,glb,264488,c72d7206f8161e0434f91664331c57d3ba23b3be917a94a53e01b1646550cdd3,95,0,0,95,0,10_model_tai_san (chờ),CHO,Assets/MachineBrigade/Resources/Models/mg_bunker.glb,
Assets/MachineBrigade/Resources/Models/mg_bunker_a.glb,glb,283116,eb69b57207d41e11348a14359f23ba8cf4ec61f3c196c4f8c6709a58baae2530,103,0,0,103,0,10_model_tai_san (chờ),CHO,Assets/MachineBrigade/Resources/Models/mg_bunker_a.glb,
Assets/MachineBrigade/Resources/Models/mg_bunker_b.glb,glb,258552,4dc0893dd75ce87213a95a57d600f62e245a11c0a91ef65440d54595f71ef331,89,0,0,89,0,10_model_tai_san (chờ),CHO,Assets/MachineBrigade/Resources/Models/mg_bunker_b.glb,
Assets/MachineBrigade/Resources/Models/microwave_vehicle.glb,glb,332444,5ad99c9915bf9a6149c475f3b8d337eff5e1820115083758a8c82523f17526a8,92,0,0,92,0,10_model_tai_san (chờ),CHO,Assets/MachineBrigade/Resources/Models/microwave_vehicle.glb,
Assets/MachineBrigade/Resources/Models/mine.glb,glb,37852,fed1cdba69b46a2286b9c7909edc99a2098d93aa8daa1cad82683538d32d16bd,20,0,0,20,0,10_model_tai_san (chờ),CHO,Assets/MachineBrigade/Resources/Models/mine.glb,
Assets/MachineBrigade/Resources/Models/mine_layer.glb,glb,257104,a93fcf1d3c49245264415da0bc8442e5404279d6a291003698cb6ef930007e90,54,0,0,54,0,10_model_tai_san (chờ),CHO,Assets/MachineBrigade/Resources/Models/mine_layer.glb,
Assets/MachineBrigade/Resources/Models/mine_rocket_truck.glb,glb,298264,8f2c435a6c0084d541d26187b5e9663d744465c569f4a2ef8c17714d12a3b33d,55,0,0,55,0,10_model_tai_san (chờ),CHO,Assets/MachineBrigade/Resources/Models/mine_rocket_truck.glb,
Assets/MachineBrigade/Resources/Models/minefield.glb,glb,289296,6eef20aeb591d74ca07662f10bfc0e7c057d63f3b6ad0fff696222486fa65199,60,0,0,60,0,10_model_tai_san (chờ),CHO,Assets/MachineBrigade/Resources/Models/minefield.glb,
Assets/MachineBrigade/Resources/Models/minefield_a.glb,glb,294328,1edeb2d805096b4b4f1af33109fb07d6079abded1a0044d02952fc603c08b307,51,0,0,51,0,10_model_tai_san (chờ),CHO,Assets/MachineBrigade/Resources/Models/minefield_a.glb,
Assets/MachineBrigade/Resources/Models/minefield_b.glb,glb,356904,bc6199572aaec572e3b51bc064780c5f93307ccda6e091f9bb5995f092d09c0c,56,0,0,56,0,10_model_tai_san (chờ),CHO,Assets/MachineBrigade/Resources/Models/minefield_b.glb,
Assets/MachineBrigade/Resources/Models/missile.glb,glb,37592,2a5564062f44b5dcfbfa716b0f4ed0bc00a5583f79e3a7554c1c3da24d508efb,24,0,0,24,0,10_model_tai_san (chờ),CHO,Assets/MachineBrigade/Resources/Models/missile.glb,
Assets/MachineBrigade/Resources/Models/missile_battery.glb,glb,581948,eee33980d87b32694911a9afe71b14e94c5e63d98df3cc5ee24e5e605f1f2a0e,209,0,0,209,0,10_model_tai_san (chờ),CHO,Assets/MachineBrigade/Resources/Models/missile_battery.glb,
Assets/MachineBrigade/Resources/Models/missile_battery_a.glb,glb,668508,859d337250a8d658ca59fa910bc5dc1d75ec911398a21ca9d2331354386e8cf5,209,0,0,209,0,10_model_tai_san (chờ),CHO,Assets/MachineBrigade/Resources/Models/missile_battery_a.glb,
Assets/MachineBrigade/Resources/Models/missile_battery_b.glb,glb,582852,9a428788a57d3250658840e79b3bba5f33068520730f293ba846b1e54a1e0db8,209,0,0,209,0,10_model_tai_san (chờ),CHO,Assets/MachineBrigade/Resources/Models/missile_battery_b.glb,
Assets/MachineBrigade/Resources/Models/missile_boat.glb,glb,44580,60723dc552267131db0c30e38a6eb0feaec6619772262361edb542f071313d96,31,0,0,31,0,10_model_tai_san (chờ),CHO,Assets/MachineBrigade/Resources/Models/missile_boat.glb,
Assets/MachineBrigade/Resources/Models/mlrs.glb,glb,178784,362fb38d1960f8309e50723dbedb641ec4ff06efc6c0e7ad9e6ca1a461bd46d7,57,0,0,57,0,10_model_tai_san (chờ),CHO,Assets/MachineBrigade/Resources/Models/mlrs.glb,
Assets/MachineBrigade/Resources/Models/mobile_fortress.glb,glb,1404764,707b13c2624c3f9f14842b7518a903a6be321151d0b4ba905c389fea6ce0f074,180,0,0,180,0,10_model_tai_san (chờ),CHO,Assets/MachineBrigade/Resources/Models/mobile_fortress.glb,
Assets/MachineBrigade/Resources/Models/mobile_repair_vehicle.glb,glb,221756,e35769010b5cb1cced92e9f28dc44f602a9551c747ce3c8bfeb4c84dc53382f5,71,0,0,71,0,10_model_tai_san (chờ),CHO,Assets/MachineBrigade/Resources/Models/mobile_repair_vehicle.glb,
Assets/MachineBrigade/Resources/Models/moloch.glb,glb,570828,69d80524660c78e7e3e0f1814ff8a4d3f0cefae95a0f4e1d61e09b60455f5eb2,136,0,0,136,0,10_model_tai_san (chờ),CHO,Assets/MachineBrigade/Resources/Models/moloch.glb,
Assets/MachineBrigade/Resources/Models/monster.glb,glb,1405492,c31c90198f2206e6b351fbb79c0c5fd4bbfac66c767ac007cd1ece49a73fa29b,204,0,0,204,0,10_model_tai_san (chờ),CHO,Assets/MachineBrigade/Resources/Models/monster.glb,
Assets/MachineBrigade/Resources/Models/morrigan.glb,glb,130624,5ddf7f8f33f59b6a508c9caca7d2c7b93067b8c81c553f777f94a5081761ee58,80,0,0,80,0,10_model_tai_san (chờ),CHO,Assets/MachineBrigade/Resources/Models/morrigan.glb,
Assets/MachineBrigade/Resources/Models/mortar_bomb.glb,glb,15436,9af67db74ccb2e0d35c22cb5d63e7453a64da586408a66692c97f908ea773b07,14,0,0,14,0,10_model_tai_san (chờ),CHO,Assets/MachineBrigade/Resources/Models/mortar_bomb.glb,
Assets/MachineBrigade/Resources/Models/mortar_carrier.glb,glb,219040,0ce8733970d04d10c44bec0569f5a85840c5acc433b5bf98fec12987a87b3f2e,60,0,0,60,0,10_model_tai_san (chờ),CHO,Assets/MachineBrigade/Resources/Models/mortar_carrier.glb,
Assets/MachineBrigade/Resources/Models/mountain_a.glb,glb,342024,53c2b117e21318f4a16569fc6d7e1b0e298a9773dcd0220c1189ba08d8aee450,13,0,0,13,0,10_model_tai_san (chờ),CHO,Assets/MachineBrigade/Resources/Models/mountain_a.glb,
Assets/MachineBrigade/Resources/Models/mountain_b.glb,glb,339436,2bb85c3b87b6a938e989c9662c4b146b22d444733d2dfe40f1fb90d77b9c7922,10,0,0,10,0,10_model_tai_san (chờ),CHO,Assets/MachineBrigade/Resources/Models/mountain_b.glb,
Assets/MachineBrigade/Resources/Models/mountain_c.glb,glb,314316,6bf148a2b0a5337a59c2f6200dae25eccb9af62e5883eb4dac8a14aa5f7f0950,10,0,0,10,0,10_model_tai_san (chờ),CHO,Assets/MachineBrigade/Resources/Models/mountain_c.glb,
Assets/MachineBrigade/Resources/Models/next_gen_tank.glb,glb,417024,f34e4529f6adc4a47bb710f8c56337e5fe24a9ea7637b1e3fc1d5ee761f354c1,82,0,0,82,0,10_model_tai_san (chờ),CHO,Assets/MachineBrigade/Resources/Models/next_gen_tank.glb,
Assets/MachineBrigade/Resources/Models/nlos_atgm_vehicle.glb,glb,310732,24623e5029374d213fa9d455362595d99efb821f3f95688407e36691c6cc9c67,99,0,0,99,0,10_model_tai_san (chờ),CHO,Assets/MachineBrigade/Resources/Models/nlos_atgm_vehicle.glb,
Assets/MachineBrigade/Resources/Models/nuke_train.glb,glb,2224556,0ba042b777924cfe2d7c858c6f484697c0389fd4d81f102039694d3a6feaaf48,226,0,0,226,0,10_model_tai_san (chờ),CHO,Assets/MachineBrigade/Resources/Models/nuke_train.glb,
Assets/MachineBrigade/Resources/Models/nyx.glb,glb,207184,06f1835cca83ef24112125ecac728daddd477d4dbea0eae789b31945f10f49cd,77,0,0,77,0,10_model_tai_san (chờ),CHO,Assets/MachineBrigade/Resources/Models/nyx.glb,
Assets/MachineBrigade/Resources/Models/obsidian_spire.glb,glb,43696,254f9e2ba20403414325c525bf2882d606a0c3733e455f3d45af6c3bf62adccc,13,0,0,13,0,10_model_tai_san (chờ),CHO,Assets/MachineBrigade/Resources/Models/obsidian_spire.glb,
Assets/MachineBrigade/Resources/Models/office_block.glb,glb,268820,397a8568968265433c0c6ab0ab2004a59c58701647225ad69578786b243edaba,49,0,0,49,0,10_model_tai_san (chờ),CHO,Assets/MachineBrigade/Resources/Models/office_block.glb,
Assets/MachineBrigade/Resources/Models/oil_pump.glb,glb,187576,f980e60281a90118206f27f82090fef3759bb24d2d406ae49ae810bdbc8cc82c,46,0,0,46,0,10_model_tai_san (chờ),CHO,Assets/MachineBrigade/Resources/Models/oil_pump.glb,
Assets/MachineBrigade/Resources/Models/one_shot_atgm_tower.glb,glb,163444,eb4bcf295e585b16d968a39aa20c7d96953f1a06d3849963b47b9639c392c7b9,48,0,0,48,0,10_model_tai_san (chờ),CHO,Assets/MachineBrigade/Resources/Models/one_shot_atgm_tower.glb,
Assets/MachineBrigade/Resources/Models/palm.glb,glb,34608,d82b53dd7de60c8983c81c6edd80ad50a2091f41ed7d7b014d8236357ee00759,18,0,0,18,0,10_model_tai_san (chờ),CHO,Assets/MachineBrigade/Resources/Models/palm.glb,
Assets/MachineBrigade/Resources/Models/parked_jet.glb,glb,248360,bb686b601cc427f518845b1f9937918a4b1c657ff49187068f3cb8bc66447743,62,0,0,62,0,10_model_tai_san (chờ),CHO,Assets/MachineBrigade/Resources/Models/parked_jet.glb,
Assets/MachineBrigade/Resources/Models/parking_garage.glb,glb,365500,b2aef5dace89eadf74ea7c5543b0253f405130a25e98d1a487b2bf32221b8220,104,0,0,104,0,10_model_tai_san (chờ),CHO,Assets/MachineBrigade/Resources/Models/parking_garage.glb,
Assets/MachineBrigade/Resources/Models/patriot.glb,glb,24564,32187c4d10600ba5da17b2a898f7946f34bfc65ce448691a88aae269895b5370,24,0,0,24,0,10_model_tai_san (chờ),CHO,Assets/MachineBrigade/Resources/Models/patriot.glb,
Assets/MachineBrigade/Resources/Models/pier.glb,glb,38436,4da65ef529035b2b12065ba5af5255d53ecec3289f61783d89e0c8b83579513d,10,0,0,10,0,10_model_tai_san (chờ),CHO,Assets/MachineBrigade/Resources/Models/pier.glb,
Assets/MachineBrigade/Resources/Models/pine.glb,glb,12512,85a11f5bd4f79be336a82540a7bfccb252a62a3c5627b3b149d539d0a065df65,10,0,0,10,0,10_model_tai_san (chờ),CHO,Assets/MachineBrigade/Resources/Models/pine.glb,
Assets/MachineBrigade/Resources/Models/pipeline.glb,glb,108544,f20596d359dfcd2da4442a8f0c4cb05d068c856a0b82e220922c0063047974bb,26,0,0,26,0,10_model_tai_san (chờ),CHO,Assets/MachineBrigade/Resources/Models/pipeline.glb,
Assets/MachineBrigade/Resources/Models/power_pylon.glb,glb,285852,271ca4fbaa46963a9748328e2ad212451afdf20ec43ca49c12caa16b5fe55783,26,0,0,26,0,10_model_tai_san (chờ),CHO,Assets/MachineBrigade/Resources/Models/power_pylon.glb,
Assets/MachineBrigade/Resources/Models/prop_attack_plane.glb,glb,205640,1ffc5ddeb24248dbfea15ca27de2d83dae35cc59f7e6bdcd115aa27ed3ccc5c4,71,0,0,71,0,10_model_tai_san (chờ),CHO,Assets/MachineBrigade/Resources/Models/prop_attack_plane.glb,
Assets/MachineBrigade/Resources/Models/r60.glb,glb,24572,5b73bb203ffb112ab58ec6c72dd9906219c6ffb22b20d67913cb64a30eb3ae1b,23,0,0,23,0,10_model_tai_san (chờ),CHO,Assets/MachineBrigade/Resources/Models/r60.glb,
Assets/MachineBrigade/Resources/Models/radar_atgm_vehicle.glb,glb,191476,9079ca8137c0aadd03bfbcd424f2df3883b3cfc53ca6f058be1338674c554d31,33,0,0,33,0,10_model_tai_san (chờ),CHO,Assets/MachineBrigade/Resources/Models/radar_atgm_vehicle.glb,
Assets/MachineBrigade/Resources/Models/radar_dome.glb,glb,178596,fba6d654cc202831c62871114d470f8624211359fecdbeb014e58380dc57a4b3,58,0,0,58,0,10_model_tai_san (chờ),CHO,Assets/MachineBrigade/Resources/Models/radar_dome.glb,
Assets/MachineBrigade/Resources/Models/radar_scout.glb,glb,222028,12c28cf5fde6b32c8b08840475a2a53f29eda507cfca65c13a4ea449dbeadc6e,77,0,0,77,0,10_model_tai_san (chờ),CHO,Assets/MachineBrigade/Resources/Models/radar_scout.glb,
Assets/MachineBrigade/Resources/Models/radar_site.glb,glb,278548,4dd6d5b45713f4f8378b07d7240c4d1b04d088b66a3f78bd3c10c70cf0bb54da,50,0,0,50,0,10_model_tai_san (chờ),CHO,Assets/MachineBrigade/Resources/Models/radar_site.glb,
Assets/MachineBrigade/Resources/Models/radar_station.glb,glb,309068,e27e64458293bd753023b172fb9845653f09a9843a974228aecb3300b69b212d,91,0,0,91,0,10_model_tai_san (chờ),CHO,Assets/MachineBrigade/Resources/Models/radar_station.glb,
Assets/MachineBrigade/Resources/Models/radar_support_vehicle.glb,glb,217952,a09c7db3bb02726220c5e5fcccb5390f727092e776d9e610b564601a9245847a,75,0,0,75,0,10_model_tai_san (chờ),CHO,Assets/MachineBrigade/Resources/Models/radar_support_vehicle.glb,
Assets/MachineBrigade/Resources/Models/radio_mast.glb,glb,195340,0c607a88c3ca92123efac2009bc14689f90bd1f3d92fb6a2c9f78bfc05b512e2,34,0,0,34,0,10_model_tai_san (chờ),CHO,Assets/MachineBrigade/Resources/Models/radio_mast.glb,
Assets/MachineBrigade/Resources/Models/rail_boxcar.glb,glb,213552,78e5ff483d9aef509e1341cc1898d71565661fe1936961263559b8a7a0cbad1c,40,0,0,40,0,10_model_tai_san (chờ),CHO,Assets/MachineBrigade/Resources/Models/rail_boxcar.glb,
Assets/MachineBrigade/Resources/Models/rail_slug.glb,glb,10352,ba2050f671138790b0377eeb02c6e7ad067a7aaf344f35c0d2c916f295881ba4,12,0,0,12,0,10_model_tai_san (chờ),CHO,Assets/MachineBrigade/Resources/Models/rail_slug.glb,
Assets/MachineBrigade/Resources/Models/rail_supergun.glb,glb,2339896,6a008b108557c6887ffc8d33cc170d344cc656a1890008356d549aaa16d7d694,223,0,0,223,0,10_model_tai_san (chờ),CHO,Assets/MachineBrigade/Resources/Models/rail_supergun.glb,
Assets/MachineBrigade/Resources/Models/rail_tanker.glb,glb,193068,0a155484d0de7e015aa4330e7bb40d1a7c7fb8b616fa9aa58ced93fa758a66f8,34,0,0,34,0,10_model_tai_san (chờ),CHO,Assets/MachineBrigade/Resources/Models/rail_tanker.glb,
Assets/MachineBrigade/Resources/Models/rail_tractor.glb,glb,302268,e71fa1cd059aff02157846b7ed004f402a340f46292de74584b57ac1ce98adb6,44,0,0,44,0,10_model_tai_san (chờ),CHO,Assets/MachineBrigade/Resources/Models/rail_tractor.glb,
Assets/MachineBrigade/Resources/Models/railgun_truck.glb,glb,187856,cf03e5861edf556113d59c56188fbc333c1395e02996b27e69ba6a0f0569b50d,60,0,0,60,0,10_model_tai_san (chờ),CHO,Assets/MachineBrigade/Resources/Models/railgun_truck.glb,
Assets/MachineBrigade/Resources/Models/razor_wire.glb,glb,115900,a10621a50b0094ed9e1012a2d3798700332e2b5542d5af9efe55f26c4edb505b,10,0,0,10,0,10_model_tai_san (chờ),CHO,Assets/MachineBrigade/Resources/Models/razor_wire.glb,
Assets/MachineBrigade/Resources/Models/recoilless_gun_tower.glb,glb,176656,f65614cf571613f34667684270ed2bb6c79909ece6b41ff42754c93cdc590b9f,52,0,0,52,0,10_model_tai_san (chờ),CHO,Assets/MachineBrigade/Resources/Models/recoilless_gun_tower.glb,
Assets/MachineBrigade/Resources/Models/recoilless_jeep.glb,glb,205460,990f42047073049e547246be1fa6f06280b308ba4750c28a3d48f5e5bd49f401,74,0,0,74,0,10_model_tai_san (chờ),CHO,Assets/MachineBrigade/Resources/Models/recoilless_jeep.glb,
Assets/MachineBrigade/Resources/Models/recon_drone.glb,glb,70036,9c4edb8d2bfcab307010f33dc5a0b7bbedd749500460e45c99ecc94e7ed780bd,38,0,0,38,0,10_model_tai_san (chờ),CHO,Assets/MachineBrigade/Resources/Models/recon_drone.glb,
Assets/MachineBrigade/Resources/Models/recon_jet.glb,glb,49284,94ad6cf81adb91a183d271334a92212734319dec25a76c2e3291ea80ffc367c3,27,0,0,27,0,10_model_tai_san (chờ),CHO,Assets/MachineBrigade/Resources/Models/recon_jet.glb,
Assets/MachineBrigade/Resources/Models/refinery_tower.glb,glb,345524,00bfaf8898d2664707ee94beed91d905f60f8ae8aee0c053e9bc54d56a8b6b8f,49,0,0,49,0,10_model_tai_san (chờ),CHO,Assets/MachineBrigade/Resources/Models/refinery_tower.glb,
Assets/MachineBrigade/Resources/Models/repair_bay.glb,glb,283920,3dc1a5277f63ce9a7b92ba6b06309ef664afa79b542b0c24485aa79bfcd298a4,45,0,0,45,0,10_model_tai_san (chờ),CHO,Assets/MachineBrigade/Resources/Models/repair_bay.glb,
Assets/MachineBrigade/Resources/Models/repair_crate.glb,glb,124000,13a1436d2853ac11143cf278aa50e18cf6cc76f53fe38d7cad9e066af983c71e,36,0,0,36,0,10_model_tai_san (chờ),CHO,Assets/MachineBrigade/Resources/Models/repair_crate.glb,
Assets/MachineBrigade/Resources/Models/revetment.glb,glb,152316,bf484d918e32ea7819e11767c25b8d7a6526e15f4fc73f86347aabb5c90b67e3,21,0,0,21,0,10_model_tai_san (chờ),CHO,Assets/MachineBrigade/Resources/Models/revetment.glb,
Assets/MachineBrigade/Resources/Models/river_gunboat.glb,glb,149712,26b9d47ba7e5fd66500afa4895f7288a2e789bd0e76930bbb98700709548aae6,52,0,0,52,0,10_model_tai_san (chờ),CHO,Assets/MachineBrigade/Resources/Models/river_gunboat.glb,
Assets/MachineBrigade/Resources/Models/river_patrol_boat.glb,glb,110668,6bef1a23e1d4fec86130a1f07e27b4f5aee9e156baaa0ef514abed820f523aba,53,0,0,53,0,10_model_tai_san (chờ),CHO,Assets/MachineBrigade/Resources/Models/river_patrol_boat.glb,
Assets/MachineBrigade/Resources/Models/rock_a.glb,glb,53724,7647281ec9db93c45bd10199b6a8f8c60603e523169955f05a282346fbd98544,4,0,0,4,0,10_model_tai_san (chờ),CHO,Assets/MachineBrigade/Resources/Models/rock_a.glb,
Assets/MachineBrigade/Resources/Models/rock_b.glb,glb,53812,12aab149ed075c50bbb91a6cd7ef81f6b86e73d73bbf531d873c98ef8e829843,4,0,0,4,0,10_model_tai_san (chờ),CHO,Assets/MachineBrigade/Resources/Models/rock_b.glb,
Assets/MachineBrigade/Resources/Models/rock_c.glb,glb,53812,9dcf99046b766f984a6827212daab28481f77dcab9cc20c52542b72593d0d548,4,0,0,4,0,10_model_tai_san (chờ),CHO,Assets/MachineBrigade/Resources/Models/rock_c.glb,
Assets/MachineBrigade/Resources/Models/rocket.glb,glb,19096,7884b2ad8e170b6e9c2f71fca4b4625cb3fa37f80f1cef3b6a82b2e13b51a8b1,15,0,0,15,0,10_model_tai_san (chờ),CHO,Assets/MachineBrigade/Resources/Models/rocket.glb,
Assets/MachineBrigade/Resources/Models/rocket_107.glb,glb,13184,d674de9d1af169e0f7c273a1a366b70a78ba9d68393b8cf7ee219030d552fbf7,16,0,0,16,0,10_model_tai_san (chờ),CHO,Assets/MachineBrigade/Resources/Models/rocket_107.glb,
Assets/MachineBrigade/Resources/Models/rocket_technical.glb,glb,180628,bd6c999b70ccf7f42db80b3bd42df34caef9d2ccf7e7d325688136cdcda13307,57,0,0,57,0,10_model_tai_san (chờ),CHO,Assets/MachineBrigade/Resources/Models/rocket_technical.glb,
Assets/MachineBrigade/Resources/Models/rocket_turret.glb,glb,300216,f4c2a05aff8cacb763517c98b4cbc499bc973f80231a5699652255b35514ec71,88,0,0,88,0,10_model_tai_san (chờ),CHO,Assets/MachineBrigade/Resources/Models/rocket_turret.glb,
Assets/MachineBrigade/Resources/Models/rocket_turret_a.glb,glb,377608,3858ebbe6ea8c00104d9e80843f9d396ea332c248ab08234cfc3585f00bee47a,81,0,0,81,0,10_model_tai_san (chờ),CHO,Assets/MachineBrigade/Resources/Models/rocket_turret_a.glb,
Assets/MachineBrigade/Resources/Models/rocket_turret_b.glb,glb,247424,9af3521561abf16c317b2eb445ff5d081b555f1399b2e4476a9953ee9a00f2fa,90,0,0,90,0,10_model_tai_san (chờ),CHO,Assets/MachineBrigade/Resources/Models/rocket_turret_b.glb,
Assets/MachineBrigade/Resources/Models/rubble_large.glb,glb,281844,ab90d37d215efee5a27100629c68dba1bae51493d0a9e4f06ec015bf01c54767,13,0,0,13,0,10_model_tai_san (chờ),CHO,Assets/MachineBrigade/Resources/Models/rubble_large.glb,
Assets/MachineBrigade/Resources/Models/rubble_medium.glb,glb,173264,58a4101214edd6125e94eebf1d7e6d422bd951435847fb150628e192836360c8,13,0,0,13,0,10_model_tai_san (chờ),CHO,Assets/MachineBrigade/Resources/Models/rubble_medium.glb,
Assets/MachineBrigade/Resources/Models/rubble_small.glb,glb,177496,512e2b3f747a7fd7a7cdb36e604f2e034df62fcd5e9db2e822754330b8377ef8,13,0,0,13,0,10_model_tai_san (chờ),CHO,Assets/MachineBrigade/Resources/Models/rubble_small.glb,
Assets/MachineBrigade/Resources/Models/ruin.glb,glb,289616,4bf9865c599abe1627c138c7de1da59ce2493644d53c2037424014d0400f8c2b,27,0,0,27,0,10_model_tai_san (chờ),CHO,Assets/MachineBrigade/Resources/Models/ruin.glb,
Assets/MachineBrigade/Resources/Models/ruin_house.glb,glb,342220,11e1ce74134ba2cc4e012a76a6a7f0792ee3431d9ebfbaf411a6cc248edcd140,42,0,0,42,0,10_model_tai_san (chờ),CHO,Assets/MachineBrigade/Resources/Models/ruin_house.glb,
Assets/MachineBrigade/Resources/Models/ruin_tower.glb,glb,245812,d26c84f2bf5cf1da649433974a9a321c4c3a732f297b5ac78d1d1aa4b3dcf6f3,35,0,0,35,0,10_model_tai_san (chờ),CHO,Assets/MachineBrigade/Resources/Models/ruin_tower.glb,
Assets/MachineBrigade/Resources/Models/runway_light.glb,glb,25300,c94b72c009e0960c95a9729ed2367da00db9c3a98193fc53e14182f8ba3c5f0c,16,0,0,16,0,10_model_tai_san (chờ),CHO,Assets/MachineBrigade/Resources/Models/runway_light.glb,
Assets/MachineBrigade/Resources/Models/s8.glb,glb,15928,30d0617f259393fb02bb33987a5dfa55a4917dbeda9effe4e62c557c6c162097,17,0,0,17,0,10_model_tai_san (chờ),CHO,Assets/MachineBrigade/Resources/Models/s8.glb,
Assets/MachineBrigade/Resources/Models/sam_launcher.glb,glb,285284,b8417a2de38d00b0e5be9dfc5115220c04438a1208b9cd5d7a094a2dedc2f49a,64,0,0,64,0,10_model_tai_san (chờ),CHO,Assets/MachineBrigade/Resources/Models/sam_launcher.glb,
Assets/MachineBrigade/Resources/Models/sandbag_wall.glb,glb,144212,eccf31d51aceb73cf6e3667586a8b2e00a6fdcfd60da5146ebc2057b4e4e30e5,7,0,0,7,0,10_model_tai_san (chờ),CHO,Assets/MachineBrigade/Resources/Models/sandbag_wall.glb,
Assets/MachineBrigade/Resources/Models/sandbags.glb,glb,75700,45a431405d3c17197dc4e49a4b64ecf22b656fdeffd235c6be01dc3b5909804f,4,0,0,4,0,10_model_tai_san (chờ),CHO,Assets/MachineBrigade/Resources/Models/sandbags.glb,
Assets/MachineBrigade/Resources/Models/sapper.glb,glb,752664,28ff55cb2c6b756641f6ac5c44ce09d3df4f2d517314df73aaa44c6ac77f9974,142,0,0,142,0,10_model_tai_san (chờ),CHO,Assets/MachineBrigade/Resources/Models/sapper.glb,
Assets/MachineBrigade/Resources/Models/scout_heli.glb,glb,190844,fc1a316bfd18a062f5367c59ddfaefa151fce56a21c3d6127094a202abc4dd30,62,0,0,62,0,10_model_tai_san (chờ),CHO,Assets/MachineBrigade/Resources/Models/scout_heli.glb,
Assets/MachineBrigade/Resources/Models/scout_jeep.glb,glb,169108,c78d32ab648a0d6fc7cd554cbfb0cee2c1322a39138e655280a5cd4e0154b4e5,73,0,0,73,0,10_model_tai_san (chờ),CHO,Assets/MachineBrigade/Resources/Models/scout_jeep.glb,
Assets/MachineBrigade/Resources/Models/scout_jeep_hd.glb,glb,271080,0b5803314d9e1a1c116efd5f55476aa74d1d6cee8c2de8e24db19fb9ce5db40e,89,0,0,89,0,10_model_tai_san (chờ),CHO,Assets/MachineBrigade/Resources/Models/scout_jeep_hd.glb,
Assets/MachineBrigade/Resources/Models/sea_corvette.glb,glb,117832,6acc01bed1c3d56f7119bb305eb21480123bfb0fd279116c29ad50eac7d38ec9,60,0,0,60,0,10_model_tai_san (chờ),CHO,Assets/MachineBrigade/Resources/Models/sea_corvette.glb,
Assets/MachineBrigade/Resources/Models/sea_cruiser.glb,glb,351612,1623c8a02af52a45fcce79f55f5c1bc866154e79f1db1bcf1b82186610dc33b2,145,0,0,145,0,10_model_tai_san (chờ),CHO,Assets/MachineBrigade/Resources/Models/sea_cruiser.glb,
Assets/MachineBrigade/Resources/Models/searchlight.glb,glb,72596,7d892ea31c314aea299477b914c9a8c95605ce0c1f378051273378439a9b14a5,20,0,0,20,0,10_model_tai_san (chờ),CHO,Assets/MachineBrigade/Resources/Models/searchlight.glb,
Assets/MachineBrigade/Resources/Models/shahed.glb,glb,17716,89d896367e3a31ed360027d69a9153817050bc1ed44f6bd1e18d673528dda7ba,14,0,0,14,0,10_model_tai_san (chờ),CHO,Assets/MachineBrigade/Resources/Models/shahed.glb,
Assets/MachineBrigade/Resources/Models/shahed_truck.glb,glb,200672,e72a312b41d44ece3eed62c90b4cda835ce1a08f819a56143e9c3decf3db68e2,63,0,0,63,0,10_model_tai_san (chờ),CHO,Assets/MachineBrigade/Resources/Models/shahed_truck.glb,
Assets/MachineBrigade/Resources/Models/shell_155.glb,glb,13328,92efbf42346819acee8a1e19a5f24eed1381cac4fa04624882eac6282d8dab25,13,0,0,13,0,10_model_tai_san (chờ),CHO,Assets/MachineBrigade/Resources/Models/shell_155.glb,
Assets/MachineBrigade/Resources/Models/shield_carrier.glb,glb,152616,b2c348574c48775d374a496e5c81c18eebf91eabc7b351f8227de3cae5768823,54,0,0,54,0,10_model_tai_san (chờ),CHO,Assets/MachineBrigade/Resources/Models/shield_carrier.glb,
Assets/MachineBrigade/Resources/Models/shield_generator.glb,glb,413844,027ea7c67d8f12f5bc38774f5df6c40adda85bc29610fa3edf6b3b83d0c30911,52,0,0,52,0,10_model_tai_san (chờ),CHO,Assets/MachineBrigade/Resources/Models/shield_generator.glb,
Assets/MachineBrigade/Resources/Models/shield_tower.glb,glb,289480,b8ec8e3e15bc8870860f267b6ac2d1b497042524a7e0200c6c06033ad8c629b3,55,0,0,55,0,10_model_tai_san (chờ),CHO,Assets/MachineBrigade/Resources/Models/shield_tower.glb,
Assets/MachineBrigade/Resources/Models/shield_tower_a.glb,glb,397156,41affeb48ce30d207d8cb87c2a4012526d42bcc23573edb88562f0046384d490,61,0,0,61,0,10_model_tai_san (chờ),CHO,Assets/MachineBrigade/Resources/Models/shield_tower_a.glb,
Assets/MachineBrigade/Resources/Models/shield_tower_b.glb,glb,325392,9e97b3a691650e3392b99cd4fa893f6feeb4d41264f58c6d561c84d4ce577952,50,0,0,50,0,10_model_tai_san (chờ),CHO,Assets/MachineBrigade/Resources/Models/shield_tower_b.glb,
Assets/MachineBrigade/Resources/Models/shop.glb,glb,176480,183e7b5c5a3569a2b34c76e27b8f55f97acc8c1dfe5e052ed23a8ab9675f881c,72,0,0,72,0,10_model_tai_san (chờ),CHO,Assets/MachineBrigade/Resources/Models/shop.glb,
Assets/MachineBrigade/Resources/Models/shorad_dart.glb,glb,25240,fa443787271938b0751e3958f99c3ea216079eb1c3cd3158dd146ae31dc47156,23,0,0,23,0,10_model_tai_san (chờ),CHO,Assets/MachineBrigade/Resources/Models/shorad_dart.glb,
Assets/MachineBrigade/Resources/Models/shorad_vehicle.glb,glb,132732,1e85e6168a858b98f6ab52ffc1dcb2214dadeafef815b88509c57a0cecf82953,61,0,0,61,0,10_model_tai_san (chờ),CHO,Assets/MachineBrigade/Resources/Models/shorad_vehicle.glb,
Assets/MachineBrigade/Resources/Models/siege_mortar.glb,glb,490840,8d6f68354bc1181cb74193e6028e38084426bf6afbd10dbc276744e9e59c7c52,82,0,0,82,0,10_model_tai_san (chờ),CHO,Assets/MachineBrigade/Resources/Models/siege_mortar.glb,
Assets/MachineBrigade/Resources/Models/siege_tank.glb,glb,455068,8307522e0107f880d78ac6399406167e1e13bb03d1ccc8f1782b9dfb295abfae,165,0,0,165,0,10_model_tai_san (chờ),CHO,Assets/MachineBrigade/Resources/Models/siege_tank.glb,
Assets/MachineBrigade/Resources/Models/silo.glb,glb,124776,eb2b06b87a4aa63526b5929663677b6e59f24dc4eb9f61d21caac86e60fefa6c,12,0,0,12,0,10_model_tai_san (chờ),CHO,Assets/MachineBrigade/Resources/Models/silo.glb,
Assets/MachineBrigade/Resources/Models/silver_bug.glb,glb,1534532,945e41deb52e676a866a5285ab16423d6df58669ad2df132107be83f04196e74,277,0,0,277,0,10_model_tai_san (chờ),CHO,Assets/MachineBrigade/Resources/Models/silver_bug.glb,
Assets/MachineBrigade/Resources/Models/silver_bug_wreck.glb,glb,1537644,57521c31a1d5fc70f661b6598fd9dff3f767b604ad14aa4f398b4583583a0f5c,283,0,0,283,0,10_model_tai_san (chờ),CHO,Assets/MachineBrigade/Resources/Models/silver_bug_wreck.glb,
Assets/MachineBrigade/Resources/Models/sky_fortress.glb,glb,201860,66ab77325b1b355f91ee6df439f1c5e3988d84d53290947e29bc37e5345f414f,84,0,0,84,0,10_model_tai_san (chờ),CHO,Assets/MachineBrigade/Resources/Models/sky_fortress.glb,
Assets/MachineBrigade/Resources/Models/sky_gunship.glb,glb,266308,4b2dfcc9562ea0a334d3db88cc3ad91e0fdf6629af4d040f07848e402b50e237,79,0,0,79,0,10_model_tai_san (chờ),CHO,Assets/MachineBrigade/Resources/Models/sky_gunship.glb,
Assets/MachineBrigade/Resources/Models/sky_gunship_hd.glb,glb,308944,4f721c84224972ce6fa2c73c91a8e69bc69f4ff4f0674932938ca698ba70403a,79,0,0,79,0,10_model_tai_san (chờ),CHO,Assets/MachineBrigade/Resources/Models/sky_gunship_hd.glb,
Assets/MachineBrigade/Resources/Models/skyscraper.glb,glb,419772,a227afea87b26ca4052737850c2765d15e709332e9c8757701fad8826ace26d6,108,0,0,108,0,10_model_tai_san (chờ),CHO,Assets/MachineBrigade/Resources/Models/skyscraper.glb,
Assets/MachineBrigade/Resources/Models/smoke_carrier.glb,glb,247320,2059debaf6205357ee20be5f6cc133b9f4612ef3f0b753861d1dda3b58b3a47a,61,0,0,61,0,10_model_tai_san (chờ),CHO,Assets/MachineBrigade/Resources/Models/smoke_carrier.glb,
Assets/MachineBrigade/Resources/Models/snow_pine.glb,glb,21572,b7eda0c28c75bc3ac7c576223bbbde4801bafda95aacbec15e722ab765129fe9,13,0,0,13,0,10_model_tai_san (chờ),CHO,Assets/MachineBrigade/Resources/Models/snow_pine.glb,
Assets/MachineBrigade/Resources/Models/snow_rock.glb,glb,67068,25bcd910f6ea2d196270593af2ea7a797aa1c339c34cdda5e174f9bc43637647,7,0,0,7,0,10_model_tai_san (chờ),CHO,Assets/MachineBrigade/Resources/Models/snow_rock.glb,
Assets/MachineBrigade/Resources/Models/sp_mortar.glb,glb,343196,25c1a8092b40c0718343b4a63e1ae57079766269bde50319e3dd2c7de4cfe09d,79,0,0,79,0,10_model_tai_san (chờ),CHO,Assets/MachineBrigade/Resources/Models/sp_mortar.glb,
Assets/MachineBrigade/Resources/Models/stealth_bomber.glb,glb,156620,44432f2ceaa00ba8229c36a6032699dea4b71bb940f03861409939eae5867447,53,0,0,53,0,10_model_tai_san (chờ),CHO,Assets/MachineBrigade/Resources/Models/stealth_bomber.glb,
Assets/MachineBrigade/Resources/Models/stealth_fighter.glb,glb,278616,ca81caed5278b82c334d8097c4ba734ccea347fc15a42d98e2f9f73d157001fa,84,0,0,84,0,10_model_tai_san (chờ),CHO,Assets/MachineBrigade/Resources/Models/stealth_fighter.glb,
Assets/MachineBrigade/Resources/Models/stealth_naval_strike.glb,glb,159664,a062064c998ec975414f2a3c08dc5968a158a62c0664af77b0aa5009e477d61d,68,0,0,68,0,10_model_tai_san (chờ),CHO,Assets/MachineBrigade/Resources/Models/stealth_naval_strike.glb,
Assets/MachineBrigade/Resources/Models/stilt_hut.glb,glb,310636,60d5b592229df2e83dd55067a255a0e9c92653e4a0e5b761d5822d30972b57f1,69,0,0,69,0,10_model_tai_san (chờ),CHO,Assets/MachineBrigade/Resources/Models/stilt_hut.glb,
Assets/MachineBrigade/Resources/Models/stinger.glb,glb,21540,0256ac39b94e8c815e6c144b08cd16c0fb48c9fc9f5a94e1487e10573a203d3e,23,0,0,23,0,10_model_tai_san (chờ),CHO,Assets/MachineBrigade/Resources/Models/stinger.glb,
Assets/MachineBrigade/Resources/Models/stone_wall.glb,glb,68752,5561c560a87bcff1165513e056e90f78cbeb88e43d27b7237d76affa59a800a3,4,0,0,4,0,10_model_tai_san (chờ),CHO,Assets/MachineBrigade/Resources/Models/stone_wall.glb,
Assets/MachineBrigade/Resources/Models/storage_tank.glb,glb,229952,19663551dff8c339fea6b28d6ad9d820470a40350456551cf60b1aa61f4a25e7,38,0,0,38,0,10_model_tai_san (chờ),CHO,Assets/MachineBrigade/Resources/Models/storage_tank.glb,
Assets/MachineBrigade/Resources/Models/strike_drone.glb,glb,152060,182cab0c9def763af2d120475c16036cb737d6ed9ed78ea0b9b5659ed9e8a88a,48,0,0,48,0,10_model_tai_san (chờ),CHO,Assets/MachineBrigade/Resources/Models/strike_drone.glb,
Assets/MachineBrigade/Resources/Models/strike_jet.glb,glb,502984,8fb8bb284bfe6e5fefe215d082a486982881f2118566ff040d49541e5ee69f96,62,0,0,62,0,10_model_tai_san (chờ),CHO,Assets/MachineBrigade/Resources/Models/strike_jet.glb,
Assets/MachineBrigade/Resources/Models/stymphalos.glb,glb,241164,9a5475e2e7a8ef377c8ef24e6e57c8e00baca1266af975fee547fc0ecccd9e93,134,0,0,134,0,10_model_tai_san (chờ),CHO,Assets/MachineBrigade/Resources/Models/stymphalos.glb,
Assets/MachineBrigade/Resources/Models/stymphalos_drone.glb,glb,34076,7dfa61e1f5865249c7b87550e8f963b25ed6054c6f1e1f1d72c4f8e62e1eed55,22,0,0,22,0,10_model_tai_san (chờ),CHO,Assets/MachineBrigade/Resources/Models/stymphalos_drone.glb,
Assets/MachineBrigade/Resources/Models/super_gun.glb,glb,288916,1c2abb1b1268ab7c6f9ee9c1def68407c1dee14b345814df91faacde42ccdeb4,95,0,0,95,0,10_model_tai_san (chờ),CHO,Assets/MachineBrigade/Resources/Models/super_gun.glb,
Assets/MachineBrigade/Resources/Models/supply_crate.glb,glb,181252,4dc56b66fe3c54987c6ad48fe2929537a01f0dadd862cc6111f72aafcebadacc,41,0,0,41,0,10_model_tai_san (chờ),CHO,Assets/MachineBrigade/Resources/Models/supply_crate.glb,
Assets/MachineBrigade/Resources/Models/supply_pile.glb,glb,174860,a2bbb86423b11424398d53a0e36e1d89f13113f85a943f7ad94e6eeef2e1e28e,47,0,0,47,0,10_model_tai_san (chờ),CHO,Assets/MachineBrigade/Resources/Models/supply_pile.glb,
Assets/MachineBrigade/Resources/Models/supply_truck.glb,glb,197416,d39d3b879ee49fb9840afdd784fab7a1b3696e5f6a893aa938df477eb6979232,61,0,0,61,0,10_model_tai_san (chờ),CHO,Assets/MachineBrigade/Resources/Models/supply_truck.glb,
Assets/MachineBrigade/Resources/Models/supreme_command.glb,glb,660620,f3b266ef2ac3a3d40b1c2e3434c68f139763b4f2909e5326cf81e3f2b66d9309,142,0,0,142,0,10_model_tai_san (chờ),CHO,Assets/MachineBrigade/Resources/Models/supreme_command.glb,
Assets/MachineBrigade/Resources/Models/swarm_carrier.glb,glb,257812,f797ba5dae5cffeccda38ab1b7e940560371720fcd43ec3c00533281919432a5,74,0,0,74,0,10_model_tai_san (chờ),CHO,Assets/MachineBrigade/Resources/Models/swarm_carrier.glb,
Assets/MachineBrigade/Resources/Models/tank_buster.glb,glb,538020,f74cf1ca832337dff3f64ba16f8f054c790cd7008ec640889d49b183c9e61794,72,0,0,72,0,10_model_tai_san (chờ),CHO,Assets/MachineBrigade/Resources/Models/tank_buster.glb,
Assets/MachineBrigade/Resources/Models/tank_destroyer.glb,glb,289656,2e23d3dae2592065789f7d919216da924240fc0ce86e5e35ecbb6f6b703c0d1f,64,0,0,64,0,10_model_tai_san (chờ),CHO,Assets/MachineBrigade/Resources/Models/tank_destroyer.glb,
Assets/MachineBrigade/Resources/Models/tank_destroyer_hd.glb,glb,735028,7b49bb8085083ac463acaa0099b173d57329f7c09b556c6af59de0300d0546bb,85,0,0,85,0,10_model_tai_san (chờ),CHO,Assets/MachineBrigade/Resources/Models/tank_destroyer_hd.glb,
Assets/MachineBrigade/Resources/Models/tank_ditch.glb,glb,88572,ec318dbba9062f6af78f712b3cb7451c731cd4686852fe3f0d9df955a494a01c,17,0,0,17,0,10_model_tai_san (chờ),CHO,Assets/MachineBrigade/Resources/Models/tank_ditch.glb,
Assets/MachineBrigade/Resources/Models/tank_trap.glb,glb,16260,f45fa9205b074dbeaddebd281cfa011e9ca597fc1d5e9f345e54b6ae25159fc0,6,0,0,6,0,10_model_tai_san (chờ),CHO,Assets/MachineBrigade/Resources/Models/tank_trap.glb,
Assets/MachineBrigade/Resources/Models/targeting_station.glb,glb,340152,e0fd9d76476fbb03263f8e182117a363774e38001b65ec632df177f7c2f3feed,95,0,0,95,0,10_model_tai_san (chờ),CHO,Assets/MachineBrigade/Resources/Models/targeting_station.glb,
Assets/MachineBrigade/Resources/Models/telegraph_pole.glb,glb,86912,47f97484d9a545933affb176eb2caac2c92ea15b60ad476481796fb94f8abbf2,35,0,0,35,0,10_model_tai_san (chờ),CHO,Assets/MachineBrigade/Resources/Models/telegraph_pole.glb,
Assets/MachineBrigade/Resources/Models/temple_ruin.glb,glb,440224,a1bc850af9cf403f035af4c7b9ed26081b116c1403ae99f4595dbdd6208c370c,35,0,0,35,0,10_model_tai_san (chờ),CHO,Assets/MachineBrigade/Resources/Models/temple_ruin.glb,
Assets/MachineBrigade/Resources/Models/thermobaric_launcher.glb,glb,337748,cc732407541137cb756023f55415bc894afc6c573c9c66db1138c5540fd8ac43,66,0,0,66,0,10_model_tai_san (chờ),CHO,Assets/MachineBrigade/Resources/Models/thermobaric_launcher.glb,
Assets/MachineBrigade/Resources/Models/titan_tank.glb,glb,530164,4ae1292b33af98ef7728f8b73031f4b4e27383997a1bb304df0bb2faea7d9499,108,0,0,108,0,10_model_tai_san (chờ),CHO,Assets/MachineBrigade/Resources/Models/titan_tank.glb,
Assets/MachineBrigade/Resources/Models/tos_rocket.glb,glb,14852,046e8572423a84e259c777c8e091a23637e9c2773f9131b7391593a5ab6744a9,15,0,0,15,0,10_model_tai_san (chờ),CHO,Assets/MachineBrigade/Resources/Models/tos_rocket.glb,
Assets/MachineBrigade/Resources/Models/towed_at_gun.glb,glb,119364,5b541bf5b15c2e3130412df0ea0801e94448e1a5d20972e382bcca541ca57fa8,50,0,0,50,0,10_model_tai_san (chờ),CHO,Assets/MachineBrigade/Resources/Models/towed_at_gun.glb,
Assets/MachineBrigade/Resources/Models/townhouse.glb,glb,272776,ced191c964d47a2e3629c9261accc78616d989213b2beda4e4375103b99b2210,51,0,0,51,0,10_model_tai_san (chờ),CHO,Assets/MachineBrigade/Resources/Models/townhouse.glb,
Assets/MachineBrigade/Resources/Models/traffic_light.glb,glb,56992,87be0573a325e195259e63f930e44f31ad6ee0bdd6b3cc8e674f1cd90d2656c9,36,0,0,36,0,10_model_tai_san (chờ),CHO,Assets/MachineBrigade/Resources/Models/traffic_light.glb,
Assets/MachineBrigade/Resources/Models/transport_plane.glb,glb,142632,ad32fdd4970a15b41872a55f9882a6ed7a02b858691fd534bd05de89abe932ae,43,0,0,43,0,10_model_tai_san (chờ),CHO,Assets/MachineBrigade/Resources/Models/transport_plane.glb,
Assets/MachineBrigade/Resources/Models/tree.glb,glb,11864,8655969c0e8f82566507c582fb9bdf0ddb0303b097043dcd03d5a10062dbe659,10,0,0,10,0,10_model_tai_san (chờ),CHO,Assets/MachineBrigade/Resources/Models/tree.glb,
Assets/MachineBrigade/Resources/Models/tree_broad.glb,glb,58536,6e9f280a92763b3cf2c8b3e52fcbe0e868e7a2004cafd46ea9e0552fd8d85548,12,0,0,12,0,10_model_tai_san (chờ),CHO,Assets/MachineBrigade/Resources/Models/tree_broad.glb,
Assets/MachineBrigade/Resources/Models/tree_dead.glb,glb,17492,7ec7acdb2bcfe11eb4a9a6c7f62953a982ea419724f5b07c0a7a5e071f57cd6a,4,0,0,4,0,10_model_tai_san (chờ),CHO,Assets/MachineBrigade/Resources/Models/tree_dead.glb,
Assets/MachineBrigade/Resources/Models/tree_round.glb,glb,63828,bcb30a5fd30db7815f3b0eb65f7bfef9ebea1465984e696f5ee4cd2a21f28398,10,0,0,10,0,10_model_tai_san (chờ),CHO,Assets/MachineBrigade/Resources/Models/tree_round.glb,
Assets/MachineBrigade/Resources/Models/trench_corner.glb,glb,161304,0c8ae0da0c1ef690349adc1dc81c6e60042a37424014a56c105e5fa88b5f2ab9,29,0,0,29,0,10_model_tai_san (chờ),CHO,Assets/MachineBrigade/Resources/Models/trench_corner.glb,
Assets/MachineBrigade/Resources/Models/trench_straight.glb,glb,170088,2369bf6e8958a4d4121bab7974fe976364233eadefe67719f27f46a69ecb3b8f,34,0,0,34,0,10_model_tai_san (chờ),CHO,Assets/MachineBrigade/Resources/Models/trench_straight.glb,
Assets/MachineBrigade/Resources/Models/troop_shelter.glb,glb,175060,77d952312ac440a91c9763d6505f72a6dac764be71086d879130afd8295f930c,44,0,0,44,0,10_model_tai_san (chờ),CHO,Assets/MachineBrigade/Resources/Models/troop_shelter.glb,
Assets/MachineBrigade/Resources/Models/truck.glb,glb,187312,ef7226808e79b0ac684defcb9ed7640377f51933b0dde71efb652ca802612924,50,0,0,50,0,10_model_tai_san (chờ),CHO,Assets/MachineBrigade/Resources/Models/truck.glb,
Assets/MachineBrigade/Resources/Models/turtle_tank.glb,glb,251336,9745f6f50a115739a19aea4e2c67c2ba2ce8113c7d05ee824c1919a208131468,46,0,0,46,0,10_model_tai_san (chờ),CHO,Assets/MachineBrigade/Resources/Models/turtle_tank.glb,
Assets/MachineBrigade/Resources/Models/twin_rotor_gunship.glb,glb,292364,47283f1ae28df14d9a33dc6922a6966caee5a6b2cf96cc495ebeb98928b41eb4,69,0,0,69,0,10_model_tai_san (chờ),CHO,Assets/MachineBrigade/Resources/Models/twin_rotor_gunship.glb,
Assets/MachineBrigade/Resources/Models/twin_tank.glb,glb,444716,1136462f85624b0fcef315523a20befb2abb78230140d493b653cd9a48cbe20f,94,0,0,94,0,10_model_tai_san (chờ),CHO,Assets/MachineBrigade/Resources/Models/twin_tank.glb,
Assets/MachineBrigade/Resources/Models/typhon.glb,glb,377496,a448db6d91d05ffc6765b4a6b3bb759dae22b31e6672845216c28c6ef049c920,83,0,0,83,0,10_model_tai_san (chờ),CHO,Assets/MachineBrigade/Resources/Models/typhon.glb,
Assets/MachineBrigade/Resources/Models/uav_loiter_strike.glb,glb,85888,7b8b0c9131e4a2dfa59dc2650787c00eeb22f93b4da87748f225455ffc9cc7b0,39,0,0,39,0,10_model_tai_san (chờ),CHO,Assets/MachineBrigade/Resources/Models/uav_loiter_strike.glb,
Assets/MachineBrigade/Resources/Models/vbied.glb,glb,116632,b5da745c06d87b288adc2fbd37cba47e2fc7b9ec411df1960dd102ca4b4feba3,61,0,0,61,0,10_model_tai_san (chờ),CHO,Assets/MachineBrigade/Resources/Models/vbied.glb,
Assets/MachineBrigade/Resources/Models/vehicle_hangar.glb,glb,251620,85ee6033d096b9cb89fb6badcf80383a825fecec3e316db0d12a122d65c6e6f5,88,0,0,88,0,10_model_tai_san (chờ),CHO,Assets/MachineBrigade/Resources/Models/vehicle_hangar.glb,
Assets/MachineBrigade/Resources/Models/visual_jammer.glb,glb,243304,76e278c01b342fead9a4f141bae2c9f0972c899a3520d7b4e38fc330aab56a96,60,0,0,60,0,10_model_tai_san (chờ),CHO,Assets/MachineBrigade/Resources/Models/visual_jammer.glb,
Assets/MachineBrigade/Resources/Models/volcanic_cliff.glb,glb,165384,b1c27dd2f6d3665c835241a4c7ed21b41c525194c3a8aa0bb9f302a8ed7a3d53,23,0,0,23,0,10_model_tai_san (chờ),CHO,Assets/MachineBrigade/Resources/Models/volcanic_cliff.glb,
Assets/MachineBrigade/Resources/Models/wall.glb,glb,39284,c4281f8938b4f19f2f7048d4eec6df202a5ed227b3639996036ed8c191669fb5,7,0,0,7,0,10_model_tai_san (chờ),CHO,Assets/MachineBrigade/Resources/Models/wall.glb,
Assets/MachineBrigade/Resources/Models/wall_gun.glb,glb,191296,269e03b2adf2b2f6e2898b7fe8c8ac216f3558ff5b9cf0f75eb039e5e1e5a609,34,0,0,34,0,10_model_tai_san (chờ),CHO,Assets/MachineBrigade/Resources/Models/wall_gun.glb,
Assets/MachineBrigade/Resources/Models/wall_hesco.glb,glb,235684,0af1d50fcfff75bd17a9feac8fba294592243385d4acc7c89ab3c28eb39c68d7,32,0,0,32,0,10_model_tai_san (chờ),CHO,Assets/MachineBrigade/Resources/Models/wall_hesco.glb,
Assets/MachineBrigade/Resources/Models/wall_t.glb,glb,101656,be70eaf87efc7511e7dac416ed5bcb5ceed9d6be3a93d74d8345d045d9933a93,19,0,0,19,0,10_model_tai_san (chờ),CHO,Assets/MachineBrigade/Resources/Models/wall_t.glb,
Assets/MachineBrigade/Resources/Models/warehouse.glb,glb,296816,0f980c7d63c4b9518f45ed0ec4d9dda31d6a0c0e800d9390ef571995391586d9,66,0,0,66,0,10_model_tai_san (chờ),CHO,Assets/MachineBrigade/Resources/Models/warehouse.glb,
Assets/MachineBrigade/Resources/Models/watchtower.glb,glb,143612,966d4d09a928c1a84faf67b7afea8788504a19ea02bbd41e8899ac7b879ca489,34,0,0,34,0,10_model_tai_san (chờ),CHO,Assets/MachineBrigade/Resources/Models/watchtower.glb,
Assets/MachineBrigade/Resources/Models/water_tower.glb,glb,163256,1bbae26fb40862c5e569d676981381e567ddf68d4f407a0ef30dd1a785f13277,17,0,0,17,0,10_model_tai_san (chờ),CHO,Assets/MachineBrigade/Resources/Models/water_tower.glb,
Assets/MachineBrigade/Resources/Models/wheeled_gun.glb,glb,196284,66de4f0ff87d8cc2e865edb0f4fcd0f715d74f904c7f0715c39e989d4044cf16,73,0,0,73,0,10_model_tai_san (chờ),CHO,Assets/MachineBrigade/Resources/Models/wheeled_gun.glb,
Assets/MachineBrigade/Resources/Models/wheeled_howitzer.glb,glb,303388,025876f3deab7a7dc6d399d1c08b7b4b534a05cad889939273579f6d9490e26c,83,0,0,83,0,10_model_tai_san (chờ),CHO,Assets/MachineBrigade/Resources/Models/wheeled_howitzer.glb,
Assets/MachineBrigade/Resources/Models/wingman_drone.glb,glb,72308,4e819b37b2c884818c888429b99cabf36ea8958520dbbf641aff04703160e417,31,0,0,31,0,10_model_tai_san (chờ),CHO,Assets/MachineBrigade/Resources/Models/wingman_drone.glb,
Assets/MachineBrigade/Resources/Models/wreck_barrel.glb,glb,76220,41420a9294096cbf408fc8b2623a82c8c695b603cbc1c1e7688a0d4e6888df88,16,0,0,16,0,10_model_tai_san (chờ),CHO,Assets/MachineBrigade/Resources/Models/wreck_barrel.glb,
Assets/MachineBrigade/Resources/Models/wreck_car.glb,glb,100472,0411473a0c98b8ed5124cbea5c3d1ee0d6e3acf225a7d46100f1df45647c57cb,15,0,0,15,0,10_model_tai_san (chờ),CHO,Assets/MachineBrigade/Resources/Models/wreck_car.glb,
Assets/MachineBrigade/Resources/Models/wreck_engine.glb,glb,87012,ee7d1ec05b676351c0e6083ec2a3691f6c0638a098234cba63808969ae552636,19,0,0,19,0,10_model_tai_san (chờ),CHO,Assets/MachineBrigade/Resources/Models/wreck_engine.glb,
Assets/MachineBrigade/Resources/Models/wreck_launcher.glb,glb,134760,1127ebe763872a7e6a6f780afd0b0f7a2ae0124fa0e04f00d1ee863cc4468680,22,0,0,22,0,10_model_tai_san (chờ),CHO,Assets/MachineBrigade/Resources/Models/wreck_launcher.glb,
Assets/MachineBrigade/Resources/Models/wreck_stump.glb,glb,72604,52d85efda1f106a439474ae71e977718d5c86797ea86e133e3d1769e102e52c7,22,0,0,22,0,10_model_tai_san (chờ),CHO,Assets/MachineBrigade/Resources/Models/wreck_stump.glb,
Assets/MachineBrigade/Resources/Models/wreck_tank.glb,glb,243260,a3fc903c36df6579a39d4adde337bb45205fd20ca28bb5a9ffef5fe1e2bfecbe,29,0,0,29,0,10_model_tai_san (chờ),CHO,Assets/MachineBrigade/Resources/Models/wreck_tank.glb,
Assets/MachineBrigade/Resources/Models/wreck_truck.glb,glb,188252,c63186f0cff6a47a9503dc8454883556eaf8e7ab14652272e10bdf2e7c3aa02f,20,0,0,20,0,10_model_tai_san (chờ),CHO,Assets/MachineBrigade/Resources/Models/wreck_truck.glb,
Assets/MachineBrigade/Resources/Models/wreck_turret.glb,glb,83080,6798f51d9833f743ea55e58c394e4291729789384e98c46990b770d3209583e4,16,0,0,16,0,10_model_tai_san (chờ),CHO,Assets/MachineBrigade/Resources/Models/wreck_turret.glb,
Assets/MachineBrigade/Resources/Models/zu23_technical.glb,glb,140136,2bc757af72417e48d84f35638daea87cb9aa82cd6da195c741597e6961d494d8,60,0,0,60,0,10_model_tai_san (chờ),CHO,Assets/MachineBrigade/Resources/Models/zu23_technical.glb,
Assets/MachineBrigade/Resources/UI/Bases/ashfield.json,json,2045,007b6206f8dfb3327d90a0e5ce9928b89b988828a288f2e0a38470091d82f2e1,47,0,0,47,0,11_meta_giao_dien (chờ),CHO,Assets/MachineBrigade/Resources/UI/Bases/ashfield.json,
Assets/MachineBrigade/Resources/UI/Bases/borderbridge.json,json,2368,4dbe575609185b31913d9442b66ecec69b1e08a98d25c44660efb13d2701b88e,54,0,0,54,0,11_meta_giao_dien (chờ),CHO,Assets/MachineBrigade/Resources/UI/Bases/borderbridge.json,
Assets/MachineBrigade/Resources/UI/Bases/capital.json,json,1726,0dcbfd3edf9c629d9365ac7ff944a711a0bee8e37b40f1af6bde96f864bc78c1,40,0,0,40,0,11_meta_giao_dien (chờ),CHO,Assets/MachineBrigade/Resources/UI/Bases/capital.json,
Assets/MachineBrigade/Resources/UI/Bases/coralisles.json,json,2130,fe9f7debd47f6a368e604d81f4635732761dc8a18d99f79c78032b944eb31187,48,0,0,48,0,11_meta_giao_dien (chờ),CHO,Assets/MachineBrigade/Resources/UI/Bases/coralisles.json,
Assets/MachineBrigade/Resources/UI/Bases/dunebreak.json,json,2057,e7476101751f11335af659fbbd184f971853921c4b0e66b53bb2a137b93a5617,46,0,0,46,0,11_meta_giao_dien (chờ),CHO,Assets/MachineBrigade/Resources/UI/Bases/dunebreak.json,
Assets/MachineBrigade/Resources/UI/Bases/emberridge.json,json,2137,21a5364bc86d5bace914fcc420bc72a6490712fdbbdf2830a97a5e50876729fb,48,0,0,48,0,11_meta_giao_dien (chờ),CHO,Assets/MachineBrigade/Resources/UI/Bases/emberridge.json,
Assets/MachineBrigade/Resources/UI/Bases/frostpeak.json,json,2279,4ea928e728697cca76dd52d2f054e8417609b56cc6411f2e5bf8e3dfc8812524,52,0,0,52,0,11_meta_giao_dien (chờ),CHO,Assets/MachineBrigade/Resources/UI/Bases/frostpeak.json,
Assets/MachineBrigade/Resources/UI/Bases/greenvale.json,json,1971,916fe89fa3e6c77260557bdcc03d1447902ebbc45b45538944db9dd9999cb753,45,0,0,45,0,11_meta_giao_dien (chờ),CHO,Assets/MachineBrigade/Resources/UI/Bases/greenvale.json,
Assets/MachineBrigade/Resources/UI/Bases/hydrodam.json,json,2046,4b9e50d0d812065198ae521a50cee5dca2db58430d57e5bfcf5750dac81f0a7f,47,0,0,47,0,11_meta_giao_dien (chờ),CHO,Assets/MachineBrigade/Resources/UI/Bases/hydrodam.json,
Assets/MachineBrigade/Resources/UI/Bases/ironport.json,json,2059,fd9f329ff0a7a4baceeecfe859a84779b65b695586424c7c74b8c1ee40378967,46,0,0,46,0,11_meta_giao_dien (chờ),CHO,Assets/MachineBrigade/Resources/UI/Bases/ironport.json,
Assets/MachineBrigade/Resources/UI/Bases/junglepass.json,json,2213,9fc72c0715c621fbd7720fa9065a4192203ae94aca16c1737b51372b55e6d0f6,50,0,0,50,0,11_meta_giao_dien (chờ),CHO,Assets/MachineBrigade/Resources/UI/Bases/junglepass.json,
Assets/MachineBrigade/Resources/UI/Bases/landingbeach.json,json,2374,a7846337acba98896dc54116938f8caaff865332ac52979649e9f1c7062b003d,54,0,0,54,0,11_meta_giao_dien (chờ),CHO,Assets/MachineBrigade/Resources/UI/Bases/landingbeach.json,
Assets/MachineBrigade/Resources/UI/Bases/launchsite.json,json,2048,74cfe876f1b7f680bcc352843e694850a2df990431dd48a5c625eb6658cbb59c,47,0,0,47,0,11_meta_giao_dien (chờ),CHO,Assets/MachineBrigade/Resources/UI/Bases/launchsite.json,
Assets/MachineBrigade/Resources/UI/Bases/metrocity.json,json,2136,371d4a16c8c395b1bd8c99de1cbe2a13922637aed1b56e4d4056f9ac856f99f7,48,0,0,48,0,11_meta_giao_dien (chờ),CHO,Assets/MachineBrigade/Resources/UI/Bases/metrocity.json,
Assets/MachineBrigade/Resources/UI/Bases/redrock.json,json,2202,e735e411f8cd65c5c476490712bdf38b38ac747d9f932c7dd6d903db650d4b58,50,0,0,50,0,11_meta_giao_dien (chờ),CHO,Assets/MachineBrigade/Resources/UI/Bases/redrock.json,
Assets/MachineBrigade/Resources/UI/Bases/rustyard.json,json,2128,c62b19c86b63b52fcd67c592b0bbebbb8ac0ab7069e7bb75029eceba5a41884f,48,0,0,48,0,11_meta_giao_dien (chờ),CHO,Assets/MachineBrigade/Resources/UI/Bases/rustyard.json,
Assets/MachineBrigade/Resources/UI/Bases/saltflat.json,json,2204,0ddce08b6b05120714aaf5e0b2ef4ca52dd65446e6e8d89396a2530488a63a53,50,0,0,50,0,11_meta_giao_dien (chờ),CHO,Assets/MachineBrigade/Resources/UI/Bases/saltflat.json,
Assets/MachineBrigade/Resources/UI/Bases/skyhold.json,json,1723,b91995288126aa63f085a0cb35eee8680cfe49ed37f99ae7b447d9d6fee29459,40,0,0,40,0,11_meta_giao_dien (chờ),CHO,Assets/MachineBrigade/Resources/UI/Bases/skyhold.json,
Assets/MachineBrigade/Resources/UI/Bases/swamp.json,json,2201,0477e190e9091c1bd8971a080be81673b6c8bf61c10df60c7e04775a2b1209e8,50,0,0,50,0,11_meta_giao_dien (chờ),CHO,Assets/MachineBrigade/Resources/UI/Bases/swamp.json,
Assets/MachineBrigade/Resources/UI/Bases/whiteout.json,json,2355,2160afb3e3e1ae9b57dcb65ec63295663e48d61315b04ff71d95099c8d68a37b,54,0,0,54,0,11_meta_giao_dien (chờ),CHO,Assets/MachineBrigade/Resources/UI/Bases/whiteout.json,
Assets/MachineBrigade/Resources/UI/Cards/manifest.json,json,59160,f9fb844fca7045abd45c2c23f571001d4482c968abcf910cf7d87357a79fd023,1208,0,0,1208,0,10_model_tai_san (chờ),CHO,Assets/MachineBrigade/Resources/UI/Cards/manifest.json,
Assets/MachineBrigade/Scenes/Sandbox.unity,yaml,12747,d2d2f1bbb926ae337fac16bfc09399ac8d01dcd2156cf242b75c62fb2b1b3d4c,437,0,437,0,0,,DU,Assets/MachineBrigade/Scenes/Sandbox.unity,
Assets/MachineBrigade/Scripts/Game/Hud/BaseText.cs,cs_strings,23339,8afc1b791866b8b62363a9208506f2bbc313ba0c5e122940711188536758f956,266,0,0,266,0,10_model_tai_san (chờ),CHO,Assets/MachineBrigade/Scripts/Game/Hud/BaseText.cs,
Assets/MachineBrigade/Scripts/Game/Hud/BigAttackText.cs,cs_strings,22828,99ec0b1a7a50e8f13b0377c0e4e67ac6312d76e2c5c7dded9d6c1e6c257aaec9,216,0,0,216,0,10_model_tai_san (chờ),CHO,Assets/MachineBrigade/Scripts/Game/Hud/BigAttackText.cs,
Assets/MachineBrigade/Scripts/Game/Hud/BossText.cs,cs_strings,79907,481437f5f54bc54fc5f582f6b4cdd4ab264f2e0c8c58dac0c5c5c32bfc0d519e,626,0,0,626,0,10_model_tai_san (chờ),CHO,Assets/MachineBrigade/Scripts/Game/Hud/BossText.cs,
Assets/MachineBrigade/Scripts/Game/Hud/CampaignText.cs,cs_strings,350093,a95acf4ffc7405cdd128f4214dc38773489fc1757cbef254fa3e6ed50dccca1c,3380,0,0,3380,0,10_model_tai_san (chờ),CHO,Assets/MachineBrigade/Scripts/Game/Hud/CampaignText.cs,
Assets/MachineBrigade/Scripts/Game/Hud/CommanderText.cs,cs_strings,29028,f2753015433771e983c7641bc2bbc1b64bcdaa7b09c0bffbc34341789e6cf717,348,0,0,348,0,10_model_tai_san (chờ),CHO,Assets/MachineBrigade/Scripts/Game/Hud/CommanderText.cs,
Assets/MachineBrigade/Scripts/Game/Hud/DialogueText.cs,cs_strings,5525,366dc1c1d105a104f6685bce44e2729ad0f2e32bd93d50f267707bc378addfa3,36,0,0,36,0,10_model_tai_san (chờ),CHO,Assets/MachineBrigade/Scripts/Game/Hud/DialogueText.cs,
Assets/MachineBrigade/Scripts/Game/Hud/EventText.cs,cs_strings,30236,e0dcb198a95def9948bd8531c6c93e3ed0ccee440ccac1304488295e53de6975,314,0,0,314,0,10_model_tai_san (chờ),CHO,Assets/MachineBrigade/Scripts/Game/Hud/EventText.cs,
Assets/MachineBrigade/Scripts/Game/Hud/GuideText.cs,cs_strings,212475,ca04288c48a382ebaf24c2d732981a97675b35876fa2f752087ccfc05b4f9049,418,0,0,418,0,10_model_tai_san (chờ),CHO,Assets/MachineBrigade/Scripts/Game/Hud/GuideText.cs,
Assets/MachineBrigade/Scripts/Game/Hud/NameText.cs,cs_strings,7250,d2b953581c6f775057463cecca6d23c6d706bbf5e96bd59edeea683095124124,24,0,0,24,0,10_model_tai_san (chờ),CHO,Assets/MachineBrigade/Scripts/Game/Hud/NameText.cs,
Assets/MachineBrigade/Scripts/Game/Hud/OrbitalText.cs,cs_strings,7870,6a52692ae2f0c0e308762588f33d0e48b5738023989a267a689cf7c51baf7a37,72,0,0,72,0,10_model_tai_san (chờ),CHO,Assets/MachineBrigade/Scripts/Game/Hud/OrbitalText.cs,
Assets/MachineBrigade/Scripts/Game/Hud/SandboxText.cs,cs_strings,25705,37ce18fb1553910f00dd7af1e8cf3f943904d1e2b8d82d39ab41f4b3a8dc1694,502,0,0,502,0,10_model_tai_san (chờ),CHO,Assets/MachineBrigade/Scripts/Game/Hud/SandboxText.cs,
Assets/MachineBrigade/Scripts/Game/Hud/StoryText.cs,cs_strings,56604,ededa6ffa56ae3baefb265ba1940cb8b58793248bfa1a8230da1e7fe289d9067,650,0,0,650,0,10_model_tai_san (chờ),CHO,Assets/MachineBrigade/Scripts/Game/Hud/StoryText.cs,
Assets/MachineBrigade/Scripts/Game/Hud/Strings.cs,cs_strings,348609,76afbfff591e00880d764934561d84d84b6a412567beb95de09be835933f5e9d,5458,0,0,5458,0,10_model_tai_san (chờ),CHO,Assets/MachineBrigade/Scripts/Game/Hud/Strings.cs,
Assets/MachineBrigade/Scripts/Game/Hud/TacticText.cs,cs_strings,24657,be153533ff949f43fc556af2d4638e96d3752bd472b2f41b76b7934c90ecee39,418,0,0,418,0,10_model_tai_san (chờ),CHO,Assets/MachineBrigade/Scripts/Game/Hud/TacticText.cs,
Assets/MachineBrigade/Scripts/Game/Hud/UnitText.cs,cs_strings,27944,9300287a2f28e86c2883333a5ae0d666870b921f16ec02dd43b20caf19a593a5,342,0,0,342,0,10_model_tai_san (chờ),CHO,Assets/MachineBrigade/Scripts/Game/Hud/UnitText.cs,
Assets/MachineBrigade/Scripts/Game/Match/BossHunts.cs#Unslotted,cs_table,7484,,20,20,0,0,0,03_boss,DU,Assets/MachineBrigade/Scripts/Game/Match/BossHunts.cs#Unslotted,
Assets/MachineBrigade/Scripts/Game/Match/GearCatalog.cs#Bases,cs_table,32633,,352,352,0,0,0,02_phuong_tien,DU,Assets/MachineBrigade/Scripts/Game/Match/GearCatalog.cs#Bases,
Assets/MachineBrigade/Scripts/Game/Match/GearCatalog.cs#Brands,cs_table,32633,,91,91,0,0,0,02_phuong_tien,DU,Assets/MachineBrigade/Scripts/Game/Match/GearCatalog.cs#Brands,
Assets/MachineBrigade/Scripts/Game/Match/GearCatalog.cs#Modules,cs_table,32633,,74,74,0,0,0,02_phuong_tien,DU,Assets/MachineBrigade/Scripts/Game/Match/GearCatalog.cs#Modules,
Assets/MachineBrigade/Scripts/Game/Match/GearCatalog.cs#Subs,cs_table,32633,,163,163,0,0,0,02_phuong_tien,DU,Assets/MachineBrigade/Scripts/Game/Match/GearCatalog.cs#Subs,
Assets/MachineBrigade/Scripts/Game/Match/GearCatalog.cs#Traits,cs_table,32633,,265,265,0,0,0,02_phuong_tien,DU,Assets/MachineBrigade/Scripts/Game/Match/GearCatalog.cs#Traits,
Assets/MachineBrigade/Scripts/Sim/Content/Commanders.cs#All,cs_table,20742,,183,183,0,0,0,02_phuong_tien,DU,Assets/MachineBrigade/Scripts/Sim/Content/Commanders.cs#All,
Assets/MachineBrigade/Scripts/Sim/Content/Commanders.cs#Generals,cs_table,20742,,71,71,0,0,0,02_phuong_tien,DU,Assets/MachineBrigade/Scripts/Sim/Content/Commanders.cs#Generals,
Assets/MachineBrigade/Scripts/Sim/Modes/BossHunt.cs#All,cs_table,33159,,58,58,0,0,0,03_boss,DU,Assets/MachineBrigade/Scripts/Sim/Modes/BossHunt.cs#All,
Assets/MachineBrigade/Settings/BattlefieldProfile.asset,yaml,4738,0503574a5709b315f8fb6584209d0deb3d2f10904a6367c7d991663810caba0c,153,0,60,93,0,09_hieu_ung_am_thanh (chờ),CHO,Assets/MachineBrigade/Settings/BattlefieldProfile.asset,
Assets/MachineBrigade/Settings/VulkanDeviceFilters.asset,yaml,550,f9dfdf9a5b26c6e07b881ded1186aa8f16b3e0bf7a5bea15ca584566a2085181,17,0,17,0,0,,DU,Assets/MachineBrigade/Settings/VulkanDeviceFilters.asset,
Assets/MachineBrigade/Tests/EditMode/Scenarios/platoon_beats_light_tank.json,json,802,2785afeef03960c4074ce3c7e7907f3c89071a65ae0c53aa7dbeba0a9b5605f8,54,0,0,54,0,12_he_thong_trang_thai (chờ),CHO,Assets/MachineBrigade/Tests/EditMode/Scenarios/platoon_beats_light_tank.json,
Assets/Settings/DefaultVolumeProfile.asset,yaml,25021,463776c51ae49d4fef980e8fd268081b2f505610d79315003faae1acff8f4115,784,0,784,0,0,,DU,Assets/Settings/DefaultVolumeProfile.asset,
Assets/Settings/Mobile_RPAsset.asset,yaml,5024,baba36e7c7640cec32cab5b02dfc6d04b641659e4beaa8105b253158220cc7a6,141,0,141,0,0,,DU,Assets/Settings/Mobile_RPAsset.asset,
Assets/Settings/Mobile_Renderer.asset,yaml,1765,aa93274c9521fa941170becec9e87c5fa36b8587eefd5eeb5c0eed0d1d4b1dbe,44,0,44,0,0,,DU,Assets/Settings/Mobile_Renderer.asset,
Assets/Settings/PC_RPAsset.asset,yaml,4872,65b657b87062616fca959aecbb64b4b01dfd3b0051ac1119fb65be615539df96,137,0,137,0,0,,DU,Assets/Settings/PC_RPAsset.asset,
Assets/Settings/PC_Renderer.asset,yaml,3534,3d0b01d8ded3327263b6690be128a3de58d17c514943ae42fe743a3e084a9c79,78,0,78,0,0,,DU,Assets/Settings/PC_Renderer.asset,
Assets/Settings/UniversalRenderPipelineGlobalSettings.asset,yaml,30191,de16216797b7d4212762916335811c880ff5e7f6a2bd066882137b949bd13af1,138,0,138,0,0,,DU,Assets/Settings/UniversalRenderPipelineGlobalSettings.asset,
Tools/assets/baseline.json,json,1150692,87f5b9f609113bbfc43ee1f20bf3e7de8216f2af0a4cce60408d7adda3e7dc58,44506,0,0,44506,0,10_model_tai_san (chờ),CHO,Tools/assets/baseline.json,
Tools/balance/fix_boss_before.json,json,64893,2754f9c8e360f983f732b80df6111bafdfcf3e5044dc9b82e90a95ec341c69af,3150,0,0,3150,0,12_he_thong_trang_thai (chờ),CHO,Tools/balance/fix_boss_before.json,
Tools/balance/fix_weapon_reasons.json,json,8261,537aae4f2f2ce42636cec7dc7135ebb9d6347ff47042fae0c023be09d4c86695,63,63,0,0,0,01_vu_khi_dan,DU,Tools/balance/fix_weapon_reasons.json,
Tools/balance/full_weapon_audit_before.json,json,445,d9efb6949d92d82b88dce27393c0905d971d8f3c929e8e69a147721c21ab497c,24,0,0,24,0,12_he_thong_trang_thai (chờ),CHO,Tools/balance/full_weapon_audit_before.json,
Tools/balance/names_before.json,json,13450,e12bc46fcfc17b235d24c1ff78e86bd5d15df82e7d440572f7d2dd8538244093,376,0,0,376,0,12_he_thong_trang_thai (chờ),CHO,Tools/balance/names_before.json,
Tools/balance/p34_boss_baseline.json,json,52155,c76ff5571c19b119e5e1c689689d441e223a6b7a65cf354b6649c031e4b09ba7,2304,0,0,2304,0,12_he_thong_trang_thai (chờ),CHO,Tools/balance/p34_boss_baseline.json,
Tools/campaign/p31_objectives_baseline.json,json,1981,8cd3454d410cfdff4d973c78b70bdc33a7173c1e8a19aff42d18d8089d953956,96,0,0,96,0,12_he_thong_trang_thai (chờ),CHO,Tools/campaign/p31_objectives_baseline.json,
Tools/campaign/unlocks_sheet.json,json,3172,8bc5566f8444a2d30291c74d60efd6842e875c5e276cdda91d9c7452f6a5d2d9,111,0,0,111,0,11_meta_giao_dien (chờ),CHO,Tools/campaign/unlocks_sheet.json,
Tools/docs/unit_refs.json,json,30180,4878dbfbe9f0fe937264a9108a53bc6143c176e4f2b6f335476c9e709b8bb6df,696,0,0,696,0,13_tham_chieu_nguon (chờ),CHO,Tools/docs/unit_refs.json,
Tools/docs/unit_sheet.json,json,103363,93911b52a7b8b7c5a1e31c5c922ac7f784771b0f39ef97af996662a85fadca5c,478,0,0,478,0,12_he_thong_trang_thai (chờ),CHO,Tools/docs/unit_sheet.json,
Tools/models/reference_real.json,json,15687,14d88a5dbe3d2688f35fd376aad80636d863ab4cade6015fb571aef7a7d88b9f,574,0,0,574,0,10_model_tai_san (chờ),CHO,Tools/models/reference_real.json,
Tools/music/requirements.txt,txt,322,5eaf2c472be9874f0cea5e113e513d4a3aad26737be4d37a28cc249acc8944ed,7,0,7,0,0,,DU,Tools/music/requirements.txt,
Tools/sfx/library.json,json,7968,a2253461a707e4723dd8d99715eb2f6654b86ac0a57069def63c6e9b49f5515b,301,0,0,301,0,09_hieu_ung_am_thanh (chờ),CHO,Tools/sfx/library.json,
Tools/story/script/ch01.txt,txt,15866,a1573117676405fdf82c3a9f612310155a5fd9dcdf54edd2c1a8f5c9e8abc52e,94,0,0,94,0,07_chien_dich_cot_truyen (chờ),CHO,Tools/story/script/ch01.txt,
Tools/story/script/ch02.txt,txt,19688,26fedadcfe8c1327e02d07926c50430e5a7ae8c8e249da89dcd4034b233d7278,124,0,0,124,0,07_chien_dich_cot_truyen (chờ),CHO,Tools/story/script/ch02.txt,
Tools/story/script/ch03.txt,txt,19988,03411fdf2729dfa35b88c3f276e485045a1a39b1e51c43c3bce99af1c31a6de0,128,0,0,128,0,07_chien_dich_cot_truyen (chờ),CHO,Tools/story/script/ch03.txt,
Tools/story/script/ch04.txt,txt,28391,28fcc1b24204b5994723d5d75403cbfaa27338aca1b645e0a93de4b91159eb76,187,0,0,187,0,07_chien_dich_cot_truyen (chờ),CHO,Tools/story/script/ch04.txt,
Tools/story/script/ch05.txt,txt,21896,5fb3c5c4328cfc032d182506dc9790f0c13ae111b99183c31d7779f6dc4427e9,139,0,0,139,0,07_chien_dich_cot_truyen (chờ),CHO,Tools/story/script/ch05.txt,
Tools/story/script/ch06.txt,txt,26327,ab399a1694dad567b319851c939f58bd121aa0aba921a245346fc07981c814d1,174,0,0,174,0,07_chien_dich_cot_truyen (chờ),CHO,Tools/story/script/ch06.txt,
Tools/story/script/ch07.txt,txt,27254,1363b1c0f691275bb29b437e67b9172e1b66edd2627fe5216c93a3c3f3198d02,173,0,0,173,0,07_chien_dich_cot_truyen (chờ),CHO,Tools/story/script/ch07.txt,
Tools/story/script/ch08.txt,txt,23245,5a3b272e84b139a2075716211d080fda30d416fee1bd6c8e5d134d15f102cfd5,149,0,0,149,0,07_chien_dich_cot_truyen (chờ),CHO,Tools/story/script/ch08.txt,
Tools/story/script/ch09.txt,txt,22173,e88cc7423b208823bd4dae4af4312be261a1d06388597068f428eb37b1fc38fc,150,0,0,150,0,07_chien_dich_cot_truyen (chờ),CHO,Tools/story/script/ch09.txt,
Tools/story/script/ch10.txt,txt,21970,45b2c8fdf02aa070de73f9c11a4c3caf64d691e6de64c33c1f2cc9292037deb1,153,0,0,153,0,07_chien_dich_cot_truyen (chờ),CHO,Tools/story/script/ch10.txt,
Tools/story/script/ch11.txt,txt,20265,231b46bd659db1388dd2746f27adacae0ad8dbfb7f4a6ba18f4d5a10ddcc8a09,137,0,0,137,0,07_chien_dich_cot_truyen (chờ),CHO,Tools/story/script/ch11.txt,
Tools/story/script/ch12.txt,txt,15839,1de03950620e8a05569dbba9581de76586725ed704d8eb2e72eb87ae9c2ba291,106,0,0,106,0,07_chien_dich_cot_truyen (chờ),CHO,Tools/story/script/ch12.txt,
Tools/story/script/ch13.txt,txt,6831,378dcc16c8e30babe0459510e412cea200741f2bbc37986e156948f7a709be64,42,0,0,42,0,07_chien_dich_cot_truyen (chờ),CHO,Tools/story/script/ch13.txt,
Tools/story/script/ch14.txt,txt,7891,8bbf3e8b45464ab49a50df535ef6ed478fb8da7a15f869d5d0858f4766f5a1e5,51,0,0,51,0,07_chien_dich_cot_truyen (chờ),CHO,Tools/story/script/ch14.txt,
Tools/story/script/ch15.txt,txt,7359,0664b5612b75b44d7e3a204afb08a5d362e580dee9266fa430e890e3e2de541a,47,0,0,47,0,07_chien_dich_cot_truyen (chờ),CHO,Tools/story/script/ch15.txt,
