id,file,sheet,cot,thu_tu_cot,kieu,don_vi,enum,y_nghia,nguon_khoa,cong_thuc,khoa_ngoai,bat_buoc,tu_sinh,nguon,raw_json
00_chi_muc/Cho_anh_xa/file_se_xuat,00_chi_muc,Cho_anh_xa,file_se_xuat,4,text,,,,,,,FALSE,FALSE,Tools/export (core/index.py),
00_chi_muc/Cho_anh_xa/ghi_chu,00_chi_muc,Cho_anh_xa,ghi_chu,7,text,,,,,,,FALSE,FALSE,Tools/export (core/index.py),
00_chi_muc/Cho_anh_xa/id,00_chi_muc,Cho_anh_xa,id,1,text,,,id ổn định (khóa chính),,,,TRUE,FALSE,Tools/export (core/index.py),
00_chi_muc/Cho_anh_xa/mau_duong_dan,00_chi_muc,Cho_anh_xa,mau_duong_dan,3,text,,,,,,,FALSE,FALSE,Tools/export (core/index.py),
00_chi_muc/Cho_anh_xa/nguon,00_chi_muc,Cho_anh_xa,nguon,8,text,,,file + khóa nguồn của dòng,,,,,,Tools/export (core/index.py),
00_chi_muc/Cho_anh_xa/nguon_mau,00_chi_muc,Cho_anh_xa,nguon_mau,2,text,,,,,,,FALSE,FALSE,Tools/export (core/index.py),
00_chi_muc/Cho_anh_xa/raw_json,00_chi_muc,Cho_anh_xa,raw_json,9,text,,,nguyên bản ghi gốc (JSON),,,,,,Tools/export (core/index.py),
00_chi_muc/Cho_anh_xa/so_la,00_chi_muc,Cho_anh_xa,so_la,5,int,,,,,,,FALSE,FALSE,Tools/export (core/index.py),
00_chi_muc/Cho_anh_xa/so_nguon,00_chi_muc,Cho_anh_xa,so_nguon,6,int,,,,,,,FALSE,FALSE,Tools/export (core/index.py),
00_chi_muc/Don_vi_chua_ro/cot,00_chi_muc,Don_vi_chua_ro,cot,4,empty,,,,,,,FALSE,FALSE,Tools/export (core/index.py),
00_chi_muc/Don_vi_chua_ro/file,00_chi_muc,Don_vi_chua_ro,file,2,empty,,,,,,,FALSE,FALSE,Tools/export (core/index.py),
00_chi_muc/Don_vi_chua_ro/id,00_chi_muc,Don_vi_chua_ro,id,1,empty,,,id ổn định (khóa chính),,,,TRUE,FALSE,Tools/export (core/index.py),
00_chi_muc/Don_vi_chua_ro/nguon,00_chi_muc,Don_vi_chua_ro,nguon,6,text,,,file + khóa nguồn của dòng,,,,,,Tools/export (core/index.py),
00_chi_muc/Don_vi_chua_ro/raw_json,00_chi_muc,Don_vi_chua_ro,raw_json,7,text,,,nguyên bản ghi gốc (JSON),,,,,,Tools/export (core/index.py),
00_chi_muc/Don_vi_chua_ro/sheet,00_chi_muc,Don_vi_chua_ro,sheet,3,empty,,,,,,,FALSE,FALSE,Tools/export (core/index.py),
00_chi_muc/Don_vi_chua_ro/vi_du,00_chi_muc,Don_vi_chua_ro,vi_du,5,empty,,,,,,,FALSE,FALSE,Tools/export (core/index.py),
00_chi_muc/Khoa_ngoai/cot,00_chi_muc,Khoa_ngoai,cot,4,text,,,,,,,FALSE,FALSE,Tools/export (core/index.py),
00_chi_muc/Khoa_ngoai/dich,00_chi_muc,Khoa_ngoai,dich,5,text,,,,,,,FALSE,FALSE,Tools/export (core/index.py),
00_chi_muc/Khoa_ngoai/dich_chua_xuat,00_chi_muc,Khoa_ngoai,dich_chua_xuat,6,empty,,,,,,,FALSE,FALSE,Tools/export (core/index.py),
00_chi_muc/Khoa_ngoai/file,00_chi_muc,Khoa_ngoai,file,2,text,,,,,,,FALSE,FALSE,Tools/export (core/index.py),
00_chi_muc/Khoa_ngoai/id,00_chi_muc,Khoa_ngoai,id,1,text,,,id ổn định (khóa chính),,,,TRUE,FALSE,Tools/export (core/index.py),
00_chi_muc/Khoa_ngoai/ket_qua,00_chi_muc,Khoa_ngoai,ket_qua,9,text,,,,,,,FALSE,FALSE,Tools/export (core/index.py),
00_chi_muc/Khoa_ngoai/nguon,00_chi_muc,Khoa_ngoai,nguon,11,text,,,file + khóa nguồn của dòng,,,,,,Tools/export (core/index.py),
00_chi_muc/Khoa_ngoai/raw_json,00_chi_muc,Khoa_ngoai,raw_json,12,text,,,nguyên bản ghi gốc (JSON),,,,,,Tools/export (core/index.py),
00_chi_muc/Khoa_ngoai/sheet,00_chi_muc,Khoa_ngoai,sheet,3,text,,,,,,,FALSE,FALSE,Tools/export (core/index.py),
00_chi_muc/Khoa_ngoai/so_gia_tri,00_chi_muc,Khoa_ngoai,so_gia_tri,7,int,,,,,,,FALSE,FALSE,Tools/export (core/index.py),
00_chi_muc/Khoa_ngoai/so_loi,00_chi_muc,Khoa_ngoai,so_loi,8,int,,,,,,,FALSE,FALSE,Tools/export (core/index.py),
00_chi_muc/Khoa_ngoai/vi_du_loi,00_chi_muc,Khoa_ngoai,vi_du_loi,10,empty,,,,,,,FALSE,FALSE,Tools/export (core/index.py),
00_chi_muc/Khong_xuat/id,00_chi_muc,Khong_xuat,id,1,text,,,id ổn định (khóa chính),,,,TRUE,FALSE,Tools/export (core/index.py),
00_chi_muc/Khong_xuat/khai_bao_o,00_chi_muc,Khong_xuat,khai_bao_o,7,text,,,,,,,FALSE,FALSE,Tools/export (core/index.py),
00_chi_muc/Khong_xuat/ly_do,00_chi_muc,Khong_xuat,ly_do,4,text,,,,,,,FALSE,FALSE,Tools/export (core/index.py),
00_chi_muc/Khong_xuat/mau_duong_dan,00_chi_muc,Khong_xuat,mau_duong_dan,3,text,,,,,,,FALSE,FALSE,Tools/export (core/index.py),
00_chi_muc/Khong_xuat/nguon,00_chi_muc,Khong_xuat,nguon,8,text,,,file + khóa nguồn của dòng,,,,,,Tools/export (core/index.py),
00_chi_muc/Khong_xuat/nguon_mau,00_chi_muc,Khong_xuat,nguon_mau,2,text,,,,,,,FALSE,FALSE,Tools/export (core/index.py),
00_chi_muc/Khong_xuat/raw_json,00_chi_muc,Khong_xuat,raw_json,9,text,,,nguyên bản ghi gốc (JSON),,,,,,Tools/export (core/index.py),
00_chi_muc/Khong_xuat/so_la,00_chi_muc,Khong_xuat,so_la,5,int,,,,,,,FALSE,FALSE,Tools/export (core/index.py),
00_chi_muc/Khong_xuat/so_nguon,00_chi_muc,Khong_xuat,so_nguon,6,int,,,,,,,FALSE,FALSE,Tools/export (core/index.py),
00_chi_muc/Muc_luc_file/file_xlsx,00_chi_muc,Muc_luc_file,file_xlsx,3,text,,,,,,,FALSE,FALSE,Tools/export (core/index.py),
00_chi_muc/Muc_luc_file/id,00_chi_muc,Muc_luc_file,id,1,text,,,id ổn định (khóa chính),,,,TRUE,FALSE,Tools/export (core/index.py),
00_chi_muc/Muc_luc_file/mo_ta,00_chi_muc,Muc_luc_file,mo_ta,7,text,,,,,,,FALSE,FALSE,Tools/export (core/index.py),
00_chi_muc/Muc_luc_file/nguon,00_chi_muc,Muc_luc_file,nguon,8,text,,,file + khóa nguồn của dòng,,,,,,Tools/export (core/index.py),
00_chi_muc/Muc_luc_file/raw_json,00_chi_muc,Muc_luc_file,raw_json,9,text,,,nguyên bản ghi gốc (JSON),,,,,,Tools/export (core/index.py),
00_chi_muc/Muc_luc_file/so_dong,00_chi_muc,Muc_luc_file,so_dong,6,empty,,,,,,,FALSE,FALSE,Tools/export (core/index.py),
00_chi_muc/Muc_luc_file/so_sheet,00_chi_muc,Muc_luc_file,so_sheet,5,empty,,,,,,,FALSE,FALSE,Tools/export (core/index.py),
00_chi_muc/Muc_luc_file/tieu_de,00_chi_muc,Muc_luc_file,tieu_de,2,text,,,,,,,FALSE,FALSE,Tools/export (core/index.py),
00_chi_muc/Muc_luc_file/trang_thai,00_chi_muc,Muc_luc_file,trang_thai,4,text,,,,,,,FALSE,FALSE,Tools/export (core/index.py),
00_chi_muc/Muc_luc_sheet/file,00_chi_muc,Muc_luc_sheet,file,2,empty,,,,,,,FALSE,FALSE,Tools/export (core/index.py),
00_chi_muc/Muc_luc_sheet/id,00_chi_muc,Muc_luc_sheet,id,1,empty,,,id ổn định (khóa chính),,,,TRUE,FALSE,Tools/export (core/index.py),
00_chi_muc/Muc_luc_sheet/lop,00_chi_muc,Muc_luc_sheet,lop,5,empty,,,,,,,FALSE,FALSE,Tools/export (core/index.py),
00_chi_muc/Muc_luc_sheet/mo_ta,00_chi_muc,Muc_luc_sheet,mo_ta,9,empty,,,,,,,FALSE,FALSE,Tools/export (core/index.py),
00_chi_muc/Muc_luc_sheet/nguon,00_chi_muc,Muc_luc_sheet,nguon,10,text,,,file + khóa nguồn của dòng,,,,,,Tools/export (core/index.py),
00_chi_muc/Muc_luc_sheet/raw_json,00_chi_muc,Muc_luc_sheet,raw_json,11,text,,,nguyên bản ghi gốc (JSON),,,,,,Tools/export (core/index.py),
00_chi_muc/Muc_luc_sheet/sheet,00_chi_muc,Muc_luc_sheet,sheet,3,empty,,,,,,,FALSE,FALSE,Tools/export (core/index.py),
00_chi_muc/Muc_luc_sheet/sheet_cha,00_chi_muc,Muc_luc_sheet,sheet_cha,6,empty,,,,,,,FALSE,FALSE,Tools/export (core/index.py),
00_chi_muc/Muc_luc_sheet/so_cot,00_chi_muc,Muc_luc_sheet,so_cot,8,empty,,,,,,,FALSE,FALSE,Tools/export (core/index.py),
00_chi_muc/Muc_luc_sheet/so_dong,00_chi_muc,Muc_luc_sheet,so_dong,7,empty,,,,,,,FALSE,FALSE,Tools/export (core/index.py),
00_chi_muc/Muc_luc_sheet/ten_viet,00_chi_muc,Muc_luc_sheet,ten_viet,4,empty,,,,,,,FALSE,FALSE,Tools/export (core/index.py),
00_chi_muc/Nguon_du_lieu/file_linh_vuc,00_chi_muc,Nguon_du_lieu,file_linh_vuc,10,text,,,,,,,FALSE,FALSE,Tools/export (core/index.py),
00_chi_muc/Nguon_du_lieu/id,00_chi_muc,Nguon_du_lieu,id,1,text,,,id ổn định (khóa chính),,,,TRUE,FALSE,Tools/export (core/index.py),
00_chi_muc/Nguon_du_lieu/kich_thuoc_byte,00_chi_muc,Nguon_du_lieu,kich_thuoc_byte,3,int,,,,,,,FALSE,FALSE,Tools/export (core/index.py),
00_chi_muc/Nguon_du_lieu/loai,00_chi_muc,Nguon_du_lieu,loai,2,text,,,,,,,FALSE,FALSE,Tools/export (core/index.py),
00_chi_muc/Nguon_du_lieu/nguon,00_chi_muc,Nguon_du_lieu,nguon,12,text,,,file + khóa nguồn của dòng,,,,,,Tools/export (core/index.py),
00_chi_muc/Nguon_du_lieu/raw_json,00_chi_muc,Nguon_du_lieu,raw_json,13,text,,,nguyên bản ghi gốc (JSON),,,,,,Tools/export (core/index.py),
00_chi_muc/Nguon_du_lieu/sha256,00_chi_muc,Nguon_du_lieu,sha256,4,text,,,,,,,FALSE,FALSE,Tools/export (core/index.py),
00_chi_muc/Nguon_du_lieu/so_la,00_chi_muc,Nguon_du_lieu,so_la,5,int,,,,,,,FALSE,FALSE,Tools/export (core/index.py),
00_chi_muc/Nguon_du_lieu/so_la_anh_xa,00_chi_muc,Nguon_du_lieu,so_la_anh_xa,6,int,,,,,,,FALSE,FALSE,Tools/export (core/index.py),
00_chi_muc/Nguon_du_lieu/so_la_cho,00_chi_muc,Nguon_du_lieu,so_la_cho,8,int,,,,,,,FALSE,FALSE,Tools/export (core/index.py),
00_chi_muc/Nguon_du_lieu/so_la_chua_anh_xa,00_chi_muc,Nguon_du_lieu,so_la_chua_anh_xa,9,int,,,,,,,FALSE,FALSE,Tools/export (core/index.py),
00_chi_muc/Nguon_du_lieu/so_la_khong_xuat,00_chi_muc,Nguon_du_lieu,so_la_khong_xuat,7,int,,,,,,,FALSE,FALSE,Tools/export (core/index.py),
00_chi_muc/Nguon_du_lieu/trang_thai,00_chi_muc,Nguon_du_lieu,trang_thai,11,text,,,,,,,FALSE,FALSE,Tools/export (core/index.py),
00_chi_muc/Nguon_khong_doc_duoc/id,00_chi_muc,Nguon_khong_doc_duoc,id,1,empty,,,id ổn định (khóa chính),,,,TRUE,FALSE,Tools/export (core/index.py),
00_chi_muc/Nguon_khong_doc_duoc/ly_do,00_chi_muc,Nguon_khong_doc_duoc,ly_do,2,empty,,,,,,,FALSE,FALSE,Tools/export (core/index.py),
00_chi_muc/Nguon_khong_doc_duoc/nguon,00_chi_muc,Nguon_khong_doc_duoc,nguon,3,text,,,file + khóa nguồn của dòng,,,,,,Tools/export (core/index.py),
00_chi_muc/Nguon_khong_doc_duoc/raw_json,00_chi_muc,Nguon_khong_doc_duoc,raw_json,4,text,,,nguyên bản ghi gốc (JSON),,,,,,Tools/export (core/index.py),
00_chi_muc/Phien_ban/gia_tri,00_chi_muc,Phien_ban,gia_tri,2,mixed:int+text,,,,Assets/MachineBrigade/Resources/Data/balance.json: version,,,FALSE,FALSE,Tools/export (core/index.py),
00_chi_muc/Phien_ban/id,00_chi_muc,Phien_ban,id,1,text,,,id ổn định (khóa chính),,,,TRUE,FALSE,Tools/export (core/index.py),
00_chi_muc/Phien_ban/nguon,00_chi_muc,Phien_ban,nguon,3,text,,,file + khóa nguồn của dòng,,,,,,Tools/export (core/index.py),
00_chi_muc/Phien_ban/raw_json,00_chi_muc,Phien_ban,raw_json,4,text,,,nguyên bản ghi gốc (JSON),,,,,,Tools/export (core/index.py),
00_chi_muc/Phu/file,00_chi_muc,Phu,file,2,empty,,,,,,,FALSE,FALSE,Tools/export (core/index.py),
00_chi_muc/Phu/id,00_chi_muc,Phu,id,1,empty,,,id ổn định (khóa chính),,,,TRUE,FALSE,Tools/export (core/index.py),
00_chi_muc/Phu/nguon,00_chi_muc,Phu,nguon,12,text,,,file + khóa nguồn của dòng,,,,,,Tools/export (core/index.py),
00_chi_muc/Phu/raw_json,00_chi_muc,Phu,raw_json,13,text,,,nguyên bản ghi gốc (JSON),,,,,,Tools/export (core/index.py),
00_chi_muc/Phu/sheet,00_chi_muc,Phu,sheet,3,empty,,,,,,,FALSE,FALSE,Tools/export (core/index.py),
00_chi_muc/Phu/so_cot,00_chi_muc,Phu,so_cot,5,empty,,,,,,,FALSE,FALSE,Tools/export (core/index.py),
00_chi_muc/Phu/so_cot_tu_sinh,00_chi_muc,Phu,so_cot_tu_sinh,11,empty,,,,,,,FALSE,FALSE,Tools/export (core/index.py),
00_chi_muc/Phu/so_dong,00_chi_muc,Phu,so_dong,4,empty,,,,,,,FALSE,FALSE,Tools/export (core/index.py),
00_chi_muc/Phu/so_la_anh_xa,00_chi_muc,Phu,so_la_anh_xa,6,empty,,,,,,,FALSE,FALSE,Tools/export (core/index.py),
00_chi_muc/Phu/so_o_chua_ap,00_chi_muc,Phu,so_o_chua_ap,8,empty,,,,,,,FALSE,FALSE,Tools/export (core/index.py),
00_chi_muc/Phu/so_o_need_code_check,00_chi_muc,Phu,so_o_need_code_check,9,empty,,,,,,,FALSE,FALSE,Tools/export (core/index.py),
00_chi_muc/Phu/so_o_need_source,00_chi_muc,Phu,so_o_need_source,10,empty,,,,,,,FALSE,FALSE,Tools/export (core/index.py),
00_chi_muc/Phu/so_o_trong,00_chi_muc,Phu,so_o_trong,7,empty,,,,,,,FALSE,FALSE,Tools/export (core/index.py),
00_chi_muc/README/id,00_chi_muc,README,id,1,text,,,id ổn định (khóa chính),,,,TRUE,FALSE,Tools/export (core/index.py),
00_chi_muc/README/nguon,00_chi_muc,README,nguon,3,text,,,file + khóa nguồn của dòng,,,,,,Tools/export (core/index.py),
00_chi_muc/README/noi_dung,00_chi_muc,README,noi_dung,2,text,,,nội dung,,,,FALSE,FALSE,Tools/export (core/index.py),
00_chi_muc/README/raw_json,00_chi_muc,README,raw_json,4,text,,,nguyên bản ghi gốc (JSON),,,,,,Tools/export (core/index.py),
00_chi_muc/Schema/bat_buoc,00_chi_muc,Schema,bat_buoc,13,empty,,,,,,,FALSE,FALSE,Tools/export (core/index.py),
00_chi_muc/Schema/cong_thuc,00_chi_muc,Schema,cong_thuc,11,empty,,,,,,,FALSE,FALSE,Tools/export (core/index.py),
00_chi_muc/Schema/cot,00_chi_muc,Schema,cot,4,empty,,,,,,,FALSE,FALSE,Tools/export (core/index.py),
00_chi_muc/Schema/don_vi,00_chi_muc,Schema,don_vi,7,empty,,,,,,,FALSE,FALSE,Tools/export (core/index.py),
00_chi_muc/Schema/enum,00_chi_muc,Schema,enum,8,empty,,,,,,,FALSE,FALSE,Tools/export (core/index.py),
00_chi_muc/Schema/file,00_chi_muc,Schema,file,2,empty,,,,,,,FALSE,FALSE,Tools/export (core/index.py),
00_chi_muc/Schema/id,00_chi_muc,Schema,id,1,empty,,,id ổn định (khóa chính),,,,TRUE,FALSE,Tools/export (core/index.py),
00_chi_muc/Schema/khoa_ngoai,00_chi_muc,Schema,khoa_ngoai,12,empty,,,,,,,FALSE,FALSE,Tools/export (core/index.py),
00_chi_muc/Schema/kieu,00_chi_muc,Schema,kieu,6,empty,,,,,,,FALSE,FALSE,Tools/export (core/index.py),
00_chi_muc/Schema/nguon,00_chi_muc,Schema,nguon,15,text,,,file + khóa nguồn của dòng,,,,,,Tools/export (core/index.py),
00_chi_muc/Schema/nguon_khoa,00_chi_muc,Schema,nguon_khoa,10,empty,,,,,,,FALSE,FALSE,Tools/export (core/index.py),
00_chi_muc/Schema/raw_json,00_chi_muc,Schema,raw_json,16,text,,,nguyên bản ghi gốc (JSON),,,,,,Tools/export (core/index.py),
00_chi_muc/Schema/sheet,00_chi_muc,Schema,sheet,3,empty,,,,,,,FALSE,FALSE,Tools/export (core/index.py),
00_chi_muc/Schema/thu_tu_cot,00_chi_muc,Schema,thu_tu_cot,5,empty,,,,,,,FALSE,FALSE,Tools/export (core/index.py),
00_chi_muc/Schema/tu_sinh,00_chi_muc,Schema,tu_sinh,14,empty,,,,,,,FALSE,FALSE,Tools/export (core/index.py),
00_chi_muc/Schema/y_nghia,00_chi_muc,Schema,y_nghia,9,empty,,,,,,,FALSE,FALSE,Tools/export (core/index.py),
00_chi_muc/Van_de/id,00_chi_muc,Van_de,id,1,text,,,id ổn định (khóa chính),,,,TRUE,FALSE,Tools/export (core/index.py),
00_chi_muc/Van_de/nguon,00_chi_muc,Van_de,nguon,3,text,,,file + khóa nguồn của dòng,,,,,,Tools/export (core/index.py),
00_chi_muc/Van_de/noi_dung,00_chi_muc,Van_de,noi_dung,2,text,,,,,,,FALSE,FALSE,Tools/export (core/index.py),
00_chi_muc/Van_de/raw_json,00_chi_muc,Van_de,raw_json,4,text,,,nguyên bản ghi gốc (JSON),,,,,,Tools/export (core/index.py),
01_vu_khi_dan/Bang_sat_thuong/cong_trinh,01_vu_khi_dan,Bang_sat_thuong,cong_trinh,4,number,,,hệ số lên công trình,Assets/MachineBrigade/Resources/Data/balance.json: damageTable.…,,,FALSE,FALSE,Tools/export (core/index.py),
01_vu_khi_dan/Bang_sat_thuong/id,01_vu_khi_dan,Bang_sat_thuong,id,1,text,,,id ổn định (khóa chính),,,,TRUE,FALSE,Tools/export (core/index.py),
01_vu_khi_dan/Bang_sat_thuong/mat_dat,01_vu_khi_dan,Bang_sat_thuong,mat_dat,2,number,,,hệ số lên mục tiêu mặt đất,Assets/MachineBrigade/Resources/Data/balance.json: damageTable.…,,,FALSE,FALSE,Tools/export (core/index.py),
01_vu_khi_dan/Bang_sat_thuong/may_bay,01_vu_khi_dan,Bang_sat_thuong,may_bay,3,number,,,hệ số lên máy bay,Assets/MachineBrigade/Resources/Data/balance.json: damageTable.…,,,FALSE,FALSE,Tools/export (core/index.py),
01_vu_khi_dan/Bang_sat_thuong/nguon,01_vu_khi_dan,Bang_sat_thuong,nguon,5,text,,,file + khóa nguồn của dòng,,,,,,Tools/export (core/index.py),
01_vu_khi_dan/Bang_sat_thuong/raw_json,01_vu_khi_dan,Bang_sat_thuong,raw_json,6,text,,,nguyên bản ghi gốc (JSON),,,,,,Tools/export (core/index.py),
01_vu_khi_dan/Bang_xuyen_giap/chenh_xuyen_giap,01_vu_khi_dan,Bang_xuyen_giap,chenh_xuyen_giap,2,text,,,"mức xuyên trừ mức giáp mặt bị bắn (+2 = vượt hai mức trở lên, -3 = kém ba mức trở lên)",,,,FALSE,FALSE,Tools/export (core/index.py),
01_vu_khi_dan/Bang_xuyen_giap/he_so,01_vu_khi_dan,Bang_xuyen_giap,he_so,3,number,,,hệ số sát thương,Assets/MachineBrigade/Resources/Data/balance.json: damageTable.penetration[*],,,FALSE,FALSE,Tools/export (core/index.py),
01_vu_khi_dan/Bang_xuyen_giap/id,01_vu_khi_dan,Bang_xuyen_giap,id,1,text,,,id ổn định (khóa chính),,,,TRUE,FALSE,Tools/export (core/index.py),
01_vu_khi_dan/Bang_xuyen_giap/nguon,01_vu_khi_dan,Bang_xuyen_giap,nguon,4,text,,,file + khóa nguồn của dòng,,,,,,Tools/export (core/index.py),
01_vu_khi_dan/Bang_xuyen_giap/raw_json,01_vu_khi_dan,Bang_xuyen_giap,raw_json,5,text,,,nguyên bản ghi gốc (JSON),,,,,,Tools/export (core/index.py),
01_vu_khi_dan/Canh_bao_vong/don_vi,01_vu_khi_dan,Canh_bao_vong,don_vi,6,text,,,đơn vị của giá trị (trống: không đơn vị hoặc chưa rõ; xem Don_vi_chua_ro),,,,FALSE,FALSE,Tools/export (core/index.py),
01_vu_khi_dan/Canh_bao_vong/gia_tri_chu,01_vu_khi_dan,Canh_bao_vong,gia_tri_chu,5,empty,,,giá trị nếu là chữ (danh sách ngăn ';'),,,,FALSE,FALSE,Tools/export (core/index.py),
01_vu_khi_dan/Canh_bao_vong/gia_tri_so,01_vu_khi_dan,Canh_bao_vong,gia_tri_so,4,number,,,giá trị nếu là số / true-false,Assets/MachineBrigade/Resources/Data/balance.json: warningRules.…,,,FALSE,FALSE,Tools/export (core/index.py),
01_vu_khi_dan/Canh_bao_vong/id,01_vu_khi_dan,Canh_bao_vong,id,1,text,,,id ổn định (khóa chính),,,,TRUE,FALSE,Tools/export (core/index.py),
01_vu_khi_dan/Canh_bao_vong/khoa,01_vu_khi_dan,Canh_bao_vong,khoa,3,text,,,khóa của lá trong khối,,,,FALSE,FALSE,Tools/export (core/index.py),
01_vu_khi_dan/Canh_bao_vong/nguon,01_vu_khi_dan,Canh_bao_vong,nguon,7,text,,,file + khóa nguồn của dòng,,,,,,Tools/export (core/index.py),
01_vu_khi_dan/Canh_bao_vong/nhom,01_vu_khi_dan,Canh_bao_vong,nhom,2,text,,,khối nguồn (đường dẫn của khối trong file nguồn),,,,FALSE,FALSE,Tools/export (core/index.py),
01_vu_khi_dan/Canh_bao_vong/raw_json,01_vu_khi_dan,Canh_bao_vong,raw_json,8,text,,,nguyên bản ghi gốc (JSON),,,,,,Tools/export (core/index.py),
01_vu_khi_dan/Dan_thay_the/dan_id,01_vu_khi_dan,Dan_thay_the,dan_id,3,text,,,đạn thay thế (một dòng ở Vu_khi),,,01_vu_khi_dan/Vu_khi,FALSE,FALSE,Tools/export (core/index.py),
01_vu_khi_dan/Dan_thay_the/dieu_kien_tu_doi,01_vu_khi_dan,Dan_thay_the,dieu_kien_tu_doi,11,empty,,,khi nào AI tự đổi đạn (mã),,,,FALSE,FALSE,Tools/export (core/index.py),
01_vu_khi_dan/Dan_thay_the/dung_cho,01_vu_khi_dan,Dan_thay_the,dung_cho,6,text,,,for: mục tiêu đạn được chọn,,,,FALSE,FALSE,Tools/export (core/index.py),
01_vu_khi_dan/Dan_thay_the/id,01_vu_khi_dan,Dan_thay_the,id,1,text,,,id ổn định (khóa chính),,,,TRUE,FALSE,Tools/export (core/index.py),
01_vu_khi_dan/Dan_thay_the/lien_ket,01_vu_khi_dan,Dan_thay_the,lien_ket,4,text,,he;air;roundOf,he / air / roundOf,,,,FALSE,FALSE,Tools/export (core/index.py),
01_vu_khi_dan/Dan_thay_the/loai_dan,01_vu_khi_dan,Dan_thay_the,loai_dan,5,text,,,"round của đạn thứ hai (ap, he, air...)",,,,FALSE,FALSE,Tools/export (core/index.py),
01_vu_khi_dan/Dan_thay_the/loai_sat_thuong,01_vu_khi_dan,Dan_thay_the,loai_sat_thuong,7,text,,,loại sát thương của đạn,,,,FALSE,FALSE,Tools/export (core/index.py),
01_vu_khi_dan/Dan_thay_the/loi_m,01_vu_khi_dan,Dan_thay_the,loi_m,10,number,m,,lõi nổ của đạn,,,,FALSE,FALSE,Tools/export (core/index.py),
01_vu_khi_dan/Dan_thay_the/nguon,01_vu_khi_dan,Dan_thay_the,nguon,14,text,,,file + khóa nguồn của dòng,,,,,,Tools/export (core/index.py),
01_vu_khi_dan/Dan_thay_the/raw_json,01_vu_khi_dan,Dan_thay_the,raw_json,15,text,,,nguyên bản ghi gốc (JSON),,,,,,Tools/export (core/index.py),
01_vu_khi_dan/Dan_thay_the/sat_thuong_moi_phat,01_vu_khi_dan,Dan_thay_the,sat_thuong_moi_phat,9,number,hp,,sát thương mỗi phát của đạn,,,,FALSE,FALSE,Tools/export (core/index.py),
01_vu_khi_dan/Dan_thay_the/thoi_gian_doi_s,01_vu_khi_dan,Dan_thay_the,thoi_gian_doi_s,12,empty,s,,thời gian đổi đạn (mã),,,,FALSE,FALSE,Tools/export (core/index.py),
01_vu_khi_dan/Dan_thay_the/thoi_gian_giu_s,01_vu_khi_dan,Dan_thay_the,thoi_gian_giu_s,13,empty,s,,thời gian giữ đạn đã đổi (mã),,,,FALSE,FALSE,Tools/export (core/index.py),
01_vu_khi_dan/Dan_thay_the/vu_khi_goc,01_vu_khi_dan,Dan_thay_the,vu_khi_goc,2,text,,,vũ khí gốc,,,01_vu_khi_dan/Vu_khi,FALSE,FALSE,Tools/export (core/index.py),
01_vu_khi_dan/Dan_thay_the/xuyen,01_vu_khi_dan,Dan_thay_the,xuyen,8,int,,,mức xuyên của đạn,,,,FALSE,FALSE,Tools/export (core/index.py),
01_vu_khi_dan/Dong_vu_khi/id,01_vu_khi_dan,Dong_vu_khi,id,1,text,,,id ổn định (khóa chính),"Assets/MachineBrigade/Resources/Data/balance.json: secondRounds.families[*].id, weaponFamilies[*].id",,,TRUE,FALSE,Tools/export (core/index.py),
01_vu_khi_dan/Dong_vu_khi/khoi_nguon,01_vu_khi_dan,Dong_vu_khi,khoi_nguon,3,text,,,weaponFamilies hoặc secondRounds.families,,,,FALSE,FALSE,Tools/export (core/index.py),
01_vu_khi_dan/Dong_vu_khi/nguon,01_vu_khi_dan,Dong_vu_khi,nguon,11,text,,,file + khóa nguồn của dòng,,,,,,Tools/export (core/index.py),
01_vu_khi_dan/Dong_vu_khi/projectile_model,01_vu_khi_dan,Dong_vu_khi,projectile_model,5,text,,,,"Assets/MachineBrigade/Resources/Data/balance.json: secondRounds.families[*].projectileModel, weaponFamilies[*].projectileModel",,,FALSE,TRUE,Tools/export (core/index.py),
01_vu_khi_dan/Dong_vu_khi/projectile_scale,01_vu_khi_dan,Dong_vu_khi,projectile_scale,6,number,,,,Assets/MachineBrigade/Resources/Data/balance.json: weaponFamilies[*].projectileScale,,,FALSE,TRUE,Tools/export (core/index.py),
01_vu_khi_dan/Dong_vu_khi/projectile_speed_m_s,01_vu_khi_dan,Dong_vu_khi,projectile_speed_m_s,7,int,m/s,,,"Assets/MachineBrigade/Resources/Data/balance.json: secondRounds.families[*].projectileSpeed, weaponFamilies[*].projectileSpeed",,,FALSE,TRUE,Tools/export (core/index.py),
01_vu_khi_dan/Dong_vu_khi/raw_json,01_vu_khi_dan,Dong_vu_khi,raw_json,12,text,,,nguyên bản ghi gốc (JSON),,,,,,Tools/export (core/index.py),
01_vu_khi_dan/Dong_vu_khi/round_length,01_vu_khi_dan,Dong_vu_khi,round_length,8,number,,,,Assets/MachineBrigade/Resources/Data/balance.json: weaponFamilies[*].roundLength,,,FALSE,TRUE,Tools/export (core/index.py),
01_vu_khi_dan/Dong_vu_khi/round_weight,01_vu_khi_dan,Dong_vu_khi,round_weight,9,number,,,,"Assets/MachineBrigade/Resources/Data/balance.json: secondRounds.families[*].roundWeight, weaponFamilies[*].roundWeight",,,FALSE,TRUE,Tools/export (core/index.py),
01_vu_khi_dan/Dong_vu_khi/so_vu_khi,01_vu_khi_dan,Dong_vu_khi,so_vu_khi,4,int,,,số vũ khí dùng dòng này,,,,FALSE,FALSE,Tools/export (core/index.py),
01_vu_khi_dan/Dong_vu_khi/splash_m,01_vu_khi_dan,Dong_vu_khi,splash_m,10,number,m,,,"Assets/MachineBrigade/Resources/Data/balance.json: secondRounds.families[*].splash, weaponFamilies[*].splash",,,FALSE,TRUE,Tools/export (core/index.py),
01_vu_khi_dan/Dong_vu_khi/ten_that,01_vu_khi_dan,Dong_vu_khi,ten_that,2,text,,,tên hệ thống thật,"Assets/MachineBrigade/Resources/Data/balance.json: secondRounds.families[*].real, weaponFamilies[*].real",,,FALSE,FALSE,Tools/export (core/index.py),
01_vu_khi_dan/Hanh_vi_dan/don_vi,01_vu_khi_dan,Hanh_vi_dan,don_vi,6,text,,,đơn vị của giá trị (trống: không đơn vị hoặc chưa rõ; xem Don_vi_chua_ro),,,,FALSE,FALSE,Tools/export (core/index.py),
01_vu_khi_dan/Hanh_vi_dan/gia_tri_chu,01_vu_khi_dan,Hanh_vi_dan,gia_tri_chu,5,text,,,giá trị nếu là chữ (danh sách ngăn ';'),Assets/MachineBrigade/Resources/Data/balance.json: munitionRules.…,,,FALSE,FALSE,Tools/export (core/index.py),
01_vu_khi_dan/Hanh_vi_dan/gia_tri_so,01_vu_khi_dan,Hanh_vi_dan,gia_tri_so,4,number,,,giá trị nếu là số / true-false,Assets/MachineBrigade/Resources/Data/balance.json: munitionRules.…,,,FALSE,FALSE,Tools/export (core/index.py),
01_vu_khi_dan/Hanh_vi_dan/id,01_vu_khi_dan,Hanh_vi_dan,id,1,text,,,id ổn định (khóa chính),,,,TRUE,FALSE,Tools/export (core/index.py),
01_vu_khi_dan/Hanh_vi_dan/khoa,01_vu_khi_dan,Hanh_vi_dan,khoa,3,text,,,khóa của lá trong khối,,,,FALSE,FALSE,Tools/export (core/index.py),
01_vu_khi_dan/Hanh_vi_dan/nguon,01_vu_khi_dan,Hanh_vi_dan,nguon,7,text,,,file + khóa nguồn của dòng,,,,,,Tools/export (core/index.py),
01_vu_khi_dan/Hanh_vi_dan/nhom,01_vu_khi_dan,Hanh_vi_dan,nhom,2,text,,,khối nguồn (đường dẫn của khối trong file nguồn),,,,FALSE,FALSE,Tools/export (core/index.py),
01_vu_khi_dan/Hanh_vi_dan/raw_json,01_vu_khi_dan,Hanh_vi_dan,raw_json,8,text,,,nguyên bản ghi gốc (JSON),,,,,,Tools/export (core/index.py),
01_vu_khi_dan/Hanh_vi_dan_nhom/cach_nham,01_vu_khi_dan,Hanh_vi_dan_nhom,cach_nham,3,empty,,,cách nhắm,,,,FALSE,FALSE,Tools/export (core/index.py),
01_vu_khi_dan/Hanh_vi_dan_nhom/co_canh_bao,01_vu_khi_dan,Hanh_vi_dan_nhom,co_canh_bao,6,empty,,,có cảnh báo không,,,,FALSE,FALSE,Tools/export (core/index.py),
01_vu_khi_dan/Hanh_vi_dan_nhom/id,01_vu_khi_dan,Hanh_vi_dan_nhom,id,1,text,,,id ổn định (khóa chính),,,,TRUE,FALSE,Tools/export (core/index.py),
01_vu_khi_dan/Hanh_vi_dan_nhom/khi_no,01_vu_khi_dan,Hanh_vi_dan_nhom,khi_no,4,empty,,,khi nào nổ,,,,FALSE,FALSE,Tools/export (core/index.py),
01_vu_khi_dan/Hanh_vi_dan_nhom/khi_truot,01_vu_khi_dan,Hanh_vi_dan_nhom,khi_truot,5,empty,,,khi nào trượt,,,,FALSE,FALSE,Tools/export (core/index.py),
01_vu_khi_dan/Hanh_vi_dan_nhom/nguon,01_vu_khi_dan,Hanh_vi_dan_nhom,nguon,11,text,,,file + khóa nguồn của dòng,,,,,,Tools/export (core/index.py),
01_vu_khi_dan/Hanh_vi_dan_nhom/raw_json,01_vu_khi_dan,Hanh_vi_dan_nhom,raw_json,12,text,,,nguyên bản ghi gốc (JSON),,,,,,Tools/export (core/index.py),
01_vu_khi_dan/Hanh_vi_dan_nhom/so_vu_khi,01_vu_khi_dan,Hanh_vi_dan_nhom,so_vu_khi,2,int,,,số vũ khí dùng dạng đạn này (giá trị game),,,,FALSE,FALSE,Tools/export (core/index.py),
01_vu_khi_dan/Hanh_vi_dan_nhom/thoi_gian_bay_toi_da_s,01_vu_khi_dan,Hanh_vi_dan_nhom,thoi_gian_bay_toi_da_s,7,empty,s,,thời gian bay tối đa,,,,FALSE,FALSE,Tools/export (core/index.py),
01_vu_khi_dan/Hanh_vi_dan_nhom/tuong_tac_aps,01_vu_khi_dan,Hanh_vi_dan_nhom,tuong_tac_aps,9,empty,,,tương tác APS,,,,FALSE,FALSE,Tools/export (core/index.py),
01_vu_khi_dan/Hanh_vi_dan_nhom/tuong_tac_gay_nhieu,01_vu_khi_dan,Hanh_vi_dan_nhom,tuong_tac_gay_nhieu,10,empty,,,tương tác gây nhiễu,,,,FALSE,FALSE,Tools/export (core/index.py),
01_vu_khi_dan/Hanh_vi_dan_nhom/tuong_tac_phao_sang,01_vu_khi_dan,Hanh_vi_dan_nhom,tuong_tac_phao_sang,8,empty,,,tương tác pháo sáng,,,,FALSE,FALSE,Tools/export (core/index.py),
01_vu_khi_dan/He_so_toan_cuc/don_vi,01_vu_khi_dan,He_so_toan_cuc,don_vi,6,empty,,,đơn vị của giá trị (trống: không đơn vị hoặc chưa rõ; xem Don_vi_chua_ro),,,,FALSE,FALSE,Tools/export (core/index.py),
01_vu_khi_dan/He_so_toan_cuc/gia_tri_chu,01_vu_khi_dan,He_so_toan_cuc,gia_tri_chu,5,empty,,,giá trị nếu là chữ (danh sách ngăn ';'),,,,FALSE,FALSE,Tools/export (core/index.py),
01_vu_khi_dan/He_so_toan_cuc/gia_tri_so,01_vu_khi_dan,He_so_toan_cuc,gia_tri_so,4,number,,,giá trị nếu là số / true-false,"Assets/MachineBrigade/Resources/Data/balance.json: damageTable.thermobaric, firepower.propBlasts, firepower.strikes, firepower.vehicleBlasts",,,FALSE,FALSE,Tools/export (core/index.py),
01_vu_khi_dan/He_so_toan_cuc/id,01_vu_khi_dan,He_so_toan_cuc,id,1,text,,,id ổn định (khóa chính),,,,TRUE,FALSE,Tools/export (core/index.py),
01_vu_khi_dan/He_so_toan_cuc/khoa,01_vu_khi_dan,He_so_toan_cuc,khoa,3,text,,,khóa của lá trong khối,,,,FALSE,FALSE,Tools/export (core/index.py),
01_vu_khi_dan/He_so_toan_cuc/nguon,01_vu_khi_dan,He_so_toan_cuc,nguon,7,text,,,file + khóa nguồn của dòng,,,,,,Tools/export (core/index.py),
01_vu_khi_dan/He_so_toan_cuc/nhom,01_vu_khi_dan,He_so_toan_cuc,nhom,2,text,,,khối nguồn (đường dẫn của khối trong file nguồn),,,,FALSE,FALSE,Tools/export (core/index.py),
01_vu_khi_dan/He_so_toan_cuc/raw_json,01_vu_khi_dan,He_so_toan_cuc,raw_json,8,text,,,nguyên bản ghi gốc (JSON),,,,,,Tools/export (core/index.py),
01_vu_khi_dan/Ho_vu_khi/bac,01_vu_khi_dan,Ho_vu_khi,bac,3,int,,,bậc cỡ 0-5 (T0-T5),Assets/MachineBrigade/Resources/Data/balance.json: weaponFamilyTable[*].tier,,,FALSE,FALSE,Tools/export (core/index.py),
01_vu_khi_dan/Ho_vu_khi/bien_the,01_vu_khi_dan,Ho_vu_khi,bien_the,7,text,,,các biến thể (Ho_vu_khi_bien_the),,,,FALSE,FALSE,Tools/export (core/index.py),
01_vu_khi_dan/Ho_vu_khi/boss_loi_m,01_vu_khi_dan,Ho_vu_khi,boss_loi_m,5,number,m,,lõi nổ chung trên boss,Assets/MachineBrigade/Resources/Data/balance.json: weaponFamilyTable[*].boss.core,,,FALSE,FALSE,Tools/export (core/index.py),
01_vu_khi_dan/Ho_vu_khi/boss_ria_m,01_vu_khi_dan,Ho_vu_khi,boss_ria_m,6,int,m,,rìa nổ chung trên boss,Assets/MachineBrigade/Resources/Data/balance.json: weaponFamilyTable[*].boss.edge,,,FALSE,FALSE,Tools/export (core/index.py),
01_vu_khi_dan/Ho_vu_khi/boss_sat_thuong,01_vu_khi_dan,Ho_vu_khi,boss_sat_thuong,4,int,hp,,sát thương chung của họ trên boss,Assets/MachineBrigade/Resources/Data/balance.json: weaponFamilyTable[*].boss.damage,,,FALSE,FALSE,Tools/export (core/index.py),
01_vu_khi_dan/Ho_vu_khi/id,01_vu_khi_dan,Ho_vu_khi,id,1,text,,,id ổn định (khóa chính),Assets/MachineBrigade/Resources/Data/balance.json: weaponFamilyTable[*].id,,,TRUE,FALSE,Tools/export (core/index.py),
01_vu_khi_dan/Ho_vu_khi/nguon,01_vu_khi_dan,Ho_vu_khi,nguon,10,text,,,file + khóa nguồn của dòng,,,,,,Tools/export (core/index.py),
01_vu_khi_dan/Ho_vu_khi/raw_json,01_vu_khi_dan,Ho_vu_khi,raw_json,11,text,,,nguyên bản ghi gốc (JSON),,,,,,Tools/export (core/index.py),
01_vu_khi_dan/Ho_vu_khi/so_vu_khi,01_vu_khi_dan,Ho_vu_khi,so_vu_khi,8,int,,,số vũ khí thuộc họ (Vu_khi.ho_id),,,,FALSE,FALSE,Tools/export (core/index.py),
01_vu_khi_dan/Ho_vu_khi/ten,01_vu_khi_dan,Ho_vu_khi,ten,2,text,,,tên họ,Assets/MachineBrigade/Resources/Data/balance.json: weaponFamilyTable[*].name,,,FALSE,FALSE,Tools/export (core/index.py),
01_vu_khi_dan/Ho_vu_khi/vu_khi,01_vu_khi_dan,Ho_vu_khi,vu_khi,9,text,,,id vũ khí thuộc họ,,,01_vu_khi_dan/Vu_khi,FALSE,FALSE,Tools/export (core/index.py),
01_vu_khi_dan/Ho_vu_khi_bien_the/bien_the,01_vu_khi_dan,Ho_vu_khi_bien_the,bien_the,4,text,,,mã biến thể,,,,FALSE,FALSE,Tools/export (core/index.py),
01_vu_khi_dan/Ho_vu_khi_bien_the/ho_vu_khi_id,01_vu_khi_dan,Ho_vu_khi_bien_the,ho_vu_khi_id,2,text,,,id dòng cha ở Ho_vu_khi,,,01_vu_khi_dan/Ho_vu_khi,TRUE,FALSE,Tools/export (core/index.py),
01_vu_khi_dan/Ho_vu_khi_bien_the/id,01_vu_khi_dan,Ho_vu_khi_bien_the,id,1,text,,,id ổn định (khóa chính),,,,TRUE,FALSE,Tools/export (core/index.py),
01_vu_khi_dan/Ho_vu_khi_bien_the/ly_do,01_vu_khi_dan,Ho_vu_khi_bien_the,ly_do,5,text,,,lý do biến thể khác họ,Assets/MachineBrigade/Resources/Data/balance.json: weaponFamilyTable[*].variants.…,,,FALSE,FALSE,Tools/export (core/index.py),
01_vu_khi_dan/Ho_vu_khi_bien_the/nguon,01_vu_khi_dan,Ho_vu_khi_bien_the,nguon,6,text,,,file + khóa nguồn của dòng,,,,,,Tools/export (core/index.py),
01_vu_khi_dan/Ho_vu_khi_bien_the/raw_json,01_vu_khi_dan,Ho_vu_khi_bien_the,raw_json,7,text,,,nguyên bản ghi gốc (JSON),,,,,,Tools/export (core/index.py),
01_vu_khi_dan/Ho_vu_khi_bien_the/thu_tu,01_vu_khi_dan,Ho_vu_khi_bien_the,thu_tu,3,int,,,thứ tự trong danh sách nguồn (0 = đầu),,,,FALSE,FALSE,Tools/export (core/index.py),
01_vu_khi_dan/Khac_che/aps,01_vu_khi_dan,Khac_che,aps,13,empty,,,,Assets/MachineBrigade/Resources/Data/balance.json: vehicles[*].aps,,,FALSE,TRUE,Tools/export (core/index.py),
01_vu_khi_dan/Khac_che/aps_burst,01_vu_khi_dan,Khac_che,aps_burst,14,number,,,,Assets/MachineBrigade/Resources/Data/balance.json: vehicles[*].aps.burst,,,FALSE,TRUE,Tools/export (core/index.py),
01_vu_khi_dan/Khac_che/aps_capability,01_vu_khi_dan,Khac_che,aps_capability,15,text,,,,Assets/MachineBrigade/Resources/Data/balance.json: vehicles[*].apsCapability,,,FALSE,TRUE,Tools/export (core/index.py),
01_vu_khi_dan/Khac_che/aps_charges,01_vu_khi_dan,Khac_che,aps_charges,16,int,,,,Assets/MachineBrigade/Resources/Data/balance.json: vehicles[*].aps.charges,,,FALSE,TRUE,Tools/export (core/index.py),
01_vu_khi_dan/Khac_che/aps_direct,01_vu_khi_dan,Khac_che,aps_direct,17,bool,,,,Assets/MachineBrigade/Resources/Data/balance.json: vehicles[*].aps.direct,,,FALSE,TRUE,Tools/export (core/index.py),
01_vu_khi_dan/Khac_che/aps_heavy,01_vu_khi_dan,Khac_che,aps_heavy,18,bool,,,,Assets/MachineBrigade/Resources/Data/balance.json: vehicles[*].aps.heavy,,,FALSE,TRUE,Tools/export (core/index.py),
01_vu_khi_dan/Khac_che/aps_laser,01_vu_khi_dan,Khac_che,aps_laser,19,bool,,,,Assets/MachineBrigade/Resources/Data/balance.json: vehicles[*].aps.laser,,,FALSE,TRUE,Tools/export (core/index.py),
01_vu_khi_dan/Khac_che/aps_missiles,01_vu_khi_dan,Khac_che,aps_missiles,20,bool,,,,Assets/MachineBrigade/Resources/Data/balance.json: vehicles[*].aps.missiles,,,FALSE,TRUE,Tools/export (core/index.py),
01_vu_khi_dan/Khac_che/aps_radius_m,01_vu_khi_dan,Khac_che,aps_radius_m,21,number,m,,,Assets/MachineBrigade/Resources/Data/balance.json: vehicles[*].aps.radius,,,FALSE,TRUE,Tools/export (core/index.py),
01_vu_khi_dan/Khac_che/aps_recharge_s,01_vu_khi_dan,Khac_che,aps_recharge_s,22,number,s,,,Assets/MachineBrigade/Resources/Data/balance.json: vehicles[*].aps.recharge,,,FALSE,TRUE,Tools/export (core/index.py),
01_vu_khi_dan/Khac_che/aps_reload_s,01_vu_khi_dan,Khac_che,aps_reload_s,23,int,s,,,Assets/MachineBrigade/Resources/Data/balance.json: vehicles[*].aps.reload,,,FALSE,TRUE,Tools/export (core/index.py),
01_vu_khi_dan/Khac_che/aps_rockets,01_vu_khi_dan,Khac_che,aps_rockets,24,bool,,,,Assets/MachineBrigade/Resources/Data/balance.json: vehicles[*].aps.rockets,,,FALSE,TRUE,Tools/export (core/index.py),
01_vu_khi_dan/Khac_che/aps_shells,01_vu_khi_dan,Khac_che,aps_shells,25,number,,,,Assets/MachineBrigade/Resources/Data/balance.json: vehicles[*].aps.shells,,,FALSE,TRUE,Tools/export (core/index.py),
01_vu_khi_dan/Khac_che/chan_artilleryRocket,01_vu_khi_dan,Khac_che,chan_artilleryRocket,7,empty,,,chặn được artilleryRocket: tỷ lệ / có-không (luật trong mã),,,,FALSE,FALSE,Tools/export (core/index.py),
01_vu_khi_dan/Khac_che/chan_artilleryShell,01_vu_khi_dan,Khac_che,chan_artilleryShell,9,empty,,,chặn được artilleryShell: tỷ lệ / có-không (luật trong mã),,,,FALSE,FALSE,Tools/export (core/index.py),
01_vu_khi_dan/Khac_che/chan_bullet,01_vu_khi_dan,Khac_che,chan_bullet,11,empty,,,chặn được bullet: tỷ lệ / có-không (luật trong mã),,,,FALSE,FALSE,Tools/export (core/index.py),
01_vu_khi_dan/Khac_che/chan_directMissile,01_vu_khi_dan,Khac_che,chan_directMissile,4,empty,,,chặn được directMissile: tỷ lệ / có-không (luật trong mã),,,,FALSE,FALSE,Tools/export (core/index.py),
01_vu_khi_dan/Khac_che/chan_directRocket,01_vu_khi_dan,Khac_che,chan_directRocket,6,empty,,,chặn được directRocket: tỷ lệ / có-không (luật trong mã),,,,FALSE,FALSE,Tools/export (core/index.py),
01_vu_khi_dan/Khac_che/chan_drone,01_vu_khi_dan,Khac_che,chan_drone,5,empty,,,chặn được drone: tỷ lệ / có-không (luật trong mã),,,,FALSE,FALSE,Tools/export (core/index.py),
01_vu_khi_dan/Khac_che/chan_energy,01_vu_khi_dan,Khac_che,chan_energy,12,empty,,,chặn được energy: tỷ lệ / có-không (luật trong mã),,,,FALSE,FALSE,Tools/export (core/index.py),
01_vu_khi_dan/Khac_che/chan_mortarShell,01_vu_khi_dan,Khac_che,chan_mortarShell,8,empty,,,chặn được mortarShell: tỷ lệ / có-không (luật trong mã),,,,FALSE,FALSE,Tools/export (core/index.py),
01_vu_khi_dan/Khac_che/chan_tankShell,01_vu_khi_dan,Khac_che,chan_tankShell,10,empty,,,chặn được tankShell: tỷ lệ / có-không (luật trong mã),,,,FALSE,FALSE,Tools/export (core/index.py),
01_vu_khi_dan/Khac_che/he_phong_ve,01_vu_khi_dan,Khac_che,he_phong_ve,3,text,,SELF_APS;POINT_DEFENSE,SELF_APS (tự vệ) / POINT_DEFENSE (che vùng); trống: aps = null (biến thể tắt APS),,,,FALSE,FALSE,Tools/export (core/index.py),
01_vu_khi_dan/Khac_che/id,01_vu_khi_dan,Khac_che,id,1,text,,,id ổn định (khóa chính),,,02_phuong_tien/Xe;03_boss/Boss;04_can_cu_thap/Thap;04_can_cu_thap/Tuong;04_can_cu_thap/Nha_chinh;04_can_cu_thap/Mo_dun_tien_ich,TRUE,FALSE,Tools/export (core/index.py),
01_vu_khi_dan/Khac_che/interception_mode,01_vu_khi_dan,Khac_che,interception_mode,26,text,,,,Assets/MachineBrigade/Resources/Data/balance.json: vehicles[*].interceptionMode,,,FALSE,TRUE,Tools/export (core/index.py),
01_vu_khi_dan/Khac_che/loai_don_vi,01_vu_khi_dan,Khac_che,loai_don_vi,2,text,,,xe / thap / boss / cong_trinh,,,,FALSE,FALSE,Tools/export (core/index.py),
01_vu_khi_dan/Khac_che/nguon,01_vu_khi_dan,Khac_che,nguon,27,text,,,file + khóa nguồn của dòng,,,,,,Tools/export (core/index.py),
01_vu_khi_dan/Khac_che/raw_json,01_vu_khi_dan,Khac_che,raw_json,28,text,,,nguyên bản ghi gốc (JSON),,,,,,Tools/export (core/index.py),
01_vu_khi_dan/Phao_sang/do_nang_cap,01_vu_khi_dan,Phao_sang,do_nang_cap,6,text,,,đồ nâng cấp liên quan (02/Trang_bi_mo_dun),,,,FALSE,FALSE,Tools/export (core/index.py),
01_vu_khi_dan/Phao_sang/flare_charges,01_vu_khi_dan,Phao_sang,flare_charges,12,int,,,,Assets/MachineBrigade/Resources/Data/balance.json: vehicles[*].flareCharges,,,FALSE,TRUE,Tools/export (core/index.py),
01_vu_khi_dan/Phao_sang/flare_charges_sau,01_vu_khi_dan,Phao_sang,flare_charges_sau,9,int,,,flare_charges bây giờ (chỉ điền khi đổi),,,,FALSE,FALSE,Tools/export (core/index.py),
01_vu_khi_dan/Phao_sang/flare_charges_truoc,01_vu_khi_dan,Phao_sang,flare_charges_truoc,8,empty,,,flare_charges ở bản gốc (chỉ điền khi đổi),,,,FALSE,FALSE,Tools/export (core/index.py),
01_vu_khi_dan/Phao_sang/flare_recharge_s,01_vu_khi_dan,Phao_sang,flare_recharge_s,13,int,s,,,Assets/MachineBrigade/Resources/Data/balance.json: vehicles[*].flareRecharge,,,FALSE,TRUE,Tools/export (core/index.py),
01_vu_khi_dan/Phao_sang/flare_recharge_s_sau,01_vu_khi_dan,Phao_sang,flare_recharge_s_sau,11,int,,,flare_recharge_s bây giờ (chỉ điền khi đổi),,,,FALSE,FALSE,Tools/export (core/index.py),
01_vu_khi_dan/Phao_sang/flare_recharge_s_truoc,01_vu_khi_dan,Phao_sang,flare_recharge_s_truoc,10,empty,,,flare_recharge_s ở bản gốc (chỉ điền khi đổi),,,,FALSE,FALSE,Tools/export (core/index.py),
01_vu_khi_dan/Phao_sang/flares_every_s,01_vu_khi_dan,Phao_sang,flares_every_s,14,int,s,,,Assets/MachineBrigade/Resources/Data/balance.json: vehicles[*].flares.every,,,FALSE,TRUE,Tools/export (core/index.py),
01_vu_khi_dan/Phao_sang/flares_radius_m,01_vu_khi_dan,Phao_sang,flares_radius_m,15,int,m,,,Assets/MachineBrigade/Resources/Data/balance.json: vehicles[*].flares.radius,,,FALSE,TRUE,Tools/export (core/index.py),
01_vu_khi_dan/Phao_sang/flares_range_m,01_vu_khi_dan,Phao_sang,flares_range_m,16,int,m,,,Assets/MachineBrigade/Resources/Data/balance.json: vehicles[*].flares.range,,,FALSE,TRUE,Tools/export (core/index.py),
01_vu_khi_dan/Phao_sang/flares_seconds_s,01_vu_khi_dan,Phao_sang,flares_seconds_s,17,int,s,,,Assets/MachineBrigade/Resources/Data/balance.json: vehicles[*].flares.seconds,,,FALSE,TRUE,Tools/export (core/index.py),
01_vu_khi_dan/Phao_sang/id,01_vu_khi_dan,Phao_sang,id,1,text,,,id ổn định (khóa chính),,,02_phuong_tien/Xe;03_boss/Boss;04_can_cu_thap/Thap;04_can_cu_thap/Tuong;04_can_cu_thap/Nha_chinh;04_can_cu_thap/Mo_dun_tien_ich,TRUE,FALSE,Tools/export (core/index.py),
01_vu_khi_dan/Phao_sang/loai_don_vi,01_vu_khi_dan,Phao_sang,loai_don_vi,2,text,,,xe / thap / boss / cong_trinh,,,,FALSE,FALSE,Tools/export (core/index.py),
01_vu_khi_dan/Phao_sang/mo_hinh,01_vu_khi_dan,Phao_sang,mo_hinh,3,text,,,model GLB của đơn vị (Resources/Models),,,,FALSE,FALSE,Tools/export (core/index.py),
01_vu_khi_dan/Phao_sang/nguon,01_vu_khi_dan,Phao_sang,nguon,18,text,,,file + khóa nguồn của dòng,,,,,,Tools/export (core/index.py),
01_vu_khi_dan/Phao_sang/raw_json,01_vu_khi_dan,Phao_sang,raw_json,19,text,,,nguyên bản ghi gốc (JSON),,,,,,Tools/export (core/index.py),
01_vu_khi_dan/Phao_sang/so_mount_flare,01_vu_khi_dan,Phao_sang,so_mount_flare,4,int,,,"số nút Mount_Flare trong GLB (đọc từ model, chỉ để xem)",,,,FALSE,FALSE,Tools/export (core/index.py),
01_vu_khi_dan/Phao_sang/so_qua_moi_lan,01_vu_khi_dan,Phao_sang,so_qua_moi_lan,5,empty,,,số quả hình ảnh mỗi lần thả (munitionRules.flareRelease theo lớp; lớp chọn trong mã),,,,FALSE,FALSE,Tools/export (core/index.py),
01_vu_khi_dan/Phao_sang/so_voi_ban_goc,01_vu_khi_dan,Phao_sang,so_voi_ban_goc,7,text,,giong;doi;moi,so với bản gốc (Phien_ban.ban_goc): giong / doi / moi (chưa có ở bản gốc),,,,FALSE,FALSE,Tools/export (core/index.py),
01_vu_khi_dan/Vu_khi/ammo,01_vu_khi_dan,Vu_khi,ammo,82,int,,,,Assets/MachineBrigade/Resources/Data/balance.json: weapons[*].ammo,,,FALSE,TRUE,Tools/export (core/index.py),
01_vu_khi_dan/Vu_khi/aps_eligible,01_vu_khi_dan,Vu_khi,aps_eligible,83,bool,,,,Assets/MachineBrigade/Resources/Data/balance.json: weapons[*].apsEligible,,,FALSE,TRUE,Tools/export (core/index.py),
01_vu_khi_dan/Vu_khi/bac_co,01_vu_khi_dan,Vu_khi,bac_co,33,text,,T0;T1;T2;T3;T4;T5,bậc cỡ T0-T5 (weaponFamilyTable[ho_id].tier),,,,FALSE,FALSE,Tools/export (core/index.py),
01_vu_khi_dan/Vu_khi/bac_no,01_vu_khi_dan,Vu_khi,bac_no,32,text,,,"bậc hình ảnh vụ nổ (ExplosionTier) [giá trị game: impactTier, mặc định '']","Assets/MachineBrigade/Resources/Data/balance.json: weapons[*].impactTier sau inherits + weaponFamily (Catalog.Inherited, WeaponFamilies)",,,FALSE,FALSE,Tools/export (core/index.py),
01_vu_khi_dan/Vu_khi/bang_dan,01_vu_khi_dan,Vu_khi,bang_dan,19,int,,,"số viên một băng (0: không băng) [giá trị game: clip, mặc định 0]","Assets/MachineBrigade/Resources/Data/balance.json: weapons[*].clip sau inherits + weaponFamily (Catalog.Inherited, WeaponFamilies)",,,FALSE,FALSE,Tools/export (core/index.py),
01_vu_khi_dan/Vu_khi/bang_dan_sau,01_vu_khi_dan,Vu_khi,bang_dan_sau,75,empty,,,bang_dan bây giờ (chỉ điền khi đổi),,,,FALSE,FALSE,Tools/export (core/index.py),
01_vu_khi_dan/Vu_khi/bang_dan_truoc,01_vu_khi_dan,Vu_khi,bang_dan_truoc,74,empty,,,bang_dan ở bản gốc (chỉ điền khi đổi),,,,FALSE,FALSE,Tools/export (core/index.py),
01_vu_khi_dan/Vu_khi/barrels,01_vu_khi_dan,Vu_khi,barrels,84,int,,,,"Assets/MachineBrigade/Resources/Data/balance.json: secondRounds.rounds[*].barrels, weapons[*].barrels",,,FALSE,TRUE,Tools/export (core/index.py),
01_vu_khi_dan/Vu_khi/beam,01_vu_khi_dan,Vu_khi,beam,85,bool,,,,Assets/MachineBrigade/Resources/Data/balance.json: weapons[*].beam,,,FALSE,TRUE,Tools/export (core/index.py),
01_vu_khi_dan/Vu_khi/bien_the_id,01_vu_khi_dan,Vu_khi,bien_the_id,4,text,,,"biến thể trong họ [giá trị game: weaponVariantId, mặc định '']","Assets/MachineBrigade/Resources/Data/balance.json: weapons[*].weaponVariantId sau inherits + weaponFamily (Catalog.Inherited, WeaponFamilies)",,,FALSE,FALSE,Tools/export (core/index.py),
01_vu_khi_dan/Vu_khi/big_game,01_vu_khi_dan,Vu_khi,big_game,86,bool,,,,Assets/MachineBrigade/Resources/Data/balance.json: weapons[*].bigGame,,,FALSE,TRUE,Tools/export (core/index.py),
01_vu_khi_dan/Vu_khi/bonuses,01_vu_khi_dan,Vu_khi,bonuses,87,list,,,,"Assets/MachineBrigade/Resources/Data/balance.json: secondRounds.rounds[*].bonuses, weapons[*].bonuses",,,FALSE,TRUE,Tools/export (core/index.py),
01_vu_khi_dan/Vu_khi/burst,01_vu_khi_dan,Vu_khi,burst,88,int,,,,"Assets/MachineBrigade/Resources/Data/balance.json: secondRounds.rounds[*].burst, weapons[*].burst",,,FALSE,TRUE,Tools/export (core/index.py),
01_vu_khi_dan/Vu_khi/burst_interval_s,01_vu_khi_dan,Vu_khi,burst_interval_s,89,number,s,,,Assets/MachineBrigade/Resources/Data/balance.json: weapons[*].burstInterval,,,FALSE,TRUE,Tools/export (core/index.py),
01_vu_khi_dan/Vu_khi/caliber_mm,01_vu_khi_dan,Vu_khi,caliber_mm,90,number,mm,,,Assets/MachineBrigade/Resources/Data/balance.json: weapons[*].caliberMm,,,FALSE,TRUE,Tools/export (core/index.py),
01_vu_khi_dan/Vu_khi/ceiling_m,01_vu_khi_dan,Vu_khi,ceiling_m,91,text,m,,,Assets/MachineBrigade/Resources/Data/balance.json: weapons[*].ceiling,,,FALSE,TRUE,Tools/export (core/index.py),
01_vu_khi_dan/Vu_khi/charge,01_vu_khi_dan,Vu_khi,charge,92,number,,,,Assets/MachineBrigade/Resources/Data/balance.json: weapons[*].charge,,,FALSE,TRUE,Tools/export (core/index.py),
01_vu_khi_dan/Vu_khi/che_do_nong,01_vu_khi_dan,Vu_khi,che_do_nong,15,text,,,"SIMULTANEOUS / RIPPLE [giá trị game: salvoMode, mặc định 'RIPPLE']","Assets/MachineBrigade/Resources/Data/balance.json: weapons[*].salvoMode sau inherits + weaponFamily (Catalog.Inherited, WeaponFamilies)",,,FALSE,FALSE,Tools/export (core/index.py),
01_vu_khi_dan/Vu_khi/che_do_nong_sau,01_vu_khi_dan,Vu_khi,che_do_nong_sau,69,text,,,che_do_nong bây giờ (chỉ điền khi đổi),,,,FALSE,FALSE,Tools/export (core/index.py),
01_vu_khi_dan/Vu_khi/che_do_nong_truoc,01_vu_khi_dan,Vu_khi,che_do_nong_truoc,68,text,,,che_do_nong ở bản gốc (chỉ điền khi đổi),,,,FALSE,FALSE,Tools/export (core/index.py),
01_vu_khi_dan/Vu_khi/clip,01_vu_khi_dan,Vu_khi,clip,93,int,,,,Assets/MachineBrigade/Resources/Data/balance.json: weapons[*].clip,,,FALSE,TRUE,Tools/export (core/index.py),
01_vu_khi_dan/Vu_khi/clip_reload_s,01_vu_khi_dan,Vu_khi,clip_reload_s,94,number,s,,,Assets/MachineBrigade/Resources/Data/balance.json: weapons[*].clipReload,,,FALSE,TRUE,Tools/export (core/index.py),
01_vu_khi_dan/Vu_khi/cluster_count,01_vu_khi_dan,Vu_khi,cluster_count,95,int,,,,Assets/MachineBrigade/Resources/Data/balance.json: weapons[*].cluster.count,,,FALSE,TRUE,Tools/export (core/index.py),
01_vu_khi_dan/Vu_khi/cluster_damage,01_vu_khi_dan,Vu_khi,cluster_damage,96,int,,,,Assets/MachineBrigade/Resources/Data/balance.json: weapons[*].cluster.damage,,,FALSE,TRUE,Tools/export (core/index.py),
01_vu_khi_dan/Vu_khi/cluster_pen,01_vu_khi_dan,Vu_khi,cluster_pen,97,int,,,,Assets/MachineBrigade/Resources/Data/balance.json: weapons[*].cluster.pen,,,FALSE,TRUE,Tools/export (core/index.py),
01_vu_khi_dan/Vu_khi/cluster_radius_m,01_vu_khi_dan,Vu_khi,cluster_radius_m,98,number,m,,,Assets/MachineBrigade/Resources/Data/balance.json: weapons[*].cluster.radius,,,FALSE,TRUE,Tools/export (core/index.py),
01_vu_khi_dan/Vu_khi/cluster_splash_m,01_vu_khi_dan,Vu_khi,cluster_splash_m,99,number,m,,,Assets/MachineBrigade/Resources/Data/balance.json: weapons[*].cluster.splash,,,FALSE,TRUE,Tools/export (core/index.py),
01_vu_khi_dan/Vu_khi/cluster_tier,01_vu_khi_dan,Vu_khi,cluster_tier,100,text,,,,Assets/MachineBrigade/Resources/Data/balance.json: weapons[*].cluster.tier,,,FALSE,TRUE,Tools/export (core/index.py),
01_vu_khi_dan/Vu_khi/co_mm,01_vu_khi_dan,Vu_khi,co_mm,7,number,mm,,"cỡ nòng hiển thị [giá trị game: caliberMm, mặc định '']","Assets/MachineBrigade/Resources/Data/balance.json: weapons[*].caliberMm sau inherits + weaponFamily (Catalog.Inherited, WeaponFamilies)",,,FALSE,FALSE,Tools/export (core/index.py),
01_vu_khi_dan/Vu_khi/co_vong_canh_bao,01_vu_khi_dan,Vu_khi,co_vong_canh_bao,41,empty,,,"có vòng cảnh báo (công thức trong mã, warningRules)",,,,FALSE,FALSE,Tools/export (core/index.py),
01_vu_khi_dan/Vu_khi/cong_suat_kw,01_vu_khi_dan,Vu_khi,cong_suat_kw,9,int,kW,,"công suất (la-de) [giá trị game: powerKw, mặc định '']","Assets/MachineBrigade/Resources/Data/balance.json: weapons[*].powerKw sau inherits + weaponFamily (Catalog.Inherited, WeaponFamilies)",,,FALSE,FALSE,Tools/export (core/index.py),
01_vu_khi_dan/Vu_khi/cooldown_s,01_vu_khi_dan,Vu_khi,cooldown_s,101,number,s,,,Assets/MachineBrigade/Resources/Data/balance.json: weapons[*].cooldown,,,FALSE,TRUE,Tools/export (core/index.py),
01_vu_khi_dan/Vu_khi/cua_ai,01_vu_khi_dan,Vu_khi,cua_ai,36,text,,,loại đơn vị mang: xe / thap / boss / cong_trinh / boss_part,,,,FALSE,FALSE,Tools/export (core/index.py),
01_vu_khi_dan/Vu_khi/damage,01_vu_khi_dan,Vu_khi,damage,102,number,,,,"Assets/MachineBrigade/Resources/Data/balance.json: secondRounds.rounds[*].damage, weapons[*].damage",,,FALSE,TRUE,Tools/export (core/index.py),
01_vu_khi_dan/Vu_khi/damage_type,01_vu_khi_dan,Vu_khi,damage_type,103,text,,,,"Assets/MachineBrigade/Resources/Data/balance.json: secondRounds.rounds[*].damageType, weapons[*].damageType",,,FALSE,TRUE,Tools/export (core/index.py),
01_vu_khi_dan/Vu_khi/dan_thay_the,01_vu_khi_dan,Vu_khi,dan_thay_the,35,text,,,đạn thay thế: he; air; đạn thứ hai có roundOf = vũ khí này (Dan_thay_the),,,01_vu_khi_dan/Vu_khi,FALSE,FALSE,Tools/export (core/index.py),
01_vu_khi_dan/Vu_khi/dang_dan,01_vu_khi_dan,Vu_khi,dang_dan,13,text,,,"dạng đạn (ProjectileKind) [giá trị game: projectile, mặc định 'Shell']","Assets/MachineBrigade/Resources/Data/balance.json: weapons[*].projectile sau inherits + weaponFamily (Catalog.Inherited, WeaponFamilies)",,,FALSE,FALSE,Tools/export (core/index.py),
01_vu_khi_dan/Vu_khi/dang_dan_sau,01_vu_khi_dan,Vu_khi,dang_dan_sau,79,empty,,,dang_dan bây giờ (chỉ điền khi đổi),,,,FALSE,FALSE,Tools/export (core/index.py),
01_vu_khi_dan/Vu_khi/dang_dan_truoc,01_vu_khi_dan,Vu_khi,dang_dan_truoc,78,empty,,,dang_dan ở bản gốc (chỉ điền khi đổi),,,,FALSE,FALSE,Tools/export (core/index.py),
01_vu_khi_dan/Vu_khi/dau_no_kg,01_vu_khi_dan,Vu_khi,dau_no_kg,8,number,kg,,"khối lượng đầu nổ hiển thị [giá trị game: warheadKg, mặc định '']","Assets/MachineBrigade/Resources/Data/balance.json: weapons[*].warheadKg sau inherits + weaponFamily (Catalog.Inherited, WeaponFamilies)",,,FALSE,FALSE,Tools/export (core/index.py),
01_vu_khi_dan/Vu_khi/do_tan,01_vu_khi_dan,Vu_khi,do_tan,31,number,,,"độ tản (đơn vị trong mã: xem Don_vi_chua_ro) [giá trị game: spread, mặc định 0.0]","Assets/MachineBrigade/Resources/Data/balance.json: weapons[*].spread sau inherits + weaponFamily (Catalog.Inherited, WeaponFamilies)",,,FALSE,FALSE,Tools/export (core/index.py),
01_vu_khi_dan/Vu_khi/dong_vu_khi_id,01_vu_khi_dan,Vu_khi,dong_vu_khi_id,5,text,,,"dòng vũ khí thật (Dong_vu_khi): tốc độ đạn, cỡ nổ, mẫu đạn chung [giá trị game: weaponFamily, mặc định '']","Assets/MachineBrigade/Resources/Data/balance.json: weapons[*].weaponFamily sau inherits + weaponFamily (Catalog.Inherited, WeaponFamilies)",,01_vu_khi_dan/Dong_vu_khi,FALSE,FALSE,Tools/export (core/index.py),
01_vu_khi_dan/Vu_khi/edge_m,01_vu_khi_dan,Vu_khi,edge_m,104,int,m,,,"Assets/MachineBrigade/Resources/Data/balance.json: secondRounds.rounds[*].edge, weapons[*].edge",,,FALSE,TRUE,Tools/export (core/index.py),
01_vu_khi_dan/Vu_khi/elite,01_vu_khi_dan,Vu_khi,elite,105,bool,,,,Assets/MachineBrigade/Resources/Data/balance.json: secondRounds.rounds[*].elite,,,FALSE,TRUE,Tools/export (core/index.py),
01_vu_khi_dan/Vu_khi/energy_mj,01_vu_khi_dan,Vu_khi,energy_mj,106,int,MJ,,,Assets/MachineBrigade/Resources/Data/balance.json: weapons[*].energyMj,,,FALSE,TRUE,Tools/export (core/index.py),
01_vu_khi_dan/Vu_khi/family,01_vu_khi_dan,Vu_khi,family,107,text,,,,Assets/MachineBrigade/Resources/Data/balance.json: weapons[*].family,,,FALSE,TRUE,Tools/export (core/index.py),
01_vu_khi_dan/Vu_khi/flare_eligible,01_vu_khi_dan,Vu_khi,flare_eligible,108,bool,,,,Assets/MachineBrigade/Resources/Data/balance.json: weapons[*].flareEligible,,,FALSE,TRUE,Tools/export (core/index.py),
01_vu_khi_dan/Vu_khi/flare_resist,01_vu_khi_dan,Vu_khi,flare_resist,109,number,,,,Assets/MachineBrigade/Resources/Data/balance.json: weapons[*].flareResist,,,FALSE,TRUE,Tools/export (core/index.py),
01_vu_khi_dan/Vu_khi/for,01_vu_khi_dan,Vu_khi,for,110,list,,,,Assets/MachineBrigade/Resources/Data/balance.json: secondRounds.rounds[*].for[*],,,FALSE,TRUE,Tools/export (core/index.py),
01_vu_khi_dan/Vu_khi/form,01_vu_khi_dan,Vu_khi,form,111,text,,,,"Assets/MachineBrigade/Resources/Data/balance.json: secondRounds.rounds[*].form, weapons[*].form",,,FALSE,TRUE,Tools/export (core/index.py),
01_vu_khi_dan/Vu_khi/glides,01_vu_khi_dan,Vu_khi,glides,112,bool,,,,Assets/MachineBrigade/Resources/Data/balance.json: weapons[*].glides,,,FALSE,TRUE,Tools/export (core/index.py),
01_vu_khi_dan/Vu_khi/ground_range_m,01_vu_khi_dan,Vu_khi,ground_range_m,113,int,m,,,Assets/MachineBrigade/Resources/Data/balance.json: weapons[*].groundRange,,,FALSE,TRUE,Tools/export (core/index.py),
01_vu_khi_dan/Vu_khi/group_priority,01_vu_khi_dan,Vu_khi,group_priority,114,bool,,,,Assets/MachineBrigade/Resources/Data/balance.json: weapons[*].groupPriority,,,FALSE,TRUE,Tools/export (core/index.py),
01_vu_khi_dan/Vu_khi/guided,01_vu_khi_dan,Vu_khi,guided,115,bool,,,,"Assets/MachineBrigade/Resources/Data/balance.json: secondRounds.rounds[*].guided, weapons[*].guided",,,FALSE,TRUE,Tools/export (core/index.py),
01_vu_khi_dan/Vu_khi/he,01_vu_khi_dan,Vu_khi,he,116,text,,,,Assets/MachineBrigade/Resources/Data/balance.json: weapons[*].he,,,FALSE,TRUE,Tools/export (core/index.py),
01_vu_khi_dan/Vu_khi/ho_id,01_vu_khi_dan,Vu_khi,ho_id,3,text,,,"họ vũ khí (Ho_vu_khi) [giá trị game: weaponFamilyId, mặc định '']","Assets/MachineBrigade/Resources/Data/balance.json: weapons[*].weaponFamilyId sau inherits + weaponFamily (Catalog.Inherited, WeaponFamilies)",,01_vu_khi_dan/Ho_vu_khi,FALSE,FALSE,Tools/export (core/index.py),
01_vu_khi_dan/Vu_khi/id,01_vu_khi_dan,Vu_khi,id,1,text,,,id ổn định (khóa chính),"Assets/MachineBrigade/Resources/Data/balance.json: secondRounds.rounds[*].id, weapons[*].id",,,TRUE,FALSE,Tools/export (core/index.py),
01_vu_khi_dan/Vu_khi/impact_scale,01_vu_khi_dan,Vu_khi,impact_scale,117,number,,,,Assets/MachineBrigade/Resources/Data/balance.json: weapons[*].impactScale,,,FALSE,TRUE,Tools/export (core/index.py),
01_vu_khi_dan/Vu_khi/impact_tier,01_vu_khi_dan,Vu_khi,impact_tier,118,text,,,,"Assets/MachineBrigade/Resources/Data/balance.json: secondRounds.rounds[*].impactTier, weapons[*].impactTier",,,FALSE,TRUE,Tools/export (core/index.py),
01_vu_khi_dan/Vu_khi/inherits,01_vu_khi_dan,Vu_khi,inherits,119,text,,,,"Assets/MachineBrigade/Resources/Data/balance.json: secondRounds.rounds[*].inherits, weapons[*].inherits",,,FALSE,TRUE,Tools/export (core/index.py),
01_vu_khi_dan/Vu_khi/intercept_only,01_vu_khi_dan,Vu_khi,intercept_only,120,bool,,,,Assets/MachineBrigade/Resources/Data/balance.json: weapons[*].interceptOnly,,,FALSE,TRUE,Tools/export (core/index.py),
01_vu_khi_dan/Vu_khi/interceptable,01_vu_khi_dan,Vu_khi,interceptable,121,bool,,,,Assets/MachineBrigade/Resources/Data/balance.json: weapons[*].interceptable,,,FALSE,TRUE,Tools/export (core/index.py),
01_vu_khi_dan/Vu_khi/jam_proof,01_vu_khi_dan,Vu_khi,jam_proof,122,bool,,,,Assets/MachineBrigade/Resources/Data/balance.json: weapons[*].jamProof,,,FALSE,TRUE,Tools/export (core/index.py),
01_vu_khi_dan/Vu_khi/ke_thua_tu,01_vu_khi_dan,Vu_khi,ke_thua_tu,34,text,,,vũ khí cha (inherits),,,01_vu_khi_dan/Vu_khi,FALSE,FALSE,Tools/export (core/index.py),
01_vu_khi_dan/Vu_khi/khoang_phat_trong_loat_s,01_vu_khi_dan,Vu_khi,khoang_phat_trong_loat_s,17,number,s,,"khoảng giữa hai phát trong loạt [giá trị game: burstInterval, mặc định 0.1]","Assets/MachineBrigade/Resources/Data/balance.json: weapons[*].burstInterval sau inherits + weaponFamily (Catalog.Inherited, WeaponFamilies)",,,FALSE,FALSE,Tools/export (core/index.py),
01_vu_khi_dan/Vu_khi/khoang_phat_trong_loat_s_sau,01_vu_khi_dan,Vu_khi,khoang_phat_trong_loat_s_sau,65,number,,,khoang_phat_trong_loat_s bây giờ (chỉ điền khi đổi),,,,FALSE,FALSE,Tools/export (core/index.py),
01_vu_khi_dan/Vu_khi/khoang_phat_trong_loat_s_truoc,01_vu_khi_dan,Vu_khi,khoang_phat_trong_loat_s_truoc,64,number,,,khoang_phat_trong_loat_s ở bản gốc (chỉ điền khi đổi),,,,FALSE,FALSE,Tools/export (core/index.py),
01_vu_khi_dan/Vu_khi/laid,01_vu_khi_dan,Vu_khi,laid,123,bool,,,,Assets/MachineBrigade/Resources/Data/balance.json: weapons[*].laid,,,FALSE,TRUE,Tools/export (core/index.py),
01_vu_khi_dan/Vu_khi/lech_nong_s,01_vu_khi_dan,Vu_khi,lech_nong_s,42,empty,s,,lệch giữa các nòng RIPPLE (hằng số trong mã),,,,FALSE,FALSE,Tools/export (core/index.py),
01_vu_khi_dan/Vu_khi/load,01_vu_khi_dan,Vu_khi,load,124,int,,,,Assets/MachineBrigade/Resources/Data/balance.json: weapons[*].load,,,FALSE,TRUE,Tools/export (core/index.py),
01_vu_khi_dan/Vu_khi/loai_sat_thuong,01_vu_khi_dan,Vu_khi,loai_sat_thuong,11,text,,,"loại sát thương (Bang_sat_thuong) [giá trị game: damageType, mặc định '']","Assets/MachineBrigade/Resources/Data/balance.json: weapons[*].damageType sau inherits + weaponFamily (Catalog.Inherited, WeaponFamilies)",,,FALSE,FALSE,Tools/export (core/index.py),
01_vu_khi_dan/Vu_khi/loai_sat_thuong_sau,01_vu_khi_dan,Vu_khi,loai_sat_thuong_sau,73,empty,,,loai_sat_thuong bây giờ (chỉ điền khi đổi),,,,FALSE,FALSE,Tools/export (core/index.py),
01_vu_khi_dan/Vu_khi/loai_sat_thuong_truoc,01_vu_khi_dan,Vu_khi,loai_sat_thuong_truoc,72,empty,,,loai_sat_thuong ở bản gốc (chỉ điền khi đổi),,,,FALSE,FALSE,Tools/export (core/index.py),
01_vu_khi_dan/Vu_khi/lofted,01_vu_khi_dan,Vu_khi,lofted,125,bool,,,,Assets/MachineBrigade/Resources/Data/balance.json: weapons[*].lofted,,,FALSE,TRUE,Tools/export (core/index.py),
01_vu_khi_dan/Vu_khi/loi_m,01_vu_khi_dan,Vu_khi,loi_m,24,number,m,,"bán kính lõi nổ [giá trị game: splash, mặc định 0.0]","Assets/MachineBrigade/Resources/Data/balance.json: weapons[*].splash sau inherits + weaponFamily (Catalog.Inherited, WeaponFamilies)",,,FALSE,FALSE,Tools/export (core/index.py),
01_vu_khi_dan/Vu_khi/loi_m_sau,01_vu_khi_dan,Vu_khi,loi_m_sau,57,number,,,loi_m bây giờ (chỉ điền khi đổi),,,,FALSE,FALSE,Tools/export (core/index.py),
01_vu_khi_dan/Vu_khi/loi_m_truoc,01_vu_khi_dan,Vu_khi,loi_m_truoc,56,number,,,loi_m ở bản gốc (chỉ điền khi đổi),,,,FALSE,FALSE,Tools/export (core/index.py),
01_vu_khi_dan/Vu_khi/ly_do_sua,01_vu_khi_dan,Vu_khi,ly_do_sua,48,text,,,lý do sửa nhịp / số (Tools/balance/fix_weapon_reasons.json),Tools/balance/fix_weapon_reasons.json: 63 mẫu,,,FALSE,FALSE,Tools/export (core/index.py),
01_vu_khi_dan/Vu_khi/mang_boi,01_vu_khi_dan,Vu_khi,mang_boi,37,text,,,id đơn vị mang (ngăn ';'),,,02_phuong_tien/Xe;03_boss/Boss;04_can_cu_thap/Thap;04_can_cu_thap/Tuong;04_can_cu_thap/Nha_chinh;04_can_cu_thap/Mo_dun_tien_ich;03_boss/Boss_bo_phan_thu_vien,FALSE,FALSE,Tools/export (core/index.py),
01_vu_khi_dan/Vu_khi/melee,01_vu_khi_dan,Vu_khi,melee,126,bool,,,,Assets/MachineBrigade/Resources/Data/balance.json: weapons[*].melee,,,FALSE,TRUE,Tools/export (core/index.py),
01_vu_khi_dan/Vu_khi/min_range_m,01_vu_khi_dan,Vu_khi,min_range_m,127,int,m,,,Assets/MachineBrigade/Resources/Data/balance.json: weapons[*].minRange,,,FALSE,TRUE,Tools/export (core/index.py),
01_vu_khi_dan/Vu_khi/min_reach_m,01_vu_khi_dan,Vu_khi,min_reach_m,128,int,m,,,Assets/MachineBrigade/Resources/Data/balance.json: weapons[*].minReach,,,FALSE,TRUE,Tools/export (core/index.py),
01_vu_khi_dan/Vu_khi/mrsi,01_vu_khi_dan,Vu_khi,mrsi,129,bool,,,,Assets/MachineBrigade/Resources/Data/balance.json: weapons[*].mrsi,,,FALSE,TRUE,Tools/export (core/index.py),
01_vu_khi_dan/Vu_khi/muc_tieu,01_vu_khi_dan,Vu_khi,muc_tieu,29,text,,,"lớp mục tiêu (Ground / Air / All...) [giá trị game: targets, mặc định 'Ground']","Assets/MachineBrigade/Resources/Data/balance.json: weapons[*].targets sau inherits + weaponFamily (Catalog.Inherited, WeaponFamilies)",,,FALSE,FALSE,Tools/export (core/index.py),
01_vu_khi_dan/Vu_khi/muc_tieu_sau,01_vu_khi_dan,Vu_khi,muc_tieu_sau,81,text,,,muc_tieu bây giờ (chỉ điền khi đổi),,,,FALSE,FALSE,Tools/export (core/index.py),
01_vu_khi_dan/Vu_khi/muc_tieu_truoc,01_vu_khi_dan,Vu_khi,muc_tieu_truoc,80,text,,,muc_tieu ở bản gốc (chỉ điền khi đổi),,,,FALSE,FALSE,Tools/export (core/index.py),
01_vu_khi_dan/Vu_khi/nang_luong_mj,01_vu_khi_dan,Vu_khi,nang_luong_mj,10,int,MJ,,"năng lượng (pháo điện từ) [giá trị game: energyMj, mặc định '']","Assets/MachineBrigade/Resources/Data/balance.json: weapons[*].energyMj sau inherits + weaponFamily (Catalog.Inherited, WeaponFamilies)",,,FALSE,FALSE,Tools/export (core/index.py),
01_vu_khi_dan/Vu_khi/nap_bang_s,01_vu_khi_dan,Vu_khi,nap_bang_s,20,number,s,,"thời gian thay băng [giá trị game: clipReload, mặc định 0.0]","Assets/MachineBrigade/Resources/Data/balance.json: weapons[*].clipReload sau inherits + weaponFamily (Catalog.Inherited, WeaponFamilies)",,,FALSE,FALSE,Tools/export (core/index.py),
01_vu_khi_dan/Vu_khi/nap_bang_s_sau,01_vu_khi_dan,Vu_khi,nap_bang_s_sau,77,number,,,nap_bang_s bây giờ (chỉ điền khi đổi),,,,FALSE,FALSE,Tools/export (core/index.py),
01_vu_khi_dan/Vu_khi/nap_bang_s_truoc,01_vu_khi_dan,Vu_khi,nap_bang_s_truoc,76,number,,,nap_bang_s ở bản gốc (chỉ điền khi đổi),,,,FALSE,FALSE,Tools/export (core/index.py),
01_vu_khi_dan/Vu_khi/nap_lai_kho_s,01_vu_khi_dan,Vu_khi,nap_lai_kho_s,22,number,s,,"thời gian nạp lại kho đạn [giá trị game: reload, mặc định 0.0]","Assets/MachineBrigade/Resources/Data/balance.json: weapons[*].reload sau inherits + weaponFamily (Catalog.Inherited, WeaponFamilies)",,,FALSE,FALSE,Tools/export (core/index.py),
01_vu_khi_dan/Vu_khi/ngoai_doi_loai,01_vu_khi_dan,Vu_khi,ngoai_doi_loai,46,text,,,"loại trong bảng REAL (mg, ac, aa, gun, rocket, missile, bomb, drone)",,,,FALSE,FALSE,Tools/export (core/index.py),
01_vu_khi_dan/Vu_khi/ngoai_doi_nguon,01_vu_khi_dan,Vu_khi,ngoai_doi_nguon,47,text,,,nguồn của nhịp ngoài đời (bảng REAL); NEED_SOURCE nếu không có,,,,FALSE,FALSE,Tools/export (core/index.py),
01_vu_khi_dan/Vu_khi/ngoai_doi_phat_phut_duy_tri,01_vu_khi_dan,Vu_khi,ngoai_doi_phat_phut_duy_tri,45,number,phát/phút,,nhịp thực tế / duy trì ngoài đời (bảng REAL),,,,FALSE,FALSE,Tools/export (core/index.py),
01_vu_khi_dan/Vu_khi/ngoai_doi_phat_phut_toi_da,01_vu_khi_dan,Vu_khi,ngoai_doi_phat_phut_toi_da,44,number,phát/phút,,nhịp tối đa ngoài đời (bảng REAL của Tools/balance/full_weapon_audit.py),,,,FALSE,FALSE,Tools/export (core/index.py),
01_vu_khi_dan/Vu_khi/nguon,01_vu_khi_dan,Vu_khi,nguon,164,text,,,file + khóa nguồn của dòng,,,,,,Tools/export (core/index.py),
01_vu_khi_dan/Vu_khi/nhom,01_vu_khi_dan,Vu_khi,nhom,6,text,,,"nhóm vũ khí (mg, tank_gun, rocket...) [giá trị game: family, mặc định '']","Assets/MachineBrigade/Resources/Data/balance.json: weapons[*].family sau inherits + weaponFamily (Catalog.Inherited, WeaponFamilies)",,,FALSE,FALSE,Tools/export (core/index.py),
01_vu_khi_dan/Vu_khi/one_at_a_time,01_vu_khi_dan,Vu_khi,one_at_a_time,130,bool,,,,Assets/MachineBrigade/Resources/Data/balance.json: weapons[*].oneAtATime,,,FALSE,TRUE,Tools/export (core/index.py),
01_vu_khi_dan/Vu_khi/pen,01_vu_khi_dan,Vu_khi,pen,131,int,,,,"Assets/MachineBrigade/Resources/Data/balance.json: secondRounds.rounds[*].pen, weapons[*].pen",,,FALSE,TRUE,Tools/export (core/index.py),
01_vu_khi_dan/Vu_khi/pierce,01_vu_khi_dan,Vu_khi,pierce,132,bool,,,,Assets/MachineBrigade/Resources/Data/balance.json: weapons[*].pierce,,,FALSE,TRUE,Tools/export (core/index.py),
01_vu_khi_dan/Vu_khi/pierce_max,01_vu_khi_dan,Vu_khi,pierce_max,133,int,,,,Assets/MachineBrigade/Resources/Data/balance.json: weapons[*].pierceMax,,,FALSE,TRUE,Tools/export (core/index.py),
01_vu_khi_dan/Vu_khi/piercing,01_vu_khi_dan,Vu_khi,piercing,134,bool,,,,"Assets/MachineBrigade/Resources/Data/balance.json: secondRounds.rounds[*].piercing, weapons[*].piercing",,,FALSE,TRUE,Tools/export (core/index.py),
01_vu_khi_dan/Vu_khi/power_kw,01_vu_khi_dan,Vu_khi,power_kw,135,int,kW,,,Assets/MachineBrigade/Resources/Data/balance.json: weapons[*].powerKw,,,FALSE,TRUE,Tools/export (core/index.py),
01_vu_khi_dan/Vu_khi/prey,01_vu_khi_dan,Vu_khi,prey,136,text,,,,Assets/MachineBrigade/Resources/Data/balance.json: weapons[*].prey,,,FALSE,TRUE,Tools/export (core/index.py),
01_vu_khi_dan/Vu_khi/projectile,01_vu_khi_dan,Vu_khi,projectile,137,text,,,,Assets/MachineBrigade/Resources/Data/balance.json: weapons[*].projectile,,,FALSE,TRUE,Tools/export (core/index.py),
01_vu_khi_dan/Vu_khi/projectile_model,01_vu_khi_dan,Vu_khi,projectile_model,138,text,,,,Assets/MachineBrigade/Resources/Data/balance.json: weapons[*].projectileModel,,,FALSE,TRUE,Tools/export (core/index.py),
01_vu_khi_dan/Vu_khi/projectile_scale,01_vu_khi_dan,Vu_khi,projectile_scale,139,number,,,,Assets/MachineBrigade/Resources/Data/balance.json: weapons[*].projectileScale,,,FALSE,TRUE,Tools/export (core/index.py),
01_vu_khi_dan/Vu_khi/projectile_speed_m_s,01_vu_khi_dan,Vu_khi,projectile_speed_m_s,140,int,m/s,,,"Assets/MachineBrigade/Resources/Data/balance.json: secondRounds.rounds[*].projectileSpeed, weapons[*].projectileSpeed",,,FALSE,TRUE,Tools/export (core/index.py),
01_vu_khi_dan/Vu_khi/ramp_from,01_vu_khi_dan,Vu_khi,ramp_from,141,number,,,,Assets/MachineBrigade/Resources/Data/balance.json: weapons[*].ramp.from,,,FALSE,TRUE,Tools/export (core/index.py),
01_vu_khi_dan/Vu_khi/ramp_grace_s,01_vu_khi_dan,Vu_khi,ramp_grace_s,142,number,s,,,Assets/MachineBrigade/Resources/Data/balance.json: weapons[*].ramp.grace,,,FALSE,TRUE,Tools/export (core/index.py),
01_vu_khi_dan/Vu_khi/ramp_seconds_s,01_vu_khi_dan,Vu_khi,ramp_seconds_s,143,int,s,,,Assets/MachineBrigade/Resources/Data/balance.json: weapons[*].ramp.seconds,,,FALSE,TRUE,Tools/export (core/index.py),
01_vu_khi_dan/Vu_khi/ramp_to,01_vu_khi_dan,Vu_khi,ramp_to,144,number,,,,Assets/MachineBrigade/Resources/Data/balance.json: weapons[*].ramp.to,,,FALSE,TRUE,Tools/export (core/index.py),
01_vu_khi_dan/Vu_khi/range_m,01_vu_khi_dan,Vu_khi,range_m,145,int,m,,,Assets/MachineBrigade/Resources/Data/balance.json: weapons[*].range,,,FALSE,TRUE,Tools/export (core/index.py),
01_vu_khi_dan/Vu_khi/raw_json,01_vu_khi_dan,Vu_khi,raw_json,165,text,,,nguyên bản ghi gốc (JSON),,,,,,Tools/export (core/index.py),
01_vu_khi_dan/Vu_khi/real,01_vu_khi_dan,Vu_khi,real,146,text,,,,"Assets/MachineBrigade/Resources/Data/balance.json: secondRounds.rounds[*].real, weapons[*].real",,,FALSE,TRUE,Tools/export (core/index.py),
01_vu_khi_dan/Vu_khi/reload_s,01_vu_khi_dan,Vu_khi,reload_s,147,number,s,,,Assets/MachineBrigade/Resources/Data/balance.json: weapons[*].reload,,,FALSE,TRUE,Tools/export (core/index.py),
01_vu_khi_dan/Vu_khi/ria_m,01_vu_khi_dan,Vu_khi,ria_m,25,number,m,,"bán kính rìa nổ (0: không rìa) [giá trị game: edge, mặc định 0.0]","Assets/MachineBrigade/Resources/Data/balance.json: weapons[*].edge sau inherits + weaponFamily (Catalog.Inherited, WeaponFamilies)",,,FALSE,FALSE,Tools/export (core/index.py),
01_vu_khi_dan/Vu_khi/ria_m_sau,01_vu_khi_dan,Vu_khi,ria_m_sau,59,int,,,ria_m bây giờ (chỉ điền khi đổi),,,,FALSE,FALSE,Tools/export (core/index.py),
01_vu_khi_dan/Vu_khi/ria_m_truoc,01_vu_khi_dan,Vu_khi,ria_m_truoc,58,number,,,ria_m ở bản gốc (chỉ điền khi đổi),,,,FALSE,FALSE,Tools/export (core/index.py),
01_vu_khi_dan/Vu_khi/round,01_vu_khi_dan,Vu_khi,round,148,text,,,,Assets/MachineBrigade/Resources/Data/balance.json: secondRounds.rounds[*].round,,,FALSE,TRUE,Tools/export (core/index.py),
01_vu_khi_dan/Vu_khi/round_length,01_vu_khi_dan,Vu_khi,round_length,149,number,,,,Assets/MachineBrigade/Resources/Data/balance.json: weapons[*].roundLength,,,FALSE,TRUE,Tools/export (core/index.py),
01_vu_khi_dan/Vu_khi/round_of,01_vu_khi_dan,Vu_khi,round_of,150,text,,,,Assets/MachineBrigade/Resources/Data/balance.json: secondRounds.rounds[*].roundOf,,,FALSE,TRUE,Tools/export (core/index.py),
01_vu_khi_dan/Vu_khi/round_weight,01_vu_khi_dan,Vu_khi,round_weight,151,int,,,,"Assets/MachineBrigade/Resources/Data/balance.json: secondRounds.rounds[*].roundWeight, weapons[*].roundWeight",,,FALSE,TRUE,Tools/export (core/index.py),
01_vu_khi_dan/Vu_khi/salvo_mode,01_vu_khi_dan,Vu_khi,salvo_mode,152,text,,,,"Assets/MachineBrigade/Resources/Data/balance.json: secondRounds.rounds[*].salvoMode, weapons[*].salvoMode",,,FALSE,TRUE,Tools/export (core/index.py),
01_vu_khi_dan/Vu_khi/sat_thuong_moi_phat,01_vu_khi_dan,Vu_khi,sat_thuong_moi_phat,23,number,hp,,"sát thương mỗi phát [giá trị game: damage, mặc định '']","Assets/MachineBrigade/Resources/Data/balance.json: weapons[*].damage sau inherits + weaponFamily (Catalog.Inherited, WeaponFamilies)",,,FALSE,FALSE,Tools/export (core/index.py),
01_vu_khi_dan/Vu_khi/sat_thuong_moi_phat_sau,01_vu_khi_dan,Vu_khi,sat_thuong_moi_phat_sau,51,number,,,sat_thuong_moi_phat bây giờ (chỉ điền khi đổi),,,,FALSE,FALSE,Tools/export (core/index.py),
01_vu_khi_dan/Vu_khi/sat_thuong_moi_phat_truoc,01_vu_khi_dan,Vu_khi,sat_thuong_moi_phat_truoc,50,number,,,sat_thuong_moi_phat ở bản gốc (chỉ điền khi đổi),,,,FALSE,FALSE,Tools/export (core/index.py),
01_vu_khi_dan/Vu_khi/size,01_vu_khi_dan,Vu_khi,size,153,number,,,,Assets/MachineBrigade/Resources/Data/balance.json: weapons[*].size,,,FALSE,TRUE,Tools/export (core/index.py),
01_vu_khi_dan/Vu_khi/so_don_vi_mang,01_vu_khi_dan,Vu_khi,so_don_vi_mang,38,int,,,số đơn vị mang,,,,FALSE,FALSE,Tools/export (core/index.py),
01_vu_khi_dan/Vu_khi/so_loat_mang,01_vu_khi_dan,Vu_khi,so_loat_mang,21,int,,,"số loạt mang theo (0: không giới hạn) [giá trị game: ammo, mặc định 0]","Assets/MachineBrigade/Resources/Data/balance.json: weapons[*].ammo sau inherits + weaponFamily (Catalog.Inherited, WeaponFamilies)",,,FALSE,FALSE,Tools/export (core/index.py),
01_vu_khi_dan/Vu_khi/so_nong,01_vu_khi_dan,Vu_khi,so_nong,14,int,,,"số nòng [giá trị game: barrels, mặc định 1]","Assets/MachineBrigade/Resources/Data/balance.json: weapons[*].barrels sau inherits + weaponFamily (Catalog.Inherited, WeaponFamilies)",,,FALSE,FALSE,Tools/export (core/index.py),
01_vu_khi_dan/Vu_khi/so_nong_sau,01_vu_khi_dan,Vu_khi,so_nong_sau,67,int,,,so_nong bây giờ (chỉ điền khi đổi),,,,FALSE,FALSE,Tools/export (core/index.py),
01_vu_khi_dan/Vu_khi/so_nong_truoc,01_vu_khi_dan,Vu_khi,so_nong_truoc,66,int,,,so_nong ở bản gốc (chỉ điền khi đổi),,,,FALSE,FALSE,Tools/export (core/index.py),
01_vu_khi_dan/Vu_khi/so_phat_moi_loat,01_vu_khi_dan,Vu_khi,so_phat_moi_loat,16,int,,,"số phát mỗi loạt [giá trị game: burst, mặc định 1]","Assets/MachineBrigade/Resources/Data/balance.json: weapons[*].burst sau inherits + weaponFamily (Catalog.Inherited, WeaponFamilies)",,,FALSE,FALSE,Tools/export (core/index.py),
01_vu_khi_dan/Vu_khi/so_phat_moi_loat_sau,01_vu_khi_dan,Vu_khi,so_phat_moi_loat_sau,63,int,,,so_phat_moi_loat bây giờ (chỉ điền khi đổi),,,,FALSE,FALSE,Tools/export (core/index.py),
01_vu_khi_dan/Vu_khi/so_phat_moi_loat_truoc,01_vu_khi_dan,Vu_khi,so_phat_moi_loat_truoc,62,int,,,so_phat_moi_loat ở bản gốc (chỉ điền khi đổi),,,,FALSE,FALSE,Tools/export (core/index.py),
01_vu_khi_dan/Vu_khi/so_voi_ban_goc,01_vu_khi_dan,Vu_khi,so_voi_ban_goc,49,text,,giong;doi;moi,so với bản gốc (Phien_ban.ban_goc): giong / doi / moi (chưa có ở bản gốc),,,,FALSE,FALSE,Tools/export (core/index.py),
01_vu_khi_dan/Vu_khi/splash_m,01_vu_khi_dan,Vu_khi,splash_m,154,number,m,,,"Assets/MachineBrigade/Resources/Data/balance.json: secondRounds.rounds[*].splash, weapons[*].splash",,,FALSE,TRUE,Tools/export (core/index.py),
01_vu_khi_dan/Vu_khi/spread,01_vu_khi_dan,Vu_khi,spread,155,number,,,,"Assets/MachineBrigade/Resources/Data/balance.json: secondRounds.rounds[*].spread, weapons[*].spread",,,FALSE,TRUE,Tools/export (core/index.py),
01_vu_khi_dan/Vu_khi/swarm,01_vu_khi_dan,Vu_khi,swarm,156,int,,,,Assets/MachineBrigade/Resources/Data/balance.json: weapons[*].swarm,,,FALSE,TRUE,Tools/export (core/index.py),
01_vu_khi_dan/Vu_khi/tam_m,01_vu_khi_dan,Vu_khi,tam_m,27,int,m,,"tầm bắn [giá trị game: range, mặc định '']","Assets/MachineBrigade/Resources/Data/balance.json: weapons[*].range sau inherits + weaponFamily (Catalog.Inherited, WeaponFamilies)",,,FALSE,FALSE,Tools/export (core/index.py),
01_vu_khi_dan/Vu_khi/tam_m_sau,01_vu_khi_dan,Vu_khi,tam_m_sau,55,empty,,,tam_m bây giờ (chỉ điền khi đổi),,,,FALSE,FALSE,Tools/export (core/index.py),
01_vu_khi_dan/Vu_khi/tam_m_truoc,01_vu_khi_dan,Vu_khi,tam_m_truoc,54,empty,,,tam_m ở bản gốc (chỉ điền khi đổi),,,,FALSE,FALSE,Tools/export (core/index.py),
01_vu_khi_dan/Vu_khi/tam_toi_thieu_m,01_vu_khi_dan,Vu_khi,tam_toi_thieu_m,28,number,m,,"tầm tối thiểu [giá trị game: minRange, mặc định 0.0]","Assets/MachineBrigade/Resources/Data/balance.json: weapons[*].minRange sau inherits + weaponFamily (Catalog.Inherited, WeaponFamilies)",,,FALSE,FALSE,Tools/export (core/index.py),
01_vu_khi_dan/Vu_khi/targets,01_vu_khi_dan,Vu_khi,targets,157,text,,,,"Assets/MachineBrigade/Resources/Data/balance.json: secondRounds.rounds[*].targets, weapons[*].targets",,,FALSE,TRUE,Tools/export (core/index.py),
01_vu_khi_dan/Vu_khi/ten_be,01_vu_khi_dan,Vu_khi,ten_be,39,text,,,"bệ: <đơn vị>:<chỉ số bệ> (0 = vũ khí chính, k = secondary[k-1]; other = nhắc ở trường khác)",,,,FALSE,FALSE,Tools/export (core/index.py),
01_vu_khi_dan/Vu_khi/ten_that,01_vu_khi_dan,Vu_khi,ten_that,2,text,,,"tên hệ thống thật [giá trị game: real, mặc định '']","Assets/MachineBrigade/Resources/Data/balance.json: weapons[*].real sau inherits + weaponFamily (Catalog.Inherited, WeaponFamilies)",,,FALSE,FALSE,Tools/export (core/index.py),
01_vu_khi_dan/Vu_khi/thermobaric,01_vu_khi_dan,Vu_khi,thermobaric,158,bool,,,,Assets/MachineBrigade/Resources/Data/balance.json: weapons[*].thermobaric,,,FALSE,TRUE,Tools/export (core/index.py),
01_vu_khi_dan/Vu_khi/thoi_gian_bay_toi_tam_s,01_vu_khi_dan,Vu_khi,thoi_gian_bay_toi_tam_s,43,empty,s,,"tầm / tốc độ đạn (lớp B, lượt 5)",,,,FALSE,FALSE,Tools/export (core/index.py),
01_vu_khi_dan/Vu_khi/thoi_gian_canh_bao_s,01_vu_khi_dan,Vu_khi,thoi_gian_canh_bao_s,40,empty,s,,"thời gian cảnh báo vòng (công thức trong mã, warningRules)",,,,FALSE,FALSE,Tools/export (core/index.py),
01_vu_khi_dan/Vu_khi/thoi_gian_nap_s,01_vu_khi_dan,Vu_khi,thoi_gian_nap_s,18,number,s,,"thời gian nạp giữa hai loạt / phát [giá trị game: cooldown, mặc định '']","Assets/MachineBrigade/Resources/Data/balance.json: weapons[*].cooldown sau inherits + weaponFamily (Catalog.Inherited, WeaponFamilies)",,,FALSE,FALSE,Tools/export (core/index.py),
01_vu_khi_dan/Vu_khi/thoi_gian_nap_s_sau,01_vu_khi_dan,Vu_khi,thoi_gian_nap_s_sau,53,number,,,thoi_gian_nap_s bây giờ (chỉ điền khi đổi),,,,FALSE,FALSE,Tools/export (core/index.py),
01_vu_khi_dan/Vu_khi/thoi_gian_nap_s_truoc,01_vu_khi_dan,Vu_khi,thoi_gian_nap_s_truoc,52,number,,,thoi_gian_nap_s ở bản gốc (chỉ điền khi đổi),,,,FALSE,FALSE,Tools/export (core/index.py),
01_vu_khi_dan/Vu_khi/toc_do_dan_m_s,01_vu_khi_dan,Vu_khi,toc_do_dan_m_s,26,int,m/s,,"tốc độ đạn [giá trị game: projectileSpeed, mặc định '']","Assets/MachineBrigade/Resources/Data/balance.json: weapons[*].projectileSpeed sau inherits + weaponFamily (Catalog.Inherited, WeaponFamilies)",,,FALSE,FALSE,Tools/export (core/index.py),
01_vu_khi_dan/Vu_khi/toc_do_dan_m_s_sau,01_vu_khi_dan,Vu_khi,toc_do_dan_m_s_sau,61,int,,,toc_do_dan_m_s bây giờ (chỉ điền khi đổi),,,,FALSE,FALSE,Tools/export (core/index.py),
01_vu_khi_dan/Vu_khi/toc_do_dan_m_s_truoc,01_vu_khi_dan,Vu_khi,toc_do_dan_m_s_truoc,60,int,,,toc_do_dan_m_s ở bản gốc (chỉ điền khi đổi),,,,FALSE,FALSE,Tools/export (core/index.py),
01_vu_khi_dan/Vu_khi/top_attack,01_vu_khi_dan,Vu_khi,top_attack,159,bool,,,,Assets/MachineBrigade/Resources/Data/balance.json: weapons[*].topAttack,,,FALSE,TRUE,Tools/export (core/index.py),
01_vu_khi_dan/Vu_khi/tran_ban_m,01_vu_khi_dan,Vu_khi,tran_ban_m,30,text,m,,"trần bắn máy bay [giá trị game: ceiling, mặc định '']","Assets/MachineBrigade/Resources/Data/balance.json: weapons[*].ceiling sau inherits + weaponFamily (Catalog.Inherited, WeaponFamilies)",,,FALSE,FALSE,Tools/export (core/index.py),
01_vu_khi_dan/Vu_khi/warhead_kg,01_vu_khi_dan,Vu_khi,warhead_kg,160,number,kg,,,Assets/MachineBrigade/Resources/Data/balance.json: weapons[*].warheadKg,,,FALSE,TRUE,Tools/export (core/index.py),
01_vu_khi_dan/Vu_khi/weapon_family,01_vu_khi_dan,Vu_khi,weapon_family,161,text,,,,"Assets/MachineBrigade/Resources/Data/balance.json: secondRounds.rounds[*].weaponFamily, weapons[*].weaponFamily",,,FALSE,TRUE,Tools/export (core/index.py),
01_vu_khi_dan/Vu_khi/weapon_family_id,01_vu_khi_dan,Vu_khi,weapon_family_id,162,text,,,,"Assets/MachineBrigade/Resources/Data/balance.json: secondRounds.rounds[*].weaponFamilyId, weapons[*].weaponFamilyId",,,FALSE,TRUE,Tools/export (core/index.py),
01_vu_khi_dan/Vu_khi/weapon_variant_id,01_vu_khi_dan,Vu_khi,weapon_variant_id,163,text,,,,"Assets/MachineBrigade/Resources/Data/balance.json: secondRounds.rounds[*].weaponVariantId, weapons[*].weaponVariantId",,,FALSE,TRUE,Tools/export (core/index.py),
01_vu_khi_dan/Vu_khi/xuyen,01_vu_khi_dan,Vu_khi,xuyen,12,int,,,"mức xuyên 0-5 (Bang_xuyen_giap); thiếu: mặc định của WeaponDef [giá trị game: pen, mặc định 'NEED_CODE_CHECK']","Assets/MachineBrigade/Resources/Data/balance.json: weapons[*].pen sau inherits + weaponFamily (Catalog.Inherited, WeaponFamilies)",,,FALSE,FALSE,Tools/export (core/index.py),
01_vu_khi_dan/Vu_khi/xuyen_sau,01_vu_khi_dan,Vu_khi,xuyen_sau,71,empty,,,xuyen bây giờ (chỉ điền khi đổi),,,,FALSE,FALSE,Tools/export (core/index.py),
01_vu_khi_dan/Vu_khi/xuyen_truoc,01_vu_khi_dan,Vu_khi,xuyen_truoc,70,empty,,,xuyen ở bản gốc (chỉ điền khi đổi),,,,FALSE,FALSE,Tools/export (core/index.py),
01_vu_khi_dan/Vu_khi_he_so_thuong/armor,01_vu_khi_dan,Vu_khi_he_so_thuong,armor,4,text,,,,Assets/MachineBrigade/Resources/Data/balance.json: weapons[*].bonuses[*].armor,,,FALSE,TRUE,Tools/export (core/index.py),
01_vu_khi_dan/Vu_khi_he_so_thuong/class,01_vu_khi_dan,Vu_khi_he_so_thuong,class,5,text,,,,Assets/MachineBrigade/Resources/Data/balance.json: weapons[*].bonuses[*].class,,,FALSE,TRUE,Tools/export (core/index.py),
01_vu_khi_dan/Vu_khi_he_so_thuong/flank,01_vu_khi_dan,Vu_khi_he_so_thuong,flank,6,bool,,,,Assets/MachineBrigade/Resources/Data/balance.json: weapons[*].bonuses[*].flank,,,FALSE,TRUE,Tools/export (core/index.py),
01_vu_khi_dan/Vu_khi_he_so_thuong/id,01_vu_khi_dan,Vu_khi_he_so_thuong,id,1,text,,,id ổn định (khóa chính),,,,TRUE,FALSE,Tools/export (core/index.py),
01_vu_khi_dan/Vu_khi_he_so_thuong/mult,01_vu_khi_dan,Vu_khi_he_so_thuong,mult,7,number,,,,Assets/MachineBrigade/Resources/Data/balance.json: weapons[*].bonuses[*].mult,,,FALSE,TRUE,Tools/export (core/index.py),
01_vu_khi_dan/Vu_khi_he_so_thuong/nguon,01_vu_khi_dan,Vu_khi_he_so_thuong,nguon,9,text,,,file + khóa nguồn của dòng,,,,,,Tools/export (core/index.py),
01_vu_khi_dan/Vu_khi_he_so_thuong/raw_json,01_vu_khi_dan,Vu_khi_he_so_thuong,raw_json,10,text,,,nguyên bản ghi gốc (JSON),,,,,,Tools/export (core/index.py),
01_vu_khi_dan/Vu_khi_he_so_thuong/still,01_vu_khi_dan,Vu_khi_he_so_thuong,still,8,int,,,,Assets/MachineBrigade/Resources/Data/balance.json: weapons[*].bonuses[*].still,,,FALSE,TRUE,Tools/export (core/index.py),
01_vu_khi_dan/Vu_khi_he_so_thuong/thu_tu,01_vu_khi_dan,Vu_khi_he_so_thuong,thu_tu,3,int,,,thứ tự trong danh sách nguồn (0 = đầu),,,,FALSE,FALSE,Tools/export (core/index.py),
01_vu_khi_dan/Vu_khi_he_so_thuong/vu_khi_id,01_vu_khi_dan,Vu_khi_he_so_thuong,vu_khi_id,2,text,,,id dòng cha ở Vu_khi,,,01_vu_khi_dan/Vu_khi,TRUE,FALSE,Tools/export (core/index.py),
02_phuong_tien/Commander/air_cap,02_phuong_tien,Commander,air_cap,6,int,,,,Assets/MachineBrigade/Scripts/Sim/Content/Commanders.cs#All: [*].AirCap | Assets/MachineBrigade/Scripts/Sim/Content/Commanders.cs#Generals: [*].AirCap,,,FALSE,TRUE,Tools/export (core/index.py),
02_phuong_tien/Commander/air_rearm,02_phuong_tien,Commander,air_rearm,7,number,,,,Assets/MachineBrigade/Scripts/Sim/Content/Commanders.cs#All: [*].AirRearm,,,FALSE,TRUE,Tools/export (core/index.py),
02_phuong_tien/Commander/bank_bonus,02_phuong_tien,Commander,bank_bonus,8,int,,,,Assets/MachineBrigade/Scripts/Sim/Content/Commanders.cs#All: [*].BankBonus,,,FALSE,TRUE,Tools/export (core/index.py),
02_phuong_tien/Commander/commander_noi_tai,02_phuong_tien,Commander,commander_noi_tai,5,empty,,,,Assets/MachineBrigade/Scripts/Sim/Content/Commanders.cs#All: [*].lines,,,FALSE,FALSE,Tools/export (core/index.py),
02_phuong_tien/Commander/delivery,02_phuong_tien,Commander,delivery,9,number,,,,Assets/MachineBrigade/Scripts/Sim/Content/Commanders.cs#All: [*].Delivery,,,FALSE,TRUE,Tools/export (core/index.py),
02_phuong_tien/Commander/early_income,02_phuong_tien,Commander,early_income,10,number,,,,Assets/MachineBrigade/Scripts/Sim/Content/Commanders.cs#All: [*].EarlyIncome,,,FALSE,TRUE,Tools/export (core/index.py),
02_phuong_tien/Commander/early_seconds,02_phuong_tien,Commander,early_seconds,11,int,,,,Assets/MachineBrigade/Scripts/Sim/Content/Commanders.cs#All: [*].EarlySeconds,,,FALSE,TRUE,Tools/export (core/index.py),
02_phuong_tien/Commander/exposed_taken,02_phuong_tien,Commander,exposed_taken,12,number,,,,Assets/MachineBrigade/Scripts/Sim/Content/Commanders.cs#All: [*].ExposedTaken,,,FALSE,TRUE,Tools/export (core/index.py),
02_phuong_tien/Commander/family,02_phuong_tien,Commander,family,13,text,,,,Assets/MachineBrigade/Scripts/Sim/Content/Commanders.cs#All: [*].Family,,,FALSE,TRUE,Tools/export (core/index.py),
02_phuong_tien/Commander/general,02_phuong_tien,Commander,general,14,text,,,,Assets/MachineBrigade/Scripts/Sim/Content/Commanders.cs#Generals: [*].general,,,FALSE,TRUE,Tools/export (core/index.py),
02_phuong_tien/Commander/ho,02_phuong_tien,Commander,ho,2,text,,,Combat / Economy / General,,,,FALSE,FALSE,Tools/export (core/index.py),
02_phuong_tien/Commander/id,02_phuong_tien,Commander,id,1,text,,,id ổn định (khóa chính),"Assets/MachineBrigade/Scripts/Sim/Content/Commanders.cs#All: [*].Id, [*].id",,,TRUE,FALSE,Tools/export (core/index.py),
02_phuong_tien/Commander/income,02_phuong_tien,Commander,income,15,number,,,,Assets/MachineBrigade/Scripts/Sim/Content/Commanders.cs#All: [*].Income,,,FALSE,TRUE,Tools/export (core/index.py),
02_phuong_tien/Commander/jam_resist,02_phuong_tien,Commander,jam_resist,16,number,,,,Assets/MachineBrigade/Scripts/Sim/Content/Commanders.cs#All: [*].JamResist,,,FALSE,TRUE,Tools/export (core/index.py),
02_phuong_tien/Commander/khai_bao_qua,02_phuong_tien,Commander,khai_bao_qua,4,text,,,hàm dựng trong Commanders.cs (Combat / Econ / Gen) hoặc new CommanderDef,Assets/MachineBrigade/Scripts/Sim/Content/Commanders.cs#All: [*]._via | Assets/MachineBrigade/Scripts/Sim/Content/Commanders.cs#Generals: [*]._via,,,FALSE,FALSE,Tools/export (core/index.py),
02_phuong_tien/Commander/kill_refund,02_phuong_tien,Commander,kill_refund,17,number,,,,Assets/MachineBrigade/Scripts/Sim/Content/Commanders.cs#All: [*].KillRefund,,,FALSE,TRUE,Tools/export (core/index.py),
02_phuong_tien/Commander/loss_refund,02_phuong_tien,Commander,loss_refund,18,bool,,,,Assets/MachineBrigade/Scripts/Sim/Content/Commanders.cs#All: [*].LossRefund,,,FALSE,TRUE,Tools/export (core/index.py),
02_phuong_tien/Commander/low_hp_damage,02_phuong_tien,Commander,low_hp_damage,19,number,,,,Assets/MachineBrigade/Scripts/Sim/Content/Commanders.cs#Generals: [*].LowHpDamage,,,FALSE,TRUE,Tools/export (core/index.py),
02_phuong_tien/Commander/nguon,02_phuong_tien,Commander,nguon,31,text,,,file + khóa nguồn của dòng,,,,,,Tools/export (core/index.py),
02_phuong_tien/Commander/no_points_income,02_phuong_tien,Commander,no_points_income,20,number,,,,Assets/MachineBrigade/Scripts/Sim/Content/Commanders.cs#All: [*].NoPointsIncome,,,FALSE,TRUE,Tools/export (core/index.py),
02_phuong_tien/Commander/point_income,02_phuong_tien,Commander,point_income,21,number,,,,Assets/MachineBrigade/Scripts/Sim/Content/Commanders.cs#All: [*].PointIncome,,,FALSE,TRUE,Tools/export (core/index.py),
02_phuong_tien/Commander/portrait,02_phuong_tien,Commander,portrait,22,text,,,,"Assets/MachineBrigade/Scripts/Sim/Content/Commanders.cs#All: [*].Portrait, [*].portrait",,,FALSE,TRUE,Tools/export (core/index.py),
02_phuong_tien/Commander/raw_json,02_phuong_tien,Commander,raw_json,32,text,,,nguyên bản ghi gốc (JSON),,,,,,Tools/export (core/index.py),
02_phuong_tien/Commander/repair,02_phuong_tien,Commander,repair,23,number,,,,Assets/MachineBrigade/Scripts/Sim/Content/Commanders.cs#All: [*].Repair,,,FALSE,TRUE,Tools/export (core/index.py),
02_phuong_tien/Commander/rich_at,02_phuong_tien,Commander,rich_at,24,int,,,,Assets/MachineBrigade/Scripts/Sim/Content/Commanders.cs#All: [*].RichAt,,,FALSE,TRUE,Tools/export (core/index.py),
02_phuong_tien/Commander/rich_income,02_phuong_tien,Commander,rich_income,25,number,,,,Assets/MachineBrigade/Scripts/Sim/Content/Commanders.cs#All: [*].RichIncome,,,FALSE,TRUE,Tools/export (core/index.py),
02_phuong_tien/Commander/stealth_sight,02_phuong_tien,Commander,stealth_sight,26,number,,,,Assets/MachineBrigade/Scripts/Sim/Content/Commanders.cs#All: [*].StealthSight,,,FALSE,TRUE,Tools/export (core/index.py),
02_phuong_tien/Commander/strike_cooldown,02_phuong_tien,Commander,strike_cooldown,27,number,,,,Assets/MachineBrigade/Scripts/Sim/Content/Commanders.cs#All: [*].StrikeCooldown,,,FALSE,TRUE,Tools/export (core/index.py),
02_phuong_tien/Commander/style,02_phuong_tien,Commander,style,28,text,,,,"Assets/MachineBrigade/Scripts/Sim/Content/Commanders.cs#All: [*].Style, [*].style",,,FALSE,TRUE,Tools/export (core/index.py),
02_phuong_tien/Commander/supply,02_phuong_tien,Commander,supply,29,number,,,,Assets/MachineBrigade/Scripts/Sim/Content/Commanders.cs#All: [*].Supply,,,FALSE,TRUE,Tools/export (core/index.py),
02_phuong_tien/Commander/ten_vi,02_phuong_tien,Commander,ten_vi,3,text,,,tên tiếng Việt (HUD cmdr.<id>.name),,,,FALSE,FALSE,Tools/export (core/index.py),
02_phuong_tien/Commander/unlock,02_phuong_tien,Commander,unlock,30,text,,,,"Assets/MachineBrigade/Scripts/Sim/Content/Commanders.cs#All: [*].Unlock, [*].unlock",,,FALSE,TRUE,Tools/export (core/index.py),
02_phuong_tien/Commander_gia/commander_id,02_phuong_tien,Commander_gia,commander_id,2,text,,,id dòng cha ở Commander,,,02_phuong_tien/Commander,TRUE,FALSE,Tools/export (core/index.py),
02_phuong_tien/Commander_gia/id,02_phuong_tien,Commander_gia,id,1,text,,,id ổn định (khóa chính),,,,TRUE,FALSE,Tools/export (core/index.py),
02_phuong_tien/Commander_gia/nguon,02_phuong_tien,Commander_gia,nguon,6,text,,,file + khóa nguồn của dòng,,,,,,Tools/export (core/index.py),
02_phuong_tien/Commander_gia/raw_json,02_phuong_tien,Commander_gia,raw_json,7,text,,,nguyên bản ghi gốc (JSON),,,,,,Tools/export (core/index.py),
02_phuong_tien/Commander_gia/reach_m,02_phuong_tien,Commander_gia,reach_m,4,text,m,,,Assets/MachineBrigade/Scripts/Sim/Content/Commanders.cs#All: [*].Prices[*].reach | Assets/MachineBrigade/Scripts/Sim/Content/Commanders.cs#Generals: [*].Prices[*].reach,,,FALSE,TRUE,Tools/export (core/index.py),
02_phuong_tien/Commander_gia/scale,02_phuong_tien,Commander_gia,scale,5,number,,,,Assets/MachineBrigade/Scripts/Sim/Content/Commanders.cs#All: [*].Prices[*].scale | Assets/MachineBrigade/Scripts/Sim/Content/Commanders.cs#Generals: [*].Prices[*].scale,,,FALSE,TRUE,Tools/export (core/index.py),
02_phuong_tien/Commander_gia/thu_tu,02_phuong_tien,Commander_gia,thu_tu,3,int,,,thứ tự trong danh sách nguồn (0 = đầu),,,,FALSE,FALSE,Tools/export (core/index.py),
02_phuong_tien/Commander_noi_tai/commander_id,02_phuong_tien,Commander_noi_tai,commander_id,2,text,,,id dòng cha ở Commander,,,02_phuong_tien/Commander,TRUE,FALSE,Tools/export (core/index.py),
02_phuong_tien/Commander_noi_tai/id,02_phuong_tien,Commander_noi_tai,id,1,text,,,id ổn định (khóa chính),,,,TRUE,FALSE,Tools/export (core/index.py),
02_phuong_tien/Commander_noi_tai/nguon,02_phuong_tien,Commander_noi_tai,nguon,7,text,,,file + khóa nguồn của dòng,,,,,,Tools/export (core/index.py),
02_phuong_tien/Commander_noi_tai/raw_json,02_phuong_tien,Commander_noi_tai,raw_json,8,text,,,nguyên bản ghi gốc (JSON),,,,,,Tools/export (core/index.py),
02_phuong_tien/Commander_noi_tai/reach_m,02_phuong_tien,Commander_noi_tai,reach_m,4,text,m,,,"Assets/MachineBrigade/Scripts/Sim/Content/Commanders.cs#All: [*].Lines[*].reach, [*].lines[*].reach | Assets/MachineBrigade/Scripts/Sim/Content/Commanders.cs#Generals: [*].lines[*].reach",,,FALSE,TRUE,Tools/export (core/index.py),
02_phuong_tien/Commander_noi_tai/stat,02_phuong_tien,Commander_noi_tai,stat,5,text,,,,"Assets/MachineBrigade/Scripts/Sim/Content/Commanders.cs#All: [*].Lines[*].stat, [*].lines[*].stat | Assets/MachineBrigade/Scripts/Sim/Content/Commanders.cs#Generals: [*].lines[*].stat",,,FALSE,TRUE,Tools/export (core/index.py),
02_phuong_tien/Commander_noi_tai/thu_tu,02_phuong_tien,Commander_noi_tai,thu_tu,3,int,,,thứ tự trong danh sách nguồn (0 = đầu),,,,FALSE,FALSE,Tools/export (core/index.py),
02_phuong_tien/Commander_noi_tai/value,02_phuong_tien,Commander_noi_tai,value,6,number,,,,"Assets/MachineBrigade/Scripts/Sim/Content/Commanders.cs#All: [*].Lines[*].value, [*].lines[*].value | Assets/MachineBrigade/Scripts/Sim/Content/Commanders.cs#Generals: [*].lines[*].value",,,FALSE,TRUE,Tools/export (core/index.py),
02_phuong_tien/Do_ben/don_vi,02_phuong_tien,Do_ben,don_vi,6,empty,,,đơn vị của giá trị (trống: không đơn vị hoặc chưa rõ; xem Don_vi_chua_ro),,,,FALSE,FALSE,Tools/export (core/index.py),
02_phuong_tien/Do_ben/gia_tri_chu,02_phuong_tien,Do_ben,gia_tri_chu,5,empty,,,giá trị nếu là chữ (danh sách ngăn ';'),,,,FALSE,FALSE,Tools/export (core/index.py),
02_phuong_tien/Do_ben/gia_tri_so,02_phuong_tien,Do_ben,gia_tri_so,4,number,,,giá trị nếu là số / true-false,"Assets/MachineBrigade/Resources/Data/balance.json: toughness.bosses, toughness.vehicles",,,FALSE,FALSE,Tools/export (core/index.py),
02_phuong_tien/Do_ben/id,02_phuong_tien,Do_ben,id,1,text,,,id ổn định (khóa chính),,,,TRUE,FALSE,Tools/export (core/index.py),
02_phuong_tien/Do_ben/khoa,02_phuong_tien,Do_ben,khoa,3,text,,,khóa của lá trong khối,,,,FALSE,FALSE,Tools/export (core/index.py),
02_phuong_tien/Do_ben/nguon,02_phuong_tien,Do_ben,nguon,7,text,,,file + khóa nguồn của dòng,,,,,,Tools/export (core/index.py),
02_phuong_tien/Do_ben/nhom,02_phuong_tien,Do_ben,nhom,2,text,,,khối nguồn (đường dẫn của khối trong file nguồn),,,,FALSE,FALSE,Tools/export (core/index.py),
02_phuong_tien/Do_ben/raw_json,02_phuong_tien,Do_ben,raw_json,8,text,,,nguyên bản ghi gốc (JSON),,,,,,Tools/export (core/index.py),
02_phuong_tien/Doi_mo_man/base_cp_uoc_tinh,02_phuong_tien,Doi_mo_man,base_cp_uoc_tinh,4,empty,CP,,tổng CP đội (tính trong mã: thẻ rẻ nhất mỗi vai trò),,,,FALSE,FALSE,Tools/export (core/index.py),
02_phuong_tien/Doi_mo_man/ben,02_phuong_tien,Doi_mo_man,ben,2,text,,,commander (người chơi) / general (địch),,,,FALSE,FALSE,Tools/export (core/index.py),
02_phuong_tien/Doi_mo_man/id,02_phuong_tien,Doi_mo_man,id,1,text,,,id ổn định (khóa chính),,,,TRUE,FALSE,Tools/export (core/index.py),
02_phuong_tien/Doi_mo_man/nguon,02_phuong_tien,Doi_mo_man,nguon,6,text,,,file + khóa nguồn của dòng,,,,,,Tools/export (core/index.py),
02_phuong_tien/Doi_mo_man/raw_json,02_phuong_tien,Doi_mo_man,raw_json,7,text,,,nguyên bản ghi gốc (JSON),,,,,,Tools/export (core/index.py),
02_phuong_tien/Doi_mo_man/thieu_vai_tro_hoan_cp,02_phuong_tien,Doi_mo_man,thieu_vai_tro_hoan_cp,5,empty,,,thiếu vai trò thì hoàn CP (luật trong mã),,,,FALSE,FALSE,Tools/export (core/index.py),
02_phuong_tien/Doi_mo_man/vai_tro,02_phuong_tien,Doi_mo_man,vai_tro,3,text,,,vai trò (Doi_mo_man_vai_tro),Assets/MachineBrigade/Resources/Data/balance.json: openingSquads.…,,02_phuong_tien/Doi_mo_man_vai_tro,FALSE,FALSE,Tools/export (core/index.py),
02_phuong_tien/Doi_mo_man_luat/don_vi,02_phuong_tien,Doi_mo_man_luat,don_vi,6,empty,,,đơn vị của giá trị (trống: không đơn vị hoặc chưa rõ; xem Don_vi_chua_ro),,,,FALSE,FALSE,Tools/export (core/index.py),
02_phuong_tien/Doi_mo_man_luat/gia_tri_chu,02_phuong_tien,Doi_mo_man_luat,gia_tri_chu,5,text,,,giá trị nếu là chữ (danh sách ngăn ';'),"Assets/MachineBrigade/Resources/Data/balance.json: openingSquads.enemyModes[*], openingSquads.modes[*]",,,FALSE,FALSE,Tools/export (core/index.py),
02_phuong_tien/Doi_mo_man_luat/gia_tri_so,02_phuong_tien,Doi_mo_man_luat,gia_tri_so,4,number,,,giá trị nếu là số / true-false,Assets/MachineBrigade/Resources/Data/balance.json: openingSquads.share,,,FALSE,FALSE,Tools/export (core/index.py),
02_phuong_tien/Doi_mo_man_luat/id,02_phuong_tien,Doi_mo_man_luat,id,1,text,,,id ổn định (khóa chính),,,,TRUE,FALSE,Tools/export (core/index.py),
02_phuong_tien/Doi_mo_man_luat/khoa,02_phuong_tien,Doi_mo_man_luat,khoa,3,text,,,khóa của lá trong khối,,,,FALSE,FALSE,Tools/export (core/index.py),
02_phuong_tien/Doi_mo_man_luat/nguon,02_phuong_tien,Doi_mo_man_luat,nguon,7,text,,,file + khóa nguồn của dòng,,,,,,Tools/export (core/index.py),
02_phuong_tien/Doi_mo_man_luat/nhom,02_phuong_tien,Doi_mo_man_luat,nhom,2,text,,,khối nguồn (đường dẫn của khối trong file nguồn),,,,FALSE,FALSE,Tools/export (core/index.py),
02_phuong_tien/Doi_mo_man_luat/raw_json,02_phuong_tien,Doi_mo_man_luat,raw_json,8,text,,,nguyên bản ghi gốc (JSON),,,,,,Tools/export (core/index.py),
02_phuong_tien/Doi_mo_man_vai_tro/cp_toi_da,02_phuong_tien,Doi_mo_man_vai_tro,cp_toi_da,3,int,CP,,trần CP thay cho danh sách (maxCp),Assets/MachineBrigade/Resources/Data/balance.json: openingSquads.roles.cheap4.maxCp,,,FALSE,FALSE,Tools/export (core/index.py),
02_phuong_tien/Doi_mo_man_vai_tro/id,02_phuong_tien,Doi_mo_man_vai_tro,id,1,text,,,id ổn định (khóa chính),,,,TRUE,FALSE,Tools/export (core/index.py),
02_phuong_tien/Doi_mo_man_vai_tro/nguon,02_phuong_tien,Doi_mo_man_vai_tro,nguon,6,text,,,file + khóa nguồn của dòng,,,,,,Tools/export (core/index.py),
02_phuong_tien/Doi_mo_man_vai_tro/raw_json,02_phuong_tien,Doi_mo_man_vai_tro,raw_json,7,text,,,nguyên bản ghi gốc (JSON),,,,,,Tools/export (core/index.py),
02_phuong_tien/Doi_mo_man_vai_tro/re_nhat,02_phuong_tien,Doi_mo_man_vai_tro,re_nhat,4,text,,,ứng viên rẻ nhất theo cp (giá trị game),,,02_phuong_tien/Xe,FALSE,FALSE,Tools/export (core/index.py),
02_phuong_tien/Doi_mo_man_vai_tro/re_nhat_cp,02_phuong_tien,Doi_mo_man_vai_tro,re_nhat_cp,5,int,CP,,cp của ứng viên rẻ nhất,,,,FALSE,FALSE,Tools/export (core/index.py),
02_phuong_tien/Doi_mo_man_vai_tro/ung_vien,02_phuong_tien,Doi_mo_man_vai_tro,ung_vien,2,text,,,các thẻ chọn được (theo thứ tự ưu tiên của dữ liệu),Assets/MachineBrigade/Resources/Data/balance.json: openingSquads.roles.…,,02_phuong_tien/Xe,FALSE,FALSE,Tools/export (core/index.py),
02_phuong_tien/Ky_nang/amount,02_phuong_tien,Ky_nang,amount,3,number,,,,Assets/MachineBrigade/Resources/Data/balance.json: skills[*].amount,,,FALSE,TRUE,Tools/export (core/index.py),
02_phuong_tien/Ky_nang/cooldown_s,02_phuong_tien,Ky_nang,cooldown_s,4,int,s,,,Assets/MachineBrigade/Resources/Data/balance.json: skills[*].cooldown,,,FALSE,TRUE,Tools/export (core/index.py),
02_phuong_tien/Ky_nang/count,02_phuong_tien,Ky_nang,count,5,int,,,,Assets/MachineBrigade/Resources/Data/balance.json: skills[*].count,,,FALSE,TRUE,Tools/export (core/index.py),
02_phuong_tien/Ky_nang/dung_boi,02_phuong_tien,Ky_nang,dung_boi,2,text,,,đơn vị có kỹ năng này (vehicles[*].skills sau inherits),,,,FALSE,FALSE,Tools/export (core/index.py),
02_phuong_tien/Ky_nang/duration_s,02_phuong_tien,Ky_nang,duration_s,6,number,s,,,Assets/MachineBrigade/Resources/Data/balance.json: skills[*].duration,,,FALSE,TRUE,Tools/export (core/index.py),
02_phuong_tien/Ky_nang/id,02_phuong_tien,Ky_nang,id,1,text,,,id ổn định (khóa chính),Assets/MachineBrigade/Resources/Data/balance.json: skills[*].id,,,TRUE,FALSE,Tools/export (core/index.py),
02_phuong_tien/Ky_nang/kind,02_phuong_tien,Ky_nang,kind,7,text,,,,Assets/MachineBrigade/Resources/Data/balance.json: skills[*].kind,,,FALSE,TRUE,Tools/export (core/index.py),
02_phuong_tien/Ky_nang/nguon,02_phuong_tien,Ky_nang,nguon,13,text,,,file + khóa nguồn của dòng,,,,,,Tools/export (core/index.py),
02_phuong_tien/Ky_nang/once,02_phuong_tien,Ky_nang,once,8,bool,,,,Assets/MachineBrigade/Resources/Data/balance.json: skills[*].once,,,FALSE,TRUE,Tools/export (core/index.py),
02_phuong_tien/Ky_nang/radius_m,02_phuong_tien,Ky_nang,radius_m,9,int,m,,,Assets/MachineBrigade/Resources/Data/balance.json: skills[*].radius,,,FALSE,TRUE,Tools/export (core/index.py),
02_phuong_tien/Ky_nang/raw_json,02_phuong_tien,Ky_nang,raw_json,14,text,,,nguyên bản ghi gốc (JSON),,,,,,Tools/export (core/index.py),
02_phuong_tien/Ky_nang/threshold,02_phuong_tien,Ky_nang,threshold,10,number,,,,Assets/MachineBrigade/Resources/Data/balance.json: skills[*].threshold,,,FALSE,TRUE,Tools/export (core/index.py),
02_phuong_tien/Ky_nang/trigger,02_phuong_tien,Ky_nang,trigger,11,text,,,,Assets/MachineBrigade/Resources/Data/balance.json: skills[*].trigger,,,FALSE,TRUE,Tools/export (core/index.py),
02_phuong_tien/Ky_nang/unit,02_phuong_tien,Ky_nang,unit,12,text,,,,Assets/MachineBrigade/Resources/Data/balance.json: skills[*].unit,,,FALSE,TRUE,Tools/export (core/index.py),
02_phuong_tien/Nhanh_xe/id,02_phuong_tien,Nhanh_xe,id,1,text,,,id ổn định (khóa chính),,,,TRUE,FALSE,Tools/export (core/index.py),
02_phuong_tien/Nhanh_xe/lop,02_phuong_tien,Nhanh_xe,lop,2,text,,,các lớp thuộc nhánh,"Assets/MachineBrigade/Resources/Data/balance.json: branches.Air[*], branches.Armor[*], branches.Artillery[*], branches.Light[*]",,,FALSE,FALSE,Tools/export (core/index.py),
02_phuong_tien/Nhanh_xe/nguon,02_phuong_tien,Nhanh_xe,nguon,3,text,,,file + khóa nguồn của dòng,,,,,,Tools/export (core/index.py),
02_phuong_tien/Nhanh_xe/raw_json,02_phuong_tien,Nhanh_xe,raw_json,4,text,,,nguyên bản ghi gốc (JSON),,,,,,Tools/export (core/index.py),
02_phuong_tien/The_ho_tro/blast_m,02_phuong_tien,The_ho_tro,blast_m,16,number,m,,,Assets/MachineBrigade/Resources/Data/balance.json: supports[*].blast,,,FALSE,TRUE,Tools/export (core/index.py),
02_phuong_tien/The_ho_tro/consumable,02_phuong_tien,The_ho_tro,consumable,17,bool,,,,Assets/MachineBrigade/Resources/Data/balance.json: supports[*].consumable,,,FALSE,TRUE,Tools/export (core/index.py),
02_phuong_tien/The_ho_tro/cooldown_s,02_phuong_tien,The_ho_tro,cooldown_s,18,int,s,,,Assets/MachineBrigade/Resources/Data/balance.json: supports[*].cooldown,,,FALSE,TRUE,Tools/export (core/index.py),
02_phuong_tien/The_ho_tro/cooldown_s_sau,02_phuong_tien,The_ho_tro,cooldown_s_sau,9,empty,,,cooldown_s bây giờ (chỉ điền khi đổi),,,,FALSE,FALSE,Tools/export (core/index.py),
02_phuong_tien/The_ho_tro/cooldown_s_truoc,02_phuong_tien,The_ho_tro,cooldown_s_truoc,8,empty,,,cooldown_s ở bản gốc (chỉ điền khi đổi),,,,FALSE,FALSE,Tools/export (core/index.py),
02_phuong_tien/The_ho_tro/count,02_phuong_tien,The_ho_tro,count,19,int,,,,Assets/MachineBrigade/Resources/Data/balance.json: supports[*].count,,,FALSE,TRUE,Tools/export (core/index.py),
02_phuong_tien/The_ho_tro/count_sau,02_phuong_tien,The_ho_tro,count_sau,15,empty,,,count bây giờ (chỉ điền khi đổi),,,,FALSE,FALSE,Tools/export (core/index.py),
02_phuong_tien/The_ho_tro/count_truoc,02_phuong_tien,The_ho_tro,count_truoc,14,empty,,,count ở bản gốc (chỉ điền khi đổi),,,,FALSE,FALSE,Tools/export (core/index.py),
02_phuong_tien/The_ho_tro/cp,02_phuong_tien,The_ho_tro,cp,20,int,CP,,,Assets/MachineBrigade/Resources/Data/balance.json: supports[*].cp,,,FALSE,TRUE,Tools/export (core/index.py),
02_phuong_tien/The_ho_tro/cp_sau,02_phuong_tien,The_ho_tro,cp_sau,7,empty,,,cp bây giờ (chỉ điền khi đổi),,,,FALSE,FALSE,Tools/export (core/index.py),
02_phuong_tien/The_ho_tro/cp_truoc,02_phuong_tien,The_ho_tro,cp_truoc,6,empty,,,cp ở bản gốc (chỉ điền khi đổi),,,,FALSE,FALSE,Tools/export (core/index.py),
02_phuong_tien/The_ho_tro/damage,02_phuong_tien,The_ho_tro,damage,21,number,,,,Assets/MachineBrigade/Resources/Data/balance.json: supports[*].damage,,,FALSE,TRUE,Tools/export (core/index.py),
02_phuong_tien/The_ho_tro/damage_sau,02_phuong_tien,The_ho_tro,damage_sau,11,empty,,,damage bây giờ (chỉ điền khi đổi),,,,FALSE,FALSE,Tools/export (core/index.py),
02_phuong_tien/The_ho_tro/damage_truoc,02_phuong_tien,The_ho_tro,damage_truoc,10,empty,,,damage ở bản gốc (chỉ điền khi đổi),,,,FALSE,FALSE,Tools/export (core/index.py),
02_phuong_tien/The_ho_tro/damage_type,02_phuong_tien,The_ho_tro,damage_type,22,text,,,,Assets/MachineBrigade/Resources/Data/balance.json: supports[*].damageType,,,FALSE,TRUE,Tools/export (core/index.py),
02_phuong_tien/The_ho_tro/delay_s,02_phuong_tien,The_ho_tro,delay_s,23,number,s,,,Assets/MachineBrigade/Resources/Data/balance.json: supports[*].delay,,,FALSE,TRUE,Tools/export (core/index.py),
02_phuong_tien/The_ho_tro/drones_only,02_phuong_tien,The_ho_tro,drones_only,24,bool,,,,Assets/MachineBrigade/Resources/Data/balance.json: supports[*].dronesOnly,,,FALSE,TRUE,Tools/export (core/index.py),
02_phuong_tien/The_ho_tro/duration_s,02_phuong_tien,The_ho_tro,duration_s,25,number,s,,,Assets/MachineBrigade/Resources/Data/balance.json: supports[*].duration,,,FALSE,TRUE,Tools/export (core/index.py),
02_phuong_tien/The_ho_tro/event,02_phuong_tien,The_ho_tro,event,26,bool,,,,Assets/MachineBrigade/Resources/Data/balance.json: supports[*].event,,,FALSE,TRUE,Tools/export (core/index.py),
02_phuong_tien/The_ho_tro/id,02_phuong_tien,The_ho_tro,id,1,text,,,id ổn định (khóa chính),Assets/MachineBrigade/Resources/Data/balance.json: supports[*].id,,,TRUE,FALSE,Tools/export (core/index.py),
02_phuong_tien/The_ho_tro/kind,02_phuong_tien,The_ho_tro,kind,27,text,,,,Assets/MachineBrigade/Resources/Data/balance.json: supports[*].kind,,,FALSE,TRUE,Tools/export (core/index.py),
02_phuong_tien/The_ho_tro/length_m,02_phuong_tien,The_ho_tro,length_m,28,int,m,,,Assets/MachineBrigade/Resources/Data/balance.json: supports[*].length,,,FALSE,TRUE,Tools/export (core/index.py),
02_phuong_tien/The_ho_tro/nguon,02_phuong_tien,The_ho_tro,nguon,35,text,,,file + khóa nguồn của dòng,,,,,,Tools/export (core/index.py),
02_phuong_tien/The_ho_tro/pen,02_phuong_tien,The_ho_tro,pen,29,int,,,,Assets/MachineBrigade/Resources/Data/balance.json: supports[*].pen,,,FALSE,TRUE,Tools/export (core/index.py),
02_phuong_tien/The_ho_tro/radius_m,02_phuong_tien,The_ho_tro,radius_m,30,number,m,,,Assets/MachineBrigade/Resources/Data/balance.json: supports[*].radius,,,FALSE,TRUE,Tools/export (core/index.py),
02_phuong_tien/The_ho_tro/radius_m_sau,02_phuong_tien,The_ho_tro,radius_m_sau,13,int,,,radius_m bây giờ (chỉ điền khi đổi),,,,FALSE,FALSE,Tools/export (core/index.py),
02_phuong_tien/The_ho_tro/radius_m_truoc,02_phuong_tien,The_ho_tro,radius_m_truoc,12,int,,,radius_m ở bản gốc (chỉ điền khi đổi),,,,FALSE,FALSE,Tools/export (core/index.py),
02_phuong_tien/The_ho_tro/rank_line_rank,02_phuong_tien,The_ho_tro,rank_line_rank,31,int,,,,Assets/MachineBrigade/Resources/Data/balance.json: supports[*].rankLine.rank,,,FALSE,TRUE,Tools/export (core/index.py),
02_phuong_tien/The_ho_tro/rank_line_scale,02_phuong_tien,The_ho_tro,rank_line_scale,32,number,,,,Assets/MachineBrigade/Resources/Data/balance.json: supports[*].rankLine.scale,,,FALSE,TRUE,Tools/export (core/index.py),
02_phuong_tien/The_ho_tro/raw_json,02_phuong_tien,The_ho_tro,raw_json,36,text,,,nguyên bản ghi gốc (JSON),,,,,,Tools/export (core/index.py),
02_phuong_tien/The_ho_tro/so_voi_ban_goc,02_phuong_tien,The_ho_tro,so_voi_ban_goc,5,text,,giong;doi;moi,so với bản gốc (Phien_ban.ban_goc): giong / doi / moi (chưa có ở bản gốc),,,,FALSE,FALSE,Tools/export (core/index.py),
02_phuong_tien/The_ho_tro/ten_en,02_phuong_tien,The_ho_tro,ten_en,2,text,,,tên tiếng Anh (HUD support.<id>),,,,FALSE,FALSE,Tools/export (core/index.py),
02_phuong_tien/The_ho_tro/ten_vi,02_phuong_tien,The_ho_tro,ten_vi,3,text,,,tên tiếng Việt (HUD support.<id>),,,,FALSE,FALSE,Tools/export (core/index.py),
02_phuong_tien/The_ho_tro/tier,02_phuong_tien,The_ho_tro,tier,33,text,,,,Assets/MachineBrigade/Resources/Data/balance.json: supports[*].tier,,,FALSE,TRUE,Tools/export (core/index.py),
02_phuong_tien/The_ho_tro/unit_rank,02_phuong_tien,The_ho_tro,unit_rank,34,int,,,,Assets/MachineBrigade/Resources/Data/balance.json: supports[*].unitRank,,,FALSE,TRUE,Tools/export (core/index.py),
02_phuong_tien/The_ho_tro/units,02_phuong_tien,The_ho_tro,units,4,text,,,đơn vị được thả,Assets/MachineBrigade/Resources/Data/balance.json: supports[*].units[*],,02_phuong_tien/Xe;03_boss/Boss;04_can_cu_thap/Thap;04_can_cu_thap/Tuong;04_can_cu_thap/Mo_dun_tien_ich,FALSE,FALSE,Tools/export (core/index.py),
02_phuong_tien/Tinh_nhue_luat/don_vi,02_phuong_tien,Tinh_nhue_luat,don_vi,6,empty,,,đơn vị của giá trị (trống: không đơn vị hoặc chưa rõ; xem Don_vi_chua_ro),,,,FALSE,FALSE,Tools/export (core/index.py),
02_phuong_tien/Tinh_nhue_luat/gia_tri_chu,02_phuong_tien,Tinh_nhue_luat,gia_tri_chu,5,empty,,,giá trị nếu là chữ (danh sách ngăn ';'),,,,FALSE,FALSE,Tools/export (core/index.py),
02_phuong_tien/Tinh_nhue_luat/gia_tri_so,02_phuong_tien,Tinh_nhue_luat,gia_tri_so,4,number,,,giá trị nếu là số / true-false,Assets/MachineBrigade/Resources/Data/balance.json: elites.…,,,FALSE,FALSE,Tools/export (core/index.py),
02_phuong_tien/Tinh_nhue_luat/id,02_phuong_tien,Tinh_nhue_luat,id,1,text,,,id ổn định (khóa chính),,,,TRUE,FALSE,Tools/export (core/index.py),
02_phuong_tien/Tinh_nhue_luat/khoa,02_phuong_tien,Tinh_nhue_luat,khoa,3,text,,,khóa của lá trong khối,,,,FALSE,FALSE,Tools/export (core/index.py),
02_phuong_tien/Tinh_nhue_luat/nguon,02_phuong_tien,Tinh_nhue_luat,nguon,7,text,,,file + khóa nguồn của dòng,,,,,,Tools/export (core/index.py),
02_phuong_tien/Tinh_nhue_luat/nhom,02_phuong_tien,Tinh_nhue_luat,nhom,2,text,,,khối nguồn (đường dẫn của khối trong file nguồn),,,,FALSE,FALSE,Tools/export (core/index.py),
02_phuong_tien/Tinh_nhue_luat/raw_json,02_phuong_tien,Tinh_nhue_luat,raw_json,8,text,,,nguyên bản ghi gốc (JSON),,,,,,Tools/export (core/index.py),
02_phuong_tien/Trang_bi/flat,02_phuong_tien,Trang_bi,flat,3,bool,,,,Assets/MachineBrigade/Scripts/Game/Match/GearCatalog.cs#Bases: [*].Flat,,,FALSE,TRUE,Tools/export (core/index.py),
02_phuong_tien/Trang_bi/id,02_phuong_tien,Trang_bi,id,1,text,,,id ổn định (khóa chính),Assets/MachineBrigade/Scripts/Game/Match/GearCatalog.cs#Bases: [*].id,,,TRUE,FALSE,Tools/export (core/index.py),
02_phuong_tien/Trang_bi/implicit2,02_phuong_tien,Trang_bi,implicit2,4,text,,,,Assets/MachineBrigade/Scripts/Game/Match/GearCatalog.cs#Bases: [*].Implicit2,,,FALSE,TRUE,Tools/export (core/index.py),
02_phuong_tien/Trang_bi/implicit_stat,02_phuong_tien,Trang_bi,implicit_stat,5,text,,,,Assets/MachineBrigade/Scripts/Game/Match/GearCatalog.cs#Bases: [*].implicitStat,,,FALSE,TRUE,Tools/export (core/index.py),
02_phuong_tien/Trang_bi/main_scale,02_phuong_tien,Trang_bi,main_scale,6,number,,,,Assets/MachineBrigade/Scripts/Game/Match/GearCatalog.cs#Bases: [*].MainScale,,,FALSE,TRUE,Tools/export (core/index.py),
02_phuong_tien/Trang_bi/min_rarity,02_phuong_tien,Trang_bi,min_rarity,7,int,,,,Assets/MachineBrigade/Scripts/Game/Match/GearCatalog.cs#Bases: [*].MinRarity,,,FALSE,TRUE,Tools/export (core/index.py),
02_phuong_tien/Trang_bi/nguon,02_phuong_tien,Trang_bi,nguon,15,text,,,file + khóa nguồn của dòng,,,,,,Tools/export (core/index.py),
02_phuong_tien/Trang_bi/no_subs,02_phuong_tien,Trang_bi,no_subs,8,bool,,,,Assets/MachineBrigade/Scripts/Game/Match/GearCatalog.cs#Bases: [*].NoSubs,,,FALSE,TRUE,Tools/export (core/index.py),
02_phuong_tien/Trang_bi/penalty,02_phuong_tien,Trang_bi,penalty,9,text,,,,Assets/MachineBrigade/Scripts/Game/Match/GearCatalog.cs#Bases: [*].Penalty,,,FALSE,TRUE,Tools/export (core/index.py),
02_phuong_tien/Trang_bi/penalty_top,02_phuong_tien,Trang_bi,penalty_top,10,list,,,,Assets/MachineBrigade/Scripts/Game/Match/GearCatalog.cs#Bases: [*].PenaltyTop[*],,,FALSE,TRUE,Tools/export (core/index.py),
02_phuong_tien/Trang_bi/plating,02_phuong_tien,Trang_bi,plating,11,bool,,,,Assets/MachineBrigade/Scripts/Game/Match/GearCatalog.cs#Bases: [*].Plating,,,FALSE,TRUE,Tools/export (core/index.py),
02_phuong_tien/Trang_bi/raw_json,02_phuong_tien,Trang_bi,raw_json,16,text,,,nguyên bản ghi gốc (JSON),,,,,,Tools/export (core/index.py),
02_phuong_tien/Trang_bi/slot,02_phuong_tien,Trang_bi,slot,12,text,,,,Assets/MachineBrigade/Scripts/Game/Match/GearCatalog.cs#Bases: [*].slot,,,FALSE,TRUE,Tools/export (core/index.py),
02_phuong_tien/Trang_bi/ten_vi,02_phuong_tien,Trang_bi,ten_vi,2,text,,,tên tiếng Việt (HUD gear.base.<id>),,,,FALSE,FALSE,Tools/export (core/index.py),
02_phuong_tien/Trang_bi/top,02_phuong_tien,Trang_bi,top,13,list,,,,Assets/MachineBrigade/Scripts/Game/Match/GearCatalog.cs#Bases: [*].top[*],,,FALSE,TRUE,Tools/export (core/index.py),
02_phuong_tien/Trang_bi/top2,02_phuong_tien,Trang_bi,top2,14,list,,,,Assets/MachineBrigade/Scripts/Game/Match/GearCatalog.cs#Bases: [*].Top2[*],,,FALSE,TRUE,Tools/export (core/index.py),
02_phuong_tien/Trang_bi_bo/four_piece_arg0,02_phuong_tien,Trang_bi_bo,four_piece_arg0,3,text,,,,Assets/MachineBrigade/Scripts/Game/Match/GearCatalog.cs#Brands: [*].fourPiece.arg0,,,FALSE,TRUE,Tools/export (core/index.py),
02_phuong_tien/Trang_bi_bo/four_piece_arg1,02_phuong_tien,Trang_bi_bo,four_piece_arg1,4,number,,,,Assets/MachineBrigade/Scripts/Game/Match/GearCatalog.cs#Brands: [*].fourPiece.arg1,,,FALSE,TRUE,Tools/export (core/index.py),
02_phuong_tien/Trang_bi_bo/four_piece_arg2,02_phuong_tien,Trang_bi_bo,four_piece_arg2,5,number,,,,Assets/MachineBrigade/Scripts/Game/Match/GearCatalog.cs#Brands: [*].fourPiece.arg2,,,FALSE,TRUE,Tools/export (core/index.py),
02_phuong_tien/Trang_bi_bo/four_piece_arg3,02_phuong_tien,Trang_bi_bo,four_piece_arg3,6,int,,,,Assets/MachineBrigade/Scripts/Game/Match/GearCatalog.cs#Brands: [*].fourPiece.arg3,,,FALSE,TRUE,Tools/export (core/index.py),
02_phuong_tien/Trang_bi_bo/id,02_phuong_tien,Trang_bi_bo,id,1,text,,,id ổn định (khóa chính),Assets/MachineBrigade/Scripts/Game/Match/GearCatalog.cs#Brands: [*].id,,,TRUE,FALSE,Tools/export (core/index.py),
02_phuong_tien/Trang_bi_bo/index,02_phuong_tien,Trang_bi_bo,index,7,mixed:int+text,,,,Assets/MachineBrigade/Scripts/Game/Match/GearCatalog.cs#Brands: [*].index,,,FALSE,TRUE,Tools/export (core/index.py),
02_phuong_tien/Trang_bi_bo/nguon,02_phuong_tien,Trang_bi_bo,nguon,15,text,,,file + khóa nguồn của dòng,,,,,,Tools/export (core/index.py),
02_phuong_tien/Trang_bi_bo/raw_json,02_phuong_tien,Trang_bi_bo,raw_json,16,text,,,nguyên bản ghi gốc (JSON),,,,,,Tools/export (core/index.py),
02_phuong_tien/Trang_bi_bo/stat,02_phuong_tien,Trang_bi_bo,stat,8,text,,,,Assets/MachineBrigade/Scripts/Game/Match/GearCatalog.cs#Brands: [*].stat,,,FALSE,TRUE,Tools/export (core/index.py),
02_phuong_tien/Trang_bi_bo/ten_vi,02_phuong_tien,Trang_bi_bo,ten_vi,2,empty,,,tên tiếng Việt (HUD gear.brand.<id>),,,,FALSE,FALSE,Tools/export (core/index.py),
02_phuong_tien/Trang_bi_bo/tower_only,02_phuong_tien,Trang_bi_bo,tower_only,9,bool,,,,Assets/MachineBrigade/Scripts/Game/Match/GearCatalog.cs#Brands: [*].TowerOnly,,,FALSE,TRUE,Tools/export (core/index.py),
02_phuong_tien/Trang_bi_bo/two_piece_arg0,02_phuong_tien,Trang_bi_bo,two_piece_arg0,10,text,,,,Assets/MachineBrigade/Scripts/Game/Match/GearCatalog.cs#Brands: [*].TwoPiece.arg0,,,FALSE,TRUE,Tools/export (core/index.py),
02_phuong_tien/Trang_bi_bo/two_piece_arg1,02_phuong_tien,Trang_bi_bo,two_piece_arg1,11,number,,,,Assets/MachineBrigade/Scripts/Game/Match/GearCatalog.cs#Brands: [*].TwoPiece.arg1,,,FALSE,TRUE,Tools/export (core/index.py),
02_phuong_tien/Trang_bi_bo/two_piece_arg2,02_phuong_tien,Trang_bi_bo,two_piece_arg2,12,int,,,,Assets/MachineBrigade/Scripts/Game/Match/GearCatalog.cs#Brands: [*].TwoPiece.arg2,,,FALSE,TRUE,Tools/export (core/index.py),
02_phuong_tien/Trang_bi_bo/two_piece_arg3,02_phuong_tien,Trang_bi_bo,two_piece_arg3,13,int,,,,Assets/MachineBrigade/Scripts/Game/Match/GearCatalog.cs#Brands: [*].TwoPiece.arg3,,,FALSE,TRUE,Tools/export (core/index.py),
02_phuong_tien/Trang_bi_bo/value,02_phuong_tien,Trang_bi_bo,value,14,number,,,,Assets/MachineBrigade/Scripts/Game/Match/GearCatalog.cs#Brands: [*].value,,,FALSE,TRUE,Tools/export (core/index.py),
02_phuong_tien/Trang_bi_dac_tinh/branches,02_phuong_tien,Trang_bi_dac_tinh,branches,3,text,,,,Assets/MachineBrigade/Scripts/Game/Match/GearCatalog.cs#Traits: [*].branches,,,FALSE,TRUE,Tools/export (core/index.py),
02_phuong_tien/Trang_bi_dac_tinh/epic,02_phuong_tien,Trang_bi_dac_tinh,epic,4,list,,,,Assets/MachineBrigade/Scripts/Game/Match/GearCatalog.cs#Traits: [*].epic[*],,,FALSE,TRUE,Tools/export (core/index.py),
02_phuong_tien/Trang_bi_dac_tinh/id,02_phuong_tien,Trang_bi_dac_tinh,id,1,text,,,id ổn định (khóa chính),Assets/MachineBrigade/Scripts/Game/Match/GearCatalog.cs#Traits: [*].id,,,TRUE,FALSE,Tools/export (core/index.py),
02_phuong_tien/Trang_bi_dac_tinh/legendary,02_phuong_tien,Trang_bi_dac_tinh,legendary,5,list,,,,Assets/MachineBrigade/Scripts/Game/Match/GearCatalog.cs#Traits: [*].legendary[*],,,FALSE,TRUE,Tools/export (core/index.py),
02_phuong_tien/Trang_bi_dac_tinh/nguon,02_phuong_tien,Trang_bi_dac_tinh,nguon,7,text,,,file + khóa nguồn của dòng,,,,,,Tools/export (core/index.py),
02_phuong_tien/Trang_bi_dac_tinh/raw_json,02_phuong_tien,Trang_bi_dac_tinh,raw_json,8,text,,,nguyên bản ghi gốc (JSON),,,,,,Tools/export (core/index.py),
02_phuong_tien/Trang_bi_dac_tinh/slot,02_phuong_tien,Trang_bi_dac_tinh,slot,6,text,,,,Assets/MachineBrigade/Scripts/Game/Match/GearCatalog.cs#Traits: [*].slot,,,FALSE,TRUE,Tools/export (core/index.py),
02_phuong_tien/Trang_bi_dac_tinh/ten_vi,02_phuong_tien,Trang_bi_dac_tinh,ten_vi,2,text,,,tên tiếng Việt (HUD gear.trait.<id>),,,,FALSE,FALSE,Tools/export (core/index.py),
02_phuong_tien/Trang_bi_dong_phu/id,02_phuong_tien,Trang_bi_dong_phu,id,1,text,,,id ổn định (khóa chính),Assets/MachineBrigade/Scripts/Game/Match/GearCatalog.cs#Subs: [*].stat,,,TRUE,FALSE,Tools/export (core/index.py),
02_phuong_tien/Trang_bi_dong_phu/nguon,02_phuong_tien,Trang_bi_dong_phu,nguon,6,text,,,file + khóa nguồn của dòng,,,,,,Tools/export (core/index.py),
02_phuong_tien/Trang_bi_dong_phu/raw_json,02_phuong_tien,Trang_bi_dong_phu,raw_json,7,text,,,nguyên bản ghi gốc (JSON),,,,,,Tools/export (core/index.py),
02_phuong_tien/Trang_bi_dong_phu/slots,02_phuong_tien,Trang_bi_dong_phu,slots,3,list,,,,Assets/MachineBrigade/Scripts/Game/Match/GearCatalog.cs#Subs: [*].slots[*],,,FALSE,TRUE,Tools/export (core/index.py),
02_phuong_tien/Trang_bi_dong_phu/ten_vi,02_phuong_tien,Trang_bi_dong_phu,ten_vi,2,empty,,,tên tiếng Việt (HUD gear.sub.<id>),,,,FALSE,FALSE,Tools/export (core/index.py),
02_phuong_tien/Trang_bi_dong_phu/values,02_phuong_tien,Trang_bi_dong_phu,values,4,list,,,,Assets/MachineBrigade/Scripts/Game/Match/GearCatalog.cs#Subs: [*].values[*],,,FALSE,TRUE,Tools/export (core/index.py),
02_phuong_tien/Trang_bi_dong_phu/weight,02_phuong_tien,Trang_bi_dong_phu,weight,5,number,,,,Assets/MachineBrigade/Scripts/Game/Match/GearCatalog.cs#Subs: [*].weight,,,FALSE,TRUE,Tools/export (core/index.py),
02_phuong_tien/Trang_bi_mo_dun/epic,02_phuong_tien,Trang_bi_mo_dun,epic,3,number,,,,Assets/MachineBrigade/Scripts/Game/Match/GearCatalog.cs#Modules: [*].epic,,,FALSE,TRUE,Tools/export (core/index.py),
02_phuong_tien/Trang_bi_mo_dun/epic2,02_phuong_tien,Trang_bi_mo_dun,epic2,4,int,,,,Assets/MachineBrigade/Scripts/Game/Match/GearCatalog.cs#Modules: [*].epic2,,,FALSE,TRUE,Tools/export (core/index.py),
02_phuong_tien/Trang_bi_mo_dun/id,02_phuong_tien,Trang_bi_mo_dun,id,1,text,,,id ổn định (khóa chính),Assets/MachineBrigade/Scripts/Game/Match/GearCatalog.cs#Modules: [*].module,,,TRUE,FALSE,Tools/export (core/index.py),
02_phuong_tien/Trang_bi_mo_dun/legendary,02_phuong_tien,Trang_bi_mo_dun,legendary,5,number,,,,Assets/MachineBrigade/Scripts/Game/Match/GearCatalog.cs#Modules: [*].legendary,,,FALSE,TRUE,Tools/export (core/index.py),
02_phuong_tien/Trang_bi_mo_dun/legendary2,02_phuong_tien,Trang_bi_mo_dun,legendary2,6,int,,,,Assets/MachineBrigade/Scripts/Game/Match/GearCatalog.cs#Modules: [*].legendary2,,,FALSE,TRUE,Tools/export (core/index.py),
02_phuong_tien/Trang_bi_mo_dun/need,02_phuong_tien,Trang_bi_mo_dun,need,7,text,,,,Assets/MachineBrigade/Scripts/Game/Match/GearCatalog.cs#Modules: [*].need,,,FALSE,TRUE,Tools/export (core/index.py),
02_phuong_tien/Trang_bi_mo_dun/nguon,02_phuong_tien,Trang_bi_mo_dun,nguon,8,text,,,file + khóa nguồn của dòng,,,,,,Tools/export (core/index.py),
02_phuong_tien/Trang_bi_mo_dun/raw_json,02_phuong_tien,Trang_bi_mo_dun,raw_json,9,text,,,nguyên bản ghi gốc (JSON),,,,,,Tools/export (core/index.py),
02_phuong_tien/Trang_bi_mo_dun/ten_vi,02_phuong_tien,Trang_bi_mo_dun,ten_vi,2,empty,,,tên tiếng Việt (HUD gear.module.<id>),,,,FALSE,FALSE,Tools/export (core/index.py),
02_phuong_tien/Xe/air_cap_free,02_phuong_tien,Xe,air_cap_free,67,bool,,,,Assets/MachineBrigade/Resources/Data/balance.json: vehicles[*].airCapFree,,,FALSE,TRUE,Tools/export (core/index.py),
02_phuong_tien/Xe/air_rearm_radius_m,02_phuong_tien,Xe,air_rearm_radius_m,68,int,m,,,Assets/MachineBrigade/Resources/Data/balance.json: vehicles[*].airRearm.radius,,,FALSE,TRUE,Tools/export (core/index.py),
02_phuong_tien/Xe/air_rearm_rate,02_phuong_tien,Xe,air_rearm_rate,69,int,,,,Assets/MachineBrigade/Resources/Data/balance.json: vehicles[*].airRearm.rate,,,FALSE,TRUE,Tools/export (core/index.py),
02_phuong_tien/Xe/alt_models,02_phuong_tien,Xe,alt_models,70,list,,,,Assets/MachineBrigade/Resources/Data/balance.json: vehicles[*].altModels[*],,,FALSE,TRUE,Tools/export (core/index.py),
02_phuong_tien/Xe/altitude_m,02_phuong_tien,Xe,altitude_m,71,int,m,,,Assets/MachineBrigade/Resources/Data/balance.json: vehicles[*].altitude,,,FALSE,TRUE,Tools/export (core/index.py),
02_phuong_tien/Xe/armour,02_phuong_tien,Xe,armour,72,int,,,,Assets/MachineBrigade/Resources/Data/balance.json: vehicles[*].armour,,,FALSE,TRUE,Tools/export (core/index.py),
02_phuong_tien/Xe/armour_front,02_phuong_tien,Xe,armour_front,73,int,,,,Assets/MachineBrigade/Resources/Data/balance.json: vehicles[*].armour[*],,,FALSE,TRUE,Tools/export (core/index.py),
02_phuong_tien/Xe/armour_rear,02_phuong_tien,Xe,armour_rear,74,int,,,,Assets/MachineBrigade/Resources/Data/balance.json: vehicles[*].armour[*],,,FALSE,TRUE,Tools/export (core/index.py),
02_phuong_tien/Xe/armour_side,02_phuong_tien,Xe,armour_side,75,int,,,,Assets/MachineBrigade/Resources/Data/balance.json: vehicles[*].armour[*],,,FALSE,TRUE,Tools/export (core/index.py),
02_phuong_tien/Xe/armour_top,02_phuong_tien,Xe,armour_top,76,int,,,,Assets/MachineBrigade/Resources/Data/balance.json: vehicles[*].armour[*],,,FALSE,TRUE,Tools/export (core/index.py),
02_phuong_tien/Xe/attack_hold_s,02_phuong_tien,Xe,attack_hold_s,77,number,s,,,Assets/MachineBrigade/Resources/Data/balance.json: vehicles[*].attackHold,,,FALSE,TRUE,Tools/export (core/index.py),
02_phuong_tien/Xe/ban_khi_chay,02_phuong_tien,Xe,ban_khi_chay,27,bool,,,"bắn khi chạy (firesWhileMoving, mặc định true)",Assets/MachineBrigade/Resources/Data/balance.json: vehicles[*] sau inherits (Catalog.cs),,,FALSE,FALSE,Tools/export (core/index.py),
02_phuong_tien/Xe/ban_kinh_m,02_phuong_tien,Xe,ban_kinh_m,21,number,m,,bán kính va chạm / trúng đạn,Assets/MachineBrigade/Resources/Data/balance.json: vehicles[*] sau inherits (Catalog.cs),,,FALSE,FALSE,Tools/export (core/index.py),
02_phuong_tien/Xe/ban_tinh_nhue,02_phuong_tien,Xe,ban_tinh_nhue,64,text,,,bản tinh nhuệ của xe này,,,02_phuong_tien/Xe,FALSE,FALSE,Tools/export (core/index.py),
02_phuong_tien/Xe/base_cp,02_phuong_tien,Xe,base_cp,9,int,CP,,giá thẻ (cp) sau inherits; 0 = không bán,Assets/MachineBrigade/Resources/Data/balance.json: vehicles[*] sau inherits (Catalog.cs),,,FALSE,FALSE,Tools/export (core/index.py),
02_phuong_tien/Xe/base_cp_sau,02_phuong_tien,Xe,base_cp_sau,40,int,,,base_cp bây giờ (chỉ điền khi đổi),,,,FALSE,FALSE,Tools/export (core/index.py),
02_phuong_tien/Xe/base_cp_truoc,02_phuong_tien,Xe,base_cp_truoc,39,int,,,base_cp ở bản gốc (chỉ điền khi đổi),,,,FALSE,FALSE,Tools/export (core/index.py),
02_phuong_tien/Xe/bay,02_phuong_tien,Xe,bay,24,bool,,,bay (flying),Assets/MachineBrigade/Resources/Data/balance.json: vehicles[*] sau inherits (Catalog.cs),,,FALSE,FALSE,Tools/export (core/index.py),
02_phuong_tien/Xe/breacher,02_phuong_tien,Xe,breacher,78,bool,,,,Assets/MachineBrigade/Resources/Data/balance.json: vehicles[*].breacher,,,FALSE,TRUE,Tools/export (core/index.py),
02_phuong_tien/Xe/capture_rate,02_phuong_tien,Xe,capture_rate,79,number,,,,Assets/MachineBrigade/Resources/Data/balance.json: vehicles[*].captureRate,,,FALSE,TRUE,Tools/export (core/index.py),
02_phuong_tien/Xe/card,02_phuong_tien,Xe,card,80,bool,,,,Assets/MachineBrigade/Resources/Data/balance.json: vehicles[*].card,,,FALSE,TRUE,Tools/export (core/index.py),
02_phuong_tien/Xe/ceiling_m,02_phuong_tien,Xe,ceiling_m,81,text,m,,,Assets/MachineBrigade/Resources/Data/balance.json: vehicles[*].ceiling,,,FALSE,TRUE,Tools/export (core/index.py),
02_phuong_tien/Xe/class,02_phuong_tien,Xe,class,82,text,,,,Assets/MachineBrigade/Resources/Data/balance.json: vehicles[*].class,,,FALSE,TRUE,Tools/export (core/index.py),
02_phuong_tien/Xe/command_aura_fire_rate,02_phuong_tien,Xe,command_aura_fire_rate,83,number,,,,Assets/MachineBrigade/Resources/Data/balance.json: vehicles[*].commandAura.fireRate,,,FALSE,TRUE,Tools/export (core/index.py),
02_phuong_tien/Xe/command_aura_radius_m,02_phuong_tien,Xe,command_aura_radius_m,84,int,m,,,Assets/MachineBrigade/Resources/Data/balance.json: vehicles[*].commandAura.radius,,,FALSE,TRUE,Tools/export (core/index.py),
02_phuong_tien/Xe/cong_trinh,02_phuong_tien,Xe,cong_trinh,16,bool,,,"là công trình (structure): giáp đều, hệ số Structure",Assets/MachineBrigade/Resources/Data/balance.json: vehicles[*] sau inherits (Catalog.cs),,,FALSE,FALSE,Tools/export (core/index.py),
02_phuong_tien/Xe/counter_battery_bonus,02_phuong_tien,Xe,counter_battery_bonus,85,number,,,,Assets/MachineBrigade/Resources/Data/balance.json: vehicles[*].counterBattery.bonus,,,FALSE,TRUE,Tools/export (core/index.py),
02_phuong_tien/Xe/counter_battery_range_m,02_phuong_tien,Xe,counter_battery_range_m,86,int,m,,,Assets/MachineBrigade/Resources/Data/balance.json: vehicles[*].counterBattery.range,,,FALSE,TRUE,Tools/export (core/index.py),
02_phuong_tien/Xe/counter_battery_seconds_s,02_phuong_tien,Xe,counter_battery_seconds_s,87,int,s,,,Assets/MachineBrigade/Resources/Data/balance.json: vehicles[*].counterBattery.seconds,,,FALSE,TRUE,Tools/export (core/index.py),
02_phuong_tien/Xe/cp,02_phuong_tien,Xe,cp,88,int,CP,,,Assets/MachineBrigade/Resources/Data/balance.json: vehicles[*].cp,,,FALSE,TRUE,Tools/export (core/index.py),
02_phuong_tien/Xe/dai_m,02_phuong_tien,Xe,dai_m,22,number,m,,dài thân = length x scale,Assets/MachineBrigade/Resources/Data/balance.json: vehicles[*] sau inherits (Catalog.cs),,,FALSE,FALSE,Tools/export (core/index.py),
02_phuong_tien/Xe/damage_scale,02_phuong_tien,Xe,damage_scale,89,number,,,,Assets/MachineBrigade/Resources/Data/balance.json: vehicles[*].damageScale,,,FALSE,TRUE,Tools/export (core/index.py),
02_phuong_tien/Xe/death_explosion_damage,02_phuong_tien,Xe,death_explosion_damage,90,int,,,,Assets/MachineBrigade/Resources/Data/balance.json: vehicles[*].deathExplosion.damage,,,FALSE,TRUE,Tools/export (core/index.py),
02_phuong_tien/Xe/death_explosion_delay_s,02_phuong_tien,Xe,death_explosion_delay_s,91,number,s,,,Assets/MachineBrigade/Resources/Data/balance.json: vehicles[*].deathExplosion.delay,,,FALSE,TRUE,Tools/export (core/index.py),
02_phuong_tien/Xe/death_explosion_radius_m,02_phuong_tien,Xe,death_explosion_radius_m,92,int,m,,,Assets/MachineBrigade/Resources/Data/balance.json: vehicles[*].deathExplosion.radius,,,FALSE,TRUE,Tools/export (core/index.py),
02_phuong_tien/Xe/death_explosion_tier,02_phuong_tien,Xe,death_explosion_tier,93,text,,,,Assets/MachineBrigade/Resources/Data/balance.json: vehicles[*].deathExplosion.tier,,,FALSE,TRUE,Tools/export (core/index.py),
02_phuong_tien/Xe/deploy_arc_deg,02_phuong_tien,Xe,deploy_arc_deg,94,int,deg,,,Assets/MachineBrigade/Resources/Data/balance.json: vehicles[*].deploy.arc,,,FALSE,TRUE,Tools/export (core/index.py),
02_phuong_tien/Xe/deploy_front,02_phuong_tien,Xe,deploy_front,95,int,,,,Assets/MachineBrigade/Resources/Data/balance.json: vehicles[*].deploy.front,,,FALSE,TRUE,Tools/export (core/index.py),
02_phuong_tien/Xe/deploy_range_m,02_phuong_tien,Xe,deploy_range_m,96,number,m,,,Assets/MachineBrigade/Resources/Data/balance.json: vehicles[*].deploy.range,,,FALSE,TRUE,Tools/export (core/index.py),
02_phuong_tien/Xe/deploy_seconds_s,02_phuong_tien,Xe,deploy_seconds_s,97,number,s,,,Assets/MachineBrigade/Resources/Data/balance.json: vehicles[*].deploy.seconds,,,FALSE,TRUE,Tools/export (core/index.py),
02_phuong_tien/Xe/deploy_siege,02_phuong_tien,Xe,deploy_siege,98,bool,,,,Assets/MachineBrigade/Resources/Data/balance.json: vehicles[*].deploy.siege,,,FALSE,TRUE,Tools/export (core/index.py),
02_phuong_tien/Xe/deploy_tank_mount,02_phuong_tien,Xe,deploy_tank_mount,99,int,,,,Assets/MachineBrigade/Resources/Data/balance.json: vehicles[*].deploy.tankMount,,,FALSE,TRUE,Tools/export (core/index.py),
02_phuong_tien/Xe/do_cao_m,02_phuong_tien,Xe,do_cao_m,25,int,m,,"độ cao bay (altitude, mặc định 0)",Assets/MachineBrigade/Resources/Data/balance.json: vehicles[*] sau inherits (Catalog.cs),,,FALSE,FALSE,Tools/export (core/index.py),
02_phuong_tien/Xe/dome_hp,02_phuong_tien,Xe,dome_hp,100,int,hp,,,Assets/MachineBrigade/Resources/Data/balance.json: vehicles[*].dome.hp,,,FALSE,TRUE,Tools/export (core/index.py),
02_phuong_tien/Xe/dome_radius_m,02_phuong_tien,Xe,dome_radius_m,101,int,m,,,Assets/MachineBrigade/Resources/Data/balance.json: vehicles[*].dome.radius,,,FALSE,TRUE,Tools/export (core/index.py),
02_phuong_tien/Xe/dome_recharge_s,02_phuong_tien,Xe,dome_recharge_s,102,int,s,,,Assets/MachineBrigade/Resources/Data/balance.json: vehicles[*].dome.recharge,,,FALSE,TRUE,Tools/export (core/index.py),
02_phuong_tien/Xe/drone,02_phuong_tien,Xe,drone,103,bool,,,,Assets/MachineBrigade/Resources/Data/balance.json: vehicles[*].drone,,,FALSE,TRUE,Tools/export (core/index.py),
02_phuong_tien/Xe/drone_armor,02_phuong_tien,Xe,drone_armor,104,number,,,,Assets/MachineBrigade/Resources/Data/balance.json: vehicles[*].droneArmor,,,FALSE,TRUE,Tools/export (core/index.py),
02_phuong_tien/Xe/drone_hunt_reach_m,02_phuong_tien,Xe,drone_hunt_reach_m,105,int,m,,,Assets/MachineBrigade/Resources/Data/balance.json: vehicles[*].droneHunt.reach,,,FALSE,TRUE,Tools/export (core/index.py),
02_phuong_tien/Xe/drop_delay_s,02_phuong_tien,Xe,drop_delay_s,106,number,s,,,Assets/MachineBrigade/Resources/Data/balance.json: vehicles[*].dropDelay,,,FALSE,TRUE,Tools/export (core/index.py),
02_phuong_tien/Xe/dung_yen,02_phuong_tien,Xe,dung_yen,26,bool,,,đứng yên (static),Assets/MachineBrigade/Resources/Data/balance.json: vehicles[*] sau inherits (Catalog.cs),,,FALSE,FALSE,Tools/export (core/index.py),
02_phuong_tien/Xe/elite,02_phuong_tien,Xe,elite,107,bool,,,,Assets/MachineBrigade/Resources/Data/balance.json: vehicles[*].elite,,,FALSE,TRUE,Tools/export (core/index.py),
02_phuong_tien/Xe/elite_of,02_phuong_tien,Xe,elite_of,108,text,,,,Assets/MachineBrigade/Resources/Data/balance.json: vehicles[*].eliteOf,,,FALSE,TRUE,Tools/export (core/index.py),
02_phuong_tien/Xe/fires_while_moving,02_phuong_tien,Xe,fires_while_moving,109,bool,,,,Assets/MachineBrigade/Resources/Data/balance.json: vehicles[*].firesWhileMoving,,,FALSE,TRUE,Tools/export (core/index.py),
02_phuong_tien/Xe/fixed_wing,02_phuong_tien,Xe,fixed_wing,110,bool,,,,Assets/MachineBrigade/Resources/Data/balance.json: vehicles[*].fixedWing,,,FALSE,TRUE,Tools/export (core/index.py),
02_phuong_tien/Xe/flight_tier,02_phuong_tien,Xe,flight_tier,111,text,,,,Assets/MachineBrigade/Resources/Data/balance.json: vehicles[*].flightTier,,,FALSE,TRUE,Tools/export (core/index.py),
02_phuong_tien/Xe/flying,02_phuong_tien,Xe,flying,112,bool,,,,Assets/MachineBrigade/Resources/Data/balance.json: vehicles[*].flying,,,FALSE,TRUE,Tools/export (core/index.py),
02_phuong_tien/Xe/forward_drop,02_phuong_tien,Xe,forward_drop,113,int,,,,Assets/MachineBrigade/Resources/Data/balance.json: vehicles[*].forwardDrop,,,FALSE,TRUE,Tools/export (core/index.py),
02_phuong_tien/Xe/gia_quan_cp,02_phuong_tien,Xe,gia_quan_cp,61,int,CP,,"giá tính quân (elite: max(1, round(cp gốc x elites.costScale)), Catalog.EliteCost)",,,,FALSE,FALSE,Tools/export (core/index.py),
02_phuong_tien/Xe/giap_hong,02_phuong_tien,Xe,giap_hong,13,int,,,giáp hông,Assets/MachineBrigade/Resources/Data/balance.json: vehicles[*] sau inherits (Catalog.cs),,,FALSE,FALSE,Tools/export (core/index.py),
02_phuong_tien/Xe/giap_hong_sau,02_phuong_tien,Xe,giap_hong_sau,46,empty,,,giap_hong bây giờ (chỉ điền khi đổi),,,,FALSE,FALSE,Tools/export (core/index.py),
02_phuong_tien/Xe/giap_hong_truoc,02_phuong_tien,Xe,giap_hong_truoc,45,empty,,,giap_hong ở bản gốc (chỉ điền khi đổi),,,,FALSE,FALSE,Tools/export (core/index.py),
02_phuong_tien/Xe/giap_noc,02_phuong_tien,Xe,giap_noc,15,int,,,giáp nóc,Assets/MachineBrigade/Resources/Data/balance.json: vehicles[*] sau inherits (Catalog.cs),,,FALSE,FALSE,Tools/export (core/index.py),
02_phuong_tien/Xe/giap_noc_sau,02_phuong_tien,Xe,giap_noc_sau,50,empty,,,giap_noc bây giờ (chỉ điền khi đổi),,,,FALSE,FALSE,Tools/export (core/index.py),
02_phuong_tien/Xe/giap_noc_truoc,02_phuong_tien,Xe,giap_noc_truoc,49,empty,,,giap_noc ở bản gốc (chỉ điền khi đổi),,,,FALSE,FALSE,Tools/export (core/index.py),
02_phuong_tien/Xe/giap_sau,02_phuong_tien,Xe,giap_sau,14,int,,,giáp sau,Assets/MachineBrigade/Resources/Data/balance.json: vehicles[*] sau inherits (Catalog.cs),,,FALSE,FALSE,Tools/export (core/index.py),
02_phuong_tien/Xe/giap_sau_sau,02_phuong_tien,Xe,giap_sau_sau,48,empty,,,giap_sau bây giờ (chỉ điền khi đổi),,,,FALSE,FALSE,Tools/export (core/index.py),
02_phuong_tien/Xe/giap_sau_truoc,02_phuong_tien,Xe,giap_sau_truoc,47,empty,,,giap_sau ở bản gốc (chỉ điền khi đổi),,,,FALSE,FALSE,Tools/export (core/index.py),
02_phuong_tien/Xe/giap_truoc,02_phuong_tien,Xe,giap_truoc,12,int,,,"giáp mặt trước 0-5 (Armour.cs: một số = trước, hông -1, sau / nóc -2; bay / công trình: đều)",Assets/MachineBrigade/Resources/Data/balance.json: vehicles[*] sau inherits (Catalog.cs),,,FALSE,FALSE,Tools/export (core/index.py),
02_phuong_tien/Xe/giap_truoc_sau,02_phuong_tien,Xe,giap_truoc_sau,44,empty,,,giap_truoc bây giờ (chỉ điền khi đổi),,,,FALSE,FALSE,Tools/export (core/index.py),
02_phuong_tien/Xe/giap_truoc_truoc,02_phuong_tien,Xe,giap_truoc_truoc,43,empty,,,giap_truoc ở bản gốc (chỉ điền khi đổi),,,,FALSE,FALSE,Tools/export (core/index.py),
02_phuong_tien/Xe/glide_release,02_phuong_tien,Xe,glide_release,114,bool,,,,Assets/MachineBrigade/Resources/Data/balance.json: vehicles[*].glideRelease,,,FALSE,TRUE,Tools/export (core/index.py),
02_phuong_tien/Xe/he_so_sat_thuong_ra,02_phuong_tien,Xe,he_so_sat_thuong_ra,30,number,,,"outgoingDamageMult (mặc định 1, kẹp 0,1-10)",Assets/MachineBrigade/Resources/Data/balance.json: vehicles[*] sau inherits (Catalog.cs),,,FALSE,FALSE,Tools/export (core/index.py),
02_phuong_tien/Xe/he_so_sat_thuong_ra_sau,02_phuong_tien,Xe,he_so_sat_thuong_ra_sau,60,number,,,he_so_sat_thuong_ra bây giờ (chỉ điền khi đổi),,,,FALSE,FALSE,Tools/export (core/index.py),
02_phuong_tien/Xe/he_so_sat_thuong_ra_truoc,02_phuong_tien,Xe,he_so_sat_thuong_ra_truoc,59,int,,,he_so_sat_thuong_ra ở bản gốc (chỉ điền khi đổi),,,,FALSE,FALSE,Tools/export (core/index.py),
02_phuong_tien/Xe/hoi_tu_ve_s,02_phuong_tien,Xe,hoi_tu_ve_s,36,number,s,,hồi tự vệ (aps.recharge hoặc flareRecharge),Assets/MachineBrigade/Resources/Data/balance.json: vehicles[*] sau inherits (Catalog.cs),,,FALSE,FALSE,Tools/export (core/index.py),
02_phuong_tien/Xe/hp,02_phuong_tien,Xe,hp,115,int,hp,,,Assets/MachineBrigade/Resources/Data/balance.json: vehicles[*].hp,,,FALSE,TRUE,Tools/export (core/index.py),
02_phuong_tien/Xe/id,02_phuong_tien,Xe,id,1,text,,,id ổn định (khóa chính),Assets/MachineBrigade/Resources/Data/balance.json: vehicles[*].id,,,TRUE,FALSE,Tools/export (core/index.py),
02_phuong_tien/Xe/inherits,02_phuong_tien,Xe,inherits,116,text,,,,Assets/MachineBrigade/Resources/Data/balance.json: vehicles[*].inherits,,,FALSE,TRUE,Tools/export (core/index.py),
02_phuong_tien/Xe/interceptor,02_phuong_tien,Xe,interceptor,117,bool,,,,Assets/MachineBrigade/Resources/Data/balance.json: vehicles[*].interceptor,,,FALSE,TRUE,Tools/export (core/index.py),
02_phuong_tien/Xe/jammer,02_phuong_tien,Xe,jammer,118,int,,,,Assets/MachineBrigade/Resources/Data/balance.json: vehicles[*].jammer,,,FALSE,TRUE,Tools/export (core/index.py),
02_phuong_tien/Xe/kamikaze,02_phuong_tien,Xe,kamikaze,119,bool,,,,Assets/MachineBrigade/Resources/Data/balance.json: vehicles[*].kamikaze,,,FALSE,TRUE,Tools/export (core/index.py),
02_phuong_tien/Xe/ke_thua_tu,02_phuong_tien,Xe,ke_thua_tu,8,text,,,bản ghi cha (inherits),Assets/MachineBrigade/Resources/Data/balance.json: vehicles[*] sau inherits (Catalog.cs),,,FALSE,FALSE,Tools/export (core/index.py),
02_phuong_tien/Xe/length_m,02_phuong_tien,Xe,length_m,120,number,m,,,Assets/MachineBrigade/Resources/Data/balance.json: vehicles[*].length,,,FALSE,TRUE,Tools/export (core/index.py),
02_phuong_tien/Xe/loads_air_to_air,02_phuong_tien,Xe,loads_air_to_air,121,int,,,,Assets/MachineBrigade/Resources/Data/balance.json: vehicles[*].loads.air_to_air,,,FALSE,TRUE,Tools/export (core/index.py),
02_phuong_tien/Xe/loads_jassm,02_phuong_tien,Xe,loads_jassm,122,int,,,,Assets/MachineBrigade/Resources/Data/balance.json: vehicles[*].loads.jassm,,,FALSE,TRUE,Tools/export (core/index.py),
02_phuong_tien/Xe/loads_jet_bombs,02_phuong_tien,Xe,loads_jet_bombs,123,int,,,,Assets/MachineBrigade/Resources/Data/balance.json: vehicles[*].loads.jet_bombs,,,FALSE,TRUE,Tools/export (core/index.py),
02_phuong_tien/Xe/loai_thuc_the,02_phuong_tien,Xe,loai_thuc_the,2,text,,xe;tinh_nhue;vat_pham,"xe / tinh_nhue / vat_pham (card false: chỉ thả qua thẻ hỗ trợ, sự kiện)",,,,FALSE,FALSE,Tools/export (core/index.py),
02_phuong_tien/Xe/lop,02_phuong_tien,Xe,lop,6,text,,,lớp (class) sau inherits,Assets/MachineBrigade/Resources/Data/balance.json: vehicles[*] sau inherits (Catalog.cs),,,FALSE,FALSE,Tools/export (core/index.py),
02_phuong_tien/Xe/main_aim,02_phuong_tien,Xe,main_aim,124,text,,,,Assets/MachineBrigade/Resources/Data/balance.json: vehicles[*].mainAim,,,FALSE,TRUE,Tools/export (core/index.py),
02_phuong_tien/Xe/main_slot,02_phuong_tien,Xe,main_slot,125,text,,,,Assets/MachineBrigade/Resources/Data/balance.json: vehicles[*].mainSlot,,,FALSE,TRUE,Tools/export (core/index.py),
02_phuong_tien/Xe/mark,02_phuong_tien,Xe,mark,126,text,,,,Assets/MachineBrigade/Resources/Data/balance.json: vehicles[*].mark,,,FALSE,TRUE,Tools/export (core/index.py),
02_phuong_tien/Xe/marked_spread,02_phuong_tien,Xe,marked_spread,127,number,,,,Assets/MachineBrigade/Resources/Data/balance.json: vehicles[*].markedSpread,,,FALSE,TRUE,Tools/export (core/index.py),
02_phuong_tien/Xe/mau_hp,02_phuong_tien,Xe,mau_hp,10,int,hp,,máu trong dữ liệu (hp) sau inherits,Assets/MachineBrigade/Resources/Data/balance.json: vehicles[*] sau inherits (Catalog.cs),,,FALSE,FALSE,Tools/export (core/index.py),
02_phuong_tien/Xe/mau_hp_sau,02_phuong_tien,Xe,mau_hp_sau,42,int,,,mau_hp bây giờ (chỉ điền khi đổi),,,,FALSE,FALSE,Tools/export (core/index.py),
02_phuong_tien/Xe/mau_hp_truoc,02_phuong_tien,Xe,mau_hp_truoc,41,int,,,mau_hp ở bản gốc (chỉ điền khi đổi),,,,FALSE,FALSE,Tools/export (core/index.py),
02_phuong_tien/Xe/mau_trong_tran_hp,02_phuong_tien,Xe,mau_trong_tran_hp,11,number,hp,,"máu trong trận = hp x toughness.vehicles (boss: toughness.bosses; trước hệ số hạng boss, độ khó, chiến dịch)",Assets/MachineBrigade/Resources/Data/balance.json: vehicles[*] sau inherits (Catalog.cs),,,FALSE,FALSE,Tools/export (core/index.py),
02_phuong_tien/Xe/max_per_side,02_phuong_tien,Xe,max_per_side,128,int,,,,Assets/MachineBrigade/Resources/Data/balance.json: vehicles[*].maxPerSide,,,FALSE,TRUE,Tools/export (core/index.py),
02_phuong_tien/Xe/microwave_arc_deg,02_phuong_tien,Xe,microwave_arc_deg,129,int,deg,,,Assets/MachineBrigade/Resources/Data/balance.json: vehicles[*].microwave.arc,,,FALSE,TRUE,Tools/export (core/index.py),
02_phuong_tien/Xe/microwave_cooldown_s,02_phuong_tien,Xe,microwave_cooldown_s,130,int,s,,,Assets/MachineBrigade/Resources/Data/balance.json: vehicles[*].microwave.cooldown,,,FALSE,TRUE,Tools/export (core/index.py),
02_phuong_tien/Xe/microwave_range_m,02_phuong_tien,Xe,microwave_range_m,131,int,m,,,Assets/MachineBrigade/Resources/Data/balance.json: vehicles[*].microwave.range,,,FALSE,TRUE,Tools/export (core/index.py),
02_phuong_tien/Xe/mine_armor,02_phuong_tien,Xe,mine_armor,132,number,,,,Assets/MachineBrigade/Resources/Data/balance.json: vehicles[*].mineArmor,,,FALSE,TRUE,Tools/export (core/index.py),
02_phuong_tien/Xe/mine_proof,02_phuong_tien,Xe,mine_proof,133,bool,,,,Assets/MachineBrigade/Resources/Data/balance.json: vehicles[*].mineProof,,,FALSE,TRUE,Tools/export (core/index.py),
02_phuong_tien/Xe/mines_damage,02_phuong_tien,Xe,mines_damage,134,int,,,,Assets/MachineBrigade/Resources/Data/balance.json: vehicles[*].mines.damage,,,FALSE,TRUE,Tools/export (core/index.py),
02_phuong_tien/Xe/mines_interval,02_phuong_tien,Xe,mines_interval,135,int,,,,Assets/MachineBrigade/Resources/Data/balance.json: vehicles[*].mines.interval,,,FALSE,TRUE,Tools/export (core/index.py),
02_phuong_tien/Xe/mines_max,02_phuong_tien,Xe,mines_max,136,int,,,,Assets/MachineBrigade/Resources/Data/balance.json: vehicles[*].mines.max,,,FALSE,TRUE,Tools/export (core/index.py),
02_phuong_tien/Xe/mines_radius_m,02_phuong_tien,Xe,mines_radius_m,137,int,m,,,Assets/MachineBrigade/Resources/Data/balance.json: vehicles[*].mines.radius,,,FALSE,TRUE,Tools/export (core/index.py),
02_phuong_tien/Xe/mines_spread,02_phuong_tien,Xe,mines_spread,138,int,,,,Assets/MachineBrigade/Resources/Data/balance.json: vehicles[*].mines.spread,,,FALSE,TRUE,Tools/export (core/index.py),
02_phuong_tien/Xe/mines_tier,02_phuong_tien,Xe,mines_tier,139,text,,,,Assets/MachineBrigade/Resources/Data/balance.json: vehicles[*].mines.tier,,,FALSE,TRUE,Tools/export (core/index.py),
02_phuong_tien/Xe/mines_trigger,02_phuong_tien,Xe,mines_trigger,140,number,,,,Assets/MachineBrigade/Resources/Data/balance.json: vehicles[*].mines.trigger,,,FALSE,TRUE,Tools/export (core/index.py),
02_phuong_tien/Xe/mo_hinh,02_phuong_tien,Xe,mo_hinh,37,text,,,"model GLB (model, mặc định cha hoặc id)",Assets/MachineBrigade/Resources/Data/balance.json: vehicles[*] sau inherits (Catalog.cs),,,FALSE,FALSE,Tools/export (core/index.py),
02_phuong_tien/Xe/mo_khoa,02_phuong_tien,Xe,mo_khoa,66,empty,,,mở khóa (chiến dịch / xu: đọc ở 11 và 07),,,,FALSE,FALSE,Tools/export (core/index.py),
02_phuong_tien/Xe/model,02_phuong_tien,Xe,model,141,text,,,,Assets/MachineBrigade/Resources/Data/balance.json: vehicles[*].model,,,FALSE,TRUE,Tools/export (core/index.py),
02_phuong_tien/Xe/model_size_height_m,02_phuong_tien,Xe,model_size_height_m,142,number,m,,,Assets/MachineBrigade/Resources/Data/balance.json: vehicles[*].modelSize[*],,,FALSE,TRUE,Tools/export (core/index.py),
02_phuong_tien/Xe/model_size_length_m,02_phuong_tien,Xe,model_size_length_m,143,number,m,,,Assets/MachineBrigade/Resources/Data/balance.json: vehicles[*].modelSize[*],,,FALSE,TRUE,Tools/export (core/index.py),
02_phuong_tien/Xe/model_size_width_m,02_phuong_tien,Xe,model_size_width_m,144,number,m,,,Assets/MachineBrigade/Resources/Data/balance.json: vehicles[*].modelSize[*],,,FALSE,TRUE,Tools/export (core/index.py),
02_phuong_tien/Xe/naval_dash_every,02_phuong_tien,Xe,naval_dash_every,145,int,,,,Assets/MachineBrigade/Resources/Data/balance.json: vehicles[*].naval.dashEvery,,,FALSE,TRUE,Tools/export (core/index.py),
02_phuong_tien/Xe/naval_dash_hold,02_phuong_tien,Xe,naval_dash_hold,146,int,,,,Assets/MachineBrigade/Resources/Data/balance.json: vehicles[*].naval.dashHold,,,FALSE,TRUE,Tools/export (core/index.py),
02_phuong_tien/Xe/naval_dash_w,02_phuong_tien,Xe,naval_dash_w,147,int,,,,Assets/MachineBrigade/Resources/Data/balance.json: vehicles[*].naval.dashW,,,FALSE,TRUE,Tools/export (core/index.py),
02_phuong_tien/Xe/naval_role,02_phuong_tien,Xe,naval_role,148,text,,,,Assets/MachineBrigade/Resources/Data/balance.json: vehicles[*].naval.role,,,FALSE,TRUE,Tools/export (core/index.py),
02_phuong_tien/Xe/naval_station,02_phuong_tien,Xe,naval_station,149,int,,,,Assets/MachineBrigade/Resources/Data/balance.json: vehicles[*].naval.station,,,FALSE,TRUE,Tools/export (core/index.py),
02_phuong_tien/Xe/nguon,02_phuong_tien,Xe,nguon,192,text,,,file + khóa nguồn của dòng,,,,,,Tools/export (core/index.py),
02_phuong_tien/Xe/nhanh,02_phuong_tien,Xe,nhanh,7,text,,,nhánh quân (balance.branches theo lớp),Assets/MachineBrigade/Resources/Data/balance.json: vehicles[*] sau inherits (Catalog.cs),,,FALSE,FALSE,Tools/export (core/index.py),
02_phuong_tien/Xe/nhom_gia,02_phuong_tien,Xe,nhom_gia,62,empty,,,nhóm giá (tính trong mã),,,,FALSE,FALSE,Tools/export (core/index.py),
02_phuong_tien/Xe/noi_tai,02_phuong_tien,Xe,noi_tai,33,text,,,kỹ năng nội tại (skills),Assets/MachineBrigade/Resources/Data/balance.json: vehicles[*] sau inherits (Catalog.cs),,02_phuong_tien/Ky_nang,FALSE,FALSE,Tools/export (core/index.py),
02_phuong_tien/Xe/orbit,02_phuong_tien,Xe,orbit,150,bool,,,,Assets/MachineBrigade/Resources/Data/balance.json: vehicles[*].orbit,,,FALSE,TRUE,Tools/export (core/index.py),
02_phuong_tien/Xe/orbit_radius_m,02_phuong_tien,Xe,orbit_radius_m,151,int,m,,,Assets/MachineBrigade/Resources/Data/balance.json: vehicles[*].orbitRadius,,,FALSE,TRUE,Tools/export (core/index.py),
02_phuong_tien/Xe/outgoing_damage_mult,02_phuong_tien,Xe,outgoing_damage_mult,152,number,,,,Assets/MachineBrigade/Resources/Data/balance.json: vehicles[*].outgoingDamageMult,,,FALSE,TRUE,Tools/export (core/index.py),
02_phuong_tien/Xe/paradrop_base_keep_out,02_phuong_tien,Xe,paradrop_base_keep_out,153,int,,,,Assets/MachineBrigade/Resources/Data/balance.json: vehicles[*].paradrop.baseKeepOut,,,FALSE,TRUE,Tools/export (core/index.py),
02_phuong_tien/Xe/paradrop_fall,02_phuong_tien,Xe,paradrop_fall,154,int,,,,Assets/MachineBrigade/Resources/Data/balance.json: vehicles[*].paradrop.fall,,,FALSE,TRUE,Tools/export (core/index.py),
02_phuong_tien/Xe/paradrop_height_m,02_phuong_tien,Xe,paradrop_height_m,155,int,m,,,Assets/MachineBrigade/Resources/Data/balance.json: vehicles[*].paradrop.height,,,FALSE,TRUE,Tools/export (core/index.py),
02_phuong_tien/Xe/paradrop_proxy,02_phuong_tien,Xe,paradrop_proxy,156,text,,,,Assets/MachineBrigade/Resources/Data/balance.json: vehicles[*].paradrop.proxy,,,FALSE,TRUE,Tools/export (core/index.py),
02_phuong_tien/Xe/radius_m,02_phuong_tien,Xe,radius_m,157,number,m,,,Assets/MachineBrigade/Resources/Data/balance.json: vehicles[*].radius,,,FALSE,TRUE,Tools/export (core/index.py),
02_phuong_tien/Xe/raw_json,02_phuong_tien,Xe,raw_json,193,text,,,nguyên bản ghi gốc (JSON),,,,,,Tools/export (core/index.py),
02_phuong_tien/Xe/rearm_radius_m,02_phuong_tien,Xe,rearm_radius_m,158,int,m,,,Assets/MachineBrigade/Resources/Data/balance.json: vehicles[*].rearm.radius,,,FALSE,TRUE,Tools/export (core/index.py),
02_phuong_tien/Xe/rearm_rate,02_phuong_tien,Xe,rearm_rate,159,int,,,,Assets/MachineBrigade/Resources/Data/balance.json: vehicles[*].rearm.rate,,,FALSE,TRUE,Tools/export (core/index.py),
02_phuong_tien/Xe/rearm_time_s,02_phuong_tien,Xe,rearm_time_s,160,number,s,,,Assets/MachineBrigade/Resources/Data/balance.json: vehicles[*].rearmTime,,,FALSE,TRUE,Tools/export (core/index.py),
02_phuong_tien/Xe/recon_pass_seconds_s,02_phuong_tien,Xe,recon_pass_seconds_s,161,int,s,,,Assets/MachineBrigade/Resources/Data/balance.json: vehicles[*].reconPass.seconds,,,FALSE,TRUE,Tools/export (core/index.py),
02_phuong_tien/Xe/recon_pass_width_m,02_phuong_tien,Xe,recon_pass_width_m,162,int,m,,,Assets/MachineBrigade/Resources/Data/balance.json: vehicles[*].reconPass.width,,,FALSE,TRUE,Tools/export (core/index.py),
02_phuong_tien/Xe/repair_radius_m,02_phuong_tien,Xe,repair_radius_m,163,int,m,,,Assets/MachineBrigade/Resources/Data/balance.json: vehicles[*].repair.radius,,,FALSE,TRUE,Tools/export (core/index.py),
02_phuong_tien/Xe/repair_rate,02_phuong_tien,Xe,repair_rate,164,number,,,,Assets/MachineBrigade/Resources/Data/balance.json: vehicles[*].repair.rate,,,FALSE,TRUE,Tools/export (core/index.py),
02_phuong_tien/Xe/rong_m,02_phuong_tien,Xe,rong_m,23,number,m,,rộng thân = width x scale,Assets/MachineBrigade/Resources/Data/balance.json: vehicles[*] sau inherits (Catalog.cs),,,FALSE,FALSE,Tools/export (core/index.py),
02_phuong_tien/Xe/scale,02_phuong_tien,Xe,scale,165,number,,,,Assets/MachineBrigade/Resources/Data/balance.json: vehicles[*].scale,,,FALSE,TRUE,Tools/export (core/index.py),
02_phuong_tien/Xe/scoot_max,02_phuong_tien,Xe,scoot_max,166,int,,,,Assets/MachineBrigade/Resources/Data/balance.json: vehicles[*].scoot.max,,,FALSE,TRUE,Tools/export (core/index.py),
02_phuong_tien/Xe/scoot_min,02_phuong_tien,Xe,scoot_min,167,int,,,,Assets/MachineBrigade/Resources/Data/balance.json: vehicles[*].scoot.min,,,FALSE,TRUE,Tools/export (core/index.py),
02_phuong_tien/Xe/scoot_shots,02_phuong_tien,Xe,scoot_shots,168,int,,,,Assets/MachineBrigade/Resources/Data/balance.json: vehicles[*].scoot.shots,,,FALSE,TRUE,Tools/export (core/index.py),
02_phuong_tien/Xe/sead,02_phuong_tien,Xe,sead,169,bool,,,,Assets/MachineBrigade/Resources/Data/balance.json: vehicles[*].sead,,,FALSE,TRUE,Tools/export (core/index.py),
02_phuong_tien/Xe/secondary,02_phuong_tien,Xe,secondary,170,list,,,,Assets/MachineBrigade/Resources/Data/balance.json: vehicles[*].secondary,,,FALSE,TRUE,Tools/export (core/index.py),
02_phuong_tien/Xe/skills,02_phuong_tien,Xe,skills,171,list,,,,"Assets/MachineBrigade/Resources/Data/balance.json: vehicles[*].skills, vehicles[*].skills[*]",,,FALSE,TRUE,Tools/export (core/index.py),
02_phuong_tien/Xe/smoke_sight,02_phuong_tien,Xe,smoke_sight,172,bool,,,,Assets/MachineBrigade/Resources/Data/balance.json: vehicles[*].smokeSight,,,FALSE,TRUE,Tools/export (core/index.py),
02_phuong_tien/Xe/so_lan_tu_ve,02_phuong_tien,Xe,so_lan_tu_ve,35,int,,,số lần tự vệ (aps.charges hoặc flareCharges),Assets/MachineBrigade/Resources/Data/balance.json: vehicles[*] sau inherits (Catalog.cs),,,FALSE,FALSE,Tools/export (core/index.py),
02_phuong_tien/Xe/so_voi_ban_goc,02_phuong_tien,Xe,so_voi_ban_goc,38,text,,giong;doi;moi,so với bản gốc (Phien_ban.ban_goc): giong / doi / moi (chưa có ở bản gốc),,,,FALSE,FALSE,Tools/export (core/index.py),
02_phuong_tien/Xe/speed_m_s,02_phuong_tien,Xe,speed_m_s,173,number,m/s,,,Assets/MachineBrigade/Resources/Data/balance.json: vehicles[*].speed,,,FALSE,TRUE,Tools/export (core/index.py),
02_phuong_tien/Xe/standoff_m,02_phuong_tien,Xe,standoff_m,174,bool,m,,,Assets/MachineBrigade/Resources/Data/balance.json: vehicles[*].standoff,,,FALSE,TRUE,Tools/export (core/index.py),
02_phuong_tien/Xe/stealth,02_phuong_tien,Xe,stealth,175,bool,,,,Assets/MachineBrigade/Resources/Data/balance.json: vehicles[*].stealth,,,FALSE,TRUE,Tools/export (core/index.py),
02_phuong_tien/Xe/still_after_s,02_phuong_tien,Xe,still_after_s,176,int,s,,,Assets/MachineBrigade/Resources/Data/balance.json: vehicles[*].stillAfter,,,FALSE,TRUE,Tools/export (core/index.py),
02_phuong_tien/Xe/still_camo,02_phuong_tien,Xe,still_camo,177,number,,,,Assets/MachineBrigade/Resources/Data/balance.json: vehicles[*].stillCamo,,,FALSE,TRUE,Tools/export (core/index.py),
02_phuong_tien/Xe/still_vision_m,02_phuong_tien,Xe,still_vision_m,178,int,m,,,Assets/MachineBrigade/Resources/Data/balance.json: vehicles[*].stillVision,,,FALSE,TRUE,Tools/export (core/index.py),
02_phuong_tien/Xe/story_only,02_phuong_tien,Xe,story_only,179,bool,,,,Assets/MachineBrigade/Resources/Data/balance.json: vehicles[*].storyOnly,,,FALSE,TRUE,Tools/export (core/index.py),
02_phuong_tien/Xe/strong_vs,02_phuong_tien,Xe,strong_vs,180,list,,,,Assets/MachineBrigade/Resources/Data/balance.json: vehicles[*].strongVs[*],,,FALSE,TRUE,Tools/export (core/index.py),
02_phuong_tien/Xe/tam_nhin_m,02_phuong_tien,Xe,tam_nhin_m,20,int,m,,tầm nhìn,Assets/MachineBrigade/Resources/Data/balance.json: vehicles[*] sau inherits (Catalog.cs),,,FALSE,FALSE,Tools/export (core/index.py),
02_phuong_tien/Xe/tam_nhin_m_sau,02_phuong_tien,Xe,tam_nhin_m_sau,54,empty,,,tam_nhin_m bây giờ (chỉ điền khi đổi),,,,FALSE,FALSE,Tools/export (core/index.py),
02_phuong_tien/Xe/tam_nhin_m_truoc,02_phuong_tien,Xe,tam_nhin_m_truoc,53,empty,,,tam_nhin_m ở bản gốc (chỉ điền khi đổi),,,,FALSE,FALSE,Tools/export (core/index.py),
02_phuong_tien/Xe/ten_en,02_phuong_tien,Xe,ten_en,3,text,,,tên tiếng Anh (HUD unit.<id>),,,,FALSE,FALSE,Tools/export (core/index.py),
02_phuong_tien/Xe/ten_ngan_vi,02_phuong_tien,Xe,ten_ngan_vi,5,text,,,tên ngắn tiếng Việt (HUD short.<id>),,,,FALSE,FALSE,Tools/export (core/index.py),
02_phuong_tien/Xe/ten_vi,02_phuong_tien,Xe,ten_vi,4,text,,,tên tiếng Việt (HUD unit.<id>),,,,FALSE,FALSE,Tools/export (core/index.py),
02_phuong_tien/Xe/tha_du_s,02_phuong_tien,Xe,tha_du_s,29,number,s,,"thời gian thả dù (dropDelay, mặc định 3,5, kẹp 0,5-30)",Assets/MachineBrigade/Resources/Data/balance.json: vehicles[*] sau inherits (Catalog.cs),,,FALSE,FALSE,Tools/export (core/index.py),
02_phuong_tien/Xe/tinh_nhue_cua,02_phuong_tien,Xe,tinh_nhue_cua,63,text,,,xe gốc của bản tinh nhuệ (eliteOf),,,02_phuong_tien/Xe,FALSE,FALSE,Tools/export (core/index.py),
02_phuong_tien/Xe/tint,02_phuong_tien,Xe,tint,181,list,,,,Assets/MachineBrigade/Resources/Data/balance.json: vehicles[*].tint[*],,,FALSE,TRUE,Tools/export (core/index.py),
02_phuong_tien/Xe/toc_do_chiem,02_phuong_tien,Xe,toc_do_chiem,28,number,,,"hệ số tốc độ chiếm cứ điểm (captureRate, mặc định 1)",Assets/MachineBrigade/Resources/Data/balance.json: vehicles[*] sau inherits (Catalog.cs),,,FALSE,FALSE,Tools/export (core/index.py),
02_phuong_tien/Xe/toc_do_m_s,02_phuong_tien,Xe,toc_do_m_s,17,number,m/s,,tốc độ,Assets/MachineBrigade/Resources/Data/balance.json: vehicles[*] sau inherits (Catalog.cs),,,FALSE,FALSE,Tools/export (core/index.py),
02_phuong_tien/Xe/toc_do_m_s_sau,02_phuong_tien,Xe,toc_do_m_s_sau,52,number,,,toc_do_m_s bây giờ (chỉ điền khi đổi),,,,FALSE,FALSE,Tools/export (core/index.py),
02_phuong_tien/Xe/toc_do_m_s_truoc,02_phuong_tien,Xe,toc_do_m_s_truoc,51,number,,,toc_do_m_s ở bản gốc (chỉ điền khi đổi),,,,FALSE,FALSE,Tools/export (core/index.py),
02_phuong_tien/Xe/tu_ve,02_phuong_tien,Xe,tu_ve,34,text,,,tự vệ: none / flare / aps,Assets/MachineBrigade/Resources/Data/balance.json: vehicles[*] sau inherits (Catalog.cs),,,FALSE,FALSE,Tools/export (core/index.py),
02_phuong_tien/Xe/turn_rate_deg_s,02_phuong_tien,Xe,turn_rate_deg_s,182,int,deg/s,,,Assets/MachineBrigade/Resources/Data/balance.json: vehicles[*].turnRate,,,FALSE,TRUE,Tools/export (core/index.py),
02_phuong_tien/Xe/turret_turn_rate_deg_s,02_phuong_tien,Xe,turret_turn_rate_deg_s,183,int,deg/s,,,Assets/MachineBrigade/Resources/Data/balance.json: vehicles[*].turretTurnRate,,,FALSE,TRUE,Tools/export (core/index.py),
02_phuong_tien/Xe/vai_tro_mo_man,02_phuong_tien,Xe,vai_tro_mo_man,65,text,,,vai trò đội mở màn có xe này (openingSquads.roles),,,,FALSE,FALSE,Tools/export (core/index.py),
02_phuong_tien/Xe/value,02_phuong_tien,Xe,value,184,number,,,,Assets/MachineBrigade/Resources/Data/balance.json: vehicles[*].value,,,FALSE,TRUE,Tools/export (core/index.py),
02_phuong_tien/Xe/vision_m,02_phuong_tien,Xe,vision_m,185,int,m,,,Assets/MachineBrigade/Resources/Data/balance.json: vehicles[*].vision,,,FALSE,TRUE,Tools/export (core/index.py),
02_phuong_tien/Xe/vtol,02_phuong_tien,Xe,vtol,186,bool,,,,Assets/MachineBrigade/Resources/Data/balance.json: vehicles[*].vtol,,,FALSE,TRUE,Tools/export (core/index.py),
02_phuong_tien/Xe/vu_khi_chinh,02_phuong_tien,Xe,vu_khi_chinh,31,text,,,vũ khí chính (weapon),Assets/MachineBrigade/Resources/Data/balance.json: vehicles[*] sau inherits (Catalog.cs),,01_vu_khi_dan/Vu_khi,FALSE,FALSE,Tools/export (core/index.py),
02_phuong_tien/Xe/vu_khi_chinh_sau,02_phuong_tien,Xe,vu_khi_chinh_sau,56,empty,,,vu_khi_chinh bây giờ (chỉ điền khi đổi),,,,FALSE,FALSE,Tools/export (core/index.py),
02_phuong_tien/Xe/vu_khi_chinh_truoc,02_phuong_tien,Xe,vu_khi_chinh_truoc,55,empty,,,vu_khi_chinh ở bản gốc (chỉ điền khi đổi),,,,FALSE,FALSE,Tools/export (core/index.py),
02_phuong_tien/Xe/vu_khi_phu,02_phuong_tien,Xe,vu_khi_phu,32,text,,,vũ khí phụ (secondary[*].weapon),Assets/MachineBrigade/Resources/Data/balance.json: vehicles[*] sau inherits (Catalog.cs),,01_vu_khi_dan/Vu_khi,FALSE,FALSE,Tools/export (core/index.py),
02_phuong_tien/Xe/vu_khi_phu_sau,02_phuong_tien,Xe,vu_khi_phu_sau,58,empty,,,vu_khi_phu bây giờ (chỉ điền khi đổi),,,,FALSE,FALSE,Tools/export (core/index.py),
02_phuong_tien/Xe/vu_khi_phu_truoc,02_phuong_tien,Xe,vu_khi_phu_truoc,57,empty,,,vu_khi_phu ở bản gốc (chỉ điền khi đổi),,,,FALSE,FALSE,Tools/export (core/index.py),
02_phuong_tien/Xe/weapon,02_phuong_tien,Xe,weapon,187,text,,,,Assets/MachineBrigade/Resources/Data/balance.json: vehicles[*].weapon,,,FALSE,TRUE,Tools/export (core/index.py),
02_phuong_tien/Xe/width_m,02_phuong_tien,Xe,width_m,188,number,m,,,Assets/MachineBrigade/Resources/Data/balance.json: vehicles[*].width,,,FALSE,TRUE,Tools/export (core/index.py),
02_phuong_tien/Xe/wingman_decoy,02_phuong_tien,Xe,wingman_decoy,189,int,,,,Assets/MachineBrigade/Resources/Data/balance.json: vehicles[*].wingman.decoy,,,FALSE,TRUE,Tools/export (core/index.py),
02_phuong_tien/Xe/wingman_follow,02_phuong_tien,Xe,wingman_follow,190,int,,,,Assets/MachineBrigade/Resources/Data/balance.json: vehicles[*].wingman.follow,,,FALSE,TRUE,Tools/export (core/index.py),
02_phuong_tien/Xe/wingman_pull,02_phuong_tien,Xe,wingman_pull,191,number,,,,Assets/MachineBrigade/Resources/Data/balance.json: vehicles[*].wingman.pull,,,FALSE,TRUE,Tools/export (core/index.py),
02_phuong_tien/Xe/xoay_than_deg_s,02_phuong_tien,Xe,xoay_than_deg_s,18,int,deg/s,,tốc độ xoay thân (turnRate),Assets/MachineBrigade/Resources/Data/balance.json: vehicles[*] sau inherits (Catalog.cs),,,FALSE,FALSE,Tools/export (core/index.py),
02_phuong_tien/Xe/xoay_thap_deg_s,02_phuong_tien,Xe,xoay_thap_deg_s,19,int,deg/s,,tốc độ xoay tháp pháo (turretTurnRate),Assets/MachineBrigade/Resources/Data/balance.json: vehicles[*] sau inherits (Catalog.cs),,,FALSE,FALSE,Tools/export (core/index.py),
02_phuong_tien/Xe_bo_phan/armour,02_phuong_tien,Xe_bo_phan,armour,4,int,,,,Assets/MachineBrigade/Resources/Data/balance.json: vehicles[*].parts[*].armour,,,FALSE,TRUE,Tools/export (core/index.py),
02_phuong_tien/Xe_bo_phan/at_x_m,02_phuong_tien,Xe_bo_phan,at_x_m,5,number,m,,,Assets/MachineBrigade/Resources/Data/balance.json: vehicles[*].parts[*].at[*],,,FALSE,TRUE,Tools/export (core/index.py),
02_phuong_tien/Xe_bo_phan/at_y_m,02_phuong_tien,Xe_bo_phan,at_y_m,6,number,m,,,Assets/MachineBrigade/Resources/Data/balance.json: vehicles[*].parts[*].at[*],,,FALSE,TRUE,Tools/export (core/index.py),
02_phuong_tien/Xe_bo_phan/at_z_m,02_phuong_tien,Xe_bo_phan,at_z_m,7,number,m,,,Assets/MachineBrigade/Resources/Data/balance.json: vehicles[*].parts[*].at[*],,,FALSE,TRUE,Tools/export (core/index.py),
02_phuong_tien/Xe_bo_phan/hp,02_phuong_tien,Xe_bo_phan,hp,8,number,hp,,,Assets/MachineBrigade/Resources/Data/balance.json: vehicles[*].parts[*].hp,,,FALSE,TRUE,Tools/export (core/index.py),
02_phuong_tien/Xe_bo_phan/id,02_phuong_tien,Xe_bo_phan,id,1,text,,,id ổn định (khóa chính),,,,TRUE,FALSE,Tools/export (core/index.py),
02_phuong_tien/Xe_bo_phan/id_goc,02_phuong_tien,Xe_bo_phan,id_goc,9,text,,,,Assets/MachineBrigade/Resources/Data/balance.json: vehicles[*].parts[*].id,,,FALSE,TRUE,Tools/export (core/index.py),
02_phuong_tien/Xe_bo_phan/kind,02_phuong_tien,Xe_bo_phan,kind,10,text,,,,Assets/MachineBrigade/Resources/Data/balance.json: vehicles[*].parts[*].kind,,,FALSE,TRUE,Tools/export (core/index.py),
02_phuong_tien/Xe_bo_phan/mounts,02_phuong_tien,Xe_bo_phan,mounts,11,list,,,,Assets/MachineBrigade/Resources/Data/balance.json: vehicles[*].parts[*].mounts[*],,,FALSE,TRUE,Tools/export (core/index.py),
02_phuong_tien/Xe_bo_phan/nguon,02_phuong_tien,Xe_bo_phan,nguon,16,text,,,file + khóa nguồn của dòng,,,,,,Tools/export (core/index.py),
02_phuong_tien/Xe_bo_phan/node,02_phuong_tien,Xe_bo_phan,node,12,text,,,,Assets/MachineBrigade/Resources/Data/balance.json: vehicles[*].parts[*].node,,,FALSE,TRUE,Tools/export (core/index.py),
02_phuong_tien/Xe_bo_phan/radius_m,02_phuong_tien,Xe_bo_phan,radius_m,13,number,m,,,Assets/MachineBrigade/Resources/Data/balance.json: vehicles[*].parts[*].radius,,,FALSE,TRUE,Tools/export (core/index.py),
02_phuong_tien/Xe_bo_phan/raw_json,02_phuong_tien,Xe_bo_phan,raw_json,17,text,,,nguyên bản ghi gốc (JSON),,,,,,Tools/export (core/index.py),
02_phuong_tien/Xe_bo_phan/stops,02_phuong_tien,Xe_bo_phan,stops,14,list,,,,Assets/MachineBrigade/Resources/Data/balance.json: vehicles[*].parts[*].stops[*],,,FALSE,TRUE,Tools/export (core/index.py),
02_phuong_tien/Xe_bo_phan/thu_tu,02_phuong_tien,Xe_bo_phan,thu_tu,3,int,,,thứ tự trong danh sách nguồn (0 = đầu),,,,FALSE,FALSE,Tools/export (core/index.py),
02_phuong_tien/Xe_bo_phan/wreck,02_phuong_tien,Xe_bo_phan,wreck,15,text,,,,Assets/MachineBrigade/Resources/Data/balance.json: vehicles[*].parts[*].wreck,,,FALSE,TRUE,Tools/export (core/index.py),
02_phuong_tien/Xe_bo_phan/xe_id,02_phuong_tien,Xe_bo_phan,xe_id,2,text,,,id dòng cha ở Xe,,,02_phuong_tien/Xe,TRUE,FALSE,Tools/export (core/index.py),
02_phuong_tien/Xe_ten_lua/ammo,02_phuong_tien,Xe_ten_lua,ammo,4,int,,,,Assets/MachineBrigade/Resources/Data/balance.json: vehicles[*].missiles[*].ammo,,,FALSE,TRUE,Tools/export (core/index.py),
02_phuong_tien/Xe_ten_lua/id,02_phuong_tien,Xe_ten_lua,id,1,text,,,id ổn định (khóa chính),,,,TRUE,FALSE,Tools/export (core/index.py),
02_phuong_tien/Xe_ten_lua/nguon,02_phuong_tien,Xe_ten_lua,nguon,7,text,,,file + khóa nguồn của dòng,,,,,,Tools/export (core/index.py),
02_phuong_tien/Xe_ten_lua/raw_json,02_phuong_tien,Xe_ten_lua,raw_json,8,text,,,nguyên bản ghi gốc (JSON),,,,,,Tools/export (core/index.py),
02_phuong_tien/Xe_ten_lua/reload_s,02_phuong_tien,Xe_ten_lua,reload_s,5,int,s,,,Assets/MachineBrigade/Resources/Data/balance.json: vehicles[*].missiles[*].reload,,,FALSE,TRUE,Tools/export (core/index.py),
02_phuong_tien/Xe_ten_lua/thu_tu,02_phuong_tien,Xe_ten_lua,thu_tu,3,int,,,thứ tự trong danh sách nguồn (0 = đầu),,,,FALSE,FALSE,Tools/export (core/index.py),
02_phuong_tien/Xe_ten_lua/weapon,02_phuong_tien,Xe_ten_lua,weapon,6,text,,,,Assets/MachineBrigade/Resources/Data/balance.json: vehicles[*].missiles[*].weapon,,,FALSE,TRUE,Tools/export (core/index.py),
02_phuong_tien/Xe_ten_lua/xe_id,02_phuong_tien,Xe_ten_lua,xe_id,2,text,,,id dòng cha ở Xe,,,02_phuong_tien/Xe,TRUE,FALSE,Tools/export (core/index.py),
02_phuong_tien/Xe_tham_chieu/don_vi_id,02_phuong_tien,Xe_tham_chieu,don_vi_id,3,text,,,id đơn vị,,,02_phuong_tien/Xe;04_can_cu_thap/Thap,FALSE,FALSE,Tools/export (core/index.py),
02_phuong_tien/Xe_tham_chieu/giap_truoc,02_phuong_tien,Xe_tham_chieu,giap_truoc,6,int,,,giáp trước (giá trị game),,,,FALSE,FALSE,Tools/export (core/index.py),
02_phuong_tien/Xe_tham_chieu/id,02_phuong_tien,Xe_tham_chieu,id,1,text,,,id ổn định (khóa chính),,,,TRUE,FALSE,Tools/export (core/index.py),
02_phuong_tien/Xe_tham_chieu/mau_trong_tran_hp,02_phuong_tien,Xe_tham_chieu,mau_trong_tran_hp,5,number,hp,,máu trong trận (giá trị game),,,,FALSE,FALSE,Tools/export (core/index.py),
02_phuong_tien/Xe_tham_chieu/nguon,02_phuong_tien,Xe_tham_chieu,nguon,7,text,,,file + khóa nguồn của dòng,,,,,,Tools/export (core/index.py),
02_phuong_tien/Xe_tham_chieu/raw_json,02_phuong_tien,Xe_tham_chieu,raw_json,8,text,,,nguyên bản ghi gốc (JSON),,,,,,Tools/export (core/index.py),
02_phuong_tien/Xe_tham_chieu/ten_vi_spec,02_phuong_tien,Xe_tham_chieu,ten_vi_spec,2,text,,,tên trong spec,,,,FALSE,FALSE,Tools/export (core/index.py),
02_phuong_tien/Xe_tham_chieu/toc_do_m_s,02_phuong_tien,Xe_tham_chieu,toc_do_m_s,4,number,m/s,,tốc độ (giá trị game),,,,FALSE,FALSE,Tools/export (core/index.py),
02_phuong_tien/Xe_vu_khi/aim,02_phuong_tien,Xe_vu_khi,aim,5,text,,,,Assets/MachineBrigade/Resources/Data/balance.json: vehicles[*].secondary[*].aim,,,FALSE,TRUE,Tools/export (core/index.py),
02_phuong_tien/Xe_vu_khi/arc_deg_center_deg,02_phuong_tien,Xe_vu_khi,arc_deg_center_deg,6,int,deg,,,Assets/MachineBrigade/Resources/Data/balance.json: vehicles[*].secondary[*].arc[*],,,FALSE,TRUE,Tools/export (core/index.py),
02_phuong_tien/Xe_vu_khi/arc_deg_half_deg,02_phuong_tien,Xe_vu_khi,arc_deg_half_deg,7,int,deg,,,Assets/MachineBrigade/Resources/Data/balance.json: vehicles[*].secondary[*].arc[*],,,FALSE,TRUE,Tools/export (core/index.py),
02_phuong_tien/Xe_vu_khi/id,02_phuong_tien,Xe_vu_khi,id,1,text,,,id ổn định (khóa chính),,,,TRUE,FALSE,Tools/export (core/index.py),
02_phuong_tien/Xe_vu_khi/model,02_phuong_tien,Xe_vu_khi,model,8,text,,,,Assets/MachineBrigade/Resources/Data/balance.json: vehicles[*].secondary[*].model,,,FALSE,TRUE,Tools/export (core/index.py),
02_phuong_tien/Xe_vu_khi/nguon,02_phuong_tien,Xe_vu_khi,nguon,10,text,,,file + khóa nguồn của dòng,,,,,,Tools/export (core/index.py),
02_phuong_tien/Xe_vu_khi/raw_json,02_phuong_tien,Xe_vu_khi,raw_json,11,text,,,nguyên bản ghi gốc (JSON),,,,,,Tools/export (core/index.py),
02_phuong_tien/Xe_vu_khi/slot,02_phuong_tien,Xe_vu_khi,slot,9,text,,,,Assets/MachineBrigade/Resources/Data/balance.json: vehicles[*].secondary[*].slot,,,FALSE,TRUE,Tools/export (core/index.py),
02_phuong_tien/Xe_vu_khi/thu_tu,02_phuong_tien,Xe_vu_khi,thu_tu,3,int,,,thứ tự trong danh sách nguồn (0 = đầu),,,,FALSE,FALSE,Tools/export (core/index.py),
02_phuong_tien/Xe_vu_khi/weapon,02_phuong_tien,Xe_vu_khi,weapon,4,text,,,vũ khí trên bệ,Assets/MachineBrigade/Resources/Data/balance.json: vehicles[*].secondary[*].weapon,,01_vu_khi_dan/Vu_khi,FALSE,FALSE,Tools/export (core/index.py),
02_phuong_tien/Xe_vu_khi/xe_id,02_phuong_tien,Xe_vu_khi,xe_id,2,text,,,id dòng cha ở Xe,,,02_phuong_tien/Xe,TRUE,FALSE,Tools/export (core/index.py),
03_boss/Boss/air,03_boss,Boss,air,74,list,,,,Assets/MachineBrigade/Resources/Data/balance.json: vehicles[*].air,,,FALSE,TRUE,Tools/export (core/index.py),
03_boss/Boss/altitude_m,03_boss,Boss,altitude_m,75,int,m,,,Assets/MachineBrigade/Resources/Data/balance.json: vehicles[*].altitude,,,FALSE,TRUE,Tools/export (core/index.py),
03_boss/Boss/arena,03_boss,Boss,arena,76,text,,,,Assets/MachineBrigade/Resources/Data/balance.json: vehicles[*].arena,,,FALSE,TRUE,Tools/export (core/index.py),
03_boss/Boss/armour,03_boss,Boss,armour,77,int,,,,Assets/MachineBrigade/Resources/Data/balance.json: vehicles[*].armour,,,FALSE,TRUE,Tools/export (core/index.py),
03_boss/Boss/armour_front,03_boss,Boss,armour_front,78,int,,,,Assets/MachineBrigade/Resources/Data/balance.json: vehicles[*].armour[*],,,FALSE,TRUE,Tools/export (core/index.py),
03_boss/Boss/armour_rear,03_boss,Boss,armour_rear,79,int,,,,Assets/MachineBrigade/Resources/Data/balance.json: vehicles[*].armour[*],,,FALSE,TRUE,Tools/export (core/index.py),
03_boss/Boss/armour_side,03_boss,Boss,armour_side,80,int,,,,Assets/MachineBrigade/Resources/Data/balance.json: vehicles[*].armour[*],,,FALSE,TRUE,Tools/export (core/index.py),
03_boss/Boss/armour_top,03_boss,Boss,armour_top,81,int,,,,Assets/MachineBrigade/Resources/Data/balance.json: vehicles[*].armour[*],,,FALSE,TRUE,Tools/export (core/index.py),
03_boss/Boss/attack_hold_s,03_boss,Boss,attack_hold_s,82,number,s,,,Assets/MachineBrigade/Resources/Data/balance.json: vehicles[*].attackHold,,,FALSE,TRUE,Tools/export (core/index.py),
03_boss/Boss/ban_khi_chay,03_boss,Boss,ban_khi_chay,27,bool,,,"bắn khi chạy (firesWhileMoving, mặc định true)",Assets/MachineBrigade/Resources/Data/balance.json: vehicles[*] sau inherits (Catalog.cs),,,FALSE,FALSE,Tools/export (core/index.py),
03_boss/Boss/ban_kinh_m,03_boss,Boss,ban_kinh_m,21,number,m,,bán kính va chạm / trúng đạn,Assets/MachineBrigade/Resources/Data/balance.json: vehicles[*] sau inherits (Catalog.cs),,,FALSE,FALSE,Tools/export (core/index.py),
03_boss/Boss/base_cp,03_boss,Boss,base_cp,9,int,CP,,giá thẻ (cp) sau inherits; 0 = không bán,Assets/MachineBrigade/Resources/Data/balance.json: vehicles[*] sau inherits (Catalog.cs),,,FALSE,FALSE,Tools/export (core/index.py),
03_boss/Boss/base_cp_sau,03_boss,Boss,base_cp_sau,40,empty,,,base_cp bây giờ (chỉ điền khi đổi),,,,FALSE,FALSE,Tools/export (core/index.py),
03_boss/Boss/base_cp_truoc,03_boss,Boss,base_cp_truoc,39,empty,,,base_cp ở bản gốc (chỉ điền khi đổi),,,,FALSE,FALSE,Tools/export (core/index.py),
03_boss/Boss/bay,03_boss,Boss,bay,24,bool,,,bay (flying),Assets/MachineBrigade/Resources/Data/balance.json: vehicles[*] sau inherits (Catalog.cs),,,FALSE,FALSE,Tools/export (core/index.py),
03_boss/Boss/bien_the_cua,03_boss,Boss,bien_the_cua,64,text,,,boss gốc của biến thể (variantOf),,,03_boss/Boss,FALSE,FALSE,Tools/export (core/index.py),
03_boss/Boss/big_attack,03_boss,Boss,big_attack,83,text,,,,Assets/MachineBrigade/Resources/Data/balance.json: vehicles[*].bigAttack,,,FALSE,TRUE,Tools/export (core/index.py),
03_boss/Boss/big_attack_scale_cooldown_s,03_boss,Boss,big_attack_scale_cooldown_s,84,int,s,,,Assets/MachineBrigade/Resources/Data/balance.json: vehicles[*].bigAttackScale.cooldown,,,FALSE,TRUE,Tools/export (core/index.py),
03_boss/Boss/big_attack_scale_damage,03_boss,Boss,big_attack_scale_damage,85,int,,,,Assets/MachineBrigade/Resources/Data/balance.json: vehicles[*].bigAttackScale.damage,,,FALSE,TRUE,Tools/export (core/index.py),
03_boss/Boss/big_attack_scale_warn_s,03_boss,Boss,big_attack_scale_warn_s,86,int,s,,,Assets/MachineBrigade/Resources/Data/balance.json: vehicles[*].bigAttackScale.warn,,,FALSE,TRUE,Tools/export (core/index.py),
03_boss/Boss/bombard_blind_scatter,03_boss,Boss,bombard_blind_scatter,87,number,,,,Assets/MachineBrigade/Resources/Data/balance.json: vehicles[*].bombard.blindScatter,,,FALSE,TRUE,Tools/export (core/index.py),
03_boss/Boss/bombard_every_s,03_boss,Boss,bombard_every_s,88,int,s,,,Assets/MachineBrigade/Resources/Data/balance.json: vehicles[*].bombard.every,,,FALSE,TRUE,Tools/export (core/index.py),
03_boss/Boss/bombard_first,03_boss,Boss,bombard_first,89,int,,,,Assets/MachineBrigade/Resources/Data/balance.json: vehicles[*].bombard.first,,,FALSE,TRUE,Tools/export (core/index.py),
03_boss/Boss/bombard_pierce_damage,03_boss,Boss,bombard_pierce_damage,90,int,,,,Assets/MachineBrigade/Resources/Data/balance.json: vehicles[*].bombard.pierceDamage,,,FALSE,TRUE,Tools/export (core/index.py),
03_boss/Boss/bombard_pierce_max,03_boss,Boss,bombard_pierce_max,91,int,,,,Assets/MachineBrigade/Resources/Data/balance.json: vehicles[*].bombard.pierceMax,,,FALSE,TRUE,Tools/export (core/index.py),
03_boss/Boss/bombard_scatter,03_boss,Boss,bombard_scatter,92,int,,,,Assets/MachineBrigade/Resources/Data/balance.json: vehicles[*].bombard.scatter,,,FALSE,TRUE,Tools/export (core/index.py),
03_boss/Boss/bombard_targeting,03_boss,Boss,bombard_targeting,93,text,,,,Assets/MachineBrigade/Resources/Data/balance.json: vehicles[*].bombard.targeting,,,FALSE,TRUE,Tools/export (core/index.py),
03_boss/Boss/bombard_warn_s,03_boss,Boss,bombard_warn_s,94,int,s,,,Assets/MachineBrigade/Resources/Data/balance.json: vehicles[*].bombard.warn,,,FALSE,TRUE,Tools/export (core/index.py),
03_boss/Boss/bombard_warning,03_boss,Boss,bombard_warning,95,text,,,,Assets/MachineBrigade/Resources/Data/balance.json: vehicles[*].bombard.warning,,,FALSE,TRUE,Tools/export (core/index.py),
03_boss/Boss/bombard_weapon,03_boss,Boss,bombard_weapon,96,text,,,,Assets/MachineBrigade/Resources/Data/balance.json: vehicles[*].bombard.weapon,,,FALSE,TRUE,Tools/export (core/index.py),
03_boss/Boss/boss,03_boss,Boss,boss,97,bool,,,,Assets/MachineBrigade/Resources/Data/balance.json: vehicles[*].boss,,,FALSE,TRUE,Tools/export (core/index.py),
03_boss/Boss/burrow_damage,03_boss,Boss,burrow_damage,98,int,,,,Assets/MachineBrigade/Resources/Data/balance.json: vehicles[*].burrow.damage,,,FALSE,TRUE,Tools/export (core/index.py),
03_boss/Boss/burrow_dive_s,03_boss,Boss,burrow_dive_s,99,int,s,,,Assets/MachineBrigade/Resources/Data/balance.json: vehicles[*].burrow.dive,,,FALSE,TRUE,Tools/export (core/index.py),
03_boss/Boss/burrow_exposed_s,03_boss,Boss,burrow_exposed_s,100,int,s,,,Assets/MachineBrigade/Resources/Data/balance.json: vehicles[*].burrow.exposed,,,FALSE,TRUE,Tools/export (core/index.py),
03_boss/Boss/burrow_exposed_taken,03_boss,Boss,burrow_exposed_taken,101,number,,,,Assets/MachineBrigade/Resources/Data/balance.json: vehicles[*].burrow.exposedTaken,,,FALSE,TRUE,Tools/export (core/index.py),
03_boss/Boss/burrow_first,03_boss,Boss,burrow_first,102,int,,,,Assets/MachineBrigade/Resources/Data/balance.json: vehicles[*].burrow.first,,,FALSE,TRUE,Tools/export (core/index.py),
03_boss/Boss/burrow_radius_m,03_boss,Boss,burrow_radius_m,103,int,m,,,Assets/MachineBrigade/Resources/Data/balance.json: vehicles[*].burrow.radius,,,FALSE,TRUE,Tools/export (core/index.py),
03_boss/Boss/burrow_speed_m_s,03_boss,Boss,burrow_speed_m_s,104,int,m/s,,,Assets/MachineBrigade/Resources/Data/balance.json: vehicles[*].burrow.speed,,,FALSE,TRUE,Tools/export (core/index.py),
03_boss/Boss/burrow_stop_phase,03_boss,Boss,burrow_stop_phase,105,int,,,,Assets/MachineBrigade/Resources/Data/balance.json: vehicles[*].burrow.stopPhase,,,FALSE,TRUE,Tools/export (core/index.py),
03_boss/Boss/burrow_stun_s,03_boss,Boss,burrow_stun_s,106,int,s,,,Assets/MachineBrigade/Resources/Data/balance.json: vehicles[*].burrow.stun,,,FALSE,TRUE,Tools/export (core/index.py),
03_boss/Boss/burrow_surface,03_boss,Boss,burrow_surface,107,int,,,,Assets/MachineBrigade/Resources/Data/balance.json: vehicles[*].burrow.surface,,,FALSE,TRUE,Tools/export (core/index.py),
03_boss/Boss/burrow_surface_by_phase,03_boss,Boss,burrow_surface_by_phase,108,list,,,,Assets/MachineBrigade/Resources/Data/balance.json: vehicles[*].burrow.surfaceByPhase[*],,,FALSE,TRUE,Tools/export (core/index.py),
03_boss/Boss/burrow_under,03_boss,Boss,burrow_under,109,int,,,,Assets/MachineBrigade/Resources/Data/balance.json: vehicles[*].burrow.under,,,FALSE,TRUE,Tools/export (core/index.py),
03_boss/Boss/burrow_under_by_phase,03_boss,Boss,burrow_under_by_phase,110,list,,,,Assets/MachineBrigade/Resources/Data/balance.json: vehicles[*].burrow.underByPhase[*],,,FALSE,TRUE,Tools/export (core/index.py),
03_boss/Boss/burrow_warn_s,03_boss,Boss,burrow_warn_s,111,int,s,,,Assets/MachineBrigade/Resources/Data/balance.json: vehicles[*].burrow.warn,,,FALSE,TRUE,Tools/export (core/index.py),
03_boss/Boss/capture_rate,03_boss,Boss,capture_rate,112,int,,,,Assets/MachineBrigade/Resources/Data/balance.json: vehicles[*].captureRate,,,FALSE,TRUE,Tools/export (core/index.py),
03_boss/Boss/ceiling_m,03_boss,Boss,ceiling_m,113,text,m,,,Assets/MachineBrigade/Resources/Data/balance.json: vehicles[*].ceiling,,,FALSE,TRUE,Tools/export (core/index.py),
03_boss/Boss/chuong,03_boss,Boss,chuong,71,text,,,chương có boss (campaign chapters main / minis),,,,FALSE,FALSE,Tools/export (core/index.py),
03_boss/Boss/command_aura_damage,03_boss,Boss,command_aura_damage,114,number,,,,Assets/MachineBrigade/Resources/Data/balance.json: vehicles[*].commandAura.damage,,,FALSE,TRUE,Tools/export (core/index.py),
03_boss/Boss/command_aura_fire_rate,03_boss,Boss,command_aura_fire_rate,115,number,,,,Assets/MachineBrigade/Resources/Data/balance.json: vehicles[*].commandAura.fireRate,,,FALSE,TRUE,Tools/export (core/index.py),
03_boss/Boss/command_aura_radius_m,03_boss,Boss,command_aura_radius_m,116,int,m,,,Assets/MachineBrigade/Resources/Data/balance.json: vehicles[*].commandAura.radius,,,FALSE,TRUE,Tools/export (core/index.py),
03_boss/Boss/cong_trinh,03_boss,Boss,cong_trinh,16,bool,,,"là công trình (structure): giáp đều, hệ số Structure",Assets/MachineBrigade/Resources/Data/balance.json: vehicles[*] sau inherits (Catalog.cs),,,FALSE,FALSE,Tools/export (core/index.py),
03_boss/Boss/cp,03_boss,Boss,cp,117,int,CP,,,Assets/MachineBrigade/Resources/Data/balance.json: vehicles[*].cp,,,FALSE,TRUE,Tools/export (core/index.py),
03_boss/Boss/craft,03_boss,Boss,craft,118,empty,,,,Assets/MachineBrigade/Resources/Data/balance.json: vehicles[*].craft,,,FALSE,TRUE,Tools/export (core/index.py),
03_boss/Boss/craft_carries,03_boss,Boss,craft_carries,119,list,,,,Assets/MachineBrigade/Resources/Data/balance.json: vehicles[*].craft.carries[*],,,FALSE,TRUE,Tools/export (core/index.py),
03_boss/Boss/craft_every_s,03_boss,Boss,craft_every_s,120,int,s,,,Assets/MachineBrigade/Resources/Data/balance.json: vehicles[*].craft.every,,,FALSE,TRUE,Tools/export (core/index.py),
03_boss/Boss/craft_first,03_boss,Boss,craft_first,121,int,,,,Assets/MachineBrigade/Resources/Data/balance.json: vehicles[*].craft.first,,,FALSE,TRUE,Tools/export (core/index.py),
03_boss/Boss/craft_max,03_boss,Boss,craft_max,122,int,,,,Assets/MachineBrigade/Resources/Data/balance.json: vehicles[*].craft.max,,,FALSE,TRUE,Tools/export (core/index.py),
03_boss/Boss/craft_per,03_boss,Boss,craft_per,123,int,,,,Assets/MachineBrigade/Resources/Data/balance.json: vehicles[*].craft.per,,,FALSE,TRUE,Tools/export (core/index.py),
03_boss/Boss/craft_phase,03_boss,Boss,craft_phase,124,int,,,,Assets/MachineBrigade/Resources/Data/balance.json: vehicles[*].craft.phase,,,FALSE,TRUE,Tools/export (core/index.py),
03_boss/Boss/craft_unit,03_boss,Boss,craft_unit,125,text,,,,Assets/MachineBrigade/Resources/Data/balance.json: vehicles[*].craft.unit,,,FALSE,TRUE,Tools/export (core/index.py),
03_boss/Boss/cruise_damage,03_boss,Boss,cruise_damage,126,int,,,,Assets/MachineBrigade/Resources/Data/balance.json: vehicles[*].cruise.damage,,,FALSE,TRUE,Tools/export (core/index.py),
03_boss/Boss/cruise_every_s,03_boss,Boss,cruise_every_s,127,number,s,,,Assets/MachineBrigade/Resources/Data/balance.json: vehicles[*].cruise.every,,,FALSE,TRUE,Tools/export (core/index.py),
03_boss/Boss/cruise_final,03_boss,Boss,cruise_final,128,int,,,,Assets/MachineBrigade/Resources/Data/balance.json: vehicles[*].cruise.final,,,FALSE,TRUE,Tools/export (core/index.py),
03_boss/Boss/cruise_first,03_boss,Boss,cruise_first,129,int,,,,Assets/MachineBrigade/Resources/Data/balance.json: vehicles[*].cruise.first,,,FALSE,TRUE,Tools/export (core/index.py),
03_boss/Boss/cruise_phase,03_boss,Boss,cruise_phase,130,int,,,,Assets/MachineBrigade/Resources/Data/balance.json: vehicles[*].cruise.phase,,,FALSE,TRUE,Tools/export (core/index.py),
03_boss/Boss/cruise_radius_m,03_boss,Boss,cruise_radius_m,131,int,m,,,Assets/MachineBrigade/Resources/Data/balance.json: vehicles[*].cruise.radius,,,FALSE,TRUE,Tools/export (core/index.py),
03_boss/Boss/cruise_warn_s,03_boss,Boss,cruise_warn_s,132,int,s,,,Assets/MachineBrigade/Resources/Data/balance.json: vehicles[*].cruise.warn,,,FALSE,TRUE,Tools/export (core/index.py),
03_boss/Boss/cruise_warning,03_boss,Boss,cruise_warning,133,text,,,,Assets/MachineBrigade/Resources/Data/balance.json: vehicles[*].cruise.warning,,,FALSE,TRUE,Tools/export (core/index.py),
03_boss/Boss/cruise_weapon,03_boss,Boss,cruise_weapon,134,text,,,,Assets/MachineBrigade/Resources/Data/balance.json: vehicles[*].cruise.weapon,,,FALSE,TRUE,Tools/export (core/index.py),
03_boss/Boss/crush_armour_cut,03_boss,Boss,crush_armour_cut,135,number,,,,Assets/MachineBrigade/Resources/Data/balance.json: vehicles[*].crush.armourCut,,,FALSE,TRUE,Tools/export (core/index.py),
03_boss/Boss/crush_debris_damage,03_boss,Boss,crush_debris_damage,136,int,,,,Assets/MachineBrigade/Resources/Data/balance.json: vehicles[*].crush.debrisDamage,,,FALSE,TRUE,Tools/export (core/index.py),
03_boss/Boss/crush_debris_every,03_boss,Boss,crush_debris_every,137,int,,,,Assets/MachineBrigade/Resources/Data/balance.json: vehicles[*].crush.debrisEvery,,,FALSE,TRUE,Tools/export (core/index.py),
03_boss/Boss/crush_debris_phase,03_boss,Boss,crush_debris_phase,138,int,,,,Assets/MachineBrigade/Resources/Data/balance.json: vehicles[*].crush.debrisPhase,,,FALSE,TRUE,Tools/export (core/index.py),
03_boss/Boss/crush_debris_radius,03_boss,Boss,crush_debris_radius,139,int,,,,Assets/MachineBrigade/Resources/Data/balance.json: vehicles[*].crush.debrisRadius,,,FALSE,TRUE,Tools/export (core/index.py),
03_boss/Boss/crush_dps,03_boss,Boss,crush_dps,140,int,,,,Assets/MachineBrigade/Resources/Data/balance.json: vehicles[*].crush.dps,,,FALSE,TRUE,Tools/export (core/index.py),
03_boss/Boss/crush_hq,03_boss,Boss,crush_hq,141,bool,,,,Assets/MachineBrigade/Resources/Data/balance.json: vehicles[*].crush.hq,,,FALSE,TRUE,Tools/export (core/index.py),
03_boss/Boss/crush_min_speed,03_boss,Boss,crush_min_speed,142,int,,,,Assets/MachineBrigade/Resources/Data/balance.json: vehicles[*].crush.minSpeed,,,FALSE,TRUE,Tools/export (core/index.py),
03_boss/Boss/crush_reach_m,03_boss,Boss,crush_reach_m,143,int,m,,,Assets/MachineBrigade/Resources/Data/balance.json: vehicles[*].crush.reach,,,FALSE,TRUE,Tools/export (core/index.py),
03_boss/Boss/crush_structure,03_boss,Boss,crush_structure,144,number,,,,Assets/MachineBrigade/Resources/Data/balance.json: vehicles[*].crush.structure,,,FALSE,TRUE,Tools/export (core/index.py),
03_boss/Boss/crush_weapon,03_boss,Boss,crush_weapon,145,text,,,,Assets/MachineBrigade/Resources/Data/balance.json: vehicles[*].crush.weapon,,,FALSE,TRUE,Tools/export (core/index.py),
03_boss/Boss/dai_m,03_boss,Boss,dai_m,22,number,m,,dài thân = length x scale,Assets/MachineBrigade/Resources/Data/balance.json: vehicles[*] sau inherits (Catalog.cs),,,FALSE,FALSE,Tools/export (core/index.py),
03_boss/Boss/death_explosion_damage,03_boss,Boss,death_explosion_damage,146,int,,,,Assets/MachineBrigade/Resources/Data/balance.json: vehicles[*].deathExplosion.damage,,,FALSE,TRUE,Tools/export (core/index.py),
03_boss/Boss/death_explosion_delay_s,03_boss,Boss,death_explosion_delay_s,147,number,s,,,Assets/MachineBrigade/Resources/Data/balance.json: vehicles[*].deathExplosion.delay,,,FALSE,TRUE,Tools/export (core/index.py),
03_boss/Boss/death_explosion_radius_m,03_boss,Boss,death_explosion_radius_m,148,int,m,,,Assets/MachineBrigade/Resources/Data/balance.json: vehicles[*].deathExplosion.radius,,,FALSE,TRUE,Tools/export (core/index.py),
03_boss/Boss/death_explosion_tier,03_boss,Boss,death_explosion_tier,149,text,,,,Assets/MachineBrigade/Resources/Data/balance.json: vehicles[*].deathExplosion.tier,,,FALSE,TRUE,Tools/export (core/index.py),
03_boss/Boss/do_cao_m,03_boss,Boss,do_cao_m,25,int,m,,"độ cao bay (altitude, mặc định 0)",Assets/MachineBrigade/Resources/Data/balance.json: vehicles[*] sau inherits (Catalog.cs),,,FALSE,FALSE,Tools/export (core/index.py),
03_boss/Boss/drop_parts,03_boss,Boss,drop_parts,150,list,,,,Assets/MachineBrigade/Resources/Data/balance.json: vehicles[*].dropParts[*],,,FALSE,TRUE,Tools/export (core/index.py),
03_boss/Boss/duel_escorts,03_boss,Boss,duel_escorts,151,bool,,,,Assets/MachineBrigade/Resources/Data/balance.json: vehicles[*].duel.escorts,,,FALSE,TRUE,Tools/export (core/index.py),
03_boss/Boss/duel_vanish_at,03_boss,Boss,duel_vanish_at,152,list,,,,Assets/MachineBrigade/Resources/Data/balance.json: vehicles[*].duel.vanishAt[*],,,FALSE,TRUE,Tools/export (core/index.py),
03_boss/Boss/duel_vanish_every,03_boss,Boss,duel_vanish_every,153,int,,,,Assets/MachineBrigade/Resources/Data/balance.json: vehicles[*].duel.vanishEvery,,,FALSE,TRUE,Tools/export (core/index.py),
03_boss/Boss/duel_vanish_seconds,03_boss,Boss,duel_vanish_seconds,154,int,,,,Assets/MachineBrigade/Resources/Data/balance.json: vehicles[*].duel.vanishSeconds,,,FALSE,TRUE,Tools/export (core/index.py),
03_boss/Boss/dung_yen,03_boss,Boss,dung_yen,26,bool,,,đứng yên (static),Assets/MachineBrigade/Resources/Data/balance.json: vehicles[*] sau inherits (Catalog.cs),,,FALSE,FALSE,Tools/export (core/index.py),
03_boss/Boss/factory_cap,03_boss,Boss,factory_cap,155,int,,,,Assets/MachineBrigade/Resources/Data/balance.json: vehicles[*].factory.cap,,,FALSE,TRUE,Tools/export (core/index.py),
03_boss/Boss/factory_doors,03_boss,Boss,factory_doors,156,list,,,,Assets/MachineBrigade/Resources/Data/balance.json: vehicles[*].factory.doors[*],,,FALSE,TRUE,Tools/export (core/index.py),
03_boss/Boss/factory_every_s,03_boss,Boss,factory_every_s,157,int,s,,,Assets/MachineBrigade/Resources/Data/balance.json: vehicles[*].factory.every,,,FALSE,TRUE,Tools/export (core/index.py),
03_boss/Boss/factory_first,03_boss,Boss,factory_first,158,int,,,,Assets/MachineBrigade/Resources/Data/balance.json: vehicles[*].factory.first,,,FALSE,TRUE,Tools/export (core/index.py),
03_boss/Boss/factory_grow,03_boss,Boss,factory_grow,159,int,,,,Assets/MachineBrigade/Resources/Data/balance.json: vehicles[*].factory.grow,,,FALSE,TRUE,Tools/export (core/index.py),
03_boss/Boss/factory_max,03_boss,Boss,factory_max,160,int,,,,Assets/MachineBrigade/Resources/Data/balance.json: vehicles[*].factory.max,,,FALSE,TRUE,Tools/export (core/index.py),
03_boss/Boss/factory_min,03_boss,Boss,factory_min,161,int,,,,Assets/MachineBrigade/Resources/Data/balance.json: vehicles[*].factory.min,,,FALSE,TRUE,Tools/export (core/index.py),
03_boss/Boss/factory_units,03_boss,Boss,factory_units,162,list,,,,Assets/MachineBrigade/Resources/Data/balance.json: vehicles[*].factory.units[*][*],,,FALSE,TRUE,Tools/export (core/index.py),
03_boss/Boss/fire_trail_dps,03_boss,Boss,fire_trail_dps,163,int,,,,Assets/MachineBrigade/Resources/Data/balance.json: vehicles[*].fireTrail.dps,,,FALSE,TRUE,Tools/export (core/index.py),
03_boss/Boss/fire_trail_every_s,03_boss,Boss,fire_trail_every_s,164,int,s,,,Assets/MachineBrigade/Resources/Data/balance.json: vehicles[*].fireTrail.every,,,FALSE,TRUE,Tools/export (core/index.py),
03_boss/Boss/fire_trail_radius_m,03_boss,Boss,fire_trail_radius_m,165,number,m,,,Assets/MachineBrigade/Resources/Data/balance.json: vehicles[*].fireTrail.radius,,,FALSE,TRUE,Tools/export (core/index.py),
03_boss/Boss/fire_trail_seconds_s,03_boss,Boss,fire_trail_seconds_s,166,int,s,,,Assets/MachineBrigade/Resources/Data/balance.json: vehicles[*].fireTrail.seconds,,,FALSE,TRUE,Tools/export (core/index.py),
03_boss/Boss/fires_while_moving,03_boss,Boss,fires_while_moving,167,bool,,,,Assets/MachineBrigade/Resources/Data/balance.json: vehicles[*].firesWhileMoving,,,FALSE,TRUE,Tools/export (core/index.py),
03_boss/Boss/fixed_wing,03_boss,Boss,fixed_wing,168,bool,,,,Assets/MachineBrigade/Resources/Data/balance.json: vehicles[*].fixedWing,,,FALSE,TRUE,Tools/export (core/index.py),
03_boss/Boss/flying,03_boss,Boss,flying,169,bool,,,,Assets/MachineBrigade/Resources/Data/balance.json: vehicles[*].flying,,,FALSE,TRUE,Tools/export (core/index.py),
03_boss/Boss/frame,03_boss,Boss,frame,170,text,,,,Assets/MachineBrigade/Resources/Data/balance.json: vehicles[*].frame,,,FALSE,TRUE,Tools/export (core/index.py),
03_boss/Boss/general,03_boss,Boss,general,171,text,,,,Assets/MachineBrigade/Resources/Data/balance.json: vehicles[*].general,,,FALSE,TRUE,Tools/export (core/index.py),
03_boss/Boss/giap_hong,03_boss,Boss,giap_hong,13,int,,,giáp hông,Assets/MachineBrigade/Resources/Data/balance.json: vehicles[*] sau inherits (Catalog.cs),,,FALSE,FALSE,Tools/export (core/index.py),
03_boss/Boss/giap_hong_sau,03_boss,Boss,giap_hong_sau,46,empty,,,giap_hong bây giờ (chỉ điền khi đổi),,,,FALSE,FALSE,Tools/export (core/index.py),
03_boss/Boss/giap_hong_truoc,03_boss,Boss,giap_hong_truoc,45,empty,,,giap_hong ở bản gốc (chỉ điền khi đổi),,,,FALSE,FALSE,Tools/export (core/index.py),
03_boss/Boss/giap_noc,03_boss,Boss,giap_noc,15,int,,,giáp nóc,Assets/MachineBrigade/Resources/Data/balance.json: vehicles[*] sau inherits (Catalog.cs),,,FALSE,FALSE,Tools/export (core/index.py),
03_boss/Boss/giap_noc_sau,03_boss,Boss,giap_noc_sau,50,empty,,,giap_noc bây giờ (chỉ điền khi đổi),,,,FALSE,FALSE,Tools/export (core/index.py),
03_boss/Boss/giap_noc_truoc,03_boss,Boss,giap_noc_truoc,49,empty,,,giap_noc ở bản gốc (chỉ điền khi đổi),,,,FALSE,FALSE,Tools/export (core/index.py),
03_boss/Boss/giap_sau,03_boss,Boss,giap_sau,14,int,,,giáp sau,Assets/MachineBrigade/Resources/Data/balance.json: vehicles[*] sau inherits (Catalog.cs),,,FALSE,FALSE,Tools/export (core/index.py),
03_boss/Boss/giap_sau_sau,03_boss,Boss,giap_sau_sau,48,empty,,,giap_sau bây giờ (chỉ điền khi đổi),,,,FALSE,FALSE,Tools/export (core/index.py),
03_boss/Boss/giap_sau_truoc,03_boss,Boss,giap_sau_truoc,47,empty,,,giap_sau ở bản gốc (chỉ điền khi đổi),,,,FALSE,FALSE,Tools/export (core/index.py),
03_boss/Boss/giap_truoc,03_boss,Boss,giap_truoc,12,int,,,"giáp mặt trước 0-5 (Armour.cs: một số = trước, hông -1, sau / nóc -2; bay / công trình: đều)",Assets/MachineBrigade/Resources/Data/balance.json: vehicles[*] sau inherits (Catalog.cs),,,FALSE,FALSE,Tools/export (core/index.py),
03_boss/Boss/giap_truoc_sau,03_boss,Boss,giap_truoc_sau,44,empty,,,giap_truoc bây giờ (chỉ điền khi đổi),,,,FALSE,FALSE,Tools/export (core/index.py),
03_boss/Boss/giap_truoc_truoc,03_boss,Boss,giap_truoc_truoc,43,empty,,,giap_truoc ở bản gốc (chỉ điền khi đổi),,,,FALSE,FALSE,Tools/export (core/index.py),
03_boss/Boss/guard,03_boss,Boss,guard,172,empty,,,,Assets/MachineBrigade/Resources/Data/balance.json: vehicles[*].guard,,,FALSE,TRUE,Tools/export (core/index.py),
03_boss/Boss/guard_count,03_boss,Boss,guard_count,173,int,,,,Assets/MachineBrigade/Resources/Data/balance.json: vehicles[*].guard.count,,,FALSE,TRUE,Tools/export (core/index.py),
03_boss/Boss/guard_damage,03_boss,Boss,guard_damage,174,int,,,,Assets/MachineBrigade/Resources/Data/balance.json: vehicles[*].guard.damage,,,FALSE,TRUE,Tools/export (core/index.py),
03_boss/Boss/guard_every_s,03_boss,Boss,guard_every_s,175,int,s,,,Assets/MachineBrigade/Resources/Data/balance.json: vehicles[*].guard.every,,,FALSE,TRUE,Tools/export (core/index.py),
03_boss/Boss/guard_pad_m,03_boss,Boss,guard_pad_m,176,int,m,,,Assets/MachineBrigade/Resources/Data/balance.json: vehicles[*].guard.pad,,,FALSE,TRUE,Tools/export (core/index.py),
03_boss/Boss/guard_radius_m,03_boss,Boss,guard_radius_m,177,int,m,,,Assets/MachineBrigade/Resources/Data/balance.json: vehicles[*].guard.radius,,,FALSE,TRUE,Tools/export (core/index.py),
03_boss/Boss/he_so_sat_thuong_ra,03_boss,Boss,he_so_sat_thuong_ra,30,number,,,"outgoingDamageMult (mặc định 1, kẹp 0,1-10)",Assets/MachineBrigade/Resources/Data/balance.json: vehicles[*] sau inherits (Catalog.cs),,,FALSE,FALSE,Tools/export (core/index.py),
03_boss/Boss/he_so_sat_thuong_ra_sau,03_boss,Boss,he_so_sat_thuong_ra_sau,60,number,,,he_so_sat_thuong_ra bây giờ (chỉ điền khi đổi),,,,FALSE,FALSE,Tools/export (core/index.py),
03_boss/Boss/he_so_sat_thuong_ra_truoc,03_boss,Boss,he_so_sat_thuong_ra_truoc,59,int,,,he_so_sat_thuong_ra ở bản gốc (chỉ điền khi đổi),,,,FALSE,FALSE,Tools/export (core/index.py),
03_boss/Boss/ho_tong,03_boss,Boss,ho_tong,70,bool,,,có đội hộ tống riêng (escorts[].boss),,,,FALSE,FALSE,Tools/export (core/index.py),
03_boss/Boss/hoi_tu_ve_s,03_boss,Boss,hoi_tu_ve_s,36,number,s,,hồi tự vệ (aps.recharge hoặc flareRecharge),Assets/MachineBrigade/Resources/Data/balance.json: vehicles[*] sau inherits (Catalog.cs),,,FALSE,FALSE,Tools/export (core/index.py),
03_boss/Boss/hp,03_boss,Boss,hp,178,int,hp,,,Assets/MachineBrigade/Resources/Data/balance.json: vehicles[*].hp,,,FALSE,TRUE,Tools/export (core/index.py),
03_boss/Boss/id,03_boss,Boss,id,1,text,,,id ổn định (khóa chính),Assets/MachineBrigade/Resources/Data/balance.json: vehicles[*].id,,,TRUE,FALSE,Tools/export (core/index.py),
03_boss/Boss/interceptor,03_boss,Boss,interceptor,179,bool,,,,Assets/MachineBrigade/Resources/Data/balance.json: vehicles[*].interceptor,,,FALSE,TRUE,Tools/export (core/index.py),
03_boss/Boss/jammer,03_boss,Boss,jammer,180,int,,,,Assets/MachineBrigade/Resources/Data/balance.json: vehicles[*].jammer,,,FALSE,TRUE,Tools/export (core/index.py),
03_boss/Boss/ke_thua_tu,03_boss,Boss,ke_thua_tu,8,empty,,,bản ghi cha (inherits),Assets/MachineBrigade/Resources/Data/balance.json: vehicles[*] sau inherits (Catalog.cs),,,FALSE,FALSE,Tools/export (core/index.py),
03_boss/Boss/khung,03_boss,Boss,khung,61,text,,,khung di chuyển (frame),,,03_boss/Boss_khung,FALSE,FALSE,Tools/export (core/index.py),
03_boss/Boss/kieu_duong_di,03_boss,Boss,kieu_duong_di,62,text,,,kiểu đường đi: đất / biển / ray / không (bossFrames[frame].move),,,,FALSE,FALSE,Tools/export (core/index.py),
03_boss/Boss/landing_every_s,03_boss,Boss,landing_every_s,181,int,s,,,Assets/MachineBrigade/Resources/Data/balance.json: vehicles[*].landing.every,,,FALSE,TRUE,Tools/export (core/index.py),
03_boss/Boss/landing_first,03_boss,Boss,landing_first,182,int,,,,Assets/MachineBrigade/Resources/Data/balance.json: vehicles[*].landing.first,,,FALSE,TRUE,Tools/export (core/index.py),
03_boss/Boss/landing_landings,03_boss,Boss,landing_landings,183,int,,,,Assets/MachineBrigade/Resources/Data/balance.json: vehicles[*].landing.landings,,,FALSE,TRUE,Tools/export (core/index.py),
03_boss/Boss/landing_max,03_boss,Boss,landing_max,184,int,,,,Assets/MachineBrigade/Resources/Data/balance.json: vehicles[*].landing.max,,,FALSE,TRUE,Tools/export (core/index.py),
03_boss/Boss/landing_min,03_boss,Boss,landing_min,185,int,,,,Assets/MachineBrigade/Resources/Data/balance.json: vehicles[*].landing.min,,,FALSE,TRUE,Tools/export (core/index.py),
03_boss/Boss/landing_ramp,03_boss,Boss,landing_ramp,186,list,,,,Assets/MachineBrigade/Resources/Data/balance.json: vehicles[*].landing.ramp[*],,,FALSE,TRUE,Tools/export (core/index.py),
03_boss/Boss/landing_stop,03_boss,Boss,landing_stop,187,int,,,,Assets/MachineBrigade/Resources/Data/balance.json: vehicles[*].landing.stop,,,FALSE,TRUE,Tools/export (core/index.py),
03_boss/Boss/landing_units,03_boss,Boss,landing_units,188,list,,,,Assets/MachineBrigade/Resources/Data/balance.json: vehicles[*].landing.units[*],,,FALSE,TRUE,Tools/export (core/index.py),
03_boss/Boss/length_m,03_boss,Boss,length_m,189,number,m,,,Assets/MachineBrigade/Resources/Data/balance.json: vehicles[*].length,,,FALSE,TRUE,Tools/export (core/index.py),
03_boss/Boss/lop,03_boss,Boss,lop,6,empty,,,lớp (class) sau inherits,Assets/MachineBrigade/Resources/Data/balance.json: vehicles[*] sau inherits (Catalog.cs),,,FALSE,FALSE,Tools/export (core/index.py),
03_boss/Boss/main_aim,03_boss,Boss,main_aim,190,text,,,,Assets/MachineBrigade/Resources/Data/balance.json: vehicles[*].mainAim,,,FALSE,TRUE,Tools/export (core/index.py),
03_boss/Boss/main_model,03_boss,Boss,main_model,191,text,,,,Assets/MachineBrigade/Resources/Data/balance.json: vehicles[*].mainModel,,,FALSE,TRUE,Tools/export (core/index.py),
03_boss/Boss/main_slot,03_boss,Boss,main_slot,192,text,,,,Assets/MachineBrigade/Resources/Data/balance.json: vehicles[*].mainSlot,,,FALSE,TRUE,Tools/export (core/index.py),
03_boss/Boss/mau_hp,03_boss,Boss,mau_hp,10,int,hp,,máu trong dữ liệu (hp) sau inherits,Assets/MachineBrigade/Resources/Data/balance.json: vehicles[*] sau inherits (Catalog.cs),,,FALSE,FALSE,Tools/export (core/index.py),
03_boss/Boss/mau_hp_sau,03_boss,Boss,mau_hp_sau,42,int,,,mau_hp bây giờ (chỉ điền khi đổi),,,,FALSE,FALSE,Tools/export (core/index.py),
03_boss/Boss/mau_hp_truoc,03_boss,Boss,mau_hp_truoc,41,int,,,mau_hp ở bản gốc (chỉ điền khi đổi),,,,FALSE,FALSE,Tools/export (core/index.py),
03_boss/Boss/mau_trong_tran_hp,03_boss,Boss,mau_trong_tran_hp,11,number,hp,,"máu trong trận = hp x toughness.vehicles (boss: toughness.bosses; trước hệ số hạng boss, độ khó, chiến dịch)",Assets/MachineBrigade/Resources/Data/balance.json: vehicles[*] sau inherits (Catalog.cs),,,FALSE,FALSE,Tools/export (core/index.py),
03_boss/Boss/mines_damage,03_boss,Boss,mines_damage,193,int,,,,Assets/MachineBrigade/Resources/Data/balance.json: vehicles[*].mines.damage,,,FALSE,TRUE,Tools/export (core/index.py),
03_boss/Boss/mines_interval,03_boss,Boss,mines_interval,194,int,,,,Assets/MachineBrigade/Resources/Data/balance.json: vehicles[*].mines.interval,,,FALSE,TRUE,Tools/export (core/index.py),
03_boss/Boss/mines_life,03_boss,Boss,mines_life,195,int,,,,Assets/MachineBrigade/Resources/Data/balance.json: vehicles[*].mines.life,,,FALSE,TRUE,Tools/export (core/index.py),
03_boss/Boss/mines_max,03_boss,Boss,mines_max,196,int,,,,Assets/MachineBrigade/Resources/Data/balance.json: vehicles[*].mines.max,,,FALSE,TRUE,Tools/export (core/index.py),
03_boss/Boss/mines_radius_m,03_boss,Boss,mines_radius_m,197,int,m,,,Assets/MachineBrigade/Resources/Data/balance.json: vehicles[*].mines.radius,,,FALSE,TRUE,Tools/export (core/index.py),
03_boss/Boss/mines_tier,03_boss,Boss,mines_tier,198,text,,,,Assets/MachineBrigade/Resources/Data/balance.json: vehicles[*].mines.tier,,,FALSE,TRUE,Tools/export (core/index.py),
03_boss/Boss/mines_trigger,03_boss,Boss,mines_trigger,199,number,,,,Assets/MachineBrigade/Resources/Data/balance.json: vehicles[*].mines.trigger,,,FALSE,TRUE,Tools/export (core/index.py),
03_boss/Boss/mines_turn_strip,03_boss,Boss,mines_turn_strip,200,int,,,,Assets/MachineBrigade/Resources/Data/balance.json: vehicles[*].mines.turnStrip,,,FALSE,TRUE,Tools/export (core/index.py),
03_boss/Boss/mo_hinh,03_boss,Boss,mo_hinh,37,text,,,"model GLB (model, mặc định cha hoặc id)",Assets/MachineBrigade/Resources/Data/balance.json: vehicles[*] sau inherits (Catalog.cs),,,FALSE,FALSE,Tools/export (core/index.py),
03_boss/Boss/model,03_boss,Boss,model,201,text,,,,Assets/MachineBrigade/Resources/Data/balance.json: vehicles[*].model,,,FALSE,TRUE,Tools/export (core/index.py),
03_boss/Boss/model_size_height_m,03_boss,Boss,model_size_height_m,202,number,m,,,Assets/MachineBrigade/Resources/Data/balance.json: vehicles[*].modelSize[*],,,FALSE,TRUE,Tools/export (core/index.py),
03_boss/Boss/model_size_length_m,03_boss,Boss,model_size_length_m,203,number,m,,,Assets/MachineBrigade/Resources/Data/balance.json: vehicles[*].modelSize[*],,,FALSE,TRUE,Tools/export (core/index.py),
03_boss/Boss/model_size_width_m,03_boss,Boss,model_size_width_m,204,number,m,,,Assets/MachineBrigade/Resources/Data/balance.json: vehicles[*].modelSize[*],,,FALSE,TRUE,Tools/export (core/index.py),
03_boss/Boss/mount_weapons_0,03_boss,Boss,mount_weapons_0,205,text,,,,"Assets/MachineBrigade/Resources/Data/balance.json: vehicles[*].mountWeapons[""0""]",,,FALSE,TRUE,Tools/export (core/index.py),
03_boss/Boss/mount_weapons_1,03_boss,Boss,mount_weapons_1,206,text,,,,"Assets/MachineBrigade/Resources/Data/balance.json: vehicles[*].mountWeapons[""1""]",,,FALSE,TRUE,Tools/export (core/index.py),
03_boss/Boss/mount_weapons_2,03_boss,Boss,mount_weapons_2,208,text,,,,"Assets/MachineBrigade/Resources/Data/balance.json: vehicles[*].mountWeapons[""2""]",,,FALSE,TRUE,Tools/export (core/index.py),
03_boss/Boss/mount_weapons_3,03_boss,Boss,mount_weapons_3,209,text,,,,"Assets/MachineBrigade/Resources/Data/balance.json: vehicles[*].mountWeapons[""3""]",,,FALSE,TRUE,Tools/export (core/index.py),
03_boss/Boss/mount_weapons_4,03_boss,Boss,mount_weapons_4,210,text,,,,"Assets/MachineBrigade/Resources/Data/balance.json: vehicles[*].mountWeapons[""4""]",,,FALSE,TRUE,Tools/export (core/index.py),
03_boss/Boss/mount_weapons_5,03_boss,Boss,mount_weapons_5,211,text,,,,"Assets/MachineBrigade/Resources/Data/balance.json: vehicles[*].mountWeapons[""5""]",,,FALSE,TRUE,Tools/export (core/index.py),
03_boss/Boss/mount_weapons_6,03_boss,Boss,mount_weapons_6,212,text,,,,"Assets/MachineBrigade/Resources/Data/balance.json: vehicles[*].mountWeapons[""6""]",,,FALSE,TRUE,Tools/export (core/index.py),
03_boss/Boss/mount_weapons_7,03_boss,Boss,mount_weapons_7,213,text,,,,"Assets/MachineBrigade/Resources/Data/balance.json: vehicles[*].mountWeapons[""7""]",,,FALSE,TRUE,Tools/export (core/index.py),
03_boss/Boss/mount_weapons_8,03_boss,Boss,mount_weapons_8,214,text,,,,"Assets/MachineBrigade/Resources/Data/balance.json: vehicles[*].mountWeapons[""8""]",,,FALSE,TRUE,Tools/export (core/index.py),
03_boss/Boss/mount_weapons_9,03_boss,Boss,mount_weapons_9,215,text,,,,"Assets/MachineBrigade/Resources/Data/balance.json: vehicles[*].mountWeapons[""9""]",,,FALSE,TRUE,Tools/export (core/index.py),
03_boss/Boss/mount_weapons_10,03_boss,Boss,mount_weapons_10,207,text,,,,"Assets/MachineBrigade/Resources/Data/balance.json: vehicles[*].mountWeapons[""10""]",,,FALSE,TRUE,Tools/export (core/index.py),
03_boss/Boss/naval_escape_phase,03_boss,Boss,naval_escape_phase,216,int,,,,Assets/MachineBrigade/Resources/Data/balance.json: vehicles[*].naval.escapePhase,,,FALSE,TRUE,Tools/export (core/index.py),
03_boss/Boss/naval_escape_speed_m_s,03_boss,Boss,naval_escape_speed_m_s,217,number,m/s,,,Assets/MachineBrigade/Resources/Data/balance.json: vehicles[*].naval.escapeSpeed,,,FALSE,TRUE,Tools/export (core/index.py),
03_boss/Boss/naval_lanes,03_boss,Boss,naval_lanes,218,list,,,,Assets/MachineBrigade/Resources/Data/balance.json: vehicles[*].naval.lanes[*],,,FALSE,TRUE,Tools/export (core/index.py),
03_boss/Boss/naval_pass_in,03_boss,Boss,naval_pass_in,219,int,,,,Assets/MachineBrigade/Resources/Data/balance.json: vehicles[*].naval.passIn,,,FALSE,TRUE,Tools/export (core/index.py),
03_boss/Boss/naval_pass_out,03_boss,Boss,naval_pass_out,220,int,,,,Assets/MachineBrigade/Resources/Data/balance.json: vehicles[*].naval.passOut,,,FALSE,TRUE,Tools/export (core/index.py),
03_boss/Boss/naval_role,03_boss,Boss,naval_role,221,text,,,,Assets/MachineBrigade/Resources/Data/balance.json: vehicles[*].naval.role,,,FALSE,TRUE,Tools/export (core/index.py),
03_boss/Boss/nguon,03_boss,Boss,nguon,328,text,,,file + khóa nguồn của dòng,,,,,,Tools/export (core/index.py),
03_boss/Boss/nhanh,03_boss,Boss,nhanh,7,empty,,,nhánh quân (balance.branches theo lớp),Assets/MachineBrigade/Resources/Data/balance.json: vehicles[*] sau inherits (Catalog.cs),,,FALSE,FALSE,Tools/export (core/index.py),
03_boss/Boss/nhiem_vu,03_boss,Boss,nhiem_vu,72,text,,,nhiệm vụ có boss (campaign missions[].boss.def),,,,FALSE,FALSE,Tools/export (core/index.py),
03_boss/Boss/noi_tai,03_boss,Boss,noi_tai,33,text,,,kỹ năng nội tại (skills),Assets/MachineBrigade/Resources/Data/balance.json: vehicles[*] sau inherits (Catalog.cs),,02_phuong_tien/Ky_nang,FALSE,FALSE,Tools/export (core/index.py),
03_boss/Boss/orbit,03_boss,Boss,orbit,222,bool,,,,Assets/MachineBrigade/Resources/Data/balance.json: vehicles[*].orbit,,,FALSE,TRUE,Tools/export (core/index.py),
03_boss/Boss/outgoing_damage_mult,03_boss,Boss,outgoing_damage_mult,223,number,,,,Assets/MachineBrigade/Resources/Data/balance.json: vehicles[*].outgoingDamageMult,,,FALSE,TRUE,Tools/export (core/index.py),
03_boss/Boss/part_lock,03_boss,Boss,part_lock,224,empty,,,,Assets/MachineBrigade/Resources/Data/balance.json: vehicles[*].partLock,,,FALSE,TRUE,Tools/export (core/index.py),
03_boss/Boss/part_lock_count,03_boss,Boss,part_lock_count,225,int,,,,Assets/MachineBrigade/Resources/Data/balance.json: vehicles[*].partLock.count,,,FALSE,TRUE,Tools/export (core/index.py),
03_boss/Boss/part_lock_kind,03_boss,Boss,part_lock_kind,226,text,,,,Assets/MachineBrigade/Resources/Data/balance.json: vehicles[*].partLock.kind,,,FALSE,TRUE,Tools/export (core/index.py),
03_boss/Boss/phan_loai,03_boss,Boss,phan_loai,2,text,,main;mini,main (chủ lực) / mini,,,,FALSE,FALSE,Tools/export (core/index.py),
03_boss/Boss/pods_count,03_boss,Boss,pods_count,227,int,,,,Assets/MachineBrigade/Resources/Data/balance.json: vehicles[*].pods.count,,,FALSE,TRUE,Tools/export (core/index.py),
03_boss/Boss/pods_damage,03_boss,Boss,pods_damage,228,int,,,,Assets/MachineBrigade/Resources/Data/balance.json: vehicles[*].pods.damage,,,FALSE,TRUE,Tools/export (core/index.py),
03_boss/Boss/pods_every_by_phase,03_boss,Boss,pods_every_by_phase,229,list,,,,Assets/MachineBrigade/Resources/Data/balance.json: vehicles[*].pods.everyByPhase[*],,,FALSE,TRUE,Tools/export (core/index.py),
03_boss/Boss/pods_every_s,03_boss,Boss,pods_every_s,230,int,s,,,Assets/MachineBrigade/Resources/Data/balance.json: vehicles[*].pods.every,,,FALSE,TRUE,Tools/export (core/index.py),
03_boss/Boss/pods_fall,03_boss,Boss,pods_fall,231,int,,,,Assets/MachineBrigade/Resources/Data/balance.json: vehicles[*].pods.fall,,,FALSE,TRUE,Tools/export (core/index.py),
03_boss/Boss/pods_first,03_boss,Boss,pods_first,232,int,,,,Assets/MachineBrigade/Resources/Data/balance.json: vehicles[*].pods.first,,,FALSE,TRUE,Tools/export (core/index.py),
03_boss/Boss/pods_max,03_boss,Boss,pods_max,233,int,,,,Assets/MachineBrigade/Resources/Data/balance.json: vehicles[*].pods.max,,,FALSE,TRUE,Tools/export (core/index.py),
03_boss/Boss/pods_min,03_boss,Boss,pods_min,234,int,,,,Assets/MachineBrigade/Resources/Data/balance.json: vehicles[*].pods.min,,,FALSE,TRUE,Tools/export (core/index.py),
03_boss/Boss/pods_offset_m,03_boss,Boss,pods_offset_m,235,int,m,,,Assets/MachineBrigade/Resources/Data/balance.json: vehicles[*].pods.offset,,,FALSE,TRUE,Tools/export (core/index.py),
03_boss/Boss/pods_per_pod,03_boss,Boss,pods_per_pod,236,int,,,,Assets/MachineBrigade/Resources/Data/balance.json: vehicles[*].pods.perPod,,,FALSE,TRUE,Tools/export (core/index.py),
03_boss/Boss/pods_radius_m,03_boss,Boss,pods_radius_m,237,int,m,,,Assets/MachineBrigade/Resources/Data/balance.json: vehicles[*].pods.radius,,,FALSE,TRUE,Tools/export (core/index.py),
03_boss/Boss/pods_spread,03_boss,Boss,pods_spread,238,int,,,,Assets/MachineBrigade/Resources/Data/balance.json: vehicles[*].pods.spread,,,FALSE,TRUE,Tools/export (core/index.py),
03_boss/Boss/pods_stun_s,03_boss,Boss,pods_stun_s,239,int,s,,,Assets/MachineBrigade/Resources/Data/balance.json: vehicles[*].pods.stun,,,FALSE,TRUE,Tools/export (core/index.py),
03_boss/Boss/pods_tiers,03_boss,Boss,pods_tiers,240,list,,,,Assets/MachineBrigade/Resources/Data/balance.json: vehicles[*].pods.tiers[*],,,FALSE,TRUE,Tools/export (core/index.py),
03_boss/Boss/pods_unit,03_boss,Boss,pods_unit,241,text,,,,Assets/MachineBrigade/Resources/Data/balance.json: vehicles[*].pods.unit,,,FALSE,TRUE,Tools/export (core/index.py),
03_boss/Boss/pods_units,03_boss,Boss,pods_units,242,list,,,,Assets/MachineBrigade/Resources/Data/balance.json: vehicles[*].pods.units[*],,,FALSE,TRUE,Tools/export (core/index.py),
03_boss/Boss/pods_warning,03_boss,Boss,pods_warning,243,text,,,,Assets/MachineBrigade/Resources/Data/balance.json: vehicles[*].pods.warning,,,FALSE,TRUE,Tools/export (core/index.py),
03_boss/Boss/radio_spawn,03_boss,Boss,radio_spawn,244,text,,,,Assets/MachineBrigade/Resources/Data/balance.json: vehicles[*].radioSpawn,,,FALSE,TRUE,Tools/export (core/index.py),
03_boss/Boss/radius_m,03_boss,Boss,radius_m,245,number,m,,,Assets/MachineBrigade/Resources/Data/balance.json: vehicles[*].radius,,,FALSE,TRUE,Tools/export (core/index.py),
03_boss/Boss/rank,03_boss,Boss,rank,246,text,,,,Assets/MachineBrigade/Resources/Data/balance.json: vehicles[*].rank,,,FALSE,TRUE,Tools/export (core/index.py),
03_boss/Boss/raw_json,03_boss,Boss,raw_json,329,text,,,nguyên bản ghi gốc (JSON),,,,,,Tools/export (core/index.py),
03_boss/Boss/rong_m,03_boss,Boss,rong_m,23,number,m,,rộng thân = width x scale,Assets/MachineBrigade/Resources/Data/balance.json: vehicles[*] sau inherits (Catalog.cs),,,FALSE,FALSE,Tools/export (core/index.py),
03_boss/Boss/route,03_boss,Boss,route,247,text,,,,Assets/MachineBrigade/Resources/Data/balance.json: vehicles[*].route,,,FALSE,TRUE,Tools/export (core/index.py),
03_boss/Boss/salvo,03_boss,Boss,salvo,248,empty,,,,Assets/MachineBrigade/Resources/Data/balance.json: vehicles[*].salvo,,,FALSE,TRUE,Tools/export (core/index.py),
03_boss/Boss/salvo_blind_scatter,03_boss,Boss,salvo_blind_scatter,249,number,,,,Assets/MachineBrigade/Resources/Data/balance.json: vehicles[*].salvo.blindScatter,,,FALSE,TRUE,Tools/export (core/index.py),
03_boss/Boss/salvo_damage,03_boss,Boss,salvo_damage,250,int,,,,Assets/MachineBrigade/Resources/Data/balance.json: vehicles[*].salvo.damage,,,FALSE,TRUE,Tools/export (core/index.py),
03_boss/Boss/salvo_edge_m,03_boss,Boss,salvo_edge_m,251,int,m,,,Assets/MachineBrigade/Resources/Data/balance.json: vehicles[*].salvo.edge,,,FALSE,TRUE,Tools/export (core/index.py),
03_boss/Boss/salvo_every_s,03_boss,Boss,salvo_every_s,252,int,s,,,Assets/MachineBrigade/Resources/Data/balance.json: vehicles[*].salvo.every,,,FALSE,TRUE,Tools/export (core/index.py),
03_boss/Boss/salvo_first,03_boss,Boss,salvo_first,253,int,,,,Assets/MachineBrigade/Resources/Data/balance.json: vehicles[*].salvo.first,,,FALSE,TRUE,Tools/export (core/index.py),
03_boss/Boss/salvo_radius_m,03_boss,Boss,salvo_radius_m,254,int,m,,,Assets/MachineBrigade/Resources/Data/balance.json: vehicles[*].salvo.radius,,,FALSE,TRUE,Tools/export (core/index.py),
03_boss/Boss/salvo_range_m,03_boss,Boss,salvo_range_m,255,int,m,,,Assets/MachineBrigade/Resources/Data/balance.json: vehicles[*].salvo.range,,,FALSE,TRUE,Tools/export (core/index.py),
03_boss/Boss/salvo_shells,03_boss,Boss,salvo_shells,256,int,,,,Assets/MachineBrigade/Resources/Data/balance.json: vehicles[*].salvo.shells,,,FALSE,TRUE,Tools/export (core/index.py),
03_boss/Boss/salvo_spread,03_boss,Boss,salvo_spread,257,int,,,,Assets/MachineBrigade/Resources/Data/balance.json: vehicles[*].salvo.spread,,,FALSE,TRUE,Tools/export (core/index.py),
03_boss/Boss/salvo_sweep,03_boss,Boss,salvo_sweep,258,int,,,,Assets/MachineBrigade/Resources/Data/balance.json: vehicles[*].salvo.sweep,,,FALSE,TRUE,Tools/export (core/index.py),
03_boss/Boss/salvo_warn_s,03_boss,Boss,salvo_warn_s,259,number,s,,,Assets/MachineBrigade/Resources/Data/balance.json: vehicles[*].salvo.warn,,,FALSE,TRUE,Tools/export (core/index.py),
03_boss/Boss/salvo_warning,03_boss,Boss,salvo_warning,260,text,,,,Assets/MachineBrigade/Resources/Data/balance.json: vehicles[*].salvo.warning,,,FALSE,TRUE,Tools/export (core/index.py),
03_boss/Boss/salvo_weapon,03_boss,Boss,salvo_weapon,261,text,,,,Assets/MachineBrigade/Resources/Data/balance.json: vehicles[*].salvo.weapon,,,FALSE,TRUE,Tools/export (core/index.py),
03_boss/Boss/scale,03_boss,Boss,scale,262,number,,,,Assets/MachineBrigade/Resources/Data/balance.json: vehicles[*].scale,,,FALSE,TRUE,Tools/export (core/index.py),
03_boss/Boss/scoot_max,03_boss,Boss,scoot_max,263,int,,,,Assets/MachineBrigade/Resources/Data/balance.json: vehicles[*].scoot.max,,,FALSE,TRUE,Tools/export (core/index.py),
03_boss/Boss/scoot_min,03_boss,Boss,scoot_min,264,int,,,,Assets/MachineBrigade/Resources/Data/balance.json: vehicles[*].scoot.min,,,FALSE,TRUE,Tools/export (core/index.py),
03_boss/Boss/scoot_shots,03_boss,Boss,scoot_shots,265,int,,,,Assets/MachineBrigade/Resources/Data/balance.json: vehicles[*].scoot.shots,,,FALSE,TRUE,Tools/export (core/index.py),
03_boss/Boss/sead,03_boss,Boss,sead,266,bool,,,,Assets/MachineBrigade/Resources/Data/balance.json: vehicles[*].sead,,,FALSE,TRUE,Tools/export (core/index.py),
03_boss/Boss/secondary,03_boss,Boss,secondary,267,list,,,,Assets/MachineBrigade/Resources/Data/balance.json: vehicles[*].secondary,,,FALSE,TRUE,Tools/export (core/index.py),
03_boss/Boss/sieu_vu_khi,03_boss,Boss,sieu_vu_khi,67,text,,,siêu vũ khí (bigAttack),,,03_boss/Boss_sieu_vu_khi,FALSE,FALSE,Tools/export (core/index.py),
03_boss/Boss/sieu_vu_khi_cach_nham,03_boss,Boss,sieu_vu_khi_cach_nham,69,text,,,cách nhắm siêu vũ khí (bigAttacks.aim),,,,FALSE,FALSE,Tools/export (core/index.py),
03_boss/Boss/sieu_vu_khi_chu_ky_s,03_boss,Boss,sieu_vu_khi_chu_ky_s,68,int,s,,chu kỳ siêu vũ khí (bigAttacks.cooldown),,,,FALSE,FALSE,Tools/export (core/index.py),
03_boss/Boss/size,03_boss,Boss,size,268,number,,,,Assets/MachineBrigade/Resources/Data/balance.json: vehicles[*].size,,,FALSE,TRUE,Tools/export (core/index.py),
03_boss/Boss/skills,03_boss,Boss,skills,269,list,,,,"Assets/MachineBrigade/Resources/Data/balance.json: vehicles[*].skills, vehicles[*].skills[*]",,,FALSE,TRUE,Tools/export (core/index.py),
03_boss/Boss/so_be,03_boss,Boss,so_be,65,int,,,số bệ vũ khí khi dựng (1 + secondary),,,,FALSE,FALSE,Tools/export (core/index.py),
03_boss/Boss/so_lan_tu_ve,03_boss,Boss,so_lan_tu_ve,35,int,,,số lần tự vệ (aps.charges hoặc flareCharges),Assets/MachineBrigade/Resources/Data/balance.json: vehicles[*] sau inherits (Catalog.cs),,,FALSE,FALSE,Tools/export (core/index.py),
03_boss/Boss/so_nong,03_boss,Boss,so_nong,66,int,,,tổng số nòng trên mọi bệ (barrels của vũ khí),,,,FALSE,FALSE,Tools/export (core/index.py),
03_boss/Boss/so_voi_ban_goc,03_boss,Boss,so_voi_ban_goc,38,text,,giong;doi;moi,so với bản gốc (Phien_ban.ban_goc): giong / doi / moi (chưa có ở bản gốc),,,,FALSE,FALSE,Tools/export (core/index.py),
03_boss/Boss/speed_m_s,03_boss,Boss,speed_m_s,270,number,m/s,,,Assets/MachineBrigade/Resources/Data/balance.json: vehicles[*].speed,,,FALSE,TRUE,Tools/export (core/index.py),
03_boss/Boss/spot_aura,03_boss,Boss,spot_aura,271,number,,,,Assets/MachineBrigade/Resources/Data/balance.json: vehicles[*].spotAura,,,FALSE,TRUE,Tools/export (core/index.py),
03_boss/Boss/static,03_boss,Boss,static,272,bool,,,,Assets/MachineBrigade/Resources/Data/balance.json: vehicles[*].static,,,FALSE,TRUE,Tools/export (core/index.py),
03_boss/Boss/stealth,03_boss,Boss,stealth,273,bool,,,,Assets/MachineBrigade/Resources/Data/balance.json: vehicles[*].stealth,,,FALSE,TRUE,Tools/export (core/index.py),
03_boss/Boss/structure,03_boss,Boss,structure,274,bool,,,,Assets/MachineBrigade/Resources/Data/balance.json: vehicles[*].structure,,,FALSE,TRUE,Tools/export (core/index.py),
03_boss/Boss/tam_nhin_m,03_boss,Boss,tam_nhin_m,20,int,m,,tầm nhìn,Assets/MachineBrigade/Resources/Data/balance.json: vehicles[*] sau inherits (Catalog.cs),,,FALSE,FALSE,Tools/export (core/index.py),
03_boss/Boss/tam_nhin_m_sau,03_boss,Boss,tam_nhin_m_sau,54,empty,,,tam_nhin_m bây giờ (chỉ điền khi đổi),,,,FALSE,FALSE,Tools/export (core/index.py),
03_boss/Boss/tam_nhin_m_truoc,03_boss,Boss,tam_nhin_m_truoc,53,empty,,,tam_nhin_m ở bản gốc (chỉ điền khi đổi),,,,FALSE,FALSE,Tools/export (core/index.py),
03_boss/Boss/ten_en,03_boss,Boss,ten_en,3,text,,,tên tiếng Anh (HUD unit.<id>),,,,FALSE,FALSE,Tools/export (core/index.py),
03_boss/Boss/ten_ngan_vi,03_boss,Boss,ten_ngan_vi,5,text,,,tên ngắn tiếng Việt (HUD short.<id>),,,,FALSE,FALSE,Tools/export (core/index.py),
03_boss/Boss/ten_vi,03_boss,Boss,ten_vi,4,text,,,tên tiếng Việt (HUD unit.<id>),,,,FALSE,FALSE,Tools/export (core/index.py),
03_boss/Boss/tha_du_s,03_boss,Boss,tha_du_s,29,number,s,,"thời gian thả dù (dropDelay, mặc định 3,5, kẹp 0,5-30)",Assets/MachineBrigade/Resources/Data/balance.json: vehicles[*] sau inherits (Catalog.cs),,,FALSE,FALSE,Tools/export (core/index.py),
03_boss/Boss/thoi_gian_ha_muc_tieu_s,03_boss,Boss,thoi_gian_ha_muc_tieu_s,73,empty,s,,thời gian hạ mục tiêu thiết kế (tính trong mã / bảng cân bằng),,,,FALSE,FALSE,Tools/export (core/index.py),
03_boss/Boss/tiers_armour_belly,03_boss,Boss,tiers_armour_belly,275,int,,,,Assets/MachineBrigade/Resources/Data/balance.json: vehicles[*].tiers.armour.belly,,,FALSE,TRUE,Tools/export (core/index.py),
03_boss/Boss/tiers_armour_grounded,03_boss,Boss,tiers_armour_grounded,276,int,,,,Assets/MachineBrigade/Resources/Data/balance.json: vehicles[*].tiers.armour.grounded,,,FALSE,TRUE,Tools/export (core/index.py),
03_boss/Boss/tiers_armour_hull,03_boss,Boss,tiers_armour_hull,277,int,,,,Assets/MachineBrigade/Resources/Data/balance.json: vehicles[*].tiers.armour.hull,,,FALSE,TRUE,Tools/export (core/index.py),
03_boss/Boss/tiers_crash,03_boss,Boss,tiers_crash,278,empty,,,,Assets/MachineBrigade/Resources/Data/balance.json: vehicles[*].tiers.crash,,,FALSE,TRUE,Tools/export (core/index.py),
03_boss/Boss/tiers_crash_at,03_boss,Boss,tiers_crash_at,279,list,,,,Assets/MachineBrigade/Resources/Data/balance.json: vehicles[*].tiers.crash.at[*],,,FALSE,TRUE,Tools/export (core/index.py),
03_boss/Boss/tiers_crash_damage,03_boss,Boss,tiers_crash_damage,280,int,,,,Assets/MachineBrigade/Resources/Data/balance.json: vehicles[*].tiers.crash.damage,,,FALSE,TRUE,Tools/export (core/index.py),
03_boss/Boss/tiers_crash_debris,03_boss,Boss,tiers_crash_debris,281,text,,,,Assets/MachineBrigade/Resources/Data/balance.json: vehicles[*].tiers.crash.debris,,,FALSE,TRUE,Tools/export (core/index.py),
03_boss/Boss/tiers_crash_debris_at,03_boss,Boss,tiers_crash_debris_at,282,list,,,,Assets/MachineBrigade/Resources/Data/balance.json: vehicles[*].tiers.crash.debrisAt[*][*],,,FALSE,TRUE,Tools/export (core/index.py),
03_boss/Boss/tiers_crash_fall,03_boss,Boss,tiers_crash_fall,283,int,,,,Assets/MachineBrigade/Resources/Data/balance.json: vehicles[*].tiers.crash.fall,,,FALSE,TRUE,Tools/export (core/index.py),
03_boss/Boss/tiers_crash_form,03_boss,Boss,tiers_crash_form,284,text,,,,Assets/MachineBrigade/Resources/Data/balance.json: vehicles[*].tiers.crash.form,,,FALSE,TRUE,Tools/export (core/index.py),
03_boss/Boss/tiers_crash_guns,03_boss,Boss,tiers_crash_guns,285,list,,,,Assets/MachineBrigade/Resources/Data/balance.json: vehicles[*].tiers.crash.guns[*],,,FALSE,TRUE,Tools/export (core/index.py),
03_boss/Boss/tiers_crash_radius_m,03_boss,Boss,tiers_crash_radius_m,286,number,m,,,Assets/MachineBrigade/Resources/Data/balance.json: vehicles[*].tiers.crash.radius,,,FALSE,TRUE,Tools/export (core/index.py),
03_boss/Boss/tiers_crash_warning,03_boss,Boss,tiers_crash_warning,287,text,,,,Assets/MachineBrigade/Resources/Data/balance.json: vehicles[*].tiers.crash.warning,,,FALSE,TRUE,Tools/export (core/index.py),
03_boss/Boss/tiers_descend_m_s,03_boss,Boss,tiers_descend_m_s,288,int,m/s,,,Assets/MachineBrigade/Resources/Data/balance.json: vehicles[*].tiers.descend,,,FALSE,TRUE,Tools/export (core/index.py),
03_boss/Boss/tiers_halt_phase,03_boss,Boss,tiers_halt_phase,289,int,,,,Assets/MachineBrigade/Resources/Data/balance.json: vehicles[*].tiers.haltPhase,,,FALSE,TRUE,Tools/export (core/index.py),
03_boss/Boss/tiers_heights_high,03_boss,Boss,tiers_heights_high,290,int,,,,Assets/MachineBrigade/Resources/Data/balance.json: vehicles[*].tiers.heights.high,,,FALSE,TRUE,Tools/export (core/index.py),
03_boss/Boss/tiers_heights_low,03_boss,Boss,tiers_heights_low,291,int,,,,Assets/MachineBrigade/Resources/Data/balance.json: vehicles[*].tiers.heights.low,,,FALSE,TRUE,Tools/export (core/index.py),
03_boss/Boss/tiers_heights_orbit,03_boss,Boss,tiers_heights_orbit,292,int,,,,Assets/MachineBrigade/Resources/Data/balance.json: vehicles[*].tiers.heights.orbit,,,FALSE,TRUE,Tools/export (core/index.py),
03_boss/Boss/tiers_hijack,03_boss,Boss,tiers_hijack,293,empty,,,,Assets/MachineBrigade/Resources/Data/balance.json: vehicles[*].tiers.hijack,,,FALSE,TRUE,Tools/export (core/index.py),
03_boss/Boss/tiers_hijack_difficulties,03_boss,Boss,tiers_hijack_difficulties,294,list,,,,Assets/MachineBrigade/Resources/Data/balance.json: vehicles[*].tiers.hijack.difficulties[*],,,FALSE,TRUE,Tools/export (core/index.py),
03_boss/Boss/tiers_hijack_every_s,03_boss,Boss,tiers_hijack_every_s,295,int,s,,,Assets/MachineBrigade/Resources/Data/balance.json: vehicles[*].tiers.hijack.every,,,FALSE,TRUE,Tools/export (core/index.py),
03_boss/Boss/tiers_hijack_first,03_boss,Boss,tiers_hijack_first,296,int,,,,Assets/MachineBrigade/Resources/Data/balance.json: vehicles[*].tiers.hijack.first,,,FALSE,TRUE,Tools/export (core/index.py),
03_boss/Boss/tiers_hijack_seconds_s,03_boss,Boss,tiers_hijack_seconds_s,297,int,s,,,Assets/MachineBrigade/Resources/Data/balance.json: vehicles[*].tiers.hijack.seconds,,,FALSE,TRUE,Tools/export (core/index.py),
03_boss/Boss/tiers_hijack_warn_s,03_boss,Boss,tiers_hijack_warn_s,298,int,s,,,Assets/MachineBrigade/Resources/Data/balance.json: vehicles[*].tiers.hijack.warn,,,FALSE,TRUE,Tools/export (core/index.py),
03_boss/Boss/tiers_marks,03_boss,Boss,tiers_marks,299,list,,,,Assets/MachineBrigade/Resources/Data/balance.json: vehicles[*].tiers.marks[*],,,FALSE,TRUE,Tools/export (core/index.py),
03_boss/Boss/tiers_opening,03_boss,Boss,tiers_opening,300,number,,,,Assets/MachineBrigade/Resources/Data/balance.json: vehicles[*].tiers.opening,,,FALSE,TRUE,Tools/export (core/index.py),
03_boss/Boss/tiers_radio_appear,03_boss,Boss,tiers_radio_appear,301,text,,,,Assets/MachineBrigade/Resources/Data/balance.json: vehicles[*].tiers.radio.appear,,,FALSE,TRUE,Tools/export (core/index.py),
03_boss/Boss/tiers_radio_crash,03_boss,Boss,tiers_radio_crash,302,text,,,,Assets/MachineBrigade/Resources/Data/balance.json: vehicles[*].tiers.radio.crash,,,FALSE,TRUE,Tools/export (core/index.py),
03_boss/Boss/tiers_radio_descend_m_s,03_boss,Boss,tiers_radio_descend_m_s,303,text,m/s,,,Assets/MachineBrigade/Resources/Data/balance.json: vehicles[*].tiers.radio.descend,,,FALSE,TRUE,Tools/export (core/index.py),
03_boss/Boss/tiers_radio_down,03_boss,Boss,tiers_radio_down,304,text,,,,Assets/MachineBrigade/Resources/Data/balance.json: vehicles[*].tiers.radio.down,,,FALSE,TRUE,Tools/export (core/index.py),
03_boss/Boss/tiers_radio_hijack,03_boss,Boss,tiers_radio_hijack,305,text,,,,Assets/MachineBrigade/Resources/Data/balance.json: vehicles[*].tiers.radio.hijack,,,FALSE,TRUE,Tools/export (core/index.py),
03_boss/Boss/tiers_radio_hijack_warn,03_boss,Boss,tiers_radio_hijack_warn,306,text,,,,Assets/MachineBrigade/Resources/Data/balance.json: vehicles[*].tiers.radio.hijackWarn,,,FALSE,TRUE,Tools/export (core/index.py),
03_boss/Boss/tiers_radio_phase2,03_boss,Boss,tiers_radio_phase2,307,text,,,,Assets/MachineBrigade/Resources/Data/balance.json: vehicles[*].tiers.radio.phase2,,,FALSE,TRUE,Tools/export (core/index.py),
03_boss/Boss/tiers_radio_phase3,03_boss,Boss,tiers_radio_phase3,308,text,,,,Assets/MachineBrigade/Resources/Data/balance.json: vehicles[*].tiers.radio.phase3,,,FALSE,TRUE,Tools/export (core/index.py),
03_boss/Boss/tiers_shift,03_boss,Boss,tiers_shift,309,number,,,,Assets/MachineBrigade/Resources/Data/balance.json: vehicles[*].tiers.shift,,,FALSE,TRUE,Tools/export (core/index.py),
03_boss/Boss/toc_do_chiem,03_boss,Boss,toc_do_chiem,28,int,,,"hệ số tốc độ chiếm cứ điểm (captureRate, mặc định 1)",Assets/MachineBrigade/Resources/Data/balance.json: vehicles[*] sau inherits (Catalog.cs),,,FALSE,FALSE,Tools/export (core/index.py),
03_boss/Boss/toc_do_m_s,03_boss,Boss,toc_do_m_s,17,number,m/s,,tốc độ,Assets/MachineBrigade/Resources/Data/balance.json: vehicles[*] sau inherits (Catalog.cs),,,FALSE,FALSE,Tools/export (core/index.py),
03_boss/Boss/toc_do_m_s_sau,03_boss,Boss,toc_do_m_s_sau,52,empty,,,toc_do_m_s bây giờ (chỉ điền khi đổi),,,,FALSE,FALSE,Tools/export (core/index.py),
03_boss/Boss/toc_do_m_s_truoc,03_boss,Boss,toc_do_m_s_truoc,51,empty,,,toc_do_m_s ở bản gốc (chỉ điền khi đổi),,,,FALSE,FALSE,Tools/export (core/index.py),
03_boss/Boss/tu_ve,03_boss,Boss,tu_ve,34,text,,,tự vệ: none / flare / aps,Assets/MachineBrigade/Resources/Data/balance.json: vehicles[*] sau inherits (Catalog.cs),,,FALSE,FALSE,Tools/export (core/index.py),
03_boss/Boss/tuong,03_boss,Boss,tuong,63,text,,,tướng địch sở hữu (general),,,,FALSE,FALSE,Tools/export (core/index.py),
03_boss/Boss/turn_rate_deg_s,03_boss,Boss,turn_rate_deg_s,310,int,deg/s,,,Assets/MachineBrigade/Resources/Data/balance.json: vehicles[*].turnRate,,,FALSE,TRUE,Tools/export (core/index.py),
03_boss/Boss/turret_turn_rate_deg_s,03_boss,Boss,turret_turn_rate_deg_s,311,int,deg/s,,,Assets/MachineBrigade/Resources/Data/balance.json: vehicles[*].turretTurnRate,,,FALSE,TRUE,Tools/export (core/index.py),
03_boss/Boss/variant_drop,03_boss,Boss,variant_drop,312,list,,,,Assets/MachineBrigade/Resources/Data/balance.json: vehicles[*].variant.drop[*],,,FALSE,TRUE,Tools/export (core/index.py),
03_boss/Boss/variant_keep,03_boss,Boss,variant_keep,313,list,,,,Assets/MachineBrigade/Resources/Data/balance.json: vehicles[*].variant.keep[*],,,FALSE,TRUE,Tools/export (core/index.py),
03_boss/Boss/variant_mark,03_boss,Boss,variant_mark,314,text,,,,Assets/MachineBrigade/Resources/Data/balance.json: vehicles[*].variant.mark,,,FALSE,TRUE,Tools/export (core/index.py),
03_boss/Boss/variant_name,03_boss,Boss,variant_name,315,text,,,,Assets/MachineBrigade/Resources/Data/balance.json: vehicles[*].variant.name,,,FALSE,TRUE,Tools/export (core/index.py),
03_boss/Boss/variant_of,03_boss,Boss,variant_of,316,text,,,,Assets/MachineBrigade/Resources/Data/balance.json: vehicles[*].variantOf,,,FALSE,TRUE,Tools/export (core/index.py),
03_boss/Boss/variant_size,03_boss,Boss,variant_size,317,number,,,,Assets/MachineBrigade/Resources/Data/balance.json: vehicles[*].variant.size,,,FALSE,TRUE,Tools/export (core/index.py),
03_boss/Boss/variant_tint_b,03_boss,Boss,variant_tint_b,318,number,,,,Assets/MachineBrigade/Resources/Data/balance.json: vehicles[*].variant.tint[*],,,FALSE,TRUE,Tools/export (core/index.py),
03_boss/Boss/variant_tint_g,03_boss,Boss,variant_tint_g,319,number,,,,Assets/MachineBrigade/Resources/Data/balance.json: vehicles[*].variant.tint[*],,,FALSE,TRUE,Tools/export (core/index.py),
03_boss/Boss/variant_tint_r,03_boss,Boss,variant_tint_r,320,number,,,,Assets/MachineBrigade/Resources/Data/balance.json: vehicles[*].variant.tint[*],,,FALSE,TRUE,Tools/export (core/index.py),
03_boss/Boss/vision_m,03_boss,Boss,vision_m,321,int,m,,,Assets/MachineBrigade/Resources/Data/balance.json: vehicles[*].vision,,,FALSE,TRUE,Tools/export (core/index.py),
03_boss/Boss/vu_khi_chinh,03_boss,Boss,vu_khi_chinh,31,text,,,vũ khí chính (weapon),Assets/MachineBrigade/Resources/Data/balance.json: vehicles[*] sau inherits (Catalog.cs),,01_vu_khi_dan/Vu_khi,FALSE,FALSE,Tools/export (core/index.py),
03_boss/Boss/vu_khi_chinh_sau,03_boss,Boss,vu_khi_chinh_sau,56,empty,,,vu_khi_chinh bây giờ (chỉ điền khi đổi),,,,FALSE,FALSE,Tools/export (core/index.py),
03_boss/Boss/vu_khi_chinh_truoc,03_boss,Boss,vu_khi_chinh_truoc,55,empty,,,vu_khi_chinh ở bản gốc (chỉ điền khi đổi),,,,FALSE,FALSE,Tools/export (core/index.py),
03_boss/Boss/vu_khi_phu,03_boss,Boss,vu_khi_phu,32,text,,,vũ khí phụ (secondary[*].weapon),Assets/MachineBrigade/Resources/Data/balance.json: vehicles[*] sau inherits (Catalog.cs),,01_vu_khi_dan/Vu_khi,FALSE,FALSE,Tools/export (core/index.py),
03_boss/Boss/vu_khi_phu_sau,03_boss,Boss,vu_khi_phu_sau,58,empty,,,vu_khi_phu bây giờ (chỉ điền khi đổi),,,,FALSE,FALSE,Tools/export (core/index.py),
03_boss/Boss/vu_khi_phu_truoc,03_boss,Boss,vu_khi_phu_truoc,57,empty,,,vu_khi_phu ở bản gốc (chỉ điền khi đổi),,,,FALSE,FALSE,Tools/export (core/index.py),
03_boss/Boss/wake,03_boss,Boss,wake,322,empty,,,,Assets/MachineBrigade/Resources/Data/balance.json: vehicles[*].wake,,,FALSE,TRUE,Tools/export (core/index.py),
03_boss/Boss/wake_mounts,03_boss,Boss,wake_mounts,323,list,,,,Assets/MachineBrigade/Resources/Data/balance.json: vehicles[*].wake.mounts[*],,,FALSE,TRUE,Tools/export (core/index.py),
03_boss/Boss/wake_phase,03_boss,Boss,wake_phase,324,int,,,,Assets/MachineBrigade/Resources/Data/balance.json: vehicles[*].wake.phase,,,FALSE,TRUE,Tools/export (core/index.py),
03_boss/Boss/weapon,03_boss,Boss,weapon,325,text,,,,Assets/MachineBrigade/Resources/Data/balance.json: vehicles[*].weapon,,,FALSE,TRUE,Tools/export (core/index.py),
03_boss/Boss/weapon_damage,03_boss,Boss,weapon_damage,326,number,,,,Assets/MachineBrigade/Resources/Data/balance.json: vehicles[*].weaponDamage,,,FALSE,TRUE,Tools/export (core/index.py),
03_boss/Boss/width_m,03_boss,Boss,width_m,327,number,m,,,Assets/MachineBrigade/Resources/Data/balance.json: vehicles[*].width,,,FALSE,TRUE,Tools/export (core/index.py),
03_boss/Boss/xoay_than_deg_s,03_boss,Boss,xoay_than_deg_s,18,int,deg/s,,tốc độ xoay thân (turnRate),Assets/MachineBrigade/Resources/Data/balance.json: vehicles[*] sau inherits (Catalog.cs),,,FALSE,FALSE,Tools/export (core/index.py),
03_boss/Boss/xoay_thap_deg_s,03_boss,Boss,xoay_thap_deg_s,19,int,deg/s,,tốc độ xoay tháp pháo (turretTurnRate),Assets/MachineBrigade/Resources/Data/balance.json: vehicles[*] sau inherits (Catalog.cs),,,FALSE,FALSE,Tools/export (core/index.py),
03_boss/Boss_air/boss_id,03_boss,Boss_air,boss_id,2,text,,,id dòng cha ở Boss,,,03_boss/Boss,TRUE,FALSE,Tools/export (core/index.py),
03_boss/Boss_air/id,03_boss,Boss_air,id,1,text,,,id ổn định (khóa chính),,,,TRUE,FALSE,Tools/export (core/index.py),
03_boss/Boss_air/nguon,03_boss,Boss_air,nguon,6,text,,,file + khóa nguồn của dòng,,,,,,Tools/export (core/index.py),
03_boss/Boss_air/phase,03_boss,Boss_air,phase,4,int,,,,Assets/MachineBrigade/Resources/Data/balance.json: vehicles[*].air[*].phase,,,FALSE,TRUE,Tools/export (core/index.py),
03_boss/Boss_air/raw_json,03_boss,Boss_air,raw_json,7,text,,,nguyên bản ghi gốc (JSON),,,,,,Tools/export (core/index.py),
03_boss/Boss_air/thu_tu,03_boss,Boss_air,thu_tu,3,int,,,thứ tự trong danh sách nguồn (0 = đầu),,,,FALSE,FALSE,Tools/export (core/index.py),
03_boss/Boss_air/units,03_boss,Boss_air,units,5,list,,,,Assets/MachineBrigade/Resources/Data/balance.json: vehicles[*].air[*].units[*],,,FALSE,TRUE,Tools/export (core/index.py),
03_boss/Boss_attach/at,03_boss,Boss_attach,at,4,list,,,,Assets/MachineBrigade/Resources/Data/balance.json: vehicles[*].attach[*].at[*],,,FALSE,TRUE,Tools/export (core/index.py),
03_boss/Boss_attach/boss_id,03_boss,Boss_attach,boss_id,2,text,,,id dòng cha ở Boss,,,03_boss/Boss,TRUE,FALSE,Tools/export (core/index.py),
03_boss/Boss_attach/id,03_boss,Boss_attach,id,1,text,,,id ổn định (khóa chính),,,,TRUE,FALSE,Tools/export (core/index.py),
03_boss/Boss_attach/model,03_boss,Boss_attach,model,5,text,,,,Assets/MachineBrigade/Resources/Data/balance.json: vehicles[*].attach[*].model,,,FALSE,TRUE,Tools/export (core/index.py),
03_boss/Boss_attach/nguon,03_boss,Boss_attach,nguon,6,text,,,file + khóa nguồn của dòng,,,,,,Tools/export (core/index.py),
03_boss/Boss_attach/raw_json,03_boss,Boss_attach,raw_json,7,text,,,nguyên bản ghi gốc (JSON),,,,,,Tools/export (core/index.py),
03_boss/Boss_attach/thu_tu,03_boss,Boss_attach,thu_tu,3,int,,,thứ tự trong danh sách nguồn (0 = đầu),,,,FALSE,FALSE,Tools/export (core/index.py),
03_boss/Boss_be_goc/aim,03_boss,Boss_be_goc,aim,5,text,,,,Assets/MachineBrigade/Resources/Data/balance.json: vehicles[*].secondary[*].aim,,,FALSE,TRUE,Tools/export (core/index.py),
03_boss/Boss_be_goc/arc_deg_center_deg,03_boss,Boss_be_goc,arc_deg_center_deg,6,int,deg,,,Assets/MachineBrigade/Resources/Data/balance.json: vehicles[*].secondary[*].arc[*],,,FALSE,TRUE,Tools/export (core/index.py),
03_boss/Boss_be_goc/arc_deg_half_deg,03_boss,Boss_be_goc,arc_deg_half_deg,7,int,deg,,,Assets/MachineBrigade/Resources/Data/balance.json: vehicles[*].secondary[*].arc[*],,,FALSE,TRUE,Tools/export (core/index.py),
03_boss/Boss_be_goc/boss_id,03_boss,Boss_be_goc,boss_id,2,text,,,id dòng cha ở Boss,,,03_boss/Boss,TRUE,FALSE,Tools/export (core/index.py),
03_boss/Boss_be_goc/id,03_boss,Boss_be_goc,id,1,text,,,id ổn định (khóa chính),,,,TRUE,FALSE,Tools/export (core/index.py),
03_boss/Boss_be_goc/model,03_boss,Boss_be_goc,model,8,text,,,,Assets/MachineBrigade/Resources/Data/balance.json: vehicles[*].secondary[*].model,,,FALSE,TRUE,Tools/export (core/index.py),
03_boss/Boss_be_goc/nguon,03_boss,Boss_be_goc,nguon,10,text,,,file + khóa nguồn của dòng,,,,,,Tools/export (core/index.py),
03_boss/Boss_be_goc/raw_json,03_boss,Boss_be_goc,raw_json,11,text,,,nguyên bản ghi gốc (JSON),,,,,,Tools/export (core/index.py),
03_boss/Boss_be_goc/slot,03_boss,Boss_be_goc,slot,9,text,,,,Assets/MachineBrigade/Resources/Data/balance.json: vehicles[*].secondary[*].slot,,,FALSE,TRUE,Tools/export (core/index.py),
03_boss/Boss_be_goc/thu_tu,03_boss,Boss_be_goc,thu_tu,3,int,,,thứ tự trong danh sách nguồn (0 = đầu),,,,FALSE,FALSE,Tools/export (core/index.py),
03_boss/Boss_be_goc/weapon,03_boss,Boss_be_goc,weapon,4,text,,,vũ khí trên bệ,Assets/MachineBrigade/Resources/Data/balance.json: vehicles[*].secondary[*].weapon,,01_vu_khi_dan/Vu_khi,FALSE,FALSE,Tools/export (core/index.py),
03_boss/Boss_bien_the_chinh/at_x_m,03_boss,Boss_bien_the_chinh,at_x_m,5,number,m,,,Assets/MachineBrigade/Resources/Data/balance.json: vehicles[*].variant.tune.…,,,FALSE,TRUE,Tools/export (core/index.py),
03_boss/Boss_bien_the_chinh/at_y_m,03_boss,Boss_bien_the_chinh,at_y_m,6,number,m,,,Assets/MachineBrigade/Resources/Data/balance.json: vehicles[*].variant.tune.…,,,FALSE,TRUE,Tools/export (core/index.py),
03_boss/Boss_bien_the_chinh/at_z_m,03_boss,Boss_bien_the_chinh,at_z_m,7,number,m,,,Assets/MachineBrigade/Resources/Data/balance.json: vehicles[*].variant.tune.…,,,FALSE,TRUE,Tools/export (core/index.py),
03_boss/Boss_bien_the_chinh/bo_phan,03_boss,Boss_bien_the_chinh,bo_phan,4,text,,,,,,,FALSE,FALSE,Tools/export (core/index.py),
03_boss/Boss_bien_the_chinh/boss_id,03_boss,Boss_bien_the_chinh,boss_id,2,text,,,id dòng cha ở Boss,,,03_boss/Boss,TRUE,FALSE,Tools/export (core/index.py),
03_boss/Boss_bien_the_chinh/break_damage,03_boss,Boss_bien_the_chinh,break_damage,8,number,,,,"Assets/MachineBrigade/Resources/Data/balance.json: vehicles[*].variant.tune.engine_fl.breakDamage, vehicles[*].variant.tune.engine_fr.breakDamage, vehicles[*].variant.tune.radar.breakDamage",,,FALSE,TRUE,Tools/export (core/index.py),
03_boss/Boss_bien_the_chinh/hp,03_boss,Boss_bien_the_chinh,hp,9,number,hp,,,Assets/MachineBrigade/Resources/Data/balance.json: vehicles[*].variant.tune.…,,,FALSE,TRUE,Tools/export (core/index.py),
03_boss/Boss_bien_the_chinh/id,03_boss,Boss_bien_the_chinh,id,1,text,,,id ổn định (khóa chính),,,,TRUE,FALSE,Tools/export (core/index.py),
03_boss/Boss_bien_the_chinh/nguon,03_boss,Boss_bien_the_chinh,nguon,12,text,,,file + khóa nguồn của dòng,,,,,,Tools/export (core/index.py),
03_boss/Boss_bien_the_chinh/radio,03_boss,Boss_bien_the_chinh,radio,10,text,,,,Assets/MachineBrigade/Resources/Data/balance.json: vehicles[*].variant.tune.radar.radio,,,FALSE,TRUE,Tools/export (core/index.py),
03_boss/Boss_bien_the_chinh/raw_json,03_boss,Boss_bien_the_chinh,raw_json,13,text,,,nguyên bản ghi gốc (JSON),,,,,,Tools/export (core/index.py),
03_boss/Boss_bien_the_chinh/stops,03_boss,Boss_bien_the_chinh,stops,11,list,,,,Assets/MachineBrigade/Resources/Data/balance.json: vehicles[*].variant.tune.radar.stops[*],,,FALSE,TRUE,Tools/export (core/index.py),
03_boss/Boss_bien_the_chinh/thu_tu,03_boss,Boss_bien_the_chinh,thu_tu,3,int,,,thứ tự trong danh sách nguồn (0 = đầu),,,,FALSE,FALSE,Tools/export (core/index.py),
03_boss/Boss_bo_phan/affects,03_boss,Boss_bo_phan,affects,5,list,,,,Assets/MachineBrigade/Resources/Data/balance.json: vehicles[*].parts[*].affects[*],,,FALSE,TRUE,Tools/export (core/index.py),
03_boss/Boss_bo_phan/armour,03_boss,Boss_bo_phan,armour,6,int,,,,Assets/MachineBrigade/Resources/Data/balance.json: vehicles[*].parts[*].armour,,,FALSE,TRUE,Tools/export (core/index.py),
03_boss/Boss_bo_phan/at_x_m,03_boss,Boss_bo_phan,at_x_m,7,number,m,,,Assets/MachineBrigade/Resources/Data/balance.json: vehicles[*].parts[*].at[*],,,FALSE,TRUE,Tools/export (core/index.py),
03_boss/Boss_bo_phan/at_y_m,03_boss,Boss_bo_phan,at_y_m,8,number,m,,,Assets/MachineBrigade/Resources/Data/balance.json: vehicles[*].parts[*].at[*],,,FALSE,TRUE,Tools/export (core/index.py),
03_boss/Boss_bo_phan/at_z_m,03_boss,Boss_bo_phan,at_z_m,9,number,m,,,Assets/MachineBrigade/Resources/Data/balance.json: vehicles[*].parts[*].at[*],,,FALSE,TRUE,Tools/export (core/index.py),
03_boss/Boss_bo_phan/attach,03_boss,Boss_bo_phan,attach,10,int,,,,Assets/MachineBrigade/Resources/Data/balance.json: vehicles[*].parts[*].attach,,,FALSE,TRUE,Tools/export (core/index.py),
03_boss/Boss_bo_phan/boss_id,03_boss,Boss_bo_phan,boss_id,2,text,,,id dòng cha ở Boss,,,03_boss/Boss,TRUE,FALSE,Tools/export (core/index.py),
03_boss/Boss_bo_phan/break_damage,03_boss,Boss_bo_phan,break_damage,11,int,,,,Assets/MachineBrigade/Resources/Data/balance.json: vehicles[*].parts[*].breakDamage,,,FALSE,TRUE,Tools/export (core/index.py),
03_boss/Boss_bo_phan/cadence,03_boss,Boss_bo_phan,cadence,12,number,,,,Assets/MachineBrigade/Resources/Data/balance.json: vehicles[*].parts[*].cadence,,,FALSE,TRUE,Tools/export (core/index.py),
03_boss/Boss_bo_phan/fail,03_boss,Boss_bo_phan,fail,13,number,,,,Assets/MachineBrigade/Resources/Data/balance.json: vehicles[*].parts[*].fail,,,FALSE,TRUE,Tools/export (core/index.py),
03_boss/Boss_bo_phan/fx,03_boss,Boss_bo_phan,fx,14,text,,,,Assets/MachineBrigade/Resources/Data/balance.json: vehicles[*].parts[*].fx,,,FALSE,TRUE,Tools/export (core/index.py),
03_boss/Boss_bo_phan/hp,03_boss,Boss_bo_phan,hp,15,number,hp,,,Assets/MachineBrigade/Resources/Data/balance.json: vehicles[*].parts[*].hp,,,FALSE,TRUE,Tools/export (core/index.py),
03_boss/Boss_bo_phan/id,03_boss,Boss_bo_phan,id,1,text,,,id ổn định (khóa chính),,,,TRUE,FALSE,Tools/export (core/index.py),
03_boss/Boss_bo_phan/id_goc,03_boss,Boss_bo_phan,id_goc,16,text,,,,Assets/MachineBrigade/Resources/Data/balance.json: vehicles[*].parts[*].id,,,FALSE,TRUE,Tools/export (core/index.py),
03_boss/Boss_bo_phan/kind,03_boss,Boss_bo_phan,kind,17,text,,,,Assets/MachineBrigade/Resources/Data/balance.json: vehicles[*].parts[*].kind,,,FALSE,TRUE,Tools/export (core/index.py),
03_boss/Boss_bo_phan/mounts,03_boss,Boss_bo_phan,mounts,18,list,,,,Assets/MachineBrigade/Resources/Data/balance.json: vehicles[*].parts[*].mounts[*],,,FALSE,TRUE,Tools/export (core/index.py),
03_boss/Boss_bo_phan/nguon,03_boss,Boss_bo_phan,nguon,28,text,,,file + khóa nguồn của dòng,,,,,,Tools/export (core/index.py),
03_boss/Boss_bo_phan/node,03_boss,Boss_bo_phan,node,19,text,,,,Assets/MachineBrigade/Resources/Data/balance.json: vehicles[*].parts[*].node,,,FALSE,TRUE,Tools/export (core/index.py),
03_boss/Boss_bo_phan/radio,03_boss,Boss_bo_phan,radio,20,text,,,,Assets/MachineBrigade/Resources/Data/balance.json: vehicles[*].parts[*].radio,,,FALSE,TRUE,Tools/export (core/index.py),
03_boss/Boss_bo_phan/radius_m,03_boss,Boss_bo_phan,radius_m,21,number,m,,,Assets/MachineBrigade/Resources/Data/balance.json: vehicles[*].parts[*].radius,,,FALSE,TRUE,Tools/export (core/index.py),
03_boss/Boss_bo_phan/raw_json,03_boss,Boss_bo_phan,raw_json,29,text,,,nguyên bản ghi gốc (JSON),,,,,,Tools/export (core/index.py),
03_boss/Boss_bo_phan/skills,03_boss,Boss_bo_phan,skills,22,list,,,,Assets/MachineBrigade/Resources/Data/balance.json: vehicles[*].parts[*].skills[*],,,FALSE,TRUE,Tools/export (core/index.py),
03_boss/Boss_bo_phan/speed_m_s,03_boss,Boss_bo_phan,speed_m_s,23,number,m/s,,,Assets/MachineBrigade/Resources/Data/balance.json: vehicles[*].parts[*].speed,,,FALSE,TRUE,Tools/export (core/index.py),
03_boss/Boss_bo_phan/spread,03_boss,Boss_bo_phan,spread,24,int,,,,Assets/MachineBrigade/Resources/Data/balance.json: vehicles[*].parts[*].spread,,,FALSE,TRUE,Tools/export (core/index.py),
03_boss/Boss_bo_phan/stops,03_boss,Boss_bo_phan,stops,25,list,,,,Assets/MachineBrigade/Resources/Data/balance.json: vehicles[*].parts[*].stops[*],,,FALSE,TRUE,Tools/export (core/index.py),
03_boss/Boss_bo_phan/thu_tu,03_boss,Boss_bo_phan,thu_tu,3,int,,,thứ tự trong danh sách nguồn (0 = đầu),,,,FALSE,FALSE,Tools/export (core/index.py),
03_boss/Boss_bo_phan/turn,03_boss,Boss_bo_phan,turn,26,number,,,,Assets/MachineBrigade/Resources/Data/balance.json: vehicles[*].parts[*].turn,,,FALSE,TRUE,Tools/export (core/index.py),
03_boss/Boss_bo_phan/use,03_boss,Boss_bo_phan,use,4,text,,,mẫu bộ phận,Assets/MachineBrigade/Resources/Data/balance.json: vehicles[*].parts[*].use,,03_boss/Boss_bo_phan_thu_vien,FALSE,FALSE,Tools/export (core/index.py),
03_boss/Boss_bo_phan/wreck,03_boss,Boss_bo_phan,wreck,27,text,,,,Assets/MachineBrigade/Resources/Data/balance.json: vehicles[*].parts[*].wreck,,,FALSE,TRUE,Tools/export (core/index.py),
03_boss/Boss_bo_phan_thu_vien/aim,03_boss,Boss_bo_phan_thu_vien,aim,3,text,,,,Assets/MachineBrigade/Resources/Data/balance.json: bossParts.…,,,FALSE,TRUE,Tools/export (core/index.py),
03_boss/Boss_bo_phan_thu_vien/arc_deg_center_deg,03_boss,Boss_bo_phan_thu_vien,arc_deg_center_deg,4,int,deg,,,Assets/MachineBrigade/Resources/Data/balance.json: bossParts.casemate_155.arc[*],,,FALSE,TRUE,Tools/export (core/index.py),
03_boss/Boss_bo_phan_thu_vien/arc_deg_half_deg,03_boss,Boss_bo_phan_thu_vien,arc_deg_half_deg,5,int,deg,,,Assets/MachineBrigade/Resources/Data/balance.json: bossParts.casemate_155.arc[*],,,FALSE,TRUE,Tools/export (core/index.py),
03_boss/Boss_bo_phan_thu_vien/armour,03_boss,Boss_bo_phan_thu_vien,armour,6,int,,,,Assets/MachineBrigade/Resources/Data/balance.json: bossParts.…,,,FALSE,TRUE,Tools/export (core/index.py),
03_boss/Boss_bo_phan_thu_vien/fx,03_boss,Boss_bo_phan_thu_vien,fx,7,text,,,,Assets/MachineBrigade/Resources/Data/balance.json: bossParts.pd_laser.fx,,,FALSE,TRUE,Tools/export (core/index.py),
03_boss/Boss_bo_phan_thu_vien/hp,03_boss,Boss_bo_phan_thu_vien,hp,8,number,hp,,,Assets/MachineBrigade/Resources/Data/balance.json: bossParts.…,,,FALSE,TRUE,Tools/export (core/index.py),
03_boss/Boss_bo_phan_thu_vien/id,03_boss,Boss_bo_phan_thu_vien,id,1,text,,,id ổn định (khóa chính),,,,TRUE,FALSE,Tools/export (core/index.py),
03_boss/Boss_bo_phan_thu_vien/kind,03_boss,Boss_bo_phan_thu_vien,kind,9,text,,,,Assets/MachineBrigade/Resources/Data/balance.json: bossParts.…,,,FALSE,TRUE,Tools/export (core/index.py),
03_boss/Boss_bo_phan_thu_vien/nguon,03_boss,Boss_bo_phan_thu_vien,nguon,16,text,,,file + khóa nguồn của dòng,,,,,,Tools/export (core/index.py),
03_boss/Boss_bo_phan_thu_vien/radio,03_boss,Boss_bo_phan_thu_vien,radio,10,text,,,,"Assets/MachineBrigade/Resources/Data/balance.json: bossParts.drone_bay.radio, bossParts.pod_bay.radio, bossParts.workshop_door.radio",,,FALSE,TRUE,Tools/export (core/index.py),
03_boss/Boss_bo_phan_thu_vien/radius_m,03_boss,Boss_bo_phan_thu_vien,radius_m,11,number,m,,,Assets/MachineBrigade/Resources/Data/balance.json: bossParts.…,,,FALSE,TRUE,Tools/export (core/index.py),
03_boss/Boss_bo_phan_thu_vien/raw_json,03_boss,Boss_bo_phan_thu_vien,raw_json,17,text,,,nguyên bản ghi gốc (JSON),,,,,,Tools/export (core/index.py),
03_boss/Boss_bo_phan_thu_vien/slot,03_boss,Boss_bo_phan_thu_vien,slot,12,text,,,,Assets/MachineBrigade/Resources/Data/balance.json: bossParts.…,,,FALSE,TRUE,Tools/export (core/index.py),
03_boss/Boss_bo_phan_thu_vien/speed_m_s,03_boss,Boss_bo_phan_thu_vien,speed_m_s,13,number,m/s,,,Assets/MachineBrigade/Resources/Data/balance.json: bossParts.tracks.speed,,,FALSE,TRUE,Tools/export (core/index.py),
03_boss/Boss_bo_phan_thu_vien/stops,03_boss,Boss_bo_phan_thu_vien,stops,14,list,,,,"Assets/MachineBrigade/Resources/Data/balance.json: bossParts.pd_laser.stops[*], bossParts.pod_bay.stops[*], bossParts.workshop_door.stops[*]",,,FALSE,TRUE,Tools/export (core/index.py),
03_boss/Boss_bo_phan_thu_vien/weapon,03_boss,Boss_bo_phan_thu_vien,weapon,2,text,,,vũ khí của bộ phận,Assets/MachineBrigade/Resources/Data/balance.json: bossParts.…,,01_vu_khi_dan/Vu_khi,FALSE,FALSE,Tools/export (core/index.py),
03_boss/Boss_bo_phan_thu_vien/wreck,03_boss,Boss_bo_phan_thu_vien,wreck,15,text,,,,Assets/MachineBrigade/Resources/Data/balance.json: bossParts.…,,,FALSE,TRUE,Tools/export (core/index.py),
03_boss/Boss_guards/at,03_boss,Boss_guards,at,4,list,,,,Assets/MachineBrigade/Resources/Data/balance.json: vehicles[*].guards[*].at[*],,,FALSE,TRUE,Tools/export (core/index.py),
03_boss/Boss_guards/boss_id,03_boss,Boss_guards,boss_id,2,text,,,id dòng cha ở Boss,,,03_boss/Boss,TRUE,FALSE,Tools/export (core/index.py),
03_boss/Boss_guards/def,03_boss,Boss_guards,def,5,text,,,,Assets/MachineBrigade/Resources/Data/balance.json: vehicles[*].guards[*].def,,,FALSE,TRUE,Tools/export (core/index.py),
03_boss/Boss_guards/id,03_boss,Boss_guards,id,1,text,,,id ổn định (khóa chính),,,,TRUE,FALSE,Tools/export (core/index.py),
03_boss/Boss_guards/nguon,03_boss,Boss_guards,nguon,6,text,,,file + khóa nguồn của dòng,,,,,,Tools/export (core/index.py),
03_boss/Boss_guards/raw_json,03_boss,Boss_guards,raw_json,7,text,,,nguyên bản ghi gốc (JSON),,,,,,Tools/export (core/index.py),
03_boss/Boss_guards/thu_tu,03_boss,Boss_guards,thu_tu,3,int,,,thứ tự trong danh sách nguồn (0 = đầu),,,,FALSE,FALSE,Tools/export (core/index.py),
03_boss/Boss_ham_doi/abeam,03_boss,Boss_ham_doi,abeam,5,int,,,,Assets/MachineBrigade/Resources/Data/balance.json: vehicles[*].fleet[*].abeam,,,FALSE,TRUE,Tools/export (core/index.py),
03_boss/Boss_ham_doi/at,03_boss,Boss_ham_doi,at,6,int,,,,Assets/MachineBrigade/Resources/Data/balance.json: vehicles[*].fleet[*].at,,,FALSE,TRUE,Tools/export (core/index.py),
03_boss/Boss_ham_doi/boss_id,03_boss,Boss_ham_doi,boss_id,2,text,,,id dòng cha ở Boss,,,03_boss/Boss,TRUE,FALSE,Tools/export (core/index.py),
03_boss/Boss_ham_doi/count,03_boss,Boss_ham_doi,count,7,int,,,,Assets/MachineBrigade/Resources/Data/balance.json: vehicles[*].fleet[*].count,,,FALSE,TRUE,Tools/export (core/index.py),
03_boss/Boss_ham_doi/id,03_boss,Boss_ham_doi,id,1,text,,,id ổn định (khóa chính),,,,TRUE,FALSE,Tools/export (core/index.py),
03_boss/Boss_ham_doi/nguon,03_boss,Boss_ham_doi,nguon,8,text,,,file + khóa nguồn của dòng,,,,,,Tools/export (core/index.py),
03_boss/Boss_ham_doi/raw_json,03_boss,Boss_ham_doi,raw_json,9,text,,,nguyên bản ghi gốc (JSON),,,,,,Tools/export (core/index.py),
03_boss/Boss_ham_doi/thu_tu,03_boss,Boss_ham_doi,thu_tu,3,int,,,thứ tự trong danh sách nguồn (0 = đầu),,,,FALSE,FALSE,Tools/export (core/index.py),
03_boss/Boss_ham_doi/unit,03_boss,Boss_ham_doi,unit,4,text,,,đơn vị,Assets/MachineBrigade/Resources/Data/balance.json: vehicles[*].fleet[*].unit,,02_phuong_tien/Xe,FALSE,FALSE,Tools/export (core/index.py),
03_boss/Boss_hang/don_vi,03_boss,Boss_hang,don_vi,6,text,,,đơn vị của giá trị (trống: không đơn vị hoặc chưa rõ; xem Don_vi_chua_ro),,,,FALSE,FALSE,Tools/export (core/index.py),
03_boss/Boss_hang/gia_tri_chu,03_boss,Boss_hang,gia_tri_chu,5,text,,,giá trị nếu là chữ (danh sách ngăn ';'),"Assets/MachineBrigade/Resources/Data/balance.json: bossRanks.main.music, bossRanks.mini.music",,,FALSE,FALSE,Tools/export (core/index.py),
03_boss/Boss_hang/gia_tri_so,03_boss,Boss_hang,gia_tri_so,4,mixed:bool+float+int,,,giá trị nếu là số / true-false,Assets/MachineBrigade/Resources/Data/balance.json: bossRanks.m…,,,FALSE,FALSE,Tools/export (core/index.py),
03_boss/Boss_hang/id,03_boss,Boss_hang,id,1,text,,,id ổn định (khóa chính),,,,TRUE,FALSE,Tools/export (core/index.py),
03_boss/Boss_hang/khoa,03_boss,Boss_hang,khoa,3,text,,,khóa của lá trong khối,,,,FALSE,FALSE,Tools/export (core/index.py),
03_boss/Boss_hang/nguon,03_boss,Boss_hang,nguon,7,text,,,file + khóa nguồn của dòng,,,,,,Tools/export (core/index.py),
03_boss/Boss_hang/nhom,03_boss,Boss_hang,nhom,2,text,,,khối nguồn (đường dẫn của khối trong file nguồn),,,,FALSE,FALSE,Tools/export (core/index.py),
03_boss/Boss_hang/raw_json,03_boss,Boss_hang,raw_json,8,text,,,nguyên bản ghi gốc (JSON),,,,,,Tools/export (core/index.py),
03_boss/Boss_ho_tong/boss,03_boss,Boss_ho_tong,boss,2,text,,,boss,Assets/MachineBrigade/Resources/Data/balance.json: escorts[*].boss,,03_boss/Boss,FALSE,FALSE,Tools/export (core/index.py),
03_boss/Boss_ho_tong/id,03_boss,Boss_ho_tong,id,1,text,,,id ổn định (khóa chính),,,,TRUE,FALSE,Tools/export (core/index.py),
03_boss/Boss_ho_tong/marks,03_boss,Boss_ho_tong,marks,3,list,,,,Assets/MachineBrigade/Resources/Data/balance.json: escorts[*].marks[*],,,FALSE,TRUE,Tools/export (core/index.py),
03_boss/Boss_ho_tong/nguon,03_boss,Boss_ho_tong,nguon,8,text,,,file + khóa nguồn của dòng,,,,,,Tools/export (core/index.py),
03_boss/Boss_ho_tong/on,03_boss,Boss_ho_tong,on,4,text,,,,Assets/MachineBrigade/Resources/Data/balance.json: escorts[*].on,,,FALSE,TRUE,Tools/export (core/index.py),
03_boss/Boss_ho_tong/phase_drop,03_boss,Boss_ho_tong,phase_drop,5,text,,,,Assets/MachineBrigade/Resources/Data/balance.json: escorts[*].phase.drop,,,FALSE,TRUE,Tools/export (core/index.py),
03_boss/Boss_ho_tong/phase_halt_s,03_boss,Boss_ho_tong,phase_halt_s,6,int,s,,,Assets/MachineBrigade/Resources/Data/balance.json: escorts[*].phase.halt,,,FALSE,TRUE,Tools/export (core/index.py),
03_boss/Boss_ho_tong/phase_refill,03_boss,Boss_ho_tong,phase_refill,7,bool,,,,Assets/MachineBrigade/Resources/Data/balance.json: escorts[*].phase.refill,,,FALSE,TRUE,Tools/export (core/index.py),
03_boss/Boss_ho_tong/raw_json,03_boss,Boss_ho_tong,raw_json,9,text,,,nguyên bản ghi gốc (JSON),,,,,,Tools/export (core/index.py),
03_boss/Boss_ho_tong_den/boss_ho_tong_id,03_boss,Boss_ho_tong_den,boss_ho_tong_id,2,text,,,id dòng cha ở Boss_ho_tong,,,03_boss/Boss_ho_tong,TRUE,FALSE,Tools/export (core/index.py),
03_boss/Boss_ho_tong_den/elite,03_boss,Boss_ho_tong_den,elite,5,bool,,,,Assets/MachineBrigade/Resources/Data/balance.json: escorts[*].arrive[*].elite,,,FALSE,TRUE,Tools/export (core/index.py),
03_boss/Boss_ho_tong_den/id,03_boss,Boss_ho_tong_den,id,1,text,,,id ổn định (khóa chính),,,,TRUE,FALSE,Tools/export (core/index.py),
03_boss/Boss_ho_tong_den/nguon,03_boss,Boss_ho_tong_den,nguon,7,text,,,file + khóa nguồn của dòng,,,,,,Tools/export (core/index.py),
03_boss/Boss_ho_tong_den/raw_json,03_boss,Boss_ho_tong_den,raw_json,8,text,,,nguyên bản ghi gốc (JSON),,,,,,Tools/export (core/index.py),
03_boss/Boss_ho_tong_den/role,03_boss,Boss_ho_tong_den,role,6,text,,,,Assets/MachineBrigade/Resources/Data/balance.json: escorts[*].arrive[*].role,,,FALSE,TRUE,Tools/export (core/index.py),
03_boss/Boss_ho_tong_den/thu_tu,03_boss,Boss_ho_tong_den,thu_tu,3,int,,,thứ tự trong danh sách nguồn (0 = đầu),,,,FALSE,FALSE,Tools/export (core/index.py),
03_boss/Boss_ho_tong_den/unit,03_boss,Boss_ho_tong_den,unit,4,text,,,đơn vị,Assets/MachineBrigade/Resources/Data/balance.json: escorts[*].arrive[*].unit,,02_phuong_tien/Xe,FALSE,FALSE,Tools/export (core/index.py),
03_boss/Boss_ho_tong_luat/don_vi,03_boss,Boss_ho_tong_luat,don_vi,6,text,,,đơn vị của giá trị (trống: không đơn vị hoặc chưa rõ; xem Don_vi_chua_ro),,,,FALSE,FALSE,Tools/export (core/index.py),
03_boss/Boss_ho_tong_luat/gia_tri_chu,03_boss,Boss_ho_tong_luat,gia_tri_chu,5,text,,,giá trị nếu là chữ (danh sách ngăn ';'),Assets/MachineBrigade/Resources/Data/balance.json: escortRules.marks[*],,,FALSE,FALSE,Tools/export (core/index.py),
03_boss/Boss_ho_tong_luat/gia_tri_so,03_boss,Boss_ho_tong_luat,gia_tri_so,4,number,,,giá trị nếu là số / true-false,Assets/MachineBrigade/Resources/Data/balance.json: escortRules.…,,,FALSE,FALSE,Tools/export (core/index.py),
03_boss/Boss_ho_tong_luat/id,03_boss,Boss_ho_tong_luat,id,1,text,,,id ổn định (khóa chính),,,,TRUE,FALSE,Tools/export (core/index.py),
03_boss/Boss_ho_tong_luat/khoa,03_boss,Boss_ho_tong_luat,khoa,3,text,,,khóa của lá trong khối,,,,FALSE,FALSE,Tools/export (core/index.py),
03_boss/Boss_ho_tong_luat/nguon,03_boss,Boss_ho_tong_luat,nguon,7,text,,,file + khóa nguồn của dòng,,,,,,Tools/export (core/index.py),
03_boss/Boss_ho_tong_luat/nhom,03_boss,Boss_ho_tong_luat,nhom,2,text,,,khối nguồn (đường dẫn của khối trong file nguồn),,,,FALSE,FALSE,Tools/export (core/index.py),
03_boss/Boss_ho_tong_luat/raw_json,03_boss,Boss_ho_tong_luat,raw_json,8,text,,,nguyên bản ghi gốc (JSON),,,,,,Tools/export (core/index.py),
03_boss/Boss_ho_tong_mau/id,03_boss,Boss_ho_tong_mau,id,1,text,,,id ổn định (khóa chính),,,,TRUE,FALSE,Tools/export (core/index.py),
03_boss/Boss_ho_tong_mau/nguon,03_boss,Boss_ho_tong_mau,nguon,2,text,,,file + khóa nguồn của dòng,,,,,,Tools/export (core/index.py),
03_boss/Boss_ho_tong_mau/raw_json,03_boss,Boss_ho_tong_mau,raw_json,3,text,,,nguyên bản ghi gốc (JSON),,,,,,Tools/export (core/index.py),
03_boss/Boss_ho_tong_mau_den/boss_ho_tong_mau_id,03_boss,Boss_ho_tong_mau_den,boss_ho_tong_mau_id,2,text,,,id dòng cha ở Boss_ho_tong_mau,,,03_boss/Boss_ho_tong_mau,TRUE,FALSE,Tools/export (core/index.py),
03_boss/Boss_ho_tong_mau_den/id,03_boss,Boss_ho_tong_mau_den,id,1,text,,,id ổn định (khóa chính),,,,TRUE,FALSE,Tools/export (core/index.py),
03_boss/Boss_ho_tong_mau_den/nguon,03_boss,Boss_ho_tong_mau_den,nguon,6,text,,,file + khóa nguồn của dòng,,,,,,Tools/export (core/index.py),
03_boss/Boss_ho_tong_mau_den/raw_json,03_boss,Boss_ho_tong_mau_den,raw_json,7,text,,,nguyên bản ghi gốc (JSON),,,,,,Tools/export (core/index.py),
03_boss/Boss_ho_tong_mau_den/role,03_boss,Boss_ho_tong_mau_den,role,5,text,,,,Assets/MachineBrigade/Resources/Data/balance.json: escortTemplates.…,,,FALSE,TRUE,Tools/export (core/index.py),
03_boss/Boss_ho_tong_mau_den/thu_tu,03_boss,Boss_ho_tong_mau_den,thu_tu,3,int,,,thứ tự trong danh sách nguồn (0 = đầu),,,,FALSE,FALSE,Tools/export (core/index.py),
03_boss/Boss_ho_tong_mau_den/unit,03_boss,Boss_ho_tong_mau_den,unit,4,text,,,đơn vị,Assets/MachineBrigade/Resources/Data/balance.json: escortTemplates.…,,02_phuong_tien/Xe,FALSE,FALSE,Tools/export (core/index.py),
03_boss/Boss_ho_tong_mau_pha/boss_ho_tong_mau_id,03_boss,Boss_ho_tong_mau_pha,boss_ho_tong_mau_id,2,text,,,id dòng cha ở Boss_ho_tong_mau,,,03_boss/Boss_ho_tong_mau,TRUE,FALSE,Tools/export (core/index.py),
03_boss/Boss_ho_tong_mau_pha/elite,03_boss,Boss_ho_tong_mau_pha,elite,5,bool,,,,"Assets/MachineBrigade/Resources/Data/balance.json: escortTemplates.hung.phase[*].elite, escortTemplates.varga.phase[*].elite",,,FALSE,TRUE,Tools/export (core/index.py),
03_boss/Boss_ho_tong_mau_pha/id,03_boss,Boss_ho_tong_mau_pha,id,1,text,,,id ổn định (khóa chính),,,,TRUE,FALSE,Tools/export (core/index.py),
03_boss/Boss_ho_tong_mau_pha/nguon,03_boss,Boss_ho_tong_mau_pha,nguon,7,text,,,file + khóa nguồn của dòng,,,,,,Tools/export (core/index.py),
03_boss/Boss_ho_tong_mau_pha/raw_json,03_boss,Boss_ho_tong_mau_pha,raw_json,8,text,,,nguyên bản ghi gốc (JSON),,,,,,Tools/export (core/index.py),
03_boss/Boss_ho_tong_mau_pha/role,03_boss,Boss_ho_tong_mau_pha,role,6,text,,,,Assets/MachineBrigade/Resources/Data/balance.json: escortTemplates.…,,,FALSE,TRUE,Tools/export (core/index.py),
03_boss/Boss_ho_tong_mau_pha/thu_tu,03_boss,Boss_ho_tong_mau_pha,thu_tu,3,int,,,thứ tự trong danh sách nguồn (0 = đầu),,,,FALSE,FALSE,Tools/export (core/index.py),
03_boss/Boss_ho_tong_mau_pha/unit,03_boss,Boss_ho_tong_mau_pha,unit,4,text,,,đơn vị,Assets/MachineBrigade/Resources/Data/balance.json: escortTemplates.…,,02_phuong_tien/Xe,FALSE,FALSE,Tools/export (core/index.py),
03_boss/Boss_ho_tong_mau_phases/boss_ho_tong_mau_id,03_boss,Boss_ho_tong_mau_phases,boss_ho_tong_mau_id,2,text,,,id dòng cha ở Boss_ho_tong_mau,,,03_boss/Boss_ho_tong_mau,TRUE,FALSE,Tools/export (core/index.py),
03_boss/Boss_ho_tong_mau_phases/id,03_boss,Boss_ho_tong_mau_phases,id,1,text,,,id ổn định (khóa chính),,,,TRUE,FALSE,Tools/export (core/index.py),
03_boss/Boss_ho_tong_mau_phases/nguon,03_boss,Boss_ho_tong_mau_phases,nguon,4,text,,,file + khóa nguồn của dòng,,,,,,Tools/export (core/index.py),
03_boss/Boss_ho_tong_mau_phases/raw_json,03_boss,Boss_ho_tong_mau_phases,raw_json,5,text,,,nguyên bản ghi gốc (JSON),,,,,,Tools/export (core/index.py),
03_boss/Boss_ho_tong_mau_phases/thu_tu,03_boss,Boss_ho_tong_mau_phases,thu_tu,3,int,,,thứ tự trong danh sách nguồn (0 = đầu),,,,FALSE,FALSE,Tools/export (core/index.py),
03_boss/Boss_ho_tong_mau_phases_units/boss_ho_tong_mau_phases_id,03_boss,Boss_ho_tong_mau_phases_units,boss_ho_tong_mau_phases_id,2,text,,,id dòng cha ở Boss_ho_tong_mau_phases,,,03_boss/Boss_ho_tong_mau_phases,TRUE,FALSE,Tools/export (core/index.py),
03_boss/Boss_ho_tong_mau_phases_units/id,03_boss,Boss_ho_tong_mau_phases_units,id,1,text,,,id ổn định (khóa chính),,,,TRUE,FALSE,Tools/export (core/index.py),
03_boss/Boss_ho_tong_mau_phases_units/nguon,03_boss,Boss_ho_tong_mau_phases_units,nguon,6,text,,,file + khóa nguồn của dòng,,,,,,Tools/export (core/index.py),
03_boss/Boss_ho_tong_mau_phases_units/raw_json,03_boss,Boss_ho_tong_mau_phases_units,raw_json,7,text,,,nguyên bản ghi gốc (JSON),,,,,,Tools/export (core/index.py),
03_boss/Boss_ho_tong_mau_phases_units/role,03_boss,Boss_ho_tong_mau_phases_units,role,4,text,,,,Assets/MachineBrigade/Resources/Data/balance.json: escortTemplates.aurel.phases[*].units[*].role,,,FALSE,TRUE,Tools/export (core/index.py),
03_boss/Boss_ho_tong_mau_phases_units/thu_tu,03_boss,Boss_ho_tong_mau_phases_units,thu_tu,3,int,,,thứ tự trong danh sách nguồn (0 = đầu),,,,FALSE,FALSE,Tools/export (core/index.py),
03_boss/Boss_ho_tong_mau_phases_units/unit,03_boss,Boss_ho_tong_mau_phases_units,unit,5,text,,,,Assets/MachineBrigade/Resources/Data/balance.json: escortTemplates.aurel.phases[*].units[*].unit,,,FALSE,TRUE,Tools/export (core/index.py),
03_boss/Boss_ho_tong_pha/boss_ho_tong_id,03_boss,Boss_ho_tong_pha,boss_ho_tong_id,2,text,,,id dòng cha ở Boss_ho_tong,,,03_boss/Boss_ho_tong,TRUE,FALSE,Tools/export (core/index.py),
03_boss/Boss_ho_tong_pha/id,03_boss,Boss_ho_tong_pha,id,1,text,,,id ổn định (khóa chính),,,,TRUE,FALSE,Tools/export (core/index.py),
03_boss/Boss_ho_tong_pha/nguon,03_boss,Boss_ho_tong_pha,nguon,6,text,,,file + khóa nguồn của dòng,,,,,,Tools/export (core/index.py),
03_boss/Boss_ho_tong_pha/raw_json,03_boss,Boss_ho_tong_pha,raw_json,7,text,,,nguyên bản ghi gốc (JSON),,,,,,Tools/export (core/index.py),
03_boss/Boss_ho_tong_pha/role,03_boss,Boss_ho_tong_pha,role,5,text,,,,Assets/MachineBrigade/Resources/Data/balance.json: escorts[*].phase.units[*].role,,,FALSE,TRUE,Tools/export (core/index.py),
03_boss/Boss_ho_tong_pha/thu_tu,03_boss,Boss_ho_tong_pha,thu_tu,3,int,,,thứ tự trong danh sách nguồn (0 = đầu),,,,FALSE,FALSE,Tools/export (core/index.py),
03_boss/Boss_ho_tong_pha/unit,03_boss,Boss_ho_tong_pha,unit,4,text,,,đơn vị,Assets/MachineBrigade/Resources/Data/balance.json: escorts[*].phase.units[*].unit,,02_phuong_tien/Xe,FALSE,FALSE,Tools/export (core/index.py),
03_boss/Boss_ho_tong_phase/boss_ho_tong_id,03_boss,Boss_ho_tong_phase,boss_ho_tong_id,2,text,,,id dòng cha ở Boss_ho_tong,,,03_boss/Boss_ho_tong,TRUE,FALSE,Tools/export (core/index.py),
03_boss/Boss_ho_tong_phase/elite,03_boss,Boss_ho_tong_phase,elite,4,bool,,,,Assets/MachineBrigade/Resources/Data/balance.json: escorts[*].phase[*].elite,,,FALSE,TRUE,Tools/export (core/index.py),
03_boss/Boss_ho_tong_phase/id,03_boss,Boss_ho_tong_phase,id,1,text,,,id ổn định (khóa chính),,,,TRUE,FALSE,Tools/export (core/index.py),
03_boss/Boss_ho_tong_phase/nguon,03_boss,Boss_ho_tong_phase,nguon,7,text,,,file + khóa nguồn của dòng,,,,,,Tools/export (core/index.py),
03_boss/Boss_ho_tong_phase/raw_json,03_boss,Boss_ho_tong_phase,raw_json,8,text,,,nguyên bản ghi gốc (JSON),,,,,,Tools/export (core/index.py),
03_boss/Boss_ho_tong_phase/role,03_boss,Boss_ho_tong_phase,role,5,text,,,,Assets/MachineBrigade/Resources/Data/balance.json: escorts[*].phase[*].role,,,FALSE,TRUE,Tools/export (core/index.py),
03_boss/Boss_ho_tong_phase/thu_tu,03_boss,Boss_ho_tong_phase,thu_tu,3,int,,,thứ tự trong danh sách nguồn (0 = đầu),,,,FALSE,FALSE,Tools/export (core/index.py),
03_boss/Boss_ho_tong_phase/unit,03_boss,Boss_ho_tong_phase,unit,6,text,,,,Assets/MachineBrigade/Resources/Data/balance.json: escorts[*].phase[*].unit,,,FALSE,TRUE,Tools/export (core/index.py),
03_boss/Boss_ho_tong_phases/boss_ho_tong_id,03_boss,Boss_ho_tong_phases,boss_ho_tong_id,2,text,,,id dòng cha ở Boss_ho_tong,,,03_boss/Boss_ho_tong,TRUE,FALSE,Tools/export (core/index.py),
03_boss/Boss_ho_tong_phases/id,03_boss,Boss_ho_tong_phases,id,1,text,,,id ổn định (khóa chính),,,,TRUE,FALSE,Tools/export (core/index.py),
03_boss/Boss_ho_tong_phases/nguon,03_boss,Boss_ho_tong_phases,nguon,4,text,,,file + khóa nguồn của dòng,,,,,,Tools/export (core/index.py),
03_boss/Boss_ho_tong_phases/raw_json,03_boss,Boss_ho_tong_phases,raw_json,5,text,,,nguyên bản ghi gốc (JSON),,,,,,Tools/export (core/index.py),
03_boss/Boss_ho_tong_phases/thu_tu,03_boss,Boss_ho_tong_phases,thu_tu,3,int,,,thứ tự trong danh sách nguồn (0 = đầu),,,,FALSE,FALSE,Tools/export (core/index.py),
03_boss/Boss_ho_tong_phases_units/boss_ho_tong_phases_id,03_boss,Boss_ho_tong_phases_units,boss_ho_tong_phases_id,2,text,,,id dòng cha ở Boss_ho_tong_phases,,,03_boss/Boss_ho_tong_phases,TRUE,FALSE,Tools/export (core/index.py),
03_boss/Boss_ho_tong_phases_units/id,03_boss,Boss_ho_tong_phases_units,id,1,text,,,id ổn định (khóa chính),,,,TRUE,FALSE,Tools/export (core/index.py),
03_boss/Boss_ho_tong_phases_units/nguon,03_boss,Boss_ho_tong_phases_units,nguon,6,text,,,file + khóa nguồn của dòng,,,,,,Tools/export (core/index.py),
03_boss/Boss_ho_tong_phases_units/raw_json,03_boss,Boss_ho_tong_phases_units,raw_json,7,text,,,nguyên bản ghi gốc (JSON),,,,,,Tools/export (core/index.py),
03_boss/Boss_ho_tong_phases_units/role,03_boss,Boss_ho_tong_phases_units,role,4,text,,,,Assets/MachineBrigade/Resources/Data/balance.json: escorts[*].phases[*].units[*].role,,,FALSE,TRUE,Tools/export (core/index.py),
03_boss/Boss_ho_tong_phases_units/thu_tu,03_boss,Boss_ho_tong_phases_units,thu_tu,3,int,,,thứ tự trong danh sách nguồn (0 = đầu),,,,FALSE,FALSE,Tools/export (core/index.py),
03_boss/Boss_ho_tong_phases_units/unit,03_boss,Boss_ho_tong_phases_units,unit,5,text,,,,Assets/MachineBrigade/Resources/Data/balance.json: escorts[*].phases[*].units[*].unit,,,FALSE,TRUE,Tools/export (core/index.py),
03_boss/Boss_khung/defaults_altitude_m,03_boss,Boss_khung,defaults_altitude_m,2,int,m,,,Assets/MachineBrigade/Resources/Data/balance.json: bossFrames.spacecraft.defaults.altitude,,,FALSE,TRUE,Tools/export (core/index.py),
03_boss/Boss_khung/defaults_burrow_damage,03_boss,Boss_khung,defaults_burrow_damage,3,int,,,,Assets/MachineBrigade/Resources/Data/balance.json: bossFrames.submarine.defaults.burrow.damage,,,FALSE,TRUE,Tools/export (core/index.py),
03_boss/Boss_khung/defaults_burrow_dive_s,03_boss,Boss_khung,defaults_burrow_dive_s,4,int,s,,,Assets/MachineBrigade/Resources/Data/balance.json: bossFrames.submarine.defaults.burrow.dive,,,FALSE,TRUE,Tools/export (core/index.py),
03_boss/Boss_khung/defaults_burrow_exposed_s,03_boss,Boss_khung,defaults_burrow_exposed_s,5,int,s,,,Assets/MachineBrigade/Resources/Data/balance.json: bossFrames.submarine.defaults.burrow.exposed,,,FALSE,TRUE,Tools/export (core/index.py),
03_boss/Boss_khung/defaults_burrow_exposed_taken,03_boss,Boss_khung,defaults_burrow_exposed_taken,6,int,,,,Assets/MachineBrigade/Resources/Data/balance.json: bossFrames.submarine.defaults.burrow.exposedTaken,,,FALSE,TRUE,Tools/export (core/index.py),
03_boss/Boss_khung/defaults_burrow_radius_m,03_boss,Boss_khung,defaults_burrow_radius_m,7,int,m,,,Assets/MachineBrigade/Resources/Data/balance.json: bossFrames.submarine.defaults.burrow.radius,,,FALSE,TRUE,Tools/export (core/index.py),
03_boss/Boss_khung/defaults_burrow_sea,03_boss,Boss_khung,defaults_burrow_sea,8,bool,,,,Assets/MachineBrigade/Resources/Data/balance.json: bossFrames.submarine.defaults.burrow.sea,,,FALSE,TRUE,Tools/export (core/index.py),
03_boss/Boss_khung/defaults_burrow_speed_m_s,03_boss,Boss_khung,defaults_burrow_speed_m_s,9,int,m/s,,,Assets/MachineBrigade/Resources/Data/balance.json: bossFrames.submarine.defaults.burrow.speed,,,FALSE,TRUE,Tools/export (core/index.py),
03_boss/Boss_khung/defaults_burrow_stun_s,03_boss,Boss_khung,defaults_burrow_stun_s,10,int,s,,,Assets/MachineBrigade/Resources/Data/balance.json: bossFrames.submarine.defaults.burrow.stun,,,FALSE,TRUE,Tools/export (core/index.py),
03_boss/Boss_khung/defaults_burrow_warn_s,03_boss,Boss_khung,defaults_burrow_warn_s,11,int,s,,,Assets/MachineBrigade/Resources/Data/balance.json: bossFrames.submarine.defaults.burrow.warn,,,FALSE,TRUE,Tools/export (core/index.py),
03_boss/Boss_khung/defaults_capture_rate,03_boss,Boss_khung,defaults_capture_rate,12,int,,,,Assets/MachineBrigade/Resources/Data/balance.json: bossFrames.…,,,FALSE,TRUE,Tools/export (core/index.py),
03_boss/Boss_khung/defaults_cp,03_boss,Boss_khung,defaults_cp,13,int,CP,,,Assets/MachineBrigade/Resources/Data/balance.json: bossFrames.…,,,FALSE,TRUE,Tools/export (core/index.py),
03_boss/Boss_khung/defaults_fires_while_moving,03_boss,Boss_khung,defaults_fires_while_moving,14,bool,,,,Assets/MachineBrigade/Resources/Data/balance.json: bossFrames.…,,,FALSE,TRUE,Tools/export (core/index.py),
03_boss/Boss_khung/defaults_flying,03_boss,Boss_khung,defaults_flying,15,bool,,,,"Assets/MachineBrigade/Resources/Data/balance.json: bossFrames.aircraft.defaults.flying, bossFrames.spacecraft.defaults.flying",,,FALSE,TRUE,Tools/export (core/index.py),
03_boss/Boss_khung/defaults_naval_role,03_boss,Boss_khung,defaults_naval_role,16,text,,,,"Assets/MachineBrigade/Resources/Data/balance.json: bossFrames.ship.defaults.naval.role, bossFrames.submarine.defaults.naval.role",,,FALSE,TRUE,Tools/export (core/index.py),
03_boss/Boss_khung/defaults_tiers_descend_m_s,03_boss,Boss_khung,defaults_tiers_descend_m_s,17,int,m/s,,,Assets/MachineBrigade/Resources/Data/balance.json: bossFrames.spacecraft.defaults.tiers.descend,,,FALSE,TRUE,Tools/export (core/index.py),
03_boss/Boss_khung/defaults_tiers_heights_high,03_boss,Boss_khung,defaults_tiers_heights_high,18,int,,,,Assets/MachineBrigade/Resources/Data/balance.json: bossFrames.spacecraft.defaults.tiers.heights.high,,,FALSE,TRUE,Tools/export (core/index.py),
03_boss/Boss_khung/defaults_tiers_heights_low,03_boss,Boss_khung,defaults_tiers_heights_low,19,int,,,,Assets/MachineBrigade/Resources/Data/balance.json: bossFrames.spacecraft.defaults.tiers.heights.low,,,FALSE,TRUE,Tools/export (core/index.py),
03_boss/Boss_khung/defaults_tiers_heights_orbit,03_boss,Boss_khung,defaults_tiers_heights_orbit,20,int,,,,Assets/MachineBrigade/Resources/Data/balance.json: bossFrames.spacecraft.defaults.tiers.heights.orbit,,,FALSE,TRUE,Tools/export (core/index.py),
03_boss/Boss_khung/defaults_tiers_marks,03_boss,Boss_khung,defaults_tiers_marks,21,list,,,,Assets/MachineBrigade/Resources/Data/balance.json: bossFrames.spacecraft.defaults.tiers.marks[*],,,FALSE,TRUE,Tools/export (core/index.py),
03_boss/Boss_khung/defaults_tiers_shift,03_boss,Boss_khung,defaults_tiers_shift,22,number,,,,Assets/MachineBrigade/Resources/Data/balance.json: bossFrames.spacecraft.defaults.tiers.shift,,,FALSE,TRUE,Tools/export (core/index.py),
03_boss/Boss_khung/id,03_boss,Boss_khung,id,1,text,,,id ổn định (khóa chính),,,,TRUE,FALSE,Tools/export (core/index.py),
03_boss/Boss_khung/move,03_boss,Boss_khung,move,23,text,,,,Assets/MachineBrigade/Resources/Data/balance.json: bossFrames.…,,,FALSE,TRUE,Tools/export (core/index.py),
03_boss/Boss_khung/nguon,03_boss,Boss_khung,nguon,24,text,,,file + khóa nguồn của dòng,,,,,,Tools/export (core/index.py),
03_boss/Boss_khung/raw_json,03_boss,Boss_khung,raw_json,25,text,,,nguyên bản ghi gốc (JSON),,,,,,Tools/export (core/index.py),
03_boss/Boss_phase/at,03_boss,Boss_phase,at,4,number,,,,Assets/MachineBrigade/Resources/Data/balance.json: vehicles[*].phases[*].at,,,FALSE,TRUE,Tools/export (core/index.py),
03_boss/Boss_phase/boss_id,03_boss,Boss_phase,boss_id,2,text,,,id dòng cha ở Boss,,,03_boss/Boss,TRUE,FALSE,Tools/export (core/index.py),
03_boss/Boss_phase/damage,03_boss,Boss_phase,damage,5,number,,,,Assets/MachineBrigade/Resources/Data/balance.json: vehicles[*].phases[*].damage,,,FALSE,TRUE,Tools/export (core/index.py),
03_boss/Boss_phase/fire_rate,03_boss,Boss_phase,fire_rate,6,number,,,,Assets/MachineBrigade/Resources/Data/balance.json: vehicles[*].phases[*].fireRate,,,FALSE,TRUE,Tools/export (core/index.py),
03_boss/Boss_phase/heal,03_boss,Boss_phase,heal,7,number,,,,Assets/MachineBrigade/Resources/Data/balance.json: vehicles[*].phases[*].heal,,,FALSE,TRUE,Tools/export (core/index.py),
03_boss/Boss_phase/id,03_boss,Boss_phase,id,1,text,,,id ổn định (khóa chính),,,,TRUE,FALSE,Tools/export (core/index.py),
03_boss/Boss_phase/nguon,03_boss,Boss_phase,nguon,11,text,,,file + khóa nguồn của dòng,,,,,,Tools/export (core/index.py),
03_boss/Boss_phase/radio,03_boss,Boss_phase,radio,8,text,,,,Assets/MachineBrigade/Resources/Data/balance.json: vehicles[*].phases[*].radio,,,FALSE,TRUE,Tools/export (core/index.py),
03_boss/Boss_phase/raw_json,03_boss,Boss_phase,raw_json,12,text,,,nguyên bản ghi gốc (JSON),,,,,,Tools/export (core/index.py),
03_boss/Boss_phase/speed_m_s,03_boss,Boss_phase,speed_m_s,9,number,m/s,,,Assets/MachineBrigade/Resources/Data/balance.json: vehicles[*].phases[*].speed,,,FALSE,TRUE,Tools/export (core/index.py),
03_boss/Boss_phase/thu_tu,03_boss,Boss_phase,thu_tu,3,int,,,thứ tự trong danh sách nguồn (0 = đầu),,,,FALSE,FALSE,Tools/export (core/index.py),
03_boss/Boss_phase/transform,03_boss,Boss_phase,transform,10,number,,,,Assets/MachineBrigade/Resources/Data/balance.json: vehicles[*].phases[*].transform,,,FALSE,TRUE,Tools/export (core/index.py),
03_boss/Boss_sieu_vu_khi/aim,03_boss,Boss_sieu_vu_khi,aim,3,text,,,,Assets/MachineBrigade/Resources/Data/balance.json: bigAttacks[*].aim,,,FALSE,TRUE,Tools/export (core/index.py),
03_boss/Boss_sieu_vu_khi/cooldown_s,03_boss,Boss_sieu_vu_khi,cooldown_s,4,int,s,,,Assets/MachineBrigade/Resources/Data/balance.json: bigAttacks[*].cooldown,,,FALSE,TRUE,Tools/export (core/index.py),
03_boss/Boss_sieu_vu_khi/dung_boi,03_boss,Boss_sieu_vu_khi,dung_boi,2,text,,,boss / công trình dùng (bigAttack),,,,FALSE,FALSE,Tools/export (core/index.py),
03_boss/Boss_sieu_vu_khi/exposed_s,03_boss,Boss_sieu_vu_khi,exposed_s,5,number,s,,,Assets/MachineBrigade/Resources/Data/balance.json: bigAttacks[*].exposed,,,FALSE,TRUE,Tools/export (core/index.py),
03_boss/Boss_sieu_vu_khi/first,03_boss,Boss_sieu_vu_khi,first,6,int,,,,Assets/MachineBrigade/Resources/Data/balance.json: bigAttacks[*].first,,,FALSE,TRUE,Tools/export (core/index.py),
03_boss/Boss_sieu_vu_khi/halt_s,03_boss,Boss_sieu_vu_khi,halt_s,7,bool,s,,,Assets/MachineBrigade/Resources/Data/balance.json: bigAttacks[*].halt,,,FALSE,TRUE,Tools/export (core/index.py),
03_boss/Boss_sieu_vu_khi/hold,03_boss,Boss_sieu_vu_khi,hold,8,list,,,,Assets/MachineBrigade/Resources/Data/balance.json: bigAttacks[*].hold[*],,,FALSE,TRUE,Tools/export (core/index.py),
03_boss/Boss_sieu_vu_khi/icon,03_boss,Boss_sieu_vu_khi,icon,9,text,,,,Assets/MachineBrigade/Resources/Data/balance.json: bigAttacks[*].icon,,,FALSE,TRUE,Tools/export (core/index.py),
03_boss/Boss_sieu_vu_khi/id,03_boss,Boss_sieu_vu_khi,id,1,text,,,id ổn định (khóa chính),Assets/MachineBrigade/Resources/Data/balance.json: bigAttacks[*].id,,,TRUE,FALSE,Tools/export (core/index.py),
03_boss/Boss_sieu_vu_khi/late_cooldown_s,03_boss,Boss_sieu_vu_khi,late_cooldown_s,10,int,s,,,Assets/MachineBrigade/Resources/Data/balance.json: bigAttacks[*].late.cooldown,,,FALSE,TRUE,Tools/export (core/index.py),
03_boss/Boss_sieu_vu_khi/late_count,03_boss,Boss_sieu_vu_khi,late_count,11,int,,,,Assets/MachineBrigade/Resources/Data/balance.json: bigAttacks[*].late.count,,,FALSE,TRUE,Tools/export (core/index.py),
03_boss/Boss_sieu_vu_khi/late_phase,03_boss,Boss_sieu_vu_khi,late_phase,12,int,,,,Assets/MachineBrigade/Resources/Data/balance.json: bigAttacks[*].late.phase,,,FALSE,TRUE,Tools/export (core/index.py),
03_boss/Boss_sieu_vu_khi/nguon,03_boss,Boss_sieu_vu_khi,nguon,17,text,,,file + khóa nguồn của dòng,,,,,,Tools/export (core/index.py),
03_boss/Boss_sieu_vu_khi/raw_json,03_boss,Boss_sieu_vu_khi,raw_json,18,text,,,nguyên bản ghi gốc (JSON),,,,,,Tools/export (core/index.py),
03_boss/Boss_sieu_vu_khi/reach_m,03_boss,Boss_sieu_vu_khi,reach_m,13,int,m,,,Assets/MachineBrigade/Resources/Data/balance.json: bigAttacks[*].reach,,,FALSE,TRUE,Tools/export (core/index.py),
03_boss/Boss_sieu_vu_khi/surface,03_boss,Boss_sieu_vu_khi,surface,14,bool,,,,Assets/MachineBrigade/Resources/Data/balance.json: bigAttacks[*].surface,,,FALSE,TRUE,Tools/export (core/index.py),
03_boss/Boss_sieu_vu_khi/target,03_boss,Boss_sieu_vu_khi,target,15,text,,,,Assets/MachineBrigade/Resources/Data/balance.json: bigAttacks[*].target,,,FALSE,TRUE,Tools/export (core/index.py),
03_boss/Boss_sieu_vu_khi/warn_s,03_boss,Boss_sieu_vu_khi,warn_s,16,number,s,,,Assets/MachineBrigade/Resources/Data/balance.json: bigAttacks[*].warn,,,FALSE,TRUE,Tools/export (core/index.py),
03_boss/Boss_sieu_vu_khi_don/area_m,03_boss,Boss_sieu_vu_khi_don,area_m,5,int,m,,,Assets/MachineBrigade/Resources/Data/balance.json: bigAttacks[*].strikes[*].area,,,FALSE,TRUE,Tools/export (core/index.py),
03_boss/Boss_sieu_vu_khi_don/at,03_boss,Boss_sieu_vu_khi_don,at,6,list,,,,Assets/MachineBrigade/Resources/Data/balance.json: bigAttacks[*].strikes[*].at[*],,,FALSE,TRUE,Tools/export (core/index.py),
03_boss/Boss_sieu_vu_khi_don/axis,03_boss,Boss_sieu_vu_khi_don,axis,7,text,,,,Assets/MachineBrigade/Resources/Data/balance.json: bigAttacks[*].strikes[*].axis,,,FALSE,TRUE,Tools/export (core/index.py),
03_boss/Boss_sieu_vu_khi_don/boss_sieu_vu_khi_id,03_boss,Boss_sieu_vu_khi_don,boss_sieu_vu_khi_id,2,text,,,id dòng cha ở Boss_sieu_vu_khi,,,03_boss/Boss_sieu_vu_khi,TRUE,FALSE,Tools/export (core/index.py),
03_boss/Boss_sieu_vu_khi_don/count,03_boss,Boss_sieu_vu_khi_don,count,8,int,,,,Assets/MachineBrigade/Resources/Data/balance.json: bigAttacks[*].strikes[*].count,,,FALSE,TRUE,Tools/export (core/index.py),
03_boss/Boss_sieu_vu_khi_don/cut,03_boss,Boss_sieu_vu_khi_don,cut,9,number,,,,Assets/MachineBrigade/Resources/Data/balance.json: bigAttacks[*].strikes[*].cut,,,FALSE,TRUE,Tools/export (core/index.py),
03_boss/Boss_sieu_vu_khi_don/damage,03_boss,Boss_sieu_vu_khi_don,damage,10,int,,,,Assets/MachineBrigade/Resources/Data/balance.json: bigAttacks[*].strikes[*].damage,,,FALSE,TRUE,Tools/export (core/index.py),
03_boss/Boss_sieu_vu_khi_don/duration_s,03_boss,Boss_sieu_vu_khi_don,duration_s,11,number,s,,,Assets/MachineBrigade/Resources/Data/balance.json: bigAttacks[*].strikes[*].duration,,,FALSE,TRUE,Tools/export (core/index.py),
03_boss/Boss_sieu_vu_khi_don/falloff,03_boss,Boss_sieu_vu_khi_don,falloff,12,number,,,,Assets/MachineBrigade/Resources/Data/balance.json: bigAttacks[*].strikes[*].falloff,,,FALSE,TRUE,Tools/export (core/index.py),
03_boss/Boss_sieu_vu_khi_don/flight,03_boss,Boss_sieu_vu_khi_don,flight,13,int,,,,Assets/MachineBrigade/Resources/Data/balance.json: bigAttacks[*].strikes[*].flight,,,FALSE,TRUE,Tools/export (core/index.py),
03_boss/Boss_sieu_vu_khi_don/hp,03_boss,Boss_sieu_vu_khi_don,hp,14,int,hp,,,Assets/MachineBrigade/Resources/Data/balance.json: bigAttacks[*].strikes[*].hp,,,FALSE,TRUE,Tools/export (core/index.py),
03_boss/Boss_sieu_vu_khi_don/id,03_boss,Boss_sieu_vu_khi_don,id,1,text,,,id ổn định (khóa chính),,,,TRUE,FALSE,Tools/export (core/index.py),
03_boss/Boss_sieu_vu_khi_don/length_m,03_boss,Boss_sieu_vu_khi_don,length_m,15,int,m,,,Assets/MachineBrigade/Resources/Data/balance.json: bigAttacks[*].strikes[*].length,,,FALSE,TRUE,Tools/export (core/index.py),
03_boss/Boss_sieu_vu_khi_don/max,03_boss,Boss_sieu_vu_khi_don,max,16,int,,,,Assets/MachineBrigade/Resources/Data/balance.json: bigAttacks[*].strikes[*].max,,,FALSE,TRUE,Tools/export (core/index.py),
03_boss/Boss_sieu_vu_khi_don/nguon,03_boss,Boss_sieu_vu_khi_don,nguon,33,text,,,file + khóa nguồn của dòng,,,,,,Tools/export (core/index.py),
03_boss/Boss_sieu_vu_khi_don/parts,03_boss,Boss_sieu_vu_khi_don,parts,17,list,,,,Assets/MachineBrigade/Resources/Data/balance.json: bigAttacks[*].strikes[*].parts[*],,,FALSE,TRUE,Tools/export (core/index.py),
03_boss/Boss_sieu_vu_khi_don/pen,03_boss,Boss_sieu_vu_khi_don,pen,18,int,,,,Assets/MachineBrigade/Resources/Data/balance.json: bigAttacks[*].strikes[*].pen,,,FALSE,TRUE,Tools/export (core/index.py),
03_boss/Boss_sieu_vu_khi_don/per_part,03_boss,Boss_sieu_vu_khi_don,per_part,19,int,,,,Assets/MachineBrigade/Resources/Data/balance.json: bigAttacks[*].strikes[*].perPart,,,FALSE,TRUE,Tools/export (core/index.py),
03_boss/Boss_sieu_vu_khi_don/radius_m,03_boss,Boss_sieu_vu_khi_don,radius_m,20,number,m,,,Assets/MachineBrigade/Resources/Data/balance.json: bigAttacks[*].strikes[*].radius,,,FALSE,TRUE,Tools/export (core/index.py),
03_boss/Boss_sieu_vu_khi_don/raw_json,03_boss,Boss_sieu_vu_khi_don,raw_json,34,text,,,nguyên bản ghi gốc (JSON),,,,,,Tools/export (core/index.py),
03_boss/Boss_sieu_vu_khi_don/rings,03_boss,Boss_sieu_vu_khi_don,rings,21,bool,,,,Assets/MachineBrigade/Resources/Data/balance.json: bigAttacks[*].strikes[*].rings,,,FALSE,TRUE,Tools/export (core/index.py),
03_boss/Boss_sieu_vu_khi_don/salvo,03_boss,Boss_sieu_vu_khi_don,salvo,22,int,,,,Assets/MachineBrigade/Resources/Data/balance.json: bigAttacks[*].strikes[*].salvo,,,FALSE,TRUE,Tools/export (core/index.py),
03_boss/Boss_sieu_vu_khi_don/seats,03_boss,Boss_sieu_vu_khi_don,seats,23,int,,,,Assets/MachineBrigade/Resources/Data/balance.json: bigAttacks[*].strikes[*].seats,,,FALSE,TRUE,Tools/export (core/index.py),
03_boss/Boss_sieu_vu_khi_don/shape,03_boss,Boss_sieu_vu_khi_don,shape,24,text,,,,Assets/MachineBrigade/Resources/Data/balance.json: bigAttacks[*].strikes[*].shape,,,FALSE,TRUE,Tools/export (core/index.py),
03_boss/Boss_sieu_vu_khi_don/structure,03_boss,Boss_sieu_vu_khi_don,structure,25,number,,,,Assets/MachineBrigade/Resources/Data/balance.json: bigAttacks[*].strikes[*].structure,,,FALSE,TRUE,Tools/export (core/index.py),
03_boss/Boss_sieu_vu_khi_don/stun_s,03_boss,Boss_sieu_vu_khi_don,stun_s,26,int,s,,,Assets/MachineBrigade/Resources/Data/balance.json: bigAttacks[*].strikes[*].stun,,,FALSE,TRUE,Tools/export (core/index.py),
03_boss/Boss_sieu_vu_khi_don/targets,03_boss,Boss_sieu_vu_khi_don,targets,27,int,,,,Assets/MachineBrigade/Resources/Data/balance.json: bigAttacks[*].strikes[*].targets,,,FALSE,TRUE,Tools/export (core/index.py),
03_boss/Boss_sieu_vu_khi_don/thermo,03_boss,Boss_sieu_vu_khi_don,thermo,28,bool,,,,Assets/MachineBrigade/Resources/Data/balance.json: bigAttacks[*].strikes[*].thermo,,,FALSE,TRUE,Tools/export (core/index.py),
03_boss/Boss_sieu_vu_khi_don/thu_tu,03_boss,Boss_sieu_vu_khi_don,thu_tu,3,int,,,thứ tự trong danh sách nguồn (0 = đầu),,,,FALSE,FALSE,Tools/export (core/index.py),
03_boss/Boss_sieu_vu_khi_don/top,03_boss,Boss_sieu_vu_khi_don,top,29,bool,,,,Assets/MachineBrigade/Resources/Data/balance.json: bigAttacks[*].strikes[*].top,,,FALSE,TRUE,Tools/export (core/index.py),
03_boss/Boss_sieu_vu_khi_don/type,03_boss,Boss_sieu_vu_khi_don,type,30,text,,,,Assets/MachineBrigade/Resources/Data/balance.json: bigAttacks[*].strikes[*].type,,,FALSE,TRUE,Tools/export (core/index.py),
03_boss/Boss_sieu_vu_khi_don/units,03_boss,Boss_sieu_vu_khi_don,units,31,list,,,,Assets/MachineBrigade/Resources/Data/balance.json: bigAttacks[*].strikes[*].units[*],,,FALSE,TRUE,Tools/export (core/index.py),
03_boss/Boss_sieu_vu_khi_don/weapon,03_boss,Boss_sieu_vu_khi_don,weapon,4,text,,,vũ khí bắn đòn,Assets/MachineBrigade/Resources/Data/balance.json: bigAttacks[*].strikes[*].weapon,,01_vu_khi_dan/Vu_khi,FALSE,FALSE,Tools/export (core/index.py),
03_boss/Boss_sieu_vu_khi_don/width_m,03_boss,Boss_sieu_vu_khi_don,width_m,32,int,m,,,Assets/MachineBrigade/Resources/Data/balance.json: bigAttacks[*].strikes[*].width,,,FALSE,TRUE,Tools/export (core/index.py),
03_boss/Boss_sieu_vu_khi_luat/don_vi,03_boss,Boss_sieu_vu_khi_luat,don_vi,6,text,,,đơn vị của giá trị (trống: không đơn vị hoặc chưa rõ; xem Don_vi_chua_ro),,,,FALSE,FALSE,Tools/export (core/index.py),
03_boss/Boss_sieu_vu_khi_luat/gia_tri_chu,03_boss,Boss_sieu_vu_khi_luat,gia_tri_chu,5,empty,,,giá trị nếu là chữ (danh sách ngăn ';'),,,,FALSE,FALSE,Tools/export (core/index.py),
03_boss/Boss_sieu_vu_khi_luat/gia_tri_so,03_boss,Boss_sieu_vu_khi_luat,gia_tri_so,4,number,,,giá trị nếu là số / true-false,Assets/MachineBrigade/Resources/Data/balance.json: bigAttackRules.…,,,FALSE,FALSE,Tools/export (core/index.py),
03_boss/Boss_sieu_vu_khi_luat/id,03_boss,Boss_sieu_vu_khi_luat,id,1,text,,,id ổn định (khóa chính),,,,TRUE,FALSE,Tools/export (core/index.py),
03_boss/Boss_sieu_vu_khi_luat/khoa,03_boss,Boss_sieu_vu_khi_luat,khoa,3,text,,,khóa của lá trong khối,,,,FALSE,FALSE,Tools/export (core/index.py),
03_boss/Boss_sieu_vu_khi_luat/nguon,03_boss,Boss_sieu_vu_khi_luat,nguon,7,text,,,file + khóa nguồn của dòng,,,,,,Tools/export (core/index.py),
03_boss/Boss_sieu_vu_khi_luat/nhom,03_boss,Boss_sieu_vu_khi_luat,nhom,2,text,,,khối nguồn (đường dẫn của khối trong file nguồn),,,,FALSE,FALSE,Tools/export (core/index.py),
03_boss/Boss_sieu_vu_khi_luat/raw_json,03_boss,Boss_sieu_vu_khi_luat,raw_json,8,text,,,nguyên bản ghi gốc (JSON),,,,,,Tools/export (core/index.py),
03_boss/Boss_tiers_schedule/boss_id,03_boss,Boss_tiers_schedule,boss_id,2,text,,,id dòng cha ở Boss,,,03_boss/Boss,TRUE,FALSE,Tools/export (core/index.py),
03_boss/Boss_tiers_schedule/id,03_boss,Boss_tiers_schedule,id,1,text,,,id ổn định (khóa chính),,,,TRUE,FALSE,Tools/export (core/index.py),
03_boss/Boss_tiers_schedule/nguon,03_boss,Boss_tiers_schedule,nguon,4,text,,,file + khóa nguồn của dòng,,,,,,Tools/export (core/index.py),
03_boss/Boss_tiers_schedule/raw_json,03_boss,Boss_tiers_schedule,raw_json,5,text,,,nguyên bản ghi gốc (JSON),,,,,,Tools/export (core/index.py),
03_boss/Boss_tiers_schedule/thu_tu,03_boss,Boss_tiers_schedule,thu_tu,3,int,,,thứ tự trong danh sách nguồn (0 = đầu),,,,FALSE,FALSE,Tools/export (core/index.py),
03_boss/Boss_tiers_schedule_steps/boss_tiers_schedule_id,03_boss,Boss_tiers_schedule_steps,boss_tiers_schedule_id,2,text,,,id dòng cha ở Boss_tiers_schedule,,,03_boss/Boss_tiers_schedule,TRUE,FALSE,Tools/export (core/index.py),
03_boss/Boss_tiers_schedule_steps/id,03_boss,Boss_tiers_schedule_steps,id,1,text,,,id ổn định (khóa chính),,,,TRUE,FALSE,Tools/export (core/index.py),
03_boss/Boss_tiers_schedule_steps/nguon,03_boss,Boss_tiers_schedule_steps,nguon,6,text,,,file + khóa nguồn của dòng,,,,,,Tools/export (core/index.py),
03_boss/Boss_tiers_schedule_steps/raw_json,03_boss,Boss_tiers_schedule_steps,raw_json,7,text,,,nguyên bản ghi gốc (JSON),,,,,,Tools/export (core/index.py),
03_boss/Boss_tiers_schedule_steps/seconds_s,03_boss,Boss_tiers_schedule_steps,seconds_s,4,int,s,,,Assets/MachineBrigade/Resources/Data/balance.json: vehicles[*].tiers.schedule[*].steps[*].seconds,,,FALSE,TRUE,Tools/export (core/index.py),
03_boss/Boss_tiers_schedule_steps/thu_tu,03_boss,Boss_tiers_schedule_steps,thu_tu,3,int,,,thứ tự trong danh sách nguồn (0 = đầu),,,,FALSE,FALSE,Tools/export (core/index.py),
03_boss/Boss_tiers_schedule_steps/tier,03_boss,Boss_tiers_schedule_steps,tier,5,text,,,,Assets/MachineBrigade/Resources/Data/balance.json: vehicles[*].tiers.schedule[*].steps[*].tier,,,FALSE,TRUE,Tools/export (core/index.py),
03_boss/Boss_vu_khi/aim,03_boss,Boss_vu_khi,aim,6,text,,,cách nhắm của bệ (Free / Hull...),,,,FALSE,FALSE,Tools/export (core/index.py),
03_boss/Boss_vu_khi/bo_phan,03_boss,Boss_vu_khi,bo_phan,7,text,,,bộ phận mang bệ (parts[].mounts),,,,FALSE,FALSE,Tools/export (core/index.py),
03_boss/Boss_vu_khi/boss_id,03_boss,Boss_vu_khi,boss_id,2,text,,,boss,,,03_boss/Boss,FALSE,FALSE,Tools/export (core/index.py),
03_boss/Boss_vu_khi/canh_bao_s,03_boss,Boss_vu_khi,canh_bao_s,13,empty,s,,thời gian cảnh báo (công thức trong mã),,,,FALSE,FALSE,Tools/export (core/index.py),
03_boss/Boss_vu_khi/chi_so_be,03_boss,Boss_vu_khi,chi_so_be,3,int,,,"0 = vũ khí chính, k = secondary[k-1]",,,,FALSE,FALSE,Tools/export (core/index.py),
03_boss/Boss_vu_khi/chu_ky_day_du_s,03_boss,Boss_vu_khi,chu_ky_day_du_s,14,empty,s,,chu kỳ đầy đủ (lớp B),,,,FALSE,FALSE,Tools/export (core/index.py),
03_boss/Boss_vu_khi/id,03_boss,Boss_vu_khi,id,1,text,,,id ổn định (khóa chính),,,,TRUE,FALSE,Tools/export (core/index.py),
03_boss/Boss_vu_khi/loi_m,03_boss,Boss_vu_khi,loi_m,11,number,m,,lõi nổ,,,,FALSE,FALSE,Tools/export (core/index.py),
03_boss/Boss_vu_khi/nguon,03_boss,Boss_vu_khi,nguon,18,text,,,file + khóa nguồn của dòng,,,,,,Tools/export (core/index.py),
03_boss/Boss_vu_khi/raw_json,03_boss,Boss_vu_khi,raw_json,19,text,,,nguyên bản ghi gốc (JSON),,,,,,Tools/export (core/index.py),
03_boss/Boss_vu_khi/ria_tren_boss_m,03_boss,Boss_vu_khi,ria_tren_boss_m,12,empty,m,,rìa nổ trên boss (Catalog: mọi vũ khí nổ của boss có rìa gấp đôi lõi: WithEdge),,,,FALSE,FALSE,Tools/export (core/index.py),
03_boss/Boss_vu_khi/sat_thuong_moi_phat,03_boss,Boss_vu_khi,sat_thuong_moi_phat,9,number,hp,,"sát thương mỗi phát (vũ khí, trước hệ số boss)",,,,FALSE,FALSE,Tools/export (core/index.py),
03_boss/Boss_vu_khi/slot,03_boss,Boss_vu_khi,slot,5,text,,,loại bệ (gun / mg / missile...),,,,FALSE,FALSE,Tools/export (core/index.py),
03_boss/Boss_vu_khi/so_nong,03_boss,Boss_vu_khi,so_nong,8,int,,,số nòng của vũ khí,,,,FALSE,FALSE,Tools/export (core/index.py),
03_boss/Boss_vu_khi/so_voi_ban_goc,03_boss,Boss_vu_khi,so_voi_ban_goc,15,text,,giong;doi;moi,so với bản gốc (Phien_ban.ban_goc): giong / doi / moi (chưa có ở bản gốc),,,,FALSE,FALSE,Tools/export (core/index.py),
03_boss/Boss_vu_khi/thoi_gian_nap_s,03_boss,Boss_vu_khi,thoi_gian_nap_s,10,number,s,,thời gian nạp,,,,FALSE,FALSE,Tools/export (core/index.py),
03_boss/Boss_vu_khi/vu_khi,03_boss,Boss_vu_khi,vu_khi,4,text,,,vũ khí trên bệ,,,01_vu_khi_dan/Vu_khi,FALSE,FALSE,Tools/export (core/index.py),
03_boss/Boss_vu_khi/vu_khi_sau,03_boss,Boss_vu_khi,vu_khi_sau,17,empty,,,vu_khi bây giờ (chỉ điền khi đổi),,,,FALSE,FALSE,Tools/export (core/index.py),
03_boss/Boss_vu_khi/vu_khi_truoc,03_boss,Boss_vu_khi,vu_khi_truoc,16,empty,,,vu_khi ở bản gốc (chỉ điền khi đổi),,,,FALSE,FALSE,Tools/export (core/index.py),
03_boss/Sanhunt/cach_xep,03_boss,Sanhunt,cach_xep,5,text,,,slot (ô chương) / unslotted (BossHunts.Unslotted),,,,FALSE,FALSE,Tools/export (core/index.py),
03_boss/Sanhunt/chu_luc,03_boss,Sanhunt,chu_luc,3,bool,,,tính là boss chủ lực trong Săn trùm,,,,FALSE,FALSE,Tools/export (core/index.py),
03_boss/Sanhunt/chuong,03_boss,Sanhunt,chuong,4,int,,,chương,,,,FALSE,FALSE,Tools/export (core/index.py),
03_boss/Sanhunt/id,03_boss,Sanhunt,id,1,text,,,id ổn định (khóa chính),,,03_boss/Boss,TRUE,FALSE,Tools/export (core/index.py),
03_boss/Sanhunt/nguon,03_boss,Sanhunt,nguon,8,text,,,file + khóa nguồn của dòng,,,,,,Tools/export (core/index.py),
03_boss/Sanhunt/phong_khong,03_boss,Sanhunt,phong_khong,6,empty,,,boss tự chống máy bay (AirDefence: 2 bệ phòng không trở lên),,,,FALSE,FALSE,Tools/export (core/index.py),
03_boss/Sanhunt/raw_json,03_boss,Sanhunt,raw_json,9,text,,,nguyên bản ghi gốc (JSON),,,,,,Tools/export (core/index.py),
03_boss/Sanhunt/thu_tu,03_boss,Sanhunt,thu_tu,2,int,,,thứ tự cốt truyện (BossHunts.Story),,,,FALSE,FALSE,Tools/export (core/index.py),
03_boss/Sanhunt/tuan,03_boss,Sanhunt,tuan,7,empty,,,có trong 10 boss tuần nào (BossHunt.Weekly theo hạt giống tuần),,,,FALSE,FALSE,Tools/export (core/index.py),
03_boss/Sanhunt_chua_xep/id,03_boss,Sanhunt_chua_xep,id,1,text,,,id ổn định (khóa chính),Assets/MachineBrigade/Scripts/Game/Match/BossHunts.cs#Unslotted: [*][*],,03_boss/Boss,TRUE,FALSE,Tools/export (core/index.py),
03_boss/Sanhunt_chua_xep/nguon,03_boss,Sanhunt_chua_xep,nguon,3,text,,,file + khóa nguồn của dòng,,,,,,Tools/export (core/index.py),
03_boss/Sanhunt_chua_xep/raw_json,03_boss,Sanhunt_chua_xep,raw_json,4,text,,,nguyên bản ghi gốc (JSON),,,,,,Tools/export (core/index.py),
03_boss/Sanhunt_chua_xep/sau_chuong,03_boss,Sanhunt_chua_xep,sau_chuong,2,int,,,đứng sau chương,Assets/MachineBrigade/Scripts/Game/Match/BossHunts.cs#Unslotted: [*][*],,,FALSE,FALSE,Tools/export (core/index.py),
03_boss/Sanhunt_ho_tro/icon,03_boss,Sanhunt_ho_tro,icon,3,text,,,,Assets/MachineBrigade/Scripts/Sim/Modes/BossHunt.cs#All: [*].icon,,,FALSE,TRUE,Tools/export (core/index.py),
03_boss/Sanhunt_ho_tro/id,03_boss,Sanhunt_ho_tro,id,1,text,,,id ổn định (khóa chính),Assets/MachineBrigade/Scripts/Sim/Modes/BossHunt.cs#All: [*].id,,,TRUE,FALSE,Tools/export (core/index.py),
03_boss/Sanhunt_ho_tro/kind,03_boss,Sanhunt_ho_tro,kind,4,text,,,,Assets/MachineBrigade/Scripts/Sim/Modes/BossHunt.cs#All: [*].kind,,,FALSE,TRUE,Tools/export (core/index.py),
03_boss/Sanhunt_ho_tro/nguon,03_boss,Sanhunt_ho_tro,nguon,7,text,,,file + khóa nguồn của dòng,,,,,,Tools/export (core/index.py),
03_boss/Sanhunt_ho_tro/raw_json,03_boss,Sanhunt_ho_tro,raw_json,8,text,,,nguyên bản ghi gốc (JSON),,,,,,Tools/export (core/index.py),
03_boss/Sanhunt_ho_tro/strength,03_boss,Sanhunt_ho_tro,strength,5,number,,,,Assets/MachineBrigade/Scripts/Sim/Modes/BossHunt.cs#All: [*].strength,,,FALSE,TRUE,Tools/export (core/index.py),
03_boss/Sanhunt_ho_tro/ten_vi,03_boss,Sanhunt_ho_tro,ten_vi,2,text,,,tên tiếng Việt (HUD hunt.support.<id>),,,,FALSE,FALSE,Tools/export (core/index.py),
03_boss/Sanhunt_ho_tro/value,03_boss,Sanhunt_ho_tro,value,6,number,,,,Assets/MachineBrigade/Scripts/Sim/Modes/BossHunt.cs#All: [*].value,,,FALSE,TRUE,Tools/export (core/index.py),
04_can_cu_thap/Can_cu_AI_cap/don_vi,04_can_cu_thap,Can_cu_AI_cap,don_vi,6,empty,,,đơn vị của giá trị (trống: không đơn vị hoặc chưa rõ; xem Don_vi_chua_ro),,,,FALSE,FALSE,Tools/export (core/index.py),
04_can_cu_thap/Can_cu_AI_cap/gia_tri_chu,04_can_cu_thap,Can_cu_AI_cap,gia_tri_chu,5,empty,,,giá trị nếu là chữ (danh sách ngăn ';'),,,,FALSE,FALSE,Tools/export (core/index.py),
04_can_cu_thap/Can_cu_AI_cap/gia_tri_so,04_can_cu_thap,Can_cu_AI_cap,gia_tri_so,4,int,,,giá trị nếu là số / true-false,"Assets/MachineBrigade/Resources/Data/balance.json: base.ai.levels.Easy, base.ai.levels.Hard, base.ai.levels.Normal, base.ai.levels.VeryHard",,,FALSE,FALSE,Tools/export (core/index.py),
04_can_cu_thap/Can_cu_AI_cap/id,04_can_cu_thap,Can_cu_AI_cap,id,1,text,,,id ổn định (khóa chính),,,,TRUE,FALSE,Tools/export (core/index.py),
04_can_cu_thap/Can_cu_AI_cap/khoa,04_can_cu_thap,Can_cu_AI_cap,khoa,3,text,,,khóa của lá trong khối,,,,FALSE,FALSE,Tools/export (core/index.py),
04_can_cu_thap/Can_cu_AI_cap/nguon,04_can_cu_thap,Can_cu_AI_cap,nguon,7,text,,,file + khóa nguồn của dòng,,,,,,Tools/export (core/index.py),
04_can_cu_thap/Can_cu_AI_cap/nhom,04_can_cu_thap,Can_cu_AI_cap,nhom,2,text,,,khối nguồn (đường dẫn của khối trong file nguồn),,,,FALSE,FALSE,Tools/export (core/index.py),
04_can_cu_thap/Can_cu_AI_cap/raw_json,04_can_cu_thap,Can_cu_AI_cap,raw_json,8,text,,,nguyên bản ghi gốc (JSON),,,,,,Tools/export (core/index.py),
04_can_cu_thap/Can_cu_AI_kieu/id,04_can_cu_thap,Can_cu_AI_kieu,id,1,text,,,id ổn định (khóa chính),,,,TRUE,FALSE,Tools/export (core/index.py),
04_can_cu_thap/Can_cu_AI_kieu/kieu,04_can_cu_thap,Can_cu_AI_kieu,kieu,2,text,,,"kiểu AI (default, armour, air, tướng...)",,,,FALSE,FALSE,Tools/export (core/index.py),
04_can_cu_thap/Can_cu_AI_kieu/nguon,04_can_cu_thap,Can_cu_AI_kieu,nguon,5,text,,,file + khóa nguồn của dòng,,,,,,Tools/export (core/index.py),
04_can_cu_thap/Can_cu_AI_kieu/raw_json,04_can_cu_thap,Can_cu_AI_kieu,raw_json,6,text,,,nguyên bản ghi gốc (JSON),,,,,,Tools/export (core/index.py),
04_can_cu_thap/Can_cu_AI_kieu/thap,04_can_cu_thap,Can_cu_AI_kieu,thap,3,text,,,tháp (id hoặc '*'),,,04_can_cu_thap/Thap;04_can_cu_thap/Mo_dun_tien_ich;04_can_cu_thap/Tuong;04_can_cu_thap/Nha_chinh,FALSE,FALSE,Tools/export (core/index.py),
04_can_cu_thap/Can_cu_AI_kieu/trong_so,04_can_cu_thap,Can_cu_AI_kieu,trong_so,4,number,,,trọng số chọn,Assets/MachineBrigade/Resources/Data/balance.json: base.ai.styles.…,,,FALSE,FALSE,Tools/export (core/index.py),
04_can_cu_thap/Can_cu_luat/don_vi,04_can_cu_thap,Can_cu_luat,don_vi,6,text,,,đơn vị của giá trị (trống: không đơn vị hoặc chưa rõ; xem Don_vi_chua_ro),,,,FALSE,FALSE,Tools/export (core/index.py),
04_can_cu_thap/Can_cu_luat/gia_tri_chu,04_can_cu_thap,Can_cu_luat,gia_tri_chu,5,text,,,giá trị nếu là chữ (danh sách ngăn ';'),Assets/MachineBrigade/Resources/Data/balance.json: base.ro…,,,FALSE,FALSE,Tools/export (core/index.py),
04_can_cu_thap/Can_cu_luat/gia_tri_so,04_can_cu_thap,Can_cu_luat,gia_tri_so,4,number,,,giá trị nếu là số / true-false,Assets/MachineBrigade/Resources/Data/balance.json: base.…,,,FALSE,FALSE,Tools/export (core/index.py),
04_can_cu_thap/Can_cu_luat/id,04_can_cu_thap,Can_cu_luat,id,1,text,,,id ổn định (khóa chính),,,,TRUE,FALSE,Tools/export (core/index.py),
04_can_cu_thap/Can_cu_luat/khoa,04_can_cu_thap,Can_cu_luat,khoa,3,text,,,khóa của lá trong khối,,,,FALSE,FALSE,Tools/export (core/index.py),
04_can_cu_thap/Can_cu_luat/nguon,04_can_cu_thap,Can_cu_luat,nguon,7,text,,,file + khóa nguồn của dòng,,,,,,Tools/export (core/index.py),
04_can_cu_thap/Can_cu_luat/nhom,04_can_cu_thap,Can_cu_luat,nhom,2,text,,,khối nguồn (đường dẫn của khối trong file nguồn),,,,FALSE,FALSE,Tools/export (core/index.py),
04_can_cu_thap/Can_cu_luat/raw_json,04_can_cu_thap,Can_cu_luat,raw_json,8,text,,,nguyên bản ghi gốc (JSON),,,,,,Tools/export (core/index.py),
04_can_cu_thap/Dot_phong_thu/cap_hq,04_can_cu_thap,Dot_phong_thu,cap_hq,8,int,,,,Assets/MachineBrigade/Resources/Data/balance.json: base.reference[*].level,,,FALSE,TRUE,Tools/export (core/index.py),
04_can_cu_thap/Dot_phong_thu/duong_cong_dot,04_can_cu_thap,Dot_phong_thu,duong_cong_dot,7,empty,,,đường cong đợt (05 / matchRules),,,,FALSE,FALSE,Tools/export (core/index.py),
04_can_cu_thap/Dot_phong_thu/he_so_do_kho,04_can_cu_thap,Dot_phong_thu,he_so_do_kho,6,empty,,,hệ số độ khó của đợt (05 / matchRules),,,,FALSE,FALSE,Tools/export (core/index.py),
04_can_cu_thap/Dot_phong_thu/id,04_can_cu_thap,Dot_phong_thu,id,1,text,,,id ổn định (khóa chính),,,,TRUE,FALSE,Tools/export (core/index.py),
04_can_cu_thap/Dot_phong_thu/large,04_can_cu_thap,Dot_phong_thu,large,4,text,,,tháp ô large (ngăn ';'),Assets/MachineBrigade/Resources/Data/balance.json: base.reference[*].large[*],,04_can_cu_thap/Thap;04_can_cu_thap/Mo_dun_tien_ich;04_can_cu_thap/Tuong;04_can_cu_thap/Nha_chinh,FALSE,FALSE,Tools/export (core/index.py),
04_can_cu_thap/Dot_phong_thu/medium,04_can_cu_thap,Dot_phong_thu,medium,3,text,,,tháp ô medium (ngăn ';'),Assets/MachineBrigade/Resources/Data/balance.json: base.reference[*].medium[*],,04_can_cu_thap/Thap;04_can_cu_thap/Mo_dun_tien_ich;04_can_cu_thap/Tuong;04_can_cu_thap/Nha_chinh,FALSE,FALSE,Tools/export (core/index.py),
04_can_cu_thap/Dot_phong_thu/nguon,04_can_cu_thap,Dot_phong_thu,nguon,9,text,,,file + khóa nguồn của dòng,,,,,,Tools/export (core/index.py),
04_can_cu_thap/Dot_phong_thu/raw_json,04_can_cu_thap,Dot_phong_thu,raw_json,10,text,,,nguyên bản ghi gốc (JSON),,,,,,Tools/export (core/index.py),
04_can_cu_thap/Dot_phong_thu/small,04_can_cu_thap,Dot_phong_thu,small,2,text,,,tháp ô small (ngăn ';'),Assets/MachineBrigade/Resources/Data/balance.json: base.reference[*].small[*],,04_can_cu_thap/Thap;04_can_cu_thap/Mo_dun_tien_ich;04_can_cu_thap/Tuong;04_can_cu_thap/Nha_chinh,FALSE,FALSE,Tools/export (core/index.py),
04_can_cu_thap/Dot_phong_thu/utilities,04_can_cu_thap,Dot_phong_thu,utilities,5,text,,,tháp ô utilities (ngăn ';'),Assets/MachineBrigade/Resources/Data/balance.json: base.reference[*].utilities[*],,04_can_cu_thap/Thap;04_can_cu_thap/Mo_dun_tien_ich;04_can_cu_thap/Tuong;04_can_cu_thap/Nha_chinh,FALSE,FALSE,Tools/export (core/index.py),
04_can_cu_thap/Loadout_can_cu/bang,04_can_cu_thap,Loadout_can_cu,bang,2,text,,,levels / longLevels,,,,FALSE,FALSE,Tools/export (core/index.py),
04_can_cu_thap/Loadout_can_cu/cap_hq,04_can_cu_thap,Loadout_can_cu,cap_hq,3,int,,,cấp HQ 1-5,,,,FALSE,FALSE,Tools/export (core/index.py),
04_can_cu_thap/Loadout_can_cu/id,04_can_cu_thap,Loadout_can_cu,id,1,text,,,id ổn định (khóa chính),,,,TRUE,FALSE,Tools/export (core/index.py),
04_can_cu_thap/Loadout_can_cu/large,04_can_cu_thap,Loadout_can_cu,large,4,int,,,,"Assets/MachineBrigade/Resources/Data/balance.json: base.levels[*].large, base.longLevels[*].large",,,FALSE,TRUE,Tools/export (core/index.py),
04_can_cu_thap/Loadout_can_cu/medium,04_can_cu_thap,Loadout_can_cu,medium,5,int,,,,"Assets/MachineBrigade/Resources/Data/balance.json: base.levels[*].medium, base.longLevels[*].medium",,,FALSE,TRUE,Tools/export (core/index.py),
04_can_cu_thap/Loadout_can_cu/nguon,04_can_cu_thap,Loadout_can_cu,nguon,8,text,,,file + khóa nguồn của dòng,,,,,,Tools/export (core/index.py),
04_can_cu_thap/Loadout_can_cu/raw_json,04_can_cu_thap,Loadout_can_cu,raw_json,9,text,,,nguyên bản ghi gốc (JSON),,,,,,Tools/export (core/index.py),
04_can_cu_thap/Loadout_can_cu/small,04_can_cu_thap,Loadout_can_cu,small,6,int,,,,"Assets/MachineBrigade/Resources/Data/balance.json: base.levels[*].small, base.longLevels[*].small",,,FALSE,TRUE,Tools/export (core/index.py),
04_can_cu_thap/Loadout_can_cu/utility,04_can_cu_thap,Loadout_can_cu,utility,7,int,,,,"Assets/MachineBrigade/Resources/Data/balance.json: base.levels[*].utility, base.longLevels[*].utility",,,FALSE,TRUE,Tools/export (core/index.py),
04_can_cu_thap/Mo_dun_tien_ich/armour,04_can_cu_thap,Mo_dun_tien_ich,armour,60,int,,,,Assets/MachineBrigade/Resources/Data/balance.json: vehicles[*].armour,,,FALSE,TRUE,Tools/export (core/index.py),
04_can_cu_thap/Mo_dun_tien_ich/ban_khi_chay,04_can_cu_thap,Mo_dun_tien_ich,ban_khi_chay,26,bool,,,"bắn khi chạy (firesWhileMoving, mặc định true)",Assets/MachineBrigade/Resources/Data/balance.json: vehicles[*] sau inherits (Catalog.cs),,,FALSE,FALSE,Tools/export (core/index.py),
04_can_cu_thap/Mo_dun_tien_ich/ban_kinh_m,04_can_cu_thap,Mo_dun_tien_ich,ban_kinh_m,20,int,m,,bán kính va chạm / trúng đạn,Assets/MachineBrigade/Resources/Data/balance.json: vehicles[*] sau inherits (Catalog.cs),,,FALSE,FALSE,Tools/export (core/index.py),
04_can_cu_thap/Mo_dun_tien_ich/base_cp,04_can_cu_thap,Mo_dun_tien_ich,base_cp,8,int,CP,,giá thẻ (cp) sau inherits; 0 = không bán,Assets/MachineBrigade/Resources/Data/balance.json: vehicles[*] sau inherits (Catalog.cs),,,FALSE,FALSE,Tools/export (core/index.py),
04_can_cu_thap/Mo_dun_tien_ich/base_cp_sau,04_can_cu_thap,Mo_dun_tien_ich,base_cp_sau,39,empty,,,base_cp bây giờ (chỉ điền khi đổi),,,,FALSE,FALSE,Tools/export (core/index.py),
04_can_cu_thap/Mo_dun_tien_ich/base_cp_truoc,04_can_cu_thap,Mo_dun_tien_ich,base_cp_truoc,38,empty,,,base_cp ở bản gốc (chỉ điền khi đổi),,,,FALSE,FALSE,Tools/export (core/index.py),
04_can_cu_thap/Mo_dun_tien_ich/bay,04_can_cu_thap,Mo_dun_tien_ich,bay,23,bool,,,bay (flying),Assets/MachineBrigade/Resources/Data/balance.json: vehicles[*] sau inherits (Catalog.cs),,,FALSE,FALSE,Tools/export (core/index.py),
04_can_cu_thap/Mo_dun_tien_ich/branch_of,04_can_cu_thap,Mo_dun_tien_ich,branch_of,61,text,,,,Assets/MachineBrigade/Resources/Data/balance.json: vehicles[*].branchOf,,,FALSE,TRUE,Tools/export (core/index.py),
04_can_cu_thap/Mo_dun_tien_ich/cong_trinh,04_can_cu_thap,Mo_dun_tien_ich,cong_trinh,15,bool,,,"là công trình (structure): giáp đều, hệ số Structure",Assets/MachineBrigade/Resources/Data/balance.json: vehicles[*] sau inherits (Catalog.cs),,,FALSE,FALSE,Tools/export (core/index.py),
04_can_cu_thap/Mo_dun_tien_ich/counter_battery_bonus,04_can_cu_thap,Mo_dun_tien_ich,counter_battery_bonus,62,int,,,,Assets/MachineBrigade/Resources/Data/balance.json: vehicles[*].counterBattery.bonus,,,FALSE,TRUE,Tools/export (core/index.py),
04_can_cu_thap/Mo_dun_tien_ich/counter_battery_range_m,04_can_cu_thap,Mo_dun_tien_ich,counter_battery_range_m,63,int,m,,,Assets/MachineBrigade/Resources/Data/balance.json: vehicles[*].counterBattery.range,,,FALSE,TRUE,Tools/export (core/index.py),
04_can_cu_thap/Mo_dun_tien_ich/counter_battery_seconds_s,04_can_cu_thap,Mo_dun_tien_ich,counter_battery_seconds_s,64,int,s,,,Assets/MachineBrigade/Resources/Data/balance.json: vehicles[*].counterBattery.seconds,,,FALSE,TRUE,Tools/export (core/index.py),
04_can_cu_thap/Mo_dun_tien_ich/cp,04_can_cu_thap,Mo_dun_tien_ich,cp,65,int,CP,,,Assets/MachineBrigade/Resources/Data/balance.json: vehicles[*].cp,,,FALSE,TRUE,Tools/export (core/index.py),
04_can_cu_thap/Mo_dun_tien_ich/dai_m,04_can_cu_thap,Mo_dun_tien_ich,dai_m,21,int,m,,dài thân = length x scale,Assets/MachineBrigade/Resources/Data/balance.json: vehicles[*] sau inherits (Catalog.cs),,,FALSE,FALSE,Tools/export (core/index.py),
04_can_cu_thap/Mo_dun_tien_ich/death_explosion_damage,04_can_cu_thap,Mo_dun_tien_ich,death_explosion_damage,66,int,,,,Assets/MachineBrigade/Resources/Data/balance.json: vehicles[*].deathExplosion.damage,,,FALSE,TRUE,Tools/export (core/index.py),
04_can_cu_thap/Mo_dun_tien_ich/death_explosion_delay_s,04_can_cu_thap,Mo_dun_tien_ich,death_explosion_delay_s,67,number,s,,,Assets/MachineBrigade/Resources/Data/balance.json: vehicles[*].deathExplosion.delay,,,FALSE,TRUE,Tools/export (core/index.py),
04_can_cu_thap/Mo_dun_tien_ich/death_explosion_radius_m,04_can_cu_thap,Mo_dun_tien_ich,death_explosion_radius_m,68,int,m,,,Assets/MachineBrigade/Resources/Data/balance.json: vehicles[*].deathExplosion.radius,,,FALSE,TRUE,Tools/export (core/index.py),
04_can_cu_thap/Mo_dun_tien_ich/death_explosion_tier,04_can_cu_thap,Mo_dun_tien_ich,death_explosion_tier,69,text,,,,Assets/MachineBrigade/Resources/Data/balance.json: vehicles[*].deathExplosion.tier,,,FALSE,TRUE,Tools/export (core/index.py),
04_can_cu_thap/Mo_dun_tien_ich/do_cao_m,04_can_cu_thap,Mo_dun_tien_ich,do_cao_m,24,int,m,,"độ cao bay (altitude, mặc định 0)",Assets/MachineBrigade/Resources/Data/balance.json: vehicles[*] sau inherits (Catalog.cs),,,FALSE,FALSE,Tools/export (core/index.py),
04_can_cu_thap/Mo_dun_tien_ich/dung_yen,04_can_cu_thap,Mo_dun_tien_ich,dung_yen,25,bool,,,đứng yên (static),Assets/MachineBrigade/Resources/Data/balance.json: vehicles[*] sau inherits (Catalog.cs),,,FALSE,FALSE,Tools/export (core/index.py),
04_can_cu_thap/Mo_dun_tien_ich/fire_control_damage,04_can_cu_thap,Mo_dun_tien_ich,fire_control_damage,70,number,,,,Assets/MachineBrigade/Resources/Data/balance.json: vehicles[*].fireControl.damage,,,FALSE,TRUE,Tools/export (core/index.py),
04_can_cu_thap/Mo_dun_tien_ich/fire_control_focus,04_can_cu_thap,Mo_dun_tien_ich,fire_control_focus,71,int,,,,Assets/MachineBrigade/Resources/Data/balance.json: vehicles[*].fireControl.focus,,,FALSE,TRUE,Tools/export (core/index.py),
04_can_cu_thap/Mo_dun_tien_ich/fire_control_radius_m,04_can_cu_thap,Mo_dun_tien_ich,fire_control_radius_m,72,int,m,,,Assets/MachineBrigade/Resources/Data/balance.json: vehicles[*].fireControl.radius,,,FALSE,TRUE,Tools/export (core/index.py),
04_can_cu_thap/Mo_dun_tien_ich/fort_kind,04_can_cu_thap,Mo_dun_tien_ich,fort_kind,73,text,,,,Assets/MachineBrigade/Resources/Data/balance.json: vehicles[*].fort.kind,,,FALSE,TRUE,Tools/export (core/index.py),
04_can_cu_thap/Mo_dun_tien_ich/fort_size,04_can_cu_thap,Mo_dun_tien_ich,fort_size,74,text,,,,Assets/MachineBrigade/Resources/Data/balance.json: vehicles[*].fort.size,,,FALSE,TRUE,Tools/export (core/index.py),
04_can_cu_thap/Mo_dun_tien_ich/giap_hong,04_can_cu_thap,Mo_dun_tien_ich,giap_hong,12,int,,,giáp hông,Assets/MachineBrigade/Resources/Data/balance.json: vehicles[*] sau inherits (Catalog.cs),,,FALSE,FALSE,Tools/export (core/index.py),
04_can_cu_thap/Mo_dun_tien_ich/giap_hong_sau,04_can_cu_thap,Mo_dun_tien_ich,giap_hong_sau,45,empty,,,giap_hong bây giờ (chỉ điền khi đổi),,,,FALSE,FALSE,Tools/export (core/index.py),
04_can_cu_thap/Mo_dun_tien_ich/giap_hong_truoc,04_can_cu_thap,Mo_dun_tien_ich,giap_hong_truoc,44,empty,,,giap_hong ở bản gốc (chỉ điền khi đổi),,,,FALSE,FALSE,Tools/export (core/index.py),
04_can_cu_thap/Mo_dun_tien_ich/giap_noc,04_can_cu_thap,Mo_dun_tien_ich,giap_noc,14,int,,,giáp nóc,Assets/MachineBrigade/Resources/Data/balance.json: vehicles[*] sau inherits (Catalog.cs),,,FALSE,FALSE,Tools/export (core/index.py),
04_can_cu_thap/Mo_dun_tien_ich/giap_noc_sau,04_can_cu_thap,Mo_dun_tien_ich,giap_noc_sau,49,empty,,,giap_noc bây giờ (chỉ điền khi đổi),,,,FALSE,FALSE,Tools/export (core/index.py),
04_can_cu_thap/Mo_dun_tien_ich/giap_noc_truoc,04_can_cu_thap,Mo_dun_tien_ich,giap_noc_truoc,48,empty,,,giap_noc ở bản gốc (chỉ điền khi đổi),,,,FALSE,FALSE,Tools/export (core/index.py),
04_can_cu_thap/Mo_dun_tien_ich/giap_sau,04_can_cu_thap,Mo_dun_tien_ich,giap_sau,13,int,,,giáp sau,Assets/MachineBrigade/Resources/Data/balance.json: vehicles[*] sau inherits (Catalog.cs),,,FALSE,FALSE,Tools/export (core/index.py),
04_can_cu_thap/Mo_dun_tien_ich/giap_sau_sau,04_can_cu_thap,Mo_dun_tien_ich,giap_sau_sau,47,empty,,,giap_sau bây giờ (chỉ điền khi đổi),,,,FALSE,FALSE,Tools/export (core/index.py),
04_can_cu_thap/Mo_dun_tien_ich/giap_sau_truoc,04_can_cu_thap,Mo_dun_tien_ich,giap_sau_truoc,46,empty,,,giap_sau ở bản gốc (chỉ điền khi đổi),,,,FALSE,FALSE,Tools/export (core/index.py),
04_can_cu_thap/Mo_dun_tien_ich/giap_truoc,04_can_cu_thap,Mo_dun_tien_ich,giap_truoc,11,int,,,"giáp mặt trước 0-5 (Armour.cs: một số = trước, hông -1, sau / nóc -2; bay / công trình: đều)",Assets/MachineBrigade/Resources/Data/balance.json: vehicles[*] sau inherits (Catalog.cs),,,FALSE,FALSE,Tools/export (core/index.py),
04_can_cu_thap/Mo_dun_tien_ich/giap_truoc_sau,04_can_cu_thap,Mo_dun_tien_ich,giap_truoc_sau,43,empty,,,giap_truoc bây giờ (chỉ điền khi đổi),,,,FALSE,FALSE,Tools/export (core/index.py),
04_can_cu_thap/Mo_dun_tien_ich/giap_truoc_truoc,04_can_cu_thap,Mo_dun_tien_ich,giap_truoc_truoc,42,empty,,,giap_truoc ở bản gốc (chỉ điền khi đổi),,,,FALSE,FALSE,Tools/export (core/index.py),
04_can_cu_thap/Mo_dun_tien_ich/he_so_sat_thuong_ra,04_can_cu_thap,Mo_dun_tien_ich,he_so_sat_thuong_ra,29,int,,,"outgoingDamageMult (mặc định 1, kẹp 0,1-10)",Assets/MachineBrigade/Resources/Data/balance.json: vehicles[*] sau inherits (Catalog.cs),,,FALSE,FALSE,Tools/export (core/index.py),
04_can_cu_thap/Mo_dun_tien_ich/he_so_sat_thuong_ra_sau,04_can_cu_thap,Mo_dun_tien_ich,he_so_sat_thuong_ra_sau,59,empty,,,he_so_sat_thuong_ra bây giờ (chỉ điền khi đổi),,,,FALSE,FALSE,Tools/export (core/index.py),
04_can_cu_thap/Mo_dun_tien_ich/he_so_sat_thuong_ra_truoc,04_can_cu_thap,Mo_dun_tien_ich,he_so_sat_thuong_ra_truoc,58,empty,,,he_so_sat_thuong_ra ở bản gốc (chỉ điền khi đổi),,,,FALSE,FALSE,Tools/export (core/index.py),
04_can_cu_thap/Mo_dun_tien_ich/hoi_tu_ve_s,04_can_cu_thap,Mo_dun_tien_ich,hoi_tu_ve_s,35,empty,s,,hồi tự vệ (aps.recharge hoặc flareRecharge),Assets/MachineBrigade/Resources/Data/balance.json: vehicles[*] sau inherits (Catalog.cs),,,FALSE,FALSE,Tools/export (core/index.py),
04_can_cu_thap/Mo_dun_tien_ich/hp,04_can_cu_thap,Mo_dun_tien_ich,hp,75,int,hp,,,Assets/MachineBrigade/Resources/Data/balance.json: vehicles[*].hp,,,FALSE,TRUE,Tools/export (core/index.py),
04_can_cu_thap/Mo_dun_tien_ich/id,04_can_cu_thap,Mo_dun_tien_ich,id,1,text,,,id ổn định (khóa chính),Assets/MachineBrigade/Resources/Data/balance.json: vehicles[*].id,,,TRUE,FALSE,Tools/export (core/index.py),
04_can_cu_thap/Mo_dun_tien_ich/ke_thua_tu,04_can_cu_thap,Mo_dun_tien_ich,ke_thua_tu,7,empty,,,bản ghi cha (inherits),Assets/MachineBrigade/Resources/Data/balance.json: vehicles[*] sau inherits (Catalog.cs),,,FALSE,FALSE,Tools/export (core/index.py),
04_can_cu_thap/Mo_dun_tien_ich/length_m,04_can_cu_thap,Mo_dun_tien_ich,length_m,76,int,m,,,Assets/MachineBrigade/Resources/Data/balance.json: vehicles[*].length,,,FALSE,TRUE,Tools/export (core/index.py),
04_can_cu_thap/Mo_dun_tien_ich/lop,04_can_cu_thap,Mo_dun_tien_ich,lop,5,empty,,,lớp (class) sau inherits,Assets/MachineBrigade/Resources/Data/balance.json: vehicles[*] sau inherits (Catalog.cs),,,FALSE,FALSE,Tools/export (core/index.py),
04_can_cu_thap/Mo_dun_tien_ich/mau_hp,04_can_cu_thap,Mo_dun_tien_ich,mau_hp,9,int,hp,,máu trong dữ liệu (hp) sau inherits,Assets/MachineBrigade/Resources/Data/balance.json: vehicles[*] sau inherits (Catalog.cs),,,FALSE,FALSE,Tools/export (core/index.py),
04_can_cu_thap/Mo_dun_tien_ich/mau_hp_sau,04_can_cu_thap,Mo_dun_tien_ich,mau_hp_sau,41,empty,,,mau_hp bây giờ (chỉ điền khi đổi),,,,FALSE,FALSE,Tools/export (core/index.py),
04_can_cu_thap/Mo_dun_tien_ich/mau_hp_truoc,04_can_cu_thap,Mo_dun_tien_ich,mau_hp_truoc,40,empty,,,mau_hp ở bản gốc (chỉ điền khi đổi),,,,FALSE,FALSE,Tools/export (core/index.py),
04_can_cu_thap/Mo_dun_tien_ich/mau_trong_tran_hp,04_can_cu_thap,Mo_dun_tien_ich,mau_trong_tran_hp,10,number,hp,,"máu trong trận = hp x toughness.vehicles (boss: toughness.bosses; trước hệ số hạng boss, độ khó, chiến dịch)",Assets/MachineBrigade/Resources/Data/balance.json: vehicles[*] sau inherits (Catalog.cs),,,FALSE,FALSE,Tools/export (core/index.py),
04_can_cu_thap/Mo_dun_tien_ich/mo_hinh,04_can_cu_thap,Mo_dun_tien_ich,mo_hinh,36,text,,,"model GLB (model, mặc định cha hoặc id)",Assets/MachineBrigade/Resources/Data/balance.json: vehicles[*] sau inherits (Catalog.cs),,,FALSE,FALSE,Tools/export (core/index.py),
04_can_cu_thap/Mo_dun_tien_ich/model,04_can_cu_thap,Mo_dun_tien_ich,model,77,text,,,,Assets/MachineBrigade/Resources/Data/balance.json: vehicles[*].model,,,FALSE,TRUE,Tools/export (core/index.py),
04_can_cu_thap/Mo_dun_tien_ich/model_size_height_m,04_can_cu_thap,Mo_dun_tien_ich,model_size_height_m,78,number,m,,,Assets/MachineBrigade/Resources/Data/balance.json: vehicles[*].modelSize[*],,,FALSE,TRUE,Tools/export (core/index.py),
04_can_cu_thap/Mo_dun_tien_ich/model_size_length_m,04_can_cu_thap,Mo_dun_tien_ich,model_size_length_m,79,number,m,,,Assets/MachineBrigade/Resources/Data/balance.json: vehicles[*].modelSize[*],,,FALSE,TRUE,Tools/export (core/index.py),
04_can_cu_thap/Mo_dun_tien_ich/model_size_width_m,04_can_cu_thap,Mo_dun_tien_ich,model_size_width_m,80,number,m,,,Assets/MachineBrigade/Resources/Data/balance.json: vehicles[*].modelSize[*],,,FALSE,TRUE,Tools/export (core/index.py),
04_can_cu_thap/Mo_dun_tien_ich/nguon,04_can_cu_thap,Mo_dun_tien_ich,nguon,100,text,,,file + khóa nguồn của dòng,,,,,,Tools/export (core/index.py),
04_can_cu_thap/Mo_dun_tien_ich/nhanh,04_can_cu_thap,Mo_dun_tien_ich,nhanh,6,empty,,,nhánh quân (balance.branches theo lớp),Assets/MachineBrigade/Resources/Data/balance.json: vehicles[*] sau inherits (Catalog.cs),,,FALSE,FALSE,Tools/export (core/index.py),
04_can_cu_thap/Mo_dun_tien_ich/noi_tai,04_can_cu_thap,Mo_dun_tien_ich,noi_tai,32,empty,,,kỹ năng nội tại (skills),Assets/MachineBrigade/Resources/Data/balance.json: vehicles[*] sau inherits (Catalog.cs),,02_phuong_tien/Ky_nang,FALSE,FALSE,Tools/export (core/index.py),
04_can_cu_thap/Mo_dun_tien_ich/passable,04_can_cu_thap,Mo_dun_tien_ich,passable,81,bool,,,,Assets/MachineBrigade/Resources/Data/balance.json: vehicles[*].passable,,,FALSE,TRUE,Tools/export (core/index.py),
04_can_cu_thap/Mo_dun_tien_ich/radius_m,04_can_cu_thap,Mo_dun_tien_ich,radius_m,82,int,m,,,Assets/MachineBrigade/Resources/Data/balance.json: vehicles[*].radius,,,FALSE,TRUE,Tools/export (core/index.py),
04_can_cu_thap/Mo_dun_tien_ich/raw_json,04_can_cu_thap,Mo_dun_tien_ich,raw_json,101,text,,,nguyên bản ghi gốc (JSON),,,,,,Tools/export (core/index.py),
04_can_cu_thap/Mo_dun_tien_ich/rong_m,04_can_cu_thap,Mo_dun_tien_ich,rong_m,22,int,m,,rộng thân = width x scale,Assets/MachineBrigade/Resources/Data/balance.json: vehicles[*] sau inherits (Catalog.cs),,,FALSE,FALSE,Tools/export (core/index.py),
04_can_cu_thap/Mo_dun_tien_ich/sight_jammer_close,04_can_cu_thap,Mo_dun_tien_ich,sight_jammer_close,83,int,,,,Assets/MachineBrigade/Resources/Data/balance.json: vehicles[*].sightJammer.close,,,FALSE,TRUE,Tools/export (core/index.py),
04_can_cu_thap/Mo_dun_tien_ich/sight_jammer_radius_m,04_can_cu_thap,Mo_dun_tien_ich,sight_jammer_radius_m,84,int,m,,,Assets/MachineBrigade/Resources/Data/balance.json: vehicles[*].sightJammer.radius,,,FALSE,TRUE,Tools/export (core/index.py),
04_can_cu_thap/Mo_dun_tien_ich/so_lan_tu_ve,04_can_cu_thap,Mo_dun_tien_ich,so_lan_tu_ve,34,empty,,,số lần tự vệ (aps.charges hoặc flareCharges),Assets/MachineBrigade/Resources/Data/balance.json: vehicles[*] sau inherits (Catalog.cs),,,FALSE,FALSE,Tools/export (core/index.py),
04_can_cu_thap/Mo_dun_tien_ich/so_voi_ban_goc,04_can_cu_thap,Mo_dun_tien_ich,so_voi_ban_goc,37,text,,giong;doi;moi,so với bản gốc (Phien_ban.ban_goc): giong / doi / moi (chưa có ở bản gốc),,,,FALSE,FALSE,Tools/export (core/index.py),
04_can_cu_thap/Mo_dun_tien_ich/speed_m_s,04_can_cu_thap,Mo_dun_tien_ich,speed_m_s,85,int,m/s,,,Assets/MachineBrigade/Resources/Data/balance.json: vehicles[*].speed,,,FALSE,TRUE,Tools/export (core/index.py),
04_can_cu_thap/Mo_dun_tien_ich/static,04_can_cu_thap,Mo_dun_tien_ich,static,86,bool,,,,Assets/MachineBrigade/Resources/Data/balance.json: vehicles[*].static,,,FALSE,TRUE,Tools/export (core/index.py),
04_can_cu_thap/Mo_dun_tien_ich/tam_nhin_m,04_can_cu_thap,Mo_dun_tien_ich,tam_nhin_m,19,int,m,,tầm nhìn,Assets/MachineBrigade/Resources/Data/balance.json: vehicles[*] sau inherits (Catalog.cs),,,FALSE,FALSE,Tools/export (core/index.py),
04_can_cu_thap/Mo_dun_tien_ich/tam_nhin_m_sau,04_can_cu_thap,Mo_dun_tien_ich,tam_nhin_m_sau,53,empty,,,tam_nhin_m bây giờ (chỉ điền khi đổi),,,,FALSE,FALSE,Tools/export (core/index.py),
04_can_cu_thap/Mo_dun_tien_ich/tam_nhin_m_truoc,04_can_cu_thap,Mo_dun_tien_ich,tam_nhin_m_truoc,52,empty,,,tam_nhin_m ở bản gốc (chỉ điền khi đổi),,,,FALSE,FALSE,Tools/export (core/index.py),
04_can_cu_thap/Mo_dun_tien_ich/ten_en,04_can_cu_thap,Mo_dun_tien_ich,ten_en,2,text,,,tên tiếng Anh (HUD unit.<id>),,,,FALSE,FALSE,Tools/export (core/index.py),
04_can_cu_thap/Mo_dun_tien_ich/ten_ngan_vi,04_can_cu_thap,Mo_dun_tien_ich,ten_ngan_vi,4,text,,,tên ngắn tiếng Việt (HUD short.<id>),,,,FALSE,FALSE,Tools/export (core/index.py),
04_can_cu_thap/Mo_dun_tien_ich/ten_vi,04_can_cu_thap,Mo_dun_tien_ich,ten_vi,3,text,,,tên tiếng Việt (HUD unit.<id>),,,,FALSE,FALSE,Tools/export (core/index.py),
04_can_cu_thap/Mo_dun_tien_ich/tha_du_s,04_can_cu_thap,Mo_dun_tien_ich,tha_du_s,28,number,s,,"thời gian thả dù (dropDelay, mặc định 3,5, kẹp 0,5-30)",Assets/MachineBrigade/Resources/Data/balance.json: vehicles[*] sau inherits (Catalog.cs),,,FALSE,FALSE,Tools/export (core/index.py),
04_can_cu_thap/Mo_dun_tien_ich/toc_do_chiem,04_can_cu_thap,Mo_dun_tien_ich,toc_do_chiem,27,int,,,"hệ số tốc độ chiếm cứ điểm (captureRate, mặc định 1)",Assets/MachineBrigade/Resources/Data/balance.json: vehicles[*] sau inherits (Catalog.cs),,,FALSE,FALSE,Tools/export (core/index.py),
04_can_cu_thap/Mo_dun_tien_ich/toc_do_m_s,04_can_cu_thap,Mo_dun_tien_ich,toc_do_m_s,16,int,m/s,,tốc độ,Assets/MachineBrigade/Resources/Data/balance.json: vehicles[*] sau inherits (Catalog.cs),,,FALSE,FALSE,Tools/export (core/index.py),
04_can_cu_thap/Mo_dun_tien_ich/toc_do_m_s_sau,04_can_cu_thap,Mo_dun_tien_ich,toc_do_m_s_sau,51,empty,,,toc_do_m_s bây giờ (chỉ điền khi đổi),,,,FALSE,FALSE,Tools/export (core/index.py),
04_can_cu_thap/Mo_dun_tien_ich/toc_do_m_s_truoc,04_can_cu_thap,Mo_dun_tien_ich,toc_do_m_s_truoc,50,empty,,,toc_do_m_s ở bản gốc (chỉ điền khi đổi),,,,FALSE,FALSE,Tools/export (core/index.py),
04_can_cu_thap/Mo_dun_tien_ich/tu_ve,04_can_cu_thap,Mo_dun_tien_ich,tu_ve,33,text,,,tự vệ: none / flare / aps,Assets/MachineBrigade/Resources/Data/balance.json: vehicles[*] sau inherits (Catalog.cs),,,FALSE,FALSE,Tools/export (core/index.py),
04_can_cu_thap/Mo_dun_tien_ich/turn_rate_deg_s,04_can_cu_thap,Mo_dun_tien_ich,turn_rate_deg_s,87,int,deg/s,,,Assets/MachineBrigade/Resources/Data/balance.json: vehicles[*].turnRate,,,FALSE,TRUE,Tools/export (core/index.py),
04_can_cu_thap/Mo_dun_tien_ich/turret_turn_rate_deg_s,04_can_cu_thap,Mo_dun_tien_ich,turret_turn_rate_deg_s,88,int,deg/s,,,Assets/MachineBrigade/Resources/Data/balance.json: vehicles[*].turretTurnRate,,,FALSE,TRUE,Tools/export (core/index.py),
04_can_cu_thap/Mo_dun_tien_ich/utility_air_cap,04_can_cu_thap,Mo_dun_tien_ich,utility_air_cap,89,int,,,,Assets/MachineBrigade/Resources/Data/balance.json: vehicles[*].utility.airCap,,,FALSE,TRUE,Tools/export (core/index.py),
04_can_cu_thap/Mo_dun_tien_ich/utility_air_reach_m,04_can_cu_thap,Mo_dun_tien_ich,utility_air_reach_m,90,int,m,,,Assets/MachineBrigade/Resources/Data/balance.json: vehicles[*].utility.airReach,,,FALSE,TRUE,Tools/export (core/index.py),
04_can_cu_thap/Mo_dun_tien_ich/utility_air_rearm,04_can_cu_thap,Mo_dun_tien_ich,utility_air_rearm,91,number,,,,Assets/MachineBrigade/Resources/Data/balance.json: vehicles[*].utility.airRearm,,,FALSE,TRUE,Tools/export (core/index.py),
04_can_cu_thap/Mo_dun_tien_ich/utility_air_repair,04_can_cu_thap,Mo_dun_tien_ich,utility_air_repair,92,number,,,,Assets/MachineBrigade/Resources/Data/balance.json: vehicles[*].utility.airRepair,,,FALSE,TRUE,Tools/export (core/index.py),
04_can_cu_thap/Mo_dun_tien_ich/utility_rearm,04_can_cu_thap,Mo_dun_tien_ich,utility_rearm,93,number,,,,Assets/MachineBrigade/Resources/Data/balance.json: vehicles[*].utility.rearm,,,FALSE,TRUE,Tools/export (core/index.py),
04_can_cu_thap/Mo_dun_tien_ich/utility_repair,04_can_cu_thap,Mo_dun_tien_ich,utility_repair,94,number,,,,Assets/MachineBrigade/Resources/Data/balance.json: vehicles[*].utility.repair,,,FALSE,TRUE,Tools/export (core/index.py),
04_can_cu_thap/Mo_dun_tien_ich/utility_reveal_base,04_can_cu_thap,Mo_dun_tien_ich,utility_reveal_base,95,bool,,,,Assets/MachineBrigade/Resources/Data/balance.json: vehicles[*].utility.revealBase,,,FALSE,TRUE,Tools/export (core/index.py),
04_can_cu_thap/Mo_dun_tien_ich/utility_supply,04_can_cu_thap,Mo_dun_tien_ich,utility_supply,96,int,,,,Assets/MachineBrigade/Resources/Data/balance.json: vehicles[*].utility.supply,,,FALSE,TRUE,Tools/export (core/index.py),
04_can_cu_thap/Mo_dun_tien_ich/vision_m,04_can_cu_thap,Mo_dun_tien_ich,vision_m,97,int,m,,,Assets/MachineBrigade/Resources/Data/balance.json: vehicles[*].vision,,,FALSE,TRUE,Tools/export (core/index.py),
04_can_cu_thap/Mo_dun_tien_ich/vu_khi_chinh,04_can_cu_thap,Mo_dun_tien_ich,vu_khi_chinh,30,text,,,vũ khí chính (weapon),Assets/MachineBrigade/Resources/Data/balance.json: vehicles[*] sau inherits (Catalog.cs),,01_vu_khi_dan/Vu_khi,FALSE,FALSE,Tools/export (core/index.py),
04_can_cu_thap/Mo_dun_tien_ich/vu_khi_chinh_sau,04_can_cu_thap,Mo_dun_tien_ich,vu_khi_chinh_sau,55,empty,,,vu_khi_chinh bây giờ (chỉ điền khi đổi),,,,FALSE,FALSE,Tools/export (core/index.py),
04_can_cu_thap/Mo_dun_tien_ich/vu_khi_chinh_truoc,04_can_cu_thap,Mo_dun_tien_ich,vu_khi_chinh_truoc,54,empty,,,vu_khi_chinh ở bản gốc (chỉ điền khi đổi),,,,FALSE,FALSE,Tools/export (core/index.py),
04_can_cu_thap/Mo_dun_tien_ich/vu_khi_phu,04_can_cu_thap,Mo_dun_tien_ich,vu_khi_phu,31,empty,,,vũ khí phụ (secondary[*].weapon),Assets/MachineBrigade/Resources/Data/balance.json: vehicles[*] sau inherits (Catalog.cs),,01_vu_khi_dan/Vu_khi,FALSE,FALSE,Tools/export (core/index.py),
04_can_cu_thap/Mo_dun_tien_ich/vu_khi_phu_sau,04_can_cu_thap,Mo_dun_tien_ich,vu_khi_phu_sau,57,empty,,,vu_khi_phu bây giờ (chỉ điền khi đổi),,,,FALSE,FALSE,Tools/export (core/index.py),
04_can_cu_thap/Mo_dun_tien_ich/vu_khi_phu_truoc,04_can_cu_thap,Mo_dun_tien_ich,vu_khi_phu_truoc,56,empty,,,vu_khi_phu ở bản gốc (chỉ điền khi đổi),,,,FALSE,FALSE,Tools/export (core/index.py),
04_can_cu_thap/Mo_dun_tien_ich/weapon,04_can_cu_thap,Mo_dun_tien_ich,weapon,98,text,,,,Assets/MachineBrigade/Resources/Data/balance.json: vehicles[*].weapon,,,FALSE,TRUE,Tools/export (core/index.py),
04_can_cu_thap/Mo_dun_tien_ich/width_m,04_can_cu_thap,Mo_dun_tien_ich,width_m,99,int,m,,,Assets/MachineBrigade/Resources/Data/balance.json: vehicles[*].width,,,FALSE,TRUE,Tools/export (core/index.py),
04_can_cu_thap/Mo_dun_tien_ich/xoay_than_deg_s,04_can_cu_thap,Mo_dun_tien_ich,xoay_than_deg_s,17,int,deg/s,,tốc độ xoay thân (turnRate),Assets/MachineBrigade/Resources/Data/balance.json: vehicles[*] sau inherits (Catalog.cs),,,FALSE,FALSE,Tools/export (core/index.py),
04_can_cu_thap/Mo_dun_tien_ich/xoay_thap_deg_s,04_can_cu_thap,Mo_dun_tien_ich,xoay_thap_deg_s,18,int,deg/s,,tốc độ xoay tháp pháo (turretTurnRate),Assets/MachineBrigade/Resources/Data/balance.json: vehicles[*] sau inherits (Catalog.cs),,,FALSE,FALSE,Tools/export (core/index.py),
04_can_cu_thap/Mo_dun_tien_ich_vu_khi/id,04_can_cu_thap,Mo_dun_tien_ich_vu_khi,id,1,empty,,,id ổn định (khóa chính),,,,TRUE,FALSE,Tools/export (core/index.py),
04_can_cu_thap/Mo_dun_tien_ich_vu_khi/mo_dun_tien_ich_id,04_can_cu_thap,Mo_dun_tien_ich_vu_khi,mo_dun_tien_ich_id,2,empty,,,id dòng cha ở Mo_dun_tien_ich,,,04_can_cu_thap/Mo_dun_tien_ich,TRUE,FALSE,Tools/export (core/index.py),
04_can_cu_thap/Mo_dun_tien_ich_vu_khi/nguon,04_can_cu_thap,Mo_dun_tien_ich_vu_khi,nguon,5,text,,,file + khóa nguồn của dòng,,,,,,Tools/export (core/index.py),
04_can_cu_thap/Mo_dun_tien_ich_vu_khi/raw_json,04_can_cu_thap,Mo_dun_tien_ich_vu_khi,raw_json,6,text,,,nguyên bản ghi gốc (JSON),,,,,,Tools/export (core/index.py),
04_can_cu_thap/Mo_dun_tien_ich_vu_khi/thu_tu,04_can_cu_thap,Mo_dun_tien_ich_vu_khi,thu_tu,3,empty,,,thứ tự trong danh sách nguồn (0 = đầu),,,,FALSE,FALSE,Tools/export (core/index.py),
04_can_cu_thap/Mo_dun_tien_ich_vu_khi/weapon,04_can_cu_thap,Mo_dun_tien_ich_vu_khi,weapon,4,empty,,,vũ khí trên bệ,,,01_vu_khi_dan/Vu_khi,FALSE,FALSE,Tools/export (core/index.py),
04_can_cu_thap/Nha_chinh/armour,04_can_cu_thap,Nha_chinh,armour,60,int,,,,Assets/MachineBrigade/Resources/Data/balance.json: vehicles[*].armour,,,FALSE,TRUE,Tools/export (core/index.py),
04_can_cu_thap/Nha_chinh/ban_khi_chay,04_can_cu_thap,Nha_chinh,ban_khi_chay,26,bool,,,"bắn khi chạy (firesWhileMoving, mặc định true)",Assets/MachineBrigade/Resources/Data/balance.json: vehicles[*] sau inherits (Catalog.cs),,,FALSE,FALSE,Tools/export (core/index.py),
04_can_cu_thap/Nha_chinh/ban_kinh_m,04_can_cu_thap,Nha_chinh,ban_kinh_m,20,number,m,,bán kính va chạm / trúng đạn,Assets/MachineBrigade/Resources/Data/balance.json: vehicles[*] sau inherits (Catalog.cs),,,FALSE,FALSE,Tools/export (core/index.py),
04_can_cu_thap/Nha_chinh/base_cp,04_can_cu_thap,Nha_chinh,base_cp,8,int,CP,,giá thẻ (cp) sau inherits; 0 = không bán,Assets/MachineBrigade/Resources/Data/balance.json: vehicles[*] sau inherits (Catalog.cs),,,FALSE,FALSE,Tools/export (core/index.py),
04_can_cu_thap/Nha_chinh/base_cp_sau,04_can_cu_thap,Nha_chinh,base_cp_sau,39,empty,,,base_cp bây giờ (chỉ điền khi đổi),,,,FALSE,FALSE,Tools/export (core/index.py),
04_can_cu_thap/Nha_chinh/base_cp_truoc,04_can_cu_thap,Nha_chinh,base_cp_truoc,38,empty,,,base_cp ở bản gốc (chỉ điền khi đổi),,,,FALSE,FALSE,Tools/export (core/index.py),
04_can_cu_thap/Nha_chinh/bay,04_can_cu_thap,Nha_chinh,bay,23,bool,,,bay (flying),Assets/MachineBrigade/Resources/Data/balance.json: vehicles[*] sau inherits (Catalog.cs),,,FALSE,FALSE,Tools/export (core/index.py),
04_can_cu_thap/Nha_chinh/class,04_can_cu_thap,Nha_chinh,class,61,text,,,,Assets/MachineBrigade/Resources/Data/balance.json: vehicles[*].class,,,FALSE,TRUE,Tools/export (core/index.py),
04_can_cu_thap/Nha_chinh/cong_trinh,04_can_cu_thap,Nha_chinh,cong_trinh,15,bool,,,"là công trình (structure): giáp đều, hệ số Structure",Assets/MachineBrigade/Resources/Data/balance.json: vehicles[*] sau inherits (Catalog.cs),,,FALSE,FALSE,Tools/export (core/index.py),
04_can_cu_thap/Nha_chinh/cp,04_can_cu_thap,Nha_chinh,cp,62,int,CP,,,Assets/MachineBrigade/Resources/Data/balance.json: vehicles[*].cp,,,FALSE,TRUE,Tools/export (core/index.py),
04_can_cu_thap/Nha_chinh/dai_m,04_can_cu_thap,Nha_chinh,dai_m,21,number,m,,dài thân = length x scale,Assets/MachineBrigade/Resources/Data/balance.json: vehicles[*] sau inherits (Catalog.cs),,,FALSE,FALSE,Tools/export (core/index.py),
04_can_cu_thap/Nha_chinh/death_explosion_damage,04_can_cu_thap,Nha_chinh,death_explosion_damage,63,int,,,,Assets/MachineBrigade/Resources/Data/balance.json: vehicles[*].deathExplosion.damage,,,FALSE,TRUE,Tools/export (core/index.py),
04_can_cu_thap/Nha_chinh/death_explosion_delay_s,04_can_cu_thap,Nha_chinh,death_explosion_delay_s,64,number,s,,,Assets/MachineBrigade/Resources/Data/balance.json: vehicles[*].deathExplosion.delay,,,FALSE,TRUE,Tools/export (core/index.py),
04_can_cu_thap/Nha_chinh/death_explosion_radius_m,04_can_cu_thap,Nha_chinh,death_explosion_radius_m,65,int,m,,,Assets/MachineBrigade/Resources/Data/balance.json: vehicles[*].deathExplosion.radius,,,FALSE,TRUE,Tools/export (core/index.py),
04_can_cu_thap/Nha_chinh/death_explosion_tier,04_can_cu_thap,Nha_chinh,death_explosion_tier,66,text,,,,Assets/MachineBrigade/Resources/Data/balance.json: vehicles[*].deathExplosion.tier,,,FALSE,TRUE,Tools/export (core/index.py),
04_can_cu_thap/Nha_chinh/do_cao_m,04_can_cu_thap,Nha_chinh,do_cao_m,24,int,m,,"độ cao bay (altitude, mặc định 0)",Assets/MachineBrigade/Resources/Data/balance.json: vehicles[*] sau inherits (Catalog.cs),,,FALSE,FALSE,Tools/export (core/index.py),
04_can_cu_thap/Nha_chinh/dung_yen,04_can_cu_thap,Nha_chinh,dung_yen,25,bool,,,đứng yên (static),Assets/MachineBrigade/Resources/Data/balance.json: vehicles[*] sau inherits (Catalog.cs),,,FALSE,FALSE,Tools/export (core/index.py),
04_can_cu_thap/Nha_chinh/fires_while_moving,04_can_cu_thap,Nha_chinh,fires_while_moving,67,bool,,,,Assets/MachineBrigade/Resources/Data/balance.json: vehicles[*].firesWhileMoving,,,FALSE,TRUE,Tools/export (core/index.py),
04_can_cu_thap/Nha_chinh/fort_kind,04_can_cu_thap,Nha_chinh,fort_kind,68,text,,,,Assets/MachineBrigade/Resources/Data/balance.json: vehicles[*].fort.kind,,,FALSE,TRUE,Tools/export (core/index.py),
04_can_cu_thap/Nha_chinh/fort_points,04_can_cu_thap,Nha_chinh,fort_points,69,int,,,,Assets/MachineBrigade/Resources/Data/balance.json: vehicles[*].fort.points,,,FALSE,TRUE,Tools/export (core/index.py),
04_can_cu_thap/Nha_chinh/giap_hong,04_can_cu_thap,Nha_chinh,giap_hong,12,int,,,giáp hông,Assets/MachineBrigade/Resources/Data/balance.json: vehicles[*] sau inherits (Catalog.cs),,,FALSE,FALSE,Tools/export (core/index.py),
04_can_cu_thap/Nha_chinh/giap_hong_sau,04_can_cu_thap,Nha_chinh,giap_hong_sau,45,empty,,,giap_hong bây giờ (chỉ điền khi đổi),,,,FALSE,FALSE,Tools/export (core/index.py),
04_can_cu_thap/Nha_chinh/giap_hong_truoc,04_can_cu_thap,Nha_chinh,giap_hong_truoc,44,empty,,,giap_hong ở bản gốc (chỉ điền khi đổi),,,,FALSE,FALSE,Tools/export (core/index.py),
04_can_cu_thap/Nha_chinh/giap_noc,04_can_cu_thap,Nha_chinh,giap_noc,14,int,,,giáp nóc,Assets/MachineBrigade/Resources/Data/balance.json: vehicles[*] sau inherits (Catalog.cs),,,FALSE,FALSE,Tools/export (core/index.py),
04_can_cu_thap/Nha_chinh/giap_noc_sau,04_can_cu_thap,Nha_chinh,giap_noc_sau,49,empty,,,giap_noc bây giờ (chỉ điền khi đổi),,,,FALSE,FALSE,Tools/export (core/index.py),
04_can_cu_thap/Nha_chinh/giap_noc_truoc,04_can_cu_thap,Nha_chinh,giap_noc_truoc,48,empty,,,giap_noc ở bản gốc (chỉ điền khi đổi),,,,FALSE,FALSE,Tools/export (core/index.py),
04_can_cu_thap/Nha_chinh/giap_sau,04_can_cu_thap,Nha_chinh,giap_sau,13,int,,,giáp sau,Assets/MachineBrigade/Resources/Data/balance.json: vehicles[*] sau inherits (Catalog.cs),,,FALSE,FALSE,Tools/export (core/index.py),
04_can_cu_thap/Nha_chinh/giap_sau_sau,04_can_cu_thap,Nha_chinh,giap_sau_sau,47,empty,,,giap_sau bây giờ (chỉ điền khi đổi),,,,FALSE,FALSE,Tools/export (core/index.py),
04_can_cu_thap/Nha_chinh/giap_sau_truoc,04_can_cu_thap,Nha_chinh,giap_sau_truoc,46,empty,,,giap_sau ở bản gốc (chỉ điền khi đổi),,,,FALSE,FALSE,Tools/export (core/index.py),
04_can_cu_thap/Nha_chinh/giap_truoc,04_can_cu_thap,Nha_chinh,giap_truoc,11,int,,,"giáp mặt trước 0-5 (Armour.cs: một số = trước, hông -1, sau / nóc -2; bay / công trình: đều)",Assets/MachineBrigade/Resources/Data/balance.json: vehicles[*] sau inherits (Catalog.cs),,,FALSE,FALSE,Tools/export (core/index.py),
04_can_cu_thap/Nha_chinh/giap_truoc_sau,04_can_cu_thap,Nha_chinh,giap_truoc_sau,43,empty,,,giap_truoc bây giờ (chỉ điền khi đổi),,,,FALSE,FALSE,Tools/export (core/index.py),
04_can_cu_thap/Nha_chinh/giap_truoc_truoc,04_can_cu_thap,Nha_chinh,giap_truoc_truoc,42,empty,,,giap_truoc ở bản gốc (chỉ điền khi đổi),,,,FALSE,FALSE,Tools/export (core/index.py),
04_can_cu_thap/Nha_chinh/he_so_sat_thuong_ra,04_can_cu_thap,Nha_chinh,he_so_sat_thuong_ra,29,int,,,"outgoingDamageMult (mặc định 1, kẹp 0,1-10)",Assets/MachineBrigade/Resources/Data/balance.json: vehicles[*] sau inherits (Catalog.cs),,,FALSE,FALSE,Tools/export (core/index.py),
04_can_cu_thap/Nha_chinh/he_so_sat_thuong_ra_sau,04_can_cu_thap,Nha_chinh,he_so_sat_thuong_ra_sau,59,empty,,,he_so_sat_thuong_ra bây giờ (chỉ điền khi đổi),,,,FALSE,FALSE,Tools/export (core/index.py),
04_can_cu_thap/Nha_chinh/he_so_sat_thuong_ra_truoc,04_can_cu_thap,Nha_chinh,he_so_sat_thuong_ra_truoc,58,empty,,,he_so_sat_thuong_ra ở bản gốc (chỉ điền khi đổi),,,,FALSE,FALSE,Tools/export (core/index.py),
04_can_cu_thap/Nha_chinh/hoi_tu_ve_s,04_can_cu_thap,Nha_chinh,hoi_tu_ve_s,35,number,s,,hồi tự vệ (aps.recharge hoặc flareRecharge),Assets/MachineBrigade/Resources/Data/balance.json: vehicles[*] sau inherits (Catalog.cs),,,FALSE,FALSE,Tools/export (core/index.py),
04_can_cu_thap/Nha_chinh/hp,04_can_cu_thap,Nha_chinh,hp,70,int,hp,,,Assets/MachineBrigade/Resources/Data/balance.json: vehicles[*].hp,,,FALSE,TRUE,Tools/export (core/index.py),
04_can_cu_thap/Nha_chinh/id,04_can_cu_thap,Nha_chinh,id,1,text,,,id ổn định (khóa chính),Assets/MachineBrigade/Resources/Data/balance.json: vehicles[*].id,,,TRUE,FALSE,Tools/export (core/index.py),
04_can_cu_thap/Nha_chinh/inherits,04_can_cu_thap,Nha_chinh,inherits,71,text,,,,Assets/MachineBrigade/Resources/Data/balance.json: vehicles[*].inherits,,,FALSE,TRUE,Tools/export (core/index.py),
04_can_cu_thap/Nha_chinh/ke_thua_tu,04_can_cu_thap,Nha_chinh,ke_thua_tu,7,text,,,bản ghi cha (inherits),Assets/MachineBrigade/Resources/Data/balance.json: vehicles[*] sau inherits (Catalog.cs),,,FALSE,FALSE,Tools/export (core/index.py),
04_can_cu_thap/Nha_chinh/length_m,04_can_cu_thap,Nha_chinh,length_m,72,int,m,,,Assets/MachineBrigade/Resources/Data/balance.json: vehicles[*].length,,,FALSE,TRUE,Tools/export (core/index.py),
04_can_cu_thap/Nha_chinh/lop,04_can_cu_thap,Nha_chinh,lop,5,text,,,lớp (class) sau inherits,Assets/MachineBrigade/Resources/Data/balance.json: vehicles[*] sau inherits (Catalog.cs),,,FALSE,FALSE,Tools/export (core/index.py),
04_can_cu_thap/Nha_chinh/mau_hp,04_can_cu_thap,Nha_chinh,mau_hp,9,int,hp,,máu trong dữ liệu (hp) sau inherits,Assets/MachineBrigade/Resources/Data/balance.json: vehicles[*] sau inherits (Catalog.cs),,,FALSE,FALSE,Tools/export (core/index.py),
04_can_cu_thap/Nha_chinh/mau_hp_sau,04_can_cu_thap,Nha_chinh,mau_hp_sau,41,empty,,,mau_hp bây giờ (chỉ điền khi đổi),,,,FALSE,FALSE,Tools/export (core/index.py),
04_can_cu_thap/Nha_chinh/mau_hp_truoc,04_can_cu_thap,Nha_chinh,mau_hp_truoc,40,empty,,,mau_hp ở bản gốc (chỉ điền khi đổi),,,,FALSE,FALSE,Tools/export (core/index.py),
04_can_cu_thap/Nha_chinh/mau_trong_tran_hp,04_can_cu_thap,Nha_chinh,mau_trong_tran_hp,10,number,hp,,"máu trong trận = hp x toughness.vehicles (boss: toughness.bosses; trước hệ số hạng boss, độ khó, chiến dịch)",Assets/MachineBrigade/Resources/Data/balance.json: vehicles[*] sau inherits (Catalog.cs),,,FALSE,FALSE,Tools/export (core/index.py),
04_can_cu_thap/Nha_chinh/mo_hinh,04_can_cu_thap,Nha_chinh,mo_hinh,36,text,,,"model GLB (model, mặc định cha hoặc id)",Assets/MachineBrigade/Resources/Data/balance.json: vehicles[*] sau inherits (Catalog.cs),,,FALSE,FALSE,Tools/export (core/index.py),
04_can_cu_thap/Nha_chinh/model,04_can_cu_thap,Nha_chinh,model,73,text,,,,Assets/MachineBrigade/Resources/Data/balance.json: vehicles[*].model,,,FALSE,TRUE,Tools/export (core/index.py),
04_can_cu_thap/Nha_chinh/nguon,04_can_cu_thap,Nha_chinh,nguon,83,text,,,file + khóa nguồn của dòng,,,,,,Tools/export (core/index.py),
04_can_cu_thap/Nha_chinh/nhanh,04_can_cu_thap,Nha_chinh,nhanh,6,empty,,,nhánh quân (balance.branches theo lớp),Assets/MachineBrigade/Resources/Data/balance.json: vehicles[*] sau inherits (Catalog.cs),,,FALSE,FALSE,Tools/export (core/index.py),
04_can_cu_thap/Nha_chinh/noi_tai,04_can_cu_thap,Nha_chinh,noi_tai,32,empty,,,kỹ năng nội tại (skills),Assets/MachineBrigade/Resources/Data/balance.json: vehicles[*] sau inherits (Catalog.cs),,02_phuong_tien/Ky_nang,FALSE,FALSE,Tools/export (core/index.py),
04_can_cu_thap/Nha_chinh/radius_m,04_can_cu_thap,Nha_chinh,radius_m,74,number,m,,,Assets/MachineBrigade/Resources/Data/balance.json: vehicles[*].radius,,,FALSE,TRUE,Tools/export (core/index.py),
04_can_cu_thap/Nha_chinh/raw_json,04_can_cu_thap,Nha_chinh,raw_json,84,text,,,nguyên bản ghi gốc (JSON),,,,,,Tools/export (core/index.py),
04_can_cu_thap/Nha_chinh/rong_m,04_can_cu_thap,Nha_chinh,rong_m,22,number,m,,rộng thân = width x scale,Assets/MachineBrigade/Resources/Data/balance.json: vehicles[*] sau inherits (Catalog.cs),,,FALSE,FALSE,Tools/export (core/index.py),
04_can_cu_thap/Nha_chinh/scale,04_can_cu_thap,Nha_chinh,scale,75,number,,,,Assets/MachineBrigade/Resources/Data/balance.json: vehicles[*].scale,,,FALSE,TRUE,Tools/export (core/index.py),
04_can_cu_thap/Nha_chinh/so_lan_tu_ve,04_can_cu_thap,Nha_chinh,so_lan_tu_ve,34,int,,,số lần tự vệ (aps.charges hoặc flareCharges),Assets/MachineBrigade/Resources/Data/balance.json: vehicles[*] sau inherits (Catalog.cs),,,FALSE,FALSE,Tools/export (core/index.py),
04_can_cu_thap/Nha_chinh/so_voi_ban_goc,04_can_cu_thap,Nha_chinh,so_voi_ban_goc,37,text,,giong;doi;moi,so với bản gốc (Phien_ban.ban_goc): giong / doi / moi (chưa có ở bản gốc),,,,FALSE,FALSE,Tools/export (core/index.py),
04_can_cu_thap/Nha_chinh/speed_m_s,04_can_cu_thap,Nha_chinh,speed_m_s,76,int,m/s,,,Assets/MachineBrigade/Resources/Data/balance.json: vehicles[*].speed,,,FALSE,TRUE,Tools/export (core/index.py),
04_can_cu_thap/Nha_chinh/static,04_can_cu_thap,Nha_chinh,static,77,bool,,,,Assets/MachineBrigade/Resources/Data/balance.json: vehicles[*].static,,,FALSE,TRUE,Tools/export (core/index.py),
04_can_cu_thap/Nha_chinh/tam_nhin_m,04_can_cu_thap,Nha_chinh,tam_nhin_m,19,int,m,,tầm nhìn,Assets/MachineBrigade/Resources/Data/balance.json: vehicles[*] sau inherits (Catalog.cs),,,FALSE,FALSE,Tools/export (core/index.py),
04_can_cu_thap/Nha_chinh/tam_nhin_m_sau,04_can_cu_thap,Nha_chinh,tam_nhin_m_sau,53,empty,,,tam_nhin_m bây giờ (chỉ điền khi đổi),,,,FALSE,FALSE,Tools/export (core/index.py),
04_can_cu_thap/Nha_chinh/tam_nhin_m_truoc,04_can_cu_thap,Nha_chinh,tam_nhin_m_truoc,52,empty,,,tam_nhin_m ở bản gốc (chỉ điền khi đổi),,,,FALSE,FALSE,Tools/export (core/index.py),
04_can_cu_thap/Nha_chinh/ten_en,04_can_cu_thap,Nha_chinh,ten_en,2,text,,,tên tiếng Anh (HUD unit.<id>),,,,FALSE,FALSE,Tools/export (core/index.py),
04_can_cu_thap/Nha_chinh/ten_ngan_vi,04_can_cu_thap,Nha_chinh,ten_ngan_vi,4,text,,,tên ngắn tiếng Việt (HUD short.<id>),,,,FALSE,FALSE,Tools/export (core/index.py),
04_can_cu_thap/Nha_chinh/ten_vi,04_can_cu_thap,Nha_chinh,ten_vi,3,text,,,tên tiếng Việt (HUD unit.<id>),,,,FALSE,FALSE,Tools/export (core/index.py),
04_can_cu_thap/Nha_chinh/tha_du_s,04_can_cu_thap,Nha_chinh,tha_du_s,28,number,s,,"thời gian thả dù (dropDelay, mặc định 3,5, kẹp 0,5-30)",Assets/MachineBrigade/Resources/Data/balance.json: vehicles[*] sau inherits (Catalog.cs),,,FALSE,FALSE,Tools/export (core/index.py),
04_can_cu_thap/Nha_chinh/toc_do_chiem,04_can_cu_thap,Nha_chinh,toc_do_chiem,27,int,,,"hệ số tốc độ chiếm cứ điểm (captureRate, mặc định 1)",Assets/MachineBrigade/Resources/Data/balance.json: vehicles[*] sau inherits (Catalog.cs),,,FALSE,FALSE,Tools/export (core/index.py),
04_can_cu_thap/Nha_chinh/toc_do_m_s,04_can_cu_thap,Nha_chinh,toc_do_m_s,16,int,m/s,,tốc độ,Assets/MachineBrigade/Resources/Data/balance.json: vehicles[*] sau inherits (Catalog.cs),,,FALSE,FALSE,Tools/export (core/index.py),
04_can_cu_thap/Nha_chinh/toc_do_m_s_sau,04_can_cu_thap,Nha_chinh,toc_do_m_s_sau,51,empty,,,toc_do_m_s bây giờ (chỉ điền khi đổi),,,,FALSE,FALSE,Tools/export (core/index.py),
04_can_cu_thap/Nha_chinh/toc_do_m_s_truoc,04_can_cu_thap,Nha_chinh,toc_do_m_s_truoc,50,empty,,,toc_do_m_s ở bản gốc (chỉ điền khi đổi),,,,FALSE,FALSE,Tools/export (core/index.py),
04_can_cu_thap/Nha_chinh/tu_ve,04_can_cu_thap,Nha_chinh,tu_ve,33,text,,,tự vệ: none / flare / aps,Assets/MachineBrigade/Resources/Data/balance.json: vehicles[*] sau inherits (Catalog.cs),,,FALSE,FALSE,Tools/export (core/index.py),
04_can_cu_thap/Nha_chinh/turn_rate_deg_s,04_can_cu_thap,Nha_chinh,turn_rate_deg_s,78,int,deg/s,,,Assets/MachineBrigade/Resources/Data/balance.json: vehicles[*].turnRate,,,FALSE,TRUE,Tools/export (core/index.py),
04_can_cu_thap/Nha_chinh/turret_turn_rate_deg_s,04_can_cu_thap,Nha_chinh,turret_turn_rate_deg_s,79,int,deg/s,,,Assets/MachineBrigade/Resources/Data/balance.json: vehicles[*].turretTurnRate,,,FALSE,TRUE,Tools/export (core/index.py),
04_can_cu_thap/Nha_chinh/vision_m,04_can_cu_thap,Nha_chinh,vision_m,80,int,m,,,Assets/MachineBrigade/Resources/Data/balance.json: vehicles[*].vision,,,FALSE,TRUE,Tools/export (core/index.py),
04_can_cu_thap/Nha_chinh/vu_khi_chinh,04_can_cu_thap,Nha_chinh,vu_khi_chinh,30,text,,,vũ khí chính (weapon),Assets/MachineBrigade/Resources/Data/balance.json: vehicles[*] sau inherits (Catalog.cs),,01_vu_khi_dan/Vu_khi,FALSE,FALSE,Tools/export (core/index.py),
04_can_cu_thap/Nha_chinh/vu_khi_chinh_sau,04_can_cu_thap,Nha_chinh,vu_khi_chinh_sau,55,empty,,,vu_khi_chinh bây giờ (chỉ điền khi đổi),,,,FALSE,FALSE,Tools/export (core/index.py),
04_can_cu_thap/Nha_chinh/vu_khi_chinh_truoc,04_can_cu_thap,Nha_chinh,vu_khi_chinh_truoc,54,empty,,,vu_khi_chinh ở bản gốc (chỉ điền khi đổi),,,,FALSE,FALSE,Tools/export (core/index.py),
04_can_cu_thap/Nha_chinh/vu_khi_phu,04_can_cu_thap,Nha_chinh,vu_khi_phu,31,text,,,vũ khí phụ (secondary[*].weapon),Assets/MachineBrigade/Resources/Data/balance.json: vehicles[*] sau inherits (Catalog.cs),,01_vu_khi_dan/Vu_khi,FALSE,FALSE,Tools/export (core/index.py),
04_can_cu_thap/Nha_chinh/vu_khi_phu_sau,04_can_cu_thap,Nha_chinh,vu_khi_phu_sau,57,empty,,,vu_khi_phu bây giờ (chỉ điền khi đổi),,,,FALSE,FALSE,Tools/export (core/index.py),
04_can_cu_thap/Nha_chinh/vu_khi_phu_truoc,04_can_cu_thap,Nha_chinh,vu_khi_phu_truoc,56,empty,,,vu_khi_phu ở bản gốc (chỉ điền khi đổi),,,,FALSE,FALSE,Tools/export (core/index.py),
04_can_cu_thap/Nha_chinh/weapon,04_can_cu_thap,Nha_chinh,weapon,81,text,,,,Assets/MachineBrigade/Resources/Data/balance.json: vehicles[*].weapon,,,FALSE,TRUE,Tools/export (core/index.py),
04_can_cu_thap/Nha_chinh/width_m,04_can_cu_thap,Nha_chinh,width_m,82,int,m,,,Assets/MachineBrigade/Resources/Data/balance.json: vehicles[*].width,,,FALSE,TRUE,Tools/export (core/index.py),
04_can_cu_thap/Nha_chinh/xoay_than_deg_s,04_can_cu_thap,Nha_chinh,xoay_than_deg_s,17,int,deg/s,,tốc độ xoay thân (turnRate),Assets/MachineBrigade/Resources/Data/balance.json: vehicles[*] sau inherits (Catalog.cs),,,FALSE,FALSE,Tools/export (core/index.py),
04_can_cu_thap/Nha_chinh/xoay_thap_deg_s,04_can_cu_thap,Nha_chinh,xoay_thap_deg_s,18,int,deg/s,,tốc độ xoay tháp pháo (turretTurnRate),Assets/MachineBrigade/Resources/Data/balance.json: vehicles[*] sau inherits (Catalog.cs),,,FALSE,FALSE,Tools/export (core/index.py),
04_can_cu_thap/Nha_chinh_kieu/ai_air_share,04_can_cu_thap,Nha_chinh_kieu,ai_air_share,3,number,,,,Assets/MachineBrigade/Resources/Data/balance.json: base.hqTypes.fortress.aiAirShare,,,FALSE,TRUE,Tools/export (core/index.py),
04_can_cu_thap/Nha_chinh_kieu/air,04_can_cu_thap,Nha_chinh_kieu,air,4,text,,,,Assets/MachineBrigade/Resources/Data/balance.json: base.hqTypes.fortress.air,,,FALSE,TRUE,Tools/export (core/index.py),
04_can_cu_thap/Nha_chinh_kieu/barrage,04_can_cu_thap,Nha_chinh_kieu,barrage,5,text,,,,Assets/MachineBrigade/Resources/Data/balance.json: base.hqTypes.fortress.barrage,,,FALSE,TRUE,Tools/export (core/index.py),
04_can_cu_thap/Nha_chinh_kieu/charges,04_can_cu_thap,Nha_chinh_kieu,charges,6,int,,,,Assets/MachineBrigade/Resources/Data/balance.json: base.hqTypes.shield.charges,,,FALSE,TRUE,Tools/export (core/index.py),
04_can_cu_thap/Nha_chinh_kieu/clear,04_can_cu_thap,Nha_chinh_kieu,clear,7,int,,,,Assets/MachineBrigade/Resources/Data/balance.json: base.hqTypes.garrison.clear,,,FALSE,TRUE,Tools/export (core/index.py),
04_can_cu_thap/Nha_chinh_kieu/dome_seconds_s,04_can_cu_thap,Nha_chinh_kieu,dome_seconds_s,8,int,s,,,Assets/MachineBrigade/Resources/Data/balance.json: base.hqTypes.shield.domeSeconds,,,FALSE,TRUE,Tools/export (core/index.py),
04_can_cu_thap/Nha_chinh_kieu/ground,04_can_cu_thap,Nha_chinh_kieu,ground,9,text,,,,Assets/MachineBrigade/Resources/Data/balance.json: base.hqTypes.fortress.ground,,,FALSE,TRUE,Tools/export (core/index.py),
04_can_cu_thap/Nha_chinh_kieu/hq,04_can_cu_thap,Nha_chinh_kieu,hq,10,text,,,,Assets/MachineBrigade/Resources/Data/balance.json: base.hqTypes.shield.hq,,,FALSE,TRUE,Tools/export (core/index.py),
04_can_cu_thap/Nha_chinh_kieu/id,04_can_cu_thap,Nha_chinh_kieu,id,1,text,,,id ổn định (khóa chính),,,,TRUE,FALSE,Tools/export (core/index.py),
04_can_cu_thap/Nha_chinh_kieu/nguon,04_can_cu_thap,Nha_chinh_kieu,nguon,13,text,,,file + khóa nguồn của dòng,,,,,,Tools/export (core/index.py),
04_can_cu_thap/Nha_chinh_kieu/nha_chinh,04_can_cu_thap,Nha_chinh_kieu,nha_chinh,2,text,,,nhà chính của kiểu (ground / air / hq),,,04_can_cu_thap/Nha_chinh,FALSE,FALSE,Tools/export (core/index.py),
04_can_cu_thap/Nha_chinh_kieu/raw_json,04_can_cu_thap,Nha_chinh_kieu,raw_json,14,text,,,nguyên bản ghi gốc (JSON),,,,,,Tools/export (core/index.py),
04_can_cu_thap/Nha_chinh_kieu/regen_delay_s,04_can_cu_thap,Nha_chinh_kieu,regen_delay_s,11,int,s,,,Assets/MachineBrigade/Resources/Data/balance.json: base.hqTypes.shield.regenDelay,,,FALSE,TRUE,Tools/export (core/index.py),
04_can_cu_thap/Nha_chinh_kieu/stock,04_can_cu_thap,Nha_chinh_kieu,stock,12,int,,,,Assets/MachineBrigade/Resources/Data/balance.json: base.hqTypes.garrison.stock,,,FALSE,TRUE,Tools/export (core/index.py),
04_can_cu_thap/Nha_chinh_kieu_cap/airScale,04_can_cu_thap,Nha_chinh_kieu_cap,airScale,5,number,,,,Assets/MachineBrigade/Resources/Data/balance.json: base.hqTypes.fortress.airScale[*],,,FALSE,FALSE,Tools/export (core/index.py),
04_can_cu_thap/Nha_chinh_kieu_cap/cap_hq,04_can_cu_thap,Nha_chinh_kieu_cap,cap_hq,3,int,,,cấp HQ 1-5,,,,FALSE,FALSE,Tools/export (core/index.py),
04_can_cu_thap/Nha_chinh_kieu_cap/caps,04_can_cu_thap,Nha_chinh_kieu_cap,caps,7,int,,,,Assets/MachineBrigade/Resources/Data/balance.json: base.hqTypes.garrison.caps[*],,,FALSE,FALSE,Tools/export (core/index.py),
04_can_cu_thap/Nha_chinh_kieu_cap/dome,04_can_cu_thap,Nha_chinh_kieu_cap,dome,9,number,,,,Assets/MachineBrigade/Resources/Data/balance.json: base.hqTypes.shield.dome[*],,,FALSE,FALSE,Tools/export (core/index.py),
04_can_cu_thap/Nha_chinh_kieu_cap/every,04_can_cu_thap,Nha_chinh_kieu_cap,every,6,number,,,,Assets/MachineBrigade/Resources/Data/balance.json: base.hqTypes.garrison.every[*],,,FALSE,FALSE,Tools/export (core/index.py),
04_can_cu_thap/Nha_chinh_kieu_cap/id,04_can_cu_thap,Nha_chinh_kieu_cap,id,1,text,,,id ổn định (khóa chính),,,,TRUE,FALSE,Tools/export (core/index.py),
04_can_cu_thap/Nha_chinh_kieu_cap/kieu,04_can_cu_thap,Nha_chinh_kieu_cap,kieu,2,text,,,kiểu nhà chính,,,04_can_cu_thap/Nha_chinh_kieu,FALSE,FALSE,Tools/export (core/index.py),
04_can_cu_thap/Nha_chinh_kieu_cap/nguon,04_can_cu_thap,Nha_chinh_kieu_cap,nguon,11,text,,,file + khóa nguồn của dòng,,,,,,Tools/export (core/index.py),
04_can_cu_thap/Nha_chinh_kieu_cap/raw_json,04_can_cu_thap,Nha_chinh_kieu_cap,raw_json,12,text,,,nguyên bản ghi gốc (JSON),,,,,,Tools/export (core/index.py),
04_can_cu_thap/Nha_chinh_kieu_cap/regen,04_can_cu_thap,Nha_chinh_kieu_cap,regen,8,number,,,,Assets/MachineBrigade/Resources/Data/balance.json: base.hqTypes.shield.regen[*],,,FALSE,FALSE,Tools/export (core/index.py),
04_can_cu_thap/Nha_chinh_kieu_cap/scale,04_can_cu_thap,Nha_chinh_kieu_cap,scale,4,number,,,,"Assets/MachineBrigade/Resources/Data/balance.json: base.hqTypes.fortress.scale[*], base.hqTypes.shield.scale[*]",,,FALSE,FALSE,Tools/export (core/index.py),
04_can_cu_thap/Nha_chinh_kieu_cap/squads_units,04_can_cu_thap,Nha_chinh_kieu_cap,squads_units,10,list,,,,Assets/MachineBrigade/Resources/Data/balance.json: base.hqTypes.garrison.squads[*].units[*],,,FALSE,TRUE,Tools/export (core/index.py),
04_can_cu_thap/Nha_chinh_luat/don_vi,04_can_cu_thap,Nha_chinh_luat,don_vi,6,text,,,đơn vị của giá trị (trống: không đơn vị hoặc chưa rõ; xem Don_vi_chua_ro),,,,FALSE,FALSE,Tools/export (core/index.py),
04_can_cu_thap/Nha_chinh_luat/gia_tri_chu,04_can_cu_thap,Nha_chinh_luat,gia_tri_chu,5,text,,,giá trị nếu là chữ (danh sách ngăn ';'),Assets/MachineBrigade/Resources/Data/balance.json: base.hq…,,,FALSE,FALSE,Tools/export (core/index.py),
04_can_cu_thap/Nha_chinh_luat/gia_tri_so,04_can_cu_thap,Nha_chinh_luat,gia_tri_so,4,int,,,giá trị nếu là số / true-false,"Assets/MachineBrigade/Resources/Data/balance.json: base.hqTypes.radius, base.hqTypes.skillCooldown",,,FALSE,FALSE,Tools/export (core/index.py),
04_can_cu_thap/Nha_chinh_luat/id,04_can_cu_thap,Nha_chinh_luat,id,1,text,,,id ổn định (khóa chính),,,,TRUE,FALSE,Tools/export (core/index.py),
04_can_cu_thap/Nha_chinh_luat/khoa,04_can_cu_thap,Nha_chinh_luat,khoa,3,text,,,khóa của lá trong khối,,,,FALSE,FALSE,Tools/export (core/index.py),
04_can_cu_thap/Nha_chinh_luat/nguon,04_can_cu_thap,Nha_chinh_luat,nguon,7,text,,,file + khóa nguồn của dòng,,,,,,Tools/export (core/index.py),
04_can_cu_thap/Nha_chinh_luat/nhom,04_can_cu_thap,Nha_chinh_luat,nhom,2,text,,,khối nguồn (đường dẫn của khối trong file nguồn),,,,FALSE,FALSE,Tools/export (core/index.py),
04_can_cu_thap/Nha_chinh_luat/raw_json,04_can_cu_thap,Nha_chinh_luat,raw_json,8,text,,,nguyên bản ghi gốc (JSON),,,,,,Tools/export (core/index.py),
04_can_cu_thap/Nha_chinh_vu_khi/aim,04_can_cu_thap,Nha_chinh_vu_khi,aim,5,text,,,,Assets/MachineBrigade/Resources/Data/balance.json: vehicles[*].secondary[*].aim,,,FALSE,TRUE,Tools/export (core/index.py),
04_can_cu_thap/Nha_chinh_vu_khi/id,04_can_cu_thap,Nha_chinh_vu_khi,id,1,text,,,id ổn định (khóa chính),,,,TRUE,FALSE,Tools/export (core/index.py),
04_can_cu_thap/Nha_chinh_vu_khi/nguon,04_can_cu_thap,Nha_chinh_vu_khi,nguon,7,text,,,file + khóa nguồn của dòng,,,,,,Tools/export (core/index.py),
04_can_cu_thap/Nha_chinh_vu_khi/nha_chinh_id,04_can_cu_thap,Nha_chinh_vu_khi,nha_chinh_id,2,text,,,id dòng cha ở Nha_chinh,,,04_can_cu_thap/Nha_chinh,TRUE,FALSE,Tools/export (core/index.py),
04_can_cu_thap/Nha_chinh_vu_khi/raw_json,04_can_cu_thap,Nha_chinh_vu_khi,raw_json,8,text,,,nguyên bản ghi gốc (JSON),,,,,,Tools/export (core/index.py),
04_can_cu_thap/Nha_chinh_vu_khi/slot,04_can_cu_thap,Nha_chinh_vu_khi,slot,6,text,,,,Assets/MachineBrigade/Resources/Data/balance.json: vehicles[*].secondary[*].slot,,,FALSE,TRUE,Tools/export (core/index.py),
04_can_cu_thap/Nha_chinh_vu_khi/thu_tu,04_can_cu_thap,Nha_chinh_vu_khi,thu_tu,3,int,,,thứ tự trong danh sách nguồn (0 = đầu),,,,FALSE,FALSE,Tools/export (core/index.py),
04_can_cu_thap/Nha_chinh_vu_khi/weapon,04_can_cu_thap,Nha_chinh_vu_khi,weapon,4,text,,,vũ khí trên bệ,Assets/MachineBrigade/Resources/Data/balance.json: vehicles[*].secondary[*].weapon,,01_vu_khi_dan/Vu_khi,FALSE,FALSE,Tools/export (core/index.py),
04_can_cu_thap/Thap/armour,04_can_cu_thap,Thap,armour,72,int,,,,Assets/MachineBrigade/Resources/Data/balance.json: vehicles[*].armour,,,FALSE,TRUE,Tools/export (core/index.py),
04_can_cu_thap/Thap/armour_front,04_can_cu_thap,Thap,armour_front,73,int,,,,Assets/MachineBrigade/Resources/Data/balance.json: vehicles[*].armour[*],,,FALSE,TRUE,Tools/export (core/index.py),
04_can_cu_thap/Thap/armour_rear,04_can_cu_thap,Thap,armour_rear,74,int,,,,Assets/MachineBrigade/Resources/Data/balance.json: vehicles[*].armour[*],,,FALSE,TRUE,Tools/export (core/index.py),
04_can_cu_thap/Thap/armour_side,04_can_cu_thap,Thap,armour_side,75,int,,,,Assets/MachineBrigade/Resources/Data/balance.json: vehicles[*].armour[*],,,FALSE,TRUE,Tools/export (core/index.py),
04_can_cu_thap/Thap/armour_top,04_can_cu_thap,Thap,armour_top,76,int,,,,Assets/MachineBrigade/Resources/Data/balance.json: vehicles[*].armour[*],,,FALSE,TRUE,Tools/export (core/index.py),
04_can_cu_thap/Thap/art,04_can_cu_thap,Thap,art,77,text,,,,Assets/MachineBrigade/Resources/Data/balance.json: vehicles[*].art,,,FALSE,TRUE,Tools/export (core/index.py),
04_can_cu_thap/Thap/balloon_radius_m,04_can_cu_thap,Thap,balloon_radius_m,78,int,m,,,Assets/MachineBrigade/Resources/Data/balance.json: vehicles[*].balloon.radius,,,FALSE,TRUE,Tools/export (core/index.py),
04_can_cu_thap/Thap/balloon_scatter,04_can_cu_thap,Thap,balloon_scatter,79,number,,,,Assets/MachineBrigade/Resources/Data/balance.json: vehicles[*].balloon.scatter,,,FALSE,TRUE,Tools/export (core/index.py),
04_can_cu_thap/Thap/ban_khi_chay,04_can_cu_thap,Thap,ban_khi_chay,26,bool,,,"bắn khi chạy (firesWhileMoving, mặc định true)",Assets/MachineBrigade/Resources/Data/balance.json: vehicles[*] sau inherits (Catalog.cs),,,FALSE,FALSE,Tools/export (core/index.py),
04_can_cu_thap/Thap/ban_kinh_m,04_can_cu_thap,Thap,ban_kinh_m,20,number,m,,bán kính va chạm / trúng đạn,Assets/MachineBrigade/Resources/Data/balance.json: vehicles[*] sau inherits (Catalog.cs),,,FALSE,FALSE,Tools/export (core/index.py),
04_can_cu_thap/Thap/base_cp,04_can_cu_thap,Thap,base_cp,8,int,CP,,giá thẻ (cp) sau inherits; 0 = không bán,Assets/MachineBrigade/Resources/Data/balance.json: vehicles[*] sau inherits (Catalog.cs),,,FALSE,FALSE,Tools/export (core/index.py),
04_can_cu_thap/Thap/base_cp_sau,04_can_cu_thap,Thap,base_cp_sau,39,empty,,,base_cp bây giờ (chỉ điền khi đổi),,,,FALSE,FALSE,Tools/export (core/index.py),
04_can_cu_thap/Thap/base_cp_truoc,04_can_cu_thap,Thap,base_cp_truoc,38,empty,,,base_cp ở bản gốc (chỉ điền khi đổi),,,,FALSE,FALSE,Tools/export (core/index.py),
04_can_cu_thap/Thap/base_rebuild_cp,04_can_cu_thap,Thap,base_rebuild_cp,65,int,CP,,giá xây lại riêng (rebuildCp) hoặc theo cỡ ô (base.rebuild.<cỡ>.cp),,,,FALSE,FALSE,Tools/export (core/index.py),
04_can_cu_thap/Thap/bay,04_can_cu_thap,Thap,bay,23,bool,,,bay (flying),Assets/MachineBrigade/Resources/Data/balance.json: vehicles[*] sau inherits (Catalog.cs),,,FALSE,FALSE,Tools/export (core/index.py),
04_can_cu_thap/Thap/blast_wall_cone,04_can_cu_thap,Thap,blast_wall_cone,80,int,,,,Assets/MachineBrigade/Resources/Data/balance.json: vehicles[*].blastWall.cone,,,FALSE,TRUE,Tools/export (core/index.py),
04_can_cu_thap/Thap/blast_wall_cut,04_can_cu_thap,Thap,blast_wall_cut,81,number,,,,Assets/MachineBrigade/Resources/Data/balance.json: vehicles[*].blastWall.cut,,,FALSE,TRUE,Tools/export (core/index.py),
04_can_cu_thap/Thap/blast_wall_radius_m,04_can_cu_thap,Thap,blast_wall_radius_m,82,int,m,,,Assets/MachineBrigade/Resources/Data/balance.json: vehicles[*].blastWall.radius,,,FALSE,TRUE,Tools/export (core/index.py),
04_can_cu_thap/Thap/branch_of,04_can_cu_thap,Thap,branch_of,83,text,,,,Assets/MachineBrigade/Resources/Data/balance.json: vehicles[*].branchOf,,,FALSE,TRUE,Tools/export (core/index.py),
04_can_cu_thap/Thap/branches,04_can_cu_thap,Thap,branches,84,list,,,,Assets/MachineBrigade/Resources/Data/balance.json: vehicles[*].branches[*],,,FALSE,TRUE,Tools/export (core/index.py),
04_can_cu_thap/Thap/class,04_can_cu_thap,Thap,class,85,text,,,,Assets/MachineBrigade/Resources/Data/balance.json: vehicles[*].class,,,FALSE,TRUE,Tools/export (core/index.py),
04_can_cu_thap/Thap/co_can_bang,04_can_cu_thap,Thap,co_can_bang,71,empty,,,cờ REBALANCE_STATS / HOLD (prompt 32),,,,FALSE,FALSE,Tools/export (core/index.py),
04_can_cu_thap/Thap/co_o,04_can_cu_thap,Thap,co_o,62,text,,,cỡ ô (fort.size: Small / Medium / Large),,,,FALSE,FALSE,Tools/export (core/index.py),
04_can_cu_thap/Thap/cong_trinh,04_can_cu_thap,Thap,cong_trinh,15,bool,,,"là công trình (structure): giáp đều, hệ số Structure",Assets/MachineBrigade/Resources/Data/balance.json: vehicles[*] sau inherits (Catalog.cs),,,FALSE,FALSE,Tools/export (core/index.py),
04_can_cu_thap/Thap/counter_battery_bonus,04_can_cu_thap,Thap,counter_battery_bonus,86,number,,,,Assets/MachineBrigade/Resources/Data/balance.json: vehicles[*].counterBattery.bonus,,,FALSE,TRUE,Tools/export (core/index.py),
04_can_cu_thap/Thap/counter_battery_range_m,04_can_cu_thap,Thap,counter_battery_range_m,87,int,m,,,Assets/MachineBrigade/Resources/Data/balance.json: vehicles[*].counterBattery.range,,,FALSE,TRUE,Tools/export (core/index.py),
04_can_cu_thap/Thap/counter_battery_seconds_s,04_can_cu_thap,Thap,counter_battery_seconds_s,88,int,s,,,Assets/MachineBrigade/Resources/Data/balance.json: vehicles[*].counterBattery.seconds,,,FALSE,TRUE,Tools/export (core/index.py),
04_can_cu_thap/Thap/cp,04_can_cu_thap,Thap,cp,89,int,CP,,,Assets/MachineBrigade/Resources/Data/balance.json: vehicles[*].cp,,,FALSE,TRUE,Tools/export (core/index.py),
04_can_cu_thap/Thap/dai_m,04_can_cu_thap,Thap,dai_m,21,number,m,,dài thân = length x scale,Assets/MachineBrigade/Resources/Data/balance.json: vehicles[*] sau inherits (Catalog.cs),,,FALSE,FALSE,Tools/export (core/index.py),
04_can_cu_thap/Thap/death_explosion_damage,04_can_cu_thap,Thap,death_explosion_damage,90,int,,,,Assets/MachineBrigade/Resources/Data/balance.json: vehicles[*].deathExplosion.damage,,,FALSE,TRUE,Tools/export (core/index.py),
04_can_cu_thap/Thap/death_explosion_delay_s,04_can_cu_thap,Thap,death_explosion_delay_s,91,number,s,,,Assets/MachineBrigade/Resources/Data/balance.json: vehicles[*].deathExplosion.delay,,,FALSE,TRUE,Tools/export (core/index.py),
04_can_cu_thap/Thap/death_explosion_radius_m,04_can_cu_thap,Thap,death_explosion_radius_m,92,int,m,,,Assets/MachineBrigade/Resources/Data/balance.json: vehicles[*].deathExplosion.radius,,,FALSE,TRUE,Tools/export (core/index.py),
04_can_cu_thap/Thap/death_explosion_tier,04_can_cu_thap,Thap,death_explosion_tier,93,text,,,,Assets/MachineBrigade/Resources/Data/balance.json: vehicles[*].deathExplosion.tier,,,FALSE,TRUE,Tools/export (core/index.py),
04_can_cu_thap/Thap/decoy_mimic,04_can_cu_thap,Thap,decoy_mimic,94,text,,,,Assets/MachineBrigade/Resources/Data/balance.json: vehicles[*].decoy.mimic,,,FALSE,TRUE,Tools/export (core/index.py),
04_can_cu_thap/Thap/do_cao_m,04_can_cu_thap,Thap,do_cao_m,24,int,m,,"độ cao bay (altitude, mặc định 0)",Assets/MachineBrigade/Resources/Data/balance.json: vehicles[*] sau inherits (Catalog.cs),,,FALSE,FALSE,Tools/export (core/index.py),
04_can_cu_thap/Thap/dome_hp,04_can_cu_thap,Thap,dome_hp,95,int,hp,,,Assets/MachineBrigade/Resources/Data/balance.json: vehicles[*].dome.hp,,,FALSE,TRUE,Tools/export (core/index.py),
04_can_cu_thap/Thap/dome_radius_m,04_can_cu_thap,Thap,dome_radius_m,96,int,m,,,Assets/MachineBrigade/Resources/Data/balance.json: vehicles[*].dome.radius,,,FALSE,TRUE,Tools/export (core/index.py),
04_can_cu_thap/Thap/dome_recharge_s,04_can_cu_thap,Thap,dome_recharge_s,97,int,s,,,Assets/MachineBrigade/Resources/Data/balance.json: vehicles[*].dome.recharge,,,FALSE,TRUE,Tools/export (core/index.py),
04_can_cu_thap/Thap/dung_yen,04_can_cu_thap,Thap,dung_yen,25,bool,,,đứng yên (static),Assets/MachineBrigade/Resources/Data/balance.json: vehicles[*] sau inherits (Catalog.cs),,,FALSE,FALSE,Tools/export (core/index.py),
04_can_cu_thap/Thap/fires_while_moving,04_can_cu_thap,Thap,fires_while_moving,98,bool,,,,Assets/MachineBrigade/Resources/Data/balance.json: vehicles[*].firesWhileMoving,,,FALSE,TRUE,Tools/export (core/index.py),
04_can_cu_thap/Thap/fort_size,04_can_cu_thap,Thap,fort_size,99,text,,,,Assets/MachineBrigade/Resources/Data/balance.json: vehicles[*].fort.size,,,FALSE,TRUE,Tools/export (core/index.py),
04_can_cu_thap/Thap/giap_hong,04_can_cu_thap,Thap,giap_hong,12,int,,,giáp hông,Assets/MachineBrigade/Resources/Data/balance.json: vehicles[*] sau inherits (Catalog.cs),,,FALSE,FALSE,Tools/export (core/index.py),
04_can_cu_thap/Thap/giap_hong_sau,04_can_cu_thap,Thap,giap_hong_sau,45,empty,,,giap_hong bây giờ (chỉ điền khi đổi),,,,FALSE,FALSE,Tools/export (core/index.py),
04_can_cu_thap/Thap/giap_hong_truoc,04_can_cu_thap,Thap,giap_hong_truoc,44,empty,,,giap_hong ở bản gốc (chỉ điền khi đổi),,,,FALSE,FALSE,Tools/export (core/index.py),
04_can_cu_thap/Thap/giap_noc,04_can_cu_thap,Thap,giap_noc,14,int,,,giáp nóc,Assets/MachineBrigade/Resources/Data/balance.json: vehicles[*] sau inherits (Catalog.cs),,,FALSE,FALSE,Tools/export (core/index.py),
04_can_cu_thap/Thap/giap_noc_sau,04_can_cu_thap,Thap,giap_noc_sau,49,empty,,,giap_noc bây giờ (chỉ điền khi đổi),,,,FALSE,FALSE,Tools/export (core/index.py),
04_can_cu_thap/Thap/giap_noc_truoc,04_can_cu_thap,Thap,giap_noc_truoc,48,empty,,,giap_noc ở bản gốc (chỉ điền khi đổi),,,,FALSE,FALSE,Tools/export (core/index.py),
04_can_cu_thap/Thap/giap_sau,04_can_cu_thap,Thap,giap_sau,13,int,,,giáp sau,Assets/MachineBrigade/Resources/Data/balance.json: vehicles[*] sau inherits (Catalog.cs),,,FALSE,FALSE,Tools/export (core/index.py),
04_can_cu_thap/Thap/giap_sau_sau,04_can_cu_thap,Thap,giap_sau_sau,47,empty,,,giap_sau bây giờ (chỉ điền khi đổi),,,,FALSE,FALSE,Tools/export (core/index.py),
04_can_cu_thap/Thap/giap_sau_truoc,04_can_cu_thap,Thap,giap_sau_truoc,46,empty,,,giap_sau ở bản gốc (chỉ điền khi đổi),,,,FALSE,FALSE,Tools/export (core/index.py),
04_can_cu_thap/Thap/giap_truoc,04_can_cu_thap,Thap,giap_truoc,11,int,,,"giáp mặt trước 0-5 (Armour.cs: một số = trước, hông -1, sau / nóc -2; bay / công trình: đều)",Assets/MachineBrigade/Resources/Data/balance.json: vehicles[*] sau inherits (Catalog.cs),,,FALSE,FALSE,Tools/export (core/index.py),
04_can_cu_thap/Thap/giap_truoc_sau,04_can_cu_thap,Thap,giap_truoc_sau,43,empty,,,giap_truoc bây giờ (chỉ điền khi đổi),,,,FALSE,FALSE,Tools/export (core/index.py),
04_can_cu_thap/Thap/giap_truoc_truoc,04_can_cu_thap,Thap,giap_truoc_truoc,42,empty,,,giap_truoc ở bản gốc (chỉ điền khi đổi),,,,FALSE,FALSE,Tools/export (core/index.py),
04_can_cu_thap/Thap/he_so_sat_thuong_ra,04_can_cu_thap,Thap,he_so_sat_thuong_ra,29,number,,,"outgoingDamageMult (mặc định 1, kẹp 0,1-10)",Assets/MachineBrigade/Resources/Data/balance.json: vehicles[*] sau inherits (Catalog.cs),,,FALSE,FALSE,Tools/export (core/index.py),
04_can_cu_thap/Thap/he_so_sat_thuong_ra_sau,04_can_cu_thap,Thap,he_so_sat_thuong_ra_sau,59,number,,,he_so_sat_thuong_ra bây giờ (chỉ điền khi đổi),,,,FALSE,FALSE,Tools/export (core/index.py),
04_can_cu_thap/Thap/he_so_sat_thuong_ra_truoc,04_can_cu_thap,Thap,he_so_sat_thuong_ra_truoc,58,int,,,he_so_sat_thuong_ra ở bản gốc (chỉ điền khi đổi),,,,FALSE,FALSE,Tools/export (core/index.py),
04_can_cu_thap/Thap/hoi_tu_ve_s,04_can_cu_thap,Thap,hoi_tu_ve_s,35,number,s,,hồi tự vệ (aps.recharge hoặc flareRecharge),Assets/MachineBrigade/Resources/Data/balance.json: vehicles[*] sau inherits (Catalog.cs),,,FALSE,FALSE,Tools/export (core/index.py),
04_can_cu_thap/Thap/hp,04_can_cu_thap,Thap,hp,100,int,hp,,,Assets/MachineBrigade/Resources/Data/balance.json: vehicles[*].hp,,,FALSE,TRUE,Tools/export (core/index.py),
04_can_cu_thap/Thap/id,04_can_cu_thap,Thap,id,1,text,,,id ổn định (khóa chính),Assets/MachineBrigade/Resources/Data/balance.json: vehicles[*].id,,,TRUE,FALSE,Tools/export (core/index.py),
04_can_cu_thap/Thap/inherits,04_can_cu_thap,Thap,inherits,101,text,,,,Assets/MachineBrigade/Resources/Data/balance.json: vehicles[*].inherits,,,FALSE,TRUE,Tools/export (core/index.py),
04_can_cu_thap/Thap/jammer,04_can_cu_thap,Thap,jammer,102,int,,,,Assets/MachineBrigade/Resources/Data/balance.json: vehicles[*].jammer,,,FALSE,TRUE,Tools/export (core/index.py),
04_can_cu_thap/Thap/ke_thua_tu,04_can_cu_thap,Thap,ke_thua_tu,7,text,,,bản ghi cha (inherits),Assets/MachineBrigade/Resources/Data/balance.json: vehicles[*] sau inherits (Catalog.cs),,,FALSE,FALSE,Tools/export (core/index.py),
04_can_cu_thap/Thap/length_m,04_can_cu_thap,Thap,length_m,103,number,m,,,Assets/MachineBrigade/Resources/Data/balance.json: vehicles[*].length,,,FALSE,TRUE,Tools/export (core/index.py),
04_can_cu_thap/Thap/lop,04_can_cu_thap,Thap,lop,5,text,,,lớp (class) sau inherits,Assets/MachineBrigade/Resources/Data/balance.json: vehicles[*] sau inherits (Catalog.cs),,,FALSE,FALSE,Tools/export (core/index.py),
04_can_cu_thap/Thap/main_aim,04_can_cu_thap,Thap,main_aim,104,text,,,,Assets/MachineBrigade/Resources/Data/balance.json: vehicles[*].mainAim,,,FALSE,TRUE,Tools/export (core/index.py),
04_can_cu_thap/Thap/main_slot,04_can_cu_thap,Thap,main_slot,105,text,,,,Assets/MachineBrigade/Resources/Data/balance.json: vehicles[*].mainSlot,,,FALSE,TRUE,Tools/export (core/index.py),
04_can_cu_thap/Thap/mau_hp,04_can_cu_thap,Thap,mau_hp,9,int,hp,,máu trong dữ liệu (hp) sau inherits,Assets/MachineBrigade/Resources/Data/balance.json: vehicles[*] sau inherits (Catalog.cs),,,FALSE,FALSE,Tools/export (core/index.py),
04_can_cu_thap/Thap/mau_hp_sau,04_can_cu_thap,Thap,mau_hp_sau,41,empty,,,mau_hp bây giờ (chỉ điền khi đổi),,,,FALSE,FALSE,Tools/export (core/index.py),
04_can_cu_thap/Thap/mau_hp_truoc,04_can_cu_thap,Thap,mau_hp_truoc,40,empty,,,mau_hp ở bản gốc (chỉ điền khi đổi),,,,FALSE,FALSE,Tools/export (core/index.py),
04_can_cu_thap/Thap/mau_trong_tran_hp,04_can_cu_thap,Thap,mau_trong_tran_hp,10,number,hp,,"máu trong trận = hp x toughness.vehicles (boss: toughness.bosses; trước hệ số hạng boss, độ khó, chiến dịch)",Assets/MachineBrigade/Resources/Data/balance.json: vehicles[*] sau inherits (Catalog.cs),,,FALSE,FALSE,Tools/export (core/index.py),
04_can_cu_thap/Thap/mines_damage,04_can_cu_thap,Thap,mines_damage,106,int,,,,Assets/MachineBrigade/Resources/Data/balance.json: vehicles[*].mines.damage,,,FALSE,TRUE,Tools/export (core/index.py),
04_can_cu_thap/Thap/mines_interval,04_can_cu_thap,Thap,mines_interval,107,int,,,,Assets/MachineBrigade/Resources/Data/balance.json: vehicles[*].mines.interval,,,FALSE,TRUE,Tools/export (core/index.py),
04_can_cu_thap/Thap/mines_max,04_can_cu_thap,Thap,mines_max,108,int,,,,Assets/MachineBrigade/Resources/Data/balance.json: vehicles[*].mines.max,,,FALSE,TRUE,Tools/export (core/index.py),
04_can_cu_thap/Thap/mines_radius_m,04_can_cu_thap,Thap,mines_radius_m,109,int,m,,,Assets/MachineBrigade/Resources/Data/balance.json: vehicles[*].mines.radius,,,FALSE,TRUE,Tools/export (core/index.py),
04_can_cu_thap/Thap/mines_spread,04_can_cu_thap,Thap,mines_spread,110,int,,,,Assets/MachineBrigade/Resources/Data/balance.json: vehicles[*].mines.spread,,,FALSE,TRUE,Tools/export (core/index.py),
04_can_cu_thap/Thap/mines_tier,04_can_cu_thap,Thap,mines_tier,111,text,,,,Assets/MachineBrigade/Resources/Data/balance.json: vehicles[*].mines.tier,,,FALSE,TRUE,Tools/export (core/index.py),
04_can_cu_thap/Thap/mines_trigger,04_can_cu_thap,Thap,mines_trigger,112,number,,,,Assets/MachineBrigade/Resources/Data/balance.json: vehicles[*].mines.trigger,,,FALSE,TRUE,Tools/export (core/index.py),
04_can_cu_thap/Thap/mo_hinh,04_can_cu_thap,Thap,mo_hinh,36,text,,,"model GLB (model, mặc định cha hoặc id)",Assets/MachineBrigade/Resources/Data/balance.json: vehicles[*] sau inherits (Catalog.cs),,,FALSE,FALSE,Tools/export (core/index.py),
04_can_cu_thap/Thap/mo_khoa,04_can_cu_thap,Thap,mo_khoa,69,empty,,,mở khóa (07 / 11),,,,FALSE,FALSE,Tools/export (core/index.py),
04_can_cu_thap/Thap/model,04_can_cu_thap,Thap,model,113,text,,,,Assets/MachineBrigade/Resources/Data/balance.json: vehicles[*].model,,,FALSE,TRUE,Tools/export (core/index.py),
04_can_cu_thap/Thap/model_size_height_m,04_can_cu_thap,Thap,model_size_height_m,114,number,m,,,Assets/MachineBrigade/Resources/Data/balance.json: vehicles[*].modelSize[*],,,FALSE,TRUE,Tools/export (core/index.py),
04_can_cu_thap/Thap/model_size_length_m,04_can_cu_thap,Thap,model_size_length_m,115,number,m,,,Assets/MachineBrigade/Resources/Data/balance.json: vehicles[*].modelSize[*],,,FALSE,TRUE,Tools/export (core/index.py),
04_can_cu_thap/Thap/model_size_width_m,04_can_cu_thap,Thap,model_size_width_m,116,number,m,,,Assets/MachineBrigade/Resources/Data/balance.json: vehicles[*].modelSize[*],,,FALSE,TRUE,Tools/export (core/index.py),
04_can_cu_thap/Thap/naval_only,04_can_cu_thap,Thap,naval_only,117,bool,,,,Assets/MachineBrigade/Resources/Data/balance.json: vehicles[*].navalOnly,,,FALSE,TRUE,Tools/export (core/index.py),
04_can_cu_thap/Thap/nguon,04_can_cu_thap,Thap,nguon,152,text,,,file + khóa nguồn của dòng,,,,,,Tools/export (core/index.py),
04_can_cu_thap/Thap/nhanh,04_can_cu_thap,Thap,nhanh,6,empty,,,nhánh quân (balance.branches theo lớp),Assets/MachineBrigade/Resources/Data/balance.json: vehicles[*] sau inherits (Catalog.cs),,,FALSE,FALSE,Tools/export (core/index.py),
04_can_cu_thap/Thap/nhanh_ab,04_can_cu_thap,Thap,nhanh_ab,61,text,,,nhánh bậc 7: hậu tố id (long / auto ...) hoặc noBranch,,,,FALSE,FALSE,Tools/export (core/index.py),
04_can_cu_thap/Thap/no_branch,04_can_cu_thap,Thap,no_branch,118,bool,,,,Assets/MachineBrigade/Resources/Data/balance.json: vehicles[*].noBranch,,,FALSE,TRUE,Tools/export (core/index.py),
04_can_cu_thap/Thap/noi_tai,04_can_cu_thap,Thap,noi_tai,32,empty,,,kỹ năng nội tại (skills),Assets/MachineBrigade/Resources/Data/balance.json: vehicles[*] sau inherits (Catalog.cs),,02_phuong_tien/Ky_nang,FALSE,FALSE,Tools/export (core/index.py),
04_can_cu_thap/Thap/obstacle,04_can_cu_thap,Thap,obstacle,119,bool,,,,Assets/MachineBrigade/Resources/Data/balance.json: vehicles[*].obstacle,,,FALSE,TRUE,Tools/export (core/index.py),
04_can_cu_thap/Thap/outgoing_damage_mult,04_can_cu_thap,Thap,outgoing_damage_mult,120,number,,,,Assets/MachineBrigade/Resources/Data/balance.json: vehicles[*].outgoingDamageMult,,,FALSE,TRUE,Tools/export (core/index.py),
04_can_cu_thap/Thap/passable,04_can_cu_thap,Thap,passable,121,bool,,,,Assets/MachineBrigade/Resources/Data/balance.json: vehicles[*].passable,,,FALSE,TRUE,Tools/export (core/index.py),
04_can_cu_thap/Thap/radius_m,04_can_cu_thap,Thap,radius_m,122,number,m,,,Assets/MachineBrigade/Resources/Data/balance.json: vehicles[*].radius,,,FALSE,TRUE,Tools/export (core/index.py),
04_can_cu_thap/Thap/raw_json,04_can_cu_thap,Thap,raw_json,153,text,,,nguyên bản ghi gốc (JSON),,,,,,Tools/export (core/index.py),
04_can_cu_thap/Thap/rebuild_cp,04_can_cu_thap,Thap,rebuild_cp,123,int,CP,,,Assets/MachineBrigade/Resources/Data/balance.json: vehicles[*].rebuildCp,,,FALSE,TRUE,Tools/export (core/index.py),
04_can_cu_thap/Thap/relay_income,04_can_cu_thap,Thap,relay_income,124,number,,,,Assets/MachineBrigade/Resources/Data/balance.json: vehicles[*].relay.income,,,FALSE,TRUE,Tools/export (core/index.py),
04_can_cu_thap/Thap/relay_quiet,04_can_cu_thap,Thap,relay_quiet,125,int,,,,Assets/MachineBrigade/Resources/Data/balance.json: vehicles[*].relay.quiet,,,FALSE,TRUE,Tools/export (core/index.py),
04_can_cu_thap/Thap/relay_second,04_can_cu_thap,Thap,relay_second,126,number,,,,Assets/MachineBrigade/Resources/Data/balance.json: vehicles[*].relay.second,,,FALSE,TRUE,Tools/export (core/index.py),
04_can_cu_thap/Thap/reveal_air,04_can_cu_thap,Thap,reveal_air,127,int,,,,Assets/MachineBrigade/Resources/Data/balance.json: vehicles[*].revealAir,,,FALSE,TRUE,Tools/export (core/index.py),
04_can_cu_thap/Thap/reveal_stealth,04_can_cu_thap,Thap,reveal_stealth,128,bool,,,,Assets/MachineBrigade/Resources/Data/balance.json: vehicles[*].revealStealth,,,FALSE,TRUE,Tools/export (core/index.py),
04_can_cu_thap/Thap/rong_m,04_can_cu_thap,Thap,rong_m,22,number,m,,rộng thân = width x scale,Assets/MachineBrigade/Resources/Data/balance.json: vehicles[*] sau inherits (Catalog.cs),,,FALSE,FALSE,Tools/export (core/index.py),
04_can_cu_thap/Thap/runtime_rebuild_cp,04_can_cu_thap,Thap,runtime_rebuild_cp,66,empty,CP,,"giá xây lại lúc chạy (công thức trong mã: effectiveHP, roleDPS...)",,,,FALSE,FALSE,Tools/export (core/index.py),
04_can_cu_thap/Thap/scale,04_can_cu_thap,Thap,scale,129,number,,,,Assets/MachineBrigade/Resources/Data/balance.json: vehicles[*].scale,,,FALSE,TRUE,Tools/export (core/index.py),
04_can_cu_thap/Thap/searchlight_dazzle,04_can_cu_thap,Thap,searchlight_dazzle,130,number,,,,Assets/MachineBrigade/Resources/Data/balance.json: vehicles[*].searchlight.dazzle,,,FALSE,TRUE,Tools/export (core/index.py),
04_can_cu_thap/Thap/searchlight_radius_m,04_can_cu_thap,Thap,searchlight_radius_m,131,int,m,,,Assets/MachineBrigade/Resources/Data/balance.json: vehicles[*].searchlight.radius,,,FALSE,TRUE,Tools/export (core/index.py),
04_can_cu_thap/Thap/secondary,04_can_cu_thap,Thap,secondary,132,list,,,,Assets/MachineBrigade/Resources/Data/balance.json: vehicles[*].secondary,,,FALSE,TRUE,Tools/export (core/index.py),
04_can_cu_thap/Thap/shelter_cut,04_can_cu_thap,Thap,shelter_cut,133,number,,,,Assets/MachineBrigade/Resources/Data/balance.json: vehicles[*].shelter.cut,,,FALSE,TRUE,Tools/export (core/index.py),
04_can_cu_thap/Thap/shelter_radius_m,04_can_cu_thap,Thap,shelter_radius_m,134,int,m,,,Assets/MachineBrigade/Resources/Data/balance.json: vehicles[*].shelter.radius,,,FALSE,TRUE,Tools/export (core/index.py),
04_can_cu_thap/Thap/slow_aura_radius_m,04_can_cu_thap,Thap,slow_aura_radius_m,135,int,m,,,Assets/MachineBrigade/Resources/Data/balance.json: vehicles[*].slowAura.radius,,,FALSE,TRUE,Tools/export (core/index.py),
04_can_cu_thap/Thap/slow_aura_share,04_can_cu_thap,Thap,slow_aura_share,136,number,,,,Assets/MachineBrigade/Resources/Data/balance.json: vehicles[*].slowAura.share,,,FALSE,TRUE,Tools/export (core/index.py),
04_can_cu_thap/Thap/so_lan_tu_ve,04_can_cu_thap,Thap,so_lan_tu_ve,34,int,,,số lần tự vệ (aps.charges hoặc flareCharges),Assets/MachineBrigade/Resources/Data/balance.json: vehicles[*] sau inherits (Catalog.cs),,,FALSE,FALSE,Tools/export (core/index.py),
04_can_cu_thap/Thap/so_voi_ban_goc,04_can_cu_thap,Thap,so_voi_ban_goc,37,text,,giong;doi;moi,so với bản gốc (Phien_ban.ban_goc): giong / doi / moi (chưa có ở bản gốc),,,,FALSE,FALSE,Tools/export (core/index.py),
04_can_cu_thap/Thap/speed_m_s,04_can_cu_thap,Thap,speed_m_s,137,int,m/s,,,Assets/MachineBrigade/Resources/Data/balance.json: vehicles[*].speed,,,FALSE,TRUE,Tools/export (core/index.py),
04_can_cu_thap/Thap/static,04_can_cu_thap,Thap,static,138,bool,,,,Assets/MachineBrigade/Resources/Data/balance.json: vehicles[*].static,,,FALSE,TRUE,Tools/export (core/index.py),
04_can_cu_thap/Thap/tam_nhin_m,04_can_cu_thap,Thap,tam_nhin_m,19,int,m,,tầm nhìn,Assets/MachineBrigade/Resources/Data/balance.json: vehicles[*] sau inherits (Catalog.cs),,,FALSE,FALSE,Tools/export (core/index.py),
04_can_cu_thap/Thap/tam_nhin_m_sau,04_can_cu_thap,Thap,tam_nhin_m_sau,53,int,,,tam_nhin_m bây giờ (chỉ điền khi đổi),,,,FALSE,FALSE,Tools/export (core/index.py),
04_can_cu_thap/Thap/tam_nhin_m_truoc,04_can_cu_thap,Thap,tam_nhin_m_truoc,52,int,,,tam_nhin_m ở bản gốc (chỉ điền khi đổi),,,,FALSE,FALSE,Tools/export (core/index.py),
04_can_cu_thap/Thap/ten_en,04_can_cu_thap,Thap,ten_en,2,text,,,tên tiếng Anh (HUD unit.<id>),,,,FALSE,FALSE,Tools/export (core/index.py),
04_can_cu_thap/Thap/ten_ngan_vi,04_can_cu_thap,Thap,ten_ngan_vi,4,text,,,tên ngắn tiếng Việt (HUD short.<id>),,,,FALSE,FALSE,Tools/export (core/index.py),
04_can_cu_thap/Thap/ten_vi,04_can_cu_thap,Thap,ten_vi,3,text,,,tên tiếng Việt (HUD unit.<id>),,,,FALSE,FALSE,Tools/export (core/index.py),
04_can_cu_thap/Thap/tha_du_s,04_can_cu_thap,Thap,tha_du_s,28,number,s,,"thời gian thả dù (dropDelay, mặc định 3,5, kẹp 0,5-30)",Assets/MachineBrigade/Resources/Data/balance.json: vehicles[*] sau inherits (Catalog.cs),,,FALSE,FALSE,Tools/export (core/index.py),
04_can_cu_thap/Thap/the_cu_gop_vao,04_can_cu_thap,Thap,the_cu_gop_vao,70,empty,,,thẻ cũ gộp vào (DECISIONS),,,,FALSE,FALSE,Tools/export (core/index.py),
04_can_cu_thap/Thap/the_goc,04_can_cu_thap,Thap,the_goc,60,text,,,thẻ tháp gốc của nhánh (branchOf),,,04_can_cu_thap/Thap,FALSE,FALSE,Tools/export (core/index.py),
04_can_cu_thap/Thap/toc_do_chiem,04_can_cu_thap,Thap,toc_do_chiem,27,int,,,"hệ số tốc độ chiếm cứ điểm (captureRate, mặc định 1)",Assets/MachineBrigade/Resources/Data/balance.json: vehicles[*] sau inherits (Catalog.cs),,,FALSE,FALSE,Tools/export (core/index.py),
04_can_cu_thap/Thap/toc_do_m_s,04_can_cu_thap,Thap,toc_do_m_s,16,int,m/s,,tốc độ,Assets/MachineBrigade/Resources/Data/balance.json: vehicles[*] sau inherits (Catalog.cs),,,FALSE,FALSE,Tools/export (core/index.py),
04_can_cu_thap/Thap/toc_do_m_s_sau,04_can_cu_thap,Thap,toc_do_m_s_sau,51,empty,,,toc_do_m_s bây giờ (chỉ điền khi đổi),,,,FALSE,FALSE,Tools/export (core/index.py),
04_can_cu_thap/Thap/toc_do_m_s_truoc,04_can_cu_thap,Thap,toc_do_m_s_truoc,50,empty,,,toc_do_m_s ở bản gốc (chỉ điền khi đổi),,,,FALSE,FALSE,Tools/export (core/index.py),
04_can_cu_thap/Thap/tower_range_aura_radius_m,04_can_cu_thap,Thap,tower_range_aura_radius_m,139,int,m,,,Assets/MachineBrigade/Resources/Data/balance.json: vehicles[*].towerRangeAura.radius,,,FALSE,TRUE,Tools/export (core/index.py),
04_can_cu_thap/Thap/tower_range_aura_range_m,04_can_cu_thap,Thap,tower_range_aura_range_m,140,number,m,,,Assets/MachineBrigade/Resources/Data/balance.json: vehicles[*].towerRangeAura.range,,,FALSE,TRUE,Tools/export (core/index.py),
04_can_cu_thap/Thap/tower_role,04_can_cu_thap,Thap,tower_role,141,text,,,,Assets/MachineBrigade/Resources/Data/balance.json: vehicles[*].towerRole,,,FALSE,TRUE,Tools/export (core/index.py),
04_can_cu_thap/Thap/trong_roster,04_can_cu_thap,Thap,trong_roster,64,bool,,,có trong base.roster (thẻ tháp người chơi chọn),,,,FALSE,FALSE,Tools/export (core/index.py),
04_can_cu_thap/Thap/tu_ve,04_can_cu_thap,Thap,tu_ve,33,text,,,tự vệ: none / flare / aps,Assets/MachineBrigade/Resources/Data/balance.json: vehicles[*] sau inherits (Catalog.cs),,,FALSE,FALSE,Tools/export (core/index.py),
04_can_cu_thap/Thap/turn_rate_deg_s,04_can_cu_thap,Thap,turn_rate_deg_s,142,int,deg/s,,,Assets/MachineBrigade/Resources/Data/balance.json: vehicles[*].turnRate,,,FALSE,TRUE,Tools/export (core/index.py),
04_can_cu_thap/Thap/turret_arc_deg,04_can_cu_thap,Thap,turret_arc_deg,143,int,deg,,,Assets/MachineBrigade/Resources/Data/balance.json: vehicles[*].turretArc,,,FALSE,TRUE,Tools/export (core/index.py),
04_can_cu_thap/Thap/turret_turn_rate_deg_s,04_can_cu_thap,Thap,turret_turn_rate_deg_s,144,int,deg/s,,,Assets/MachineBrigade/Resources/Data/balance.json: vehicles[*].turretTurnRate,,,FALSE,TRUE,Tools/export (core/index.py),
04_can_cu_thap/Thap/untargetable,04_can_cu_thap,Thap,untargetable,145,bool,,,,Assets/MachineBrigade/Resources/Data/balance.json: vehicles[*].untargetable,,,FALSE,TRUE,Tools/export (core/index.py),
04_can_cu_thap/Thap/vai_tro,04_can_cu_thap,Thap,vai_tro,63,text,,,vai trò tháp (towerRole),,,,FALSE,FALSE,Tools/export (core/index.py),
04_can_cu_thap/Thap/vision_m,04_can_cu_thap,Thap,vision_m,146,int,m,,,Assets/MachineBrigade/Resources/Data/balance.json: vehicles[*].vision,,,FALSE,TRUE,Tools/export (core/index.py),
04_can_cu_thap/Thap/vu_khi_chinh,04_can_cu_thap,Thap,vu_khi_chinh,30,text,,,vũ khí chính (weapon),Assets/MachineBrigade/Resources/Data/balance.json: vehicles[*] sau inherits (Catalog.cs),,01_vu_khi_dan/Vu_khi,FALSE,FALSE,Tools/export (core/index.py),
04_can_cu_thap/Thap/vu_khi_chinh_sau,04_can_cu_thap,Thap,vu_khi_chinh_sau,55,text,,,vu_khi_chinh bây giờ (chỉ điền khi đổi),,,,FALSE,FALSE,Tools/export (core/index.py),
04_can_cu_thap/Thap/vu_khi_chinh_truoc,04_can_cu_thap,Thap,vu_khi_chinh_truoc,54,text,,,vu_khi_chinh ở bản gốc (chỉ điền khi đổi),,,,FALSE,FALSE,Tools/export (core/index.py),
04_can_cu_thap/Thap/vu_khi_phu,04_can_cu_thap,Thap,vu_khi_phu,31,text,,,vũ khí phụ (secondary[*].weapon),Assets/MachineBrigade/Resources/Data/balance.json: vehicles[*] sau inherits (Catalog.cs),,01_vu_khi_dan/Vu_khi,FALSE,FALSE,Tools/export (core/index.py),
04_can_cu_thap/Thap/vu_khi_phu_sau,04_can_cu_thap,Thap,vu_khi_phu_sau,57,empty,,,vu_khi_phu bây giờ (chỉ điền khi đổi),,,,FALSE,FALSE,Tools/export (core/index.py),
04_can_cu_thap/Thap/vu_khi_phu_truoc,04_can_cu_thap,Thap,vu_khi_phu_truoc,56,empty,,,vu_khi_phu ở bản gốc (chỉ điền khi đổi),,,,FALSE,FALSE,Tools/export (core/index.py),
04_can_cu_thap/Thap/wards_hp,04_can_cu_thap,Thap,wards_hp,147,int,hp,,,Assets/MachineBrigade/Resources/Data/balance.json: vehicles[*].wards.hp,,,FALSE,TRUE,Tools/export (core/index.py),
04_can_cu_thap/Thap/wards_radius_m,04_can_cu_thap,Thap,wards_radius_m,148,int,m,,,Assets/MachineBrigade/Resources/Data/balance.json: vehicles[*].wards.radius,,,FALSE,TRUE,Tools/export (core/index.py),
04_can_cu_thap/Thap/wards_recharge_s,04_can_cu_thap,Thap,wards_recharge_s,149,int,s,,,Assets/MachineBrigade/Resources/Data/balance.json: vehicles[*].wards.recharge,,,FALSE,TRUE,Tools/export (core/index.py),
04_can_cu_thap/Thap/weapon,04_can_cu_thap,Thap,weapon,150,text,,,,Assets/MachineBrigade/Resources/Data/balance.json: vehicles[*].weapon,,,FALSE,TRUE,Tools/export (core/index.py),
04_can_cu_thap/Thap/width_m,04_can_cu_thap,Thap,width_m,151,number,m,,,Assets/MachineBrigade/Resources/Data/balance.json: vehicles[*].width,,,FALSE,TRUE,Tools/export (core/index.py),
04_can_cu_thap/Thap/xay_lai_cho_s,04_can_cu_thap,Thap,xay_lai_cho_s,67,int,s,,thời gian chờ xây lại theo cỡ ô (base.rebuild.<cỡ>.cooldown),,,,FALSE,FALSE,Tools/export (core/index.py),
04_can_cu_thap/Thap/xay_lai_tha_s,04_can_cu_thap,Thap,xay_lai_tha_s,68,number,s,,thời gian thả khi xây lại theo cỡ ô (base.rebuild.<cỡ>.drop),,,,FALSE,FALSE,Tools/export (core/index.py),
04_can_cu_thap/Thap/xoay_than_deg_s,04_can_cu_thap,Thap,xoay_than_deg_s,17,int,deg/s,,tốc độ xoay thân (turnRate),Assets/MachineBrigade/Resources/Data/balance.json: vehicles[*] sau inherits (Catalog.cs),,,FALSE,FALSE,Tools/export (core/index.py),
04_can_cu_thap/Thap/xoay_thap_deg_s,04_can_cu_thap,Thap,xoay_thap_deg_s,18,int,deg/s,,tốc độ xoay tháp pháo (turretTurnRate),Assets/MachineBrigade/Resources/Data/balance.json: vehicles[*] sau inherits (Catalog.cs),,,FALSE,FALSE,Tools/export (core/index.py),
04_can_cu_thap/Thap_vu_khi/aim,04_can_cu_thap,Thap_vu_khi,aim,5,text,,,,Assets/MachineBrigade/Resources/Data/balance.json: vehicles[*].secondary[*].aim,,,FALSE,TRUE,Tools/export (core/index.py),
04_can_cu_thap/Thap_vu_khi/id,04_can_cu_thap,Thap_vu_khi,id,1,text,,,id ổn định (khóa chính),,,,TRUE,FALSE,Tools/export (core/index.py),
04_can_cu_thap/Thap_vu_khi/nguon,04_can_cu_thap,Thap_vu_khi,nguon,7,text,,,file + khóa nguồn của dòng,,,,,,Tools/export (core/index.py),
04_can_cu_thap/Thap_vu_khi/raw_json,04_can_cu_thap,Thap_vu_khi,raw_json,8,text,,,nguyên bản ghi gốc (JSON),,,,,,Tools/export (core/index.py),
04_can_cu_thap/Thap_vu_khi/slot,04_can_cu_thap,Thap_vu_khi,slot,6,text,,,,Assets/MachineBrigade/Resources/Data/balance.json: vehicles[*].secondary[*].slot,,,FALSE,TRUE,Tools/export (core/index.py),
04_can_cu_thap/Thap_vu_khi/thap_id,04_can_cu_thap,Thap_vu_khi,thap_id,2,text,,,id dòng cha ở Thap,,,04_can_cu_thap/Thap,TRUE,FALSE,Tools/export (core/index.py),
04_can_cu_thap/Thap_vu_khi/thu_tu,04_can_cu_thap,Thap_vu_khi,thu_tu,3,int,,,thứ tự trong danh sách nguồn (0 = đầu),,,,FALSE,FALSE,Tools/export (core/index.py),
04_can_cu_thap/Thap_vu_khi/weapon,04_can_cu_thap,Thap_vu_khi,weapon,4,text,,,vũ khí trên bệ,Assets/MachineBrigade/Resources/Data/balance.json: vehicles[*].secondary[*].weapon,,01_vu_khi_dan/Vu_khi,FALSE,FALSE,Tools/export (core/index.py),
04_can_cu_thap/Tuong/armour,04_can_cu_thap,Tuong,armour,65,int,,,,Assets/MachineBrigade/Resources/Data/balance.json: vehicles[*].armour,,,FALSE,TRUE,Tools/export (core/index.py),
04_can_cu_thap/Tuong/ban_khi_chay,04_can_cu_thap,Tuong,ban_khi_chay,26,bool,,,"bắn khi chạy (firesWhileMoving, mặc định true)",Assets/MachineBrigade/Resources/Data/balance.json: vehicles[*] sau inherits (Catalog.cs),,,FALSE,FALSE,Tools/export (core/index.py),
04_can_cu_thap/Tuong/ban_kinh_m,04_can_cu_thap,Tuong,ban_kinh_m,20,number,m,,bán kính va chạm / trúng đạn,Assets/MachineBrigade/Resources/Data/balance.json: vehicles[*] sau inherits (Catalog.cs),,,FALSE,FALSE,Tools/export (core/index.py),
04_can_cu_thap/Tuong/base_cp,04_can_cu_thap,Tuong,base_cp,8,int,CP,,giá thẻ (cp) sau inherits; 0 = không bán,Assets/MachineBrigade/Resources/Data/balance.json: vehicles[*] sau inherits (Catalog.cs),,,FALSE,FALSE,Tools/export (core/index.py),
04_can_cu_thap/Tuong/base_cp_sau,04_can_cu_thap,Tuong,base_cp_sau,39,empty,,,base_cp bây giờ (chỉ điền khi đổi),,,,FALSE,FALSE,Tools/export (core/index.py),
04_can_cu_thap/Tuong/base_cp_truoc,04_can_cu_thap,Tuong,base_cp_truoc,38,empty,,,base_cp ở bản gốc (chỉ điền khi đổi),,,,FALSE,FALSE,Tools/export (core/index.py),
04_can_cu_thap/Tuong/bay,04_can_cu_thap,Tuong,bay,23,bool,,,bay (flying),Assets/MachineBrigade/Resources/Data/balance.json: vehicles[*] sau inherits (Catalog.cs),,,FALSE,FALSE,Tools/export (core/index.py),
04_can_cu_thap/Tuong/card,04_can_cu_thap,Tuong,card,66,bool,,,,Assets/MachineBrigade/Resources/Data/balance.json: vehicles[*].card,,,FALSE,TRUE,Tools/export (core/index.py),
04_can_cu_thap/Tuong/co_sung,04_can_cu_thap,Tuong,co_sung,63,bool,,,tường gắn súng (types.<loại>.gun),Assets/MachineBrigade/Resources/Data/balance.json: base.walls.types.gun_wall.gun,,,FALSE,FALSE,Tools/export (core/index.py),
04_can_cu_thap/Tuong/cong_trinh,04_can_cu_thap,Tuong,cong_trinh,15,bool,,,"là công trình (structure): giáp đều, hệ số Structure",Assets/MachineBrigade/Resources/Data/balance.json: vehicles[*] sau inherits (Catalog.cs),,,FALSE,FALSE,Tools/export (core/index.py),
04_can_cu_thap/Tuong/cp,04_can_cu_thap,Tuong,cp,67,int,CP,,,Assets/MachineBrigade/Resources/Data/balance.json: vehicles[*].cp,,,FALSE,TRUE,Tools/export (core/index.py),
04_can_cu_thap/Tuong/dai_m,04_can_cu_thap,Tuong,dai_m,21,int,m,,dài thân = length x scale,Assets/MachineBrigade/Resources/Data/balance.json: vehicles[*] sau inherits (Catalog.cs),,,FALSE,FALSE,Tools/export (core/index.py),
04_can_cu_thap/Tuong/do_ben_tuong_doi,04_can_cu_thap,Tuong,do_ben_tuong_doi,61,number,,,độ bền tương đối (types.<loại>.durability),"Assets/MachineBrigade/Resources/Data/balance.json: base.walls.types.gun_wall.durability, base.walls.types.hesco.durability, base.walls.types.t_wall.durability",,,FALSE,FALSE,Tools/export (core/index.py),
04_can_cu_thap/Tuong/do_cao_m,04_can_cu_thap,Tuong,do_cao_m,24,int,m,,"độ cao bay (altitude, mặc định 0)",Assets/MachineBrigade/Resources/Data/balance.json: vehicles[*] sau inherits (Catalog.cs),,,FALSE,FALSE,Tools/export (core/index.py),
04_can_cu_thap/Tuong/dung_yen,04_can_cu_thap,Tuong,dung_yen,25,bool,,,đứng yên (static),Assets/MachineBrigade/Resources/Data/balance.json: vehicles[*] sau inherits (Catalog.cs),,,FALSE,FALSE,Tools/export (core/index.py),
04_can_cu_thap/Tuong/giap_hong,04_can_cu_thap,Tuong,giap_hong,12,int,,,giáp hông,Assets/MachineBrigade/Resources/Data/balance.json: vehicles[*] sau inherits (Catalog.cs),,,FALSE,FALSE,Tools/export (core/index.py),
04_can_cu_thap/Tuong/giap_hong_sau,04_can_cu_thap,Tuong,giap_hong_sau,45,empty,,,giap_hong bây giờ (chỉ điền khi đổi),,,,FALSE,FALSE,Tools/export (core/index.py),
04_can_cu_thap/Tuong/giap_hong_truoc,04_can_cu_thap,Tuong,giap_hong_truoc,44,empty,,,giap_hong ở bản gốc (chỉ điền khi đổi),,,,FALSE,FALSE,Tools/export (core/index.py),
04_can_cu_thap/Tuong/giap_noc,04_can_cu_thap,Tuong,giap_noc,14,int,,,giáp nóc,Assets/MachineBrigade/Resources/Data/balance.json: vehicles[*] sau inherits (Catalog.cs),,,FALSE,FALSE,Tools/export (core/index.py),
04_can_cu_thap/Tuong/giap_noc_sau,04_can_cu_thap,Tuong,giap_noc_sau,49,empty,,,giap_noc bây giờ (chỉ điền khi đổi),,,,FALSE,FALSE,Tools/export (core/index.py),
04_can_cu_thap/Tuong/giap_noc_truoc,04_can_cu_thap,Tuong,giap_noc_truoc,48,empty,,,giap_noc ở bản gốc (chỉ điền khi đổi),,,,FALSE,FALSE,Tools/export (core/index.py),
04_can_cu_thap/Tuong/giap_sau,04_can_cu_thap,Tuong,giap_sau,13,int,,,giáp sau,Assets/MachineBrigade/Resources/Data/balance.json: vehicles[*] sau inherits (Catalog.cs),,,FALSE,FALSE,Tools/export (core/index.py),
04_can_cu_thap/Tuong/giap_sau_sau,04_can_cu_thap,Tuong,giap_sau_sau,47,empty,,,giap_sau bây giờ (chỉ điền khi đổi),,,,FALSE,FALSE,Tools/export (core/index.py),
04_can_cu_thap/Tuong/giap_sau_truoc,04_can_cu_thap,Tuong,giap_sau_truoc,46,empty,,,giap_sau ở bản gốc (chỉ điền khi đổi),,,,FALSE,FALSE,Tools/export (core/index.py),
04_can_cu_thap/Tuong/giap_truoc,04_can_cu_thap,Tuong,giap_truoc,11,int,,,"giáp mặt trước 0-5 (Armour.cs: một số = trước, hông -1, sau / nóc -2; bay / công trình: đều)",Assets/MachineBrigade/Resources/Data/balance.json: vehicles[*] sau inherits (Catalog.cs),,,FALSE,FALSE,Tools/export (core/index.py),
04_can_cu_thap/Tuong/giap_truoc_sau,04_can_cu_thap,Tuong,giap_truoc_sau,43,empty,,,giap_truoc bây giờ (chỉ điền khi đổi),,,,FALSE,FALSE,Tools/export (core/index.py),
04_can_cu_thap/Tuong/giap_truoc_truoc,04_can_cu_thap,Tuong,giap_truoc_truoc,42,empty,,,giap_truoc ở bản gốc (chỉ điền khi đổi),,,,FALSE,FALSE,Tools/export (core/index.py),
04_can_cu_thap/Tuong/he_so_sat_thuong_ra,04_can_cu_thap,Tuong,he_so_sat_thuong_ra,29,int,,,"outgoingDamageMult (mặc định 1, kẹp 0,1-10)",Assets/MachineBrigade/Resources/Data/balance.json: vehicles[*] sau inherits (Catalog.cs),,,FALSE,FALSE,Tools/export (core/index.py),
04_can_cu_thap/Tuong/he_so_sat_thuong_ra_sau,04_can_cu_thap,Tuong,he_so_sat_thuong_ra_sau,59,empty,,,he_so_sat_thuong_ra bây giờ (chỉ điền khi đổi),,,,FALSE,FALSE,Tools/export (core/index.py),
04_can_cu_thap/Tuong/he_so_sat_thuong_ra_truoc,04_can_cu_thap,Tuong,he_so_sat_thuong_ra_truoc,58,empty,,,he_so_sat_thuong_ra ở bản gốc (chỉ điền khi đổi),,,,FALSE,FALSE,Tools/export (core/index.py),
04_can_cu_thap/Tuong/hoi_tu_ve_s,04_can_cu_thap,Tuong,hoi_tu_ve_s,35,empty,s,,hồi tự vệ (aps.recharge hoặc flareRecharge),Assets/MachineBrigade/Resources/Data/balance.json: vehicles[*] sau inherits (Catalog.cs),,,FALSE,FALSE,Tools/export (core/index.py),
04_can_cu_thap/Tuong/hp,04_can_cu_thap,Tuong,hp,68,int,hp,,,Assets/MachineBrigade/Resources/Data/balance.json: vehicles[*].hp,,,FALSE,TRUE,Tools/export (core/index.py),
04_can_cu_thap/Tuong/id,04_can_cu_thap,Tuong,id,1,text,,,id ổn định (khóa chính),"Assets/MachineBrigade/Resources/Data/balance.json: base.walls.types.gun_wall.def, base.walls.types.hesco.def, base.walls.types.t_wall.def, vehicles[*].id",,,TRUE,FALSE,Tools/export (core/index.py),
04_can_cu_thap/Tuong/ke_thua_tu,04_can_cu_thap,Tuong,ke_thua_tu,7,empty,,,bản ghi cha (inherits),Assets/MachineBrigade/Resources/Data/balance.json: vehicles[*] sau inherits (Catalog.cs),,,FALSE,FALSE,Tools/export (core/index.py),
04_can_cu_thap/Tuong/length_m,04_can_cu_thap,Tuong,length_m,69,int,m,,,Assets/MachineBrigade/Resources/Data/balance.json: vehicles[*].length,,,FALSE,TRUE,Tools/export (core/index.py),
04_can_cu_thap/Tuong/loai,04_can_cu_thap,Tuong,loai,60,text,,,loại tường (base.walls.types),,,,FALSE,FALSE,Tools/export (core/index.py),
04_can_cu_thap/Tuong/lop,04_can_cu_thap,Tuong,lop,5,empty,,,lớp (class) sau inherits,Assets/MachineBrigade/Resources/Data/balance.json: vehicles[*] sau inherits (Catalog.cs),,,FALSE,FALSE,Tools/export (core/index.py),
04_can_cu_thap/Tuong/mau_hp,04_can_cu_thap,Tuong,mau_hp,9,int,hp,,máu trong dữ liệu (hp) sau inherits,Assets/MachineBrigade/Resources/Data/balance.json: vehicles[*] sau inherits (Catalog.cs),,,FALSE,FALSE,Tools/export (core/index.py),
04_can_cu_thap/Tuong/mau_hp_sau,04_can_cu_thap,Tuong,mau_hp_sau,41,empty,,,mau_hp bây giờ (chỉ điền khi đổi),,,,FALSE,FALSE,Tools/export (core/index.py),
04_can_cu_thap/Tuong/mau_hp_truoc,04_can_cu_thap,Tuong,mau_hp_truoc,40,empty,,,mau_hp ở bản gốc (chỉ điền khi đổi),,,,FALSE,FALSE,Tools/export (core/index.py),
04_can_cu_thap/Tuong/mau_trong_tran_hp,04_can_cu_thap,Tuong,mau_trong_tran_hp,10,number,hp,,"máu trong trận = hp x toughness.vehicles (boss: toughness.bosses; trước hệ số hạng boss, độ khó, chiến dịch)",Assets/MachineBrigade/Resources/Data/balance.json: vehicles[*] sau inherits (Catalog.cs),,,FALSE,FALSE,Tools/export (core/index.py),
04_can_cu_thap/Tuong/mo_hinh,04_can_cu_thap,Tuong,mo_hinh,36,text,,,"model GLB (model, mặc định cha hoặc id)",Assets/MachineBrigade/Resources/Data/balance.json: vehicles[*] sau inherits (Catalog.cs),,,FALSE,FALSE,Tools/export (core/index.py),
04_can_cu_thap/Tuong/nguon,04_can_cu_thap,Tuong,nguon,80,text,,,file + khóa nguồn của dòng,,,,,,Tools/export (core/index.py),
04_can_cu_thap/Tuong/nhanh,04_can_cu_thap,Tuong,nhanh,6,empty,,,nhánh quân (balance.branches theo lớp),Assets/MachineBrigade/Resources/Data/balance.json: vehicles[*] sau inherits (Catalog.cs),,,FALSE,FALSE,Tools/export (core/index.py),
04_can_cu_thap/Tuong/noi_tai,04_can_cu_thap,Tuong,noi_tai,32,empty,,,kỹ năng nội tại (skills),Assets/MachineBrigade/Resources/Data/balance.json: vehicles[*] sau inherits (Catalog.cs),,02_phuong_tien/Ky_nang,FALSE,FALSE,Tools/export (core/index.py),
04_can_cu_thap/Tuong/obstacle,04_can_cu_thap,Tuong,obstacle,70,bool,,,,Assets/MachineBrigade/Resources/Data/balance.json: vehicles[*].obstacle,,,FALSE,TRUE,Tools/export (core/index.py),
04_can_cu_thap/Tuong/radius_m,04_can_cu_thap,Tuong,radius_m,71,number,m,,,Assets/MachineBrigade/Resources/Data/balance.json: vehicles[*].radius,,,FALSE,TRUE,Tools/export (core/index.py),
04_can_cu_thap/Tuong/raw_json,04_can_cu_thap,Tuong,raw_json,81,text,,,nguyên bản ghi gốc (JSON),,,,,,Tools/export (core/index.py),
04_can_cu_thap/Tuong/rong_m,04_can_cu_thap,Tuong,rong_m,22,int,m,,rộng thân = width x scale,Assets/MachineBrigade/Resources/Data/balance.json: vehicles[*] sau inherits (Catalog.cs),,,FALSE,FALSE,Tools/export (core/index.py),
04_can_cu_thap/Tuong/so_lan_tu_ve,04_can_cu_thap,Tuong,so_lan_tu_ve,34,empty,,,số lần tự vệ (aps.charges hoặc flareCharges),Assets/MachineBrigade/Resources/Data/balance.json: vehicles[*] sau inherits (Catalog.cs),,,FALSE,FALSE,Tools/export (core/index.py),
04_can_cu_thap/Tuong/so_voi_ban_goc,04_can_cu_thap,Tuong,so_voi_ban_goc,37,text,,giong;doi;moi,so với bản gốc (Phien_ban.ban_goc): giong / doi / moi (chưa có ở bản gốc),,,,FALSE,FALSE,Tools/export (core/index.py),
04_can_cu_thap/Tuong/speed_m_s,04_can_cu_thap,Tuong,speed_m_s,72,int,m/s,,,Assets/MachineBrigade/Resources/Data/balance.json: vehicles[*].speed,,,FALSE,TRUE,Tools/export (core/index.py),
04_can_cu_thap/Tuong/static,04_can_cu_thap,Tuong,static,73,bool,,,,Assets/MachineBrigade/Resources/Data/balance.json: vehicles[*].static,,,FALSE,TRUE,Tools/export (core/index.py),
04_can_cu_thap/Tuong/tam_nhin_m,04_can_cu_thap,Tuong,tam_nhin_m,19,int,m,,tầm nhìn,Assets/MachineBrigade/Resources/Data/balance.json: vehicles[*] sau inherits (Catalog.cs),,,FALSE,FALSE,Tools/export (core/index.py),
04_can_cu_thap/Tuong/tam_nhin_m_sau,04_can_cu_thap,Tuong,tam_nhin_m_sau,53,empty,,,tam_nhin_m bây giờ (chỉ điền khi đổi),,,,FALSE,FALSE,Tools/export (core/index.py),
04_can_cu_thap/Tuong/tam_nhin_m_truoc,04_can_cu_thap,Tuong,tam_nhin_m_truoc,52,empty,,,tam_nhin_m ở bản gốc (chỉ điền khi đổi),,,,FALSE,FALSE,Tools/export (core/index.py),
04_can_cu_thap/Tuong/ten_en,04_can_cu_thap,Tuong,ten_en,2,text,,,tên tiếng Anh (HUD unit.<id>),,,,FALSE,FALSE,Tools/export (core/index.py),
04_can_cu_thap/Tuong/ten_ngan_vi,04_can_cu_thap,Tuong,ten_ngan_vi,4,text,,,tên ngắn tiếng Việt (HUD short.<id>),,,,FALSE,FALSE,Tools/export (core/index.py),
04_can_cu_thap/Tuong/ten_vi,04_can_cu_thap,Tuong,ten_vi,3,text,,,tên tiếng Việt (HUD unit.<id>),,,,FALSE,FALSE,Tools/export (core/index.py),
04_can_cu_thap/Tuong/tha_du_s,04_can_cu_thap,Tuong,tha_du_s,28,number,s,,"thời gian thả dù (dropDelay, mặc định 3,5, kẹp 0,5-30)",Assets/MachineBrigade/Resources/Data/balance.json: vehicles[*] sau inherits (Catalog.cs),,,FALSE,FALSE,Tools/export (core/index.py),
04_can_cu_thap/Tuong/toc_do_chiem,04_can_cu_thap,Tuong,toc_do_chiem,27,int,,,"hệ số tốc độ chiếm cứ điểm (captureRate, mặc định 1)",Assets/MachineBrigade/Resources/Data/balance.json: vehicles[*] sau inherits (Catalog.cs),,,FALSE,FALSE,Tools/export (core/index.py),
04_can_cu_thap/Tuong/toc_do_m_s,04_can_cu_thap,Tuong,toc_do_m_s,16,int,m/s,,tốc độ,Assets/MachineBrigade/Resources/Data/balance.json: vehicles[*] sau inherits (Catalog.cs),,,FALSE,FALSE,Tools/export (core/index.py),
04_can_cu_thap/Tuong/toc_do_m_s_sau,04_can_cu_thap,Tuong,toc_do_m_s_sau,51,empty,,,toc_do_m_s bây giờ (chỉ điền khi đổi),,,,FALSE,FALSE,Tools/export (core/index.py),
04_can_cu_thap/Tuong/toc_do_m_s_truoc,04_can_cu_thap,Tuong,toc_do_m_s_truoc,50,empty,,,toc_do_m_s ở bản gốc (chỉ điền khi đổi),,,,FALSE,FALSE,Tools/export (core/index.py),
04_can_cu_thap/Tuong/trang_thai_navmesh,04_can_cu_thap,Tuong,trang_thai_navmesh,64,text,,,trạng thái navmesh (vật cản: obstacle),,,,FALSE,FALSE,Tools/export (core/index.py),
04_can_cu_thap/Tuong/tu_ve,04_can_cu_thap,Tuong,tu_ve,33,text,,,tự vệ: none / flare / aps,Assets/MachineBrigade/Resources/Data/balance.json: vehicles[*] sau inherits (Catalog.cs),,,FALSE,FALSE,Tools/export (core/index.py),
04_can_cu_thap/Tuong/tuong_them,04_can_cu_thap,Tuong,tuong_them,62,bool,,,đoạn tường thêm (types.<loại>.extra),Assets/MachineBrigade/Resources/Data/balance.json: base.walls.types.t_wall.extra,,,FALSE,FALSE,Tools/export (core/index.py),
04_can_cu_thap/Tuong/turn_rate_deg_s,04_can_cu_thap,Tuong,turn_rate_deg_s,74,int,deg/s,,,Assets/MachineBrigade/Resources/Data/balance.json: vehicles[*].turnRate,,,FALSE,TRUE,Tools/export (core/index.py),
04_can_cu_thap/Tuong/turret_turn_rate_deg_s,04_can_cu_thap,Tuong,turret_turn_rate_deg_s,75,int,deg/s,,,Assets/MachineBrigade/Resources/Data/balance.json: vehicles[*].turretTurnRate,,,FALSE,TRUE,Tools/export (core/index.py),
04_can_cu_thap/Tuong/vision_m,04_can_cu_thap,Tuong,vision_m,76,int,m,,,Assets/MachineBrigade/Resources/Data/balance.json: vehicles[*].vision,,,FALSE,TRUE,Tools/export (core/index.py),
04_can_cu_thap/Tuong/vu_khi_chinh,04_can_cu_thap,Tuong,vu_khi_chinh,30,text,,,vũ khí chính (weapon),Assets/MachineBrigade/Resources/Data/balance.json: vehicles[*] sau inherits (Catalog.cs),,01_vu_khi_dan/Vu_khi,FALSE,FALSE,Tools/export (core/index.py),
04_can_cu_thap/Tuong/vu_khi_chinh_sau,04_can_cu_thap,Tuong,vu_khi_chinh_sau,55,empty,,,vu_khi_chinh bây giờ (chỉ điền khi đổi),,,,FALSE,FALSE,Tools/export (core/index.py),
04_can_cu_thap/Tuong/vu_khi_chinh_truoc,04_can_cu_thap,Tuong,vu_khi_chinh_truoc,54,empty,,,vu_khi_chinh ở bản gốc (chỉ điền khi đổi),,,,FALSE,FALSE,Tools/export (core/index.py),
04_can_cu_thap/Tuong/vu_khi_phu,04_can_cu_thap,Tuong,vu_khi_phu,31,empty,,,vũ khí phụ (secondary[*].weapon),Assets/MachineBrigade/Resources/Data/balance.json: vehicles[*] sau inherits (Catalog.cs),,01_vu_khi_dan/Vu_khi,FALSE,FALSE,Tools/export (core/index.py),
04_can_cu_thap/Tuong/vu_khi_phu_sau,04_can_cu_thap,Tuong,vu_khi_phu_sau,57,empty,,,vu_khi_phu bây giờ (chỉ điền khi đổi),,,,FALSE,FALSE,Tools/export (core/index.py),
04_can_cu_thap/Tuong/vu_khi_phu_truoc,04_can_cu_thap,Tuong,vu_khi_phu_truoc,56,empty,,,vu_khi_phu ở bản gốc (chỉ điền khi đổi),,,,FALSE,FALSE,Tools/export (core/index.py),
04_can_cu_thap/Tuong/wall,04_can_cu_thap,Tuong,wall,77,bool,,,,Assets/MachineBrigade/Resources/Data/balance.json: vehicles[*].wall,,,FALSE,TRUE,Tools/export (core/index.py),
04_can_cu_thap/Tuong/weapon,04_can_cu_thap,Tuong,weapon,78,text,,,,Assets/MachineBrigade/Resources/Data/balance.json: vehicles[*].weapon,,,FALSE,TRUE,Tools/export (core/index.py),
04_can_cu_thap/Tuong/width_m,04_can_cu_thap,Tuong,width_m,79,int,m,,,Assets/MachineBrigade/Resources/Data/balance.json: vehicles[*].width,,,FALSE,TRUE,Tools/export (core/index.py),
04_can_cu_thap/Tuong/xoay_than_deg_s,04_can_cu_thap,Tuong,xoay_than_deg_s,17,int,deg/s,,tốc độ xoay thân (turnRate),Assets/MachineBrigade/Resources/Data/balance.json: vehicles[*] sau inherits (Catalog.cs),,,FALSE,FALSE,Tools/export (core/index.py),
04_can_cu_thap/Tuong/xoay_thap_deg_s,04_can_cu_thap,Tuong,xoay_thap_deg_s,18,int,deg/s,,tốc độ xoay tháp pháo (turretTurnRate),Assets/MachineBrigade/Resources/Data/balance.json: vehicles[*] sau inherits (Catalog.cs),,,FALSE,FALSE,Tools/export (core/index.py),
04_can_cu_thap/Tuong_luat/don_vi,04_can_cu_thap,Tuong_luat,don_vi,6,empty,,,đơn vị của giá trị (trống: không đơn vị hoặc chưa rõ; xem Don_vi_chua_ro),,,,FALSE,FALSE,Tools/export (core/index.py),
04_can_cu_thap/Tuong_luat/gia_tri_chu,04_can_cu_thap,Tuong_luat,gia_tri_chu,5,text,,,giá trị nếu là chữ (danh sách ngăn ';'),Assets/MachineBrigade/Resources/Data/balance.json: base.walls.…,,,FALSE,FALSE,Tools/export (core/index.py),
04_can_cu_thap/Tuong_luat/gia_tri_so,04_can_cu_thap,Tuong_luat,gia_tri_so,4,number,,,giá trị nếu là số / true-false,Assets/MachineBrigade/Resources/Data/balance.json: base.walls.…,,,FALSE,FALSE,Tools/export (core/index.py),
04_can_cu_thap/Tuong_luat/id,04_can_cu_thap,Tuong_luat,id,1,text,,,id ổn định (khóa chính),,,,TRUE,FALSE,Tools/export (core/index.py),
04_can_cu_thap/Tuong_luat/khoa,04_can_cu_thap,Tuong_luat,khoa,3,text,,,khóa của lá trong khối,,,,FALSE,FALSE,Tools/export (core/index.py),
04_can_cu_thap/Tuong_luat/nguon,04_can_cu_thap,Tuong_luat,nguon,7,text,,,file + khóa nguồn của dòng,,,,,,Tools/export (core/index.py),
04_can_cu_thap/Tuong_luat/nhom,04_can_cu_thap,Tuong_luat,nhom,2,text,,,khối nguồn (đường dẫn của khối trong file nguồn),,,,FALSE,FALSE,Tools/export (core/index.py),
04_can_cu_thap/Tuong_luat/raw_json,04_can_cu_thap,Tuong_luat,raw_json,8,text,,,nguyên bản ghi gốc (JSON),,,,,,Tools/export (core/index.py),
04_can_cu_thap/Tuong_vu_khi/id,04_can_cu_thap,Tuong_vu_khi,id,1,empty,,,id ổn định (khóa chính),,,,TRUE,FALSE,Tools/export (core/index.py),
04_can_cu_thap/Tuong_vu_khi/nguon,04_can_cu_thap,Tuong_vu_khi,nguon,5,text,,,file + khóa nguồn của dòng,,,,,,Tools/export (core/index.py),
04_can_cu_thap/Tuong_vu_khi/raw_json,04_can_cu_thap,Tuong_vu_khi,raw_json,6,text,,,nguyên bản ghi gốc (JSON),,,,,,Tools/export (core/index.py),
04_can_cu_thap/Tuong_vu_khi/thu_tu,04_can_cu_thap,Tuong_vu_khi,thu_tu,3,empty,,,thứ tự trong danh sách nguồn (0 = đầu),,,,FALSE,FALSE,Tools/export (core/index.py),
04_can_cu_thap/Tuong_vu_khi/tuong_id,04_can_cu_thap,Tuong_vu_khi,tuong_id,2,empty,,,id dòng cha ở Tuong,,,04_can_cu_thap/Tuong,TRUE,FALSE,Tools/export (core/index.py),
04_can_cu_thap/Tuong_vu_khi/weapon,04_can_cu_thap,Tuong_vu_khi,weapon,4,empty,,,vũ khí trên bệ,,,01_vu_khi_dan/Vu_khi,FALSE,FALSE,Tools/export (core/index.py),
04_can_cu_thap/Xay_lai/cooldown_s,04_can_cu_thap,Xay_lai,cooldown_s,2,int,s,,,"Assets/MachineBrigade/Resources/Data/balance.json: base.rebuild.large.cooldown, base.rebuild.medium.cooldown, base.rebuild.small.cooldown",,,FALSE,TRUE,Tools/export (core/index.py),
04_can_cu_thap/Xay_lai/cp,04_can_cu_thap,Xay_lai,cp,3,int,CP,,,"Assets/MachineBrigade/Resources/Data/balance.json: base.rebuild.large.cp, base.rebuild.medium.cp, base.rebuild.small.cp",,,FALSE,TRUE,Tools/export (core/index.py),
04_can_cu_thap/Xay_lai/drop,04_can_cu_thap,Xay_lai,drop,4,number,,,,"Assets/MachineBrigade/Resources/Data/balance.json: base.rebuild.large.drop, base.rebuild.medium.drop, base.rebuild.small.drop",,,FALSE,TRUE,Tools/export (core/index.py),
04_can_cu_thap/Xay_lai/id,04_can_cu_thap,Xay_lai,id,1,text,,,id ổn định (khóa chính),,,,TRUE,FALSE,Tools/export (core/index.py),
04_can_cu_thap/Xay_lai/nguon,04_can_cu_thap,Xay_lai,nguon,5,text,,,file + khóa nguồn của dòng,,,,,,Tools/export (core/index.py),
04_can_cu_thap/Xay_lai/raw_json,04_can_cu_thap,Xay_lai,raw_json,6,text,,,nguyên bản ghi gốc (JSON),,,,,,Tools/export (core/index.py),
