file,line,col,literal,key,unit,kind,linh_vuc,mode,note,context
Game/Match/FrontMap.cs,90,36,0.075f,,,ban_kinh,,pass2:,,const_field: public const float Reach = 0.075f;
Game/Match/FrontMap.cs,149,30,0.012f,,,ban_kinh,,pass2:,,add: var radius = 0.012f + 0.015f * Mathf.Sqrt(k);
Game/Match/FrontMap.cs,149,39,0.015f,,,ban_kinh,,pass2:,,multiply: var radius = 0.012f + 0.015f * Mathf.Sqrt(k);
Game/Match/FrontMap.cs,179,46,0.5f,,,ban_kinh,,pass2:,,"add: var p = new Vector2((x + 0.5f) / width, (y + 0.5f) / height);"
Game/Match/FrontMap.cs,179,66,0.5f,,,ban_kinh,,pass2:,,"add: var p = new Vector2((x + 0.5f) / width, (y + 0.5f) / height);"
Game/Match/Gear.Model.cs,17,51,0,,,gioi_han_thuc_the,,pass2:,,"table: public static readonly int[] SubCount = { 0, 1, 2, 2, 2 };"
Game/Match/Gear.Model.cs,17,54,1,,,gioi_han_thuc_the,,pass2:,,"table: public static readonly int[] SubCount = { 0, 1, 2, 2, 2 };"
Game/Match/Gear.Model.cs,93,82,0.6f,,,xac_suat,,pass2:,,subtract: public static float SubQuality(GearSub sub) => Mathf.Clamp01((sub.roll - 0.6f) / 0.4f);
Game/Match/Gear.Model.cs,93,90,0.4f,,,xac_suat,,pass2:,,divide: public static float SubQuality(GearSub sub) => Mathf.Clamp01((sub.roll - 0.6f) / 0.4f);
Game/Match/Gear.Model.cs,179,46,2,,,gioi_han_thuc_the,,pass2:,,compare: public bool TwoPiece => Count >= 2;
Game/Match/MatchRunner.Dialogue.cs,54,35,15,,,thoi_gian,,pass2:,,modulo: if (Time.frameCount % 15 == 0) _dialogue.BossBattle = BossOnField();
Sim/AI/BreachAccess.cs,32,43,12,ai.breachAccess.breachCellCost,CP,ban_kinh,06,pass2:const_to_property,,const_field: public const int BreachCellCost = 12;
Sim/AI/BreachAccess.cs,38,37,4096,ai.breachAccess.capacity,count,gioi_han_thuc_the,06,pass2:const_to_property,,const_field: public const int Capacity = 4096;
Sim/AI/BreachAccess.cs,89,61,3,ai.breachAccess.firstBlockerMaxRings,x,sat_thuong,06,pass2:inline,,"arg:NavGrid.TryNearestWalkable: if (!grid.TryNearestWalkable(unit.Position, 3, out var open)) return EntityId.None;"
Sim/AI/BreachAccess.cs,98,113,4f,ai.breachAccess.firstBlockerReachDivisor,m,ban_kinh,06,pass2:inline,,"divide: var key = (unit.Team, amphibious, sx / Bucket, sy / Bucket, tx / Bucket, ty / Bucket, (int)(reach / 4f), ((int)(minRange / 4f) << 8) | (int)(radius / "
Sim/AI/BreachAccess.cs,98,136,4f,ai.breachAccess.firstBlockerMinRangeDivisor,m,ban_kinh,06,pass2:inline,,"divide: var key = (unit.Team, amphibious, sx / Bucket, sy / Bucket, tx / Bucket, ty / Bucket, (int)(reach / 4f), ((int)(minRange / 4f) << 8) | (int)(radius / "
Sim/AI/BreachAccess.cs,98,163,2f,ai.breachAccess.firstBlockerRadiusDivisor,m,ban_kinh,06,pass2:inline,,"divide: var key = (unit.Team, amphibious, sx / Bucket, sy / Bucket, tx / Bucket, ty / Bucket, (int)(reach / 4f), ((int)(minRange / 4f) << 8) | (int)(radius / "
Sim/AI/BreachAccess.cs,151,84,2f,ai.breachAccess.buildClearanceScale,m,ban_kinh,06,pass2:inline,,"multiply: Mark(grid, layer, wall.Id, seg.Def.Center, seg.Def.Width + 2f * clearance, seg.Def.Depth + 2f * clearance);"
Sim/AI/BreachAccess.cs,151,116,2f,ai.breachAccess.buildClearanceScale,m,ban_kinh,06,pass2:inline,,"multiply: Mark(grid, layer, wall.Id, seg.Def.Center, seg.Def.Width + 2f * clearance, seg.Def.Depth + 2f * clearance);"
Sim/AI/BreachAccess.cs,165,72,2f,ai.breachAccess.buildClearanceScale,m,ban_kinh,06,pass2:inline,,"multiply: Mark(grid, layer, prop.Id, prop.Position, prop.Width + 2f * clearance, prop.Depth + 2f * clearance);"
Sim/AI/BreachAccess.cs,165,101,2f,ai.breachAccess.buildClearanceScale,m,ban_kinh,06,pass2:inline,,"multiply: Mark(grid, layer, prop.Id, prop.Position, prop.Width + 2f * clearance, prop.Depth + 2f * clearance);"
Sim/AI/BreachAccess.cs,218,44,0.5f,ai.breachAccess.markWidthScale,m,ban_kinh,06,pass2:inline,,"multiply: var half = new Vector2(width * 0.5f, depth * 0.5f);"
Sim/AI/BreachAccess.cs,218,58,0.5f,ai.breachAccess.markDepthScale,m,ban_kinh,06,pass2:inline,,"multiply: var half = new Vector2(width * 0.5f, depth * 0.5f);"
Sim/AI/CombatActivityWatchdog.cs,185,24,200,ai.combatActivityWatchdog.stepTickMod,s,thoi_gian,06,pass2:inline,,modulo: if (tick % 200 == 0)
Sim/AI/CombatActivityWatchdog.cs,236,71,1e-3f,ai.combatActivityWatchdog.evaluateLastAimOffSub,s,thoi_gian,06,pass2:inline,,subtract: if (float.IsNaN(r.LastAimOff) || off < r.LastAimOff - 1e-3f) r.LastAimProgressTime = now;
Sim/AI/CombatActivityWatchdog.cs,314,145,0.5f,ai.combatActivityWatchdog.firingWindowCooldownAdd,s,thoi_gian,06,pass2:inline,,"add: private static double FiringWindow(WeaponDef weapon) => MathF.Max(SimTunables.Ai.CombatWatchdog.FiredRecentlySeconds, weapon.Cooldown + 0.5f);"
Sim/AI/CombatActivityWatchdog.cs,428,55,2,ai.combatActivityWatchdog.recoverAnomalyRecoveriesMin,s,thoi_gian,06,pass2:inline,,"compare: _world.Combat.ResetAim(v, r.Recoveries >= 2, now + SimTunables.Ai.CombatWatchdog.SuppressSeconds);"
Sim/AI/Commander.cs,167,60,0.9f,,,khac,,pass2:,,"arg:AiParams.Get: var low = ai.Get(""economy.useOrLoseThreshold"", 0.9f);"
Sim/AI/Commander.cs,168,70,30f,,,nguong,,pass2:,,"arg:AiParams.Get: var ramp = MathF.Max(1f, ai.Get(""economy.useOrLoseRamp"", 30f));"
Sim/AI/Commander.cs,271,81,6f,,,thoi_gian,,pass2:,,"arg:AiParams.Get: world.AiLog.WarnPerMinute = world.Catalog.Ai.Get(""world.churnWarn"", 6f);"
Sim/AI/ConquestAi.cs,1177,89,6,,,gioi_han_thuc_the,,pass2:,,compare: if (Profile.KnowsDeck && KnownDeck != null && _tactics.KnownEnemies.Count < 6 && _catalog != null)
Sim/AI/ConquestAi.cs,1181,59,0.5f,,,nguong,,pass2:,,"multiply: var value = MathF.Max(1f, d.CpCost) * 0.5f;"
Sim/AI/ConquestAi.cs,1200,42,30f,,,nguong,,pass2:,,"conditional: var value = e.Def.Boss ? 30f : MathF.Max(1f, e.Def.CpCost);"
Sim/AI/DecisionLog.cs,87,30,3,ai.why.splitCountMin,count,ban_kinh,06,pass2:inline,,"compare: if (plus.Count > 3) plus.RemoveRange(3, plus.Count - 3);"
Sim/AI/DecisionLog.cs,87,50,3,ai.why.splitIndex,m,ban_kinh,06,pass2:inline,,"arg:List.RemoveRange: if (plus.Count > 3) plus.RemoveRange(3, plus.Count - 3);"
Sim/AI/DecisionLog.cs,87,66,3,ai.why.splitCountSub,count,ban_kinh,06,pass2:inline,,"subtract: if (plus.Count > 3) plus.RemoveRange(3, plus.Count - 3);"
Sim/AI/DecisionLog.cs,88,31,2,ai.why.splitCountMin2,count,ban_kinh,06,pass2:inline,,"compare: if (minus.Count > 2) minus.RemoveRange(2, minus.Count - 2);"
Sim/AI/DecisionLog.cs,88,52,2,ai.why.splitIndex2,m,ban_kinh,06,pass2:inline,,"arg:List.RemoveRange: if (minus.Count > 2) minus.RemoveRange(2, minus.Count - 2);"
Sim/AI/DecisionLog.cs,88,69,2,ai.why.splitCountSub2,count,ban_kinh,06,pass2:inline,,"subtract: if (minus.Count > 2) minus.RemoveRange(2, minus.Count - 2);"
Sim/AI/DecisionLog.cs,203,71,60.0,ai.churn.addNowMin,s,thoi_gian,06,pass2:inline,,compare: while (_recent.Count > 0 && now - _recent.Peek().at > 60.0) _recent.Dequeue();
Sim/AI/DecisionLog.cs,211,36,60.0,ai.churn.lastMinuteNowMin,s,thoi_gian,06,pass2:inline,,compare: if (now - at > 60.0) continue;
Sim/AI/EngagementFeasibility.cs,195,35,0.5f,ai.engagementFeasibility.evaluateSpeedFloor,m/s,tan_suat,06,pass2:inline,,"math_max: var speed = MathF.Max(0.5f, def.Speed);"
Sim/AI/EngagementFeasibility.cs,222,39,0.01f,ai.engagementFeasibility.evaluateValueFloor,x,nguong,06,pass2:inline,,"math_max: var value = MathF.Max(0.01f, t.Value);"
Sim/AI/EngagementFeasibility.cs,294,87,2f,,,ban_kinh,,pass2:,,"param_default: public bool CanReach(VehicleDef def, Vector2 from, Vector2 to, float radius = 2f) =>"
Sim/AI/EngagementFeasibility.cs,298,93,2f,,,thoi_gian,,pass2:,,"param_default: public float TravelSeconds(VehicleDef def, Vector2 from, Vector2 to, float radius = 2f)"
Sim/AI/EngagementFeasibility.cs,301,35,0.5f,,,thoi_gian,,pass2:,,"math_max: var speed = MathF.Max(0.5f, def.Speed);"
Sim/AI/EngagementFeasibility.cs,373,127,2f,ai.engagementFeasibility.spawnUsefulRadiusFloor,m,ban_kinh,06,pass2:inline,,"math_max: foreach (var p in _world.Map.Points) ctx.Targets.Add(new FeasibilityTarget(""point_"" + p.Id, p.Position, MathF.Max(2f, p.Radius), TargetLayer.Ground, 1"
Sim/AI/EngagementFeasibility.cs,384,50,0.75f,ai.engagementFeasibility.stepsIntoCellScale,m,ban_kinh,06,pass2:inline,,"multiply: var r = MathF.Max(radius, Map.Cell * 0.75f);"
Sim/AI/EngagementFeasibility.cs,442,40,20000,ai.engagementFeasibility.cacheLimit,count,khac,06,pass2:const_to_property,,const_field: private const int CacheLimit = 20000;
Sim/AI/EngagementFeasibility.cs,450,43,16f,ai.engagementFeasibility.clusterReach,m,ban_kinh,06,pass2:const_to_property,,const_field: public const float ClusterReach = 16f;
Sim/AI/EngagementFeasibility.cs,474,42,30f,ai.engagementFeasibility.observedBossTrue,x,nguong,06,pass2:inline,,"conditional: var w = o.Def.Boss ? 30f : MathF.Max(1f, o.Def.CpCost);"
Sim/AI/EngagementFeasibility.cs,481,73,0.5f,ai.engagementFeasibility.observedClusterReachScale,m,ban_kinh,06,pass2:inline,,multiply: var radius = members > 1 ? lead.Radius + ClusterReach * 0.5f : e.Radius;
Sim/AI/EngagementFeasibility.cs,492,106,2f,ai.engagementFeasibility.observedRadiusFloor,m,ban_kinh,06,pass2:inline,,"math_max: ctx.Targets.Add(new FeasibilityTarget(""point_"" + p.Def.Id, p.Def.Position, MathF.Max(2f, p.Def.Radius), TargetLayer.Ground, 4f, true, capture: true));"
Sim/AI/EngagementFeasibility.cs,492,145,4f,ai.engagementFeasibility.observedValue,m,ban_kinh,06,pass2:inline,,"ctor_arg:FeasibilityTarget: ctx.Targets.Add(new FeasibilityTarget(""point_"" + p.Def.Id, p.Def.Position, MathF.Max(2f, p.Def.Radius), TargetLayer.Ground, 4f, true, capture: true));"
Sim/AI/P2/CombatRoleDoctrine.cs,175,26,4,ai.combatRoleDoctrine.classOfFrontMin2,x,sat_thuong,06,pass2:inline,,compare: if (front >= 4) return TargetClass.Armour4;
Sim/AI/P2/CombatRoleDoctrine.cs,211,53,2,ai.combatRoleDoctrine.worthRung,x,sat_thuong,06,pass2:inline,,"arg:CombatRoleDoctrine.Rung: TargetClass.Armour4 => Rung(2, 6),"
Sim/AI/P2/CombatRoleDoctrine.cs,211,56,6,ai.combatRoleDoctrine.worthRungs,x,sat_thuong,06,pass2:inline,,"arg:CombatRoleDoctrine.Rung: TargetClass.Armour4 => Rung(2, 6),"
Sim/AI/P2/CombatRoleDoctrine.cs,222,53,2,ai.combatRoleDoctrine.worthRung,x,sat_thuong,06,pass2:inline,,"arg:CombatRoleDoctrine.Rung: if (HeavyArmour(c)) return Rung(2, 6);"
Sim/AI/P2/CombatRoleDoctrine.cs,222,56,6,ai.combatRoleDoctrine.worthRungs,x,sat_thuong,06,pass2:inline,,"arg:CombatRoleDoctrine.Rung: if (HeavyArmour(c)) return Rung(2, 6);"
Sim/AI/P2/CombatRoleDoctrine.cs,259,64,4,ai.combatRoleDoctrine.worthRung3,x,sat_thuong,06,pass2:inline,,"arg:CombatRoleDoctrine.Rung: if (HeavyArmour(c) && !moving) return Rung(4, 6);"
Sim/AI/P2/CombatRoleDoctrine.cs,259,67,6,ai.combatRoleDoctrine.worthRungs,x,sat_thuong,06,pass2:inline,,"arg:CombatRoleDoctrine.Rung: if (HeavyArmour(c) && !moving) return Rung(4, 6);"
Sim/AI/P2/CombatRoleDoctrine.cs,269,66,4,ai.combatRoleDoctrine.worthRung3,x,sat_thuong,06,pass2:inline,,"arg:CombatRoleDoctrine.Rung: if (HeavyArmour(c) && clustered) return Rung(4, 5);"
Sim/AI/P2/CombatRoleDoctrine.cs,269,69,5,ai.combatRoleDoctrine.worthRungs2,x,sat_thuong,06,pass2:inline,,"arg:CombatRoleDoctrine.Rung: if (HeavyArmour(c) && clustered) return Rung(4, 5);"
Sim/AI/P2/CombatRoleDoctrine.cs,285,56,4,ai.combatRoleDoctrine.worthRungs3,x,sat_thuong,06,pass2:inline,,"arg:CombatRoleDoctrine.Rung: if (HeavyArmour(c)) return Rung(1, 4);"
Sim/AI/P2/CombatRoleDoctrine.cs,298,55,5,ai.combatRoleDoctrine.worthRung4,x,sat_thuong,06,pass2:inline,,"arg:CombatRoleDoctrine.Rung: _ when HeavyArmour(c) => Rung(5, 5),"
Sim/AI/P2/CombatRoleDoctrine.cs,298,58,5,ai.combatRoleDoctrine.worthRungs2,x,sat_thuong,06,pass2:inline,,"arg:CombatRoleDoctrine.Rung: _ when HeavyArmour(c) => Rung(5, 5),"
Sim/AI/P2/CombatRoleDoctrine.cs,316,83,2,ai.combatRoleDoctrine.clusteredLimit,m,ban_kinh,06,pass2:inline,,"arg:AiSpatialIndex.CountSameSide: return world.Spatial.CountSameSide(t, Tun.RoleDoctrine.ClusterRadius, 2) >= 2;"
Sim/AI/P2/CombatRoleDoctrine.cs,316,89,2,ai.combatRoleDoctrine.clusteredCountSameSideMin,count,ban_kinh,06,pass2:inline,,"compare: return world.Spatial.CountSameSide(t, Tun.RoleDoctrine.ClusterRadius, 2) >= 2;"
Sim/AI/P2/ComponentState.cs,62,59,31,ai.componentState.ofIMax,count,gioi_han_thuc_the,06,pass2:inline,,compare: for (var i = 0; i < v.Def.Mounts.Count && i < 31; i++)
Sim/AI/P2/ComponentState.cs,90,35,4096,ai.componentWatch.checkCountMin,count,gioi_han_thuc_the,06,pass2:inline,,compare: if (_last.Count > 4096) Prune();
Sim/AI/P2/FireSupportAnchor.cs,130,57,0.01f,ai.fireSupportDirector.referenceLengthSquaredMin,m,ban_kinh,06,pass2:inline,,compare: var forward = ctx.Forward.LengthSquared() > 0.01f ? Vector2.Normalize(ctx.Forward) : Vector2.UnitY;
Sim/AI/P2/FireSupportAnchor.cs,170,74,2f,ai.fireSupportDirector.referenceRangeScale,m,ban_kinh,06,pass2:inline,,"multiply: var tower = NearestDefence(world, ctx.Front, range * 2f);"
Sim/AI/P2/FireSupportAnchor.cs,190,125,1.5f,ai.fireSupportDirector.referenceRangeScale2,m,ban_kinh,06,pass2:inline,,"multiply: reference = ctx.Contact && ctx.EnemyCentre is { } enemy && Vector2.Distance(enemy, ctx.Front) < range * 1.5f"
Sim/AI/P2/FireSupportAnchor.cs,192,103,25f,ai.fireSupportDirector.referenceDistanceCap,m,ban_kinh,06,pass2:inline,,"math_min: : ctx.Front + forward * MathF.Min(Vector2.Distance(ctx.Front, ctx.Objective), 25f);"
Sim/AI/P2/FireSupportAnchor.cs,199,94,0.01f,ai.fireSupportDirector.normalizeLengthSquaredMin,m,ban_kinh,06,pass2:inline,,"compare: private static Vector2 Normalize(Vector2 v, Vector2 fallback) => v.LengthSquared() > 0.01f ? Vector2.Normalize(v) : fallback;"
Sim/AI/P2/FireSupportAnchor.cs,218,106,12f,ai.fireSupportDirector.convoyDistanceMax,m,ban_kinh,06,pass2:inline,,"compare: if (v.IsAlive && v.Team == _team && v.IsMoving && Vector2.Distance(v.Position, centre) < 12f) h += SimMath.Forward(v.Heading);"
Sim/AI/P2/FireSupportAnchor.cs,275,55,2f,ai.fireSupportDirector.triggerMinRangeAdd,m,ban_kinh,06,pass2:inline,,add: if (dist > s.Range || dist < s.MinRange + 2f)
Sim/AI/P2/FireSupportAnchor.cs,285,93,0.5f,ai.fireSupportDirector.triggerLengthSquaredMin,m,ban_kinh,06,pass2:inline,,"compare: if ((tr & RepositionTrigger.WaveDirection) != 0 && s.Approach.LengthSquared() > 0.5f && Vector2.Dot(s.Approach, approach) < 0.7f) return ""waveDirectio"
Sim/AI/P2/FireSupportAnchor.cs,285,137,0.7f,ai.fireSupportDirector.triggerDotMax,m,ban_kinh,06,pass2:inline,,"compare: if ((tr & RepositionTrigger.WaveDirection) != 0 && s.Approach.LengthSquared() > 0.5f && Vector2.Dot(s.Approach, approach) < 0.7f) return ""waveDirectio"
Sim/AI/P2/FireSupportAnchor.cs,304,87,3,ai.fireSupportDirector.counterBatteryHitShotsSinceMin,count,gioi_han_thuc_the,06,pass2:inline,,compare: return hit || world.Doctrine.For(_team).ShootAndScoot && ShotsSince(s) >= 3;
Sim/AI/P2/FireSupportAnchor.cs,313,60,3,ai.fireSupportDirector.shotsSinceNTrue,count,gioi_han_thuc_the,06,pass2:inline,,conditional: return n >= _class.Count && _class.Count > 0 ? 3 : 0;
Sim/AI/P2/FireSupportAnchor.cs,338,122,6f,ai.fireSupportDirector.setMargin,m,ban_kinh,06,pass2:inline,,"arg:MapDefinition.Clamp: var p = world.Map.Clamp(reference + back * (s.Range * f) + side * (k * Tun.FireSupport.LateralStep), 6f);"
Sim/AI/P2/FireSupportAnchor.cs,341,72,15f,ai.fireSupportDirector.setDistanceMax,m,ban_kinh,06,pass2:inline,,"compare: if (avoid is { } old && Vector2.Distance(old, p) < 15f) score -= 2f;"
Sim/AI/P2/FireSupportAnchor.cs,341,86,2f,ai.fireSupportDirector.setScore,m,ban_kinh,06,pass2:inline,,"compound_assign: if (avoid is { } old && Vector2.Distance(old, p) < 15f) score -= 2f;"
Sim/AI/P2/FireSupportAnchor.cs,348,80,18f,ai.fireSupportDirector.setBackScale,x,khac,06,pass2:inline,,"multiply: point = world.Lanes.OffLane(world.Map.Clamp(ctx.Front + back * 18f, 6f), 10f);"
Sim/AI/P2/FireSupportAnchor.cs,348,85,6f,ai.fireSupportDirector.setMargin,x,khac,06,pass2:inline,,"arg:MapDefinition.Clamp: point = world.Lanes.OffLane(world.Map.Clamp(ctx.Front + back * 18f, 6f), 10f);"
Sim/AI/P2/FireSupportAnchor.cs,348,90,10f,ai.fireSupportDirector.setReach,m,ban_kinh,06,pass2:inline,,"arg:LaneMap.OffLane: point = world.Lanes.OffLane(world.Map.Clamp(ctx.Front + back * 18f, 6f), 10f);"
Sim/AI/P2/FireSupportAnchor.cs,362,60,20f,ai.fireSupportDirector.setDistanceMax2,m,ban_kinh,06,pass2:inline,,"compare: if (Vector2.Distance(q, c.p) < 20f) far = false;"
Sim/AI/P2/FireSupportAnchor.cs,406,39,3f,ai.fireSupportDirector.scoreMinRangeAdd,m,ban_kinh,06,pass2:inline,,add: if (dd < s.MinRange + 3f) return 0f;
Sim/AI/P2/FireSupportAnchor.cs,407,40,0.95f,ai.fireSupportDirector.scoreRangeScale,m,ban_kinh,06,pass2:inline,,"multiply: return dd <= s.Range * 0.95f ? 1f : MathF.Max(0f, 1f - (dd - s.Range * 0.95f) / MathF.Max(1f, s.Range * 0.25f));"
Sim/AI/P2/FireSupportAnchor.cs,407,88,0.95f,ai.fireSupportDirector.scoreRangeScale,m,ban_kinh,06,pass2:inline,,"multiply: return dd <= s.Range * 0.95f ? 1f : MathF.Max(0f, 1f - (dd - s.Range * 0.95f) / MathF.Max(1f, s.Range * 0.25f));"
Sim/AI/P2/FireSupportAnchor.cs,407,121,0.25f,ai.fireSupportDirector.scoreRangeScale2,m,ban_kinh,06,pass2:inline,,"multiply: return dd <= s.Range * 0.95f ? 1f : MathF.Max(0f, 1f - (dd - s.Range * 0.95f) / MathF.Max(1f, s.Range * 0.25f));"
Sim/AI/P2/FireSupportAnchor.cs,425,104,5f,ai.fireSupportDirector.scoreThreatAtDivisor,x,nguong,06,pass2:inline,,"divide: var cb = intel == null ? 1f : 1f - MathF.Min(1f, intel.ThreatAt(ThreatKind.Artillery, p) / 5f);"
Sim/AI/P2/FireSupportAnchor.cs,426,143,5f,ai.fireSupportDirector.scoreThreatAtDivisor,x,sat_thuong,06,pass2:inline,,"divide: var threat = intel == null ? 0f : MathF.Min(1f, (intel.ThreatAt(ThreatKind.AntiTank, p) + intel.ThreatAt(ThreatKind.Splash, p)) / 5f);"
Sim/AI/P2/FireSupportAnchor.cs,427,74,3f,ai.fireSupportDirector.scoreMinRangeAdd,m,ban_kinh,06,pass2:inline,,"add: var minRange = Vector2.Distance(p, reference) < s.MinRange + 3f ? 1f : 0f;"
Sim/AI/P2/FireSupportAnchor.cs,429,89,12f,ai.fireSupportDirector.scoreDistanceMax,m,ban_kinh,06,pass2:inline,,"compare: if (world.TryGetRally(_team, out var spawn) && Vector2.Distance(spawn, p) < 12f) traffic = 1f;"
Sim/AI/P2/FireSupportAnchor.cs,430,84,0.5f,ai.fireSupportDirector.scoreTraffic,m,ban_kinh,06,pass2:inline,,compound_assign: if (hq && s.Class is FireClass.Mlrs or FireClass.LongRange) traffic += 0.5f;
Sim/AI/P2/FireSupportAnchor.cs,432,24,6,ai.fireSupportDirector.scoreI5,m,ban_kinh,06,pass2:inline,,"arg:FireSupportDirector.W: - W(6) * threat - W(7) * MathF.Min(1f, congestion / 3f) - W(8) * minRange - W(9) * traffic"
Sim/AI/P2/FireSupportAnchor.cs,432,40,7,ai.fireSupportDirector.scoreI6,m,ban_kinh,06,pass2:inline,,"arg:FireSupportDirector.W: - W(6) * threat - W(7) * MathF.Min(1f, congestion / 3f) - W(8) * minRange - W(9) * traffic"
Sim/AI/P2/FireSupportAnchor.cs,432,72,3f,ai.fireSupportDirector.scoreCongestionDivisor,m,ban_kinh,06,pass2:inline,,"divide: - W(6) * threat - W(7) * MathF.Min(1f, congestion / 3f) - W(8) * minRange - W(9) * traffic"
Sim/AI/P2/FireSupportAnchor.cs,432,80,8,ai.fireSupportDirector.scoreI7,m,ban_kinh,06,pass2:inline,,"arg:FireSupportDirector.W: - W(6) * threat - W(7) * MathF.Min(1f, congestion / 3f) - W(8) * minRange - W(9) * traffic"
Sim/AI/P2/FireSupportAnchor.cs,432,98,9,ai.fireSupportDirector.scoreI8,m,ban_kinh,06,pass2:inline,,"arg:FireSupportDirector.W: - W(6) * threat - W(7) * MathF.Min(1f, congestion / 3f) - W(8) * minRange - W(9) * traffic"
Sim/AI/P2/FireSupportAnchor.cs,441,43,0.01f,ai.fireSupportDirector.slotLengthSquaredMin,m,ban_kinh,06,pass2:inline,,compare: back = back.LengthSquared() > 0.01f ? -Vector2.Normalize(back) : Vector2.UnitY;
Sim/AI/P2/FireSupportAnchor.cs,446,52,2,ai.fireSupportDirector.slotColMod,m,ban_kinh,06,pass2:inline,,modulo: var lateral = ((col + 1) / 2) * (col % 2 == 0 ? 1f : -1f) * spacing;
Sim/AI/P2/FireSupportAnchor.cs,447,88,6f,ai.fireSupportDirector.slotMargin,m,ban_kinh,06,pass2:inline,,"arg:MapDefinition.Clamp: var p = world.Map.Clamp(s.Point + side * lateral + back * (row * spacing), 6f);"
Sim/AI/P2/FiringLane.cs,52,26,4f,maps.firingLaneResolver.blockerLengthMax,m,ban_kinh,08,pass2:inline,,compare: if (length < 4f) return null;
Sim/AI/P2/FiringLane.cs,61,30,2f,maps.firingLaneResolver.blockerAlongMax,m,ban_kinh,08,pass2:inline,,compare: if (along <= 2f || along >= length - 2f || along > 60f) continue;
Sim/AI/P2/FiringLane.cs,61,54,2f,maps.firingLaneResolver.blockerLengthSub,m,ban_kinh,08,pass2:inline,,subtract: if (along <= 2f || along >= length - 2f || along > 60f) continue;
Sim/AI/P2/FiringLane.cs,61,68,60f,maps.firingLaneResolver.blockerAlongMin,m,ban_kinh,08,pass2:inline,,compare: if (along <= 2f || along >= length - 2f || along > 60f) continue;
Sim/AI/P2/FiringLane.cs,103,44,0.2f,maps.firingLaneResolver.resolveAbsMin,m,ban_kinh,08,pass2:inline,,compare: var sign = MathF.Abs(offset) > 0.2f ? -MathF.Sign(offset) : ((v.Id.Value & 1) == 0 ? 1f : -1f);
Sim/AI/P2/FiringLane.cs,123,78,0.5f,maps.firingLaneResolver.resolveSidestepMetresScale,m,ban_kinh,08,pass2:inline,,multiply: var metres = Tun.FiringLane.SidestepMetres * k * 0.5f;
Sim/AI/P2/FiringLane.cs,146,86,2.0,maps.firingLaneResolver.resolveTimeMin,s,thoi_gian,08,pass2:inline,,compare: if (!blocker.IsMoving && _world.Time - blocker.LastFiredAt > 2.0 && !blocker.UnderPlayerControl(now) && blocker.Def.Speed > 0f &&
Sim/AI/P2/FiringLane.cs,165,59,4f,maps.firingLaneResolver.stepMargin,m,ban_kinh,08,pass2:inline,,"arg:MapDefinition.Clamp: point = _world.Map.Clamp(v.Position + offset, 4f);"
Sim/AI/P2/FiringLane.cs,178,106,4f,maps.firingLaneResolver.ringMargin,x,khac,08,pass2:inline,,"arg:MapDefinition.Clamp: point = _world.Map.Clamp(target + new Vector2(rel.X * c - rel.Y * s, rel.X * s + rel.Y * c), 4f);"
Sim/AI/P2/FiringLane.cs,186,26,4f,maps.firingLaneResolver.inLineLengthMax,m,ban_kinh,08,pass2:inline,,compare: if (length < 4f) return false;
Sim/AI/P2/FiringLane.cs,190,26,2f,maps.firingLaneResolver.inLineAlongMax,m,ban_kinh,08,pass2:inline,,compare: if (along <= 2f || along >= length - 2f) return false;
Sim/AI/P2/FiringLane.cs,190,50,2f,maps.firingLaneResolver.inLineLengthSub,m,ban_kinh,08,pass2:inline,,subtract: if (along <= 2f || along >= length - 2f) return false;
Sim/AI/P2/FiringPosition.cs,57,90,0.3f,ai.firingPositionScorer.scoreInReachTrue,m,thoi_gian,06,pass2:inline,,"conditional: t.Uptime = inReach && (indirect || Clear(world, p, target)) ? 1f : inReach ? 0.3f : 0f;"
Sim/AI/P2/FiringPosition.cs,64,92,4f,ai.firingPositionScorer.scoreRangeScale,m,ban_kinh,06,pass2:inline,,"multiply: if (Vector2.DistanceSquared(o.Position, p) > weapon.Range * weapon.Range * 4f) continue;"
Sim/AI/P2/FiringPosition.cs,92,49,3f,ai.firingPositionScorer.scoreFriendsDivisor,x,nguong,06,pass2:inline,,"divide: t.Support = MathF.Min(1f, friends / 3f);"
Sim/AI/P2/FiringPosition.cs,93,50,2f,ai.firingPositionScorer.scoreCrowdDivisor,x,nguong,06,pass2:inline,,"divide: t.Congestion = MathF.Min(1f, crowd / 2f);"
Sim/AI/P2/FiringPosition.cs,97,83,5f,ai.firingPositionScorer.scoreThreatAtDivisor,x,nguong,06,pass2:inline,,"divide: t.Threat = MathF.Min(1f, intel.ThreatAt(ThreatKind.AntiTank, p) / 5f);"
Sim/AI/P2/FiringPosition.cs,98,81,5f,ai.firingPositionScorer.scoreThreatAtDivisor,x,sat_thuong,06,pass2:inline,,"divide: t.Splash = MathF.Min(1f, intel.ThreatAt(ThreatKind.Splash, p) / 5f);"
Sim/AI/P2/FiringPosition.cs,99,92,5f,ai.firingPositionScorer.scoreThreatAtDivisor,count,gioi_han_thuc_the,06,pass2:inline,,"divide: t.CounterBattery = MathF.Min(1f, intel.ThreatAt(ThreatKind.Artillery, p) / 5f);"
Sim/AI/P2/FiringPosition.cs,101,69,2,ai.firingPositionScorer.scoreI,s,thoi_gian,06,pass2:inline,,arg:FiringPositionScorer.W: t.Total = W(0) * t.Uptime + W(1) * fCover * t.Cover + W(2) * fHull * t.HullDown + W(3) * fObs * t.Observation + W(4) * t.Escape +
Sim/AI/P2/FiringPosition.cs,101,97,3,ai.firingPositionScorer.scoreI2,s,thoi_gian,06,pass2:inline,,arg:FiringPositionScorer.W: t.Total = W(0) * t.Uptime + W(1) * fCover * t.Cover + W(2) * fHull * t.HullDown + W(3) * fObs * t.Observation + W(4) * t.Escape +
Sim/AI/P2/FiringPosition.cs,101,127,4,ai.firingPositionScorer.scoreI3,s,thoi_gian,06,pass2:inline,,arg:FiringPositionScorer.W: t.Total = W(0) * t.Uptime + W(1) * fCover * t.Cover + W(2) * fHull * t.HullDown + W(3) * fObs * t.Observation + W(4) * t.Escape +
Sim/AI/P2/FiringPosition.cs,102,25,5,ai.firingPositionScorer.scoreI4,x,sat_thuong,06,pass2:inline,,arg:FiringPositionScorer.W: W(5) * t.Support - W(6) * t.Threat - W(7) * t.Splash - W(8) * t.Congestion - W(9) * t.LaneBlock - W(10) * fCb * t.CounterBattery;
Sim/AI/P2/FiringPosition.cs,102,44,6,ai.firingPositionScorer.scoreI5,x,sat_thuong,06,pass2:inline,,arg:FiringPositionScorer.W: W(5) * t.Support - W(6) * t.Threat - W(7) * t.Splash - W(8) * t.Congestion - W(9) * t.LaneBlock - W(10) * fCb * t.CounterBattery;
Sim/AI/P2/FiringPosition.cs,102,62,7,ai.firingPositionScorer.scoreI6,x,sat_thuong,06,pass2:inline,,arg:FiringPositionScorer.W: W(5) * t.Support - W(6) * t.Threat - W(7) * t.Splash - W(8) * t.Congestion - W(9) * t.LaneBlock - W(10) * fCb * t.CounterBattery;
Sim/AI/P2/FiringPosition.cs,102,80,8,ai.firingPositionScorer.scoreI7,x,sat_thuong,06,pass2:inline,,arg:FiringPositionScorer.W: W(5) * t.Support - W(6) * t.Threat - W(7) * t.Splash - W(8) * t.Congestion - W(9) * t.LaneBlock - W(10) * fCb * t.CounterBattery;
Sim/AI/P2/FiringPosition.cs,102,102,9,ai.firingPositionScorer.scoreI8,x,sat_thuong,06,pass2:inline,,arg:FiringPositionScorer.W: W(5) * t.Support - W(6) * t.Threat - W(7) * t.Splash - W(8) * t.Congestion - W(9) * t.LaneBlock - W(10) * fCb * t.CounterBattery;
Sim/AI/P2/FiringPosition.cs,102,123,10,ai.firingPositionScorer.scoreI9,x,sat_thuong,06,pass2:inline,,arg:FiringPositionScorer.W: W(5) * t.Support - W(6) * t.Threat - W(7) * t.Splash - W(8) * t.Congestion - W(9) * t.LaneBlock - W(10) * fCb * t.CounterBattery;
Sim/AI/P2/FiringPosition.cs,167,50,5f,ai.firingPositionScorer.directExposureRangeAdd,m,ban_kinh,06,pass2:inline,,add: var reach = o.Def.Weapon.Range + 5f;
Sim/AI/P2/FiringPosition.cs,180,26,4f,ai.firingPositionScorer.inLineLengthMax,m,ban_kinh,06,pass2:inline,,compare: if (length < 4f) return false;
Sim/AI/P2/FiringPosition.cs,184,26,2f,ai.firingPositionScorer.inLineAlongMax,m,ban_kinh,06,pass2:inline,,compare: if (along <= 2f || along >= length - 2f) return false;
Sim/AI/P2/FiringPosition.cs,184,50,2f,ai.firingPositionScorer.inLineLengthSub,m,ban_kinh,06,pass2:inline,,subtract: if (along <= 2f || along >= length - 2f) return false;
Sim/AI/P2/ModeCombatDoctrine.cs,219,32,2,ai.modeCombatDoctrine.bandLengthMin,m,ban_kinh,06,pass2:inline,,"compare: return b.Length >= 2 ? (b[0], b[1]) : (0.65f, 0.85f);"
Sim/AI/P2/ModeCombatDoctrine.cs,219,52,0.65f,ai.modeCombatDoctrine.bandBan,m,ban_kinh,06,pass2:inline,,"tuple: return b.Length >= 2 ? (b[0], b[1]) : (0.65f, 0.85f);"
Sim/AI/P2/ModeCombatDoctrine.cs,219,59,0.85f,ai.modeCombatDoctrine.bandBan2,m,ban_kinh,06,pass2:inline,,"tuple: return b.Length >= 2 ? (b[0], b[1]) : (0.65f, 0.85f);"
Sim/AI/P2/ModeCombatDoctrine.cs,538,46,2,ai.modeDoctrineState.reserveShareOfLengthMin,m,ban_kinh,06,pass2:inline,,"compare: var (min, max) = r.Length >= 2 ? (r[0], r[1]) : (0.15f, 0.25f);"
Sim/AI/P2/ModeCombatDoctrine.cs,538,66,0.15f,ai.modeDoctrineState.reserveShareOfBan,share,ban_kinh,06,pass2:inline,,"tuple: var (min, max) = r.Length >= 2 ? (r[0], r[1]) : (0.15f, 0.25f);"
Sim/AI/P2/ModeCombatDoctrine.cs,538,73,0.25f,ai.modeDoctrineState.reserveShareOfBan2,share,ban_kinh,06,pass2:inline,,"tuple: var (min, max) = r.Length >= 2 ? (r[0], r[1]) : (0.15f, 0.25f);"
Sim/AI/P2/SquadFormation.cs,40,71,11f,ai.squadLayer.placementOfSpeedMin,m/s,tan_suat,06,pass2:inline,,compare: if (p == Placement.Middle && !fastSquad && v.Def.Speed >= 11f) p = Placement.Outer;
Sim/AI/P2/SquadFormation.cs,90,26,1.5f,ai.squadLayer.requiredWidthRadius,m,ban_kinh,06,pass2:inline,,local_init: var radius = 1.5f;
Sim/AI/P2/SquadFormation.cs,97,50,2f,ai.squadLayer.requiredWidthRadiusScale,m,ban_kinh,06,pass2:inline,,"multiply: FormationMode.Travel => radius * 2f + 2f,"
Sim/AI/P2/SquadFormation.cs,97,55,2f,ai.squadLayer.requiredWidthRadiusAdd,m,ban_kinh,06,pass2:inline,,"add: FormationMode.Travel => radius * 2f + 2f,"
Sim/AI/P2/SquadFormation.cs,98,54,0.7f,ai.squadLayer.requiredWidthNScale,m,ban_kinh,06,pass2:inline,,"multiply: FormationMode.Flank => n * spacing * 0.7f + radius * 2f,"
Sim/AI/P2/SquadFormation.cs,98,70,2f,ai.squadLayer.requiredWidthRadiusScale,m,ban_kinh,06,pass2:inline,,"multiply: FormationMode.Flank => n * spacing * 0.7f + radius * 2f,"
Sim/AI/P2/SquadFormation.cs,99,75,2f,ai.squadLayer.requiredWidthRingRadiusScale,m,ban_kinh,06,pass2:inline,,"multiply: FormationMode.Regroup => RingRadius(n, spacing, radius) * 2f + radius * 2f,"
Sim/AI/P2/SquadFormation.cs,99,89,2f,ai.squadLayer.requiredWidthRadiusScale,m,ban_kinh,06,pass2:inline,,"multiply: FormationMode.Regroup => RingRadius(n, spacing, radius) * 2f + radius * 2f,"
Sim/AI/P2/SquadFormation.cs,100,51,2f,ai.squadLayer.requiredWidthRadiusScale,m,ban_kinh,06,pass2:inline,,"multiply: _ => (n - 1) * spacing + radius * 2f,"
Sim/AI/P2/SquadFormation.cs,117,84,0.5f,ai.squadLayer.chokeAheadWidthScale,m,ban_kinh,06,pass2:inline,,"multiply: if (Vector2.Distance(s.Centre + dir * along, c.Centre) < c.Width * 0.5f + 6f) narrowest = MathF.Min(narrowest, c.Width);"
Sim/AI/P2/SquadFormation.cs,117,91,6f,ai.squadLayer.chokeAheadWidthAdd,m,ban_kinh,06,pass2:inline,,"add: if (Vector2.Distance(s.Centre + dir * along, c.Centre) < c.Width * 0.5f + 6f) narrowest = MathF.Min(narrowest, c.Width);"
Sim/AI/P2/SquadFormation.cs,194,35,9f,ai.squadLayer.spacingOfModeValue,m,ban_kinh,06,pass2:inline,,"switch_arm: FormationMode.Hold => 9f,"
Sim/AI/P2/SquadFormation.cs,195,38,5f,ai.squadLayer.spacingOfModeValue2,m,ban_kinh,06,pass2:inline,,"switch_arm: FormationMode.Regroup => 5f,"
Sim/AI/P2/SquadFormation.cs,196,18,6f,ai.squadLayer.spacingOfModeValue3,m,ban_kinh,06,pass2:inline,,"switch_arm: _ => 6f,"
Sim/AI/P2/SquadFormation.cs,227,67,0.7f,,,ban_kinh,,pass2:,,"multiply: slots.Add((goal - facing * (i * spacing * 0.7f) + side * sign * (i * spacing * 0.7f), t));"
Sim/AI/P2/SquadFormation.cs,227,104,0.7f,,,ban_kinh,,pass2:,,"multiply: slots.Add((goal - facing * (i * spacing * 0.7f) + side * sign * (i * spacing * 0.7f), t));"
Sim/AI/P2/SquadFormation.cs,232,116,0.7f,,,ban_kinh,,pass2:,,"multiply: if (p == Placement.Rear) slots.Add((goal - facing * (Tun.Formation.RearRow + r * spacing * 0.7f) - side * sign * (r++ * spacing * 0.5f), p));"
Sim/AI/P2/SquadFormation.cs,232,155,0.5f,,,ban_kinh,,pass2:,,"multiply: if (p == Placement.Rear) slots.Add((goal - facing * (Tun.Formation.RearRow + r * spacing * 0.7f) - side * sign * (r++ * spacing * 0.5f), p));"
Sim/AI/P2/SquadFormation.cs,237,34,1.5f,,,ban_kinh,,pass2:,,local_init: var radius = 1.5f;
Sim/AI/P2/SquadFormation.cs,255,33,2,,,gioi_han_thuc_the,,pass2:,,modulo: if (k % 2 == 0) row.Add(Placement.Middle);
Sim/AI/P2/SquadFormation.cs,260,33,2,,,gioi_han_thuc_the,,pass2:,,modulo: if (k % 2 == 0) row.Add(Placement.Outer);
Sim/AI/P2/SquadFormation.cs,265,48,0.5f,,,ban_kinh,,pass2:,,multiply: var x = (k - (m - 1) * 0.5f) * spacing;
Sim/AI/P2/SquadFormation.cs,266,72,120f,,,gioi_han_thuc_the,,pass2:,,divide: var arc = mode == FormationMode.Hold ? x * x / 120f : 0f;
Sim/AI/P2/SquadFormation.cs,273,51,0.5f,,,ban_kinh,,pass2:,,multiply: var x = (k - (rear - 1) * 0.5f) * spacing;
Sim/AI/P2/SquadFormation.cs,308,39,2,ai.squadLayer.assignSlotsPassMax,count,gioi_han_thuc_the,06,pass2:inline,,compare: for (var pass = 0; pass < 2; pass++)
Sim/AI/P2/SquadFormation.cs,353,32,2f,ai.squadLayer.slotsP2Spacing,count,ban_kinh,06,pass2:inline,,compound_assign: spacing += 2f;
Sim/AI/P2/SquadFormation.cs,365,87,2,ai.squadLayer.slotsP2CountMin,count,gioi_han_thuc_the,06,pass2:inline,,compare: if (plan.Passage == null && mode == FormationMode.Travel && order.Count > 2)
Sim/AI/P2/SquadFormation.cs,388,94,2f,ai.squadLayer.slotsP2PacketDelayMin,s,thoi_gian,06,pass2:inline,,"math_clamp: s.ReleaseAt[v.Id] = now + packet * Math.Clamp(Tun.Formation.PacketDelay, 2f, 4f);"
Sim/AI/P2/SquadFormation.cs,388,98,4f,ai.squadLayer.slotsP2PacketDelayMax,s,thoi_gian,06,pass2:inline,,"math_clamp: s.ReleaseAt[v.Id] = now + packet * Math.Clamp(Tun.Formation.PacketDelay, 2f, 4f);"
Sim/AI/P2/SquadFormation.cs,397,46,4f,ai.squadLayer.slotsP2Margin,count,gioi_han_thuc_the,06,pass2:inline,,"arg:MapDefinition.Clamp: slot = world.Map.Clamp(slot, 4f);"
Sim/AI/P2/SquadFormation.cs,405,71,20f,ai.squadLayer.slotsP2ReachFloor,m,ban_kinh,06,pass2:inline,,"math_max: var aim = threat ?? goal + facing * MathF.Max(20f, s.Reach * 0.8f);"
Sim/AI/P2/SquadFormation.cs,405,86,0.8f,ai.squadLayer.slotsP2ReachScale,m,ban_kinh,06,pass2:inline,,"multiply: var aim = threat ?? goal + facing * MathF.Max(20f, s.Reach * 0.8f);"
Sim/AI/P2/SquadFormation.cs,411,111,0.5f,ai.squadLayer.slotsP2BeforeLerp,count,gioi_han_thuc_the,06,pass2:inline,,"math_lerp: if (morph && s.LastSlot.TryGetValue(v.Id, out var before)) slot = Vector2.Lerp(before, final, 0.5f);"
Sim/AI/P2/SquadManagement.cs,111,39,11f,ai.squadLayer.enlistOneSpeedMin,m/s,tan_suat,06,pass2:inline,,compare: var fast = v.Def.Speed >= 11f;
Sim/AI/P2/SquadManagement.cs,206,88,4f,ai.squadLayer.rendezvousRendezvousBackAdd,count,gioi_han_thuc_the,06,pass2:inline,,"add: var backs = new[] { Tun.Squads.RendezvousBack, Tun.Squads.RendezvousBack + 4f, Tun.Squads.RendezvousBack - 3f };"
Sim/AI/P2/SquadManagement.cs,206,120,3f,ai.squadLayer.rendezvousRendezvousBackSub,count,gioi_han_thuc_the,06,pass2:inline,,"subtract: var backs = new[] { Tun.Squads.RendezvousBack, Tun.Squads.RendezvousBack + 4f, Tun.Squads.RendezvousBack - 3f };"
Sim/AI/P2/SquadManagement.cs,211,81,6f,ai.squadLayer.rendezvousMargin,x,khac,06,pass2:inline,,"arg:MapDefinition.Clamp: var p = world.Map.Clamp(predicted - forward * b + side * l, 6f);"
Sim/AI/P2/SquadManagement.cs,216,43,2f,ai.squadLayer.rendezvousThreatScale,count,gioi_han_thuc_the,06,pass2:inline,,multiply: var score = -threat * 2f - route * 3f - MathF.Abs(l) * 0.05f - MathF.Abs(b - Tun.Squads.RendezvousBack) * 0.1f;
Sim/AI/P2/SquadManagement.cs,216,56,3f,ai.squadLayer.rendezvousRouteScale,count,gioi_han_thuc_the,06,pass2:inline,,multiply: var score = -threat * 2f - route * 3f - MathF.Abs(l) * 0.05f - MathF.Abs(b - Tun.Squads.RendezvousBack) * 0.1f;
Sim/AI/P2/SquadManagement.cs,216,76,0.05f,ai.squadLayer.rendezvousAbsScale,count,gioi_han_thuc_the,06,pass2:inline,,multiply: var score = -threat * 2f - route * 3f - MathF.Abs(l) * 0.05f - MathF.Abs(b - Tun.Squads.RendezvousBack) * 0.1f;
Sim/AI/P2/SquadManagement.cs,216,127,0.1f,ai.squadLayer.rendezvousAbsScale2,count,gioi_han_thuc_the,06,pass2:inline,,multiply: var score = -threat * 2f - route * 3f - MathF.Abs(l) * 0.05f - MathF.Abs(b - Tun.Squads.RendezvousBack) * 0.1f;
Sim/AI/P2/SquadManagement.cs,223,93,6f,ai.squadLayer.rendezvousMargin,count,gioi_han_thuc_the,06,pass2:inline,,"arg:MapDefinition.Clamp: return best ?? world.Map.Clamp(predicted - forward * Tun.Squads.RendezvousBack, 6f);"
Sim/AI/P2/SquadManagement.cs,240,77,6f,ai.squadLayer.servePendingDistanceMax,m,ban_kinh,06,pass2:inline,,"compare: var atPoint = Vector2.Distance(v.Position, p.Rendezvous) <= 6f && Vector2.Distance(s.Centre, p.Rendezvous) <= 20f;"
Sim/AI/P2/SquadManagement.cs,240,127,20f,ai.squadLayer.servePendingDistanceMax2,m,ban_kinh,06,pass2:inline,,"compare: var atPoint = Vector2.Distance(v.Position, p.Rendezvous) <= 6f && Vector2.Distance(s.Centre, p.Rendezvous) <= 20f;"
Sim/AI/P2/SquadManagement.cs,255,64,30f,ai.squadLayer.servePendingDistanceMin,m,ban_kinh,06,pass2:inline,,"compare: if (Vector2.Distance(s.Centre, p.Rendezvous) > 30f || (!v.IsMoving && v.Order.Kind == OrderKind.Idle))"
Sim/AI/P2/SquadManagement.cs,257,73,30f,ai.squadLayer.servePendingDistanceMin,m,ban_kinh,06,pass2:inline,,"compare: var at = Vector2.Distance(s.Centre, p.Rendezvous) > 30f ? Rendezvous(world, intel, s, v) : p.Rendezvous;"
Sim/AI/P2/SquadManagement.cs,261,95,2f,ai.squadLayer.servePendingIntervalScale,s,thoi_gian,06,pass2:inline,,"multiply: world.CombatWatch.Explain(p.Id, CombatIdleReason.WaitingFormation, Interval * 2f + 0.5f);"
Sim/AI/P2/SquadManagement.cs,261,100,0.5f,ai.squadLayer.servePendingIntervalAdd,s,thoi_gian,06,pass2:inline,,"add: world.CombatWatch.Explain(p.Id, CombatIdleReason.WaitingFormation, Interval * 2f + 0.5f);"
Sim/AI/P2/SquadManagement.cs,313,39,0.5f,ai.squadLayer.understrengthPowerFloor,x,nguong,06,pass2:inline,,"math_max: full += MathF.Max(0.5f, v.Def.Power);"
Sim/AI/P2/SquadManagement.cs,326,103,30f,ai.squadLayer.compatibleTasksDistanceMax,m,ban_kinh,06,pass2:inline,,"compare: return !a.Objective.HasValue || Vector2.Distance(a.Objective.Value, b.Objective!.Value) < 30f;"
Sim/AI/P2/SquadManagement.cs,370,51,2,ai.squadLayer.splitI,count,gioi_han_thuc_the,06,pass2:inline,,compound_assign: for (var i = 1; i < order.Count; i += 2)
Sim/AI/P2/SquadManagement.cs,400,95,3.0,ai.squadLayer.updateLifecycleTimeMax,s,thoi_gian,06,pass2:inline,,compare: if (s.Lifecycle == SquadLifecycle.Reorganizing && world.Time - s.LifecycleSince < 3.0) return;
Sim/AI/P2/SquadManagement.cs,444,53,2f,ai.squadLayer.cohesionOfGatherRadiusScale,m,ban_kinh,06,pass2:inline,,"multiply: var span = MathF.Max(1f, GatherRadius * 2f - GatheredRadius);"
Sim/AI/P2/SquadManagement.cs,455,101,0.3f,ai.squadLayer.cohesionOfBeforeSub,m,ban_kinh,06,pass2:inline,,"subtract: var closing = s.GoalDistance.TryGetValue(v.Id, out var before) && toGoal < before - 0.3f;"
Sim/AI/P2/SquadManagement.cs,457,90,15f,ai.squadLayer.cohesionOfDistanceMax,m,ban_kinh,06,pass2:inline,,"compare: var atSlot = !v.HasPath || Vector2.Distance(v.Position, v.Order.Point) < 15f;"
Sim/AI/P2/SquadManagement.cs,458,43,3.0,ai.squadLayer.cohesionOfNowMax,s,thoi_gian,06,pass2:inline,,compare: if (now - v.LastFiredAt < 3.0 || atSlot || closing) progress += 1f;
Sim/AI/P2/SquadManagement.cs,482,62,2,ai.squadLayer.cohesionOfI,m,ban_kinh,06,pass2:inline,,arg:SquadLayer.W: return W(0) * distance / n + W(1) * coverage + W(2) * progress / n;
Sim/AI/P2/SquadManagement.cs,506,82,0.2f,ai.squadLayer.powerOfCooldownFloor,s,sat_thuong,06,pass2:inline,,"math_max: var dps = weapon.Damage * MathF.Max(1, weapon.Burst) / MathF.Max(0.2f, weapon.Cooldown);"
Sim/AI/P2/SquadManagement.cs,507,57,0.05f,ai.squadLayer.powerOfEstimateFloor,x,sat_thuong,06,pass2:inline,,"math_max: var effect = sample != null ? MathF.Max(0.05f, world.Damage.Estimate(weapon, v, sample)) : 1f;"
Sim/AI/P2/SquadManagement.cs,508,38,100f,ai.squadLayer.powerOfHpDivisor,x,sat_thuong,06,pass2:inline,,divide: var survive = v.Hp / 100f * (1f + v.Armour.Front * 0.25f);
Sim/AI/P2/SquadManagement.cs,508,68,0.25f,ai.squadLayer.powerOfFrontScale,x,sat_thuong,06,pass2:inline,,multiply: var survive = v.Hp / 100f * (1f + v.Armour.Front * 0.25f);
Sim/AI/P2/SquadManagement.cs,511,55,40f,ai.squadLayer.powerOfRangeDivisor,m,ban_kinh,06,pass2:inline,,"divide: var range = Math.Clamp(weapon.Range / 40f, 0.5f, 1.5f);"
Sim/AI/P2/SquadManagement.cs,511,60,0.5f,ai.squadLayer.powerOfRangeMin,m,ban_kinh,06,pass2:inline,,"math_clamp: var range = Math.Clamp(weapon.Range / 40f, 0.5f, 1.5f);"
Sim/AI/P2/SquadManagement.cs,511,66,1.5f,ai.squadLayer.powerOfRangeMax,m,ban_kinh,06,pass2:inline,,"math_clamp: var range = Math.Clamp(weapon.Range / 40f, 0.5f, 1.5f);"
Sim/AI/P2/SquadManagement.cs,535,46,8f,ai.squadLayer.n22,m,ban_kinh,06,pass2:inline,,"table: foreach (var back in new[] { 0f, 8f, 16f })"
Sim/AI/P2/SquadManagement.cs,535,50,16f,ai.squadLayer.n32,m,ban_kinh,06,pass2:inline,,"table: foreach (var back in new[] { 0f, 8f, 16f })"
Sim/AI/P2/SquadManagement.cs,536,49,8f,ai.squadLayer.n23,m,ban_kinh,06,pass2:inline,,"table: foreach (var lat in new[] { 0f, 8f, -8f })"
Sim/AI/P2/SquadManagement.cs,536,54,-8f,ai.squadLayer.n33,m,ban_kinh,06,pass2:inline,,"table: foreach (var lat in new[] { 0f, 8f, -8f })"
Sim/AI/P2/SquadManagement.cs,538,82,6f,ai.squadLayer.regroupPointMargin,x,khac,06,pass2:inline,,"arg:MapDefinition.Clamp: var p = world.Map.Clamp(s.Centre + away * back + side * lat, 6f);"
Sim/AI/P2/SquadManagement.cs,546,73,0.5f,ai.squadLayer.regroupPointWidthScale,m,ban_kinh,06,pass2:inline,,"multiply: if (Vector2.Distance(ch.Centre, p) < ch.Width * 0.5f + 4f) choke = 1f;"
Sim/AI/P2/SquadManagement.cs,546,80,4f,ai.squadLayer.regroupPointWidthAdd,m,ban_kinh,06,pass2:inline,,"add: if (Vector2.Distance(ch.Centre, p) < ch.Width * 0.5f + 4f) choke = 1f;"
Sim/AI/P2/SquadManagement.cs,547,43,3f,ai.squadLayer.regroupPointSplashScale,x,sat_thuong,06,pass2:inline,,multiply: var score = -splash * 3f - route * 2f - choke * 3f - back * 0.05f - MathF.Abs(lat) * 0.02f;
Sim/AI/P2/SquadManagement.cs,547,56,2f,ai.squadLayer.regroupPointRouteScale,x,sat_thuong,06,pass2:inline,,multiply: var score = -splash * 3f - route * 2f - choke * 3f - back * 0.05f - MathF.Abs(lat) * 0.02f;
Sim/AI/P2/SquadManagement.cs,547,69,3f,ai.squadLayer.regroupPointChokeScale,x,sat_thuong,06,pass2:inline,,multiply: var score = -splash * 3f - route * 2f - choke * 3f - back * 0.05f - MathF.Abs(lat) * 0.02f;
Sim/AI/P2/SquadManagement.cs,547,81,0.05f,ai.squadLayer.regroupPointBackScale,x,sat_thuong,06,pass2:inline,,multiply: var score = -splash * 3f - route * 2f - choke * 3f - back * 0.05f - MathF.Abs(lat) * 0.02f;
Sim/AI/P2/SquadManagement.cs,547,106,0.02f,ai.squadLayer.regroupPointAbsScale,x,sat_thuong,06,pass2:inline,,multiply: var score = -splash * 3f - route * 2f - choke * 3f - back * 0.05f - MathF.Abs(lat) * 0.02f;
Sim/AI/P2/SquadManagement.cs,581,45,5f,ai.squadLayer.slowestSpeedSlowTrue,m/s,tan_suat,06,pass2:inline,,conditional: return slow == float.MaxValue ? 5f : slow;
Sim/AI/P3/Coordination.cs,26,39,256,ai.coordinationState.maxShells,count,nguong,06,pass2:const_to_property,,const_field: private const int MaxShells = 256;
Sim/AI/P3/Coordination.cs,68,52,150f,ai.coordinationState.observeMaxHpDivisor,count,nguong,06,pass2:inline,,"divide: var value = v.Def.Boss ? v.MaxHp / 150f : MathF.Max(0.5f, v.Def.Power);"
Sim/AI/P3/Coordination.cs,68,69,0.5f,ai.coordinationState.observePowerFloor,x,nguong,06,pass2:inline,,"math_max: var value = v.Def.Boss ? v.MaxHp / 150f : MathF.Max(0.5f, v.Def.Power);"
Sim/AI/P3/Coordination.cs,95,128,131,ai.coordinationState.observeValueScale,s,thoi_gian,06,pass2:inline,,"multiply: _shells.Add(new Shell(shooter.Team, e.Position, e.Target, _world.Time + MathF.Max(0f, e.Value), shooter.Id.Value * 131 + n));"
Sim/AI/P3/Coordination.cs,121,36,1024,ai.coordinationState.stepCountMin,count,gioi_han_thuc_the,06,pass2:inline,,compare: if (_shotCount.Count > 1024) _shotCount.Clear();
Sim/AI/P3/Coordination.cs,212,109,0.01f,ai.counterattackWindow.opensLostFloor,x,nguong,06,pass2:inline,,"math_max: public static bool Opens(float lost, float remaining, float share) => lost > 0f && lost / MathF.Max(0.01f, lost + MathF.Max(0f, remaining)) >= share;"
Sim/AI/P3/CoordinationRules.cs,56,36,0.35f,ai.tacticalConfidence.computeD,x,khac,06,pass2:inline,,"arg:TacticalConfidence.W: return Math.Clamp(W(0, 0.35f) * localRatio + W(1, 0.20f) * roleCoverage + W(2, 0.15f) * support + W(3, 0.10f) * position +"
Sim/AI/P3/CoordinationRules.cs,56,63,0.20f,ai.tacticalConfidence.computeD2,x,khac,06,pass2:inline,,"arg:TacticalConfidence.W: return Math.Clamp(W(0, 0.35f) * localRatio + W(1, 0.20f) * roleCoverage + W(2, 0.15f) * support + W(3, 0.10f) * position +"
Sim/AI/P3/CoordinationRules.cs,56,89,2,ai.tacticalConfidence.computeI,x,khac,06,pass2:inline,,"arg:TacticalConfidence.W: return Math.Clamp(W(0, 0.35f) * localRatio + W(1, 0.20f) * roleCoverage + W(2, 0.15f) * support + W(3, 0.10f) * position +"
Sim/AI/P3/CoordinationRules.cs,56,92,0.15f,ai.tacticalConfidence.computeD3,x,khac,06,pass2:inline,,"arg:TacticalConfidence.W: return Math.Clamp(W(0, 0.35f) * localRatio + W(1, 0.20f) * roleCoverage + W(2, 0.15f) * support + W(3, 0.10f) * position +"
Sim/AI/P3/CoordinationRules.cs,56,113,3,ai.tacticalConfidence.computeI2,x,khac,06,pass2:inline,,"arg:TacticalConfidence.W: return Math.Clamp(W(0, 0.35f) * localRatio + W(1, 0.20f) * roleCoverage + W(2, 0.15f) * support + W(3, 0.10f) * position +"
Sim/AI/P3/CoordinationRules.cs,56,116,0.10f,ai.tacticalConfidence.computeD4,x,khac,06,pass2:inline,,"arg:TacticalConfidence.W: return Math.Clamp(W(0, 0.35f) * localRatio + W(1, 0.20f) * roleCoverage + W(2, 0.15f) * support + W(3, 0.10f) * position +"
Sim/AI/P3/CoordinationRules.cs,100,125,0.5f,ai.syncPlanner.etaSpeedFloor,m,ban_kinh,06,pass2:inline,,"math_max: public static float Eta(float distance, float speed) => MathF.Max(0f, distance) * Tun.AttackSync.Detour / MathF.Max(0.5f, speed);"
Sim/AI/P3/CoordinationRules.cs,171,84,2f,ai.scoutPlanner.waitScoutMaxWaitSCap,s,thoi_gian,06,pass2:inline,,"math_min: public static float Wait(float scoutEta) => Math.Clamp(scoutEta, MathF.Min(2f, Tun.AttackSync.ScoutMaxWaitS), Tun.AttackSync.ScoutMaxWaitS);"
Sim/AI/P3/CoordinationRules.cs,178,46,2,ai.fixAndFlank.viableAccessRoutesMin,x,nguong,06,pass2:inline,,compare: stableCluster && accessRoutes >= 2 && enemyPower > 0f && ownPower >= enemyPower * threshold * 0.8f;
Sim/AI/P3/CoordinationRules.cs,178,107,0.8f,ai.fixAndFlank.viableEnemyPowerScale,x,nguong,06,pass2:inline,,multiply: stableCluster && accessRoutes >= 2 && enemyPower > 0f && ownPower >= enemyPower * threshold * 0.8f;
Sim/AI/P3/CoordinationRules.cs,213,63,0.1f,ai.pursuitDiscipline.interceptAgeFadeSFloor,x,nguong,06,pass2:inline,,"math_max: var h = horizon * Math.Clamp(1f - age / MathF.Max(0.1f, Tun.Pursuit.AgeFadeS), 0f, 1f);"
Sim/AI/P3/CoordinationRules.cs,215,76,2f,ai.pursuitDiscipline.interceptDotScale,x,tan_suat,06,pass2:inline,,"multiply: float a = Vector2.Dot(velocity, velocity) - speed * speed, b = 2f * Vector2.Dot(d, velocity), c = Vector2.Dot(d, d);"
Sim/AI/P3/CoordinationRules.cs,292,64,0.5f,ai.objectiveRules.recoveryCostEnemyMin,CP,nguong,06,pass2:inline,,"math_clamp: lostThere * Math.Clamp(enemy / MathF.Max(1f, own), 0.5f, 3f);"
Sim/AI/P3/CoordinationRules.cs,292,70,3f,ai.objectiveRules.recoveryCostEnemyMax,CP,nguong,06,pass2:inline,,"math_clamp: lostThere * Math.Clamp(enemy / MathF.Max(1f, own), 0.5f, 3f);"
Sim/AI/P3/CoordinationRules.cs,303,108,0.9f,ai.objectiveRules.depthLinesIMax,x,nguong,06,pass2:inline,,"math_clamp: for (var i = 0; i < n; i++) result[i] = Vector2.Lerp(objective, home, Math.Clamp(i * step, 0f, 0.9f));"
Sim/AI/P3/CoordinationRules.cs,348,44,2,ai.shootAndScoot.salvosLengthFalse,m,ban_kinh,06,pass2:inline,,"conditional: int lo = s.Length > 0 ? s[0] : 2, hi = s.Length > 1 ? s[1] : lo;"
Sim/AI/P3/CoordinationRules.cs,355,46,12f,ai.shootAndScoot.distanceLengthFalse,m,ban_kinh,06,pass2:inline,,"conditional: float lo = d.Length > 0 ? d[0] : 12f, hi = d.Length > 1 ? d[1] : lo;"
Sim/AI/P3/CoordinationRules.cs,356,43,37,ai.shootAndScoot.distanceGunIdScale,m,ban_kinh,06,pass2:inline,,multiply: return lo + (Math.Abs(gunId * 37) % 101) / 100f * (hi - lo);
Sim/AI/P3/CoordinationRules.cs,356,49,101,ai.shootAndScoot.distanceAbsMod,m,ban_kinh,06,pass2:inline,,modulo: return lo + (Math.Abs(gunId * 37) % 101) / 100f * (hi - lo);
Sim/AI/P3/CounterBattery.cs,30,38,2f,ai.originEstimate.confidenceShotsDivisor,s,thoi_gian,06,pass2:inline,,"divide: (1f - MathF.Exp(-Shots / 2f)) * MathF.Pow(0.5f, (float)(Math.Max(0.0, now - LastAt) / MathF.Max(0.1f, Tun.FireMissions.HalfLifeS)));"
Sim/AI/P3/CounterBattery.cs,30,55,0.5f,ai.originEstimate.confidenceMaxExponent,count,thoi_gian,06,pass2:inline,,"math_pow: (1f - MathF.Exp(-Shots / 2f)) * MathF.Pow(0.5f, (float)(Math.Max(0.0, now - LastAt) / MathF.Max(0.1f, Tun.FireMissions.HalfLifeS)));"
Sim/AI/P3/CounterBattery.cs,30,109,0.1f,ai.originEstimate.confidenceHalfLifeSFloor,s,thoi_gian,06,pass2:inline,,"math_max: (1f - MathF.Exp(-Shots / 2f)) * MathF.Pow(0.5f, (float)(Math.Max(0.0, now - LastAt) / MathF.Max(0.1f, Tun.FireMissions.HalfLifeS)));"
Sim/AI/P3/CounterBattery.cs,44,42,16,ai.counterBatteryTracker.maxEstimates,count,nguong,06,pass2:const_to_property,,const_field: private const int MaxEstimates = 16;
Sim/AI/P3/CounterBattery.cs,45,40,64,ai.counterBatteryTracker.maxImpacts,count,nguong,06,pass2:const_to_property,,const_field: private const int MaxImpacts = 64;
Sim/AI/P3/CounterBattery.cs,88,57,2f,ai.counterBatteryTracker.observeMaxScale,count,ban_kinh,06,pass2:inline,,"multiply: if (d <= Tun.FireMissions.MergeRadius + 2f * MathF.Max(e.ErrorRadius, error) && d < bestD)"
Sim/AI/P3/CounterBattery.cs,130,59,0.05f,ai.counterBatteryTracker.pruneConfidenceMax,s,thoi_gian,06,pass2:inline,,compare: _estimates.RemoveAll(e => e.Confidence(now) < 0.05f);
Sim/AI/P3/CounterBattery.cs,131,67,60.0,ai.counterBatteryTracker.pruneNowMin,s,thoi_gian,06,pass2:inline,,compare: while (_impacts.Count > 0 && now - _impacts[0].time > 60.0) _impacts.RemoveAt(0);
Sim/AI/P3/CounterBattery.cs,156,31,64,ai.routeBook.pruneCountMax,count,gioi_han_thuc_the,06,pass2:inline,,compare: if (_book.Count < 64) return;
Sim/AI/P3/FrontlineModel.cs,102,48,60f,ai.frontlineModel.rebuildWidth,s,thoi_gian,06,pass2:inline,,"arg:FrontlineModel.AddFinal: AddFinal(centre, normal, f, e, 60f, 0.3f, now);"
Sim/AI/P3/FrontlineModel.cs,102,53,0.3f,ai.frontlineModel.rebuildConfidence,s,thoi_gian,06,pass2:inline,,"arg:FrontlineModel.AddFinal: AddFinal(centre, normal, f, e, 60f, 0.3f, now);"
Sim/AI/P3/FrontlineModel.cs,111,33,3f,ai.frontlineModel.addSegmentCellScale,m,ban_kinh,06,pass2:inline,,multiply: var radius = cell * 3f;
Sim/AI/P3/FrontlineModel.cs,125,51,0.5f,ai.frontlineModel.addSegmentThreatMemoryScale,s,thoi_gian,06,pass2:inline,,"multiply: var e = MathF.Max(intel.Enemy[i], 0.5f * memory.ThreatMemory(p, now));"
Sim/AI/P3/FrontlineModel.cs,143,113,4f,ai.frontlineModel.addSegmentWidthFloor,m,ban_kinh,06,pass2:inline,,"math_max: if (Vector2.Distance(ch.Centre, centre) <= radius) width = MathF.Min(width, MathF.Max(ch.Width, 4f));"
Sim/AI/P3/FrontlineModel.cs,148,69,1.5f,ai.frontlineModel.addSegmentRadiusScale,m,ban_kinh,06,pass2:inline,,"multiply: if (Vector2.Distance(c.Position, centre) > radius * 1.5f) continue;"
Sim/AI/P3/FrontlineModel.cs,149,84,0.1f,ai.frontlineModel.addSegmentStrengthFloor,s,thoi_gian,06,pass2:inline,,"math_max: sum += c.Confidence(world.Time, intel.ConfidenceDecay) * MathF.Max(0.1f, c.Strength);"
Sim/AI/P3/FrontlineModel.cs,150,32,0.1f,ai.frontlineModel.addSegmentStrengthFloor,x,nguong,06,pass2:inline,,"math_max: w += MathF.Max(0.1f, c.Strength);"
Sim/AI/P3/FrontlineModel.cs,152,76,0.4f,ai.frontlineModel.addSegmentWFalse,s,thoi_gian,06,pass2:inline,,"conditional: AddFinal(centre, normal, own, enemy, width, w > 0f ? sum / w : 0.4f, now);"
Sim/AI/P3/FrontlineModel.cs,159,69,12f,ai.frontlineModel.addFinalDistanceMax,m,ban_kinh,06,pass2:inline,,"compare: if (Vector2.Distance(_previous[i].Centre, centre) < 12f) since = Math.Min(since, _previousSince[i]);"
Sim/AI/P3/FrontlineModel.cs,160,106,10.0,ai.frontlineModel.addFinalNowDivisor,s,thoi_gian,06,pass2:inline,,"divide: _segments.Add(new FrontSegment(centre, normal, own, enemy, (float)Math.Clamp((now - since) / 10.0, 0.0, 1.0), width, confidence));"
Sim/AI/P3/FrontlineModel.cs,200,57,0.1f,,,nguong,,pass2:,,"math_max: var ratio = s.EnemyPressure / MathF.Max(0.1f, s.FriendlyPressure);"
Sim/AI/P3/FrontlineModel.cs,239,40,0.01f,ai.frontlineModel.dirLengthSquaredMin,m,ban_kinh,06,pass2:inline,,compare: return d.LengthSquared() > 0.01f ? Vector2.Normalize(d) : Vector2.UnitY;
Sim/AI/P3/PlannedActionBoard.cs,96,50,16,ai.plannedActionBoard.plannedDamageShooterDivisor,x,sat_thuong,06,pass2:inline,,divide: if (r.until > now && r.shooter / 16 != except.Value) sum += r.amount;
Sim/AI/P3/PlannedActionBoard.cs,181,33,16,ai.plannedActionBoard.planSmokeCountMin,count,gioi_han_thuc_the,06,pass2:inline,,compare: if (_smoke.Count >= 16) _smoke.RemoveAt(0);
Sim/AI/P3/PlannedActionBoard.cs,207,33,256,ai.plannedActionBoard.pruneCountMin,count,sat_thuong,06,pass2:inline,,compare: if (_damage.Count > 256)
Sim/AI/P3/PlannedActionBoard.cs,216,44,2048,ai.plannedActionBoard.pruneCountMin2,count,gioi_han_thuc_the,06,pass2:inline,,compare: if (_shooterTarget.Count > 2048) _shooterTarget.Clear();
Sim/AI/P3/PlannedActionBoard.cs,219,35,64,ai.plannedActionBoard.pruneCountMin3,count,gioi_han_thuc_the,06,pass2:inline,,compare: if (_missions.Count > 64)
Sim/AI/P3/SquadLayer.P3.cs,29,59,255,ai.squad.p3RouteAction,count,gioi_han_thuc_the,06,pass2:inline,,field_init: internal SquadAction P3RouteAction = (SquadAction)255;
Sim/AI/P3/SquadLayer.P3.cs,61,65,80f,ai.squadLayer.confidenceOfScale,m,ban_kinh,06,pass2:inline,,"multiply: if (Vector2.DistanceSquared(c.Position, goal) > 80f * 80f) continue;"
Sim/AI/P3/SquadLayer.P3.cs,61,71,80f,ai.squadLayer.confidenceOfScale,m,ban_kinh,06,pass2:inline,,"multiply: if (Vector2.DistanceSquared(c.Position, goal) > 80f * 80f) continue;"
Sim/AI/P3/SquadLayer.P3.cs,74,94,0.8f,ai.squadLayer.confidenceOfHasAtFalse,x,sat_thuong,06,pass2:inline,,"conditional: var roleCoverage = all <= 0f ? 1f : Math.Clamp(1f - armour / all * (hasAt ? 0f : 0.8f) - air / all * (hasAa ? 0f : 1f), 0f, 1f);"
Sim/AI/P3/SquadLayer.P3.cs,82,77,40f,ai.squadLayer.confidenceOfScale2,m,ban_kinh,06,pass2:inline,,"multiply: var near = Vector2.DistanceSquared(v.Position, s.Centre) <= 40f * 40f;"
Sim/AI/P3/SquadLayer.P3.cs,82,83,40f,ai.squadLayer.confidenceOfScale2,m,ban_kinh,06,pass2:inline,,"multiply: var near = Vector2.DistanceSquared(v.Position, s.Centre) <= 40f * 40f;"
Sim/AI/P3/SquadLayer.P3.cs,90,77,30f,ai.squadLayer.confidenceOfRadius,s,thoi_gian,06,pass2:inline,,"arg:TacticalMemory.UnknownShare: var intelConfidence = (1f - tc.Memory.UnknownShare(intel, goal, 30f, now)) * Confidence(intel, goal, radius, now);"
Sim/AI/P3/SquadLayer.P3.cs,107,48,0.5f,ai.squadLayer.adjustP3HeavyShareMin,share,nguong,06,pass2:inline,,"compare: var heavy = HeavyShare(world, s) > 0.5f;"
Sim/AI/P3/SquadLayer.P3.cs,129,68,0.01f,ai.squadLayer.adjustP3CostsMin,x,nguong,06,pass2:inline,,"compare: if (!float.IsNaN(costs[i]) && costs[i] - minCost > 0.01f) factors.Add(new Factor(""route"", -(costs[i] - minCost) * Tun.Routes.Points));"
Sim/AI/P3/SquadLayer.P3.cs,134,144,-2f,ai.squadLayer.adjustP3PtsScale,count,gioi_han_thuc_the,06,pass2:inline,,"multiply: if (!TacticalConfidence.MayCommit(conf, urgent) && s.Action != SquadAction.Attack) factors.Add(new Factor(""noCommit"", -2f * pts));"
Sim/AI/P3/SquadLayer.P3.cs,135,49,20f,ai.squadLayer.adjustP3Extra,count,gioi_han_thuc_the,06,pass2:inline,,"arg:TeamCoordination.WindowNear: if (tc.WindowNear(goal, 20f) != null) factors.Add(new Factor(""counterattack"", pts));"
Sim/AI/P3/SquadLayer.P3.cs,153,141,0.01f,ai.squadLayer.adjustP3CautiousFloor,x,nguong,06,pass2:inline,,"math_max: if (conf < Tun.Confidence.Cautious) factors.Add(new Factor(""cautious"", (Tun.Confidence.Cautious - conf) / MathF.Max(0.01f, Tun.Confidence.Cautious) * "
Sim/AI/P3/SquadLayer.P3.cs,161,62,100f,ai.squadLayer.adjustP3ScoreMax,x,nguong,06,pass2:inline,,"math_clamp: _options[i] = (action, Math.Clamp(score, 0f, 100f), factors);"
Sim/AI/P3/SquadLayer.P3.cs,199,75,4f,ai.squadLayer.congestionAlongReachAdd,m,ban_kinh,06,pass2:inline,,"add: if (DistanceToSegment(p.Centre, from, to) > p.Reach + 4f) continue;"
Sim/AI/P3/SquadLayer.P3.cs,201,76,3f,ai.squadLayer.congestionAlongHullWidth,m,ban_kinh,06,pass2:inline,,"arg:Passage.Lanes: cost += MathF.Min(1f, arrivals / MathF.Max(1f, p.Lanes(3f) * 3f));"
Sim/AI/P3/SquadLayer.P3.cs,201,82,3f,ai.squadLayer.congestionAlongLanesScale,x,nguong,06,pass2:inline,,"multiply: cost += MathF.Min(1f, arrivals / MathF.Max(1f, p.Lanes(3f) * 3f));"
Sim/AI/P3/SquadLayer.P3.cs,204,93,0.2f,ai.squadLayer.congestionAlongMinScale,m,ban_kinh,06,pass2:inline,,"multiply: if (DistanceToSegment(intel.CellCentre(c), from, to) <= intel.Cell) cost += 0.2f * MathF.Min(3, intel.Density[c] - 1);"
Sim/AI/P3/SquadLayer.P3.cs,204,110,3,ai.squadLayer.congestionAlongDensityCap,count,ban_kinh,06,pass2:inline,,"math_min: if (DistanceToSegment(intel.CellCentre(c), from, to) <= intel.Cell) cost += 0.2f * MathF.Min(3, intel.Density[c] - 1);"
Sim/AI/P3/SquadLayer.P3.cs,205,30,3f,ai.squadLayer.congestionAlongCostCap,count,tran,06,pass2:inline,,"math_min: return MathF.Min(3f, cost);"
Sim/AI/P3/SquadLayer.P3.cs,225,48,255,ai.squadLayer.trackRouteP3P3RouteAction,count,gioi_han_thuc_the,06,pass2:inline,,assign: s.P3RouteAction = (SquadAction)255;
Sim/AI/P3/SquadLayer.P3.cs,231,56,0.1f,ai.squadLayer.trackRouteP3RoutePenaltyMin,s,thoi_gian,06,pass2:inline,,"compare: if (tc.Memory.RoutePenalty(key, now) > 0.1f) tc.Metrics.RouteRepeatAfterFailure++;"
Sim/AI/P3/SquadLayer.P3.cs,281,111,1.5f,ai.squadLayer.stageP3Seconds,s,thoi_gian,06,pass2:inline,,"arg:CombatActivityWatchdog.Explain: foreach (var id in s.MemberList) world.CombatWatch.Explain(id, CombatIdleReason.WaitingFormation, 1.5f);"
Sim/AI/P3/SquadLayer.P3.cs,296,78,10f,ai.squadLayer.fixP3ReachFloor,m,ban_kinh,06,pass2:inline,,"math_max: var kept = FixAndFlank.FixGoal(s.Centre, target, goal, MathF.Max(10f, s.Reach));"
Sim/AI/P3/SquadLayer.P3.cs,312,35,10f,ai.squadLayer.pursuitP3ReachFloor,m,ban_kinh,06,pass2:inline,,"math_max: var reach = MathF.Max(10f, s.Reach);"
Sim/AI/P3/SquadLayer.P3.cs,328,97,30f,ai.squadLayer.pursuitP3DistanceMax,m,ban_kinh,06,pass2:inline,,"compare: var threatens = s.Task.Objective is { } o && Vector2.Distance(enemy.Position, o) <= 30f;"
Sim/AI/P3/SquadLayer.P3.cs,376,77,25f,ai.squadLayer.cutoffP3DistanceMax,m,ban_kinh,06,pass2:inline,,"compare: if (!g.Air && Vector2.Distance(g.Centre, enemy.Position) <= 25f)"
Sim/AI/P3/SquadLayer.P3.cs,391,75,10f,ai.squadLayer.cutoffP3WidthAdd,m,ban_kinh,06,pass2:inline,,add: if (MathF.Abs(rel.X * dir.Y - rel.Y * dir.X) > ch.Width + 10f) continue;
Sim/AI/P3/SquadLayer.P3.cs,405,24,2,ai.squadLayer.antiAirSquadNScale,count,gioi_han_thuc_the,06,pass2:inline,,multiply: return n * 2 > s.MemberList.Count;
Sim/AI/P3/SquadLayer.P3.cs,433,125,0.5f,ai.squadLayer.focusShareP3StrengthScale,share,sat_thuong,06,pass2:inline,,multiply: var highThreat = shootsUs && (c.Group is ForceGroup.AntiTank or ForceGroup.Armour || c.Strength >= s.Strength * 0.5f);
Sim/AI/P3/SquadLayer.P3.cs,461,117,0.6f,ai.squadLayer.stanceP3HoldFireFalse,x,nguong,06,pass2:inline,,conditional: var share = m.HoldFire > 0f ? m.HoldFire : world.Catalog.Ai.HoldFire > 0f ? world.Catalog.Ai.HoldFire : 0.6f;
Sim/AI/P3/SquadLayer.P3.cs,462,32,2,ai.squadLayer.stanceP3LengthMin,m,ban_kinh,06,pass2:inline,,"compare: if (band.Length >= 2) share = Math.Clamp(share, band[0], band[1]);"
Sim/AI/P3/SquadLayer.P3.cs,508,141,1.5f,ai.squadLayer.unitsP3Seconds,s,thoi_gian,06,pass2:inline,,"arg:CombatActivityWatchdog.Explain: if (v.P3Stance == UnitStance.ReturnFire && !v.Target.IsValid) world.CombatWatch.Explain(id, CombatIdleReason.HoldFireOrder, 1.5f);"
Sim/AI/P3/SquadLayer.P3.cs,510,38,2,ai.squadLayer.unitsP3CountMax,count,gioi_han_thuc_the,06,pass2:inline,,compare: if (s.MemberList.Count < 2) return;
Sim/AI/P3/SquadLayer.P3.cs,521,33,0.2f,ai.squadLayer.unitsP3SuitBMax,count,gioi_han_thuc_the,06,pass2:inline,,compare: if (suitB < 0.2f || suitB < suitA * Tun.Board.HandoffRatio) continue;
Sim/AI/P3/SquadLayer.P3.cs,544,73,20f,ai.squadLayer.disperseHoldP3SpreadAdd,s,thoi_gian,06,pass2:inline,,"add: var hold = tc.Battery.RecentImpactNear(s.Centre, s.Spread + 20f, now, Tun.Stance.DispersalHoldS);"
Sim/AI/P3/SquadLayer.P3.cs,547,132,10f,ai.squadLayer.disperseHoldP3RadiusAdd,m,thoi_gian,06,pass2:inline,,"add: if (w.Team != _commander.Team && w.Due >= now && Vector2.Distance(w.Centre, s.Centre) <= w.Radius + s.Spread + 10f)"
Sim/AI/P3/TacticalMemory.cs,24,38,64,ai.tacticalMemory.maxMarks,count,nguong,06,pass2:const_to_property,,const_field: private const int MaxMarks = 64;
Sim/AI/P3/TacticalMemory.cs,51,93,0.5f,ai.tacticalMemory.decayAgeExponent,s,thoi_gian,06,pass2:inline,,"math_pow: private static float Decay(double age, float halfLife) => age <= 0 ? 1f : MathF.Pow(0.5f, (float)(age / MathF.Max(0.1f, halfLife)));"
Sim/AI/P3/TacticalMemory.cs,51,123,0.1f,ai.tacticalMemory.decayHalfLifeFloor,s,thoi_gian,06,pass2:inline,,"math_max: private static float Decay(double age, float halfLife) => age <= 0 ? 1f : MathF.Pow(0.5f, (float)(age / MathF.Max(0.1f, halfLife)));"
Sim/AI/P3/TacticalMemory.cs,124,34,10f,ai.tacticalMemory.deathDangerValueDivisor,s,thoi_gian,06,pass2:inline,,"divide: sum += d.Value / 10f * Decay(now - d.Time, Tun.Memory.DeathHalfLifeS) * (1f - 0.5f * dist / r);"
Sim/AI/P3/TacticalMemory.cs,124,95,0.5f,ai.tacticalMemory.deathDangerDistScale,s,thoi_gian,06,pass2:inline,,"multiply: sum += d.Value / 10f * Decay(now - d.Time, Tun.Memory.DeathHalfLifeS) * (1f - 0.5f * dist / r);"
Sim/AI/P3/TacticalMemory.cs,133,34,2f,ai.tacticalMemory.deathAlongDeathRadiusFloor,m,ban_kinh,06,pass2:inline,,"math_max: var step = MathF.Max(2f, Tun.Memory.DeathRadius * 0.5f);"
Sim/AI/P3/TacticalMemory.cs,133,63,0.5f,ai.tacticalMemory.deathAlongDeathRadiusScale,m,ban_kinh,06,pass2:inline,,"multiply: var step = MathF.Max(2f, Tun.Memory.DeathRadius * 0.5f);"
Sim/AI/P3/TacticalMemory.cs,183,28,4,ai.tacticalMemory.unknownModifierLengthMax,m,ban_kinh,06,pass2:inline,,compare: if (k.Length < 4) return 0.6f;
Sim/AI/P3/TacticalMemory.cs,183,38,0.6f,ai.tacticalMemory.unknownModifierUnknownModifier,m,ban_kinh,06,pass2:inline,,return: if (k.Length < 4) return 0.6f;
Sim/AI/P3/TacticalMemory.cs,204,33,64,ai.tacticalMemory.pruneRoutesCountMax,count,gioi_han_thuc_the,06,pass2:inline,,compare: if (_failed.Count < 64) return;
Sim/AI/P3/TacticalMemory.cs,207,49,0.02f,ai.tacticalMemory.pruneRoutesRoutePenaltyMax,s,thoi_gian,06,pass2:inline,,"compare: if (RoutePenalty(kv.Key, now) < 0.02f) old.Add(kv.Key);"
Sim/AI/P4/Air.P4.cs,61,21,8f,ai.aiCommander.blastOfR,x,sat_thuong,06,pass2:inline,,local_init: var r = 8f;
Sim/AI/P4/Air.P4.cs,109,60,3f,ai.aiCommander.prepareAirP4AgeMax,s,thoi_gian,06,pass2:inline,,compare: if (c.Flying && (c.InSight || c.Age(now) < 3f)) _airTargets.Add(c);
Sim/AI/P4/Air.P4.cs,110,95,30f,ai.aiCommander.prepareAirP4AgeMax2,s,thoi_gian,06,pass2:inline,,compare: if ((c.AntiAir || c.Group == ForceGroup.AntiAir) && !c.Flying && c.Age(now) < 30f && !c.Displaced &&
Sim/AI/P4/Air.P4.cs,123,50,40f,ai.aiCommander.prepareAirP4DistanceMax,m,ban_kinh,06,pass2:inline,,"compare: if (Vector2.Distance(z, p) < 40f) return;"
Sim/AI/P4/Air.P4.cs,124,50,10f,ai.aiCommander.prepareAirP4Margin,x,khac,06,pass2:inline,,"arg:MapDefinition.Clamp: _capZones.Add(world.Map.Clamp(p, 10f));"
Sim/AI/P4/Air.P4.cs,195,33,1.2f,ai.aiCommander.fighterP4ReachScale,m,ban_kinh,06,pass2:inline,,multiply: if (d > reach * 1.2f && t.Velocity.LengthSquared() > 1f)
Sim/AI/P4/Air.P4.cs,198,188,10f,ai.aiCommander.fighterP4Margin,s,thoi_gian,06,pass2:inline,,"arg:MapDefinition.Clamp: var ip = world.Map.Clamp(PursuitDiscipline.Intercept(v.Position, MathF.Max(1f, v.Def.Speed), t.Position, t.Velocity, Tun.AirOps.InterceptHorizonS, t.A"
Sim/AI/P4/Air.P4.cs,199,103,15f,ai.aiCommander.fighterP4DistanceMin,m,ban_kinh,06,pass2:inline,,"compare: if (v.Order.Kind != OrderKind.AttackMove || Vector2.Distance(v.Order.Point, ip) > 15f)"
Sim/AI/P4/Air.P4.cs,224,95,15f,ai.aiCommander.fighterP4DistanceMin,m,ban_kinh,06,pass2:inline,,"compare: if (v.Order.Kind != OrderKind.Move || Vector2.Distance(v.Order.Point, back) > 15f)"
Sim/AI/P4/Air.P4.cs,264,62,15.0,ai.aiCommander.seadReadyP4NowMax,s,thoi_gian,06,pass2:inline,,"compare: return tp.SeadUsed is { } su && now - su.time <= 15.0 && Vector2.Distance(su.at, goal) <= 80f;"
Sim/AI/P4/Air.P4.cs,264,103,80f,ai.aiCommander.seadReadyP4DistanceMax,m,thoi_gian,06,pass2:inline,,"compare: return tp.SeadUsed is { } su && now - su.time <= 15.0 && Vector2.Distance(su.at, goal) <= 80f;"
Sim/AI/P4/Air.P4.cs,280,65,4f,ai.aiCommander.bomberP4BlastAdd,x,sat_thuong,06,pass2:inline,,"add: var value = SeenGroundStrength(intel, goal, blast + 4f);"
Sim/AI/P4/Air.P4.cs,281,131,40f,ai.aiCommander.bomberP4DistanceMax,m,ban_kinh,06,pass2:inline,,"compare: var urgent = _urgency >= Tun.Pursuit.UrgencyDrop && Intent.PrimaryObjective is { } po && Vector2.Distance(po, goal) < 40f;"
Sim/AI/P4/Air.P4.cs,295,51,6.0,ai.aiCommander.bomberP4NowAdd,x,sat_thuong,06,pass2:inline,,"add: tp.ReserveDrop(goal, blast, now + 6.0);"
Sim/AI/P4/Air.P4.cs,304,73,4f,ai.aiCommander.bomberP4BlastAdd,x,sat_thuong,06,pass2:inline,,"add: var val = SeenGroundStrength(intel, c.Position, blast + 4f);"
Sim/AI/P4/Air.P4.cs,318,48,6.0,ai.aiCommander.bomberP4NowAdd,x,sat_thuong,06,pass2:inline,,"add: tp.ReserveDrop(b, blast, now + 6.0);"
Sim/AI/P4/Air.P4.cs,331,93,15f,ai.aiCommander.bomberP4DistanceMin,m,ban_kinh,06,pass2:inline,,"compare: if (v.Order.Kind != OrderKind.Move || Vector2.Distance(v.Order.Point, loiter) > 15f)"
Sim/AI/P4/Air.P4.cs,332,106,10f,ai.aiCommander.bomberP4Margin,x,khac,06,pass2:inline,,"arg:MapDefinition.Clamp: world.Submit(new Command(CommandType.Move, Team, new[] { v.Id }, world.Map.Clamp(loiter, 10f)));"
Sim/AI/P4/Air.P4.cs,350,49,0.01f,ai.aiCommander.approachLengthSquaredMin,m,ban_kinh,06,pass2:inline,,compare: inbound = inbound.LengthSquared() > 0.01f ? Vector2.Normalize(inbound) : Vector2.UnitX;
Sim/AI/P4/Air.P4.cs,353,48,-1.05f,ai.aiCommander.n2,m,ban_kinh,06,pass2:inline,,"table: foreach (var angle in new[] { 0f, -1.05f, 1.05f, -1.75f, 1.75f })"
Sim/AI/P4/Air.P4.cs,353,55,1.05f,ai.aiCommander.n3,m,ban_kinh,06,pass2:inline,,"table: foreach (var angle in new[] { 0f, -1.05f, 1.05f, -1.75f, 1.75f })"
Sim/AI/P4/Air.P4.cs,353,63,-1.75f,ai.aiCommander.n4,m,ban_kinh,06,pass2:inline,,"table: foreach (var angle in new[] { 0f, -1.05f, 1.05f, -1.75f, 1.75f })"
Sim/AI/P4/Air.P4.cs,353,70,1.75f,ai.aiCommander.n5,m,ban_kinh,06,pass2:inline,,"table: foreach (var angle in new[] { 0f, -1.05f, 1.05f, -1.75f, 1.75f })"
Sim/AI/P4/Air.P4.cs,357,55,50f,ai.aiCommander.approachDirScale,x,khac,06,pass2:inline,,"multiply: var wp = world.Map.Clamp(goal - dir * 50f, 10f);"
Sim/AI/P4/Air.P4.cs,357,60,10f,ai.aiCommander.approachMargin,x,khac,06,pass2:inline,,"arg:MapDefinition.Clamp: var wp = world.Map.Clamp(goal - dir * 50f, 10f);"
Sim/AI/P4/Air.P4.cs,388,72,90.0,ai.aiCommander.seadP4NowMin,s,thoi_gian,06,pass2:inline,,"compare: if (!_sead.TryGetValue(key, out var st) || now - st.Made > 90.0)"
Sim/AI/P4/Air.P4.cs,392,35,32,ai.aiCommander.seadP4CountMin,count,gioi_han_thuc_the,06,pass2:inline,,compare: if (_sead.Count > 32)
Sim/AI/P4/Air.P4.cs,396,51,90.0,ai.aiCommander.seadP4NowMin,s,thoi_gian,06,pass2:inline,,compare: if (now - kv.Value.Made > 90.0) old.Add(kv.Key);
Sim/AI/P4/Air.P4.cs,420,95,30f,ai.aiCommander.seadP4AgeMax,s,thoi_gian,06,pass2:inline,,"compare: if ((c.AntiAir || c.Group == ForceGroup.AntiAir) && !c.Flying && c.Age(now) < 30f && Vector2.Distance(c.Position, goal) <= 80f &&"
Sim/AI/P4/Air.P4.cs,420,140,80f,ai.aiCommander.seadP4DistanceMax,m,thoi_gian,06,pass2:inline,,"compare: if ((c.AntiAir || c.Group == ForceGroup.AntiAir) && !c.Flying && c.Age(now) < 30f && Vector2.Distance(c.Position, goal) <= 80f &&"
Sim/AI/P4/Air.P4.cs,425,53,0.01f,ai.aiCommander.seadP4LengthSquaredMin,m,ban_kinh,06,pass2:inline,,compare: inbound = inbound.LengthSquared() > 0.01f ? Vector2.Normalize(inbound) : Vector2.UnitX;
Sim/AI/P4/Air.P4.cs,427,81,40f,ai.aiCommander.seadP4ReachDefault,m,ban_kinh,06,pass2:inline,,"coalesce: var ingress = world.Map.Clamp(centre - inbound * ((aa?.Reach ?? 40f) + Tun.AirOps.SeadStandoff), 10f);"
Sim/AI/P4/Air.P4.cs,427,114,10f,ai.aiCommander.seadP4Margin,m,ban_kinh,06,pass2:inline,,"arg:MapDefinition.Clamp: var ingress = world.Map.Clamp(centre - inbound * ((aa?.Reach ?? 40f) + Tun.AirOps.SeadStandoff), 10f);"
Sim/AI/P4/Air.P4.cs,429,98,15f,ai.aiCommander.seadP4DistanceMin,m,ban_kinh,06,pass2:inline,,"compare: if (v.Order.Kind != OrderKind.Move || Vector2.Distance(v.Order.Point, ingress) > 15f)"
Sim/AI/P4/Air.P4.cs,444,52,25.0,ai.aiCommander.seadP4NowAdd,s,thoi_gian,06,pass2:inline,,"add: _approach[v.Id] = (goal, now + 25.0);"
Sim/AI/P4/Air.P4.cs,468,39,2.0,ai.aiCommander.egressP4NowMin,s,thoi_gian,06,pass2:inline,,"compare: if (now - v.LastFiredAt > 2.0 || (_egressAt.TryGetValue(v.Id, out var at) && now < at)) return false;"
Sim/AI/P4/Air.P4.cs,473,43,0.01f,ai.aiCommander.egressP4LengthSquaredMin,m,ban_kinh,06,pass2:inline,,compare: away = away.LengthSquared() > 0.01f ? Vector2.Normalize(away) : -SimMath.Forward(v.Heading);
Sim/AI/P4/Air.P4.cs,476,48,-0.87f,ai.aiCommander.n22,m,ban_kinh,06,pass2:inline,,"table: foreach (var angle in new[] { 0f, -0.87f, 0.87f, -1.75f, 1.75f })"
Sim/AI/P4/Air.P4.cs,476,55,0.87f,ai.aiCommander.n32,m,ban_kinh,06,pass2:inline,,"table: foreach (var angle in new[] { 0f, -0.87f, 0.87f, -1.75f, 1.75f })"
Sim/AI/P4/Air.P4.cs,476,63,-1.75f,ai.aiCommander.n42,m,ban_kinh,06,pass2:inline,,"table: foreach (var angle in new[] { 0f, -0.87f, 0.87f, -1.75f, 1.75f })"
Sim/AI/P4/Air.P4.cs,476,70,1.75f,ai.aiCommander.n52,m,ban_kinh,06,pass2:inline,,"table: foreach (var angle in new[] { 0f, -0.87f, 0.87f, -1.75f, 1.75f })"
Sim/AI/P4/Air.P4.cs,480,60,70f,ai.aiCommander.egressP4DirScale,x,khac,06,pass2:inline,,"multiply: var p = world.Map.Clamp(v.Position + dir * 70f, 10f);"
Sim/AI/P4/Air.P4.cs,480,65,10f,ai.aiCommander.egressP4Margin,x,khac,06,pass2:inline,,"arg:MapDefinition.Clamp: var p = world.Map.Clamp(v.Position + dir * 70f, 10f);"
Sim/AI/P4/Air.P4.cs,489,37,6.0,ai.aiCommander.egressP4NowAdd,s,thoi_gian,06,pass2:inline,,add: _egressAt[v.Id] = now + 6.0;
Sim/AI/P4/Air.P4.cs,512,54,60f,ai.aiCommander.riskRouteP4DistanceMax,m,ban_kinh,06,pass2:inline,,"compare: if (Vector2.Distance(v.Position, goal) < 60f || (!crosses && Level < 2)) return false;"
Sim/AI/P4/Air.P4.cs,512,82,2,ai.aiCommander.riskRouteP4LevelMax,m,ban_kinh,06,pass2:inline,,"compare: if (Vector2.Distance(v.Position, goal) < 60f || (!crosses && Level < 2)) return false;"
Sim/AI/P4/Air.P4.cs,516,44,25.0,ai.aiCommander.riskRouteP4NowAdd,s,thoi_gian,06,pass2:inline,,"add: _approach[v.Id] = (goal, now + 25.0);"
Sim/AI/P4/Ownership.P4.cs,48,74,2.0,ai.tacticalAi.claimGunP4NowAdd,s,thoi_gian,06,pass2:inline,,"add: tp.Ownership.Claim(gun.Id.Value, IntentOwner.Tactical, now + 2.0, now);"
Sim/AI/P4/Planning.cs,96,31,1e-3f,ai.adaptationTracker.purchaseModifierLowUtilizationFloor,x,nguong,06,pass2:inline,,"math_max: var t = MathF.Max(1e-3f, Tun.Adaptation.LowUtilization);"
Sim/AI/P4/Planning.cs,188,36,128,ai.teamPlanning.storeForecastCountMin,count,gioi_han_thuc_the,06,pass2:inline,,compare: if (_forecasts.Count > 128) _forecasts.Clear();
Sim/AI/P4/Planning.cs,221,125,20f,ai.teamPlanning.openDistanceMax,m,sat_thuong,06,pass2:inline,,"compare: if (o.Kind == w.Kind && o.Subject == w.Subject && (w.Subject != 0 || Vector2.Distance(o.Centre, w.Centre) < 20f))"
Sim/AI/P4/Planning.cs,271,53,20.0,ai.teamPlanning.observeDeathNowMin,s,thoi_gian,06,pass2:inline,,compare: if (c.events == 0 || now - c.last > 20.0)
Sim/AI/P4/Planning.cs,277,40,256,ai.teamPlanning.observeDeathCountMin,count,gioi_han_thuc_the,06,pass2:inline,,compare: if (_lossCells.Count > 256) _lossCells.Clear();
Sim/AI/P4/Planning.cs,281,48,150f,ai.teamPlanning.observeDeathMaxHpDivisor,count,nguong,06,pass2:inline,,"divide: var value = v.Def.Boss ? v.MaxHp / 150f : MathF.Max(0.5f, v.Def.Power);"
Sim/AI/P4/Planning.cs,281,65,0.5f,ai.teamPlanning.observeDeathPowerFloor,x,nguong,06,pass2:inline,,"math_max: var value = v.Def.Boss ? v.MaxHp / 150f : MathF.Max(0.5f, v.Def.Power);"
Sim/AI/P4/Planning.cs,283,38,128,ai.teamPlanning.observeDeathCountMin2,count,gioi_han_thuc_the,06,pass2:inline,,compare: if (_enemyLosses.Count > 128) _enemyLosses.RemoveAt(0);
Sim/AI/P4/Planning.cs,287,95,30f,ai.teamPlanning.observeDeathRangeFloor,m,sat_thuong,06,pass2:inline,,"math_max: Open(new OpportunityWindow(OpportunityKind.AntiAirDown, v.Position, MathF.Max(30f, v.Def.Weapon.Range), 0.8f,"
Sim/AI/P4/Planning.cs,287,121,0.8f,ai.teamPlanning.observeDeathConfidence,x,sat_thuong,06,pass2:inline,,"ctor_arg:OpportunityWindow: Open(new OpportunityWindow(OpportunityKind.AntiAirDown, v.Position, MathF.Max(30f, v.Def.Weapon.Range), 0.8f,"
Sim/AI/P4/Planning.cs,295,85,40f,ai.teamPlanning.observePartBrokenRadiusAdd,m,sat_thuong,06,pass2:inline,,"add: Open(new OpportunityWindow(OpportunityKind.BossPartDown, boss.Position, 40f + boss.Radius, 0.9f, _world.Time + Tun.Opportunity.PartDownS,"
Sim/AI/P4/Planning.cs,295,104,0.9f,ai.teamPlanning.observePartBrokenConfidence,x,sat_thuong,06,pass2:inline,,"ctor_arg:OpportunityWindow: Open(new OpportunityWindow(OpportunityKind.BossPartDown, boss.Position, 40f + boss.Radius, 0.9f, _world.Time + Tun.Opportunity.PartDownS,"
Sim/AI/P4/Planning.cs,308,45,1000003L,ai.teamPlanning.observeWarningsSourceScale,s,thoi_gian,06,pass2:inline,,multiply: key = ((long)w.Source * 1000003L + (long)MathF.Round(w.Centre.X * 0.5f) * 7919L + (long)MathF.Round(w.Centre.Y * 0.5f)) * 31L + (long)Math.Round(w.Due
Sim/AI/P4/Planning.cs,308,87,0.5f,ai.teamPlanning.observeWarningsXScale,s,thoi_gian,06,pass2:inline,,multiply: key = ((long)w.Source * 1000003L + (long)MathF.Round(w.Centre.X * 0.5f) * 7919L + (long)MathF.Round(w.Centre.Y * 0.5f)) * 31L + (long)Math.Round(w.Due
Sim/AI/P4/Planning.cs,308,95,7919L,ai.teamPlanning.observeWarningsRoundScale,s,thoi_gian,06,pass2:inline,,multiply: key = ((long)w.Source * 1000003L + (long)MathF.Round(w.Centre.X * 0.5f) * 7919L + (long)MathF.Round(w.Centre.Y * 0.5f)) * 31L + (long)Math.Round(w.Due
Sim/AI/P4/Planning.cs,308,134,0.5f,ai.teamPlanning.observeWarningsYScale,s,thoi_gian,06,pass2:inline,,multiply: key = ((long)w.Source * 1000003L + (long)MathF.Round(w.Centre.X * 0.5f) * 7919L + (long)MathF.Round(w.Centre.Y * 0.5f)) * 31L + (long)Math.Round(w.Due
Sim/AI/P4/Planning.cs,308,143,31L,ai.teamPlanning.observeWarningsSourceScale2,s,thoi_gian,06,pass2:inline,,multiply: key = ((long)w.Source * 1000003L + (long)MathF.Round(w.Centre.X * 0.5f) * 7919L + (long)MathF.Round(w.Centre.Y * 0.5f)) * 31L + (long)Math.Round(w.Due
Sim/AI/P4/Planning.cs,308,174,10.0,ai.teamPlanning.observeWarningsDueScale,s,thoi_gian,06,pass2:inline,,multiply: key = ((long)w.Source * 1000003L + (long)MathF.Round(w.Centre.X * 0.5f) * 7919L + (long)MathF.Round(w.Centre.Y * 0.5f)) * 31L + (long)Math.Round(w.Due
Sim/AI/P4/Planning.cs,314,70,4f,ai.teamPlanning.observeWarningsRadiusFloor,m,thoi_gian,06,pass2:inline,,"math_max: Vector2.Distance(f.centre, w.Centre) > MathF.Max(4f, w.Radius * 0.5f))"
Sim/AI/P4/Planning.cs,314,85,0.5f,ai.teamPlanning.observeWarningsRadiusScale,m,thoi_gian,06,pass2:inline,,"multiply: Vector2.Distance(f.centre, w.Centre) > MathF.Max(4f, w.Radius * 0.5f))"
Sim/AI/P4/Planning.cs,324,35,256,ai.teamPlanning.observeWarningsCountMin,count,thoi_gian,06,pass2:inline,,compare: if (_warnSeen.Count > 256)
Sim/AI/P4/Planning.cs,328,42,30.0,ai.teamPlanning.observeWarningsNowMin,s,thoi_gian,06,pass2:inline,,compare: if (now - kv.Value > 30.0) old.Add(kv.Key);
Sim/AI/P4/Planning.cs,357,32,64,ai.teamPlanning.updateCountMin,count,gioi_han_thuc_the,06,pass2:inline,,compare: if (_lanes.Count > 64)
Sim/AI/P4/Planning.cs,370,77,5f,ai.teamPlanning.updateAgeMax,s,thoi_gian,06,pass2:inline,,"compare: if (o != c && !o.Artillery && !o.Flying && o.Age(now) < 5f && Vector2.Distance(o.Position, c.Position) <= Tun.Opportunity.ExposedRadius)"
Sim/AI/P4/Planning.cs,376,94,20f,ai.teamPlanning.updateRadius,x,sat_thuong,06,pass2:inline,,"ctor_arg:OpportunityWindow: Open(new OpportunityWindow(OpportunityKind.ArtilleryExposed, c.Position, 20f, 0.7f, now + Tun.Opportunity.ArtilleryExposedS,"
Sim/AI/P4/Planning.cs,376,99,0.7f,ai.teamPlanning.updateConfidence,x,sat_thuong,06,pass2:inline,,"ctor_arg:OpportunityWindow: Open(new OpportunityWindow(OpportunityKind.ArtilleryExposed, c.Position, 20f, 0.7f, now + Tun.Opportunity.ArtilleryExposedS,"
Sim/AI/P4/Planning.cs,391,82,50f,ai.teamPlanning.updateRadius2,x,sat_thuong,06,pass2:inline,,"ctor_arg:OpportunityWindow: Open(new OpportunityWindow(OpportunityKind.MainForceFar, o2, 50f, main.Confidence, now + Tun.Opportunity.MainFarS,"
Sim/AI/P4/Planning.cs,394,91,15f,ai.teamPlanning.updateDistanceMin,m,ban_kinh,06,pass2:inline,,"compare: if (float.IsNaN(_objectiveFor.X) || Vector2.Distance(_objectiveFor, o2) > 15f)"
Sim/AI/P4/Planning.cs,399,72,2.0,ai.teamPlanning.updateNowSub,s,thoi_gian,06,pass2:inline,,subtract: var watched = intel.Seen[intel.CellIndex(o2)] >= now - 2.0;
Sim/AI/P4/Planning.cs,408,45,60f,ai.teamPlanning.updateRadius3,s,thoi_gian,06,pass2:inline,,"arg:TeamPlanning.EnemyLossesNear: EnemyLossesNear(o2, 60f, now - Tun.Opportunity.RedeployS) < (peak - seen) * 0.5f)"
Sim/AI/P4/Planning.cs,408,101,0.5f,ai.teamPlanning.updatePeakScale,s,thoi_gian,06,pass2:inline,,"multiply: EnemyLossesNear(o2, 60f, now - Tun.Opportunity.RedeployS) < (peak - seen) * 0.5f)"
Sim/AI/P4/Planning.cs,409,91,50f,ai.teamPlanning.updateRadius2,x,sat_thuong,06,pass2:inline,,"ctor_arg:OpportunityWindow: Open(new OpportunityWindow(OpportunityKind.DefendersRedeploy, o2, 50f, 0.6f, now + Tun.Opportunity.RedeployS,"
Sim/AI/P4/Planning.cs,409,96,0.6f,ai.teamPlanning.updateConfidence2,x,sat_thuong,06,pass2:inline,,"ctor_arg:OpportunityWindow: Open(new OpportunityWindow(OpportunityKind.DefendersRedeploy, o2, 50f, 0.6f, now + Tun.Opportunity.RedeployS,"
Sim/AI/P4/Planning.cs,420,70,3.0,ai.teamPlanning.updateNowSub2,s,thoi_gian,06,pass2:inline,,subtract: if (intel.Seen[intel.CellIndex(centre)] >= now - 3.0)
Sim/AI/P4/Planning.cs,421,86,20f,ai.teamPlanning.updateRadius,x,sat_thuong,06,pass2:inline,,"ctor_arg:OpportunityWindow: Open(new OpportunityWindow(OpportunityKind.GateOpen, centre, 20f, 0.8f, now + Tun.Opportunity.GateS, OpportunityRoles.Ground, 100 + i));"
Sim/AI/P4/Planning.cs,421,91,0.8f,ai.teamPlanning.updateConfidence3,x,sat_thuong,06,pass2:inline,,"ctor_arg:OpportunityWindow: Open(new OpportunityWindow(OpportunityKind.GateOpen, centre, 20f, 0.8f, now + Tun.Opportunity.GateS, OpportunityRoles.Ground, 100 + i));"
Sim/AI/P4/Planning.cs,421,151,100,ai.teamPlanning.updateIAdd,x,sat_thuong,06,pass2:inline,,"add: Open(new OpportunityWindow(OpportunityKind.GateOpen, centre, 20f, 0.8f, now + Tun.Opportunity.GateS, OpportunityRoles.Ground, 100 + i));"
Sim/AI/P4/Planning.cs,435,38,30.0,ai.teamPlanning.updateNowMax,s,thoi_gian,06,pass2:inline,,"compare: if (now - e.LastAt < 30.0) shots = Math.Max(shots, e.Shots);"
Sim/AI/P4/Planning.cs,437,72,60.0,ai.teamPlanning.updateNowMin,s,thoi_gian,06,pass2:inline,,compare: if (_enemyLosses.Count > 0 && now - _enemyLosses[0].time > 60.0) _enemyLosses.RemoveAll(l => now - l.time > 60.0);
Sim/AI/P4/Planning.cs,437,121,60.0,ai.teamPlanning.updateNowMin,s,thoi_gian,06,pass2:inline,,compare: if (_enemyLosses.Count > 0 && now - _enemyLosses[0].time > 60.0) _enemyLosses.RemoveAll(l => now - l.time > 60.0);
Sim/AI/P4/PlanningRules.cs,110,65,0.5f,ai.combatForecaster.uptimeClosingFloor,s,thoi_gian,06,pass2:inline,,"math_max: var t = MathF.Max(0f, distance - reach) / MathF.Max(0.5f, closing);"
Sim/AI/P4/PlanningRules.cs,234,63,0.9f,ai.shallowPlanner.scoreRepeatPenaltyMax,x,nguong,06,pass2:inline,,"math_clamp: RepeatPenalty = Math.Clamp(repeatPenalty, 0f, 0.9f),"
Sim/AI/P4/PlanningRules.cs,379,37,2,ai.repetitionMemory.failLengthMin,m,ban_kinh,06,pass2:inline,,"compare: var p = range.Length >= 2 ? range[0] + (range[1] - range[0]) * Math.Clamp(severity, 0f, 1f) : 0.35f;"
Sim/AI/P4/PlanningRules.cs,379,107,0.35f,ai.repetitionMemory.failLengthFalse,m,ban_kinh,06,pass2:inline,,"conditional: var p = range.Length >= 2 ? range[0] + (range[1] - range[0]) * Math.Clamp(severity, 0f, 1f) : 0.35f;"
Sim/AI/P4/PlanningRules.cs,387,65,0.5f,ai.repetitionMemory.penaltyAgeExponent,s,thoi_gian,06,pass2:inline,,"math_pow: return age < 0f ? f.penalty : f.penalty * MathF.Pow(0.5f, age / MathF.Max(1f, Tun.Planning.RepeatHalfLifeS));"
Sim/AI/P4/PlanningRules.cs,392,33,64,ai.repetitionMemory.pruneCountMax,count,gioi_han_thuc_the,06,pass2:inline,,compare: if (_failed.Count < 64) return;
Sim/AI/P4/PlanningRules.cs,395,44,0.01f,ai.repetitionMemory.prunePenaltyMax,s,thoi_gian,06,pass2:inline,,"compare: if (Penalty(kv.Key, now) < 0.01f) old.Add(kv.Key);"
Sim/AI/P4/PlanningRules.cs,429,31,0.5f,ai.probeRules.judgeProbeStrengthFloor,x,nguong,06,pass2:inline,,"math_max: var p = MathF.Max(0.5f, probeStrength);"
Sim/AI/P4/PlanningRules.cs,430,74,0.34f,ai.probeRules.judgeLossShareMin,share,nguong,06,pass2:inline,,compare: if (antiTankThreat / p >= Tun.Probe.AtThreat || lossShare >= 0.34f) return ProbeOutcome.Threat;
Sim/AI/P4/PlanningRules.cs,439,55,5f,ai.probeRules.envelopeGoalReachFloor,m,ban_kinh,06,pass2:inline,,"math_max: var keep = Tun.Probe.Envelope * MathF.Max(5f, reach);"
Sim/AI/P4/PlanningRules.cs,442,40,0.01f,ai.probeRules.envelopeGoalLengthSquaredMax,m,ban_kinh,06,pass2:inline,,compare: if (away.LengthSquared() < 0.01f) away = from - e;
Sim/AI/P4/PlanningRules.cs,443,40,0.01f,ai.probeRules.envelopeGoalLengthSquaredMax,m,ban_kinh,06,pass2:inline,,compare: if (away.LengthSquared() < 0.01f) return goal;
Sim/AI/P4/PlanningRules.cs,459,116,2,ai.feintRules.utilityI,s,thoi_gian,06,pass2:inline,,"arg:FeintRules.W: return (contestsSecondary ? W(0) : 0f) + Math.Clamp(unknownShare, 0f, 1f) * W(1) + (threatensFlank ? W(2) : 0f) + (pinsArc ? W(3) : 0f);"
Sim/AI/P4/PlanningRules.cs,459,140,3,ai.feintRules.utilityI2,s,thoi_gian,06,pass2:inline,,"arg:FeintRules.W: return (contestsSecondary ? W(0) : 0f) + Math.Clamp(unknownShare, 0f, 1f) * W(1) + (threatensFlank ? W(2) : 0f) + (pinsArc ? W(3) : 0f);"
Sim/AI/P4/PlanningRules.cs,467,159,0.01f,ai.feintRules.succeededSeenAtFeintBeforeAdd,x,khac,06,pass2:inline,,add: seenAtMainBefore > 0f && (seenAtMainBefore - seenAtMainNow) / seenAtMainBefore >= Tun.Feint.RedeployShare && seenAtFeintNow > seenAtFeintBefore + 0.01
Sim/AI/P4/PlanningRules.cs,538,46,8,ai.escapeSectors.assignSectorsMax,x,nguong,06,pass2:inline,,"math_clamp: sectors = Math.Clamp(sectors, 1, 8);"
Sim/AI/P4/PlanningRules.cs,582,66,4f,ai.escapeSectors.assignSlotScale,m,ban_kinh,06,pass2:inline,,multiply: var offset = slot == 0 ? 0f : ((slot + 1) / 2) * 4f * (slot % 2 == 1 ? 1f : -1f);
Sim/AI/P4/PlanningRules.cs,582,79,2,ai.escapeSectors.assignSlotMod,m,ban_kinh,06,pass2:inline,,modulo: var offset = slot == 0 ? 0f : ((slot + 1) / 2) * 4f * (slot % 2 == 1 ? 1f : -1f);
Sim/AI/P4/PlanningRules.cs,614,85,131,ai.patternMemory.signatureSourceScale,m,ban_kinh,06,pass2:inline,,"multiply: public static int Signature(int source, float radius) => unchecked(source * 131 + (int)MathF.Round(radius / 4f));"
Sim/AI/P4/PlanningRules.cs,614,117,4f,ai.patternMemory.signatureRadiusDivisor,m,ban_kinh,06,pass2:inline,,"divide: public static int Signature(int source, float radius) => unchecked(source * 131 + (int)MathF.Round(radius / 4f));"
Sim/AI/P4/PlanningRules.cs,667,86,2,ai.weakpointUtility.scoreI,x,nguong,06,pass2:inline,,"arg:WeakpointUtility.W: return W(0) * MathF.Max(0f, disabledDps) + (utilityPart ? W(1) : 0f) + W(2) * Math.Clamp(phaseUtility, 0f, 1f) +"
Sim/AI/P4/PlanningRules.cs,668,22,3,ai.weakpointUtility.scoreI2,x,sat_thuong,06,pass2:inline,,"arg:WeakpointUtility.W: W(3) * (1f - Math.Clamp(healthShareLeft, 0f, 1f)) - distance * 0.01f;"
Sim/AI/P4/PlanningRules.cs,668,83,0.01f,ai.weakpointUtility.scoreDistanceScale,x,sat_thuong,06,pass2:inline,,"multiply: W(3) * (1f - Math.Clamp(healthShareLeft, 0f, 1f)) - distance * 0.01f;"
Sim/AI/P4/PlanningRules.cs,716,28,2,ai.humanStagger.delayLengthMax,s,thoi_gian,06,pass2:inline,,compare: if (w.Length < 2) return w.Length == 1 ? w[0] : 0f;
Sim/AI/P4/PlanningRules.cs,729,106,8,ai.difficultyGate.sectorsAtMax,x,nguong,06,pass2:inline,,"math_clamp: public static int Sectors(int level) => Math.Clamp(At(Tun.BossTactics.SectorsByLevel, level), 1, 8);"
Sim/AI/P4/PlanningRules.cs,744,32,2,ai.airRules.legRiskSamplesFloor,x,nguong,06,pass2:inline,,"math_max: samples = Math.Max(2, samples);"
Sim/AI/P4/PlanningRules.cs,752,42,0.5f,ai.airRules.legRiskMaxScale,x,nguong,06,pass2:inline,,multiply: return sum / samples + max * 0.5f;
Sim/AI/P4/PlanningRules.cs,759,64,1e-3f,ai.airRules.attackersDpsPerAttackerFloor,x,nguong,06,pass2:inline,,"math_max: var need = (int)MathF.Ceiling(targetHp / MathF.Max(1e-3f, dpsPerAttacker * MathF.Max(0.5f, ttkGoal)));"
Sim/AI/P4/PlanningRules.cs,759,98,0.5f,ai.airRules.attackersTtkGoalFloor,x,nguong,06,pass2:inline,,"math_max: var need = (int)MathF.Ceiling(targetHp / MathF.Max(1e-3f, dpsPerAttacker * MathF.Max(0.5f, ttkGoal)));"
Sim/AI/P4/PlanningRules.cs,776,92,0.5f,ai.airRules.patrolPointCapRadiusScale,m,ban_kinh,06,pass2:inline,,"multiply: return zone + new Vector2(MathF.Cos(a), MathF.Sin(a)) * Tun.AirOps.CapRadius * 0.5f;"
Sim/AI/P4/PlanningRules.cs,834,33,32,ai.intentOwnership.pruneCountMax,count,gioi_han_thuc_the,06,pass2:inline,,compare: if (_claims.Count < 32) return;
Sim/AI/P4/SquadLayer.P4.cs,47,86,3,ai.squadLayer.adjustP4Salt,s,thoi_gian,06,pass2:inline,,"arg:CommitmentWindows.Seconds: var routeCommit = CommitmentWindows.Seconds(Tun.Commitment.RouteS, s.Id, 3);"
Sim/AI/P4/SquadLayer.P4.cs,69,154,5f,ai.squadLayer.adjustP4Points3,s,thoi_gian,06,pass2:inline,,"ctor_arg:Factor: if (s.Action == action && CommitmentWindows.Holds(s.ActionSince, now, routeCommit, false)) factors.Add(new Factor(""routeCommit"", 5f));"
Sim/AI/P4/SquadLayer.P4.cs,75,62,100f,ai.squadLayer.adjustP4ScoreMax,x,nguong,06,pass2:inline,,"math_clamp: _options[i] = (action, Math.Clamp(score, 0f, 100f), factors);"
Sim/AI/P4/SquadLayer.P4.cs,88,46,20f,ai.squadLayer.envelopeP4AgeMin,s,thoi_gian,06,pass2:inline,,compare: if (c.Flying || c.Age(now) > 20f) continue;
Sim/AI/P4/SquadLayer.P4.cs,96,83,10f,ai.squadLayer.envelopeP4ReachFloor,m,ban_kinh,06,pass2:inline,,"math_max: var kept = ProbeRules.EnvelopeGoal(s.Centre, nearest, goal, MathF.Max(10f, s.Reach));"
Sim/AI/P4/SquadLayer.P4.cs,116,42,31,ai.squadLayer.escapeExitP4WarningKeyScale,s,thoi_gian,06,pass2:inline,,multiply: var plan = WarningKey(key) * 31 + s.Id;
Sim/AI/P4/SquadLayer.P4.cs,119,42,64,ai.squadLayer.escapeExitP4CountMin,count,gioi_han_thuc_the,06,pass2:inline,,compare: if (_escapePlans.Count > 64) _escapePlans.Clear();
Sim/AI/P4/SquadLayer.P4.cs,127,126,2f,ai.squadLayer.escapeExitP4RadiusAdd,m,ban_kinh,06,pass2:inline,,"add: if (world.TryGetVehicle(m, out var v) && Vector2.Distance(v.Position, w.Centre) <= w.Radius + v.Radius + 2f)"
Sim/AI/P4/SquadLayer.P4.cs,139,68,4f,ai.squadLayer.escapeExitP4Margin,m,ban_kinh,06,pass2:inline,,"arg:MapDefinition.Clamp: if (Vector2.DistanceSquared(world.Map.Clamp(p, 4f), p) > 0.01f || !world.Grid.IsWalkable(p)) return true;"
Sim/AI/P4/SquadLayer.P4.cs,139,78,0.01f,ai.squadLayer.escapeExitP4DistanceSquaredMin,m,ban_kinh,06,pass2:inline,,"compare: if (Vector2.DistanceSquared(world.Map.Clamp(p, 4f), p) > 0.01f || !world.Grid.IsWalkable(p)) return true;"
Sim/AI/P4/SquadLayer.P4.cs,141,168,2f,ai.squadLayer.escapeExitP4RadiusAdd,m,thoi_gian,06,pass2:inline,,"add: if (o.Team != _commander.Team && o.Due >= now && (o.Centre != w.Centre || o.Radius != w.Radius) && Vector2.Distance(o.Centre, p) <= o.Radius + 2f) ret"
Sim/AI/P5/AiBudget.cs,142,56,4f,ai.aiSpatialIndex.ensureSpatialCellMin,x,nguong,06,pass2:inline,,"math_clamp: _cell = Math.Clamp(Tun.Budget.SpatialCell, 4f, 40f);"
Sim/AI/P5/AiBudget.cs,142,60,40f,ai.aiSpatialIndex.ensureSpatialCellMax,x,nguong,06,pass2:inline,,"math_clamp: _cell = Math.Clamp(Tun.Budget.SpatialCell, 4f, 40f);"
Sim/AI/P5/AiHealthMonitor.cs,139,32,0.5,ai.aiHealthMonitor.next,x,khac,06,pass2:inline,,field_init: private double _next = 0.5;
Sim/AI/P5/AiHealthMonitor.cs,164,36,0.1f,ai.aiHealthMonitor.stepPeriodSFloor,x,sat_thuong,06,pass2:inline,,"math_max: _next = now + Math.Max(0.1f, Tun.Health.PeriodS);"
Sim/AI/P5/AiHealthMonitor.cs,358,114,5.0,ai.aiHealthMonitor.sampleTimeMax,s,thoi_gian,06,pass2:inline,,"compare: if (Vector2.DistanceSquared(c.Position, s.Centre) <= reach * reach && _world.Time - c.LastSeen < 5.0)"
Sim/AI/P5/AiHealthMonitor.cs,416,34,2,ai.aiHealthMonitor.trafficJammedScale,count,gioi_han_thuc_the,06,pass2:inline,,"multiply: if (jammed * 2 < Math.Max(1, s.MemberList.Count)) continue;"
Sim/AI/ProcurementDirector.cs,142,72,5.0,ai.procurementDirector.observeNowCap,count,thoi_gian,06,pass2:inline,,"math_min: var dt = double.IsNaN(_lastObserve) ? 0f : (float)Math.Min(5.0, now - _lastObserve);"
Sim/AI/ProcurementDirector.cs,152,42,30f,ai.procurementDirector.observeBossTrue,x,nguong,06,pass2:inline,,"conditional: var value = e.Def.Boss ? 30f : MathF.Max(1f, e.Def.CpCost);"
Sim/AI/ProcurementDirector.cs,157,74,4,ai.procurementDirector.observeFrontMin,x,sat_thuong,06,pass2:inline,,compare: if (layer == TargetLayer.Ground && e.Def.Armour.Front >= 4) current[(int)Threat.HeavyArmour] += value;
Sim/AI/ProcurementDirector.cs,237,55,2.0,ai.procurementDirector.trackTimeMax,s,thoi_gian,06,pass2:inline,,compare: var fired = world.Time - v.LastFiredAt <= 2.0;
Sim/AI/ProcurementDirector.cs,243,57,1.5f,ai.procurementDirector.trackScale,m,ban_kinh,06,pass2:inline,,multiply: var reach = (e.Flying ? air : ground) * 1.5f + e.Radius;
Sim/AI/ProcurementDirector.cs,256,52,1e-3f,ai.procurementDirector.feedbackModifierCombatFloor,x,nguong,06,pass2:inline,,"math_max: var utilization = u.firing / MathF.Max(1e-3f, u.combat);"
Sim/AI/ProcurementDirector.cs,260,74,1e-3f,ai.procurementDirector.feedbackModifierLowFloor,x,nguong,06,pass2:inline,,"math_max: return min + (1f - min) * Math.Clamp(utilization / MathF.Max(1e-3f, low), 0f, 1f);"
Sim/AI/ProcurementDirector.cs,270,52,8,ai.procurementDirector.desiredLengthMin,m,ban_kinh,06,pass2:inline,,compare: if (groups != null && groups.Length >= 8)
Sim/AI/ProcurementDirector.cs,282,51,5,ai.procurementDirector.desiredLengthMin2,m,ban_kinh,06,pass2:inline,,compare: else if (mix != null && mix.Length >= 5)
Sim/AI/ProcurementDirector.cs,380,53,0.5f,ai.procurementDirector.scoreCombatValueScale,x,khac,06,pass2:inline,,"multiply: var cost = Math.Clamp(def.CombatValue * 0.5f, 0f, 1f) * (1f - 0.5f * late);"
Sim/AI/ProcurementDirector.cs,380,75,0.5f,ai.procurementDirector.scoreLateScale,x,khac,06,pass2:inline,,"multiply: var cost = Math.Clamp(def.CombatValue * 0.5f, 0f, 1f) * (1f - 0.5f * late);"
Sim/AI/ProcurementDirector.cs,383,99,0.1f,ai.procurementDirector.scoreSaturatedTrue,x,tan_suat,06,pass2:inline,,conditional: var redundancy = copies * SimTunables.Ai.Procurement.RedundancyPerCopy + (saturated ? 0.1f : 0f);
Sim/AI/ProcurementDirector.cs,389,58,2,ai.procurementDirector.scoreI,count,gioi_han_thuc_the,06,pass2:inline,,arg:ProcurementDirector.W: var score = W(0) * role + W(1) * counter + W(2) * objective + W(3) * influence + W(4) * timing + W(5) * survive +
Sim/AI/ProcurementDirector.cs,389,77,3,ai.procurementDirector.scoreI2,count,gioi_han_thuc_the,06,pass2:inline,,arg:ProcurementDirector.W: var score = W(0) * role + W(1) * counter + W(2) * objective + W(3) * influence + W(4) * timing + W(5) * survive +
Sim/AI/ProcurementDirector.cs,389,96,4,ai.procurementDirector.scoreI3,count,gioi_han_thuc_the,06,pass2:inline,,arg:ProcurementDirector.W: var score = W(0) * role + W(1) * counter + W(2) * objective + W(3) * influence + W(4) * timing + W(5) * survive +
Sim/AI/ProcurementDirector.cs,389,112,5,ai.procurementDirector.scoreI4,count,gioi_han_thuc_the,06,pass2:inline,,arg:ProcurementDirector.W: var score = W(0) * role + W(1) * counter + W(2) * objective + W(3) * influence + W(4) * timing + W(5) * survive +
Sim/AI/ProcurementDirector.cs,396,68,100f,ai.procurementDirector.scoreWScale,count,gioi_han_thuc_the,06,pass2:inline,,"multiply: factors.Add(new Factor(""counter"", W(1) * counter * 100f));"
Sim/AI/ProcurementDirector.cs,399,52,4,ai.procurementDirector.scoreI3,x,khac,06,pass2:inline,,"arg:ProcurementDirector.W: factors.Add(new Factor(""timing"", W(4) * timing * 100f));"
Sim/AI/ProcurementDirector.cs,399,66,100f,ai.procurementDirector.scoreWScale,x,khac,06,pass2:inline,,"multiply: factors.Add(new Factor(""timing"", W(4) * timing * 100f));"
Sim/AI/ProcurementDirector.cs,404,120,100f,ai.procurementDirector.scoreRedundancyScale,x,tan_suat,06,pass2:inline,,"multiply: if (redundancy > 0f) factors.Add(new Factor(saturated ? ""role-saturated"" : ""redundancy"", -redundancy * 100f));"
Sim/AI/ProcurementDirector.cs,433,35,8f,ai.procurementDirector.roleDeficitHaveTotalFloor,x,nguong,06,pass2:inline,,"math_max: var total = MathF.Max(8f, _haveTotal);"
Sim/AI/ProcurementDirector.cs,453,70,2,ai.procurementDirector.roleDeficitI,x,sat_thuong,06,pass2:inline,,"arg:ProcurementDirector.FloorOf: (int)ProcurementRole.AntiTank => FloorOf(floors, 2, _ever[(int)Threat.HeavyArmour] || _ever[(int)Threat.Naval]),"
Sim/AI/ProcurementDirector.cs,466,55,0.25f,ai.procurementDirector.roleDeficitMaxWeightFloor,count,nguong,06,pass2:inline,,"math_max: return Math.Clamp(best * 1.0f / MathF.Max(0.25f, MaxWeight(roles, sum)), 0f, 1f);"
Sim/AI/ProcurementDirector.cs,481,33,8f,ai.procurementDirector.counterNeedOwnTotalFloor,count,gioi_han_thuc_the,06,pass2:inline,,"math_max: var own = MathF.Max(8f, _ownTotal);"
Sim/AI/ProcurementDirector.cs,489,59,0.85f,ai.procurementDirector.counterNeedAnsweredScale,count,gioi_han_thuc_the,06,pass2:inline,,"multiply: var need = Math.Clamp((share - answered * 0.85f) / MathF.Max(0.05f, share), 0f, 1f) * _confidence;"
Sim/AI/ProcurementDirector.cs,489,78,0.05f,ai.procurementDirector.counterNeedShareFloor,count,gioi_han_thuc_the,06,pass2:inline,,"math_max: var need = Math.Clamp((share - answered * 0.85f) / MathF.Max(0.05f, share), 0f, 1f) * _confidence;"
Sim/AI/ProcurementDirector.cs,516,62,0.4f,ai.procurementDirector.survivabilityFitEmaScale,x,sat_thuong,06,pass2:inline,,multiply: else if (def.Armor == ArmorClass.Heavy) s = 1f - 0.4f * _ema[(int)Threat.AntiTank] - 0.1f * _ema[(int)Threat.Artillery];
Sim/AI/ProcurementDirector.cs,516,98,0.1f,ai.procurementDirector.survivabilityFitEmaScale2,x,sat_thuong,06,pass2:inline,,multiply: else if (def.Armor == ArmorClass.Heavy) s = 1f - 0.4f * _ema[(int)Threat.AntiTank] - 0.1f * _ema[(int)Threat.Artillery];
Sim/AI/ProcurementDirector.cs,524,52,8f,ai.procurementDirector.synergyCountDivisor,count,gioi_han_thuc_the,06,pass2:inline,,"divide: return Math.Clamp(_fielded.Count / 8f, 0f, 1f);"
Sim/AI/ProcurementDirector.cs,535,89,2f,ai.procurementDirector.tacticPreferenceFitScale,x,khac,06,pass2:inline,,"multiply: return economy.Commander is { } c ? Math.Clamp(CommanderRules.Fit(c, def) * 2f, 0f, 1f) : 0f;"
Sim/AI/ProcurementDirector.cs,544,53,3f,ai.procurementDirector.congestionRadiusDivisor,m,ban_kinh,06,pass2:inline,,"divide: var footprint = Math.Clamp(def.Radius / 3f, 0f, 1f);"
Sim/AI/ProcurementDirector.cs,577,52,2f,ai.procurementDirector.chokeDependencyRadiusScale,m,ban_kinh,06,pass2:inline,,multiply: var spare = _chokeWidth - def.Radius * 2f;
Sim/AI/ProcurementDirector.cs,578,53,0.5f,ai.procurementDirector.chokeDependencyChokeScale,x,nguong,06,pass2:inline,,"multiply: return Math.Clamp(1f - (spare - choke * 0.5f) / MathF.Max(1f, choke * 1.5f), 0f, 1f);"
Sim/AI/ProcurementDirector.cs,578,83,1.5f,ai.procurementDirector.chokeDependencyChokeScale2,x,nguong,06,pass2:inline,,"multiply: return Math.Clamp(1f - (spare - choke * 0.5f) / MathF.Max(1f, choke * 1.5f), 0f, 1f);"
Sim/AI/ProcurementDirector.cs,598,76,3,ai.procurementDirector.makePlanDifficultyValue,x,khac,06,pass2:inline,,"switch_arm: var size = Math.Clamp(difficulty switch { AiDifficulty.Easy => 3, AiDifficulty.Normal => 4, _ => 5 },"
Sim/AI/ProcurementDirector.cs,598,102,4,ai.procurementDirector.makePlanDifficultyValue2,x,khac,06,pass2:inline,,"switch_arm: var size = Math.Clamp(difficulty switch { AiDifficulty.Easy => 3, AiDifficulty.Normal => 4, _ => 5 },"
Sim/AI/ProcurementDirector.cs,598,110,5,ai.procurementDirector.makePlanDifficultyValue3,x,khac,06,pass2:inline,,"switch_arm: var size = Math.Clamp(difficulty switch { AiDifficulty.Easy => 3, AiDifficulty.Normal => 4, _ => 5 },"
Sim/AI/ProcurementDirector.cs,606,39,2,ai.procurementDirector.makePlanPassMax,count,gioi_han_thuc_the,06,pass2:inline,,compare: for (var pass = 0; pass < 2 && cards.Count < size; pass++)
Sim/AI/ProcurementDirector.cs,613,77,2,ai.procurementDirector.makePlanCountMin,count,gioi_han_thuc_the,06,pass2:inline,,"compare: if (pass == 1 && cards.Count > 0 && Count(cards, id) >= 2) continue;"
Sim/AI/ProcurementDirector.cs,636,75,0.3f,ai.procurementDirector.purposeEmaMin,s,thoi_gian,06,pass2:inline,,"compare: if (Confirmed(Threat.Naval, now) || _ema[(int)Threat.Naval] > 0.3f) return ""shore denial"";"
Sim/AI/ProcurementDirector.cs,692,86,3f,ai.procurementDirector.reserveBankSub,count,gioi_han_thuc_the,06,pass2:inline,,subtract: if (counter == null || thin || underFire || economy.Cp >= economy.Bank - 3f || counter.Id == toBuy.Id) return Release();
Sim/AI/ProcurementDirector.cs,732,69,0.5f,ai.procurementDirector.rolesOfW,x,sat_thuong,06,pass2:inline,,"arg:ProcurementDirector.Add: if (KillsArmour(def)) Add(ProcurementRole.AntiTank, 0.5f);"
Sim/AI/ProcurementDirector.cs,740,73,0.5f,ai.procurementDirector.rolesOfW,x,sat_thuong,06,pass2:inline,,"arg:ProcurementDirector.Add: if (KillsArmour(def)) Add(ProcurementRole.AntiTank, 0.5f);"
Sim/AI/ProcurementDirector.cs,757,44,40f,ai.procurementDirector.rolesOfVisionRangeMin,m,ban_kinh,06,pass2:inline,,"compare: if (def.VisionRange >= 40f) Add(ProcurementRole.Recon, 0.5f);"
Sim/AI/ProcurementDirector.cs,757,76,0.5f,ai.procurementDirector.rolesOfW,m,ban_kinh,06,pass2:inline,,"arg:ProcurementDirector.Add: if (def.VisionRange >= 40f) Add(ProcurementRole.Recon, 0.5f);"
Sim/AI/ProcurementDirector.cs,773,71,60f,ai.procurementDirector.rolesOfMaxRangeMin,m,ban_kinh,06,pass2:inline,,"compare: if (WeaponEnvelope.Of(def, TargetLayer.Naval).MaxRange >= 60f) Add(ProcurementRole.NavalStrike, 0.5f);"
Sim/AI/ProcurementDirector.cs,773,109,0.5f,ai.procurementDirector.rolesOfW,m,ban_kinh,06,pass2:inline,,"arg:ProcurementDirector.Add: if (WeaponEnvelope.Of(def, TargetLayer.Naval).MaxRange >= 60f) Add(ProcurementRole.NavalStrike, 0.5f);"
Sim/AI/ProcurementDirector.cs,796,60,11f,ai.procurementDirector.answersSpeedMin,m/s,ban_kinh,06,pass2:inline,,"compare: Threat.Artillery => def.Flying || def.Speed >= 11f || def.CounterBattery != null || def.Weapon.MinRange > 0f,"
Sim/AI/SquadLayer.Traffic.cs,36,60,65536,ai.squadLayer.ownerKeyTeamScale,count,gioi_han_thuc_the,06,pass2:inline,,multiply: private int OwnerKey(Squad s) => _commander.Team * 65536 + s.Id;
Sim/AI/SquadLayer.Traffic.cs,48,46,2,ai.squadLayer.squadRightOfWayHeavyScale,count,gioi_han_thuc_the,06,pass2:inline,,multiply: if (members.Count > 0 && heavy * 2 >= members.Count) return TrafficSteering.PriorityHeavy;
Sim/AI/SquadLayer.Traffic.cs,51,50,2,ai.squadLayer.squadRightOfWayArtilleryScale,count,gioi_han_thuc_the,06,pass2:inline,,multiply: if (members.Count > 0 && artillery * 2 > members.Count) return TrafficSteering.PriorityArtilleryMove;
Sim/AI/SquadLayer.Traffic.cs,82,114,0.5f,ai.squadLayer.planTrafficLengthScale,m,ban_kinh,06,pass2:inline,,"multiply: if (passage != null && Vector2.Dot(from - passage.Centre, passage.Through * dir) > -passage.Length * 0.5f) passage = null;"
Sim/AI/SquadLayer.Traffic.cs,91,49,2f,ai.squadLayer.planTrafficHullRadiusScale,m,ban_kinh,06,pass2:inline,,multiply: hullWidth += v.Def.HullRadius * 2f;
Sim/AI/SquadLayer.Traffic.cs,92,48,2f,ai.squadLayer.planTrafficHullHalfScale,m,ban_kinh,06,pass2:inline,,multiply: hullLength += v.Def.HullHalf * 2f + v.Def.HullRadius * 2f;
Sim/AI/SquadLayer.Traffic.cs,92,72,2f,ai.squadLayer.planTrafficHullRadiusScale,m,ban_kinh,06,pass2:inline,,multiply: hullLength += v.Def.HullHalf * 2f + v.Def.HullRadius * 2f;
Sim/AI/SquadLayer.Traffic.cs,127,68,2,ai.squadLayer.planTrafficOverloadedFalse,x,khac,06,pass2:inline,,"conditional: plan.PacketSize = Math.Clamp(lanes * (overloaded ? 1 : 2), 1, 4);"
Sim/AI/SquadLayer.Traffic.cs,127,75,4,ai.squadLayer.planTrafficLanesMax,x,nguong,06,pass2:inline,,"math_clamp: plan.PacketSize = Math.Clamp(lanes * (overloaded ? 1 : 2), 1, 4);"
Sim/AI/SquadLayer.Traffic.cs,152,77,2f,ai.squadLayer.issueSlotChokeBatchGapSMin,m,ban_kinh,06,pass2:inline,,"math_clamp: var gap = Math.Clamp(SimTunables.Ai.Traffic.ChokeBatchGapS, 2f, 4f);"
Sim/AI/SquadLayer.Traffic.cs,152,81,4f,ai.squadLayer.issueSlotChokeBatchGapSMax,m,ban_kinh,06,pass2:inline,,"math_clamp: var gap = Math.Clamp(SimTunables.Ai.Traffic.ChokeBatchGapS, 2f, 4f);"
Sim/AI/SquadLayer.Traffic.cs,177,40,4,ai.squadLayer.unsharedSlotRingMax,x,nguong,06,pass2:inline,,compare: for (var ring = 0; ring <= 4; ring++)
Sim/AI/SquadLayer.Traffic.cs,179,52,8,ai.squadLayer.unsharedSlotRingScale,x,nguong,06,pass2:inline,,multiply: var steps = ring == 0 ? 1 : ring * 8;
Sim/AI/SquadLayer.Traffic.cs,183,94,2.5f,ai.squadLayer.unsharedSlotRingScale2,x,nguong,06,pass2:inline,,"multiply: var p = slot + new Vector2(MathF.Cos(angle), MathF.Sin(angle)) * (ring * 2.5f);"
Sim/AI/SquadLayer.Traffic.cs,205,68,4f,ai.squadLayer.queueSpotMargin,x,khac,06,pass2:inline,,"arg:MapDefinition.Clamp: var q = world.Map.Clamp(passage.QueuePoint(dir, slot), 4f);"
Sim/AI/SquadLayer.Traffic.cs,236,90,0.5f,ai.squadLayer.trafficTickLengthScale,ticks,thoi_gian,06,pass2:inline,,"multiply: if (Vector2.Dot(v.Position - passage.Centre, through) < passage.Length * 0.5f + 6f)"
Sim/AI/SquadLayer.Traffic.cs,236,97,6f,ai.squadLayer.trafficTickLengthAdd,ticks,thoi_gian,06,pass2:inline,,"add: if (Vector2.Dot(v.Position - passage.Centre, through) < passage.Length * 0.5f + 6f)"
Sim/AI/SquadLayer.Traffic.cs,247,35,2f,ai.squadLayer.trafficTickIntervalScale,ticks,thoi_gian,06,pass2:inline,,multiply: var span = Interval * 2f + 0.5f;
Sim/AI/SquadLayer.Traffic.cs,247,40,0.5f,ai.squadLayer.trafficTickIntervalAdd,ticks,thoi_gian,06,pass2:inline,,add: var span = Interval * 2f + 0.5f;
Sim/AI/SquadLayer.Traffic.cs,251,44,30.0,ai.squadLayer.trafficTickNowMin,ticks,thoi_gian,06,pass2:inline,,compare: if (now - s.PassageSince > 30.0)
Sim/AI/SquadLayer.Units.cs,35,112,1.5f,ai.squadLayer.unitsReachScale,m,ban_kinh,06,pass2:inline,,"multiply: v.FaceHeading = !v.IsMoving && threat is { } t && Vector2.Distance(t, v.Position) <= s.Reach * 1.5f &&"
Sim/AI/SquadLayer.Units.cs,43,78,0.75f,ai.squadLayer.unitsVisionRangeScale,m,ban_kinh,06,pass2:inline,,"multiply: Vector2.Distance(seen, v.Position) < v.Def.VisionRange * 0.75f && !v.IsMoving)"
Sim/AI/SquadLayer.Units.cs,45,105,0.9f,ai.squadLayer.unitsDirectionScale,m,ban_kinh,06,pass2:inline,,"multiply: var back = world.Map.Clamp(seen + Direction(seen, v.Position) * v.Def.VisionRange * 0.9f, 6f);"
Sim/AI/SquadLayer.Units.cs,45,111,6f,ai.squadLayer.unitsMargin,m,ban_kinh,06,pass2:inline,,"arg:MapDefinition.Clamp: var back = world.Map.Clamp(seen + Direction(seen, v.Position) * v.Def.VisionRange * 0.9f, 6f);"
Sim/AI/SquadLayer.Units.cs,74,38,0.3f,ai.squadLayer.explainTargetMaxHpScale,count,sat_thuong,06,pass2:inline,,"multiply: if (t.Hp < t.MaxHp * 0.3f) factors.Add(new Factor(""nearlyDead"", 1f));"
Sim/AI/SquadLayer.Units.cs,99,93,4f,ai.squadLayer.shortMoveRadiusAdd,m,ban_kinh,06,pass2:inline,,"add: spot = z.Centre + Direction(z.Centre, v.Position) * (z.Radius + 4f);"
Sim/AI/SquadLayer.Units.cs,120,38,4f,ai.squadLayer.shortMoveMargin,x,khac,06,pass2:inline,,"arg:MapDefinition.Clamp: to = world.Map.Clamp(to, 4f);"
Sim/AI/SquadLayer.Units.cs,131,46,40f,ai.squadLayer.crowdedDistanceCap,m,ban_kinh,06,pass2:inline,,"math_min: var end = from + dir * MathF.Min(40f, Vector2.Distance(from, to));"
Sim/AI/SquadLayer.Units.cs,136,63,12f,ai.squadLayer.crowdedDistanceMax,m,ban_kinh,06,pass2:inline,,"compare: if (Vector2.Distance(from + dir * along, p) < 12f && intel.Density[c] >= 3) return true;"
Sim/AI/SquadLayer.Units.cs,136,90,3,ai.squadLayer.crowdedDensityMin,m,ban_kinh,06,pass2:inline,,"compare: if (Vector2.Distance(from + dir * along, p) < 12f && intel.Density[c] >= 3) return true;"
Sim/AI/SquadLayer.Watchdog.cs,13,35,2f,ai.squadLayer.explainHoldsIntervalScale,s,thoi_gian,06,pass2:inline,,multiply: var span = Interval * 2f + 0.5f;
Sim/AI/SquadLayer.Watchdog.cs,13,40,0.5f,ai.squadLayer.explainHoldsIntervalAdd,s,thoi_gian,06,pass2:inline,,add: var span = Interval * 2f + 0.5f;
Sim/AI/Squads.cs,163,55,0.5f,ai.squadLayer.ctorIntervalScale,s,thoi_gian,06,pass2:inline,,multiply: _timer = commander.Team == 1 ? Interval * 0.5f : 0f;
Sim/AI/Squads.cs,298,47,2,ai.squadLayer.measureCountDivisor,count,ban_kinh,06,pass2:inline,,divide: s.Reach = reaches[reaches.Count / 2];
Sim/AI/Squads.cs,300,33,0.5f,ai.squadLayer.measureLastHpSub,x,sat_thuong,06,pass2:inline,,subtract: if (hp < s.LastHp - 0.5f) s.HoldReleased = true;
Sim/AI/Squads.cs,374,36,40f,ai.squadLayer.scoreReachFloor,m,ban_kinh,06,pass2:inline,,"math_max: var radius = MathF.Max(40f, s.Reach * 1.2f);"
Sim/AI/Squads.cs,374,51,1.2f,ai.squadLayer.scoreReachScale,m,ban_kinh,06,pass2:inline,,"multiply: var radius = MathF.Max(40f, s.Reach * 1.2f);"
Sim/AI/Squads.cs,379,41,0.01f,ai.squadLayer.scoreEnemyGoalFloor,x,nguong,06,pass2:inline,,"math_max: var ratio = own / MathF.Max(0.01f, enemyGoal);"
Sim/AI/Squads.cs,388,101,25f,ai.squadLayer.scoreRatioScale,x,nguong,06,pass2:inline,,"multiply: if (enemyGoal > 0f) f.Add(new Factor(""ratio"", Math.Clamp((ratio / threshold - 1f) * 25f, -25f, 25f)));"
Sim/AI/Squads.cs,388,107,-25f,ai.squadLayer.scoreRatioMin,x,nguong,06,pass2:inline,,"math_clamp: if (enemyGoal > 0f) f.Add(new Factor(""ratio"", Math.Clamp((ratio / threshold - 1f) * 25f, -25f, 25f)));"
Sim/AI/Squads.cs,388,112,25f,ai.squadLayer.scoreRatioMax,x,nguong,06,pass2:inline,,"math_clamp: if (enemyGoal > 0f) f.Add(new Factor(""ratio"", Math.Clamp((ratio / threshold - 1f) * 25f, -25f, 25f)));"
Sim/AI/Squads.cs,391,87,10f,ai.squadLayer.scorePoints3,m,ban_kinh,06,pass2:inline,,"ctor_arg:Factor: if (HighValueNear(intel, goal, radius)) f.Add(new Factor(""highValue"", 10f));"
Sim/AI/Squads.cs,393,123,15f,ai.squadLayer.scorePoints2,count,gioi_han_thuc_the,06,pass2:inline,,"ctor_arg:Factor: if (m.Counterattack > 0f && enemyGoal > 0f && ratio >= m.Counterattack) f.Add(new Factor(""counterattack"", 15f));"
Sim/AI/Squads.cs,397,82,15f,ai.squadLayer.scoreRouteThreatCap,count,tran,06,pass2:inline,,"math_min: if (routeThreat > 0f) f.Add(new Factor(""routeThreat"", -MathF.Min(15f, routeThreat / MathF.Max(1f, s.Strength) * 6f)));"
Sim/AI/Squads.cs,397,129,6f,ai.squadLayer.scoreRouteThreatScale,x,nguong,06,pass2:inline,,"multiply: if (routeThreat > 0f) f.Add(new Factor(""routeThreat"", -MathF.Min(15f, routeThreat / MathF.Max(1f, s.Strength) * 6f)));"
Sim/AI/Squads.cs,398,125,-10f,ai.squadLayer.scoreCohesionScale,count,gioi_han_thuc_the,06,pass2:inline,,"multiply: if (s.Cohesion < SimTunables.Ai.Squads.CohesionRegroup && m.Cohesion > 0f) f.Add(new Factor(""notGathered"", -10f * m.Cohesion));"
Sim/AI/Squads.cs,400,76,-20f,ai.squadLayer.scorePoints6,s,thoi_gian,06,pass2:inline,,"ctor_arg:Factor: if (_commander.WaitingForAir) f.Add(new Factor(""waitAir"", -20f));"
Sim/AI/Squads.cs,401,88,-15f,ai.squadLayer.scorePoints2,s,thoi_gian,06,pass2:inline,,"ctor_arg:Factor: if (_commander.WaitingForArtillery) f.Add(new Factor(""artilleryPrep"", -15f));"
Sim/AI/Squads.cs,402,41,40f,ai.squadLayer.scoreBaseScore,count,gioi_han_thuc_the,06,pass2:inline,,"arg:SquadLayer.Add: Add(SquadAction.Attack, 40f, f);"
Sim/AI/Squads.cs,410,126,10f,ai.squadLayer.scorePoints3,s,thoi_gian,06,pass2:inline,,"ctor_arg:Factor: if (_commander.WaitingForAir || _commander.WaitingForArtillery || transitioning) f.Add(new Factor(""waiting"", 10f));"
Sim/AI/Squads.cs,413,51,-15f,ai.squadLayer.scorePoints2,x,sat_thuong,06,pass2:inline,,"ctor_arg:Factor: f.Add(new Factor(""inSplash"", -15f));"
Sim/AI/Squads.cs,417,39,30f,ai.squadLayer.scoreBaseScore2,count,gioi_han_thuc_the,06,pass2:inline,,"arg:SquadLayer.Add: Add(SquadAction.Hold, 30f, f);"
Sim/AI/Squads.cs,421,39,2,ai.squadLayer.scoreCountMin,count,ban_kinh,06,pass2:inline,,"compare: if (s.MemberList.Count >= 2 && Vector2.Distance(s.Centre, goal) > 30f)"
Sim/AI/Squads.cs,421,79,30f,ai.squadLayer.scoreDistanceMin,m,ban_kinh,06,pass2:inline,,"compare: if (s.MemberList.Count >= 2 && Vector2.Distance(s.Centre, goal) > 30f)"
Sim/AI/Squads.cs,430,120,15f,ai.squadLayer.scoreEnemyGoalScale,x,khac,06,pass2:inline,,"multiply: if (enemyGoal > 0f) f.Add(new Factor(""weakFlank"", Math.Clamp((enemyGoal - sideEnemy) / enemyGoal * 15f, -10f, 15f)));"
Sim/AI/Squads.cs,430,126,-10f,ai.squadLayer.scoreEnemyGoalMin,x,nguong,06,pass2:inline,,"math_clamp: if (enemyGoal > 0f) f.Add(new Factor(""weakFlank"", Math.Clamp((enemyGoal - sideEnemy) / enemyGoal * 15f, -10f, 15f)));"
Sim/AI/Squads.cs,430,131,15f,ai.squadLayer.scoreEnemyGoalMax,x,nguong,06,pass2:inline,,"math_clamp: if (enemyGoal > 0f) f.Add(new Factor(""weakFlank"", Math.Clamp((enemyGoal - sideEnemy) / enemyGoal * 15f, -10f, 15f)));"
Sim/AI/Squads.cs,436,87,10f,ai.squadLayer.scoreSideEnemyCap,count,tran,06,pass2:inline,,"math_min: if (sideEnemy > 0f) f.Add(new Factor(""reserveThatWay"", -MathF.Min(10f, sideEnemy / MathF.Max(1f, s.Strength) * 5f)));"
Sim/AI/Squads.cs,436,132,5f,ai.squadLayer.scoreSideEnemyScale,x,nguong,06,pass2:inline,,"multiply: if (sideEnemy > 0f) f.Add(new Factor(""reserveThatWay"", -MathF.Min(10f, sideEnemy / MathF.Max(1f, s.Strength) * 5f)));"
Sim/AI/Squads.cs,437,81,10f,ai.squadLayer.scoreThreatCap,count,tran,06,pass2:inline,,"math_min: if (threat > 0f) f.Add(new Factor(""routeThreat"", -MathF.Min(10f, threat / MathF.Max(1f, s.Strength) * 4f)));"
Sim/AI/Squads.cs,437,123,4f,ai.squadLayer.scoreThreatScale,x,nguong,06,pass2:inline,,"multiply: if (threat > 0f) f.Add(new Factor(""routeThreat"", -MathF.Min(10f, threat / MathF.Max(1f, s.Strength) * 4f)));"
Sim/AI/Squads.cs,441,84,30f,ai.squadLayer.scoreBaseScore2,count,gioi_han_thuc_the,06,pass2:inline,,"arg:SquadLayer.Add: Add(side < 0 ? SquadAction.FlankLeft : SquadAction.FlankRight, 30f, f);"
Sim/AI/Squads.cs,445,28,40f,ai.squadLayer.scoreReachMin,m,ban_kinh,06,pass2:inline,,"compare: if (s.Reach >= 40f && AdvancingFriend(intel, s) is { } friend)"
Sim/AI/Squads.cs,451,44,25f,ai.squadLayer.scoreBaseScore3,count,gioi_han_thuc_the,06,pass2:inline,,"arg:SquadLayer.Add: Add(SquadAction.Overwatch, 25f, f);"
Sim/AI/Squads.cs,459,72,25f,ai.squadLayer.scoreGainCap,count,tran,06,pass2:inline,,"math_min: if (gain > 0f) f.Add(new Factor(""underFire"", MathF.Min(25f, gain)));"
Sim/AI/Squads.cs,461,45,20f,ai.squadLayer.scoreBaseScore4,count,gioi_han_thuc_the,06,pass2:inline,,"arg:SquadLayer.Add: Add(SquadAction.Reposition, 20f, f);"
Sim/AI/Squads.cs,470,82,0.01f,ai.squadLayer.scoreFeFloor,x,nguong,06,pass2:inline,,"math_max: f.Add(new Factor(""friendLosing"", Math.Clamp((1f - fo / MathF.Max(0.01f, fe)) * 25f, 0f, 25f)));"
Sim/AI/Squads.cs,470,96,25f,ai.squadLayer.scoreFoScale,x,nguong,06,pass2:inline,,"multiply: f.Add(new Factor(""friendLosing"", Math.Clamp((1f - fo / MathF.Max(0.01f, fe)) * 25f, 0f, 25f)));"
Sim/AI/Squads.cs,470,105,25f,ai.squadLayer.scoreFoMax,x,nguong,06,pass2:inline,,"math_clamp: f.Add(new Factor(""friendLosing"", Math.Clamp((1f - fo / MathF.Max(0.01f, fe)) * 25f, 0f, 25f)));"
Sim/AI/Squads.cs,473,42,30f,ai.squadLayer.scoreBaseScore2,count,gioi_han_thuc_the,06,pass2:inline,,"arg:SquadLayer.Add: Add(SquadAction.Support, 30f, f);"
Sim/AI/Squads.cs,480,39,35f,ai.squadLayer.scoreBaseScore5,count,gioi_han_thuc_the,06,pass2:inline,,"arg:SquadLayer.Add: Add(SquadAction.Join, 35f, new List<Factor> { new(""belowMinimum"", 25f) });"
Sim/AI/Squads.cs,480,83,25f,ai.squadLayer.scorePoints7,count,gioi_han_thuc_the,06,pass2:inline,,"ctor_arg:Factor: Add(SquadAction.Join, 35f, new List<Factor> { new(""belowMinimum"", 25f) });"
Sim/AI/Squads.cs,486,94,2.0,ai.squadLayer.scoreTimeMax,s,thoi_gian,06,pass2:inline,,compare: !(s.State == SquadState.Combat && world.Time - s.UnderFireAt < 2.0);
Sim/AI/Squads.cs,489,71,25f,ai.squadLayer.scoreCohesionCap,count,tran,06,pass2:inline,,"math_min: var f = new List<Factor> { new(""scattered"", MathF.Min(25f, (1f - s.Cohesion) * 40f)) };"
Sim/AI/Squads.cs,489,96,40f,ai.squadLayer.scoreCohesionScale3,x,nguong,06,pass2:inline,,"multiply: var f = new List<Factor> { new(""scattered"", MathF.Min(25f, (1f - s.Cohesion) * 40f)) };"
Sim/AI/Squads.cs,492,42,25f,ai.squadLayer.scoreBaseScore3,count,gioi_han_thuc_the,06,pass2:inline,,"arg:SquadLayer.Add: Add(SquadAction.Regroup, 25f, f);"
Sim/AI/Squads.cs,507,56,100f,ai.squadLayer.scoreScoreMax,x,nguong,06,pass2:inline,,"math_clamp: _options.Add((a, Math.Clamp(score, 0f, 100f), factors));"
Sim/AI/Squads.cs,532,47,30f,ai.squadLayer.urgentDistanceMin,m,ban_kinh,06,pass2:inline,,"compare: Vector2.Distance(o, s.Goal) > 30f) return true;"
Sim/AI/Squads.cs,543,57,3.0,ai.squadLayer.idleTooLongNowMax,s,thoi_gian,06,pass2:inline,,compare: if (v.IsMoving || now - v.LastFiredAt < 3.0 || v.OutOfAmmo || v.DeployBusy || v.Target.IsValid) reason = true;
Sim/AI/Squads.cs,574,90,1.5f,ai.squadLayer.setStateReachScale,m,ban_kinh,06,pass2:inline,,multiply: next = nearest <= s.Reach ? SquadState.Combat : nearest <= s.Reach * 1.5f ? SquadState.Approach : SquadState.Travel;
Sim/AI/Squads.cs,602,127,2f,ai.squadLayer.dodgeRadiusAdd,m,ban_kinh,06,pass2:inline,,"add: if (!world.TryGetVehicle(id, out var v) || Vector2.Distance(v.Position, w.Centre) > w.Radius + v.Radius + 2f) continue;"
Sim/AI/Squads.cs,612,89,6f,ai.squadLayer.dodgeRadiusAdd2,m,ban_kinh,06,pass2:inline,,"add: var exit = world.Map.Clamp(w.Centre + away * (w.Radius + v.Radius + 6f), 4f);"
Sim/AI/Squads.cs,612,94,4f,ai.squadLayer.dodgeMargin,m,ban_kinh,06,pass2:inline,,"arg:MapDefinition.Clamp: var exit = world.Map.Clamp(w.Centre + away * (w.Radius + v.Radius + 6f), 4f);"
Sim/AI/Squads.cs,615,79,4f,ai.squadLayer.dodgeDistanceMin,m,ban_kinh,06,pass2:inline,,"compare: if (!v.HasPath || Vector2.Distance(v.Order.Point, exit) > 4f)"
Sim/AI/Squads.cs,620,39,64,ai.squadLayer.dodgeCountMin,count,thoi_gian,06,pass2:inline,,compare: if (_warningsSeen.Count > 64) Prune(now);
Sim/AI/Squads.cs,636,38,30.0,ai.squadLayer.pruneNowMin,s,thoi_gian,06,pass2:inline,,compare: if (now - kv.Value > 30.0) old.Add(kv.Key);
Sim/AI/Squads.cs,642,73,40f,ai.squadLayer.overwhelmedReachFloor,m,ban_kinh,06,pass2:inline,,"math_max: var (own, enemy) = intel.StrengthAround(s.Centre, MathF.Max(40f, s.Reach));"
Sim/AI/Squads.cs,646,83,10f,ai.squadLayer.overwhelmedRadiusAdd,m,ban_kinh,06,pass2:inline,,"add: Vector2.Distance(e.Centre, s.Centre) <= e.Radius + s.Spread + 10f) return true;"
Sim/AI/Squads.cs,708,99,0.8f,ai.squadLayer.executeReachScale,m,ban_kinh,06,pass2:inline,,multiply: if (band > 0f && (m.Standoff || m.Kite > 0f || nearest < s.Reach * band * 0.8f))
Sim/AI/Squads.cs,713,118,40f,ai.squadLayer.executeDistanceMin,m,ban_kinh,06,pass2:inline,,"compare: else if (m.Cohesion > 0f && s.State == SquadState.Travel && Vector2.Distance(s.Centre, target) > 40f)"
Sim/AI/Squads.cs,718,137,12f,ai.squadLayer.executeDistanceMin2,m,ban_kinh,06,pass2:inline,,"compare: goal = !float.IsNaN(s.IssuedGoal.X) && s.IssuedAction == s.Action && Vector2.Distance(s.Centre, s.IssuedGoal) > 12f"
Sim/AI/Squads.cs,741,61,12f,ai.squadLayer.executeDistanceMax,m,ban_kinh,06,pass2:inline,,"compare: if (Vector2.Distance(s.Centre, w) < 12f) s.FlankReached = true;"
Sim/AI/Squads.cs,782,159,2f,ai.squadLayer.executeGatherRadiusScale,m,ban_kinh,06,pass2:inline,,"multiply: goal = !float.IsNaN(s.IssuedGoal.X) && s.IssuedAction == SquadAction.Regroup && Vector2.Distance(s.IssuedGoal, s.Centre) < GatherRadius * 2f"
Sim/AI/Squads.cs,791,42,6f,ai.squadLayer.executeMargin,x,khac,06,pass2:inline,,"arg:MapDefinition.Clamp: goal = world.Map.Clamp(goal, 6f);"
Sim/AI/Squads.cs,799,98,10f,ai.squadLayer.executeStateTrue,m,ban_kinh,06,pass2:inline,,"conditional: Vector2.Distance(goal, s.IssuedGoal) > (s.State == SquadState.Combat ? 10f : 6f);"
Sim/AI/Squads.cs,799,104,6f,ai.squadLayer.executeStateFalse,m,ban_kinh,06,pass2:inline,,"conditional: Vector2.Distance(goal, s.IssuedGoal) > (s.State == SquadState.Combat ? 10f : 6f);"
Sim/AI/Squads.cs,813,38,2,ai.squadLayer.boundCountMax,count,gioi_han_thuc_the,06,pass2:inline,,compare: if (s.MemberList.Count < 2) return false;
Sim/AI/Squads.cs,817,35,6.0,ai.squadLayer.boundNowAdd,s,thoi_gian,06,pass2:inline,,add: s.BoundSwapAt = now + 6.0;
Sim/AI/Squads.cs,822,45,0.8f,ai.squadLayer.boundReachScale,m,ban_kinh,06,pass2:inline,,"multiply: var cover = MathF.Min(s.Reach * 0.8f, 30f);"
Sim/AI/Squads.cs,822,51,30f,ai.squadLayer.boundReachCap,m,ban_kinh,06,pass2:inline,,"math_min: var cover = MathF.Min(s.Reach * 0.8f, 30f);"
Sim/AI/Squads.cs,823,66,6f,ai.squadLayer.boundMargin,x,khac,06,pass2:inline,,"arg:MapDefinition.Clamp: var to = world.Map.Clamp(s.Centre + forward * cover, 6f);"
Sim/AI/Squads.cs,842,37,6f,ai.squadLayer.spreadDistanceBlastFloor,m,sat_thuong,06,pass2:inline,,"math_max: var spacing = MathF.Max(6f, blast * 2f);"
Sim/AI/Squads.cs,842,49,2f,ai.squadLayer.spreadDistanceBlastScale,m,sat_thuong,06,pass2:inline,,"multiply: var spacing = MathF.Max(6f, blast * 2f);"
Sim/AI/Squads.cs,845,128,6f,ai.squadLayer.spreadDistanceDirectAtMaxSpreadFloor,m,sat_thuong,06,pass2:inline,,"math_max: if (splashHere <= 0f && intel.ThreatAt(ThreatKind.AntiTank, s.Centre) > 0f) spacing = MathF.Min(spacing, MathF.Max(6f, SimTunables.Ai.Formation.Direct"
Sim/AI/Squads.cs,869,89,6f,ai.squadLayer.unstickDistanceMin,m,thoi_gian,06,pass2:inline,,"compare: var moving = v.HasPath && Vector2.Distance(v.Position, v.Order.Point) > 6f;"
Sim/AI/Squads.cs,870,69,2f,ai.squadLayer.unstickDistanceMin2,m,thoi_gian,06,pass2:inline,,"compare: if (!moving || Vector2.Distance(v.Position, p.at) > 2f)"
Sim/AI/Squads.cs,874,128,15f,ai.squadLayer.unstickDistanceMin3,m,thoi_gian,06,pass2:inline,,"compare: if (!moving && v.Order.Kind == OrderKind.Idle && !v.Target.IsValid && Vector2.Distance(v.Position, goal) > 15f && now >= s.StaggerUntil &&"
Sim/AI/Squads.cs,886,158,4f,ai.squadLayer.unstickAwayScale,s,thoi_gian,06,pass2:inline,,"multiply: world.Submit(new Command(CommandType.Move, _commander.Team, new[] { id }, UnsharedSlot(world, v, world.Map.Clamp(v.Position - away * 4f, 4f))));"
Sim/AI/Squads.cs,886,162,4f,ai.squadLayer.unstickMargin,s,thoi_gian,06,pass2:inline,,"arg:MapDefinition.Clamp: world.Submit(new Command(CommandType.Move, _commander.Team, new[] { id }, UnsharedSlot(world, v, world.Map.Clamp(v.Position - away * 4f, 4f))));"
Sim/AI/Squads.cs,889,94,8f,ai.squadLayer.unstickValueTrue,s,thoi_gian,06,pass2:inline,,"conditional: var sideStep = new Vector2(away.Y, -away.X) * ((id.Value & 1) == 0 ? 8f : -8f);"
Sim/AI/Squads.cs,889,100,-8f,ai.squadLayer.unstickValueFalse,s,thoi_gian,06,pass2:inline,,"conditional: var sideStep = new Vector2(away.Y, -away.X) * ((id.Value & 1) == 0 ? 8f : -8f);"
Sim/AI/Squads.cs,890,143,4f,ai.squadLayer.unstickMargin,s,thoi_gian,06,pass2:inline,,"arg:MapDefinition.Clamp: world.Submit(new Command(type, _commander.Team, new[] { id }, UnsharedSlot(world, v, world.Map.Clamp(goal + sideStep, 4f))));"
Sim/AI/Squads.cs,894,55,0.01f,ai.squadLayer.unstickLengthSquaredMin,m,thoi_gian,06,pass2:inline,,"compare: out_ = out_.LengthSquared() > 0.01f ? Vector2.Normalize(out_) : new Vector2(away.Y, -away.X);"
Sim/AI/Squads.cs,895,158,8f,ai.squadLayer.unstickOutScale,s,thoi_gian,06,pass2:inline,,"multiply: world.Submit(new Command(CommandType.Move, _commander.Team, new[] { id }, UnsharedSlot(world, v, world.Map.Clamp(v.Position + out_ * 8f, 4f))));"
Sim/AI/Squads.cs,895,162,4f,ai.squadLayer.unstickMargin,s,thoi_gian,06,pass2:inline,,"arg:MapDefinition.Clamp: world.Submit(new Command(CommandType.Move, _commander.Team, new[] { id }, UnsharedSlot(world, v, world.Map.Clamp(v.Position + out_ * 8f, 4f))));"
Sim/AI/Squads.cs,901,61,3,ai.squadLayer.unstickRungCap,count,thoi_gian,06,pass2:inline,,"math_min: s.Progress[id] = (v.Position, now, Math.Min(3, p.rung + 1));"
Sim/AI/Squads.cs,910,72,3,ai.squadLayer.unstickRungMin,s,thoi_gian,06,pass2:inline,,"compare: if (s.Progress.TryGetValue(id, out var p) && p.rung >= 3) s.Progress[id] = (p.at, now, 0);"
Sim/AI/Squads.cs,929,117,0.6f,ai.squadLayer.stanceHoldFireFalse,x,nguong,06,pass2:inline,,conditional: var share = m.HoldFire > 0f ? m.HoldFire : world.Catalog.Ai.HoldFire > 0f ? world.Catalog.Ai.HoldFire : 0.6f;
Sim/AI/Squads.cs,958,26,0.01f,ai.squadLayer.focusWeightMin,count,gioi_han_thuc_the,06,pass2:inline,,compare: if (weight > 0.01f && s.State == SquadState.Combat)
Sim/AI/Squads.cs,963,102,10f,ai.squadLayer.focusReachAdd,m,ban_kinh,06,pass2:inline,,"add: if (!c.InSight || c.Flying || Vector2.Distance(c.Position, s.Centre) > s.Reach + 10f) continue;"
Sim/AI/Squads.cs,966,43,0.5f,ai.squadLayer.focusStrengthFloor,x,sat_thuong,06,pass2:inline,,"math_max: var value = MathF.Max(0.5f, c.Strength) * (1.6f - v.Hp / MathF.Max(1f, v.MaxHp));"
Sim/AI/Squads.cs,966,64,1.6f,ai.squadLayer.focusHpSub,x,sat_thuong,06,pass2:inline,,"subtract: var value = MathF.Max(0.5f, c.Strength) * (1.6f - v.Hp / MathF.Max(1f, v.MaxHp));"
Sim/AI/Squads.cs,970,133,10f,ai.squadLayer.focusReachFloor,m,sat_thuong,06,pass2:inline,,"math_max: var score = value * s.Strength / MathF.Max(1f, v.Hp) / (1f + Vector2.Distance(c.Position, s.Centre) / MathF.Max(10f, s.Reach));"
Sim/AI/Squads.cs,1059,112,20f,ai.squadLayer.pointPressureRadiusAdd,m,ban_kinh,06,pass2:inline,,"add: if (e.Kind == IntelEventKind.ObjectivePressure && Vector2.Distance(e.Centre, at) <= e.Radius + 20f) return true;"
Sim/AI/Squads.cs,1083,64,30f,ai.squadLayer.flankPointDistanceCap,count,ban_kinh,06,pass2:inline,,"math_min: point = world.Map.Clamp(goal - forward * MathF.Min(30f, distance * 0.4f) + lateral * Math.Clamp(distance * 0.5f, 25f, 45f), 8f);"
Sim/AI/Squads.cs,1083,80,0.4f,ai.squadLayer.flankPointDistanceScale,m,ban_kinh,06,pass2:inline,,"multiply: point = world.Map.Clamp(goal - forward * MathF.Min(30f, distance * 0.4f) + lateral * Math.Clamp(distance * 0.5f, 25f, 45f), 8f);"
Sim/AI/Squads.cs,1083,120,0.5f,ai.squadLayer.flankPointDistanceScale2,m,ban_kinh,06,pass2:inline,,"multiply: point = world.Map.Clamp(goal - forward * MathF.Min(30f, distance * 0.4f) + lateral * Math.Clamp(distance * 0.5f, 25f, 45f), 8f);"
Sim/AI/Squads.cs,1083,126,25f,ai.squadLayer.flankPointDistanceMin,m,ban_kinh,06,pass2:inline,,"math_clamp: point = world.Map.Clamp(goal - forward * MathF.Min(30f, distance * 0.4f) + lateral * Math.Clamp(distance * 0.5f, 25f, 45f), 8f);"
Sim/AI/Squads.cs,1083,131,45f,ai.squadLayer.flankPointDistanceMax,m,ban_kinh,06,pass2:inline,,"math_clamp: point = world.Map.Clamp(goal - forward * MathF.Min(30f, distance * 0.4f) + lateral * Math.Clamp(distance * 0.5f, 25f, 45f), 8f);"
Sim/AI/Squads.cs,1083,137,8f,ai.squadLayer.flankPointMargin,m,ban_kinh,06,pass2:inline,,"arg:MapDefinition.Clamp: point = world.Map.Clamp(goal - forward * MathF.Min(30f, distance * 0.4f) + lateral * Math.Clamp(distance * 0.5f, 25f, 45f), 8f);"
Sim/AI/Squads.cs,1085,82,15f,ai.squadLayer.flankPointDistanceMax2,m,ban_kinh,06,pass2:inline,,"compare: if (!world.Grid.IsWalkable(point) || Vector2.Distance(point, goal) < 15f) return false;"
Sim/AI/Squads.cs,1086,58,1.5f,ai.squadLayer.flankPointMaxScale,count,nguong,06,pass2:inline,,"multiply: return threat <= MathF.Max(1f, s.Strength) * 1.5f;"
Sim/AI/Squads.cs,1093,118,60f,ai.squadLayer.advancingFriendDistanceMax,m,ban_kinh,06,pass2:inline,,"compare: (o.State is SquadState.Travel or SquadState.Approach) && Vector2.Distance(o.Centre, s.Centre) <= 60f) return o;"
Sim/AI/Squads.cs,1104,77,40f,ai.squadLayer.losingFriendReachFloor,m,ban_kinh,06,pass2:inline,,"math_max: var (own, enemy) = intel.StrengthAround(o.Centre, MathF.Max(40f, o.Reach));"
Sim/AI/Squads.cs,1105,45,0.01f,ai.squadLayer.losingFriendEnemyFloor,x,nguong,06,pass2:inline,,"math_max: var ratio = own / MathF.Max(0.01f, enemy);"
Sim/AI/Squads.cs,1141,77,40f,ai.squadLayer.betterSpotReachFloor,m,ban_kinh,06,pass2:inline,,"math_max: var (own, enemy) = intel.StrengthAround(s.Centre, MathF.Max(40f, s.Reach));"
Sim/AI/Squads.cs,1145,83,35f,ai.squadLayer.betterSpotDirectionScale,x,khac,06,pass2:inline,,"multiply: spot = world.Map.Clamp(s.Centre + Direction(s.Centre, home) * 35f, 6f);"
Sim/AI/Squads.cs,1145,88,6f,ai.squadLayer.betterSpotMargin,x,khac,06,pass2:inline,,"arg:MapDefinition.Clamp: spot = world.Map.Clamp(s.Centre + Direction(s.Centre, home) * 35f, 6f);"
Sim/AI/Squads.cs,1150,121,0.5f,ai.squadLayer.betterSpotThreatAtScale,x,sat_thuong,06,pass2:inline,,"multiply: float Danger(Vector2 p) => intel.ThreatAt(ThreatKind.Splash, p) + intel.ThreatAt(ThreatKind.Artillery, p) + 0.5f * intel.ThreatAt(ThreatKind.AntiTank,"
Sim/AI/Squads.cs,1157,102,25f,ai.squadLayer.betterSpotScale,x,khac,06,pass2:inline,,"multiply: var p = world.Map.Clamp(s.Centre + new Vector2(MathF.Cos(angle), MathF.Sin(angle)) * 25f, 6f);"
Sim/AI/Squads.cs,1157,107,6f,ai.squadLayer.betterSpotMargin,x,khac,06,pass2:inline,,"arg:MapDefinition.Clamp: var p = world.Map.Clamp(s.Centre + new Vector2(MathF.Cos(angle), MathF.Sin(angle)) * 25f, 6f);"
Sim/AI/Squads.cs,1167,64,10f,ai.squadLayer.betterSpotHereScale,x,nguong,06,pass2:inline,,"multiply: gain = (here - best) / MathF.Max(1f, s.Strength) * 10f;"
Sim/AI/Squads.cs,1174,40,0.01f,ai.squadLayer.directionLengthSquaredMin,m,ban_kinh,06,pass2:inline,,compare: return d.LengthSquared() > 0.01f ? Vector2.Normalize(d) : Vector2.UnitY;
Sim/AI/TacticalAi.P3.cs,26,117,0.8f,ai.tacticalAi.repairTargetP3MaxHpScale,count,sat_thuong,06,pass2:inline,,multiply: if (!v.IsAlive || v.Team != _team || v.Flying || v.Def.Static || v == engineer || v.Hp >= v.MaxHp * 0.8f) continue;
Sim/AI/TacticalAi.P3.cs,55,48,0.01f,ai.tacticalAi.repairTargetP3LengthSquaredMin,m,ban_kinh,06,pass2:inline,,"compare: var stand = away.LengthSquared() > 0.01f ? best.Position - Vector2.Normalize(away) * MathF.Max(2f, aura.Radius * 0.5f) : best.Position;"
Sim/AI/TacticalAi.P3.cs,55,108,2f,ai.tacticalAi.repairTargetP3RadiusFloor,m,ban_kinh,06,pass2:inline,,"math_max: var stand = away.LengthSquared() > 0.01f ? best.Position - Vector2.Normalize(away) * MathF.Max(2f, aura.Radius * 0.5f) : best.Position;"
Sim/AI/TacticalAi.P3.cs,55,126,0.5f,ai.tacticalAi.repairTargetP3RadiusScale,m,ban_kinh,06,pass2:inline,,"multiply: var stand = away.LengthSquared() > 0.01f ? best.Position - Vector2.Normalize(away) * MathF.Max(2f, aura.Radius * 0.5f) : best.Position;"
Sim/AI/TacticalAi.Watchdog.cs,19,64,2f,ai.tacticalAi.explainSpanDecisionIntervalScale,s,thoi_gian,06,pass2:inline,,multiply: private static float ExplainSpan => DecisionInterval * 2f + 0.5f;
Sim/AI/TacticalAi.Watchdog.cs,19,69,0.5f,ai.tacticalAi.explainSpanDecisionIntervalAdd,s,thoi_gian,06,pass2:inline,,add: private static float ExplainSpan => DecisionInterval * 2f + 0.5f;
Sim/AI/TacticalAi.cs,238,69,0.25f,ai.tacticalAi.alliesDecisionIntervalScale,s,thoi_gian,06,pass2:inline,,multiply: if (value && !_allies) _timer += DecisionInterval * 0.25f;
Sim/AI/TacticalAi.cs,249,48,2,ai.tacticalAi.ctorMaxValue,share,xac_suat,06,pass2:inline,,arg:Random.Next: _flankSide = new Random(seed).Next(2) == 0 ? -1f : 1f;
Sim/AI/TacticalAi.cs,252,53,0.5f,ai.tacticalAi.ctorDecisionIntervalScale,s,thoi_gian,06,pass2:inline,,multiply: _timer = team == 1 ? DecisionInterval * 0.5f : 0f;
Sim/AI/TacticalAi.cs,293,73,45f,ai.tacticalAi.tickNearestGroundMax,ticks,thoi_gian,06,pass2:inline,,"compare: if (chase && (goal == null || NearestGround(front, out _) < 45f)) objective = NearestCluster(front);"
Sim/AI/TacticalAi.cs,301,62,18f,ai.tacticalAi.tickHomeRadiusAdd,ticks,thoi_gian,06,pass2:inline,,add: objective += inward * (SimWorld.HomeRadius + 18f);
Sim/AI/TacticalAi.cs,317,63,20f,ai.tacticalAi.tickDistanceMin,ticks,thoi_gian,06,pass2:inline,,"compare: if (Vector2.Distance(objective, _lastObjective) > 20f) _flanked.Clear();"
Sim/AI/TacticalAi.cs,325,66,5f,ai.tacticalAi.tickForwardScale,ticks,thoi_gian,06,pass2:inline,,"multiply: objective = Clamp(world, goal!.Value + forward * 5f);"
Sim/AI/TacticalAi.cs,357,59,55f,ai.tacticalAi.judgeOddsDistanceMax,m,sat_thuong,06,pass2:inline,,"compare: if (Vector2.Distance(v.Position, front) < 55f) ours += v.Def.Power * (v.Hp / v.MaxHp);"
Sim/AI/TacticalAi.cs,362,76,60f,ai.tacticalAi.judgeOddsDistanceMax2,m,sat_thuong,06,pass2:inline,,"compare: if (!e.Def.Static && Vector2.Distance(e.Position, front) < 60f) _seen[e.Id] = (e.Def.Power * (e.Hp / e.MaxHp), world.Time, e.Position);"
Sim/AI/TacticalAi.cs,371,88,120.0,ai.tacticalAi.judgeOddsAgeMin,share,xac_suat,06,pass2:inline,,"compare: if (!world.TryGetVehicle(id, out var known) || !known.IsAlive || age > 120.0)"
Sim/AI/TacticalAi.cs,377,51,70f,ai.tacticalAi.judgeOddsDistanceMax3,m,ban_kinh,06,pass2:inline,,"compare: if (Vector2.Distance(at, front) < 70f) theirs += power * (float)Math.Pow(0.5, age / 45.0);"
Sim/AI/TacticalAi.cs,377,90,0.5,ai.tacticalAi.judgeOddsAgeExponent,share,ban_kinh,06,pass2:inline,,"math_pow: if (Vector2.Distance(at, front) < 70f) theirs += power * (float)Math.Pow(0.5, age / 45.0);"
Sim/AI/TacticalAi.cs,377,101,45.0,ai.tacticalAi.judgeOddsAgeDivisor,share,ban_kinh,06,pass2:inline,,"divide: if (Vector2.Distance(at, front) < 70f) theirs += power * (float)Math.Pow(0.5, age / 45.0);"
Sim/AI/TacticalAi.cs,380,38,0.5f,ai.tacticalAi.judgeOddsTheirsMin,share,xac_suat,06,pass2:inline,,compare: StrengthRatio = theirs > 0.5f ? ours / theirs : 1f;
Sim/AI/TacticalAi.cs,390,75,0.5f,ai.tacticalAi.judgeOddsTheirsMax,share,xac_suat,06,pass2:inline,,compare: if (held && (StrengthRatio >= RecoveredRatio || theirs <= 0.5f)) _outmatched = false;
Sim/AI/TacticalAi.cs,397,42,3f,ai.tacticalAi.judgeOddsTheirsMin2,share,thoi_gian,06,pass2:inline,,compare: else if (contact && theirs > 3f && StrengthRatio < OutmatchedRatio && world.Time >= _committedUntil)
Sim/AI/TacticalAi.cs,404,42,30f,ai.tacticalAi.judgeOddsDistanceCap,m,ban_kinh,06,pass2:inline,,"math_min: var distance = MathF.Min(30f, Vector2.Distance(front, home));"
Sim/AI/TacticalAi.cs,438,59,2f,ai.tacticalAi.grabCratesMargin,x,tan_suat,06,pass2:inline,,"arg:TacticalAi.Exposed: if (TowerSense && Exposed(crate.Position, 2f)) continue;"
Sim/AI/TacticalAi.cs,448,73,2.5f,ai.tacticalAi.grabCratesDistanceMax,m,ban_kinh,06,pass2:inline,,"compare: if (Vector2.Distance(runner.Position, crate.Position) < 2.5f) continue;"
Sim/AI/TacticalAi.cs,449,115,2f,ai.tacticalAi.grabCratesDistanceMax2,m,ban_kinh,06,pass2:inline,,"compare: if (runner.Order.Kind == OrderKind.Move && Vector2.Distance(runner.Order.Point, crate.Position) < 2f) continue;"
Sim/AI/TacticalAi.cs,491,57,0.8f,ai.tacticalAi.sendToRearmSpeedScale,m/s,thoi_gian,06,pass2:inline,,"multiply: var speed = MathF.Max(1f, v.Def.Speed * 0.8f);"
Sim/AI/TacticalAi.cs,497,42,1.5f,ai.tacticalAi.sendToRearmDepotReachScale,m,thoi_gian,06,pass2:inline,,multiply: if (d > DepotReach * 1.5f) return;
Sim/AI/TacticalAi.cs,498,51,3f,ai.tacticalAi.sendToRearmLeftDivisor,s,thoi_gian,06,pass2:inline,,divide: var time = d / speed + left / 3f + 2f;
Sim/AI/TacticalAi.cs,498,56,2f,ai.tacticalAi.sendToRearmDAdd,s,thoi_gian,06,pass2:inline,,add: var time = d / speed + left / 3f + 2f;
Sim/AI/TacticalAi.cs,504,135,0.6f,ai.tacticalAi.sendToRearmRadiusScale,m,thoi_gian,06,pass2:inline,,"multiply: if (e.IsAlive && e.Team == _team && e.Def.RearmAura != null && e != v) Offer(e.Position, e.Def.RearmAura.Radius * 0.6f);"
Sim/AI/TacticalAi.cs,505,73,12f,ai.tacticalAi.sendToRearmReach,s,thoi_gian,06,pass2:inline,,"arg:TacticalAi.Offer: if (world.TryGetRally(_team, out var camp)) Offer(camp, 12f);"
Sim/AI/TacticalAi.cs,506,82,8f,ai.tacticalAi.sendToRearmDistanceMin,m,thoi_gian,06,pass2:inline,,"compare: if (depot != null && Vector2.Distance(v.Position, depot.Value) > 8f && !world.InEnemyHome(depot.Value, _team))"
Sim/AI/TacticalAi.cs,508,106,6f,ai.tacticalAi.sendToRearmDistanceMin2,m,thoi_gian,06,pass2:inline,,"compare: if (v.Order.Kind != OrderKind.Move || Vector2.Distance(v.Order.Point, depot.Value) > 6f)"
Sim/AI/TacticalAi.cs,513,113,4f,ai.tacticalAi.sendToRearmRangeAdd,m,thoi_gian,06,pass2:inline,,add: if (threat != null && threat.Def.Weapon.CanTarget(false) && closest < threat.Def.Weapon.Range + 4f &&
Sim/AI/TacticalAi.cs,514,85,10f,ai.tacticalAi.sendToRearmRangeAdd2,m,thoi_gian,06,pass2:inline,,"add: world.EscapeRoute(v, threat.Position, threat.Def.Weapon.Range + 10f - closest) is { } away)"
Sim/AI/TacticalAi.cs,516,99,6f,ai.tacticalAi.sendToRearmDistanceMin2,m,thoi_gian,06,pass2:inline,,"compare: if (v.Order.Kind != OrderKind.Move || Vector2.Distance(v.Order.Point, away) > 6f) Issue(world, CommandType.Move, v.Id, away);"
Sim/AI/TacticalAi.cs,520,114,3f,ai.tacticalAi.sendToRearmDistanceMin3,m,thoi_gian,06,pass2:inline,,"compare: if (v.Order.Kind == OrderKind.Move && v.HasPath && Vector2.Distance(v.Position, v.Order.Point) > 3f &&"
Sim/AI/TacticalAi.cs,521,75,14f,ai.tacticalAi.sendToRearmRangeAdd3,m,thoi_gian,06,pass2:inline,,add: threat != null && closest < threat.Def.Weapon.Range + 14f) continue;
Sim/AI/TacticalAi.cs,560,101,4f,ai.tacticalAi.refitDistanceMin,m,ban_kinh,06,pass2:inline,,"compare: if (v.Order.Kind != OrderKind.Move || Vector2.Distance(v.Order.Point, field.Position) > 4f)"
Sim/AI/TacticalAi.cs,572,66,4.0,ai.tacticalAi.rearmInLullsTimeMax,s,thoi_gian,06,pass2:inline,,compare: if (v.Target.IsValid || world.Time - v.LastFiredAt < 4.0) return;
Sim/AI/TacticalAi.cs,573,45,15f,ai.tacticalAi.rearmInLullsVisionRangeAdd,m,thoi_gian,06,pass2:inline,,add: var reach = v.Def.VisionRange + 15f;
Sim/AI/TacticalAi.cs,599,30,-4f,ai.tacticalAi.breachObstaclesAlongMax,m,ban_kinh,06,pass2:inline,,compare: if (along < -4f || (off - dir * along).Length() > 18f) continue;
Sim/AI/TacticalAi.cs,599,67,18f,ai.tacticalAi.breachObstaclesLengthMin,m,ban_kinh,06,pass2:inline,,compare: if (along < -4f || (off - dir * along).Length() > 18f) continue;
Sim/AI/TacticalAi.cs,607,105,25f,ai.tacticalAi.breachObstaclesDistanceMax,m,ban_kinh,06,pass2:inline,,"compare: if (!e.Def.Obstacle && !e.Def.Passive && Vector2.Distance(e.Position, block.Position) < 25f) return;"
Sim/AI/TacticalAi.cs,643,34,-10f,ai.tacticalAi.directBreachersAlongMax,m,ban_kinh,06,pass2:inline,,compare: if (along < -10f || along > BreacherReach) continue;
Sim/AI/TacticalAi.cs,644,107,1.5f,ai.tacticalAi.directBreachersLengthScale,m,ban_kinh,06,pass2:inline,,"multiply: var score = Vector2.Distance(e.Position, v.Position) + (off - dir * along).Length() * 1.5f - (e.Def.Obstacle ? 25f : 0f);"
Sim/AI/TacticalAi.cs,644,132,25f,ai.tacticalAi.directBreachersObstacleTrue,m,ban_kinh,06,pass2:inline,,"conditional: var score = Vector2.Distance(e.Position, v.Position) + (off - dir * along).Length() * 1.5f - (e.Def.Obstacle ? 25f : 0f);"
Sim/AI/TacticalAi.cs,667,55,9f,ai.tacticalAi.directSupportForwardScale,x,khac,06,pass2:inline,,"multiply: var spot = Clamp(world, front - forward * 9f);"
Sim/AI/TacticalAi.cs,677,60,6f,ai.tacticalAi.directSupportDistanceMax,m,ban_kinh,06,pass2:inline,,"compare: if (Vector2.Distance(v.Position, at) < 6f) continue;"
Sim/AI/TacticalAi.cs,678,97,5f,ai.tacticalAi.directSupportDistanceMax2,m,ban_kinh,06,pass2:inline,,"compare: if (v.Order.Kind == OrderKind.Move && Vector2.Distance(v.Order.Point, at) < 5f) continue;"
Sim/AI/TacticalAi.cs,685,84,3f,ai.tacticalAi.directSupportForwardScale2,x,khac,06,pass2:inline,,"multiply: var cover = world.Lanes.OffLane(Clamp(world, front - forward * 3f), 6f);"
Sim/AI/TacticalAi.cs,685,89,6f,ai.tacticalAi.directSupportReach,m,ban_kinh,06,pass2:inline,,"arg:LaneMap.OffLane: var cover = world.Lanes.OffLane(Clamp(world, front - forward * 3f), 6f);"
Sim/AI/TacticalAi.cs,686,63,5f,ai.tacticalAi.directSupportDistanceMax2,m,ban_kinh,06,pass2:inline,,"compare: if (Vector2.Distance(v.Position, cover) < 5f) continue;"
Sim/AI/TacticalAi.cs,687,100,4f,ai.tacticalAi.directSupportDistanceMax3,m,ban_kinh,06,pass2:inline,,"compare: if (v.Order.Kind == OrderKind.Move && Vector2.Distance(v.Order.Point, cover) < 4f) continue;"
Sim/AI/TacticalAi.cs,694,61,6f,ai.tacticalAi.directSupportDistanceMin,m,ban_kinh,06,pass2:inline,,"compare: if (Vector2.Distance(v.Position, fix) > 6f && !(v.Order.Kind == OrderKind.Move && Vector2.Distance(v.Order.Point, fix) < 4f))"
Sim/AI/TacticalAi.cs,694,142,4f,ai.tacticalAi.directSupportDistanceMax3,m,ban_kinh,06,pass2:inline,,"compare: if (Vector2.Distance(v.Position, fix) > 6f && !(v.Order.Kind == OrderKind.Move && Vector2.Distance(v.Order.Point, fix) < 4f))"
Sim/AI/TacticalAi.cs,698,58,10f,ai.tacticalAi.directSupportDistanceMax4,m,ban_kinh,06,pass2:inline,,"compare: if (Vector2.Distance(v.Position, spot) < 10f) continue;"
Sim/AI/TacticalAi.cs,699,95,8f,ai.tacticalAi.directSupportDistanceMax5,m,ban_kinh,06,pass2:inline,,"compare: if (v.Order.Kind == OrderKind.Move && Vector2.Distance(v.Order.Point, spot) < 8f) continue;"
Sim/AI/TacticalAi.cs,720,75,6f,ai.tacticalAi.resupplySpotForwardScale,x,khac,06,pass2:inline,,"multiply: var at = world.Lanes.OffLane(Clamp(world, sum / n - forward * 6f), 8f);"
Sim/AI/TacticalAi.cs,720,80,8f,ai.tacticalAi.resupplySpotReach,m,ban_kinh,06,pass2:inline,,"arg:LaneMap.OffLane: var at = world.Lanes.OffLane(Clamp(world, sum / n - forward * 6f), 8f);"
Sim/AI/TacticalAi.cs,737,68,12f,ai.tacticalAi.collectFallBackDistanceMax,m,ban_kinh,06,pass2:inline,,"compare: if (Vector2.Distance(v.Position, _fallBackPoint) < 12f) continue;"
Sim/AI/TacticalAi.cs,823,28,150f,ai.tacticalAi.huntRearmingBest,s,thoi_gian,06,pass2:inline,,local_init: var best = 150f;
Sim/AI/TacticalAi.cs,836,28,3,ai.tacticalAi.huntRearmingAircraftMax,s,thoi_gian,06,pass2:inline,,compare: if (aircraft < 3) return;
Sim/AI/TacticalAi.cs,850,49,120f,ai.tacticalAi.huntRearmingStrikeTrue,s,thoi_gian,06,pass2:inline,,conditional: if (d > w.Range + (strike ? 120f : 20f) || d < w.MinRange) continue;
Sim/AI/TacticalAi.cs,850,56,20f,ai.tacticalAi.huntRearmingStrikeFalse,s,thoi_gian,06,pass2:inline,,conditional: if (d > w.Range + (strike ? 120f : 20f) || d < w.MinRange) continue;
Sim/AI/TacticalAi.cs,968,136,0.35f,,,sat_thuong,,pass2:,,"compare: if (!weapon.CanTarget(false) || world.Catalog.Damage.Effective(weapon, Matchup.StructureLevel, TargetKind.Structure) < 0.35f) continue;"
Sim/AI/TacticalAi.cs,969,71,8f,ai.tacticalAi.plunderWithRangeAdd,m,ban_kinh,06,pass2:inline,,"add: if (NearestGround(v.Position, out _) < weapon.Range + 8f) continue;"
Sim/AI/TacticalAi.cs,971,51,2f,ai.tacticalAi.plunderWithRangeAdd2,m,ban_kinh,06,pass2:inline,,add: var bestDistance = weapon.Range + 2f;
Sim/AI/TacticalAi.cs,1008,67,6f,ai.tacticalAi.directGunMinRangeAdd,m,ban_kinh,06,pass2:inline,,add: if (threat != null && closest < weapon.MinRange + 6f && a.Def.Deploy is { Siege: true } siege && siege.TankMount < a.Arms.Length &&
Sim/AI/TacticalAi.cs,1009,64,4f,ai.tacticalAi.directGunRangeAdd,m,ban_kinh,06,pass2:inline,,add: closest <= a.Arms[siege.TankMount].Range + 4f)
Sim/AI/TacticalAi.cs,1014,67,6f,ai.tacticalAi.directGunMinRangeAdd,m,ban_kinh,06,pass2:inline,,add: if (threat != null && closest < weapon.MinRange + 6f)
Sim/AI/TacticalAi.cs,1018,81,14f,ai.tacticalAi.directGunMinRangeAdd2,m,ban_kinh,06,pass2:inline,,"add: if (world.EscapeRoute(a, threat.Position, weapon.MinRange + 14f - closest) is { } escape)"
Sim/AI/TacticalAi.cs,1025,59,6f,ai.tacticalAi.directGunReachAdd,m,ban_kinh,06,pass2:inline,,add: if (reach > 0f && weapon.Range >= reach + 6f && closest < reach + 3f && a.Order.Kind != OrderKind.Move &&
Sim/AI/TacticalAi.cs,1025,83,3f,ai.tacticalAi.directGunReachAdd2,m,ban_kinh,06,pass2:inline,,add: if (reach > 0f && weapon.Range >= reach + 6f && closest < reach + 3f && a.Order.Kind != OrderKind.Move &&
Sim/AI/TacticalAi.cs,1026,68,10f,ai.tacticalAi.directGunReachAdd3,m,ban_kinh,06,pass2:inline,,"add: world.EscapeRoute(a, threat!.Position, reach + 10f - closest) is { } kite)"
Sim/AI/TacticalAi.cs,1054,93,0.7f,ai.tacticalAi.directGunRangeScale,m,ban_kinh,06,pass2:inline,,multiply: var standoff = contact || alone ? objective - forward * (weapon.Range * 0.7f) : front - forward * 18f;
Sim/AI/TacticalAi.cs,1054,119,18f,ai.tacticalAi.directGunForwardScale,m,ban_kinh,06,pass2:inline,,multiply: var standoff = contact || alone ? objective - forward * (weapon.Range * 0.7f) : front - forward * 18f;
Sim/AI/TacticalAi.cs,1055,140,10f,ai.tacticalAi.directGunForwardScale2,m,ban_kinh,06,pass2:inline,,"multiply: if (!alone && Vector2.Distance(standoff, objective) < Vector2.Distance(front, objective)) standoff = front - forward * 10f;"
Sim/AI/TacticalAi.cs,1060,73,10f,ai.tacticalAi.directGunReach,m,ban_kinh,06,pass2:inline,,"arg:LaneMap.OffLane: stand = world.Lanes.OffLane(Clamp(world, standoff), 10f);"
Sim/AI/TacticalAi.cs,1063,59,10f,ai.tacticalAi.directGunDistanceMin,m,ban_kinh,06,pass2:inline,,"compare: if (Vector2.Distance(a.Position, stand) > 10f)"
Sim/AI/TacticalAi.cs,1095,112,3f,ai.tacticalAi.standingDistanceMax,m,ban_kinh,06,pass2:inline,,"compare: private static bool Standing(Vehicle v) => !v.HasPath || Vector2.Distance(v.Position, v.Order.Point) < 3f;"
Sim/AI/TacticalAi.cs,1119,41,2f,ai.tacticalAi.firingSpotMinRangeAdd,m,ban_kinh,06,pass2:inline,,add: var low = weapon.MinRange + 2f;
Sim/AI/TacticalAi.cs,1129,88,0.5f,ai.tacticalAi.firingSpotTargetRadiusScale,m,ban_kinh,06,pass2:inline,,"multiply: var distance = MathF.Max(low, weapon.Range * fraction + targetRadius * 0.5f);"
Sim/AI/TacticalAi.cs,1132,36,0.95f,ai.tacticalAi.firingSpotFractionSub,m,ban_kinh,06,pass2:inline,,subtract: var ringPenalty = (0.95f - fraction) * weapon.Range * 0.5f;
Sim/AI/TacticalAi.cs,1132,71,0.5f,ai.tacticalAi.firingSpotFractionScale,m,ban_kinh,06,pass2:inline,,multiply: var ringPenalty = (0.95f - fraction) * weapon.Range * 0.5f;
Sim/AI/TacticalAi.cs,1142,91,4f,ai.tacticalAi.firingSpotAbsScale,m,ban_kinh,06,pass2:inline,,"multiply: var score = Vector2.Distance(p, shooter.Position) + MathF.Abs(turn) * 4f + ringPenalty +"
Sim/AI/TacticalAi.cs,1189,133,0.2f,,,sat_thuong,,pass2:,,"compare: if (!weapon.CanTarget(false) || world.Catalog.Damage.Effective(weapon, Matchup.StructureLevel, TargetKind.Structure) <= 0.2f) return false;"
Sim/AI/TacticalAi.cs,1207,111,2f,ai.tacticalAi.shellStructureDefenceSearchScale,m,ban_kinh,06,pass2:inline,,"multiply: if (!weapon.CanTarget(false) || Vector2.Distance(a.Position, at) > weapon.Range + DefenceSearch * 2f) return false;"
Sim/AI/TacticalAi.cs,1215,54,0.5f,ai.tacticalAi.shellFromSafetyRangeSub,m,ban_kinh,06,pass2:inline,,subtract: var inRange = distance <= weapon.Range - 0.5f && distance >= weapon.MinRange + 1f;
Sim/AI/TacticalAi.cs,1229,91,4f,ai.tacticalAi.shellFromSafetyDistanceMin,m,ban_kinh,06,pass2:inline,,"compare: if (a.Order.Kind != OrderKind.Move || Vector2.Distance(a.Order.Point, spot) > 4f) Issue(world, CommandType.Move, a.Id, spot);"
Sim/AI/TacticalAi.cs,1236,43,2,ai.tacticalAi.directFlankersCountMax,count,gioi_han_thuc_the,06,pass2:inline,,compare: if (!contact || _fast.Count < 2 || _line.Count < 2)
Sim/AI/TacticalAi.cs,1236,62,2,ai.tacticalAi.directFlankersCountMax,count,gioi_han_thuc_the,06,pass2:inline,,compare: if (!contact || _fast.Count < 2 || _line.Count < 2)
Sim/AI/TacticalAi.cs,1242,86,6f,ai.tacticalAi.directFlankersForwardScale,m,ban_kinh,06,pass2:inline,,"multiply: var flankPoint = Clamp(world, objective + side * FlankOffset - forward * 6f);"
Sim/AI/TacticalAi.cs,1244,74,2f,ai.tacticalAi.directFlankersMargin,count,gioi_han_thuc_the,06,pass2:inline,,"arg:TacticalAi.Exposed: if (TowerSense && _defences.Count > 0 && Exposed(flankPoint, 2f))"
Sim/AI/TacticalAi.cs,1254,92,9f,ai.tacticalAi.directFlankersDistanceMax,m,ban_kinh,06,pass2:inline,,"compare: if (!_flanked.Contains(f.Id) && Vector2.Distance(f.Position, flankPoint) < 9f) _flanked.Add(f.Id);"
Sim/AI/TacticalAi.cs,1292,118,8f,ai.tacticalAi.directMainBodyDistanceMax,m,ban_kinh,06,pass2:inline,,"compare: if (world.TryGetVehicle(_ids[i], out var there) && Vector2.Distance(there.Position, objective) < 8f)"
Sim/AI/TacticalAi.cs,1305,72,2f,ai.tacticalAi.directMainBodyMargin,count,gioi_han_thuc_the,06,pass2:inline,,"arg:TacticalAi.Exposed: if (TowerSense && _defences.Count > 0 && Exposed(into, 2f) && !StrongEnough(world, into, lead.Position))"
Sim/AI/TacticalAi.cs,1310,58,0.75f,ai.tacticalAi.directMainBodyCountScale,count,gioi_han_thuc_the,06,pass2:inline,,multiply: if (_ids.Count < MathF.Ceiling(_line.Count * 0.75f))
Sim/AI/TacticalAi.cs,1323,66,1.5f,ai.tacticalAi.directMainBodyBoundLengthScale,m,ban_kinh,06,pass2:inline,,"multiply: var goal = Clamp(world, leadDistance > BoundLength * 1.5f ? lead.Position + Direction(lead.Position, objective) * BoundLength : objective);"
Sim/AI/TacticalAi.cs,1326,54,2f,ai.tacticalAi.directMainBodyMargin,count,gioi_han_thuc_the,06,pass2:inline,,"arg:TacticalAi.Exposed: if (_defences.Count > 0 && Exposed(goal, 2f))"
Sim/AI/TacticalAi.cs,1334,62,16f,ai.tacticalAi.directMainBodyDistanceMax2,m,ban_kinh,06,pass2:inline,,"compare: if (Vector2.Distance(v.Position, edge) < 16f) gathered++;"
Sim/AI/TacticalAi.cs,1335,72,0.8f,ai.tacticalAi.directMainBodyCountScale2,count,gioi_han_thuc_the,06,pass2:inline,,multiply: var together = gathered >= MathF.Ceiling(_line.Count * 0.8f);
Sim/AI/TacticalAi.cs,1371,59,35f,ai.tacticalAi.strongEnoughDistanceMin,m,ban_kinh,06,pass2:inline,,"compare: if (Vector2.Distance(v.Position, from) >= 35f) return;"
Sim/AI/TacticalAi.cs,1382,57,8f,ai.tacticalAi.strongEnoughGroundReachAdd,m,ban_kinh,06,pass2:inline,,add: var reach = GroundReach(d) + d.Radius + 8f;
Sim/AI/TacticalAi.cs,1386,90,30f,ai.tacticalAi.strongEnoughDistanceMax,m,sat_thuong,06,pass2:inline,,"compare: if (!e.Def.Static && !e.Flying && Vector2.Distance(e.Position, target) < 30f) theirs += e.Def.Power * (e.Hp / e.MaxHp);"
Sim/AI/TacticalAi.cs,1387,30,0.5f,ai.tacticalAi.strongEnoughTheirsMax,share,xac_suat,06,pass2:inline,,compare: return theirs <= 0.5f || ours >= theirs * odds;
Sim/AI/TacticalAi.cs,1405,53,60f,ai.tacticalAi.threatTurretTurnRateMax,m,ban_kinh,06,pass2:inline,,compare: var slowCannon = d.Def.TurretTurnRate < 60f && d.Def.Weapon.Projectile == ProjectileKind.Shell && d.Def.Weapon.MinRange <= 0f;
Sim/AI/TacticalAi.cs,1408,62,0.5f,ai.tacticalAi.threatFastScale,x,nguong,06,pass2:inline,,multiply: if (ground) share += groundShare - (slowCannon ? 0.5f * fast / ours : 0f);
Sim/AI/TacticalAi.cs,1450,29,2,ai.tacticalAi.frontOfCountMin,count,gioi_han_thuc_the,06,pass2:inline,,compare: return count >= 2 ? sum / count : Centre(body);
Sim/AI/TacticalAi.cs,1462,123,0.5f,ai.tacticalAi.gatherReinforcementsHomeReachScale,m,ban_kinh,06,pass2:inline,,"multiply: if (!world.TryGetRally(_team, out var home) || Vector2.Distance(front, home) < ReinforcementGap + HomeReach * 0.5f)"
Sim/AI/TacticalAi.cs,1467,72,22f,ai.tacticalAi.gatherReinforcementsDirectionScale,x,khac,06,pass2:inline,,"multiply: var staging = Clamp(world, home + Direction(home, front) * 22f);"
Sim/AI/TacticalAi.cs,1471,85,2,ai.tacticalAi.gatherReinforcementsCountMax,count,gioi_han_thuc_the,06,pass2:inline,,compare: if (_joining.Count == 0 || _line.Count + _fast.Count - _joining.Count < 2)
Sim/AI/TacticalAi.cs,1485,61,12f,ai.tacticalAi.gatherReinforcementsDistanceMin,m,ban_kinh,06,pass2:inline,,"compare: if (Vector2.Distance(v.Position, staging) > 12f) continue;"
Sim/AI/TacticalAi.cs,1501,61,10f,ai.tacticalAi.gatherReinforcementsDistanceMax,m,ban_kinh,06,pass2:inline,,"compare: if (Vector2.Distance(v.Position, staging) < 10f) continue;"
Sim/AI/TacticalAi.cs,1502,98,8f,ai.tacticalAi.gatherReinforcementsDistanceMax2,m,ban_kinh,06,pass2:inline,,"compare: if (v.Order.Kind == OrderKind.Move && Vector2.Distance(v.Order.Point, staging) < 8f) continue;"
Sim/AI/TacticalAi.cs,1534,77,0.5f,ai.tacticalAi.pushStaleSameRendezvousScale,m,ban_kinh,06,pass2:inline,,"multiply: if (Vector2.Distance(v.Position, to) < SameRendezvous * 0.5f) continue;"
Sim/AI/TacticalAi.cs,1585,79,12f,ai.tacticalAi.nearestClusterDistanceMin,m,ban_kinh,06,pass2:inline,,"compare: if (e.Flying || Vector2.Distance(e.Position, lead.Position) > 12f) continue;"
Sim/AI/TacticalAi.cs,1602,50,2f,ai.tacticalAi.tryFindClusterMinRangeAdd,m,ban_kinh,06,pass2:inline,,add: if (distance < weapon.MinRange + 2f || distance > weapon.Range) continue;
Sim/AI/TacticalAi.cs,1648,29,0.01f,ai.tacticalAi.directionLengthMin,m,ban_kinh,06,pass2:inline,,compare: return length > 0.01f ? d / length : Vector2.UnitX;
Sim/AI/TargetAccessCache.cs,40,37,8192,ai.targetAccessCache.capacity,count,gioi_han_thuc_the,06,pass2:const_to_property,,const_field: public const int Capacity = 8192;
Sim/AI/TargetAccessCache.cs,101,71,3,ai.targetAccessCache.canInfluenceMaxRings,x,sat_thuong,06,pass2:inline,,"arg:NavGrid.TryNearestWalkable: if (region == 0 && grid.TryNearestWalkable(unit.Position, 3, out var open)) region = grid.RegionOf(open);"
Sim/AI/TargetAccessCache.cs,145,82,4f,ai.targetAccessCache.reachableReachDivisor,m,ban_kinh,06,pass2:inline,,"divide: var key = (source, resolved, cx / Bucket, cy / Bucket, (int)(reach / 4f), (int)(minRange / 4f), (int)(radius / 2f));"
Sim/AI/TargetAccessCache.cs,145,104,4f,ai.targetAccessCache.reachableMinRangeDivisor,m,ban_kinh,06,pass2:inline,,"divide: var key = (source, resolved, cx / Bucket, cy / Bucket, (int)(reach / 4f), (int)(minRange / 4f), (int)(radius / 2f));"
Sim/AI/TargetAccessCache.cs,145,124,2f,ai.targetAccessCache.reachableRadiusDivisor,m,ban_kinh,06,pass2:inline,,"divide: var key = (source, resolved, cx / Bucket, cy / Bucket, (int)(reach / 4f), (int)(minRange / 4f), (int)(radius / 2f));"
Sim/AI/TargetAccessCache.cs,173,46,12,ai.targetAccessCache.sampleCellsDivisor,x,nguong,06,pass2:inline,,"divide: var coarse = Math.Max(1, cells / 12);"
Sim/AI/TopologyHooks.cs,30,28,80f,ai.breachTopology.rankingPathCostReductionOnDestroyCap,CP,ban_kinh,06,pass2:inline,,"math_min: r -= MathF.Min(80f, info.PathCostReductionOnDestroy) * Tun.BreachSavingWeight;"
Sim/AI/WorldModel.cs,193,34,0.1f,ai.worldModel.forWorldRateFloor,x,tan_suat,06,pass2:inline,,"math_max: var rate = MathF.Max(0.1f, _world.Catalog.Ai.WorldRate);"
Sim/AI/WorldModel.cs,232,30,2f,ai.teamIntel.ctorWorldCellFloor,x,nguong,06,pass2:inline,,"math_max: Cell = MathF.Max(2f, world.Catalog.Ai.WorldCell);"
Sim/AI/WorldModel.cs,310,51,0.5f,ai.teamIntel.cellCentreIndexAdd,x,khac,06,pass2:inline,,"add: _min + new Vector2((index % Columns + 0.5f) * Cell, (index / Columns + 0.5f) * Cell);"
Sim/AI/WorldModel.cs,310,84,0.5f,ai.teamIntel.cellCentreIndexAdd,x,khac,06,pass2:inline,,"add: _min + new Vector2((index % Columns + 0.5f) * Cell, (index / Columns + 0.5f) * Cell);"
Sim/AI/WorldModel.cs,315,80,3f,ai.teamIntel.knowFreshSeconds,s,thoi_gian,06,pass2:parameter default,,"param_default: public Knowledge Know(ThreatKind kind, Vector2 p, float freshSeconds = 3f)"
Sim/AI/WorldModel.cs,352,48,150f,ai.teamIntel.strengthOfMaxHpDivisor,count,nguong,06,pass2:inline,,divide: var power = v.Def.Boss ? v.MaxHp / 150f : v.Def.Power;
Sim/AI/WorldModel.cs,441,65,2f,,,sat_thuong,,pass2:,,"arg:AiParams.Get: if (c.SplashRadius >= ai.Get(""world.splashMin"", 2f)) Paint(ThreatKind.Splash, c.Position, c.Reach, s);"
Sim/AI/WorldModel.cs,497,39,0.5f,ai.teamIntel.forCellsCellScale,m,ban_kinh,06,pass2:inline,,multiply: var r2 = (radius + Cell * 0.5f) * (radius + Cell * 0.5f);
Sim/AI/WorldModel.cs,497,64,0.5f,ai.teamIntel.forCellsCellScale,m,ban_kinh,06,pass2:inline,,multiply: var r2 = (radius + Cell * 0.5f) * (radius + Cell * 0.5f);
Sim/AI/WorldModel.cs,536,73,0.5f,ai.teamIntel.frontLineMaxScale,count,nguong,06,pass2:inline,,"multiply: if (own > 0f && enemy > 0f && MathF.Abs(own - enemy) <= 0.5f * MathF.Max(own, enemy)) _contested.Add(i);"
Sim/AI/WorldModel.cs,583,80,0.2f,ai.teamIntel.narrowCellsCellScale,x,sat_thuong,06,pass2:inline,,"multiply: if (grid.IsWalkable(centre + new Vector2(sx, sy) * (Cell * 0.2f))) open++;"
Sim/AI/WorldModel.cs,585,55,0.6f,ai.teamIntel.narrowCellsAllScale,x,sat_thuong,06,pass2:inline,,multiply: narrow[i] = open > 0 && open <= all * 0.6f;
Sim/AI/WorldModel.cs,593,33,25f,ai.teamIntel.clusterReach,m,ban_kinh,06,pass2:local_const,,const_local: const float reach = 25f;
Sim/AI/WorldModel.cs,607,39,0.01f,ai.teamIntel.clusterStrengthFloor,x,nguong,06,pass2:inline,,"math_max: var w = MathF.Max(0.01f, b.Strength);"
Sim/AI/WorldModel.cs,623,50,8f,,,thoi_gian,,pass2:,,"arg:AiParams.Get: var life = ai.Get(""world.eventLife"", 8f);"
Sim/AI/WorldModel.cs,631,99,50f,ai.teamIntel.detectMinAdd,x,nguong,06,pass2:inline,,"add: Raise(IntelEventKind.Opportunity, $""{c.Group?.ToString() ?? c.Unit} spotted"", 50f + 10f * MathF.Min(3f, c.Strength / MathF.Max(1f, EnemyTotal / MathF."
Sim/AI/WorldModel.cs,631,105,10f,ai.teamIntel.detectMinScale,x,nguong,06,pass2:inline,,"multiply: Raise(IntelEventKind.Opportunity, $""{c.Group?.ToString() ?? c.Unit} spotted"", 50f + 10f * MathF.Min(3f, c.Strength / MathF.Max(1f, EnemyTotal / MathF."
Sim/AI/WorldModel.cs,631,121,3f,ai.teamIntel.detectStrengthCap,count,tran,06,pass2:inline,,"math_min: Raise(IntelEventKind.Opportunity, $""{c.Group?.ToString() ?? c.Unit} spotted"", 50f + 10f * MathF.Min(3f, c.Strength / MathF.Max(1f, EnemyTotal / MathF."
Sim/AI/WorldModel.cs,634,128,2f,ai.teamIntel.detectCellScale,m,ban_kinh,06,pass2:inline,,"multiply: if (c.WasInSight && c.Group == ForceGroup.AntiAir && Vector2.Distance(c.PreviousPosition, c.Position) > Cell * 2f)"
Sim/AI/WorldModel.cs,635,78,60f,ai.teamIntel.detectPriority,s,thoi_gian,06,pass2:inline,,"arg:TeamIntel.Raise: Raise(IntelEventKind.Window, ""enemy anti-air moved off"", 60f, 1f, now + life, c.PreviousPosition, c.Reach, c.Id);"
Sim/AI/WorldModel.cs,637,73,55f,ai.teamIntel.detectPriority2,s,thoi_gian,06,pass2:inline,,"arg:TeamIntel.Raise: Raise(IntelEventKind.Window, $""{c.Unit} reloading"", 55f, 1f, now + life * 0.5f, c.Position, Cell, c.Id);"
Sim/AI/WorldModel.cs,637,95,0.5f,ai.teamIntel.detectLifeScale,s,thoi_gian,06,pass2:inline,,"multiply: Raise(IntelEventKind.Window, $""{c.Unit} reloading"", 55f, 1f, now + life * 0.5f, c.Position, Cell, c.Id);"
Sim/AI/WorldModel.cs,646,109,95f,ai.teamIntel.detectBigTrue,m,ban_kinh,06,pass2:inline,,"conditional: Raise(IntelEventKind.Threat, w.Big ? ""big attack incoming"" : ""strike incoming"", w.Big ? 95f : 85f, 1f, w.Due, w.Centre, w.Radius, EntityId.None);"
Sim/AI/WorldModel.cs,646,115,85f,ai.teamIntel.detectBigFalse,m,ban_kinh,06,pass2:inline,,"conditional: Raise(IntelEventKind.Threat, w.Big ? ""big attack incoming"" : ""strike incoming"", w.Big ? 95f : 85f, 1f, w.Due, w.Centre, w.Radius, EntityId.None);"
Sim/AI/WorldModel.cs,652,50,0.25f,ai.teamIntel.detectLengthSquaredMax,m,ban_kinh,06,pass2:inline,,compare: if (g.Velocity.LengthSquared() < 0.25f) continue;
Sim/AI/WorldModel.cs,657,76,70f,ai.teamIntel.detectPriority3,s,thoi_gian,06,pass2:inline,,"arg:TeamIntel.Raise: Raise(IntelEventKind.Threat, ""enemy aircraft inbound"", 70f, g.Confidence, now + life, ahead, Cell * 3f, EntityId.None, null, i);"
Sim/AI/WorldModel.cs,657,121,3f,ai.teamIntel.detectCellScale2,s,thoi_gian,06,pass2:inline,,"multiply: Raise(IntelEventKind.Threat, ""enemy aircraft inbound"", 70f, g.Confidence, now + life, ahead, Cell * 3f, EntityId.None, null, i);"
Sim/AI/WorldModel.cs,659,86,80f,ai.teamIntel.detectPriority4,s,thoi_gian,06,pass2:inline,,"arg:TeamIntel.Raise: Raise(IntelEventKind.Threat, ""overwhelming enemy force closing"", 80f, g.Confidence, now + life, ahead, Cell * 3f, EntityId.None, null, i);"
Sim/AI/WorldModel.cs,659,131,3f,ai.teamIntel.detectCellScale2,s,thoi_gian,06,pass2:inline,,"multiply: Raise(IntelEventKind.Threat, ""overwhelming enemy force closing"", 80f, g.Confidence, now + life, ahead, Cell * 3f, EntityId.None, null, i);"
Sim/AI/WorldModel.cs,667,53,0.25f,,,khac,,pass2:,,"arg:AiParams.Get: if (air >= ai.Get(""world.airShare"", 0.25f) && aa < ai.Get(""world.aaShare"", 0.1f))"
Sim/AI/WorldModel.cs,667,92,0.1f,,,khac,,pass2:,,"arg:AiParams.Get: if (air >= ai.Get(""world.airShare"", 0.25f) && aa < ai.Get(""world.aaShare"", 0.1f))"
Sim/AI/WorldModel.cs,668,89,65f,ai.teamIntel.detectPriority5,s,thoi_gian,06,pass2:inline,,"arg:TeamIntel.Raise: Raise(IntelEventKind.Mismatch, ""no anti-air against many aircraft"", 65f, AverageConfidence(now, decay), now + life * 2f,"
Sim/AI/WorldModel.cs,668,138,2f,ai.teamIntel.detectLifeScale2,s,thoi_gian,06,pass2:inline,,"multiply: Raise(IntelEventKind.Mismatch, ""no anti-air against many aircraft"", 65f, AverageConfidence(now, decay), now + life * 2f,"
Sim/AI/WorldModel.cs,671,111,0.5f,ai.teamIntel.detectOwnCompositionScale,x,sat_thuong,06,pass2:inline,,multiply: var at = (OwnComposition[(int)ForceGroup.AntiTank] + OwnComposition[(int)ForceGroup.Armour] * 0.5f) / OwnTotal;
Sim/AI/WorldModel.cs,672,59,0.4f,,,sat_thuong,,pass2:,,"arg:AiParams.Get: if (armour >= ai.Get(""world.armourShare"", 0.4f) && at < ai.Get(""world.atShare"", 0.15f))"
Sim/AI/WorldModel.cs,672,97,0.15f,,,sat_thuong,,pass2:,,"arg:AiParams.Get: if (armour >= ai.Get(""world.armourShare"", 0.4f) && at < ai.Get(""world.atShare"", 0.15f))"
Sim/AI/WorldModel.cs,673,87,60f,ai.teamIntel.detectPriority,s,thoi_gian,06,pass2:inline,,"arg:TeamIntel.Raise: Raise(IntelEventKind.Mismatch, ""no anti-tank against many tanks"", 60f, AverageConfidence(now, decay), now + life * 2f,"
Sim/AI/WorldModel.cs,673,136,2f,ai.teamIntel.detectLifeScale2,s,thoi_gian,06,pass2:inline,,"multiply: Raise(IntelEventKind.Mismatch, ""no anti-tank against many tanks"", 60f, AverageConfidence(now, decay), now + life * 2f,"
Sim/AI/WorldModel.cs,684,99,55f,ai.teamIntel.detectPriority2,s,thoi_gian,06,pass2:inline,,"arg:TeamIntel.Raise: Raise(IntelEventKind.ObjectivePressure, $""point {p.Def.Name} worth more"", 55f, 1f, now + life, p.Def.Position, p.Def.Radius,"
Sim/AI/WorldModel.cs,687,95,75f,ai.teamIntel.detectPriority6,s,thoi_gian,06,pass2:inline,,"arg:TeamIntel.Raise: Raise(IntelEventKind.ObjectivePressure, $""losing point {p.Def.Name}"", 75f, 1f, now + life, p.Def.Position, p.Def.Radius,"
Sim/Bosses/BossSystem.cs,167,73,0.5f,,,xac_suat,,pass2:,,multiply: for (var k = 0; k < 6 && MathF.Abs(u - f.X) < lane.Patrol * 0.5f; k++) u = ((float)_world.Random.NextDouble() * 2f - 1f) * lane.Patrol;
Sim/Bosses/Brain/NavalBossMovementController.cs,89,73,10f,,,sat_thuong,,pass2:,,"ctor_arg:RouteContext: public static RouteContext Open => new(new Vector2(0f, 1f), 0f, 10f, 1000f, 0f);"
Sim/Bosses/Brain/NavalBossMovementController.cs,89,78,1000f,,,sat_thuong,,pass2:,,"ctor_arg:RouteContext: public static RouteContext Open => new(new Vector2(0f, 1f), 0f, 10f, 1000f, 0f);"
Sim/Combat/FirePower.cs,55,44,0.05f,,,thoi_gian,,pass2:,,"math_max: if (load > 0) return MathF.Max(0.05f, w.CycleSeconds) * MathF.Ceiling(load / (float)Math.Max(1, w.Burst));"
Sim/Combat/FirePower.cs,56,43,0.05f,,,thoi_gian,,pass2:,,"math_max: return w.Ammo > 0 ? MathF.Max(0.05f, w.CycleSeconds) * w.Ammo : 0f;"
Sim/Content/AiBehaviour.cs,185,58,2,ai.aiBehaviour.suitedToCountMax,count,gioi_han_thuc_the,06,pass2:inline,,compare: if (t.MergedInto == null && list.Count < 2)
Sim/Content/AiBehaviour.cs,202,87,2,,,ban_kinh,,pass2:,,"ctor_arg:SquadStateDef: for (var i = 0; i < b.States.Length; i++) b.States[i] = new SquadStateDef(2, 4f);"
Sim/Content/AiBehaviour.cs,202,90,4f,,,ban_kinh,,pass2:,,"ctor_arg:SquadStateDef: for (var i = 0; i < b.States.Length; i++) b.States[i] = new SquadStateDef(2, 4f);"
Sim/Content/AiBehaviour.cs,282,45,2,ai.aiBehaviour.modulesCountIs,count,gioi_han_thuc_the,06,pass2:inline,,"equals: EngageMin = engage.Count == 2 ? engage[0] : 0f, EngageMax = engage.Count == 2 ? engage[1] : 0f,"
Sim/Content/AiBehaviour.cs,282,93,2,ai.aiBehaviour.modulesCountIs,count,gioi_han_thuc_the,06,pass2:inline,,"equals: EngageMin = engage.Count == 2 ? engage[0] : 0f, EngageMax = engage.Count == 2 ? engage[1] : 0f,"
Sim/Content/AiParams.cs,70,53,2f,,,tan_suat,,pass2:,,"arg:AiParams.Get: public float WorldRate => Get(""world.rate"", 2f);"
Sim/Content/AiParams.cs,74,71,1.2f,,,khac,,pass2:,,"arg:AiParams.Get: public float AttackThreshold => Get(""params.attackThreshold"", 1.2f);"
Sim/Content/AiParams.cs,75,67,0.6f,,,khac,,pass2:,,"arg:AiParams.Get: public float FallbackRatio => Get(""params.fallbackRatio"", 0.6f);"
Sim/Content/AiParams.cs,77,59,4f,,,nguong,,pass2:,,"arg:AiParams.Get: public float MinCommit => Get(""params.minCommit"", 4f);"
Sim/Content/AiParams.cs,79,59,3f,,,thoi_gian,,pass2:,,"arg:AiParams.Get: public float StuckTime => Get(""params.stuckTime"", 3f);"
Sim/Content/AiParams.cs,80,75,25f,,,thoi_gian,,pass2:,,"arg:AiParams.Get: public float EmergencyCooldown => Get(""params.emergencyCooldown"", 25f);"
Sim/Content/AiParams.cs,81,69,2f,,,khac,,pass2:,,"arg:AiParams.Get: public float OverwhelmRatio => Get(""params.overwhelmRatio"", 2f);"
Sim/Content/AiParams.cs,85,67,0.8f,,,thoi_gian,,pass2:,,"arg:AiParams.Get: public float ReactionDelay => Get(""params.reactionDelay"", 0.8f);"
Sim/Content/AiParams.cs,94,69,50f,,,thoi_gian,,pass2:,,"arg:AiParams.Get: public float TacticCooldown => Get(""params.tacticCooldown"", 50f);"
Sim/Content/BaseRules.cs,220,127,5,,,gioi_han_thuc_the,,pass2:,,"math_clamp: var loadout = new Modes.BaseLoadout { HqLevel = Math.Clamp(r.Int(""level"", rules._reference.Count + 1), 1, 5) };"
Sim/Content/BaseRules.cs,245,93,3,,,ban_kinh,,pass2:,,"arg:JsonObject.Int: foreach (var key in levels.Keys) rules._aiLevels[key] = levels.Int(key, 3);"
Sim/Content/Catalog.Extra.cs,138,101,0.5f,,,thoi_gian,,pass2:,,"math_clamp: def.DropDelay = Math.Clamp(v.Float(""dropDelay"", Economy.EconomySystem.DeliverySeconds), 0.5f, 30f);"
Sim/Content/Catalog.Extra.cs,138,107,30f,,,thoi_gian,,pass2:,,"math_clamp: def.DropDelay = Math.Clamp(v.Float(""dropDelay"", Economy.EconomySystem.DeliverySeconds), 0.5f, 30f);"
Sim/Content/Catalog.Extra.cs,228,98,10f,,,gioi_han_thuc_the,,pass2:,,"conditional: Ramp = new Vector2(ramp.Count > 0 ? ramp[0] : 0f, ramp.Count > 1 ? ramp[1] : 10f),"
Sim/Content/Catalog.P25A.cs,274,246,0.9f,,,sat_thuong,,pass2:,,"math_clamp: Radius = MathF.Max(1f, o.Float(""radius"", global::MachineBrigade.Sim.Content.SimTunables.Bases.BlastWall.RadiusM)), Cut = Math.Clamp(o.Float(""cut"", glo"
Sim/Content/Catalog.P25A.cs,286,377,10f,,,sat_thuong,,pass2:,,"math_clamp: Radius = MathF.Max(1f, o.Float(""radius"", global::MachineBrigade.Sim.Content.SimTunables.Bases.FireControl.RadiusM)), Damage = Math.Clamp(o.Float(""dama"
Sim/Content/Catalog.P25A.cs,294,71,5f,,,thoi_gian,,pass2:,,"math_max: Units = o.StringArray(""units""), Every = MathF.Max(5f, o.Float(""every"", global::MachineBrigade.Sim.Content.SimTunables.Bases.Hangar.EverySeconds)), Ali"
Sim/Content/Catalog.P25A.cs,313,294,0.9f,,,ban_kinh,,pass2:,,"math_clamp: def.Searchlight = new SearchlightDef { Radius = MathF.Max(1f, o.Float(""radius"", global::MachineBrigade.Sim.Content.SimTunables.Bases.Searchlight.Radiu"
Sim/Content/Catalog.P25A.cs,318,281,5f,,,ban_kinh,,pass2:,,"math_clamp: def.Balloon = new BalloonDef { Radius = MathF.Max(1f, o.Float(""radius"", global::MachineBrigade.Sim.Content.SimTunables.Bases.Balloon.RadiusM)), Scatte"
Sim/Content/Catalog.P25A.cs,328,269,0.9f,,,ban_kinh,,pass2:,,"math_clamp: def.Shelter = new ShelterDef { Radius = MathF.Max(1f, o.Float(""radius"", global::MachineBrigade.Sim.Content.SimTunables.Bases.Shelter.RadiusM)), Cut = "
Sim/Content/Catalog.P25A.cs,344,237,5f,,,ban_kinh,,pass2:,,"math_clamp: Range = MathF.Max(1f, o.Float(""range"", global::MachineBrigade.Sim.Content.SimTunables.Bases.Microwave.RangeM)), Arc = Math.Clamp(o.Float(""arc"", global"
Sim/Content/Catalog.P25A.cs,344,241,360f,,,ban_kinh,,pass2:,,"math_clamp: Range = MathF.Max(1f, o.Float(""range"", global::MachineBrigade.Sim.Content.SimTunables.Bases.Microwave.RangeM)), Arc = Math.Clamp(o.Float(""arc"", global"
Sim/Content/Catalog.P25A.cs,344,249,0.5f,,,ban_kinh,,pass2:,,"multiply: Range = MathF.Max(1f, o.Float(""range"", global::MachineBrigade.Sim.Content.SimTunables.Bases.Microwave.RangeM)), Arc = Math.Clamp(o.Float(""arc"", global"
Sim/Content/Catalog.P25A.cs,344,267,180f,,,ban_kinh,,pass2:,,"divide: Range = MathF.Max(1f, o.Float(""range"", global::MachineBrigade.Sim.Content.SimTunables.Bases.Microwave.RangeM)), Arc = Math.Clamp(o.Float(""arc"", global"
Sim/Content/Catalog.P25A.cs,345,42,0.5f,,,thoi_gian,,pass2:,,"math_max: Cooldown = MathF.Max(0.5f, o.Float(""cooldown"", global::MachineBrigade.Sim.Content.SimTunables.Bases.Microwave.CooldownSeconds)),"
Sim/Content/Catalog.P25A.cs,354,181,5f,,,thoi_gian,,pass2:,,"math_max: Proxy = o.String(""proxy""), Fall = MathF.Max(1f, o.Float(""fall"", global::MachineBrigade.Sim.Content.SimTunables.Bases.Paradrop.FallSeconds)), Height = "
Sim/Content/Catalog.P25A.cs,361,70,2f,,,thoi_gian,,pass2:,,"math_max: def.ReconPass = new ReconPassDef { Width = MathF.Max(2f, o.Float(""width"", global::MachineBrigade.Sim.Content.SimTunables.Bases.ReconPass.WidthM)), Sec"
Sim/Content/DamageTable.cs,59,80,1.00f,,,sat_thuong,,pass2:,,"table: private static readonly float[] DefaultSplash = { 1.10f, 1.08f, 1.05f, 1.00f, 0.85f, 0.65f, 0.45f, 0.25f, 0f };"
Sim/Content/DamageTable.cs,59,115,0f,,,sat_thuong,,pass2:,,"table: private static readonly float[] DefaultSplash = { 1.10f, 1.08f, 1.05f, 1.00f, 0.85f, 0.65f, 0.45f, 0.25f, 0f };"
Sim/Content/EscortDefs.cs,247,96,5,,,ban_kinh,,pass2:,,"arg:JsonObject.Int: foreach (var key in caps.Keys) rules.Caps[key] = Math.Max(1, caps.Int(key, 5));"
Sim/Content/EventDefs.cs,198,53,99,,,thoi_gian,,pass2:,,"conditional: Times = o.Int(""times"", o.Has(""every"") ? 99 : 1),"
Sim/Content/EventDefs.cs,421,33,3,ai.eventRules.levelsMinDirections3,s,thoi_gian,06,pass2:inline,,"object_init: MinDirections = 3, MaxDirections = 4, Warning = 6f, AllyShare = 0.15f, WaveScale = 1.3f, Elites = true, AllyWaves = 1, Escorts = 5, Step = 3,"
Sim/Content/EventDefs.cs,421,52,4,ai.eventRules.levelsMaxDirections3,count,thoi_gian,06,pass2:inline,,"object_init: MinDirections = 3, MaxDirections = 4, Warning = 6f, AllyShare = 0.15f, WaveScale = 1.3f, Elites = true, AllyWaves = 1, Escorts = 5, Step = 3,"
Sim/Content/EventDefs.cs,421,65,6f,ai.eventRules.levelsWarning4,s,thoi_gian,06,pass2:inline,,"object_init: MinDirections = 3, MaxDirections = 4, Warning = 6f, AllyShare = 0.15f, WaveScale = 1.3f, Elites = true, AllyWaves = 1, Escorts = 5, Step = 3,"
Sim/Content/EventDefs.cs,421,81,0.15f,ai.eventRules.levelsAllyShare4,share,thoi_gian,06,pass2:inline,,"object_init: MinDirections = 3, MaxDirections = 4, Warning = 6f, AllyShare = 0.15f, WaveScale = 1.3f, Elites = true, AllyWaves = 1, Escorts = 5, Step = 3,"
Sim/Content/EventDefs.cs,421,100,1.3f,ai.eventRules.levelsWaveScale4,count,thoi_gian,06,pass2:inline,,"object_init: MinDirections = 3, MaxDirections = 4, Warning = 6f, AllyShare = 0.15f, WaveScale = 1.3f, Elites = true, AllyWaves = 1, Escorts = 5, Step = 3,"
Sim/Content/EventDefs.cs,421,146,5,ai.eventRules.levelsEscorts4,s,thoi_gian,06,pass2:inline,,"object_init: MinDirections = 3, MaxDirections = 4, Warning = 6f, AllyShare = 0.15f, WaveScale = 1.3f, Elites = true, AllyWaves = 1, Escorts = 5, Step = 3,"
Sim/Content/EventDefs.cs,421,156,3,ai.eventRules.levelsStep2,s,thoi_gian,06,pass2:inline,,"object_init: MinDirections = 3, MaxDirections = 4, Warning = 6f, AllyShare = 0.15f, WaveScale = 1.3f, Elites = true, AllyWaves = 1, Escorts = 5, Step = 3,"
Sim/Content/EventDefs.cs,436,46,10,ai.eventRules.generalsLastChapter,x,nguong,06,pass2:inline,,"object_init: Id = ""quaden"", LastChapter = 10, Elite = ""attack_jet"", Delivery = new[] { ""edge"" }, Minis = new[] { ""mega_gunship"" },"
Sim/Content/EventDefs.cs,598,82,3,ai.eventLevels.fromBaseLevelMax,x,nguong,06,pass2:inline,,"math_clamp: return (EventLevel)Math.Clamp((int)baseLevel + Math.Max(0, tier), 0, 3);"
Sim/Content/FixedDeckDef.cs,61,41,8,,,gioi_han_thuc_the,,pass2:,,const_field: public const int VehicleSlots = 8;
Sim/Content/FixedDeckDef.cs,62,41,2,,,gioi_han_thuc_the,,pass2:,,const_field: public const int SupportSlots = 2;
Sim/Content/FixedDeckDef.cs,65,38,2,,,nguong,,pass2:,,const_field: public const int MaxLoaned = 2;
Sim/Content/HqTypeRules.cs,179,33,5f,,,ban_kinh,,pass2:,,"math_max: r.Radius = Math.Max(5f, o.Float(""radius"", r.Radius));"
Sim/Content/HqTypeRules.cs,228,42,0.5f,,,thoi_gian,,pass2:,,"math_max: r.DomeSeconds = Math.Max(0.5f, s.Float(""domeSeconds"", r.DomeSeconds));"
Sim/Content/MapDefinition.cs,138,43,0.5f,maps.mapDefinition.ctorSizeScale,x,nguong,08,pass2:inline,,multiply: Min = new Vector2(-Size * 0.5f);
Sim/Content/MapDefinition.cs,139,42,0.5f,maps.mapDefinition.ctorSizeScale,x,nguong,08,pass2:inline,,multiply: Max = new Vector2(Size * 0.5f);
Sim/Content/MapDefinition.cs,170,48,1.2f,maps.mapDefinition.isLongWidthScale,m,ban_kinh,08,pass2:inline,,multiply: public bool IsLong => Length > Width * 1.2f;
Sim/Content/MapDefinition.cs,233,30,3,maps.mapDefinition.insideBoundaryCountMax,count,gioi_han_thuc_the,08,pass2:inline,,compare: if (poly.Count < 3) return Contains(p);
Sim/Content/MapDefinition.cs,314,61,0.5f,maps.mapDefinition.isSquareSizeScale,x,nguong,08,pass2:inline,,multiply: private bool IsSquare => Min == new Vector2(-Size * 0.5f) && Max == new Vector2(Size * 0.5f);
Sim/Content/MapDefinition.cs,314,96,0.5f,maps.mapDefinition.isSquareSizeScale,x,nguong,08,pass2:inline,,multiply: private bool IsSquare => Min == new Vector2(-Size * 0.5f) && Max == new Vector2(Size * 0.5f);
Sim/Content/MapDefinition.cs,325,32,4,maps.mapDefinition.fromJsonCountIs,count,gioi_han_thuc_the,08,pass2:inline,,"equals: if (b.Count != 4) throw new FormatException(""map.bounds: needs min x, min z, max x, max z."");"
Sim/Content/MapDefinition.cs,368,38,4,maps.mapDefinition.fromJsonCountMax,count,gioi_han_thuc_the,08,pass2:inline,,"compare: if (flat.Count < 4 || flat.Count % 2 != 0) throw new FormatException($""{r.Path}.points: needs x, z pairs."");"
Sim/Content/MapDefinition.cs,368,56,2,maps.mapDefinition.fromJsonCountMod,count,gioi_han_thuc_the,08,pass2:inline,,"modulo: if (flat.Count < 4 || flat.Count % 2 != 0) throw new FormatException($""{r.Path}.points: needs x, z pairs."");"
Sim/Content/MapDefinition.cs,370,58,2,maps.mapDefinition.fromJsonI,count,gioi_han_thuc_the,08,pass2:inline,,"compound_assign: for (var i = 0; i < flat.Count; i += 2) line.Add(new Vector2(flat[i], flat[i + 1]));"
Sim/Content/MapDefinition.cs,379,34,6,maps.mapDefinition.fromJsonCountMax2,count,gioi_han_thuc_the,08,pass2:inline,,"compare: if (flat.Count < 6 || flat.Count % 2 != 0) throw new FormatException(""map.boundary: needs at least three x, z pairs."");"
Sim/Content/MapDefinition.cs,379,52,2,maps.mapDefinition.fromJsonCountMod,count,gioi_han_thuc_the,08,pass2:inline,,"modulo: if (flat.Count < 6 || flat.Count % 2 != 0) throw new FormatException(""map.boundary: needs at least three x, z pairs."");"
Sim/Content/MapDefinition.cs,380,54,2,maps.mapDefinition.fromJsonI,count,gioi_han_thuc_the,08,pass2:inline,,"compound_assign: for (var i = 0; i < flat.Count; i += 2) boundary.Add(new Vector2(flat[i], flat[i + 1]));"
Sim/Content/MapDefinition.cs,403,38,4,maps.mapDefinition.fromJsonCountMax,count,gioi_han_thuc_the,08,pass2:inline,,"compare: if (flat.Count < 4 || flat.Count % 2 != 0) throw new FormatException($""map.routes.{key}: needs at least two x, z pairs."");"
Sim/Content/MapDefinition.cs,403,56,2,maps.mapDefinition.fromJsonCountMod,count,gioi_han_thuc_the,08,pass2:inline,,"modulo: if (flat.Count < 4 || flat.Count % 2 != 0) throw new FormatException($""map.routes.{key}: needs at least two x, z pairs."");"
Sim/Content/MapDefinition.cs,405,58,2,maps.mapDefinition.fromJsonI,count,gioi_han_thuc_the,08,pass2:inline,,"compound_assign: for (var i = 0; i < flat.Count; i += 2) line.Add(new Vector2(flat[i], flat[i + 1]));"
Sim/Content/MatchRules.cs,105,97,1e-3f,ai.campaignStars.metValueSub,x,khac,06,pass2:inline,,"subtract: ""ConvoyShare"" => f.ConvoySent > 0 && f.ConvoyArrived >= rule.Value * f.ConvoySent - 1e-3f,"
Sim/Content/MatchRules.cs,107,104,1e-3f,ai.campaignStars.metValueSub,x,khac,06,pass2:inline,,"subtract: ""ProtectShare"" => f.ProtectTotal > 0 && f.ProtectStanding >= rule.Value * f.ProtectTotal - 1e-3f,"
Sim/Content/OperationsData.cs,184,53,100,,,tran,,pass2:,,compare: for (var cap = 1; pick < 0 && cap < 100; cap++)
Sim/Content/OperationsData.cs,213,53,2,,,gioi_han_thuc_the,,pass2:,,compare: if (operations <= 0 || Mutators.Count < 2) return null;
Sim/Content/SeaDef.cs,90,50,1e-3f,ai.seaDef.shoreAtShoreUFloor,x,nguong,06,pass2:inline,,"math_max: var t = (u - _shoreU[i]) / MathF.Max(1e-3f, _shoreU[i + 1] - _shoreU[i]);"
Sim/Content/SkillDef.cs,194,39,0.95f,ai.hiddenDef.ctorCutMax,x,nguong,06,pass2:inline,,"math_clamp: Cut = Math.Clamp(cut, 0f, 0.95f);"
Sim/Content/SupportDef.cs,92,77,6f,ai.supportDef.ctorRadiusCap,count,sat_thuong,06,pass2:inline,,"math_min: BlastRadius = blastRadius > 0f ? blastRadius : Math.Min(radius, 6f);"
Sim/Content/WeaponDef.Stick.cs,127,70,0.25f,,,sat_thuong,,pass2:,,"multiply: JitterAcross = MathF.Max(0f, s.Float(""jitterAcross"", 0.25f * def.SplashRadius)),"
Sim/Content/WeaponDef.Stick.cs,129,86,8f,,,sat_thuong,,pass2:,,"math_max: Safety = MathF.Max(0f, s.Float(""safety"", MathF.Max(def.SplashRadius, 8f))),"
Sim/Content/WeaponDef.Stick.cs,134,70,0.15f,,,thoi_gian,,pass2:,,"multiply: stick.JitterAlong = MathF.Max(0f, s.Float(""jitterAlong"", 0.15f * stick.Spacing));"
Sim/Content/WeaponDef.Stick.cs,140,58,2f,,,thoi_gian,,pass2:,,"multiply: stick.Width = MathF.Max(0f, s.Float(""width"", 2f * def.WarnRadius + 2f * stick.JitterAcross));"
Sim/Content/WeaponDef.Stick.cs,140,80,2f,,,thoi_gian,,pass2:,,"multiply: stick.Width = MathF.Max(0f, s.Float(""width"", 2f * def.WarnRadius + 2f * stick.JitterAcross));"
Sim/Entities/Prop.cs,60,56,0.5f,,,ban_kinh,,pass2:,,multiply: MathF.Abs(point.X - Position.X) <= Width * 0.5f + margin &&
Sim/Modes/MissionEvents.Kinds.cs,153,98,25f,,,thoi_gian,,pass2:,,"arg:MissionEventDef.Number: s.Plan = new WeatherPlan { To = to, Seconds = Math.Clamp(e.Number(""seconds"", 25f), 20f, 30f) };"
Sim/Modes/MissionEvents.Kinds.cs,426,76,16f,,,khac,,pass2:,,"arg:MissionEventDef.Number: var line = world.ClampToMap(centre + ahead * e.Number(""ahead"", 16f));"
Sim/Modes/MissionEvents.Kinds.cs,428,47,10f,,,ban_kinh,,pass2:,,"arg:MissionEventDef.Number: var spacing = e.Number(""spacing"", 10f);"
Sim/Modes/MissionEvents.Kinds.cs,727,53,18f,,,sat_thuong,,pass2:,,"arg:MissionEventDef.Number: var radius = e.Number(""radius"", 18f);"
Sim/Modes/MissionEvents.Kinds.cs,798,55,8f,,,sat_thuong,,pass2:,,"arg:MissionEventDef.Number: var seconds = e.Number(""seconds"", 8f);"
Sim/Modes/MissionEvents.Kinds.cs,799,79,30f,,,sat_thuong,,pass2:,,"arg:MissionEventDef.Number: world.Strikes.AddScan(Player, s.Where, e.Number(""radius"", 30f), seconds);"
Sim/Modes/MissionEvents.Kinds.cs,806,55,20f,,,sat_thuong,,pass2:,,"arg:MissionEventDef.Number: var seconds = e.Number(""seconds"", 20f);"
Sim/Modes/MissionEvents.Kinds.cs,825,65,4f,,,sat_thuong,,pass2:,,"arg:MissionEventDef.Number: var fall = MathF.Max(0.5f, e.Number(""fall"", 4f));"
Sim/Modes/MissionEvents.Kinds.cs,827,79,6f,,,sat_thuong,,pass2:,,"arg:MissionEventDef.Number: _rods.Add((world.Time + fall, s.Where, e.Number(""radius"", 6f), e.Number(""damage"", 900f), look, s.Index));"
Sim/Modes/MissionEvents.Kinds.cs,827,103,900f,,,sat_thuong,,pass2:,,"arg:MissionEventDef.Number: _rods.Add((world.Time + fall, s.Where, e.Number(""radius"", 6f), e.Number(""damage"", 900f), look, s.Index));"
Sim/Modes/MissionEvents.Kinds.cs,888,47,120f,,,thoi_gian,,pass2:,,"arg:MissionEventDef.Number: var seconds = e.Number(""seconds"", 120f);"
Sim/Modes/MissionEvents.Kinds.cs,992,121,16f,,,ban_kinh,,pass2:,,"arg:MissionEventDef.Number: if (v.IsAlive && v.Team == Player && Vector2.Distance(v.Position, s.Where) < e.Number(""radius"", 16f)) world.Refill(v);"
Sim/Modes/MissionEvents.Kinds.cs,1046,70,45f,,,thoi_gian,,pass2:,,"arg:MissionEventDef.Number: plan.NextAllowed = world.Time + e.Number(""cooldown"", 45f);"
Sim/Modes/MissionEvents.Kinds.cs,1050,43,20f,,,gioi_han_thuc_the,,pass2:,,"arg:MissionEventDef.Number: var still = e.Number(""still"", 20f);"
Sim/Modes/MissionEvents.Kinds.cs,1055,45,5f,,,gioi_han_thuc_the,,pass2:,,"arg:MissionEventDef.Number: var lead = e.Number(""lead"", 5f);"
Sim/Modes/MissionEvents.Kinds.cs,1305,47,150f,,,thoi_gian,,pass2:,,"arg:MissionEventDef.Number: var seconds = e.Number(""seconds"", 150f);"
Sim/Modes/MissionEvents.P31.cs,156,52,0.6f,,,ban_kinh,,pass2:,,"arg:MissionEventDef.Number: Inside = e.Number(""sight"", 0.6f),"
Sim/Modes/MissionEvents.P31.cs,158,66,25f,,,thoi_gian,,pass2:,,"arg:MissionEventDef.Number: Seconds = Math.Clamp(e.Number(""seconds"", 25f), 20f, 30f),"
Sim/Modes/MissionEvents.P31.cs,159,63,150f,,,nguong,,pass2:,,"arg:MissionEventDef.Number: Hold = MathF.Max(0f, e.Number(""hold"", 150f)),"
Sim/Modes/MissionEvents.P31.cs,170,91,90f,,,nguong,,pass2:,,"arg:MissionEventDef.Number: var plan = new PowerPlan { Outage = MathF.Max(30f, e.Number(""outage"", 90f)) };"
Sim/Modes/MissionEvents.P31.cs,171,75,25f,,,thoi_gian,,pass2:,,"arg:MissionEventDef.Number: plan.Weather.Seconds = Math.Clamp(e.Number(""seconds"", 25f), 20f, 30f);"
Sim/Modes/MissionEvents.P31.cs,205,67,30f,,,ban_kinh,,pass2:,,"arg:MissionEventDef.Number: Radius = MathF.Max(4f, e.Number(""radius"", 30f)),"
Sim/Modes/MissionEvents.P31.cs,206,69,10f,,,thoi_gian,,pass2:,,"arg:MissionEventDef.Number: Seconds = MathF.Max(1f, e.Number(""seconds"", 10f)),"
Sim/Modes/MissionEvents.P31.cs,207,60,0.4f,,,khac,,pass2:,,"arg:MissionEventDef.Number: Slow = Math.Clamp(e.Number(""slow"", 0.4f), 0.05f, 0.9f),"
Sim/Modes/MissionEvents.P31.cs,208,69,8f,,,nguong,,pass2:,,"arg:MissionEventDef.Number: SlowFor = MathF.Max(1f, e.Number(""slowFor"", 8f)),"
Sim/Modes/MissionEvents.P31.cs,222,62,30f,,,tan_suat,,pass2:,,"arg:MissionEventDef.Number: Every = Math.Clamp(e.Number(""every"", 30f), 12f, 90f),"
Sim/Modes/MissionEvents.P31.cs,223,61,40f,,,nguong,,pass2:,,"arg:MissionEventDef.Number: Dps = MathF.Max(0f, e.Number(""dps"", 40f)),"
Sim/Modes/MissionEvents.P31.cs,224,63,6f,,,nguong,,pass2:,,"arg:MissionEventDef.Number: Burn = MathF.Max(1f, e.Number(""burn"", 6f)),"
Sim/Modes/MissionEvents.P31.cs,347,67,6f,,,nguong,,pass2:,,"arg:MissionEventDef.Number: var fall = MathF.Max(2f, s.Def.Number(""fall"", 6f));"
Sim/Modes/MissionMode.cs,879,39,0.25f,,,sat_thuong,,pass2:,,multiply: hq.Hp < hq.MaxHp * 0.25f;
Sim/Modes/Neutrals.cs,66,58,10f,,,ban_kinh,,pass2:,,"arg:NeutralSystem.N: public float CaptureRadius => N(""captureRadius"", 10f);"
Sim/Modes/QuickModes.cs,301,43,300f,,,thoi_gian,,pass2:,,"arg:MatchRuleSet.Get: StartSeconds = r.Get(""start"", 300f) * (StartSeconds / 300f);"
Sim/Modes/SandboxMode.cs,142,71,2,,,ban_kinh,,pass2:,,"arg:SandboxMode.Offset: world.SpawnVehicle(def, PlayerTeam, rally + Offset(i, 2, 7f), SimMath.DegToRad(45f));"
Sim/Modes/SandboxMode.cs,142,74,7f,,,ban_kinh,,pass2:,,"arg:SandboxMode.Offset: world.SpawnVehicle(def, PlayerTeam, rally + Offset(i, 2, 7f), SimMath.DegToRad(45f));"
Sim/Modes/SandboxMode.cs,142,96,45f,,,ban_kinh,,pass2:,,"arg:SimMath.DegToRad: world.SpawnVehicle(def, PlayerTeam, rally + Offset(i, 2, 7f), SimMath.DegToRad(45f));"
Sim/Movement/TrafficCoordinator.cs,578,31,0.05f,,,thoi_gian,,pass2:,,"math_max: ahead / MathF.Max(0.05f, passage.Throughput(hullWidth, hullLength, speed));"
Sim/Movement/WreckStates.cs,63,48,2.5,,,thoi_gian,,pass2:,,const_field: public const double AnimatingSeconds = 2.5;
Sim/Navigation/CoverGrid.cs,78,26,1e-3f,maps.coverGrid.tryFirstHitLengthMax,m,ban_kinh,08,pass2:inline,,compare: if (length < 1e-3f) return false;
Sim/Navigation/CoverGrid.cs,93,62,0.5f,maps.coverGrid.insideWidthScale,m,ban_kinh,08,pass2:inline,,multiply: MathF.Abs(p.X - prop.Position.X) <= prop.Width * 0.5f + CellSize * 0.5f &&
Sim/Navigation/CoverGrid.cs,93,80,0.5f,maps.coverGrid.insideCellSizeScale,m,ban_kinh,08,pass2:inline,,multiply: MathF.Abs(p.X - prop.Position.X) <= prop.Width * 0.5f + CellSize * 0.5f &&
Sim/Navigation/CoverGrid.cs,98,32,0.1f,maps.coverGrid.changeWidthFloor,m,ban_kinh,08,pass2:inline,,"math_max: var hw = MathF.Max(0.1f, prop.Width * 0.5f - Inset);"
Sim/Navigation/CoverGrid.cs,98,51,0.5f,maps.coverGrid.changeWidthScale,m,ban_kinh,08,pass2:inline,,"multiply: var hw = MathF.Max(0.1f, prop.Width * 0.5f - Inset);"
Sim/Navigation/CoverGrid.cs,99,32,0.1f,maps.coverGrid.changeDepthFloor,x,nguong,08,pass2:inline,,"math_max: var hd = MathF.Max(0.1f, prop.Depth * 0.5f - Inset);"
Sim/Navigation/CoverGrid.cs,99,51,0.5f,maps.coverGrid.changeDepthScale,x,nguong,08,pass2:inline,,"multiply: var hd = MathF.Max(0.1f, prop.Depth * 0.5f - Inset);"
Sim/Navigation/Formation.cs,30,57,16,,,gioi_han_thuc_the,,pass2:,,"arg:NavGrid.TryNearestInRegion: if (grid.TryNearestInRegion(center, region, 16, out var first))"
Sim/Navigation/Formation.cs,32,88,12f,,,ban_kinh,,pass2:,,"arg:LaneMap.TryParkable: if (lanes != null && lanes.NoParkAt(first) && lanes.TryParkable(first, 12f, out var beside) &&"
Sim/Navigation/Formation.cs,39,63,3f,,,gioi_han_thuc_the,,pass2:,,divide: var rings = (int)MathF.Ceiling(MathF.Sqrt(count / 3f)) + 3;
Sim/Navigation/Formation.cs,39,70,3,,,gioi_han_thuc_the,,pass2:,,add: var rings = (int)MathF.Ceiling(MathF.Sqrt(count / 3f)) + 3;
Sim/Navigation/Formation.cs,40,39,80f,,,ban_kinh,,pass2:,,"math_min: var walkReach = MathF.Min(80f, rings * spacing + 8f);"
Sim/Navigation/Formation.cs,40,62,8f,,,ban_kinh,,pass2:,,"add: var walkReach = MathF.Min(80f, rings * spacing + 8f);"
Sim/Navigation/Formation.cs,44,63,24,,,gioi_han_thuc_the,,pass2:,,compare: for (var ring = 1; slots.Count < count && ring <= 24; ring++)
Sim/Navigation/Formation.cs,46,30,6,,,gioi_han_thuc_the,,pass2:,,multiply: var around = 6 * ring;
Sim/Navigation/Formation.cs,49,67,0.5f,,,gioi_han_thuc_the,,pass2:,,multiply: var angle = k * SimMath.Tau / around + ring * 0.5f;
Sim/Navigation/Formation.cs,51,92,0.8f,,,ban_kinh,,pass2:,,"multiply: if (!grid.IsWalkable(candidate) || !IsFree(slots, candidate, spacing * 0.8f)) continue;"
Sim/Navigation/Formation.cs,139,43,0.5f,,,thoi_gian,,pass2:,,subtract: if (then >= now - 0.5f) continue;
Sim/Navigation/GameplayTopology.Approaches.cs,283,35,0.5f,maps.gameplayTopology.makeApproachMedianSpeedFloor,m/s,tan_suat,08,pass2:inline,,"math_max: var speed = MathF.Max(0.5f, medium.MedianSpeed);"
Sim/Navigation/GameplayTopology.Approaches.cs,288,26,3,maps.gameplayTopology.makeApproachIMin,count,gioi_han_thuc_the,08,pass2:inline,,compare: if (i >= 3 && i < cells.Count - 3)
Sim/Navigation/GameplayTopology.Approaches.cs,288,49,3,maps.gameplayTopology.makeApproachCountSub,count,gioi_han_thuc_the,08,pass2:inline,,subtract: if (i >= 3 && i < cells.Count - 3)
Sim/Navigation/GameplayTopology.Approaches.cs,298,46,0.1f,maps.gameplayTopology.makeApproachStepCostFloor,CP,thoi_gian,08,pass2:inline,,"math_max: time += step * MathF.Max(0.1f, grid.StepCost(c)) / speed;"
Sim/Navigation/GameplayTopology.Approaches.cs,303,91,2,maps.gameplayTopology.makeApproachR,m,ban_kinh,08,pass2:inline,,"arg:GameplayTopology.WindowClearance: foreach (var c in cells) minClear = Math.Min(minClear, WindowClearance(c, 2));"
Sim/Navigation/GameplayTopology.Approaches.cs,321,40,2,maps.gameplayTopology.makeApproachCountSub2,count,gioi_han_thuc_the,08,pass2:inline,,subtract: for (var i = cells.Count - 2; i >= 0; i--)
Sim/Navigation/GameplayTopology.Approaches.cs,350,60,6f,maps.gameplayTopology.makeApproachDistanceToMax,m,ban_kinh,08,pass2:inline,,compare: if (l.DistanceTo(Map.CellCentre(c)) <= 6f) inside++;
Sim/Navigation/GameplayTopology.Approaches.cs,352,29,0.6f,maps.gameplayTopology.makeApproachShareMax,x,nguong,08,pass2:inline,,compare: if (share < 0.6f || share <= bestShare) continue;
Sim/Navigation/GameplayTopology.Approaches.cs,429,64,99,maps.gameplayTopology.assignRolesCountFalse,count,gioi_han_thuc_the,08,pass2:inline,,conditional: var c = (x.Roles.Count > 0 ? (int)x.Roles[0] : 99).CompareTo(y.Roles.Count > 0 ? (int)y.Roles[0] : 99);
Sim/Navigation/GameplayTopology.Approaches.cs,429,116,99,maps.gameplayTopology.assignRolesCountFalse,count,gioi_han_thuc_the,08,pass2:inline,,conditional: var c = (x.Roles.Count > 0 ? (int)x.Roles[0] : 99).CompareTo(y.Roles.Count > 0 ? (int)y.Roles[0] : 99);
Sim/Navigation/GameplayTopology.Approaches.cs,443,63,10f,maps.gameplayTopology.artillerySupportRadiusAdd,m,ban_kinh,08,pass2:inline,,"add: var lo = MathF.Max(radius + Tun.ArtilleryMinRef + 10f, 30f);"
Sim/Navigation/GameplayTopology.Approaches.cs,443,68,30f,maps.gameplayTopology.artillerySupportRadiusFloor,m,ban_kinh,08,pass2:inline,,"math_max: var lo = MathF.Max(radius + Tun.ArtilleryMinRef + 10f, 30f);"
Sim/Navigation/GameplayTopology.Approaches.cs,444,37,10f,maps.gameplayTopology.artillerySupportLoAdd,x,nguong,08,pass2:inline,,"add: var hi = MathF.Max(lo + 10f, Tun.ArtilleryRef * 0.8f);"
Sim/Navigation/GameplayTopology.Approaches.cs,444,61,0.8f,maps.gameplayTopology.artillerySupportArtilleryRefScale,x,nguong,08,pass2:inline,,"multiply: var hi = MathF.Max(lo + 10f, Tun.ArtilleryRef * 0.8f);"
Sim/Navigation/GameplayTopology.Approaches.cs,445,43,0.5f,maps.gameplayTopology.n2,m,ban_kinh,08,pass2:inline,,"table: foreach (var f in new[] { 0f, 0.5f, 1f })"
Sim/Navigation/GameplayTopology.Approaches.cs,454,69,6f,maps.gameplayTopology.artillerySupportDistanceToMax,m,ban_kinh,08,pass2:inline,,compare: if (l.ParkingForbidden && l.DistanceTo(p) < 6f) forbidden = true;
Sim/Navigation/GameplayTopology.Approaches.cs,464,73,40f,maps.gameplayTopology.artillerySupportReach,m,ban_kinh,08,pass2:inline,,"arg:GameplayTopology.OpenShare: r.Terms[""directFireProtection""] = 1f - OpenShare(p, 40f, 16);"
Sim/Navigation/GameplayTopology.Approaches.cs,464,78,16,maps.gameplayTopology.artillerySupportRays,x,khac,08,pass2:inline,,"arg:GameplayTopology.OpenShare: r.Terms[""directFireProtection""] = 1f - OpenShare(p, 40f, 16);"
Sim/Navigation/GameplayTopology.Approaches.cs,485,43,15f,maps.gameplayTopology.n1,m,ban_kinh,08,pass2:inline,,"table: foreach (var extra in new[] { 15f, 25f, 40f })"
Sim/Navigation/GameplayTopology.Approaches.cs,485,48,25f,maps.gameplayTopology.n22,m,ban_kinh,08,pass2:inline,,"table: foreach (var extra in new[] { 15f, 25f, 40f })"
Sim/Navigation/GameplayTopology.Approaches.cs,485,53,40f,maps.gameplayTopology.n3,m,ban_kinh,08,pass2:inline,,"table: foreach (var extra in new[] { 15f, 25f, 40f })"
Sim/Navigation/GameplayTopology.Approaches.cs,492,88,0.5f,maps.gameplayTopology.defenderFallbackStagingRadiusScale,m,ban_kinh,08,pass2:inline,,"multiply: if (Vector2.Distance(p, o.Position) < radius + Tun.StagingRadius * 0.5f) continue;"
Sim/Navigation/GameplayTopology.Approaches.cs,494,80,30f,maps.gameplayTopology.defenderFallbackReach,m,ban_kinh,08,pass2:inline,,"arg:GameplayTopology.OpenShare: r.Terms[""cover""] = BesideCover(p) ? 1f : 1f - OpenShare(p, 30f, 16);"
Sim/Navigation/GameplayTopology.Approaches.cs,494,85,16,maps.gameplayTopology.defenderFallbackRays,x,khac,08,pass2:inline,,"arg:GameplayTopology.OpenShare: r.Terms[""cover""] = BesideCover(p) ? 1f : 1f - OpenShare(p, 30f, 16);"
Sim/Navigation/GameplayTopology.Approaches.cs,497,84,20f,maps.gameplayTopology.defenderFallbackDistanceToDivisor,m,ban_kinh,08,pass2:inline,,"divide: r.Terms[""offApproach""] = MathF.Min(1f, primary.DistanceTo(p) / 20f);"
Sim/Navigation/GameplayTopology.Ground.cs,76,30,2f,maps.gameplayTopology.openShareT,share,ban_kinh,08,pass2:inline,,declarator: for (var t = 2f; t <= reach; t += 2f)
Sim/Navigation/GameplayTopology.Ground.cs,76,51,2f,maps.gameplayTopology.openShareT,share,ban_kinh,08,pass2:inline,,compound_assign: for (var t = 2f; t <= reach; t += 2f)
Sim/Navigation/GameplayTopology.Ground.cs,98,25,2f,maps.gameplayTopology.sightAreaT,m,ban_kinh,08,pass2:inline,,local_init: var t = 2f;
Sim/Navigation/GameplayTopology.Ground.cs,99,41,2f,maps.gameplayTopology.sightAreaT,m,ban_kinh,08,pass2:inline,,compound_assign: for (; t <= reach; t += 2f)
Sim/Navigation/GameplayTopology.Ground.cs,266,30,2,maps.gameplayTopology.simplifyCountMax,count,gioi_han_thuc_the,08,pass2:inline,,compare: if (pts.Count <= 2) return pts;
Sim/Navigation/GameplayTopology.Ground.cs,314,34,6f,maps.gameplayTopology.objectivesRadius,m,ban_kinh,08,pass2:inline,,local_init: var radius = 6f;
Sim/Navigation/GameplayTopology.Ground.cs,316,73,2f,maps.gameplayTopology.objectivesRadiusFloor,m,ban_kinh,08,pass2:inline,,"math_max: if (""point_"" + p.Id == a.Id) radius = MathF.Max(2f, p.Radius);"
Sim/Navigation/GameplayTopology.Ground.cs,358,57,2,maps.gameplayTopology.buildLanesCountDivisor,count,gioi_han_thuc_the,08,pass2:inline,,divide: if (k > 0 && shared > cells.Count / 2) continue;
Sim/Navigation/GameplayTopology.Ground.cs,364,42,0.2f,maps.gameplayTopology.buildLanesSpanScale,s,thoi_gian,08,pass2:inline,,multiply: kind = offset >= 0.2f * span ? LaneKind.Flank : LaneKind.Secondary;
Sim/Navigation/GameplayTopology.Ground.cs,398,68,7,maps.gameplayTopology.buildLanesCountScale,count,gioi_han_thuc_the,08,pass2:inline,,multiply: if (lanes.Count > 0 && shared >= cells.Count * 7 / 10) continue;
Sim/Navigation/GameplayTopology.Ground.cs,398,72,10,maps.gameplayTopology.buildLanesCountDivisor2,count,gioi_han_thuc_the,08,pass2:inline,,divide: if (lanes.Count > 0 && shared >= cells.Count * 7 / 10) continue;
Sim/Navigation/GameplayTopology.Ground.cs,404,106,20f,maps.gameplayTopology.buildLanesDistanceMin,m,ban_kinh,08,pass2:inline,,"compare: if (AnchorOf(""hq_"" + team) is { } hq && Vector2.Distance(hq.Position, rally!.Position) > 20f)"
Sim/Navigation/GameplayTopology.Ground.cs,414,52,2,maps.gameplayTopology.buildLanesCountMax,count,gioi_han_thuc_the,08,pass2:inline,,"compare: if (name == ""rail"" || line.Count < 2) continue;"
Sim/Navigation/GameplayTopology.Ground.cs,486,41,0.1f,maps.gameplayTopology.makeLaneStepCostFloor,CP,tan_suat,08,pass2:inline,,"math_max: speed += 1f / MathF.Max(0.1f, grid.StepCost(c));"
Sim/Navigation/GameplayTopology.Ground.cs,497,48,0.1f,maps.gameplayTopology.makeLaneP,m,ban_kinh,08,pass2:inline,,"arg:GameplayTopology.Percentile: LaneWidth = Percentile(widths, 0.1f),"
Sim/Navigation/GameplayTopology.Ground.cs,521,78,2f,maps.gameplayTopology.makeLaneObstacleClearanceScale,m,ban_kinh,08,pass2:inline,,"multiply: var through = Math.Max(1, (int)MathF.Floor((lane.LaneWidth - 2f * SimWorld.ObstacleClearance) / MathF.Max(1f, medium.MedianWidth + 1f)));"
Sim/Navigation/GameplayTopology.Ground.cs,522,48,0.5f,maps.gameplayTopology.makeLaneMedianSpeedFloor,m/s,ban_kinh,08,pass2:inline,,"math_max: capacity = through * MathF.Max(0.5f, medium.MedianSpeed) / MathF.Max(2f, medium.ReferenceLength + 4f);"
Sim/Navigation/GameplayTopology.Ground.cs,522,86,2f,maps.gameplayTopology.makeLaneReferenceLengthFloor,m,ban_kinh,08,pass2:inline,,"math_max: capacity = through * MathF.Max(0.5f, medium.MedianSpeed) / MathF.Max(2f, medium.ReferenceLength + 4f);"
Sim/Navigation/GameplayTopology.Ground.cs,522,115,4f,maps.gameplayTopology.makeLaneReferenceLengthAdd,m,ban_kinh,08,pass2:inline,,"add: capacity = through * MathF.Max(0.5f, medium.MedianSpeed) / MathF.Max(2f, medium.ReferenceLength + 4f);"
Sim/Navigation/GameplayTopology.Ground.cs,527,61,20f,maps.gameplayTopology.makeLaneRadiusAdd,m,ban_kinh,08,pass2:inline,,add: if (lane.DistanceTo(o.Position) <= radius + 20f) covered.Add(o.Id);
Sim/Navigation/GameplayTopology.Ground.cs,802,61,2,maps.gameplayTopology.buildStagingCountMax,count,gioi_han_thuc_the,08,pass2:inline,,compare: if (lane == null || lane.Points.Count < 2) continue;
Sim/Navigation/GameplayTopology.Ground.cs,823,53,25f,maps.gameplayTopology.buildStagingDistanceToMax,m,ban_kinh,08,pass2:inline,,compare: if (l.DistanceTo(centre) <= 25f) lanesNear++;
Sim/Navigation/GameplayTopology.Ground.cs,835,103,16,maps.gameplayTopology.buildStagingRays,x,khac,08,pass2:inline,,"arg:GameplayTopology.OpenShare: ThreatExposure = objectiveVisible ? 1f : OpenShare(centre, Tun.DirectFireRef, 16) * 0.5f,"
Sim/Navigation/GameplayTopology.Ground.cs,835,109,0.5f,maps.gameplayTopology.buildStagingOpenShareScale,share,khac,08,pass2:inline,,"multiply: ThreatExposure = objectiveVisible ? 1f : OpenShare(centre, Tun.DirectFireRef, 16) * 0.5f,"
Sim/Navigation/GameplayTopology.Ground.cs,899,61,6f,maps.gameplayTopology.stagingOkDistanceToMax,m,ban_kinh,08,pass2:inline,,compare: if (l.ParkingForbidden && l.DistanceTo(p) < 6f) return false;
Sim/Navigation/GameplayTopology.Ground.cs,929,20,32f,maps.gameplayTopology.directRangeDirectRange,m,ban_kinh,08,pass2:inline,,return: return 32f;
Sim/Navigation/GameplayTopology.Ground.cs,959,43,0.6f,maps.gameplayTopology.n12,m,ban_kinh,08,pass2:inline,,"table: foreach (var f in new[] { 0.6f, 0.8f, 0.95f })"
Sim/Navigation/GameplayTopology.Ground.cs,959,49,0.8f,maps.gameplayTopology.n23,m,ban_kinh,08,pass2:inline,,"table: foreach (var f in new[] { 0.6f, 0.8f, 0.95f })"
Sim/Navigation/GameplayTopology.Ground.cs,959,55,0.95f,maps.gameplayTopology.n32,m,ban_kinh,08,pass2:inline,,"table: foreach (var f in new[] { 0.6f, 0.8f, 0.95f })"
Sim/Navigation/GameplayTopology.Ground.cs,961,48,4f,maps.gameplayTopology.directFirePositionsRadiusAdd,m,ban_kinh,08,pass2:inline,,"add: var d = MathF.Max(radius + 4f, range * f);"
Sim/Navigation/GameplayTopology.Ground.cs,968,85,0.8f,maps.gameplayTopology.directFirePositionsRangeScale,m,ban_kinh,08,pass2:inline,,"multiply: t.Terms[""range""] = MathF.Max(0f, 1f - MathF.Abs(d - range * 0.8f) / (range * 0.35f));"
Sim/Navigation/GameplayTopology.Ground.cs,968,102,0.35f,maps.gameplayTopology.directFirePositionsRangeScale2,m,ban_kinh,08,pass2:inline,,"multiply: t.Terms[""range""] = MathF.Max(0f, 1f - MathF.Abs(d - range * 0.8f) / (range * 0.35f));"
Sim/Navigation/GameplayTopology.Ground.cs,973,58,40f,maps.gameplayTopology.directFirePositionsReach2,m,ban_kinh,08,pass2:inline,,"arg:GameplayTopology.OpenShare: t.Terms[""threat""] = OpenShare(p, 40f, 16);"
Sim/Navigation/GameplayTopology.Ground.cs,973,63,16,maps.gameplayTopology.directFirePositionsRays,x,khac,08,pass2:inline,,"arg:GameplayTopology.OpenShare: t.Terms[""threat""] = OpenShare(p, 40f, 16);"
Sim/Navigation/GameplayTopology.Ground.cs,974,35,0.3f,maps.gameplayTopology.directFirePositionsTermsScale,m,ban_kinh,08,pass2:inline,,"multiply: t.Score = 0.3f * t.Terms[""los""] + 0.2f * t.Terms[""range""] + 0.15f * t.Terms[""cover""] + 0.1f * t.Terms[""hullDown""] +"
Sim/Navigation/GameplayTopology.Ground.cs,974,59,0.2f,maps.gameplayTopology.directFirePositionsTermsScale2,m,ban_kinh,08,pass2:inline,,"multiply: t.Score = 0.3f * t.Terms[""los""] + 0.2f * t.Terms[""range""] + 0.15f * t.Terms[""cover""] + 0.1f * t.Terms[""hullDown""] +"
Sim/Navigation/GameplayTopology.Ground.cs,974,85,0.15f,maps.gameplayTopology.directFirePositionsTermsScale3,m,ban_kinh,08,pass2:inline,,"multiply: t.Score = 0.3f * t.Terms[""los""] + 0.2f * t.Terms[""range""] + 0.15f * t.Terms[""cover""] + 0.1f * t.Terms[""hullDown""] +"
Sim/Navigation/GameplayTopology.Ground.cs,974,112,0.1f,maps.gameplayTopology.directFirePositionsTermsScale4,m,ban_kinh,08,pass2:inline,,"multiply: t.Score = 0.3f * t.Terms[""los""] + 0.2f * t.Terms[""range""] + 0.15f * t.Terms[""cover""] + 0.1f * t.Terms[""hullDown""] +"
Sim/Navigation/GameplayTopology.Ground.cs,993,43,40f,maps.gameplayTopology.n13,m,ban_kinh,08,pass2:inline,,"table: foreach (var d in new[] { 40f, 60f, 80f })"
Sim/Navigation/GameplayTopology.Ground.cs,993,48,60f,maps.gameplayTopology.n24,m,ban_kinh,08,pass2:inline,,"table: foreach (var d in new[] { 40f, 60f, 80f })"
Sim/Navigation/GameplayTopology.Ground.cs,993,53,80f,maps.gameplayTopology.n33,m,ban_kinh,08,pass2:inline,,"table: foreach (var d in new[] { 40f, 60f, 80f })"
Sim/Navigation/GameplayTopology.Ground.cs,1000,73,6f,maps.gameplayTopology.artilleryPocketsDistanceToMax,m,ban_kinh,08,pass2:inline,,compare: if (l.ParkingForbidden && l.DistanceTo(p) < 6f) forbidden = true;
Sim/Navigation/GameplayTopology.Ground.cs,1010,61,5f,maps.gameplayTopology.artilleryPocketsArtilleryMinRefAdd,x,nguong,08,pass2:inline,,add: if (dd >= Tun.ArtilleryMinRef + 5f && dd <= Tun.ArtilleryRef) inBand++;
Sim/Navigation/GameplayTopology.Ground.cs,1021,141,10f,maps.gameplayTopology.artilleryPocketsArtilleryMinRefAdd2,m,ban_kinh,08,pass2:inline,,"add: t.Terms[""minRangeSafety""] = float.IsPositiveInfinity(nearest) ? 1f : MathF.Min(1f, nearest / (Tun.ArtilleryMinRef + 10f));"
Sim/Navigation/GameplayTopology.Ground.cs,1022,77,40f,maps.gameplayTopology.artilleryPocketsReach,m,ban_kinh,08,pass2:inline,,"arg:GameplayTopology.OpenShare: t.Terms[""directFireProtection""] = 1f - OpenShare(p, 40f, 16);"
Sim/Navigation/GameplayTopology.Ground.cs,1022,82,16,maps.gameplayTopology.artilleryPocketsRays,x,khac,08,pass2:inline,,"arg:GameplayTopology.OpenShare: t.Terms[""directFireProtection""] = 1f - OpenShare(p, 40f, 16);"
Sim/Navigation/GameplayTopology.Ground.cs,1027,35,0.25f,maps.gameplayTopology.artilleryPocketsTermsScale,m,ban_kinh,08,pass2:inline,,"multiply: t.Score = 0.25f * t.Terms[""objectiveCoverage""] + 0.15f * t.Terms[""approachCoverage""] + 0.1f * t.Terms[""minRangeSafety""] +"
Sim/Navigation/GameplayTopology.Ground.cs,1027,74,0.15f,maps.gameplayTopology.artilleryPocketsTermsScale2,m,ban_kinh,08,pass2:inline,,"multiply: t.Score = 0.25f * t.Terms[""objectiveCoverage""] + 0.15f * t.Terms[""approachCoverage""] + 0.1f * t.Terms[""minRangeSafety""] +"
Sim/Navigation/GameplayTopology.Ground.cs,1027,112,0.1f,maps.gameplayTopology.artilleryPocketsTermsScale3,m,ban_kinh,08,pass2:inline,,"multiply: t.Score = 0.25f * t.Terms[""objectiveCoverage""] + 0.15f * t.Terms[""approachCoverage""] + 0.1f * t.Terms[""minRangeSafety""] +"
Sim/Navigation/GameplayTopology.Ground.cs,1028,35,0.15f,maps.gameplayTopology.artilleryPocketsTermsScale2,count,gioi_han_thuc_the,08,pass2:inline,,"multiply: 0.15f * t.Terms[""directFireProtection""] + 0.1f * t.Terms[""counterbattery""] + 0.05f * t.Terms[""aaPotential""] +"
Sim/Navigation/GameplayTopology.Ground.cs,1028,77,0.1f,maps.gameplayTopology.artilleryPocketsTermsScale3,count,gioi_han_thuc_the,08,pass2:inline,,"multiply: 0.15f * t.Terms[""directFireProtection""] + 0.1f * t.Terms[""counterbattery""] + 0.05f * t.Terms[""aaPotential""] +"
Sim/Navigation/GameplayTopology.Ground.cs,1028,112,0.05f,maps.gameplayTopology.artilleryPocketsTermsScale4,count,gioi_han_thuc_the,08,pass2:inline,,"multiply: 0.15f * t.Terms[""directFireProtection""] + 0.1f * t.Terms[""counterbattery""] + 0.05f * t.Terms[""aaPotential""] +"
Sim/Navigation/GameplayTopology.Ground.cs,1064,49,8f,maps.gameplayTopology.reconPositionsYAdd,x,nguong,08,pass2:inline,,add: for (var y = _world.Map.Min.Y + 8f; y < _world.Map.Max.Y; y += 16f)
Sim/Navigation/GameplayTopology.Ground.cs,1064,80,16f,maps.gameplayTopology.reconPositionsY,x,nguong,08,pass2:inline,,compound_assign: for (var y = _world.Map.Min.Y + 8f; y < _world.Map.Max.Y; y += 16f)
Sim/Navigation/GameplayTopology.Ground.cs,1065,49,8f,maps.gameplayTopology.reconPositionsXAdd,x,nguong,08,pass2:inline,,add: for (var x = _world.Map.Min.X + 8f; x < _world.Map.Max.X; x += 16f)
Sim/Navigation/GameplayTopology.Ground.cs,1065,80,16f,maps.gameplayTopology.reconPositionsX,x,nguong,08,pass2:inline,,compound_assign: for (var x = _world.Map.Min.X + 8f; x < _world.Map.Max.X; x += 16f)
Sim/Navigation/GameplayTopology.Ground.cs,1068,63,40f,maps.gameplayTopology.reconPositionsDistanceMax,m,ban_kinh,08,pass2:inline,,"compare: if (Vector2.Distance(p, rally.Position) < 40f || Vector2.Distance(p, enemy.Position) < 40f || !PositionOk(p)) continue;"
Sim/Navigation/GameplayTopology.Ground.cs,1068,108,40f,maps.gameplayTopology.reconPositionsDistanceMax,m,ban_kinh,08,pass2:inline,,"compare: if (Vector2.Distance(p, rally.Position) < 40f || Vector2.Distance(p, enemy.Position) < 40f || !PositionOk(p)) continue;"
Sim/Navigation/GameplayTopology.Ground.cs,1081,69,16,maps.gameplayTopology.reconPositionsRays,m,ban_kinh,08,pass2:inline,,"arg:GameplayTopology.SightArea: t.Terms[""losArea""] = SightArea(p, Tun.ReconRef, 16);"
Sim/Navigation/GameplayTopology.Ground.cs,1084,104,0.5f,maps.gameplayTopology.reconPositionsDiagScale,m,ban_kinh,08,pass2:inline,,"multiply: t.Terms[""risk""] = MathF.Max(0f, 1f - Vector2.Distance(p, enemy.Position) / (diag * 0.5f));"
Sim/Navigation/GameplayTopology.Ground.cs,1125,39,3f,maps.gameplayTopology.lowCoverMaxMax,count,nguong,08,pass2:inline,,"compare: if (MathF.Max(w, d) < 3f) continue;"
Sim/Navigation/GameplayTopology.Ground.cs,1128,32,90,maps.gameplayTopology.lowCoverRotMod,x,nguong,08,pass2:inline,,"modulo: else if (rot % 90 != 0) w = d = MathF.Max(w, d);"
Sim/Navigation/GameplayTopology.Ground.cs,1157,55,2f,maps.gameplayTopology.hullDownPositionsRangeScale,m,ban_kinh,08,pass2:inline,,multiply: if (nearest == null || best > range * 2f) continue;
Sim/Navigation/GameplayTopology.Ground.cs,1164,80,0.8f,maps.gameplayTopology.hullDownPositionsRangeScale2,m,ban_kinh,08,pass2:inline,,"multiply: t.Terms[""range""] = MathF.Max(0f, 1f - MathF.Abs(best - range * 0.8f) / range);"
Sim/Navigation/GameplayTopology.Ground.cs,1166,27,0.4f,maps.gameplayTopology.hullDownPositionsTermsAdd,m,ban_kinh,08,pass2:inline,,"add: t.Score = 0.4f + 0.3f * t.Terms[""range""] + 0.3f * t.Terms[""escape""];"
Sim/Navigation/GameplayTopology.Ground.cs,1166,34,0.3f,maps.gameplayTopology.hullDownPositionsTermsScale,m,ban_kinh,08,pass2:inline,,"multiply: t.Score = 0.4f + 0.3f * t.Terms[""range""] + 0.3f * t.Terms[""escape""];"
Sim/Navigation/GameplayTopology.Ground.cs,1166,60,0.3f,maps.gameplayTopology.hullDownPositionsTermsScale,m,ban_kinh,08,pass2:inline,,"multiply: t.Score = 0.4f + 0.3f * t.Terms[""range""] + 0.3f * t.Terms[""escape""];"
Sim/Navigation/GameplayTopology.Ground.cs,1210,69,10f,maps.gameplayTopology.buildBreachesReachAdd,m,ban_kinh,08,pass2:inline,,"add: if (Vector2.Distance(p.Position, hq) <= reach + 10f) targets.Add((""point_"" + p.Id, p.Position));"
Sim/Navigation/GameplayTopology.Ground.cs,1217,67,2f,maps.gameplayTopology.buildBreachesGrowthScale,m,ban_kinh,08,pass2:inline,,"multiply: var cells = Footprint(s.Center, s.Width + 2f * growth, s.Depth + 2f * growth);"
Sim/Navigation/GameplayTopology.Ground.cs,1217,90,2f,maps.gameplayTopology.buildBreachesGrowthScale,m,ban_kinh,08,pass2:inline,,"multiply: var cells = Footprint(s.Center, s.Width + 2f * growth, s.Depth + 2f * growth);"
Sim/Navigation/GameplayTopology.Ground.cs,1256,69,0.75f,maps.gameplayTopology.buildBreachesBeforeScale,m,ban_kinh,08,pass2:inline,,multiply: if (before < 0 || after <= before * 0.75f) b.ObjectiveAccessGained = true;
Sim/Navigation/GameplayTopology.Ground.cs,1261,68,2f,maps.gameplayTopology.buildBreachesSideClearanceScale,m,ban_kinh,08,pass2:inline,,multiply: var need = Class(cls).ReferenceWidth + 2f * Tun.SideClearance;
Sim/Navigation/GameplayTopology.Ground.cs,1286,76,0.5f,maps.gameplayTopology.footprintScale,m,ban_kinh,08,pass2:inline,,"multiply: var (x0, y0) = Map.CellXY(centre - new Vector2(width, depth) * 0.5f);"
Sim/Navigation/GameplayTopology.Ground.cs,1287,76,0.5f,maps.gameplayTopology.footprintScale,m,ban_kinh,08,pass2:inline,,"multiply: var (x1, y1) = Map.CellXY(centre + new Vector2(width, depth) * 0.5f - new Vector2(1e-3f));"
Sim/Navigation/GameplayTopology.Ground.cs,1287,95,1e-3f,maps.gameplayTopology.footprintValue,m,ban_kinh,08,pass2:inline,,"ctor_arg:Vector2: var (x1, y1) = Map.CellXY(centre + new Vector2(width, depth) * 0.5f - new Vector2(1e-3f));"
Sim/Navigation/GameplayTopology.Naval.cs,89,34,2,maps.gameplayTopology.buildShoreCountMax,count,gioi_han_thuc_the,08,pass2:inline,,compare: if (mine.Count < 2) continue;
Sim/Navigation/GameplayTopology.Naval.cs,113,114,0.5f,maps.gameplayTopology.buildShoreCorridorScale,m,ban_kinh,08,pass2:inline,,"multiply: foreach (var l in sea.Lanes) useful = MathF.Max(useful, LaneDistance(sea, l, p) + corridor * 0.5f);"
Sim/Navigation/GameplayTopology.Naval.cs,179,22,0.01f,maps.gameplayTopology.sCurveRadiusOffsetMax,m,ban_kinh,08,pass2:inline,,compare: offset < 0.01f ? float.PositiveInfinity : (run * run + offset * offset) / (4f * offset);
Sim/Navigation/GameplayTopology.Naval.cs,179,88,4f,maps.gameplayTopology.sCurveRadiusOffsetScale,m,ban_kinh,08,pass2:inline,,multiply: offset < 0.01f ? float.PositiveInfinity : (run * run + offset * offset) / (4f * offset);
Sim/Navigation/GameplayTopology.Naval.cs,210,103,2f,maps.gameplayTopology.buildNavalCorridorScale,m,ban_kinh,08,pass2:inline,,multiply: info.PassingAllowed = s.Kind == SeaSegmentKind.Track && !s.OneWay && graph.Corridor * 2f >= 2f * maxWidth + 3f * Tun.NavalMargin;
Sim/Navigation/GameplayTopology.Naval.cs,210,109,2f,maps.gameplayTopology.buildNavalMaxWidthScale,m,ban_kinh,08,pass2:inline,,multiply: info.PassingAllowed = s.Kind == SeaSegmentKind.Track && !s.OneWay && graph.Corridor * 2f >= 2f * maxWidth + 3f * Tun.NavalMargin;
Sim/Navigation/GameplayTopology.Naval.cs,210,125,3f,maps.gameplayTopology.buildNavalNavalMarginScale,m,ban_kinh,08,pass2:inline,,multiply: info.PassingAllowed = s.Kind == SeaSegmentKind.Track && !s.OneWay && graph.Corridor * 2f >= 2f * maxWidth + 3f * Tun.NavalMargin;
Sim/Navigation/GameplayTopology.Naval.cs,225,46,2f,maps.gameplayTopology.buildNavalCorridorScale,m,ban_kinh,08,pass2:inline,,"multiply: Width = graph.Corridor * 2f,"
Sim/Navigation/GameplayTopology.Naval.cs,232,81,2f,maps.gameplayTopology.buildNavalMaxRecommendedShipRadiusScale,m,ban_kinh,08,pass2:inline,,multiply: info.MaxRecommendedShipLength = info.MaxRecommendedShipRadius * 2f;
Sim/Navigation/GameplayTopology.Naval.cs,254,122,0.5f,maps.gameplayTopology.buildNavalMaxDistanceToNavalLaneScale,m,ban_kinh,08,pass2:inline,,"multiply: if (Vector2.Distance(r.Centre, n.Position) - (r.MaxDistanceToNavalLane - r.MinDistanceToNavalLane) * 0.5f <= Tun.DirectFireRef) exposure++;"
Sim/Navigation/GameplayTopology.Naval.cs,284,51,0.01f,maps.gameplayTopology.buildTurnsRateFloor,x,tan_suat,08,pass2:inline,,"math_max: var rmin = ship.Speed / MathF.Max(0.01f, rate);"
Sim/Navigation/GameplayTopology.Naval.cs,294,32,4f,maps.gameplayTopology.buildTurnsStepRadiusScale,m,ban_kinh,08,pass2:inline,,multiply: var disc = 4f * stepRadius * stepRadius - step * step;
Sim/Navigation/GameplayTopology.Naval.cs,296,29,2f,maps.gameplayTopology.buildTurnsStepRadiusScale2,m,ban_kinh,08,pass2:inline,,multiply: var d = 2f * stepRadius - MathF.Sqrt(disc);
Sim/Navigation/GameplayTopology.Naval.cs,353,99,0.5f,maps.gameplayTopology.buildTurnsWidthScale,m,ban_kinh,08,pass2:inline,,"multiply: var room = MathF.Max(shoreRoom, seaRoom) - Tun.NavalMargin - ship.Width * 0.5f;"
Sim/Navigation/GameplayTopology.Naval.cs,354,62,0.5f,maps.gameplayTopology.buildTurnsRoomScale,x,nguong,08,pass2:inline,,"multiply: var available = MathF.Max(0f, room * 0.5f);"
Sim/Navigation/GameplayTopology.Naval.cs,375,74,1e-3f,maps.gameplayTopology.buildTurnsLengthFloor,m,ban_kinh,08,pass2:inline,,"math_max: var cos = Vector2.Dot(inDir, outDir) / MathF.Max(1e-3f, inDir.Length() * outDir.Length());"
Sim/Navigation/GameplayTopology.Types.cs,54,36,0.5f,,,ban_kinh,,pass2:,,multiply: public float TurnRadius => 0.5f * MathF.Sqrt(ReferenceLength * ReferenceLength + ReferenceWidth * ReferenceWidth);
Sim/Navigation/GameplayTopology.Types.cs,209,62,0.5f,maps.tacticalChoke.reachMaxScale,m,ban_kinh,08,pass2:inline,,"multiply: public float Reach => MathF.Max(Length, OpenWidth) * 0.5f + 3f;"
Sim/Navigation/GameplayTopology.Types.cs,209,69,3f,maps.tacticalChoke.reachMaxAdd,m,ban_kinh,08,pass2:inline,,"add: public float Reach => MathF.Max(Length, OpenWidth) * 0.5f + 3f;"
Sim/Navigation/GameplayTopology.Types.cs,216,38,0.5f,maps.tacticalChoke.containsLengthScale,m,ban_kinh,08,pass2:inline,,multiply: return along <= Length * 0.5f + 1f && across <= OpenWidth * 0.5f + 1f;
Sim/Navigation/GameplayTopology.Types.cs,216,73,0.5f,maps.tacticalChoke.containsOpenWidthScale,m,ban_kinh,08,pass2:inline,,multiply: return along <= Length * 0.5f + 1f && across <= OpenWidth * 0.5f + 1f;
Sim/Navigation/GameplayTopology.cs,110,32,2f,maps.gameplayTopology.clearanceForSideClearanceScale,x,sat_thuong,08,pass2:inline,,multiply: var open = width + 2f * Tun.SideClearance - 2f * SimWorld.ObstacleClearance;
Sim/Navigation/GameplayTopology.cs,110,57,2f,maps.gameplayTopology.clearanceForObstacleClearanceScale,x,sat_thuong,08,pass2:inline,,multiply: var open = width + 2f * Tun.SideClearance - 2f * SimWorld.ObstacleClearance;
Sim/Navigation/GameplayTopology.cs,116,48,2f,maps.gameplayTopology.widthOfClearanceClearanceScale,m,ban_kinh,08,pass2:inline,,multiply: clearance <= 0 ? 0f : (clearance * 2f - 1f) * Map.Cell + 2f * SimWorld.ObstacleClearance;
Sim/Navigation/GameplayTopology.cs,116,70,2f,maps.gameplayTopology.widthOfClearanceObstacleClearanceScale,m,ban_kinh,08,pass2:inline,,multiply: clearance <= 0 ? 0f : (clearance * 2f - 1f) * Map.Cell + 2f * SimWorld.ObstacleClearance;
Sim/Navigation/GameplayTopology.cs,144,38,2.6f,maps.gameplayTopology.n14,m,ban_kinh,08,pass2:inline,,"table: float[] defaultWidth = { 2.6f, 3.2f, 3.9f, 5.3f, 11f };"
Sim/Navigation/GameplayTopology.cs,144,44,3.2f,maps.gameplayTopology.n25,m,ban_kinh,08,pass2:inline,,"table: float[] defaultWidth = { 2.6f, 3.2f, 3.9f, 5.3f, 11f };"
Sim/Navigation/GameplayTopology.cs,144,50,3.9f,maps.gameplayTopology.n34,m,ban_kinh,08,pass2:inline,,"table: float[] defaultWidth = { 2.6f, 3.2f, 3.9f, 5.3f, 11f };"
Sim/Navigation/GameplayTopology.cs,144,56,5.3f,maps.gameplayTopology.n4,m,ban_kinh,08,pass2:inline,,"table: float[] defaultWidth = { 2.6f, 3.2f, 3.9f, 5.3f, 11f };"
Sim/Navigation/GameplayTopology.cs,144,62,11f,maps.gameplayTopology.n5,m,ban_kinh,08,pass2:inline,,"table: float[] defaultWidth = { 2.6f, 3.2f, 3.9f, 5.3f, 11f };"
Sim/Navigation/GameplayTopology.cs,152,73,2.2f,maps.gameplayTopology.measureClassesReferenceScale,m,ban_kinh,08,pass2:inline,,multiply: var length = lengths[i] > 0f ? lengths[i] : reference * 2.2f;
Sim/Navigation/GameplayTopology.cs,153,71,5f,maps.gameplayTopology.measureClassesCountFalse,count,tan_suat,08,pass2:inline,,conditional: var speed = speeds[i].Count > 0 ? Median(speeds[i]) : 5f;
Sim/Navigation/GameplayTopology.cs,247,138,2f,maps.gameplayTopology.resolveAnchorsRadiusFloor,m,ban_kinh,08,pass2:inline,,"math_max: foreach (var p in map.Points) Anchor(""point_"" + p.Id, AnchorKind.Objective, p.Position, -1, MobilityDomain.Ground, MathF.Max(2f, p.Radius));"
Sim/Navigation/GameplayTopology.cs,248,119,8f,maps.gameplayTopology.resolveAnchorsRadius2,m,ban_kinh,08,pass2:inline,,"arg:GameplayTopology.Anchor: foreach (var b in map.Bases) Anchor(""hq_"" + b.Team, AnchorKind.Base, b.Hq, b.Team, MobilityDomain.Ground, 8f);"
Sim/Navigation/GameplayTopology.cs,262,34,2,maps.gameplayTopology.resolveAnchorsCountMin,count,gioi_han_thuc_the,08,pass2:inline,,"compare: if (line.Count > 2) Anchor($""route_{name}_mid"", AnchorKind.BossRoute, line[line.Count / 2], -1, domain, 6f);"
Sim/Navigation/GameplayTopology.cs,262,105,2,maps.gameplayTopology.resolveAnchorsCountDivisor,count,gioi_han_thuc_the,08,pass2:inline,,"divide: if (line.Count > 2) Anchor($""route_{name}_mid"", AnchorKind.BossRoute, line[line.Count / 2], -1, domain, 6f);"
Sim/Navigation/GameplayTopology.cs,262,121,6f,maps.gameplayTopology.resolveAnchorsRadius,m,ban_kinh,08,pass2:inline,,"arg:GameplayTopology.Anchor: if (line.Count > 2) Anchor($""route_{name}_mid"", AnchorKind.BossRoute, line[line.Count / 2], -1, domain, 6f);"
Sim/Navigation/GameplayTopology.cs,263,101,6f,maps.gameplayTopology.resolveAnchorsRadius,m,ban_kinh,08,pass2:inline,,"arg:GameplayTopology.Anchor: Anchor($""route_{name}_end"", AnchorKind.BossRoute, line[line.Count - 1], -1, domain, 6f);"
Sim/Navigation/GameplayTopology.cs,266,125,8f,maps.gameplayTopology.resolveAnchorsRadius2,m,ban_kinh,08,pass2:inline,,"arg:GameplayTopology.Anchor: foreach (var b in sea.Batteries) Anchor(""battery_"" + b.Id, AnchorKind.Battery, b.At, -1, MobilityDomain.Ground, 8f);"
Sim/Navigation/GameplayTopology.cs,269,133,6f,maps.gameplayTopology.resolveAnchorsRadius,m,ban_kinh,08,pass2:inline,,"arg:GameplayTopology.Anchor: for (var i = 0; i < sea.Piers.Count; i++) Anchor(""pier_"" + i, AnchorKind.Pier, sea.Piers[i], -1, MobilityDomain.Ground, 6f);"
Sim/Navigation/GameplayTopology.cs,270,139,6f,maps.gameplayTopology.resolveAnchorsRadius,m,ban_kinh,08,pass2:inline,,"arg:GameplayTopology.Anchor: foreach (var lane in sea.Lanes) Anchor(""lane_"" + lane.Id, AnchorKind.NavalLane, sea.At(0f, lane.W), -1, MobilityDomain.Naval, 6f);"
Sim/Navigation/GameplayTopology.cs,394,50,3f,maps.gameplayTopology.measurePassagesWidthScale,m,ban_kinh,08,pass2:inline,,"multiply: Shape = length > width * 3f && road[id] * 2 >= cells[id] ? PassageShape.NarrowRoad : PassageShape.Gate,"
Sim/Navigation/GameplayTopology.cs,394,67,2,maps.gameplayTopology.measurePassagesRoadScale,m,ban_kinh,08,pass2:inline,,"multiply: Shape = length > width * 3f && road[id] * 2 >= cells[id] ? PassageShape.NarrowRoad : PassageShape.Gate,"
Sim/Navigation/GameplayTopology.cs,410,78,4f,maps.gameplayTopology.measurePassagesReachAdd,m,ban_kinh,08,pass2:inline,,"add: if (Vector2.Distance(p.Centre, choke.Centre) < p.Reach + 4f)"
Sim/Navigation/GameplayTopology.cs,422,62,30f,maps.gameplayTopology.measurePassagesMax,m,ban_kinh,08,pass2:inline,,"arg:GameplayTopology.Ray: var width = Ray(grid, choke.Centre, dir, 30f) + Ray(grid, choke.Centre, -dir, 30f);"
Sim/Navigation/GameplayTopology.cs,422,99,30f,maps.gameplayTopology.measurePassagesMax,m,ban_kinh,08,pass2:inline,,"arg:GameplayTopology.Ray: var width = Ray(grid, choke.Centre, dir, 30f) + Ray(grid, choke.Centre, -dir, 30f);"
Sim/Navigation/GameplayTopology.cs,427,56,2f,maps.gameplayTopology.measurePassagesCellSizeScale,m,ban_kinh,08,pass2:inline,,"multiply: if (stale && bestWidth > choke.Width + 2f * grid.CellSize + 2f && RubbleNear(choke.Centre, MathF.Max(choke.Width, 8f) * 0.5f + 6f))"
Sim/Navigation/GameplayTopology.cs,427,77,2f,maps.gameplayTopology.measurePassagesWidthAdd,m,ban_kinh,08,pass2:inline,,"add: if (stale && bestWidth > choke.Width + 2f * grid.CellSize + 2f && RubbleNear(choke.Centre, MathF.Max(choke.Width, 8f) * 0.5f + 6f))"
Sim/Navigation/GameplayTopology.cs,427,131,8f,maps.gameplayTopology.measurePassagesWidthFloor,m,ban_kinh,08,pass2:inline,,"math_max: if (stale && bestWidth > choke.Width + 2f * grid.CellSize + 2f && RubbleNear(choke.Centre, MathF.Max(choke.Width, 8f) * 0.5f + 6f))"
Sim/Navigation/GameplayTopology.cs,427,137,0.5f,maps.gameplayTopology.measurePassagesMaxScale,count,ban_kinh,08,pass2:inline,,"multiply: if (stale && bestWidth > choke.Width + 2f * grid.CellSize + 2f && RubbleNear(choke.Centre, MathF.Max(choke.Width, 8f) * 0.5f + 6f))"
Sim/Navigation/GameplayTopology.cs,427,144,6f,maps.gameplayTopology.measurePassagesMaxAdd,count,ban_kinh,08,pass2:inline,,"add: if (stale && bestWidth > choke.Width + 2f * grid.CellSize + 2f && RubbleNear(choke.Centre, MathF.Max(choke.Width, 8f) * 0.5f + 6f))"
Sim/Navigation/GameplayTopology.cs,433,64,0.5f,maps.gameplayTopology.measurePassagesMaxScale,count,ban_kinh,08,pass2:inline,,"multiply: var half = MathF.Max(choke.Width, bestWidth) * 0.5f + 3f;"
Sim/Navigation/GameplayTopology.cs,433,71,3f,maps.gameplayTopology.measurePassagesMaxAdd2,count,ban_kinh,08,pass2:inline,,"add: var half = MathF.Max(choke.Width, bestWidth) * 0.5f + 3f;"
Sim/Navigation/GameplayTopology.cs,437,40,6f,maps.gameplayTopology.measurePassagesCellsFloor,m,ban_kinh,08,pass2:inline,,"math_max: var length = MathF.Max(6f, choke.Cells * Map.Cell * Map.Cell / MathF.Max(2f, choke.Width));"
Sim/Navigation/GameplayTopology.cs,437,90,2f,maps.gameplayTopology.measurePassagesWidthFloor2,m,ban_kinh,08,pass2:inline,,"math_max: var length = MathF.Max(6f, choke.Cells * Map.Cell * Map.Cell / MathF.Max(2f, choke.Width));"
Sim/Navigation/GameplayTopology.cs,443,43,2f,maps.gameplayTopology.measurePassagesMinFloor,m,ban_kinh,08,pass2:inline,,"math_max: OpenWidth = MathF.Max(2f, MathF.Min(choke.Width, bestWidth)),"
Sim/Navigation/GameplayTopology.cs,444,48,40f,maps.gameplayTopology.measurePassagesLengthCap,count,ban_kinh,08,pass2:inline,,"math_min: Length = MathF.Min(length, 40f),"
Sim/Navigation/GameplayTopology.cs,481,48,2f,maps.gameplayTopology.typeChokesGrowthScale,m,ban_kinh,08,pass2:inline,,multiply: c.UsableWidthM = c.OpenWidth + 2f * growth;
Sim/Navigation/GameplayTopology.cs,487,66,0.5f,maps.gameplayTopology.typeChokesMedianSpeedFloor,m/s,ban_kinh,08,pass2:inline,,"math_max: c.EstimatedThroughput = lanesThrough * MathF.Max(0.5f, medium.MedianSpeed) / MathF.Max(2f, medium.ReferenceLength + 4f);"
Sim/Navigation/GameplayTopology.cs,487,104,2f,maps.gameplayTopology.typeChokesReferenceLengthFloor,m,ban_kinh,08,pass2:inline,,"math_max: c.EstimatedThroughput = lanesThrough * MathF.Max(0.5f, medium.MedianSpeed) / MathF.Max(2f, medium.ReferenceLength + 4f);"
Sim/Navigation/GameplayTopology.cs,487,133,4f,maps.gameplayTopology.typeChokesReferenceLengthAdd,m,ban_kinh,08,pass2:inline,,"add: c.EstimatedThroughput = lanesThrough * MathF.Max(0.5f, medium.MedianSpeed) / MathF.Max(2f, medium.ReferenceLength + 4f);"
Sim/Navigation/GameplayTopology.cs,488,69,2,maps.gameplayTopology.typeChokesMaxMediumSideBySideMin,count,nguong,08,pass2:inline,,compare: c.OppositeTrafficAllowed = c.MaxMediumSideBySide >= 2;
Sim/Navigation/GameplayTopology.cs,495,128,2f,maps.gameplayTopology.typeChokesSideClearanceScale,m,ban_kinh,08,pass2:inline,,"multiply: if (_classes[i].ClearanceCells <= Math.Max(1, clearance) && c.UsableWidthM >= _classes[i].ReferenceWidth + 2f * Tun.SideClearance)"
Sim/Navigation/GameplayTopology.cs,507,79,0.5f,maps.gameplayTopology.typeOfGateWidthScale,m,ban_kinh,08,pass2:inline,,"multiply: if (Vector2.Distance(line.Gate, c.Centre) <= line.GateWidth * 0.5f + 4f) return ChokeType.Gate;"
Sim/Navigation/GameplayTopology.cs,507,86,4f,maps.gameplayTopology.typeOfGateWidthAdd,m,ban_kinh,08,pass2:inline,,"add: if (Vector2.Distance(line.Gate, c.Centre) <= line.GateWidth * 0.5f + 4f) return ChokeType.Gate;"
Sim/Navigation/GameplayTopology.cs,509,76,0.5f,maps.gameplayTopology.typeOfLengthScale,m,ban_kinh,08,pass2:inline,,"multiply: if (Vector2.Distance(s.Center, c.Centre) <= s.Length * 0.5f + 2f) return ChokeType.WallBreach;"
Sim/Navigation/GameplayTopology.cs,509,83,2f,maps.gameplayTopology.typeOfLengthAdd,m,ban_kinh,08,pass2:inline,,"add: if (Vector2.Distance(s.Center, c.Centre) <= s.Length * 0.5f + 2f) return ChokeType.WallBreach;"
Sim/Navigation/GameplayTopology.cs,513,76,4f,maps.gameplayTopology.typeOfHalfAdd,m,ban_kinh,08,pass2:inline,,"add: if (Vector2.Distance(x.Position, c.Centre) <= x.Half + 4f) return ChokeType.RailCrossing;"
Sim/Navigation/GameplayTopology.cs,521,60,20f,maps.gameplayTopology.typeOfDistanceMax,m,ban_kinh,08,pass2:inline,,"compare: if (Vector2.Distance(pier, c.Centre) < 20f) return ChokeType.HarborThroat;"
Sim/Navigation/GameplayTopology.cs,523,99,1.5f,maps.gameplayTopology.typeOfOpenWidthScale,m,ban_kinh,08,pass2:inline,,multiply: if (c.Shape == PassageShape.NarrowRoad || (c.FromDoorway && c.Length >= c.OpenWidth * 1.5f)) return ChokeType.StreetCanyon;
Sim/Navigation/GameplayTopology.cs,532,39,1.5f,maps.gameplayTopology.queueSpacingScale,m,ban_kinh,08,pass2:inline,,multiply: var halfAlong = spacing * 1.5f;
Sim/Navigation/GameplayTopology.cs,533,44,0.5f,maps.gameplayTopology.queueOpenWidthScale,m,ban_kinh,08,pass2:inline,,multiply: var halfAcross = c.OpenWidth * 0.5f + 4f;
Sim/Navigation/GameplayTopology.cs,533,51,4f,maps.gameplayTopology.queueOpenWidthAdd,m,ban_kinh,08,pass2:inline,,add: var halfAcross = c.OpenWidth * 0.5f + 4f;
Sim/Navigation/GameplayTopology.cs,534,56,0.5f,maps.gameplayTopology.queueLengthScale,m,ban_kinh,08,pass2:inline,,multiply: var centre = c.Centre + back * (c.Length * 0.5f + SimTunables.Ai.Traffic.QueueStart + halfAlong);
Sim/Navigation/GameplayTopology.cs,591,74,12f,maps.gameplayTopology.laneStretchRadiusAdd,m,ban_kinh,08,pass2:inline,,add: if (nearest == null || MathF.Abs(nearest.W - f.Y) > radius + 12f || nearest.Patrol <= 0f) return null;
Sim/Navigation/LaneMap.cs,161,83,0.5f,maps.laneMap.buildWidthScale,m,ban_kinh,08,pass2:inline,,"multiply: StampSegment(road.Points[i], road.Points[i + 1], road.Width * 0.5f, LaneFlags.Road, count: false);"
Sim/Navigation/LaneMap.cs,257,38,255,maps.laneMap.stampSegmentRouteCountMax,count,gioi_han_thuc_the,08,pass2:inline,,compare: if (_routeCount[i] < 255) _routeCount[i]++;
Sim/Navigation/LaneMap.cs,283,55,0.01f,maps.laneMap.findDoorwaysNarrowWidthAdd,m,ban_kinh,08,pass2:inline,,add: if (across * step > NarrowWidth + 0.01f) continue;
Sim/Navigation/LaneMap.cs,393,39,2f,maps.laneMap.offLaneRingScale,m,ban_kinh,08,pass2:inline,,multiply: for (var ring = 1; ring * 2f <= reach; ring++)
Sim/Navigation/LaneMap.cs,414,49,12f,maps.laneMap.standCostFTrue,CP,gioi_han_thuc_the,08,pass2:inline,,conditional: return ((f & LaneFlags.Road) != 0 ? 12f : 0f) + ((f & LaneFlags.Route) != 0 ? 20f * RouteCountAt(p) : 0f);
Sim/Navigation/LaneMap.cs,414,91,20f,maps.laneMap.standCostRouteCountAtScale,CP,gioi_han_thuc_the,08,pass2:inline,,multiply: return ((f & LaneFlags.Road) != 0 ? 12f : 0f) + ((f & LaneFlags.Route) != 0 ? 20f * RouteCountAt(p) : 0f);
Sim/Navigation/MapTelemetry.cs,68,43,0.1f,maps.mapTelemetry.stepTelemetrySecondsFloor,s,thoi_gian,08,pass2:inline,,"math_max: _next = world.Time + Math.Max(0.1f, Tun.TelemetrySeconds);"
Sim/Navigation/MapTelemetry.cs,73,47,0.1f,maps.mapTelemetry.stepTelemetrySecondsFloor,s,thoi_gian,08,pass2:inline,,"math_max: var since = world.Time - Math.Max(0.1f, Tun.TelemetrySeconds);"
Sim/Navigation/MapTelemetry.cs,102,64,6f,maps.mapTelemetry.stepDistanceToMax,m,ban_kinh,08,pass2:inline,,"compare: if (a.DistanceTo(v.Position) < 6f) _approachSamples[a.Id] = _approachSamples.TryGetValue(a.Id, out var m) ? m + 1 : 1;"
Sim/Navigation/MapTelemetry.cs,112,126,4f,maps.mapTelemetry.stepDistanceSquaredMin,m,ban_kinh,08,pass2:inline,,"compare: (!_orderSeen.TryGetValue(v.Id.Value, out var seen) || Vector2.DistanceSquared(seen, v.Order.Point) > 4f))"
Sim/Navigation/MapTelemetry.cs,115,90,4f,maps.mapTelemetry.stepRadius,m,ban_kinh,08,pass2:inline,,"arg:GameplayTopology.SizeClassReaches: if (!topology.SizeClassReaches(v.Def, v.Position, v.Order.Point, 4f)) HeavyRouteFailures++;"
Sim/Navigation/MapTelemetry.cs,123,116,4f,maps.mapTelemetry.stepDistanceSquaredMin,m,ban_kinh,08,pass2:inline,,"compare: if (_bossGoal.TryGetValue(v.Id.Value, out var old) && Vector2.DistanceSquared(old, goal) > 4f) BossRouteReplans++;"
Sim/Navigation/MapTopology.cs,116,47,16,maps.domainGraph.distanceCacheSize,m,ban_kinh,08,pass2:const_to_property,,const_field: private const int DistanceCacheSize = 16;
Sim/Navigation/MapTopology.cs,376,62,15,maps.mapTopology.bottleneckNarrowestMin,x,nguong,08,pass2:inline,,compare: return narrowest == int.MaxValue || narrowest >= 15 ? float.PositiveInfinity : (narrowest * 2f - 1f) * Cell;
Sim/Navigation/MapTopology.cs,376,105,2f,maps.mapTopology.bottleneckNarrowestScale,x,nguong,08,pass2:inline,,multiply: return narrowest == int.MaxValue || narrowest >= 15 ? float.PositiveInfinity : (narrowest * 2f - 1f) * Cell;
Sim/Navigation/MapTopology.cs,455,40,15,maps.mapTopology.measureClearanceClearanceCap,count,tran,08,pass2:inline,,"math_min: var d = (byte)Math.Min(15, Clearance[i] + 1);"
Sim/Navigation/MapTopology.cs,476,68,0.5f,maps.mapTopology.findChokesChokeWidthScale,m,ban_kinh,08,pass2:inline,,"multiply: var half = Math.Max(1, (int)MathF.Ceiling(chokeWidth * 0.5f / Cell));"
Sim/Navigation/MapTopology.cs,531,81,2f,maps.mapTopology.addObjectivesRadiusFloor,m,ban_kinh,08,pass2:inline,,"math_max: foreach (var p in world.Map.Points) Add(p.Id, p.Position, MathF.Max(2f, p.Radius));"
Sim/Navigation/MapTopology.cs,532,80,6f,maps.mapTopology.addObjectivesRadius,m,ban_kinh,08,pass2:inline,,"arg:MapTopology.Add: foreach (var t in world.Map.Teams) Add(""rally_"" + t.Team, t.Rally, 6f);"
Sim/Navigation/MapTopology.cs,534,79,6f,maps.mapTopology.addObjectivesRadius,m,ban_kinh,08,pass2:inline,,"arg:MapTopology.Add: foreach (var b in sea.Batteries) Add(""battery_"" + b.Id, b.At, 6f);"
Sim/Navigation/NavGrid.cs,72,91,0.5f,maps.navGrid.setTerrainXSub,x,nguong,08,pass2:inline,,"subtract: var x0 = Math.Max(0, (int)MathF.Ceiling((z.Min.X - Origin.X) / CellSize - 0.5f));"
Sim/Navigation/NavGrid.cs,73,91,0.5f,maps.navGrid.setTerrainYSub,x,nguong,08,pass2:inline,,"subtract: var y0 = Math.Max(0, (int)MathF.Ceiling((z.Min.Y - Origin.Y) / CellSize - 0.5f));"
Sim/Navigation/NavGrid.cs,74,99,0.5f,maps.navGrid.setTerrainXSub,m,ban_kinh,08,pass2:inline,,"subtract: var x1 = Math.Min(Width - 1, (int)MathF.Ceiling((z.Max.X - Origin.X) / CellSize - 0.5f) - 1);"
Sim/Navigation/NavGrid.cs,75,100,0.5f,maps.navGrid.setTerrainYSub,m,ban_kinh,08,pass2:inline,,"subtract: var y1 = Math.Min(Height - 1, (int)MathF.Ceiling((z.Max.Y - Origin.Y) / CellSize - 0.5f) - 1);"
Sim/Navigation/NavGrid.cs,126,40,2f,maps.navGrid.addBlockerClearanceScale,m,ban_kinh,08,pass2:inline,,"multiply: ChangeRect(center, width + 2f * clearance, depth + 2f * clearance, +1);"
Sim/Navigation/NavGrid.cs,126,64,2f,maps.navGrid.addBlockerClearanceScale,m,ban_kinh,08,pass2:inline,,"multiply: ChangeRect(center, width + 2f * clearance, depth + 2f * clearance, +1);"
Sim/Navigation/NavGrid.cs,128,44,0.5f,maps.navGrid.addBlockerWidthScale,m,ban_kinh,08,pass2:inline,,"multiply: var half = new Vector2(width * 0.5f + clearance, depth * 0.5f + clearance);"
Sim/Navigation/NavGrid.cs,128,70,0.5f,maps.navGrid.addBlockerDepthScale,m,ban_kinh,08,pass2:inline,,"multiply: var half = new Vector2(width * 0.5f + clearance, depth * 0.5f + clearance);"
Sim/Navigation/NavGrid.cs,133,40,2f,maps.navGrid.removeBlockerClearanceScale,m,ban_kinh,08,pass2:inline,,"multiply: ChangeRect(center, width + 2f * clearance, depth + 2f * clearance, -1);"
Sim/Navigation/NavGrid.cs,133,64,2f,maps.navGrid.removeBlockerClearanceScale,m,ban_kinh,08,pass2:inline,,"multiply: ChangeRect(center, width + 2f * clearance, depth + 2f * clearance, -1);"
Sim/Navigation/NavGrid.cs,140,52,2f,maps.navGrid.markClearanceScale,m,ban_kinh,08,pass2:inline,,"multiply: ChangeRect(block.Center, block.Width + 2f * block.Clearance, block.Depth + 2f * block.Clearance, delta);"
Sim/Navigation/NavGrid.cs,140,88,2f,maps.navGrid.markClearanceScale,m,ban_kinh,08,pass2:inline,,"multiply: ChangeRect(block.Center, block.Width + 2f * block.Clearance, block.Depth + 2f * block.Clearance, delta);"
Sim/Navigation/NavGrid.cs,153,44,0.5f,maps.navGrid.changeRectWidthScale,m,ban_kinh,08,pass2:inline,,"multiply: var half = new Vector2(width * 0.5f, depth * 0.5f);"
Sim/Navigation/NavGrid.cs,153,58,0.5f,maps.navGrid.changeRectDepthScale,m,ban_kinh,08,pass2:inline,,"multiply: var half = new Vector2(width * 0.5f, depth * 0.5f);"
Sim/Navigation/NavGrid.cs,293,102,1.42f,maps.navGrid.tryNearestInRegionRingScale,x,nguong,08,pass2:inline,,"multiply: if (found == float.MaxValue) last = Math.Min(maxRings, (int)MathF.Ceiling(ring * 1.42f));"
Sim/Navigation/NavGrid.cs,367,86,0.25f,maps.navGrid.lineOfSightCellSizeScale,m,ban_kinh,08,pass2:inline,,"multiply: var side = length > 1e-5f ? new Vector2(-delta.Y, delta.X) * (CellSize * 0.25f / length) : Vector2.Zero;"
Sim/Navigation/NavGrid.cs,368,77,0.25f,maps.navGrid.lineOfSightCellSizeScale,m,ban_kinh,08,pass2:inline,,"multiply: var steps = Math.Max(1, (int)MathF.Ceiling(length / (CellSize * 0.25f)));"
Sim/Navigation/NavStates.cs,26,60,0.5f,,,ban_kinh,,pass2:,,"multiply: public Vector2 Min => Center - new Vector2(Width * 0.5f + Clearance, Depth * 0.5f + Clearance);"
Sim/Navigation/NavStates.cs,26,86,0.5f,,,ban_kinh,,pass2:,,"multiply: public Vector2 Min => Center - new Vector2(Width * 0.5f + Clearance, Depth * 0.5f + Clearance);"
Sim/Navigation/NavStates.cs,28,60,0.5f,,,ban_kinh,,pass2:,,"multiply: public Vector2 Max => Center + new Vector2(Width * 0.5f + Clearance, Depth * 0.5f + Clearance);"
Sim/Navigation/NavStates.cs,28,86,0.5f,,,ban_kinh,,pass2:,,"multiply: public Vector2 Max => Center + new Vector2(Width * 0.5f + Clearance, Depth * 0.5f + Clearance);"
Sim/Navigation/NavStates.cs,53,50,2,maps.navSiteDef.ctorCountMax,count,gioi_han_thuc_the,08,pass2:inline,,"compare: if (states == null || states.Count < 2) throw new ArgumentException($""Nav site {id}: two or more states."");"
Sim/Navigation/NavStates.cs,257,48,5,maps.navStates.anchorRegionMaxRings,x,sat_thuong,08,pass2:inline,,"arg:NavGrid.TryNearestWalkable: return _grid.TryNearestWalkable(p, 5, out var open) ? _grid.RegionOf(open) : 0;"
Sim/Navigation/NavStates.cs,321,65,24,maps.navStates.switchMaxRings,x,sat_thuong,08,pass2:inline,,"arg:NavGrid.TryNearestInRegion: if (!_grid.TryNearestInRegion(v.Position, main, 24, out var open)) continue;"
Sim/Navigation/PathFinder.cs,44,34,20,maps.pathCosts.smoothLimit,count,khac,08,pass2:inline,,field_init: public int SmoothLimit = 20;
Sim/Navigation/PathFinder.cs,80,33,256,maps.pathFinder.ctorCapacity,x,sat_thuong,08,pass2:inline,,ctor_arg:MinHeap: _open = new MinHeap(256);
Sim/Navigation/PathFinder.cs,255,91,0.25f,maps.pathFinder.maxTerrainAlongCellSizeScale,count,ban_kinh,08,pass2:inline,,"multiply: var steps = Math.Max(1, (int)MathF.Ceiling(delta.Length() / (_grid.CellSize * 0.25f)));"
Sim/Navigation/PathFinder.cs,273,91,0.25f,maps.pathFinder.maxExtraAlongCellSizeScale,count,ban_kinh,08,pass2:inline,,"multiply: var steps = Math.Max(1, (int)MathF.Ceiling(delta.Length() / (_grid.CellSize * 0.25f)));"
Sim/Navigation/PathFinder.cs,291,42,2f,maps.pathFinder.heuristicDiagonalSub,x,nguong,08,pass2:inline,,"subtract: return dx + dy + (Diagonal - 2f) * Math.Min(dx, dy);"
Sim/Navigation/PathFinder.cs,314,54,2,maps.minHeap.pushCountScale,count,gioi_han_thuc_the,08,pass2:inline,,"multiply: Array.Resize(ref _items, Count * 2);"
Sim/Navigation/PathFinder.cs,315,59,2,maps.minHeap.pushCountScale,count,gioi_han_thuc_the,08,pass2:inline,,"multiply: Array.Resize(ref _priorities, Count * 2);"
Sim/Navigation/RailSpline.cs,93,51,0.01f,,,ban_kinh,,pass2:,,subtract: public bool GateAtTo => PlayTo < Length - 0.01f;
Sim/Navigation/SpawnPoints.cs,150,58,22f,maps.spawnPoints.buildScale,m,ban_kinh,08,pass2:inline,,"multiply: if (Vector2.DistanceSquared(e, at) < 22f * 22f) near = true;"
Sim/Navigation/SpawnPoints.cs,150,64,22f,maps.spawnPoints.buildScale,m,ban_kinh,08,pass2:inline,,"multiply: if (Vector2.DistanceSquared(e, at) < 22f * 22f) near = true;"
Sim/Navigation/SpawnPoints.cs,201,57,0.45f,maps.spawnPoints.buildCentreLerp,m,ban_kinh,08,pass2:inline,,"math_lerp: if (Snap(world, Vector2.Lerp(centre, e, 0.45f), main, out var drop) && Vector2.Distance(drop, home) >= CampClearance * 0.8f)"
Sim/Navigation/SpawnPoints.cs,201,136,0.8f,maps.spawnPoints.buildCampClearanceScale,m,ban_kinh,08,pass2:inline,,"multiply: if (Snap(world, Vector2.Lerp(centre, e, 0.45f), main, out var drop) && Vector2.Distance(drop, home) >= CampClearance * 0.8f)"
Sim/Navigation/SpawnPoints.cs,208,45,20f,maps.spawnPoints.n2,m,ban_kinh,08,pass2:inline,,"table: foreach (var off in new[] { 0f, 20f, -20f })"
Sim/Navigation/SpawnPoints.cs,208,51,-20f,maps.spawnPoints.n3,m,ban_kinh,08,pass2:inline,,"table: foreach (var off in new[] { 0f, 20f, -20f })"
Sim/Navigation/SpawnPoints.cs,221,99,12f,maps.spawnPoints.addScale,m,ban_kinh,08,pass2:inline,,"multiply: if (p.Side == side && p.Kind == kind && Vector2.DistanceSquared(p.Position, at) < 12f * 12f) return;"
Sim/Navigation/SpawnPoints.cs,221,105,12f,maps.spawnPoints.addScale,m,ban_kinh,08,pass2:inline,,"multiply: if (p.Side == side && p.Kind == kind && Vector2.DistanceSquared(p.Position, at) < 12f * 12f) return;"
Sim/Navigation/SpawnPoints.cs,236,41,22f,maps.spawnPoints.n1,m,ban_kinh,08,pass2:inline,,"table: foreach (var off in new[] { 22f, -22f, 40f, -40f })"
Sim/Navigation/SpawnPoints.cs,236,47,-22f,maps.spawnPoints.n22,m,ban_kinh,08,pass2:inline,,"table: foreach (var off in new[] { 22f, -22f, 40f, -40f })"
Sim/Navigation/SpawnPoints.cs,236,52,40f,maps.spawnPoints.n32,m,ban_kinh,08,pass2:inline,,"table: foreach (var off in new[] { 22f, -22f, 40f, -40f })"
Sim/Navigation/SpawnPoints.cs,236,58,-40f,maps.spawnPoints.n4,m,ban_kinh,08,pass2:inline,,"table: foreach (var off in new[] { 22f, -22f, 40f, -40f })"
Sim/Navigation/SpawnPoints.cs,237,109,100f,maps.spawnPoints.addDistanceSquaredMin,m,ban_kinh,08,pass2:inline,,"compare: if (Snap(world, at + across * off, main, out var alt) && Vector2.DistanceSquared(alt, at) > 100f &&"
Sim/Navigation/SpawnPoints.cs,238,95,0.9f,maps.spawnPoints.addCampClearanceScale,m,ban_kinh,08,pass2:inline,,"multiply: (side == SpawnSide.Ally || Vector2.Distance(alt, home) >= CampClearance * 0.9f))"
Sim/Navigation/SpawnPoints.cs,261,124,14f,maps.spawnPoints.gateForEdgeDistanceMax,m,ban_kinh,08,pass2:inline,,compare: var edgeKind = kind is SpawnKind.Edge or SpawnKind.Rail || kind == SpawnKind.Behind && map.EdgeDistance(at) <= 14f;
Sim/Navigation/SpawnPoints.cs,266,100,0.9f,maps.spawnPoints.gateForCampClearanceScale,m,ban_kinh,08,pass2:inline,,"multiply: if (side == SpawnSide.Enemy && Vector2.Distance(gate.Position, home) < CampClearance * 0.9f) return null;"
Sim/Navigation/SpawnPoints.cs,336,76,0.5f,maps.spawnPoints.edgePointEdgeMarginSub,x,sat_thuong,08,pass2:inline,,"subtract: if (map.Contains(p) && map.EdgeDistance(p) >= EdgeMargin - 0.5f && Open(world, p, main))"
Sim/Navigation/SpawnPoints.cs,352,49,0.5f,maps.spawnPoints.snapEdgeMarginScale,x,khac,08,pass2:inline,,"multiply: p = world.Map.Clamp(p, EdgeMargin * 0.5f);"
Sim/Navigation/SpawnPoints.cs,369,95,25f,maps.spawnPoints.waterLandingsEdgeDistanceMin,m,ban_kinh,08,pass2:inline,,"compare: if (!prop.Def.Id.Contains(""water"") || world.Map.EdgeDistance(prop.Position) > 25f || Vector2.Distance(prop.Position, home) < CampClearance + 10f) cont"
Sim/Navigation/SpawnPoints.cs,369,158,10f,maps.spawnPoints.waterLandingsCampClearanceAdd,m,ban_kinh,08,pass2:inline,,"add: if (!prop.Def.Id.Contains(""water"") || world.Map.EdgeDistance(prop.Position) > 25f || Vector2.Distance(prop.Position, home) < CampClearance + 10f) cont"
Sim/Navigation/SpawnPoints.cs,374,68,40f,maps.spawnPoints.waterLandingsDistanceMin,m,ban_kinh,08,pass2:inline,,"compare: if (Vector2.Distance(sum / n, prop.Position) > 40f) continue;"
Sim/Navigation/SpawnPoints.cs,382,55,3,maps.spawnPoints.waterLandingsIMax,count,gioi_han_thuc_the,08,pass2:inline,,compare: for (var i = 0; i < clusters.Count && i < 3; i++)
Sim/Navigation/StuckWatch.cs,100,34,8f,maps.stuckWatch.threshold,x,khac,08,pass2:inline,,field_init: public float Threshold = 8f;
Sim/Navigation/StuckWatch.cs,109,34,10,maps.stuckWatch.sampleTicks,ticks,thoi_gian,08,pass2:inline,,field_init: public int SampleTicks = 10;
Sim/Navigation/StuckWatch.cs,146,30,6f,maps.stuckWatch.grace,x,khac,08,pass2:inline,,field_init: public float Grace = 6f;
Sim/Navigation/StuckWatch.cs,257,60,1.5,maps.stuckWatch.wantsTimeMax,s,thoi_gian,08,pass2:inline,,compare: else if (world.Time - v.Traffic.PathFailedAt < 1.5) goal = v.Traffic.PathFailedGoal;
Sim/Navigation/StuckWatch.cs,259,67,6f,maps.stuckWatch.wantsHullBoundFloor,m,ban_kinh,08,pass2:inline,,"math_max: return Vector2.Distance(goal, v.Position) > MathF.Max(6f, v.Def.HullBound * 2f);"
Sim/Navigation/StuckWatch.cs,259,89,2f,maps.stuckWatch.wantsHullBoundScale,m,ban_kinh,08,pass2:inline,,"multiply: return Vector2.Distance(goal, v.Position) > MathF.Max(6f, v.Def.HullBound * 2f);"
Sim/Navigation/StuckWatch.cs,284,47,2.0,maps.stuckWatch.classifyTimeMax,s,thoi_gian,08,pass2:inline,,compare: if (world.Time - t.PathFailedAt < 2.0)
Sim/Navigation/StuckWatch.cs,339,68,16,maps.stuckWatch.reachesMaxRings,m,ban_kinh,08,pass2:inline,,"arg:NavGrid.TryNearestInRegion: from == 0 || world.Grid.TryNearestInRegion(goal, from, 16, out _);"
Sim/Navigation/StuckWatch.cs,378,113,0.5f,maps.stuckWatch.blockerAtWidthScale,m,ban_kinh,08,pass2:inline,,multiply: if (prop.IsAlive && prop.Def.BlocksMovement && MathF.Abs(prop.Position.X - p.X) <= prop.Width * 0.5f + reach &&
Sim/Navigation/StuckWatch.cs,379,70,0.5f,maps.stuckWatch.blockerAtDepthScale,m,ban_kinh,08,pass2:inline,,multiply: MathF.Abs(prop.Position.Y - p.Y) <= prop.Depth * 0.5f + reach) return prop.Def.Id;
Sim/Navigation/StuckWatch.cs,383,67,0.4f,maps.stuckWatch.blockerAtMaxScale,count,ban_kinh,08,pass2:inline,,"multiply: var half = MathF.Max(o.Def.Length, o.Def.Width) * 0.4f + reach;"
Sim/Navigation/StuckWatch.cs,392,81,0.5f,maps.stuckWatch.blockedLineDistanceDivisor,m,ban_kinh,08,pass2:inline,,"divide: var steps = Math.Max(1, (int)MathF.Ceiling(Vector2.Distance(a, b) / 0.5f));"
Sim/Navigation/StuckWatch.cs,400,81,0.5f,maps.stuckWatch.blockerOnLineDistanceDivisor,m,ban_kinh,08,pass2:inline,,"divide: var steps = Math.Max(1, (int)MathF.Ceiling(Vector2.Distance(a, b) / 0.5f));"
Sim/Navigation/StuckWatch.cs,407,124,0.25f,maps.stuckWatch.blockerOnLineCellSizeScale,m,ban_kinh,08,pass2:inline,,"multiply: side = side.LengthSquared() > 1e-4f ? Vector2.Normalize(new Vector2(-side.Y, side.X)) * (world.Grid.CellSize * 0.25f) : Vector2.Zero;"
Sim/Navigation/UnitCostField.cs,56,70,2,maps.unitCostField.invalidateMinValueDivisor,x,nguong,08,pass2:inline,,divide: internal void Invalidate() => _refreshedAt = long.MinValue / 2;
Sim/Navigation/UnitCostField.cs,78,119,3,maps.unitCostField.refreshFriendParkedCostScale,CP,thoi_gian,08,pass2:inline,,multiply: var core = world.Time - w.Since < Content.SimTunables.Ai.Navigation.WreckSettleS ? FriendParkedCost * 3 : StunnedCost;
Sim/Navigation/UnitCostField.cs,80,80,1.5f,maps.unitCostField.refreshRadiusAdd,m,ban_kinh,08,pass2:inline,,"add: foreach (var layer in _cost) Stamp(layer, w.A, w.B, w.Radius + 1.5f, (byte)core);"
Sim/Navigation/UnitCostField.cs,94,34,0.5f,maps.unitCostField.stampRadiusAdd,m,ban_kinh,08,pass2:inline,,add: var inner = radius + 0.5f;
Sim/Sandbox/SandboxEditor.cs,139,42,32,,,gioi_han_thuc_the,,pass2:,,"math_clamp: count = Math.Clamp(count, 1, 32);"
Sim/Sandbox/SandboxRules.cs,224,99,0.5f,,,ban_kinh,,pass2:,,multiply: for (var i = 0; i < count; i++) list.Add(centre + right * ((i - (count - 1) * 0.5f) * spacing));
Sim/Sandbox/SandboxRules.cs,227,101,0.5f,,,ban_kinh,,pass2:,,multiply: for (var i = 0; i < count; i++) list.Add(centre - forward * ((i - (count - 1) * 0.5f) * spacing));
Sim/Sandbox/SandboxRules.cs,235,72,0.5f,,,ban_kinh,,pass2:,,multiply: list.Add(centre + right * ((col - (side - 1) * 0.5f) * spacing) - forward * ((row - (side - 1) * 0.5f) * spacing));
Sim/Sandbox/SandboxRules.cs,235,122,0.5f,,,ban_kinh,,pass2:,,multiply: list.Add(centre + right * ((col - (side - 1) * 0.5f) * spacing) - forward * ((row - (side - 1) * 0.5f) * spacing));
Sim/Sandbox/SandboxRules.cs,245,46,0.5f,,,gioi_han_thuc_the,,pass2:,,conditional: var t = count == 1 ? 0.5f : i / (float)(count - 1);
Sim/Sandbox/SandboxRules.cs,247,104,0.5f,,,ban_kinh,,pass2:,,subtract: list.Add(centre + right * (MathF.Sin(a) * radius) + forward * ((MathF.Cos(a) - 0.5f) * radius));
Sim/SimWorld.Traffic.cs,36,29,0.5f,ai.simWorld.issueAlongCorridorRepathTimer,s,thoi_gian,06,pass2:inline,,assign: v.RepathTimer = 0.5f;
Sim/SimWorld.cs,51,64,2f,ai.simWorld.ctorCellSize,m,ban_kinh,06,pass2:inline,,"ctor_arg:NavGrid: Grid = new NavGrid(map.Min, map.Width, map.Length, 2f);"
Sim/SimWorld.cs,53,39,3,ai.simWorld.ctorCountMin,count,gioi_han_thuc_the,06,pass2:inline,,compare: if (map.Boundary.Count >= 3)
Sim/SimWorld.cs,464,102,8,ai.simWorld.spawnVehicleMaxRings,x,khac,06,pass2:inline,,"arg:NavGrid.TryNearestWalkable: var at = def.Flying || afloat ? ClampToMap(position) : Grid.TryNearestWalkable(position, 8, out var walkable) ? walkable : position;"
Sim/SimWorld.cs,468,43,8,ai.simWorld.spawnVehicleRegionSizeScale,x,sat_thuong,06,pass2:inline,,"multiply: Grid.RegionSize(region) * 8 < Grid.RegionSize(Grid.MainRegion) && Grid.TryNearestInRegion(at, Grid.MainRegion, 12, out var open))"
Sim/SimWorld.cs,468,128,12,ai.simWorld.spawnVehicleMaxRings2,x,sat_thuong,06,pass2:inline,,"arg:NavGrid.TryNearestInRegion: Grid.RegionSize(region) * 8 < Grid.RegionSize(Grid.MainRegion) && Grid.TryNearestInRegion(at, Grid.MainRegion, 12, out var open))"
Sim/SimWorld.cs,516,79,5.0,ai.simWorld.spawnVehicleTimeAdd,s,thoi_gian,06,pass2:inline,,add: if (HomeZones && !vehicle.Def.Static) vehicle.GraceUntil = Time + 5.0;
Sim/SimWorld.cs,600,121,0.05f,ai.simWorld.upgradeDamageFloor,x,sat_thuong,06,pass2:inline,,"math_max: v.DamageBoost *= (1f + damage + Headroom(v.Def, StatId.Damage, damage, b.SpecialPower)) / MathF.Max(0.05f, 1f + damage);"
Sim/SimWorld.cs,601,117,0.05f,ai.simWorld.upgradeRateFloor,x,tan_suat,06,pass2:inline,,"math_max: v.FireBoost *= (1f + rate + Headroom(v.Def, StatId.FireRate, rate, b.SpecialPower)) / MathF.Max(0.05f, 1f + rate);"
Sim/SimWorld.cs,619,41,0.5f,ai.simWorld.clearSpotHullBoundAdd,m,ban_kinh,06,pass2:inline,,add: var reach = def.HullBound + 0.5f;
Sim/SimWorld.cs,633,73,0.5f,ai.simWorld.clearSpotHullBoundAdd,m,ban_kinh,06,pass2:inline,,add: var gap = def.HullBound + other.Def.HullBound + 0.5f;
Sim/SimWorld.cs,646,33,8,ai.simWorld.footprintOpenKMax,x,sat_thuong,06,pass2:inline,,compare: for (var k = 0; k < 8; k++)
Sim/SimWorld.cs,648,47,8f,ai.simWorld.footprintOpenKDivisor,x,sat_thuong,06,pass2:inline,,divide: var angle = k * SimMath.Tau / 8f;
Sim/SimWorld.cs,673,51,0.8f,ai.simWorld.freeSpotHullBoundScale,m,ban_kinh,06,pass2:inline,,multiply: var gap = def.HullBound * 0.8f + other.Def.HullBound * 0.8f;
Sim/SimWorld.cs,673,80,0.8f,ai.simWorld.freeSpotHullBoundScale,m,ban_kinh,06,pass2:inline,,multiply: var gap = def.HullBound * 0.8f + other.Def.HullBound * 0.8f;
Sim/SimWorld.cs,833,98,0.999f,ai.simWorld.applyStoresShareMin,share,nguong,06,pass2:inline,,compare: if (!v.HasStores || v.Supply != SupplyState.Fighting || v.StoresShare >= 0.999f) continue;
Sim/SimWorld.cs,941,42,1000.0,ai.simWorld.profiledStepNowScale,s,thoi_gian,06,pass2:inline,,multiply: row[i] = (now - ticks) * 1000.0 / System.Diagnostics.Stopwatch.Frequency;
Sim/SimWorld.cs,1016,80,2.0,ai.simWorld.refillTimeAdd,s,thoi_gian,06,pass2:inline,,add: if (v.MineLayer is { Spread: > 0f } field && v.NextMineAt > Time + 2.0)
Sim/SimWorld.cs,1021,29,2,ai.simWorld.refillAliveScale,s,thoi_gian,06,pass2:inline,,multiply: if (alive * 2 < field.Max) v.NextMineAt = Time + 2.0;
Sim/SimWorld.cs,1021,66,2.0,ai.simWorld.refillTimeAdd,s,thoi_gian,06,pass2:inline,,add: if (alive * 2 < field.Max) v.NextMineAt = Time + 2.0;
Sim/SimWorld.cs,1068,73,0.5f,ai.simWorld.crushVegetationSpeedMax,m/s,tan_suat,06,pass2:inline,,compare: if (!v.IsAlive || v.Flying || v.Def.Static || v.Speed < 0.5f) continue;
Sim/SimWorld.cs,1078,60,0.3f,ai.simWorld.crushVegetationHullRadiusAdd,m,ban_kinh,06,pass2:inline,,add: var reach = v.Def.HullRadius + 0.3f + prop.Radius * 0.5f;
Sim/SimWorld.cs,1078,81,0.5f,ai.simWorld.crushVegetationRadiusScale,m,ban_kinh,06,pass2:inline,,multiply: var reach = v.Def.HullRadius + 0.3f + prop.Radius * 0.5f;
Sim/SimWorld.cs,1116,35,0.5f,ai.simWorld.pathToRepathTimer,s,thoi_gian,06,pass2:inline,,assign: vehicle.RepathTimer = 0.5f;
Sim/SimWorld.cs,1184,44,6f,ai.simWorld.escapeRouteDistanceFloor,m,ban_kinh,06,pass2:inline,,"math_max: distance = MathF.Max(distance, 6f);"
Sim/SimWorld.cs,1194,98,16f,ai.simWorld.escapeRouteDistanceSquaredMin,m,ban_kinh,06,pass2:inline,,"compare: if (TryGetRally(v.Team, out var home) && Vector2.DistanceSquared(home, v.Position) > 16f)"
Sim/SimWorld.cs,1200,45,4f,ai.simWorld.escapeRouteDMin,m,ban_kinh,06,pass2:inline,,compare: for (var d = distance; d >= 4f; d -= 3f)
Sim/SimWorld.cs,1200,54,3f,ai.simWorld.escapeRouteD,m,ban_kinh,06,pass2:inline,,compound_assign: for (var d = distance; d >= 4f; d -= 3f)
Sim/SimWorld.cs,1208,78,0.2f,ai.simWorld.escapeRouteMovedScale,m,ban_kinh,06,pass2:inline,,"multiply: var score = Vector2.Distance(p, threat) - here + moved * 0.2f - MathF.Max(0f, 10f - edge) -"
Sim/SimWorld.cs,1208,99,10f,ai.simWorld.escapeRouteEdgeSub,m,ban_kinh,06,pass2:inline,,"subtract: var score = Vector2.Distance(p, threat) - here + moved * 0.2f - MathF.Max(0f, 10f - edge) -"
Sim/SimWorld.cs,1240,27,1.5f,ai.simWorld.issueGroupMoveSpacing,m,ban_kinh,06,pass2:inline,,local_init: var spacing = 1.5f;
Sim/SimWorld.cs,1241,84,2f,ai.simWorld.issueGroupMoveRadiusScale,m,ban_kinh,06,pass2:inline,,"multiply: foreach (var v in _unitBuffer) spacing = MathF.Max(spacing, v.Radius * 2f + 1.5f);"
Sim/SimWorld.cs,1241,89,1.5f,ai.simWorld.issueGroupMoveRadiusAdd,m,ban_kinh,06,pass2:inline,,"add: foreach (var v in _unitBuffer) spacing = MathF.Max(spacing, v.Radius * 2f + 1.5f);"
Sim/SimWorld.cs,1250,103,0.25f,ai.simWorld.issueGroupMoveDistanceSquaredMax,m,ban_kinh,06,pass2:inline,,"compare: if (!manual && v.Order.Kind == kind && Vector2.DistanceSquared(v.Order.Point, goal) < 0.25f && (v.HasPath || v.PathQueued) &&"
Sim/SimWorld.cs,1352,135,0.5f,ai.simWorld.refreshVisibilityStatMax,s,thoi_gian,06,pass2:inline,,"math_clamp: if (!target.IsMoving && Time - target.StillSince >= 1.0) sight *= 1f - Math.Clamp(tg.Stat(StatId.Camouflage), 0f, 0.5f);"
Sim/SimWorld.cs,1455,101,0.8f,ai.simWorld.staticFootprintMaxScale,count,ban_kinh,06,pass2:inline,,"multiply: internal static float StaticFootprint(VehicleDef def) => MathF.Max(def.Length, def.Width) * 0.8f;"
