file,line,col,literal,key,unit,kind,linh_vuc,mode,note,context
Game/Match/Gear.Model.cs,17,51,0,vehicles.gear.subCount1,count,gioi_han_thuc_the,02,pass2:static array table (FloatArray / IntArray entry),,"table: public static readonly int[] SubCount = { 0, 1, 2, 2, 2 };"
Game/Match/Gear.Model.cs,17,54,1,vehicles.gear.subCount2,count,gioi_han_thuc_the,02,pass2:static array table (FloatArray / IntArray entry),,"table: public static readonly int[] SubCount = { 0, 1, 2, 2, 2 };"
Game/Match/Gear.Model.cs,17,57,2,vehicles.gear.subCount3,count,gioi_han_thuc_the,02,pass2:static array table (FloatArray / IntArray entry),,"table: public static readonly int[] SubCount = { 0, 1, 2, 2, 2 };"
Game/Match/Gear.Model.cs,17,60,2,vehicles.gear.subCount4,count,gioi_han_thuc_the,02,pass2:static array table (FloatArray / IntArray entry),,"table: public static readonly int[] SubCount = { 0, 1, 2, 2, 2 };"
Game/Match/Gear.Model.cs,17,63,2,vehicles.gear.subCount5,count,gioi_han_thuc_the,02,pass2:static array table (FloatArray / IntArray entry),,"table: public static readonly int[] SubCount = { 0, 1, 2, 2, 2 };"
Game/Match/Gear.Model.cs,44,20,0.4f,vehicles.gear.levelShareLevelAdd,share,tran,02,pass2:inline,,"add: return 0.4f + 0.6f * (level - 1) / Mathf.Max(1, cap - 1);"
Game/Match/Gear.Model.cs,44,27,0.6f,vehicles.gear.levelShareLevelScale,x,tran,02,pass2:inline,,"multiply: return 0.4f + 0.6f * (level - 1) / Mathf.Max(1, cap - 1);"
Game/Match/Gear.Model.cs,88,114,0.6f,vehicles.gear.subValueRollMin,m,ban_kinh,02,pass2:inline,,"math_clamp: var top = def.Values[Mathf.Clamp(item.rarity - 1, 0, def.Values.Length - 1)] * Mathf.Clamp(sub.roll, 0.6f, 1f);"
Game/Match/Gear.Model.cs,93,82,0.6f,vehicles.gear.subQualityRollSub,share,xac_suat,02,pass2:inline,,subtract: public static float SubQuality(GearSub sub) => Mathf.Clamp01((sub.roll - 0.6f) / 0.4f);
Game/Match/Gear.Model.cs,93,90,0.4f,vehicles.gear.subQualityRollDivisor,x,xac_suat,02,pass2:inline,,divide: public static float SubQuality(GearSub sub) => Mathf.Clamp01((sub.roll - 0.6f) / 0.4f);
Game/Match/Gear.Model.cs,179,46,2,vehicles.setChip.twoPieceCountMin,count,gioi_han_thuc_the,02,pass2:inline,,compare: public bool TwoPiece => Count >= 2;
Game/Match/Gear.Model.cs,280,75,0.6f,vehicles.gear.fillSubsNextDoubleAdd,share,xac_suat,02,pass2:inline,,"add: item.subs.Add(new GearSub { stat = (int)pick.Stat, roll = 0.6f + 0.4f * (float)rng.NextDouble() });"
Game/Match/Gear.Model.cs,280,82,0.4f,vehicles.gear.fillSubsNextDoubleScale,x,xac_suat,02,pass2:inline,,"multiply: item.subs.Add(new GearSub { stat = (int)pick.Stat, roll = 0.6f + 0.4f * (float)rng.NextDouble() });"
Game/Match/GearCatalog.cs,148,101,2,vehicles.traitDef.atLengthMin,m,ban_kinh,02,pass2:inline,,"compare: return new GearTrait(Id, v.Length > 0 ? v[0] : 0f, v.Length > 1 ? v[1] : 0f, v.Length > 2 ? v[2] : 0f);"
Game/Match/GearCatalog.cs,258,65,0.02f,vehicles.gearCatalog.longBarrelTop1,m,ban_kinh,02,pass2:static array table (FloatArray / IntArray entry),,"arg:GearCatalog.V: new(""long_barrel"", GearSlot.Weapon, StatId.Range, V(0.02f, 0.03f, 0.04f, 0.06f, 0.08f)),"
Game/Match/GearCatalog.cs,258,72,0.03f,vehicles.gearCatalog.longBarrelTop2,m,ban_kinh,02,pass2:static array table (FloatArray / IntArray entry),,"arg:GearCatalog.V: new(""long_barrel"", GearSlot.Weapon, StatId.Range, V(0.02f, 0.03f, 0.04f, 0.06f, 0.08f)),"
Game/Match/GearCatalog.cs,258,79,0.04f,vehicles.gearCatalog.longBarrelTop3,m,ban_kinh,02,pass2:static array table (FloatArray / IntArray entry),,"arg:GearCatalog.V: new(""long_barrel"", GearSlot.Weapon, StatId.Range, V(0.02f, 0.03f, 0.04f, 0.06f, 0.08f)),"
Game/Match/GearCatalog.cs,258,86,0.06f,vehicles.gearCatalog.longBarrelTop4,m,ban_kinh,02,pass2:static array table (FloatArray / IntArray entry),,"arg:GearCatalog.V: new(""long_barrel"", GearSlot.Weapon, StatId.Range, V(0.02f, 0.03f, 0.04f, 0.06f, 0.08f)),"
Game/Match/GearCatalog.cs,258,93,0.08f,vehicles.gearCatalog.longBarrelTop5,m,ban_kinh,02,pass2:static array table (FloatArray / IntArray entry),,"arg:GearCatalog.V: new(""long_barrel"", GearSlot.Weapon, StatId.Range, V(0.02f, 0.03f, 0.04f, 0.06f, 0.08f)),"
Game/Match/GearCatalog.cs,260,79,0.4f,vehicles.gearCatalog.tungstenPenetratorTop1,x,sat_thuong,02,pass2:static array table (FloatArray / IntArray entry),,"arg:GearCatalog.V: new(""tungsten_penetrator"", GearSlot.Weapon, StatId.Penetration, V(0.4f, 0.55f, 0.7f, 0.85f, 1f)),"
Game/Match/GearCatalog.cs,260,85,0.55f,vehicles.gearCatalog.tungstenPenetratorTop2,x,sat_thuong,02,pass2:static array table (FloatArray / IntArray entry),,"arg:GearCatalog.V: new(""tungsten_penetrator"", GearSlot.Weapon, StatId.Penetration, V(0.4f, 0.55f, 0.7f, 0.85f, 1f)),"
Game/Match/GearCatalog.cs,260,92,0.7f,vehicles.gearCatalog.tungstenPenetratorTop3,x,sat_thuong,02,pass2:static array table (FloatArray / IntArray entry),,"arg:GearCatalog.V: new(""tungsten_penetrator"", GearSlot.Weapon, StatId.Penetration, V(0.4f, 0.55f, 0.7f, 0.85f, 1f)),"
Game/Match/GearCatalog.cs,260,98,0.85f,vehicles.gearCatalog.tungstenPenetratorTop4,x,sat_thuong,02,pass2:static array table (FloatArray / IntArray entry),,"arg:GearCatalog.V: new(""tungsten_penetrator"", GearSlot.Weapon, StatId.Penetration, V(0.4f, 0.55f, 0.7f, 0.85f, 1f)),"
Game/Match/GearCatalog.cs,261,69,0.05f,vehicles.gearCatalog.heFragFillerTop1,x,sat_thuong,02,pass2:static array table (FloatArray / IntArray entry),,"arg:GearCatalog.V: new(""he_frag_filler"", GearSlot.Weapon, StatId.Splash, V(0.05f, 0.08f, 0.12f, 0.16f, 0.2f)),"
Game/Match/GearCatalog.cs,261,76,0.08f,vehicles.gearCatalog.heFragFillerTop2,x,sat_thuong,02,pass2:static array table (FloatArray / IntArray entry),,"arg:GearCatalog.V: new(""he_frag_filler"", GearSlot.Weapon, StatId.Splash, V(0.05f, 0.08f, 0.12f, 0.16f, 0.2f)),"
Game/Match/GearCatalog.cs,261,83,0.12f,vehicles.gearCatalog.heFragFillerTop3,x,sat_thuong,02,pass2:static array table (FloatArray / IntArray entry),,"arg:GearCatalog.V: new(""he_frag_filler"", GearSlot.Weapon, StatId.Splash, V(0.05f, 0.08f, 0.12f, 0.16f, 0.2f)),"
Game/Match/GearCatalog.cs,261,90,0.16f,vehicles.gearCatalog.heFragFillerTop4,x,sat_thuong,02,pass2:static array table (FloatArray / IntArray entry),,"arg:GearCatalog.V: new(""he_frag_filler"", GearSlot.Weapon, StatId.Splash, V(0.05f, 0.08f, 0.12f, 0.16f, 0.2f)),"
Game/Match/GearCatalog.cs,261,97,0.2f,vehicles.gearCatalog.heFragFillerTop5,x,sat_thuong,02,pass2:static array table (FloatArray / IntArray entry),,"arg:GearCatalog.V: new(""he_frag_filler"", GearSlot.Weapon, StatId.Splash, V(0.05f, 0.08f, 0.12f, 0.16f, 0.2f)),"
Game/Match/GearCatalog.cs,262,74,0.05f,vehicles.gearCatalog.proximityFuzeTop1,x,sat_thuong,02,pass2:static array table (FloatArray / IntArray entry),,"arg:GearCatalog.V: new(""proximity_fuze"", GearSlot.Weapon, StatId.DamageVsAir, V(0.05f, 0.08f, 0.12f, 0.16f, 0.2f)),"
Game/Match/GearCatalog.cs,262,81,0.08f,vehicles.gearCatalog.proximityFuzeTop2,x,sat_thuong,02,pass2:static array table (FloatArray / IntArray entry),,"arg:GearCatalog.V: new(""proximity_fuze"", GearSlot.Weapon, StatId.DamageVsAir, V(0.05f, 0.08f, 0.12f, 0.16f, 0.2f)),"
Game/Match/GearCatalog.cs,262,88,0.12f,vehicles.gearCatalog.proximityFuzeTop3,x,sat_thuong,02,pass2:static array table (FloatArray / IntArray entry),,"arg:GearCatalog.V: new(""proximity_fuze"", GearSlot.Weapon, StatId.DamageVsAir, V(0.05f, 0.08f, 0.12f, 0.16f, 0.2f)),"
Game/Match/GearCatalog.cs,262,95,0.16f,vehicles.gearCatalog.proximityFuzeTop4,x,sat_thuong,02,pass2:static array table (FloatArray / IntArray entry),,"arg:GearCatalog.V: new(""proximity_fuze"", GearSlot.Weapon, StatId.DamageVsAir, V(0.05f, 0.08f, 0.12f, 0.16f, 0.2f)),"
Game/Match/GearCatalog.cs,262,102,0.2f,vehicles.gearCatalog.proximityFuzeTop5,x,sat_thuong,02,pass2:static array table (FloatArray / IntArray entry),,"arg:GearCatalog.V: new(""proximity_fuze"", GearSlot.Weapon, StatId.DamageVsAir, V(0.05f, 0.08f, 0.12f, 0.16f, 0.2f)),"
Game/Match/GearCatalog.cs,263,79,0.06f,vehicles.gearCatalog.bunkerBusterTop1,x,sat_thuong,02,pass2:static array table (FloatArray / IntArray entry),,"arg:GearCatalog.V: new(""bunker_buster"", GearSlot.Weapon, StatId.DamageVsStructure, V(0.06f, 0.09f, 0.13f, 0.18f, 0.24f)),"
Game/Match/GearCatalog.cs,263,86,0.09f,vehicles.gearCatalog.bunkerBusterTop2,x,sat_thuong,02,pass2:static array table (FloatArray / IntArray entry),,"arg:GearCatalog.V: new(""bunker_buster"", GearSlot.Weapon, StatId.DamageVsStructure, V(0.06f, 0.09f, 0.13f, 0.18f, 0.24f)),"
Game/Match/GearCatalog.cs,263,93,0.13f,vehicles.gearCatalog.bunkerBusterTop3,x,sat_thuong,02,pass2:static array table (FloatArray / IntArray entry),,"arg:GearCatalog.V: new(""bunker_buster"", GearSlot.Weapon, StatId.DamageVsStructure, V(0.06f, 0.09f, 0.13f, 0.18f, 0.24f)),"
Game/Match/GearCatalog.cs,263,100,0.18f,vehicles.gearCatalog.bunkerBusterTop4,x,sat_thuong,02,pass2:static array table (FloatArray / IntArray entry),,"arg:GearCatalog.V: new(""bunker_buster"", GearSlot.Weapon, StatId.DamageVsStructure, V(0.06f, 0.09f, 0.13f, 0.18f, 0.24f)),"
Game/Match/GearCatalog.cs,263,107,0.24f,vehicles.gearCatalog.bunkerBusterTop5,x,sat_thuong,02,pass2:static array table (FloatArray / IntArray entry),,"arg:GearCatalog.V: new(""bunker_buster"", GearSlot.Weapon, StatId.DamageVsStructure, V(0.06f, 0.09f, 0.13f, 0.18f, 0.24f)),"
Game/Match/GearCatalog.cs,266,74,0.07f,vehicles.gearCatalog.heavyBarrelTop3,m,ban_kinh,02,pass2:static array table (FloatArray / IntArray entry),,"arg:GearCatalog.V: new(""heavy_barrel"", GearSlot.Weapon, StatId.Range, V(0f, 0f, 0.07f, 0.09f, 0.1f))"
Game/Match/GearCatalog.cs,266,81,0.09f,vehicles.gearCatalog.heavyBarrelTop4,m,ban_kinh,02,pass2:static array table (FloatArray / IntArray entry),,"arg:GearCatalog.V: new(""heavy_barrel"", GearSlot.Weapon, StatId.Range, V(0f, 0f, 0.07f, 0.09f, 0.1f))"
Game/Match/GearCatalog.cs,266,88,0.1f,vehicles.gearCatalog.heavyBarrelTop5,m,ban_kinh,02,pass2:static array table (FloatArray / IntArray entry),,"arg:GearCatalog.V: new(""heavy_barrel"", GearSlot.Weapon, StatId.Range, V(0f, 0f, 0.07f, 0.09f, 0.1f))"
Game/Match/GearCatalog.cs,267,67,-0.03f,vehicles.gearCatalog.heavyBarrelPenaltyTop3,x,tan_suat,02,pass2:static array table (FloatArray / IntArray entry),,"arg:GearCatalog.V: { Penalty = StatId.Speed, PenaltyTop = V(0f, 0f, -0.03f, -0.04f, -0.05f), MinRarity = 2 },"
Game/Match/GearCatalog.cs,267,75,-0.04f,vehicles.gearCatalog.heavyBarrelPenaltyTop4,x,tan_suat,02,pass2:static array table (FloatArray / IntArray entry),,"arg:GearCatalog.V: { Penalty = StatId.Speed, PenaltyTop = V(0f, 0f, -0.03f, -0.04f, -0.05f), MinRarity = 2 },"
Game/Match/GearCatalog.cs,267,83,-0.05f,vehicles.gearCatalog.heavyBarrelPenaltyTop5,x,tan_suat,02,pass2:static array table (FloatArray / IntArray entry),,"arg:GearCatalog.V: { Penalty = StatId.Speed, PenaltyTop = V(0f, 0f, -0.03f, -0.04f, -0.05f), MinRarity = 2 },"
Game/Match/GearCatalog.cs,267,103,2,vehicles.gearCatalog.heavyBarrelMinRarity,x,tan_suat,02,pass2:static array table (FloatArray / IntArray entry),,"object_init: { Penalty = StatId.Speed, PenaltyTop = V(0f, 0f, -0.03f, -0.04f, -0.05f), MinRarity = 2 },"
Game/Match/GearCatalog.cs,270,75,0.05f,vehicles.gearCatalog.flankingRoundsTop1,x,sat_thuong,02,pass2:static array table (FloatArray / IntArray entry),,"arg:GearCatalog.V: new(""flanking_rounds"", GearSlot.Weapon, StatId.DamageFlank, V(0.05f, 0.08f, 0.12f, 0.16f, 0.2f)),"
Game/Match/GearCatalog.cs,270,82,0.08f,vehicles.gearCatalog.flankingRoundsTop2,x,sat_thuong,02,pass2:static array table (FloatArray / IntArray entry),,"arg:GearCatalog.V: new(""flanking_rounds"", GearSlot.Weapon, StatId.DamageFlank, V(0.05f, 0.08f, 0.12f, 0.16f, 0.2f)),"
Game/Match/GearCatalog.cs,270,89,0.12f,vehicles.gearCatalog.flankingRoundsTop3,x,sat_thuong,02,pass2:static array table (FloatArray / IntArray entry),,"arg:GearCatalog.V: new(""flanking_rounds"", GearSlot.Weapon, StatId.DamageFlank, V(0.05f, 0.08f, 0.12f, 0.16f, 0.2f)),"
Game/Match/GearCatalog.cs,270,96,0.16f,vehicles.gearCatalog.flankingRoundsTop4,x,sat_thuong,02,pass2:static array table (FloatArray / IntArray entry),,"arg:GearCatalog.V: new(""flanking_rounds"", GearSlot.Weapon, StatId.DamageFlank, V(0.05f, 0.08f, 0.12f, 0.16f, 0.2f)),"
Game/Match/GearCatalog.cs,270,103,0.2f,vehicles.gearCatalog.flankingRoundsTop5,x,sat_thuong,02,pass2:static array table (FloatArray / IntArray entry),,"arg:GearCatalog.V: new(""flanking_rounds"", GearSlot.Weapon, StatId.DamageFlank, V(0.05f, 0.08f, 0.12f, 0.16f, 0.2f)),"
Game/Match/GearCatalog.cs,271,77,0.08f,vehicles.gearCatalog.airburstRoundsTop1,x,sat_thuong,02,pass2:static array table (FloatArray / IntArray entry),,"arg:GearCatalog.V: new(""airburst_rounds"", GearSlot.Weapon, StatId.DamageVsDrone, V(0.08f, 0.12f, 0.18f, 0.24f, 0.3f)),"
Game/Match/GearCatalog.cs,271,84,0.12f,vehicles.gearCatalog.airburstRoundsTop2,x,sat_thuong,02,pass2:static array table (FloatArray / IntArray entry),,"arg:GearCatalog.V: new(""airburst_rounds"", GearSlot.Weapon, StatId.DamageVsDrone, V(0.08f, 0.12f, 0.18f, 0.24f, 0.3f)),"
Game/Match/GearCatalog.cs,271,91,0.18f,vehicles.gearCatalog.airburstRoundsTop3,x,sat_thuong,02,pass2:static array table (FloatArray / IntArray entry),,"arg:GearCatalog.V: new(""airburst_rounds"", GearSlot.Weapon, StatId.DamageVsDrone, V(0.08f, 0.12f, 0.18f, 0.24f, 0.3f)),"
Game/Match/GearCatalog.cs,271,98,0.24f,vehicles.gearCatalog.airburstRoundsTop4,x,sat_thuong,02,pass2:static array table (FloatArray / IntArray entry),,"arg:GearCatalog.V: new(""airburst_rounds"", GearSlot.Weapon, StatId.DamageVsDrone, V(0.08f, 0.12f, 0.18f, 0.24f, 0.3f)),"
Game/Match/GearCatalog.cs,271,105,0.3f,vehicles.gearCatalog.airburstRoundsTop5,x,sat_thuong,02,pass2:static array table (FloatArray / IntArray entry),,"arg:GearCatalog.V: new(""airburst_rounds"", GearSlot.Weapon, StatId.DamageVsDrone, V(0.08f, 0.12f, 0.18f, 0.24f, 0.3f)),"
Game/Match/GearCatalog.cs,274,82,0.05f,vehicles.gearCatalog.carouselAutoloaderTop1,s,thoi_gian,02,pass2:static array table (FloatArray / IntArray entry),,"arg:GearCatalog.V: new(""carousel_autoloader"", GearSlot.Loader, StatId.MagazineReload, V(0.05f, 0.08f, 0.12f, 0.16f, 0.2f)),"
Game/Match/GearCatalog.cs,274,89,0.08f,vehicles.gearCatalog.carouselAutoloaderTop2,s,thoi_gian,02,pass2:static array table (FloatArray / IntArray entry),,"arg:GearCatalog.V: new(""carousel_autoloader"", GearSlot.Loader, StatId.MagazineReload, V(0.05f, 0.08f, 0.12f, 0.16f, 0.2f)),"
Game/Match/GearCatalog.cs,274,96,0.12f,vehicles.gearCatalog.carouselAutoloaderTop3,s,thoi_gian,02,pass2:static array table (FloatArray / IntArray entry),,"arg:GearCatalog.V: new(""carousel_autoloader"", GearSlot.Loader, StatId.MagazineReload, V(0.05f, 0.08f, 0.12f, 0.16f, 0.2f)),"
Game/Match/GearCatalog.cs,274,103,0.16f,vehicles.gearCatalog.carouselAutoloaderTop4,s,thoi_gian,02,pass2:static array table (FloatArray / IntArray entry),,"arg:GearCatalog.V: new(""carousel_autoloader"", GearSlot.Loader, StatId.MagazineReload, V(0.05f, 0.08f, 0.12f, 0.16f, 0.2f)),"
Game/Match/GearCatalog.cs,274,110,0.2f,vehicles.gearCatalog.carouselAutoloaderTop5,s,thoi_gian,02,pass2:static array table (FloatArray / IntArray entry),,"arg:GearCatalog.V: new(""carousel_autoloader"", GearSlot.Loader, StatId.MagazineReload, V(0.05f, 0.08f, 0.12f, 0.16f, 0.2f)),"
Game/Match/GearCatalog.cs,276,75,0.08f,vehicles.gearCatalog.beltFeedTop1,s,thoi_gian,02,pass2:static array table (FloatArray / IntArray entry),,"arg:GearCatalog.V: new(""belt_feed"", GearSlot.Loader, StatId.SecondaryFireRate, V(0.08f, 0.12f, 0.16f, 0.2f, 0.25f)),"
Game/Match/GearCatalog.cs,276,82,0.12f,vehicles.gearCatalog.beltFeedTop2,s,thoi_gian,02,pass2:static array table (FloatArray / IntArray entry),,"arg:GearCatalog.V: new(""belt_feed"", GearSlot.Loader, StatId.SecondaryFireRate, V(0.08f, 0.12f, 0.16f, 0.2f, 0.25f)),"
Game/Match/GearCatalog.cs,276,89,0.16f,vehicles.gearCatalog.beltFeedTop3,s,thoi_gian,02,pass2:static array table (FloatArray / IntArray entry),,"arg:GearCatalog.V: new(""belt_feed"", GearSlot.Loader, StatId.SecondaryFireRate, V(0.08f, 0.12f, 0.16f, 0.2f, 0.25f)),"
Game/Match/GearCatalog.cs,276,96,0.2f,vehicles.gearCatalog.beltFeedTop4,s,thoi_gian,02,pass2:static array table (FloatArray / IntArray entry),,"arg:GearCatalog.V: new(""belt_feed"", GearSlot.Loader, StatId.SecondaryFireRate, V(0.08f, 0.12f, 0.16f, 0.2f, 0.25f)),"
Game/Match/GearCatalog.cs,276,102,0.25f,vehicles.gearCatalog.beltFeedTop5,s,thoi_gian,02,pass2:static array table (FloatArray / IntArray entry),,"arg:GearCatalog.V: new(""belt_feed"", GearSlot.Loader, StatId.SecondaryFireRate, V(0.08f, 0.12f, 0.16f, 0.2f, 0.25f)),"
Game/Match/GearCatalog.cs,277,72,0.1f,vehicles.gearCatalog.salvoRackTop1,s,thoi_gian,02,pass2:static array table (FloatArray / IntArray entry),,"arg:GearCatalog.V: new(""salvo_rack"", GearSlot.Loader, StatId.SalvoInterval, V(0.1f, 0.15f, 0.2f, 0.25f, 0.3f)),"
Game/Match/GearCatalog.cs,277,78,0.15f,vehicles.gearCatalog.salvoRackTop2,s,thoi_gian,02,pass2:static array table (FloatArray / IntArray entry),,"arg:GearCatalog.V: new(""salvo_rack"", GearSlot.Loader, StatId.SalvoInterval, V(0.1f, 0.15f, 0.2f, 0.25f, 0.3f)),"
Game/Match/GearCatalog.cs,277,85,0.2f,vehicles.gearCatalog.salvoRackTop3,s,thoi_gian,02,pass2:static array table (FloatArray / IntArray entry),,"arg:GearCatalog.V: new(""salvo_rack"", GearSlot.Loader, StatId.SalvoInterval, V(0.1f, 0.15f, 0.2f, 0.25f, 0.3f)),"
Game/Match/GearCatalog.cs,277,91,0.25f,vehicles.gearCatalog.salvoRackTop4,s,thoi_gian,02,pass2:static array table (FloatArray / IntArray entry),,"arg:GearCatalog.V: new(""salvo_rack"", GearSlot.Loader, StatId.SalvoInterval, V(0.1f, 0.15f, 0.2f, 0.25f, 0.3f)),"
Game/Match/GearCatalog.cs,277,98,0.3f,vehicles.gearCatalog.salvoRackTop5,s,thoi_gian,02,pass2:static array table (FloatArray / IntArray entry),,"arg:GearCatalog.V: new(""salvo_rack"", GearSlot.Loader, StatId.SalvoInterval, V(0.1f, 0.15f, 0.2f, 0.25f, 0.3f)),"
Game/Match/GearCatalog.cs,281,77,0.06f,vehicles.gearCatalog.hairTriggerTop3,x,tan_suat,02,pass2:static array table (FloatArray / IntArray entry),,"arg:GearCatalog.V: new(""hair_trigger"", GearSlot.Loader, StatId.FireRate, V(0f, 0f, 0.06f, 0.0725f, 0.075f))"
Game/Match/GearCatalog.cs,281,84,0.0725f,vehicles.gearCatalog.hairTriggerTop4,x,tan_suat,02,pass2:static array table (FloatArray / IntArray entry),,"arg:GearCatalog.V: new(""hair_trigger"", GearSlot.Loader, StatId.FireRate, V(0f, 0f, 0.06f, 0.0725f, 0.075f))"
Game/Match/GearCatalog.cs,281,93,0.075f,vehicles.gearCatalog.hairTriggerTop5,x,tan_suat,02,pass2:static array table (FloatArray / IntArray entry),,"arg:GearCatalog.V: new(""hair_trigger"", GearSlot.Loader, StatId.FireRate, V(0f, 0f, 0.06f, 0.0725f, 0.075f))"
Game/Match/GearCatalog.cs,282,68,-0.08f,vehicles.gearCatalog.hairTriggerPenaltyTop3,x,nguong,02,pass2:static array table (FloatArray / IntArray entry),,"arg:GearCatalog.V: { Penalty = StatId.Spread, PenaltyTop = V(0f, 0f, -0.08f, -0.1f, -0.12f), MinRarity = 2, MainScale = 0.25f },"
Game/Match/GearCatalog.cs,282,76,-0.1f,vehicles.gearCatalog.hairTriggerPenaltyTop4,x,nguong,02,pass2:static array table (FloatArray / IntArray entry),,"arg:GearCatalog.V: { Penalty = StatId.Spread, PenaltyTop = V(0f, 0f, -0.08f, -0.1f, -0.12f), MinRarity = 2, MainScale = 0.25f },"
Game/Match/GearCatalog.cs,282,83,-0.12f,vehicles.gearCatalog.hairTriggerPenaltyTop5,x,nguong,02,pass2:static array table (FloatArray / IntArray entry),,"arg:GearCatalog.V: { Penalty = StatId.Spread, PenaltyTop = V(0f, 0f, -0.08f, -0.1f, -0.12f), MinRarity = 2, MainScale = 0.25f },"
Game/Match/GearCatalog.cs,282,103,2,vehicles.gearCatalog.hairTriggerMinRarity,x,nguong,02,pass2:static array table (FloatArray / IntArray entry),,"object_init: { Penalty = StatId.Spread, PenaltyTop = V(0f, 0f, -0.08f, -0.1f, -0.12f), MinRarity = 2, MainScale = 0.25f },"
Game/Match/GearCatalog.cs,282,118,0.25f,vehicles.gearCatalog.hairTriggerMainScale,x,nguong,02,pass2:static array table (FloatArray / IntArray entry),,"object_init: { Penalty = StatId.Spread, PenaltyTop = V(0f, 0f, -0.08f, -0.1f, -0.12f), MinRarity = 2, MainScale = 0.25f },"
Game/Match/GearCatalog.cs,287,81,0.04f,vehicles.gearCatalog.compositeAddonTop1,x,sat_thuong,02,pass2:static array table (FloatArray / IntArray entry),,"arg:GearCatalog.V: new(""composite_addon"", GearSlot.Armor, StatId.ResistShapedCharge, V(0.04f, 0.06f, 0.09f, 0.12f, 0.15f)),"
Game/Match/GearCatalog.cs,287,88,0.06f,vehicles.gearCatalog.compositeAddonTop2,x,sat_thuong,02,pass2:static array table (FloatArray / IntArray entry),,"arg:GearCatalog.V: new(""composite_addon"", GearSlot.Armor, StatId.ResistShapedCharge, V(0.04f, 0.06f, 0.09f, 0.12f, 0.15f)),"
Game/Match/GearCatalog.cs,287,95,0.09f,vehicles.gearCatalog.compositeAddonTop3,x,sat_thuong,02,pass2:static array table (FloatArray / IntArray entry),,"arg:GearCatalog.V: new(""composite_addon"", GearSlot.Armor, StatId.ResistShapedCharge, V(0.04f, 0.06f, 0.09f, 0.12f, 0.15f)),"
Game/Match/GearCatalog.cs,287,102,0.12f,vehicles.gearCatalog.compositeAddonTop4,x,sat_thuong,02,pass2:static array table (FloatArray / IntArray entry),,"arg:GearCatalog.V: new(""composite_addon"", GearSlot.Armor, StatId.ResistShapedCharge, V(0.04f, 0.06f, 0.09f, 0.12f, 0.15f)),"
Game/Match/GearCatalog.cs,287,109,0.15f,vehicles.gearCatalog.compositeAddonTop5,x,sat_thuong,02,pass2:static array table (FloatArray / IntArray entry),,"arg:GearCatalog.V: new(""composite_addon"", GearSlot.Armor, StatId.ResistShapedCharge, V(0.04f, 0.06f, 0.09f, 0.12f, 0.15f)),"
Game/Match/GearCatalog.cs,288,78,0.04f,vehicles.gearCatalog.spallLinerTop1,x,sat_thuong,02,pass2:static array table (FloatArray / IntArray entry),,"arg:GearCatalog.V: new(""spall_liner"", GearSlot.Armor, StatId.ResistHighExplosive, V(0.04f, 0.06f, 0.09f, 0.12f, 0.15f)),"
Game/Match/GearCatalog.cs,288,85,0.06f,vehicles.gearCatalog.spallLinerTop2,x,sat_thuong,02,pass2:static array table (FloatArray / IntArray entry),,"arg:GearCatalog.V: new(""spall_liner"", GearSlot.Armor, StatId.ResistHighExplosive, V(0.04f, 0.06f, 0.09f, 0.12f, 0.15f)),"
Game/Match/GearCatalog.cs,288,92,0.09f,vehicles.gearCatalog.spallLinerTop3,x,sat_thuong,02,pass2:static array table (FloatArray / IntArray entry),,"arg:GearCatalog.V: new(""spall_liner"", GearSlot.Armor, StatId.ResistHighExplosive, V(0.04f, 0.06f, 0.09f, 0.12f, 0.15f)),"
Game/Match/GearCatalog.cs,288,99,0.12f,vehicles.gearCatalog.spallLinerTop4,x,sat_thuong,02,pass2:static array table (FloatArray / IntArray entry),,"arg:GearCatalog.V: new(""spall_liner"", GearSlot.Armor, StatId.ResistHighExplosive, V(0.04f, 0.06f, 0.09f, 0.12f, 0.15f)),"
Game/Match/GearCatalog.cs,288,106,0.15f,vehicles.gearCatalog.spallLinerTop5,x,sat_thuong,02,pass2:static array table (FloatArray / IntArray entry),,"arg:GearCatalog.V: new(""spall_liner"", GearSlot.Armor, StatId.ResistHighExplosive, V(0.04f, 0.06f, 0.09f, 0.12f, 0.15f)),"
Game/Match/GearCatalog.cs,290,72,0.4f,vehicles.gearCatalog.appliqueSteelTop1,x,sat_thuong,02,pass2:static array table (FloatArray / IntArray entry),,"arg:GearCatalog.V: new(""applique_steel"", GearSlot.Armor, StatId.ArmourSide, V(0.4f, 0.55f, 0.7f, 0.85f, 1f)),"
Game/Match/GearCatalog.cs,290,78,0.55f,vehicles.gearCatalog.appliqueSteelTop2,x,sat_thuong,02,pass2:static array table (FloatArray / IntArray entry),,"arg:GearCatalog.V: new(""applique_steel"", GearSlot.Armor, StatId.ArmourSide, V(0.4f, 0.55f, 0.7f, 0.85f, 1f)),"
Game/Match/GearCatalog.cs,290,85,0.7f,vehicles.gearCatalog.appliqueSteelTop3,x,sat_thuong,02,pass2:static array table (FloatArray / IntArray entry),,"arg:GearCatalog.V: new(""applique_steel"", GearSlot.Armor, StatId.ArmourSide, V(0.4f, 0.55f, 0.7f, 0.85f, 1f)),"
Game/Match/GearCatalog.cs,290,91,0.85f,vehicles.gearCatalog.appliqueSteelTop4,x,sat_thuong,02,pass2:static array table (FloatArray / IntArray entry),,"arg:GearCatalog.V: new(""applique_steel"", GearSlot.Armor, StatId.ArmourSide, V(0.4f, 0.55f, 0.7f, 0.85f, 1f)),"
Game/Match/GearCatalog.cs,291,77,0.08f,vehicles.gearCatalog.fireRetardantHullTop1,x,sat_thuong,02,pass2:static array table (FloatArray / IntArray entry),,"arg:GearCatalog.V: new(""fire_retardant_hull"", GearSlot.Armor, StatId.ResistFire, V(0.08f, 0.12f, 0.16f, 0.2f, 0.25f)),"
Game/Match/GearCatalog.cs,291,84,0.12f,vehicles.gearCatalog.fireRetardantHullTop2,x,sat_thuong,02,pass2:static array table (FloatArray / IntArray entry),,"arg:GearCatalog.V: new(""fire_retardant_hull"", GearSlot.Armor, StatId.ResistFire, V(0.08f, 0.12f, 0.16f, 0.2f, 0.25f)),"
Game/Match/GearCatalog.cs,291,91,0.16f,vehicles.gearCatalog.fireRetardantHullTop3,x,sat_thuong,02,pass2:static array table (FloatArray / IntArray entry),,"arg:GearCatalog.V: new(""fire_retardant_hull"", GearSlot.Armor, StatId.ResistFire, V(0.08f, 0.12f, 0.16f, 0.2f, 0.25f)),"
Game/Match/GearCatalog.cs,291,98,0.2f,vehicles.gearCatalog.fireRetardantHullTop4,x,sat_thuong,02,pass2:static array table (FloatArray / IntArray entry),,"arg:GearCatalog.V: new(""fire_retardant_hull"", GearSlot.Armor, StatId.ResistFire, V(0.08f, 0.12f, 0.16f, 0.2f, 0.25f)),"
Game/Match/GearCatalog.cs,291,104,0.25f,vehicles.gearCatalog.fireRetardantHullTop5,x,sat_thuong,02,pass2:static array table (FloatArray / IntArray entry),,"arg:GearCatalog.V: new(""fire_retardant_hull"", GearSlot.Armor, StatId.ResistFire, V(0.08f, 0.12f, 0.16f, 0.2f, 0.25f)),"
Game/Match/GearCatalog.cs,294,69,0.25f,vehicles.gearCatalog.armouredTubTop1,x,sat_thuong,02,pass2:static array table (FloatArray / IntArray entry),,"arg:GearCatalog.V: new(""armoured_tub"", GearSlot.Armor, StatId.ArmourAll, V(0.25f, 0.35f, 0.45f, 0.55f, 0.65f)),"
Game/Match/GearCatalog.cs,294,76,0.35f,vehicles.gearCatalog.armouredTubTop2,x,sat_thuong,02,pass2:static array table (FloatArray / IntArray entry),,"arg:GearCatalog.V: new(""armoured_tub"", GearSlot.Armor, StatId.ArmourAll, V(0.25f, 0.35f, 0.45f, 0.55f, 0.65f)),"
Game/Match/GearCatalog.cs,294,83,0.45f,vehicles.gearCatalog.armouredTubTop3,x,sat_thuong,02,pass2:static array table (FloatArray / IntArray entry),,"arg:GearCatalog.V: new(""armoured_tub"", GearSlot.Armor, StatId.ArmourAll, V(0.25f, 0.35f, 0.45f, 0.55f, 0.65f)),"
Game/Match/GearCatalog.cs,294,90,0.55f,vehicles.gearCatalog.armouredTubTop4,x,sat_thuong,02,pass2:static array table (FloatArray / IntArray entry),,"arg:GearCatalog.V: new(""armoured_tub"", GearSlot.Armor, StatId.ArmourAll, V(0.25f, 0.35f, 0.45f, 0.55f, 0.65f)),"
Game/Match/GearCatalog.cs,294,97,0.65f,vehicles.gearCatalog.armouredTubTop5,x,sat_thuong,02,pass2:static array table (FloatArray / IntArray entry),,"arg:GearCatalog.V: new(""armoured_tub"", GearSlot.Armor, StatId.ArmourAll, V(0.25f, 0.35f, 0.45f, 0.55f, 0.65f)),"
Game/Match/GearCatalog.cs,297,67,-0.04f,vehicles.gearCatalog.monolithPlatePenaltyTop3,x,tan_suat,02,pass2:static array table (FloatArray / IntArray entry),,"arg:GearCatalog.V: { Penalty = StatId.Speed, PenaltyTop = V(0f, 0f, -0.04f, -0.05f, -0.06f), MinRarity = 2, MainScale = 1.7142857f, NoSubs = true },"
Game/Match/GearCatalog.cs,297,75,-0.05f,vehicles.gearCatalog.monolithPlatePenaltyTop4,x,tan_suat,02,pass2:static array table (FloatArray / IntArray entry),,"arg:GearCatalog.V: { Penalty = StatId.Speed, PenaltyTop = V(0f, 0f, -0.04f, -0.05f, -0.06f), MinRarity = 2, MainScale = 1.7142857f, NoSubs = true },"
Game/Match/GearCatalog.cs,297,83,-0.06f,vehicles.gearCatalog.monolithPlatePenaltyTop5,x,tan_suat,02,pass2:static array table (FloatArray / IntArray entry),,"arg:GearCatalog.V: { Penalty = StatId.Speed, PenaltyTop = V(0f, 0f, -0.04f, -0.05f, -0.06f), MinRarity = 2, MainScale = 1.7142857f, NoSubs = true },"
Game/Match/GearCatalog.cs,297,103,2,vehicles.gearCatalog.monolithPlateMinRarity,x,tan_suat,02,pass2:static array table (FloatArray / IntArray entry),,"object_init: { Penalty = StatId.Speed, PenaltyTop = V(0f, 0f, -0.04f, -0.05f, -0.06f), MinRarity = 2, MainScale = 1.7142857f, NoSubs = true },"
Game/Match/GearCatalog.cs,297,118,1.7142857f,vehicles.gearCatalog.monolithPlateMainScale,x,tan_suat,02,pass2:static array table (FloatArray / IntArray entry),,"object_init: { Penalty = StatId.Speed, PenaltyTop = V(0f, 0f, -0.04f, -0.05f, -0.06f), MinRarity = 2, MainScale = 1.7142857f, NoSubs = true },"
Game/Match/GearCatalog.cs,300,84,0.04f,vehicles.gearCatalog.energyDissipationLinerTop1,x,sat_thuong,02,pass2:static array table (FloatArray / IntArray entry),,"arg:GearCatalog.V: new(""energy_dissipation_liner"", GearSlot.Armor, StatId.ResistEnergy, V(0.04f, 0.06f, 0.09f, 0.12f, 0.15f)),"
Game/Match/GearCatalog.cs,300,91,0.06f,vehicles.gearCatalog.energyDissipationLinerTop2,x,sat_thuong,02,pass2:static array table (FloatArray / IntArray entry),,"arg:GearCatalog.V: new(""energy_dissipation_liner"", GearSlot.Armor, StatId.ResistEnergy, V(0.04f, 0.06f, 0.09f, 0.12f, 0.15f)),"
Game/Match/GearCatalog.cs,300,98,0.09f,vehicles.gearCatalog.energyDissipationLinerTop3,x,sat_thuong,02,pass2:static array table (FloatArray / IntArray entry),,"arg:GearCatalog.V: new(""energy_dissipation_liner"", GearSlot.Armor, StatId.ResistEnergy, V(0.04f, 0.06f, 0.09f, 0.12f, 0.15f)),"
Game/Match/GearCatalog.cs,300,105,0.12f,vehicles.gearCatalog.energyDissipationLinerTop4,x,sat_thuong,02,pass2:static array table (FloatArray / IntArray entry),,"arg:GearCatalog.V: new(""energy_dissipation_liner"", GearSlot.Armor, StatId.ResistEnergy, V(0.04f, 0.06f, 0.09f, 0.12f, 0.15f)),"
Game/Match/GearCatalog.cs,300,112,0.15f,vehicles.gearCatalog.energyDissipationLinerTop5,x,sat_thuong,02,pass2:static array table (FloatArray / IntArray entry),,"arg:GearCatalog.V: new(""energy_dissipation_liner"", GearSlot.Armor, StatId.ResistEnergy, V(0.04f, 0.06f, 0.09f, 0.12f, 0.15f)),"
Game/Match/GearCatalog.cs,302,80,0.06f,vehicles.gearCatalog.radarAbsorbentCoatingTop1,x,sat_thuong,02,pass2:static array table (FloatArray / IntArray entry),,"arg:GearCatalog.V: new(""radar_absorbent_coating"", GearSlot.Armor, StatId.LockRange, V(0.06f, 0.09f, 0.13f, 0.16f, 0.2f)),"
Game/Match/GearCatalog.cs,302,87,0.09f,vehicles.gearCatalog.radarAbsorbentCoatingTop2,x,sat_thuong,02,pass2:static array table (FloatArray / IntArray entry),,"arg:GearCatalog.V: new(""radar_absorbent_coating"", GearSlot.Armor, StatId.LockRange, V(0.06f, 0.09f, 0.13f, 0.16f, 0.2f)),"
Game/Match/GearCatalog.cs,302,94,0.13f,vehicles.gearCatalog.radarAbsorbentCoatingTop3,x,sat_thuong,02,pass2:static array table (FloatArray / IntArray entry),,"arg:GearCatalog.V: new(""radar_absorbent_coating"", GearSlot.Armor, StatId.LockRange, V(0.06f, 0.09f, 0.13f, 0.16f, 0.2f)),"
Game/Match/GearCatalog.cs,302,101,0.16f,vehicles.gearCatalog.radarAbsorbentCoatingTop4,x,sat_thuong,02,pass2:static array table (FloatArray / IntArray entry),,"arg:GearCatalog.V: new(""radar_absorbent_coating"", GearSlot.Armor, StatId.LockRange, V(0.06f, 0.09f, 0.13f, 0.16f, 0.2f)),"
Game/Match/GearCatalog.cs,302,108,0.2f,vehicles.gearCatalog.radarAbsorbentCoatingTop5,x,sat_thuong,02,pass2:static array table (FloatArray / IntArray entry),,"arg:GearCatalog.V: new(""radar_absorbent_coating"", GearSlot.Armor, StatId.LockRange, V(0.06f, 0.09f, 0.13f, 0.16f, 0.2f)),"
Game/Match/GearCatalog.cs,305,74,0.05f,vehicles.gearCatalog.frontalWedgeTop1,x,sat_thuong,02,pass2:static array table (FloatArray / IntArray entry),,"arg:GearCatalog.V: new(""frontal_wedge"", GearSlot.Armor, StatId.ResistFrontal, V(0.05f, 0.08f, 0.11f, 0.15f, 0.18f)) { Plating = true },"
Game/Match/GearCatalog.cs,305,81,0.08f,vehicles.gearCatalog.frontalWedgeTop2,x,sat_thuong,02,pass2:static array table (FloatArray / IntArray entry),,"arg:GearCatalog.V: new(""frontal_wedge"", GearSlot.Armor, StatId.ResistFrontal, V(0.05f, 0.08f, 0.11f, 0.15f, 0.18f)) { Plating = true },"
Game/Match/GearCatalog.cs,305,88,0.11f,vehicles.gearCatalog.frontalWedgeTop3,x,sat_thuong,02,pass2:static array table (FloatArray / IntArray entry),,"arg:GearCatalog.V: new(""frontal_wedge"", GearSlot.Armor, StatId.ResistFrontal, V(0.05f, 0.08f, 0.11f, 0.15f, 0.18f)) { Plating = true },"
Game/Match/GearCatalog.cs,305,95,0.15f,vehicles.gearCatalog.frontalWedgeTop4,x,sat_thuong,02,pass2:static array table (FloatArray / IntArray entry),,"arg:GearCatalog.V: new(""frontal_wedge"", GearSlot.Armor, StatId.ResistFrontal, V(0.05f, 0.08f, 0.11f, 0.15f, 0.18f)) { Plating = true },"
Game/Match/GearCatalog.cs,305,102,0.18f,vehicles.gearCatalog.frontalWedgeTop5,x,sat_thuong,02,pass2:static array table (FloatArray / IntArray entry),,"arg:GearCatalog.V: new(""frontal_wedge"", GearSlot.Armor, StatId.ResistFrontal, V(0.05f, 0.08f, 0.11f, 0.15f, 0.18f)) { Plating = true },"
Game/Match/GearCatalog.cs,306,69,0.06f,vehicles.gearCatalog.slatCageTop1,x,sat_thuong,02,pass2:static array table (FloatArray / IntArray entry),,"arg:GearCatalog.V: new(""slat_cage"", GearSlot.Armor, StatId.ResistRocket, V(0.06f, 0.09f, 0.13f, 0.17f, 0.22f)) { Plating = true },"
Game/Match/GearCatalog.cs,306,76,0.09f,vehicles.gearCatalog.slatCageTop2,x,sat_thuong,02,pass2:static array table (FloatArray / IntArray entry),,"arg:GearCatalog.V: new(""slat_cage"", GearSlot.Armor, StatId.ResistRocket, V(0.06f, 0.09f, 0.13f, 0.17f, 0.22f)) { Plating = true },"
Game/Match/GearCatalog.cs,306,83,0.13f,vehicles.gearCatalog.slatCageTop3,x,sat_thuong,02,pass2:static array table (FloatArray / IntArray entry),,"arg:GearCatalog.V: new(""slat_cage"", GearSlot.Armor, StatId.ResistRocket, V(0.06f, 0.09f, 0.13f, 0.17f, 0.22f)) { Plating = true },"
Game/Match/GearCatalog.cs,306,90,0.17f,vehicles.gearCatalog.slatCageTop4,x,sat_thuong,02,pass2:static array table (FloatArray / IntArray entry),,"arg:GearCatalog.V: new(""slat_cage"", GearSlot.Armor, StatId.ResistRocket, V(0.06f, 0.09f, 0.13f, 0.17f, 0.22f)) { Plating = true },"
Game/Match/GearCatalog.cs,306,97,0.22f,vehicles.gearCatalog.slatCageTop5,x,sat_thuong,02,pass2:static array table (FloatArray / IntArray entry),,"arg:GearCatalog.V: new(""slat_cage"", GearSlot.Armor, StatId.ResistRocket, V(0.06f, 0.09f, 0.13f, 0.17f, 0.22f)) { Plating = true },"
Game/Match/GearCatalog.cs,307,77,0.06f,vehicles.gearCatalog.overheadScreenTop1,x,sat_thuong,02,pass2:static array table (FloatArray / IntArray entry),,"arg:GearCatalog.V: new(""overhead_screen"", GearSlot.Armor, StatId.ResistIndirect, V(0.06f, 0.09f, 0.13f, 0.17f, 0.22f)) { Plating = true },"
Game/Match/GearCatalog.cs,307,84,0.09f,vehicles.gearCatalog.overheadScreenTop2,x,sat_thuong,02,pass2:static array table (FloatArray / IntArray entry),,"arg:GearCatalog.V: new(""overhead_screen"", GearSlot.Armor, StatId.ResistIndirect, V(0.06f, 0.09f, 0.13f, 0.17f, 0.22f)) { Plating = true },"
Game/Match/GearCatalog.cs,307,91,0.13f,vehicles.gearCatalog.overheadScreenTop3,x,sat_thuong,02,pass2:static array table (FloatArray / IntArray entry),,"arg:GearCatalog.V: new(""overhead_screen"", GearSlot.Armor, StatId.ResistIndirect, V(0.06f, 0.09f, 0.13f, 0.17f, 0.22f)) { Plating = true },"
Game/Match/GearCatalog.cs,307,98,0.17f,vehicles.gearCatalog.overheadScreenTop4,x,sat_thuong,02,pass2:static array table (FloatArray / IntArray entry),,"arg:GearCatalog.V: new(""overhead_screen"", GearSlot.Armor, StatId.ResistIndirect, V(0.06f, 0.09f, 0.13f, 0.17f, 0.22f)) { Plating = true },"
Game/Match/GearCatalog.cs,307,105,0.22f,vehicles.gearCatalog.overheadScreenTop5,x,sat_thuong,02,pass2:static array table (FloatArray / IntArray entry),,"arg:GearCatalog.V: new(""overhead_screen"", GearSlot.Armor, StatId.ResistIndirect, V(0.06f, 0.09f, 0.13f, 0.17f, 0.22f)) { Plating = true },"
Game/Match/GearCatalog.cs,309,75,0.05f,vehicles.gearCatalog.underbellyArmorTop1,x,sat_thuong,02,pass2:static array table (FloatArray / IntArray entry),,"arg:GearCatalog.V: new(""underbelly_armor"", GearSlot.Armor, StatId.ResistBlast, V(0.05f, 0.08f, 0.11f, 0.15f, 0.18f)) { Plating = true },"
Game/Match/GearCatalog.cs,309,82,0.08f,vehicles.gearCatalog.underbellyArmorTop2,x,sat_thuong,02,pass2:static array table (FloatArray / IntArray entry),,"arg:GearCatalog.V: new(""underbelly_armor"", GearSlot.Armor, StatId.ResistBlast, V(0.05f, 0.08f, 0.11f, 0.15f, 0.18f)) { Plating = true },"
Game/Match/GearCatalog.cs,309,89,0.11f,vehicles.gearCatalog.underbellyArmorTop3,x,sat_thuong,02,pass2:static array table (FloatArray / IntArray entry),,"arg:GearCatalog.V: new(""underbelly_armor"", GearSlot.Armor, StatId.ResistBlast, V(0.05f, 0.08f, 0.11f, 0.15f, 0.18f)) { Plating = true },"
Game/Match/GearCatalog.cs,309,96,0.15f,vehicles.gearCatalog.underbellyArmorTop4,x,sat_thuong,02,pass2:static array table (FloatArray / IntArray entry),,"arg:GearCatalog.V: new(""underbelly_armor"", GearSlot.Armor, StatId.ResistBlast, V(0.05f, 0.08f, 0.11f, 0.15f, 0.18f)) { Plating = true },"
Game/Match/GearCatalog.cs,309,103,0.18f,vehicles.gearCatalog.underbellyArmorTop5,x,sat_thuong,02,pass2:static array table (FloatArray / IntArray entry),,"arg:GearCatalog.V: new(""underbelly_armor"", GearSlot.Armor, StatId.ResistBlast, V(0.05f, 0.08f, 0.11f, 0.15f, 0.18f)) { Plating = true },"
Game/Match/GearCatalog.cs,313,67,0.05f,vehicles.gearCatalog.drivetrainTop1,x,tan_suat,02,pass2:static array table (FloatArray / IntArray entry),,"arg:GearCatalog.V: new(""drivetrain"", GearSlot.Engine, StatId.TurnRate, V(0.05f, 0.08f, 0.12f, 0.16f, 0.2f))"
Game/Match/GearCatalog.cs,313,74,0.08f,vehicles.gearCatalog.drivetrainTop2,x,tan_suat,02,pass2:static array table (FloatArray / IntArray entry),,"arg:GearCatalog.V: new(""drivetrain"", GearSlot.Engine, StatId.TurnRate, V(0.05f, 0.08f, 0.12f, 0.16f, 0.2f))"
Game/Match/GearCatalog.cs,313,81,0.12f,vehicles.gearCatalog.drivetrainTop3,x,tan_suat,02,pass2:static array table (FloatArray / IntArray entry),,"arg:GearCatalog.V: new(""drivetrain"", GearSlot.Engine, StatId.TurnRate, V(0.05f, 0.08f, 0.12f, 0.16f, 0.2f))"
Game/Match/GearCatalog.cs,313,88,0.16f,vehicles.gearCatalog.drivetrainTop4,x,tan_suat,02,pass2:static array table (FloatArray / IntArray entry),,"arg:GearCatalog.V: new(""drivetrain"", GearSlot.Engine, StatId.TurnRate, V(0.05f, 0.08f, 0.12f, 0.16f, 0.2f))"
Game/Match/GearCatalog.cs,313,95,0.2f,vehicles.gearCatalog.drivetrainTop5,x,tan_suat,02,pass2:static array table (FloatArray / IntArray entry),,"arg:GearCatalog.V: new(""drivetrain"", GearSlot.Engine, StatId.TurnRate, V(0.05f, 0.08f, 0.12f, 0.16f, 0.2f))"
Game/Match/GearCatalog.cs,314,59,0.08f,vehicles.gearCatalog.drivetrainTop2N1,x,tan_suat,02,pass2:static array table (FloatArray / IntArray entry),,"arg:GearCatalog.V: { Implicit2 = StatId.TurretRate, Top2 = V(0.08f, 0.12f, 0.16f, 0.2f, 0.25f) },"
Game/Match/GearCatalog.cs,314,66,0.12f,vehicles.gearCatalog.drivetrainTop2N2,x,tan_suat,02,pass2:static array table (FloatArray / IntArray entry),,"arg:GearCatalog.V: { Implicit2 = StatId.TurretRate, Top2 = V(0.08f, 0.12f, 0.16f, 0.2f, 0.25f) },"
Game/Match/GearCatalog.cs,314,73,0.16f,vehicles.gearCatalog.drivetrainTop2N3,x,tan_suat,02,pass2:static array table (FloatArray / IntArray entry),,"arg:GearCatalog.V: { Implicit2 = StatId.TurretRate, Top2 = V(0.08f, 0.12f, 0.16f, 0.2f, 0.25f) },"
Game/Match/GearCatalog.cs,314,80,0.2f,vehicles.gearCatalog.drivetrainTop2N4,x,tan_suat,02,pass2:static array table (FloatArray / IntArray entry),,"arg:GearCatalog.V: { Implicit2 = StatId.TurretRate, Top2 = V(0.08f, 0.12f, 0.16f, 0.2f, 0.25f) },"
Game/Match/GearCatalog.cs,314,86,0.25f,vehicles.gearCatalog.drivetrainTop2N5,x,tan_suat,02,pass2:static array table (FloatArray / IntArray entry),,"arg:GearCatalog.V: { Implicit2 = StatId.TurretRate, Top2 = V(0.08f, 0.12f, 0.16f, 0.2f, 0.25f) },"
Game/Match/GearCatalog.cs,315,76,0.05f,vehicles.gearCatalog.transitGearboxTop1,x,tan_suat,02,pass2:static array table (FloatArray / IntArray entry),,"arg:GearCatalog.V: new(""transit_gearbox"", GearSlot.Engine, StatId.TransitSpeed, V(0.05f, 0.08f, 0.12f, 0.16f, 0.2f)),"
Game/Match/GearCatalog.cs,315,83,0.08f,vehicles.gearCatalog.transitGearboxTop2,x,tan_suat,02,pass2:static array table (FloatArray / IntArray entry),,"arg:GearCatalog.V: new(""transit_gearbox"", GearSlot.Engine, StatId.TransitSpeed, V(0.05f, 0.08f, 0.12f, 0.16f, 0.2f)),"
Game/Match/GearCatalog.cs,315,90,0.12f,vehicles.gearCatalog.transitGearboxTop3,x,tan_suat,02,pass2:static array table (FloatArray / IntArray entry),,"arg:GearCatalog.V: new(""transit_gearbox"", GearSlot.Engine, StatId.TransitSpeed, V(0.05f, 0.08f, 0.12f, 0.16f, 0.2f)),"
Game/Match/GearCatalog.cs,315,97,0.16f,vehicles.gearCatalog.transitGearboxTop4,x,tan_suat,02,pass2:static array table (FloatArray / IntArray entry),,"arg:GearCatalog.V: new(""transit_gearbox"", GearSlot.Engine, StatId.TransitSpeed, V(0.05f, 0.08f, 0.12f, 0.16f, 0.2f)),"
Game/Match/GearCatalog.cs,315,104,0.2f,vehicles.gearCatalog.transitGearboxTop5,x,tan_suat,02,pass2:static array table (FloatArray / IntArray entry),,"arg:GearCatalog.V: new(""transit_gearbox"", GearSlot.Engine, StatId.TransitSpeed, V(0.05f, 0.08f, 0.12f, 0.16f, 0.2f)),"
Game/Match/GearCatalog.cs,319,78,0.055f,vehicles.gearCatalog.overtunedEngineTop3,x,tan_suat,02,pass2:static array table (FloatArray / IntArray entry),,"arg:GearCatalog.V: new(""overtuned_engine"", GearSlot.Engine, StatId.Speed, V(0f, 0f, 0.055f, 0.0675f, 0.08f))"
Game/Match/GearCatalog.cs,319,86,0.0675f,vehicles.gearCatalog.overtunedEngineTop4,x,tan_suat,02,pass2:static array table (FloatArray / IntArray entry),,"arg:GearCatalog.V: new(""overtuned_engine"", GearSlot.Engine, StatId.Speed, V(0f, 0f, 0.055f, 0.0675f, 0.08f))"
Game/Match/GearCatalog.cs,319,95,0.08f,vehicles.gearCatalog.overtunedEngineTop5,x,tan_suat,02,pass2:static array table (FloatArray / IntArray entry),,"arg:GearCatalog.V: new(""overtuned_engine"", GearSlot.Engine, StatId.Speed, V(0f, 0f, 0.055f, 0.0675f, 0.08f))"
Game/Match/GearCatalog.cs,320,68,-0.03f,vehicles.gearCatalog.overtunedEnginePenaltyTop3,x,sat_thuong,02,pass2:static array table (FloatArray / IntArray entry),,"arg:GearCatalog.V: { Penalty = StatId.Health, PenaltyTop = V(0f, 0f, -0.03f, -0.04f, -0.05f), MinRarity = 2, MainScale = 0.5f },"
Game/Match/GearCatalog.cs,320,76,-0.04f,vehicles.gearCatalog.overtunedEnginePenaltyTop4,x,sat_thuong,02,pass2:static array table (FloatArray / IntArray entry),,"arg:GearCatalog.V: { Penalty = StatId.Health, PenaltyTop = V(0f, 0f, -0.03f, -0.04f, -0.05f), MinRarity = 2, MainScale = 0.5f },"
Game/Match/GearCatalog.cs,320,84,-0.05f,vehicles.gearCatalog.overtunedEnginePenaltyTop5,x,sat_thuong,02,pass2:static array table (FloatArray / IntArray entry),,"arg:GearCatalog.V: { Penalty = StatId.Health, PenaltyTop = V(0f, 0f, -0.03f, -0.04f, -0.05f), MinRarity = 2, MainScale = 0.5f },"
Game/Match/GearCatalog.cs,320,104,2,vehicles.gearCatalog.overtunedEngineMinRarity,x,sat_thuong,02,pass2:static array table (FloatArray / IntArray entry),,"object_init: { Penalty = StatId.Health, PenaltyTop = V(0f, 0f, -0.03f, -0.04f, -0.05f), MinRarity = 2, MainScale = 0.5f },"
Game/Match/GearCatalog.cs,320,119,0.5f,vehicles.gearCatalog.overtunedEngineMainScale,x,sat_thuong,02,pass2:static array table (FloatArray / IntArray entry),,"object_init: { Penalty = StatId.Health, PenaltyTop = V(0f, 0f, -0.03f, -0.04f, -0.05f), MinRarity = 2, MainScale = 0.5f },"
Game/Match/GearCatalog.cs,322,76,0.15f,vehicles.gearCatalog.reverseGearboxTop1,x,tan_suat,02,pass2:static array table (FloatArray / IntArray entry),,"arg:GearCatalog.V: new(""reverse_gearbox"", GearSlot.Engine, StatId.ReverseSpeed, V(0.15f, 0.2f, 0.28f, 0.34f, 0.4f)),"
Game/Match/GearCatalog.cs,322,83,0.2f,vehicles.gearCatalog.reverseGearboxTop2,x,tan_suat,02,pass2:static array table (FloatArray / IntArray entry),,"arg:GearCatalog.V: new(""reverse_gearbox"", GearSlot.Engine, StatId.ReverseSpeed, V(0.15f, 0.2f, 0.28f, 0.34f, 0.4f)),"
Game/Match/GearCatalog.cs,322,89,0.28f,vehicles.gearCatalog.reverseGearboxTop3,x,tan_suat,02,pass2:static array table (FloatArray / IntArray entry),,"arg:GearCatalog.V: new(""reverse_gearbox"", GearSlot.Engine, StatId.ReverseSpeed, V(0.15f, 0.2f, 0.28f, 0.34f, 0.4f)),"
Game/Match/GearCatalog.cs,322,96,0.34f,vehicles.gearCatalog.reverseGearboxTop4,x,tan_suat,02,pass2:static array table (FloatArray / IntArray entry),,"arg:GearCatalog.V: new(""reverse_gearbox"", GearSlot.Engine, StatId.ReverseSpeed, V(0.15f, 0.2f, 0.28f, 0.34f, 0.4f)),"
Game/Match/GearCatalog.cs,322,103,0.4f,vehicles.gearCatalog.reverseGearboxTop5,x,tan_suat,02,pass2:static array table (FloatArray / IntArray entry),,"arg:GearCatalog.V: new(""reverse_gearbox"", GearSlot.Engine, StatId.ReverseSpeed, V(0.15f, 0.2f, 0.28f, 0.34f, 0.4f)),"
Game/Match/GearCatalog.cs,325,70,1.5f,vehicles.gearCatalog.toolboxTop2,s,thoi_gian,02,pass2:static array table (FloatArray / IntArray entry),,"arg:GearCatalog.V: new(""toolbox"", GearSlot.Repair, StatId.RegenDelay, V(1f, 1.5f, 2f, 2.5f, 3f)),"
Game/Match/GearCatalog.cs,325,76,2f,vehicles.gearCatalog.toolboxTop3,s,thoi_gian,02,pass2:static array table (FloatArray / IntArray entry),,"arg:GearCatalog.V: new(""toolbox"", GearSlot.Repair, StatId.RegenDelay, V(1f, 1.5f, 2f, 2.5f, 3f)),"
Game/Match/GearCatalog.cs,325,80,2.5f,vehicles.gearCatalog.toolboxTop4,s,thoi_gian,02,pass2:static array table (FloatArray / IntArray entry),,"arg:GearCatalog.V: new(""toolbox"", GearSlot.Repair, StatId.RegenDelay, V(1f, 1.5f, 2f, 2.5f, 3f)),"
Game/Match/GearCatalog.cs,325,86,3f,vehicles.gearCatalog.toolboxTop5,s,thoi_gian,02,pass2:static array table (FloatArray / IntArray entry),,"arg:GearCatalog.V: new(""toolbox"", GearSlot.Repair, StatId.RegenDelay, V(1f, 1.5f, 2f, 2.5f, 3f)),"
Game/Match/GearCatalog.cs,326,69,0.04f,vehicles.gearCatalog.crewDrillsTop1,s,thoi_gian,02,pass2:static array table (FloatArray / IntArray entry),,"arg:GearCatalog.V: new(""crew_drills"", GearSlot.Repair, StatId.Cooldowns, V(0.04f, 0.06f, 0.09f, 0.12f, 0.15f)),"
Game/Match/GearCatalog.cs,326,76,0.06f,vehicles.gearCatalog.crewDrillsTop2,s,thoi_gian,02,pass2:static array table (FloatArray / IntArray entry),,"arg:GearCatalog.V: new(""crew_drills"", GearSlot.Repair, StatId.Cooldowns, V(0.04f, 0.06f, 0.09f, 0.12f, 0.15f)),"
Game/Match/GearCatalog.cs,326,83,0.09f,vehicles.gearCatalog.crewDrillsTop3,s,thoi_gian,02,pass2:static array table (FloatArray / IntArray entry),,"arg:GearCatalog.V: new(""crew_drills"", GearSlot.Repair, StatId.Cooldowns, V(0.04f, 0.06f, 0.09f, 0.12f, 0.15f)),"
Game/Match/GearCatalog.cs,326,90,0.12f,vehicles.gearCatalog.crewDrillsTop4,s,thoi_gian,02,pass2:static array table (FloatArray / IntArray entry),,"arg:GearCatalog.V: new(""crew_drills"", GearSlot.Repair, StatId.Cooldowns, V(0.04f, 0.06f, 0.09f, 0.12f, 0.15f)),"
Game/Match/GearCatalog.cs,326,97,0.15f,vehicles.gearCatalog.crewDrillsTop5,s,thoi_gian,02,pass2:static array table (FloatArray / IntArray entry),,"arg:GearCatalog.V: new(""crew_drills"", GearSlot.Repair, StatId.Cooldowns, V(0.04f, 0.06f, 0.09f, 0.12f, 0.15f)),"
Game/Match/GearCatalog.cs,327,80,0.1f,vehicles.gearCatalog.fireExtinguisherTop1,s,thoi_gian,02,pass2:static array table (FloatArray / IntArray entry),,"arg:GearCatalog.V: new(""fire_extinguisher"", GearSlot.Repair, StatId.StatusDuration, V(0.1f, 0.18f, 0.26f, 0.34f, 0.42f)),"
Game/Match/GearCatalog.cs,327,86,0.18f,vehicles.gearCatalog.fireExtinguisherTop2,s,thoi_gian,02,pass2:static array table (FloatArray / IntArray entry),,"arg:GearCatalog.V: new(""fire_extinguisher"", GearSlot.Repair, StatId.StatusDuration, V(0.1f, 0.18f, 0.26f, 0.34f, 0.42f)),"
Game/Match/GearCatalog.cs,327,93,0.26f,vehicles.gearCatalog.fireExtinguisherTop3,s,thoi_gian,02,pass2:static array table (FloatArray / IntArray entry),,"arg:GearCatalog.V: new(""fire_extinguisher"", GearSlot.Repair, StatId.StatusDuration, V(0.1f, 0.18f, 0.26f, 0.34f, 0.42f)),"
Game/Match/GearCatalog.cs,327,100,0.34f,vehicles.gearCatalog.fireExtinguisherTop4,s,thoi_gian,02,pass2:static array table (FloatArray / IntArray entry),,"arg:GearCatalog.V: new(""fire_extinguisher"", GearSlot.Repair, StatId.StatusDuration, V(0.1f, 0.18f, 0.26f, 0.34f, 0.42f)),"
Game/Match/GearCatalog.cs,327,107,0.42f,vehicles.gearCatalog.fireExtinguisherTop5,s,thoi_gian,02,pass2:static array table (FloatArray / IntArray entry),,"arg:GearCatalog.V: new(""fire_extinguisher"", GearSlot.Repair, StatId.StatusDuration, V(0.1f, 0.18f, 0.26f, 0.34f, 0.42f)),"
Game/Match/GearCatalog.cs,332,76,0.08f,vehicles.gearCatalog.laserRangefinderTop1,m,ban_kinh,02,pass2:static array table (FloatArray / IntArray entry),,"arg:GearCatalog.V: new(""laser_rangefinder"", GearSlot.Optics, StatId.SpreadLong, V(0.08f, 0.12f, 0.16f, 0.2f, 0.25f)),"
Game/Match/GearCatalog.cs,332,83,0.12f,vehicles.gearCatalog.laserRangefinderTop2,m,ban_kinh,02,pass2:static array table (FloatArray / IntArray entry),,"arg:GearCatalog.V: new(""laser_rangefinder"", GearSlot.Optics, StatId.SpreadLong, V(0.08f, 0.12f, 0.16f, 0.2f, 0.25f)),"
Game/Match/GearCatalog.cs,332,90,0.16f,vehicles.gearCatalog.laserRangefinderTop3,m,ban_kinh,02,pass2:static array table (FloatArray / IntArray entry),,"arg:GearCatalog.V: new(""laser_rangefinder"", GearSlot.Optics, StatId.SpreadLong, V(0.08f, 0.12f, 0.16f, 0.2f, 0.25f)),"
Game/Match/GearCatalog.cs,332,97,0.2f,vehicles.gearCatalog.laserRangefinderTop4,m,ban_kinh,02,pass2:static array table (FloatArray / IntArray entry),,"arg:GearCatalog.V: new(""laser_rangefinder"", GearSlot.Optics, StatId.SpreadLong, V(0.08f, 0.12f, 0.16f, 0.2f, 0.25f)),"
Game/Match/GearCatalog.cs,332,103,0.25f,vehicles.gearCatalog.laserRangefinderTop5,m,ban_kinh,02,pass2:static array table (FloatArray / IntArray entry),,"arg:GearCatalog.V: new(""laser_rangefinder"", GearSlot.Optics, StatId.SpreadLong, V(0.08f, 0.12f, 0.16f, 0.2f, 0.25f)),"
Game/Match/GearCatalog.cs,334,80,0.05f,vehicles.gearCatalog.commandersPeriscopeTop1,m,ban_kinh,02,pass2:static array table (FloatArray / IntArray entry),,"arg:GearCatalog.V: new(""commanders_periscope"", GearSlot.Optics, StatId.StillVision, V(0.05f, 0.08f, 0.12f, 0.16f, 0.2f)),"
Game/Match/GearCatalog.cs,334,87,0.08f,vehicles.gearCatalog.commandersPeriscopeTop2,m,ban_kinh,02,pass2:static array table (FloatArray / IntArray entry),,"arg:GearCatalog.V: new(""commanders_periscope"", GearSlot.Optics, StatId.StillVision, V(0.05f, 0.08f, 0.12f, 0.16f, 0.2f)),"
Game/Match/GearCatalog.cs,334,94,0.12f,vehicles.gearCatalog.commandersPeriscopeTop3,m,ban_kinh,02,pass2:static array table (FloatArray / IntArray entry),,"arg:GearCatalog.V: new(""commanders_periscope"", GearSlot.Optics, StatId.StillVision, V(0.05f, 0.08f, 0.12f, 0.16f, 0.2f)),"
Game/Match/GearCatalog.cs,334,101,0.16f,vehicles.gearCatalog.commandersPeriscopeTop4,m,ban_kinh,02,pass2:static array table (FloatArray / IntArray entry),,"arg:GearCatalog.V: new(""commanders_periscope"", GearSlot.Optics, StatId.StillVision, V(0.05f, 0.08f, 0.12f, 0.16f, 0.2f)),"
Game/Match/GearCatalog.cs,334,108,0.2f,vehicles.gearCatalog.commandersPeriscopeTop5,m,ban_kinh,02,pass2:static array table (FloatArray / IntArray entry),,"arg:GearCatalog.V: new(""commanders_periscope"", GearSlot.Optics, StatId.StillVision, V(0.05f, 0.08f, 0.12f, 0.16f, 0.2f)),"
Game/Match/GearCatalog.cs,337,72,0.1f,vehicles.gearCatalog.signalRelayTop1,x,tan_suat,02,pass2:static array table (FloatArray / IntArray entry),,"arg:GearCatalog.V: new(""signal_relay"", GearSlot.Optics, StatId.CaptureRate, V(0.1f, 0.15f, 0.2f, 0.25f, 0.3f))"
Game/Match/GearCatalog.cs,337,78,0.15f,vehicles.gearCatalog.signalRelayTop2,x,tan_suat,02,pass2:static array table (FloatArray / IntArray entry),,"arg:GearCatalog.V: new(""signal_relay"", GearSlot.Optics, StatId.CaptureRate, V(0.1f, 0.15f, 0.2f, 0.25f, 0.3f))"
Game/Match/GearCatalog.cs,337,85,0.2f,vehicles.gearCatalog.signalRelayTop3,x,tan_suat,02,pass2:static array table (FloatArray / IntArray entry),,"arg:GearCatalog.V: new(""signal_relay"", GearSlot.Optics, StatId.CaptureRate, V(0.1f, 0.15f, 0.2f, 0.25f, 0.3f))"
Game/Match/GearCatalog.cs,337,91,0.25f,vehicles.gearCatalog.signalRelayTop4,x,tan_suat,02,pass2:static array table (FloatArray / IntArray entry),,"arg:GearCatalog.V: new(""signal_relay"", GearSlot.Optics, StatId.CaptureRate, V(0.1f, 0.15f, 0.2f, 0.25f, 0.3f))"
Game/Match/GearCatalog.cs,337,98,0.3f,vehicles.gearCatalog.signalRelayTop5,x,tan_suat,02,pass2:static array table (FloatArray / IntArray entry),,"arg:GearCatalog.V: new(""signal_relay"", GearSlot.Optics, StatId.CaptureRate, V(0.1f, 0.15f, 0.2f, 0.25f, 0.3f))"
Game/Match/GearCatalog.cs,338,55,0.03f,vehicles.gearCatalog.signalRelayTop2N1,m,ban_kinh,02,pass2:static array table (FloatArray / IntArray entry),,"arg:GearCatalog.V: { Implicit2 = StatId.Vision, Top2 = V(0.03f, 0.04f, 0.06f, 0.08f, 0.1f) },"
Game/Match/GearCatalog.cs,338,62,0.04f,vehicles.gearCatalog.signalRelayTop2N2,m,ban_kinh,02,pass2:static array table (FloatArray / IntArray entry),,"arg:GearCatalog.V: { Implicit2 = StatId.Vision, Top2 = V(0.03f, 0.04f, 0.06f, 0.08f, 0.1f) },"
Game/Match/GearCatalog.cs,338,69,0.06f,vehicles.gearCatalog.signalRelayTop2N3,m,ban_kinh,02,pass2:static array table (FloatArray / IntArray entry),,"arg:GearCatalog.V: { Implicit2 = StatId.Vision, Top2 = V(0.03f, 0.04f, 0.06f, 0.08f, 0.1f) },"
Game/Match/GearCatalog.cs,338,76,0.08f,vehicles.gearCatalog.signalRelayTop2N4,m,ban_kinh,02,pass2:static array table (FloatArray / IntArray entry),,"arg:GearCatalog.V: { Implicit2 = StatId.Vision, Top2 = V(0.03f, 0.04f, 0.06f, 0.08f, 0.1f) },"
Game/Match/GearCatalog.cs,338,83,0.1f,vehicles.gearCatalog.signalRelayTop2N5,m,ban_kinh,02,pass2:static array table (FloatArray / IntArray entry),,"arg:GearCatalog.V: { Implicit2 = StatId.Vision, Top2 = V(0.03f, 0.04f, 0.06f, 0.08f, 0.1f) },"
Game/Match/GearCatalog.cs,341,74,6f,vehicles.gearCatalog.laserWarningTop1,s,thoi_gian,02,pass2:static array table (FloatArray / IntArray entry),,"arg:GearCatalog.V: new(""laser_warning"", GearSlot.Optics, StatId.LaserWarning, V(6f, 6.5f, 7f, 7.5f, 8f)) { Flat = true, Hidden = true },"
Game/Match/GearCatalog.cs,341,78,6.5f,vehicles.gearCatalog.laserWarningTop2,s,thoi_gian,02,pass2:static array table (FloatArray / IntArray entry),,"arg:GearCatalog.V: new(""laser_warning"", GearSlot.Optics, StatId.LaserWarning, V(6f, 6.5f, 7f, 7.5f, 8f)) { Flat = true, Hidden = true },"
Game/Match/GearCatalog.cs,341,84,7f,vehicles.gearCatalog.laserWarningTop3,s,thoi_gian,02,pass2:static array table (FloatArray / IntArray entry),,"arg:GearCatalog.V: new(""laser_warning"", GearSlot.Optics, StatId.LaserWarning, V(6f, 6.5f, 7f, 7.5f, 8f)) { Flat = true, Hidden = true },"
Game/Match/GearCatalog.cs,341,88,7.5f,vehicles.gearCatalog.laserWarningTop4,s,thoi_gian,02,pass2:static array table (FloatArray / IntArray entry),,"arg:GearCatalog.V: new(""laser_warning"", GearSlot.Optics, StatId.LaserWarning, V(6f, 6.5f, 7f, 7.5f, 8f)) { Flat = true, Hidden = true },"
Game/Match/GearCatalog.cs,341,94,8f,vehicles.gearCatalog.laserWarningTop5,s,thoi_gian,02,pass2:static array table (FloatArray / IntArray entry),,"arg:GearCatalog.V: new(""laser_warning"", GearSlot.Optics, StatId.LaserWarning, V(6f, 6.5f, 7f, 7.5f, 8f)) { Flat = true, Hidden = true },"
Game/Match/GearCatalog.cs,351,54,0.4f,vehicles.gearCatalog.reactiveArmorEpic,x,sat_thuong,02,pass2:static array table (FloatArray / IntArray entry),,"ctor_arg:ModuleDef: new(SpecialModule.ReactiveArmor, Ground, 0.4f, 0.55f),"
Game/Match/GearCatalog.cs,351,60,0.55f,vehicles.gearCatalog.reactiveArmorLegendary,x,sat_thuong,02,pass2:static array table (FloatArray / IntArray entry),,"ctor_arg:ModuleDef: new(SpecialModule.ReactiveArmor, Ground, 0.4f, 0.55f),"
Game/Match/GearCatalog.cs,362,54,2f,vehicles.gearCatalog.mineDispenserEpic,x,nguong,02,pass2:static array table (FloatArray / IntArray entry),,"ctor_arg:ModuleDef: new(SpecialModule.MineDispenser, Ground, 2f, 3f, 20f, 15f),"
Game/Match/GearCatalog.cs,362,58,3f,vehicles.gearCatalog.mineDispenserLegendary,x,nguong,02,pass2:static array table (FloatArray / IntArray entry),,"ctor_arg:ModuleDef: new(SpecialModule.MineDispenser, Ground, 2f, 3f, 20f, 15f),"
Game/Match/GearCatalog.cs,362,62,20f,vehicles.gearCatalog.mineDispenserEpic2,x,nguong,02,pass2:static array table (FloatArray / IntArray entry),,"ctor_arg:ModuleDef: new(SpecialModule.MineDispenser, Ground, 2f, 3f, 20f, 15f),"
Game/Match/GearCatalog.cs,362,67,15f,vehicles.gearCatalog.mineDispenserLegendary2,x,nguong,02,pass2:static array table (FloatArray / IntArray entry),,"ctor_arg:ModuleDef: new(SpecialModule.MineDispenser, Ground, 2f, 3f, 20f, 15f),"
Game/Match/GearCatalog.cs,386,63,0.25f,vehicles.gearCatalog.killReloadEpic1,x,sat_thuong,02,pass2:static array table (FloatArray / IntArray entry),,"arg:GearCatalog.V: new(TraitId.KillReload, GearSlot.Loader, Armed, V(0.25f), V(0.4f)),"
Game/Match/GearCatalog.cs,386,73,0.4f,vehicles.gearCatalog.killReloadLegendary1,x,sat_thuong,02,pass2:static array table (FloatArray / IntArray entry),,"arg:GearCatalog.V: new(TraitId.KillReload, GearSlot.Loader, Armed, V(0.25f), V(0.4f)),"
Game/Match/GearCatalog.cs,390,94,0.6f,vehicles.gearCatalog.skywardPintleEpic1,s,thoi_gian,02,pass2:static array table (FloatArray / IntArray entry),,"arg:GearCatalog.V: new(TraitId.SkywardPintle, GearSlot.Loader, VehicleNeed.SecondaryGun | Ground, V(0.6f), V(0.8f)),"
Game/Match/GearCatalog.cs,390,103,0.8f,vehicles.gearCatalog.skywardPintleLegendary1,s,thoi_gian,02,pass2:static array table (FloatArray / IntArray entry),,"arg:GearCatalog.V: new(TraitId.SkywardPintle, GearSlot.Loader, VehicleNeed.SecondaryGun | Ground, V(0.6f), V(0.8f)),"
Game/Match/GearCatalog.cs,393,62,0.1f,vehicles.gearCatalog.aegisBarrierEpic1,x,sat_thuong,02,pass2:static array table (FloatArray / IntArray entry),,"arg:GearCatalog.V: new(TraitId.AegisBarrier, GearSlot.Armor, Any, V(0.1f, 20f), V(0.15f, 16f)),"
Game/Match/GearCatalog.cs,393,68,20f,vehicles.gearCatalog.aegisBarrierEpic2,x,sat_thuong,02,pass2:static array table (FloatArray / IntArray entry),,"arg:GearCatalog.V: new(TraitId.AegisBarrier, GearSlot.Armor, Any, V(0.1f, 20f), V(0.15f, 16f)),"
Game/Match/GearCatalog.cs,393,76,0.15f,vehicles.gearCatalog.aegisBarrierLegendary1,x,sat_thuong,02,pass2:static array table (FloatArray / IntArray entry),,"arg:GearCatalog.V: new(TraitId.AegisBarrier, GearSlot.Armor, Any, V(0.1f, 20f), V(0.15f, 16f)),"
Game/Match/GearCatalog.cs,393,83,16f,vehicles.gearCatalog.aegisBarrierLegendary2,x,sat_thuong,02,pass2:static array table (FloatArray / IntArray entry),,"arg:GearCatalog.V: new(TraitId.AegisBarrier, GearSlot.Armor, Any, V(0.1f, 20f), V(0.15f, 16f)),"
Game/Match/GearCatalog.cs,394,61,1.5f,vehicles.gearCatalog.unbreakableEpic1,x,sat_thuong,02,pass2:static array table (FloatArray / IntArray entry),,"arg:GearCatalog.V: new(TraitId.Unbreakable, GearSlot.Armor, Any, V(1.5f), V(2.5f)),"
Game/Match/GearCatalog.cs,394,70,2.5f,vehicles.gearCatalog.unbreakableLegendary1,x,sat_thuong,02,pass2:static array table (FloatArray / IntArray entry),,"arg:GearCatalog.V: new(TraitId.Unbreakable, GearSlot.Armor, Any, V(1.5f), V(2.5f)),"
Game/Match/GearCatalog.cs,395,85,0.15f,vehicles.gearCatalog.guardianLinkEpic1,x,sat_thuong,02,pass2:static array table (FloatArray / IntArray entry),,"arg:GearCatalog.V: new(TraitId.GuardianLink, GearSlot.Armor, VehicleNeed.Heavy | Ground, V(0.15f), V(0.25f)),"
Game/Match/GearCatalog.cs,395,95,0.25f,vehicles.gearCatalog.guardianLinkLegendary1,x,sat_thuong,02,pass2:static array table (FloatArray / IntArray entry),,"arg:GearCatalog.V: new(TraitId.GuardianLink, GearSlot.Armor, VehicleNeed.Heavy | Ground, V(0.15f), V(0.25f)),"
Game/Match/GearCatalog.cs,396,59,0.03f,vehicles.gearCatalog.darkCrownEpic1,x,sat_thuong,02,pass2:static array table (FloatArray / IntArray entry),,"arg:GearCatalog.V: new(TraitId.DarkCrown, GearSlot.Armor, Any, V(0.03f, 0.02f), V(0.04f, 0.03f)),"
Game/Match/GearCatalog.cs,396,66,0.02f,vehicles.gearCatalog.darkCrownEpic2,x,sat_thuong,02,pass2:static array table (FloatArray / IntArray entry),,"arg:GearCatalog.V: new(TraitId.DarkCrown, GearSlot.Armor, Any, V(0.03f, 0.02f), V(0.04f, 0.03f)),"
Game/Match/GearCatalog.cs,396,76,0.04f,vehicles.gearCatalog.darkCrownLegendary1,x,sat_thuong,02,pass2:static array table (FloatArray / IntArray entry),,"arg:GearCatalog.V: new(TraitId.DarkCrown, GearSlot.Armor, Any, V(0.03f, 0.02f), V(0.04f, 0.03f)),"
Game/Match/GearCatalog.cs,396,83,0.03f,vehicles.gearCatalog.darkCrownLegendary2,x,sat_thuong,02,pass2:static array table (FloatArray / IntArray entry),,"arg:GearCatalog.V: new(TraitId.DarkCrown, GearSlot.Armor, Any, V(0.03f, 0.02f), V(0.04f, 0.03f)),"
Game/Match/GearCatalog.cs,397,65,0.05f,vehicles.gearCatalog.adaptivePlatingEpic1,x,sat_thuong,02,pass2:static array table (FloatArray / IntArray entry),,"arg:GearCatalog.V: new(TraitId.AdaptivePlating, GearSlot.Armor, Any, V(0.05f), V(0.06f)),"
Game/Match/GearCatalog.cs,397,75,0.06f,vehicles.gearCatalog.adaptivePlatingLegendary1,x,sat_thuong,02,pass2:static array table (FloatArray / IntArray entry),,"arg:GearCatalog.V: new(TraitId.AdaptivePlating, GearSlot.Armor, Any, V(0.05f), V(0.06f)),"
Game/Match/GearCatalog.cs,398,67,3f,vehicles.gearCatalog.reactiveBlocksEpic1,x,sat_thuong,02,pass2:static array table (FloatArray / IntArray entry),,"arg:GearCatalog.V: new(TraitId.ReactiveBlocks, GearSlot.Armor, Ground, V(3f, 20f), V(4f, 15f)),"
Game/Match/GearCatalog.cs,398,71,20f,vehicles.gearCatalog.reactiveBlocksEpic2,x,sat_thuong,02,pass2:static array table (FloatArray / IntArray entry),,"arg:GearCatalog.V: new(TraitId.ReactiveBlocks, GearSlot.Armor, Ground, V(3f, 20f), V(4f, 15f)),"
Game/Match/GearCatalog.cs,398,79,4f,vehicles.gearCatalog.reactiveBlocksLegendary1,x,sat_thuong,02,pass2:static array table (FloatArray / IntArray entry),,"arg:GearCatalog.V: new(TraitId.ReactiveBlocks, GearSlot.Armor, Ground, V(3f, 20f), V(4f, 15f)),"
Game/Match/GearCatalog.cs,398,83,15f,vehicles.gearCatalog.reactiveBlocksLegendary2,x,sat_thuong,02,pass2:static array table (FloatArray / IntArray entry),,"arg:GearCatalog.V: new(TraitId.ReactiveBlocks, GearSlot.Armor, Ground, V(3f, 20f), V(4f, 15f)),"
Game/Match/GearCatalog.cs,399,63,0.2f,vehicles.gearCatalog.ablativeLayerEpic1,x,sat_thuong,02,pass2:static array table (FloatArray / IntArray entry),,"arg:GearCatalog.V: new(TraitId.AblativeLayer, GearSlot.Armor, Any, V(0.2f), V(0.3f)),"
Game/Match/GearCatalog.cs,399,72,0.3f,vehicles.gearCatalog.ablativeLayerLegendary1,x,sat_thuong,02,pass2:static array table (FloatArray / IntArray entry),,"arg:GearCatalog.V: new(TraitId.AblativeLayer, GearSlot.Armor, Any, V(0.2f), V(0.3f)),"
Game/Match/GearCatalog.cs,400,65,6f,vehicles.gearCatalog.angledGlacisEpic1,x,sat_thuong,02,pass2:static array table (FloatArray / IntArray entry),,"arg:GearCatalog.V: new(TraitId.AngledGlacis, GearSlot.Armor, Ground, V(6f), V(5f)),"
Game/Match/GearCatalog.cs,400,72,5f,vehicles.gearCatalog.angledGlacisLegendary1,x,sat_thuong,02,pass2:static array table (FloatArray / IntArray entry),,"arg:GearCatalog.V: new(TraitId.AngledGlacis, GearSlot.Armor, Ground, V(6f), V(5f)),"
Game/Match/GearCatalog.cs,401,64,0.15f,vehicles.gearCatalog.siegeAnchorEpic1,x,sat_thuong,02,pass2:static array table (FloatArray / IntArray entry),,"arg:GearCatalog.V: new(TraitId.SiegeAnchor, GearSlot.Armor, Ground, V(0.15f, 0.08f), V(0.2f, 0.12f)),"
Game/Match/GearCatalog.cs,401,71,0.08f,vehicles.gearCatalog.siegeAnchorEpic2,x,sat_thuong,02,pass2:static array table (FloatArray / IntArray entry),,"arg:GearCatalog.V: new(TraitId.SiegeAnchor, GearSlot.Armor, Ground, V(0.15f, 0.08f), V(0.2f, 0.12f)),"
Game/Match/GearCatalog.cs,401,81,0.2f,vehicles.gearCatalog.siegeAnchorLegendary1,x,sat_thuong,02,pass2:static array table (FloatArray / IntArray entry),,"arg:GearCatalog.V: new(TraitId.SiegeAnchor, GearSlot.Armor, Ground, V(0.15f, 0.08f), V(0.2f, 0.12f)),"
Game/Match/GearCatalog.cs,401,87,0.12f,vehicles.gearCatalog.siegeAnchorLegendary2,x,sat_thuong,02,pass2:static array table (FloatArray / IntArray entry),,"arg:GearCatalog.V: new(TraitId.SiegeAnchor, GearSlot.Armor, Ground, V(0.15f, 0.08f), V(0.2f, 0.12f)),"
Game/Match/GearCatalog.cs,415,64,15f,vehicles.gearCatalog.damageControlEpic1,x,sat_thuong,02,pass2:static array table (FloatArray / IntArray entry),,"arg:GearCatalog.V: new(TraitId.DamageControl, GearSlot.Repair, Any, V(15f), V(10f)),"
Game/Match/GearCatalog.cs,415,72,10f,vehicles.gearCatalog.damageControlLegendary1,x,sat_thuong,02,pass2:static array table (FloatArray / IntArray entry),,"arg:GearCatalog.V: new(TraitId.DamageControl, GearSlot.Repair, Any, V(15f), V(10f)),"
Game/Match/GearCatalog.cs,420,70,0.15f,vehicles.gearCatalog.counterBatteryRadarEpic1,count,gioi_han_thuc_the,02,pass2:static array table (FloatArray / IntArray entry),,"arg:GearCatalog.V: new(TraitId.CounterBatteryRadar, GearSlot.Optics, Any, V(0.15f, 80f, 5f), V(0.25f, 100f, 8f)),"
Game/Match/GearCatalog.cs,420,77,80f,vehicles.gearCatalog.counterBatteryRadarEpic2,count,gioi_han_thuc_the,02,pass2:static array table (FloatArray / IntArray entry),,"arg:GearCatalog.V: new(TraitId.CounterBatteryRadar, GearSlot.Optics, Any, V(0.15f, 80f, 5f), V(0.25f, 100f, 8f)),"
Game/Match/GearCatalog.cs,420,82,5f,vehicles.gearCatalog.counterBatteryRadarEpic3,count,gioi_han_thuc_the,02,pass2:static array table (FloatArray / IntArray entry),,"arg:GearCatalog.V: new(TraitId.CounterBatteryRadar, GearSlot.Optics, Any, V(0.15f, 80f, 5f), V(0.25f, 100f, 8f)),"
Game/Match/GearCatalog.cs,420,89,0.25f,vehicles.gearCatalog.counterBatteryRadarLegendary1,count,gioi_han_thuc_the,02,pass2:static array table (FloatArray / IntArray entry),,"arg:GearCatalog.V: new(TraitId.CounterBatteryRadar, GearSlot.Optics, Any, V(0.15f, 80f, 5f), V(0.25f, 100f, 8f)),"
Game/Match/GearCatalog.cs,420,96,100f,vehicles.gearCatalog.counterBatteryRadarLegendary2,count,gioi_han_thuc_the,02,pass2:static array table (FloatArray / IntArray entry),,"arg:GearCatalog.V: new(TraitId.CounterBatteryRadar, GearSlot.Optics, Any, V(0.15f, 80f, 5f), V(0.25f, 100f, 8f)),"
Game/Match/GearCatalog.cs,420,102,8f,vehicles.gearCatalog.counterBatteryRadarLegendary3,count,gioi_han_thuc_the,02,pass2:static array table (FloatArray / IntArray entry),,"arg:GearCatalog.V: new(TraitId.CounterBatteryRadar, GearSlot.Optics, Any, V(0.15f, 80f, 5f), V(0.25f, 100f, 8f)),"
Game/Match/GearCatalog.cs,428,41,0.03f,vehicles.gearCatalog.damageVsLightValues1,x,sat_thuong,02,pass2:static array table (FloatArray / IntArray entry),,"arg:GearCatalog.V: new(StatId.DamageVsLight, V(0.03f, 0.04f, 0.05f, 0.06f), new[] { GearSlot.Weapon, GearSlot.Loader, GearSlot.Optics }),"
Game/Match/GearCatalog.cs,428,48,0.04f,vehicles.gearCatalog.damageVsLightValues2,x,sat_thuong,02,pass2:static array table (FloatArray / IntArray entry),,"arg:GearCatalog.V: new(StatId.DamageVsLight, V(0.03f, 0.04f, 0.05f, 0.06f), new[] { GearSlot.Weapon, GearSlot.Loader, GearSlot.Optics }),"
Game/Match/GearCatalog.cs,428,55,0.05f,vehicles.gearCatalog.damageVsLightValues3,x,sat_thuong,02,pass2:static array table (FloatArray / IntArray entry),,"arg:GearCatalog.V: new(StatId.DamageVsLight, V(0.03f, 0.04f, 0.05f, 0.06f), new[] { GearSlot.Weapon, GearSlot.Loader, GearSlot.Optics }),"
Game/Match/GearCatalog.cs,428,62,0.06f,vehicles.gearCatalog.damageVsLightValues4,x,sat_thuong,02,pass2:static array table (FloatArray / IntArray entry),,"arg:GearCatalog.V: new(StatId.DamageVsLight, V(0.03f, 0.04f, 0.05f, 0.06f), new[] { GearSlot.Weapon, GearSlot.Loader, GearSlot.Optics }),"
Game/Match/GearCatalog.cs,429,41,0.03f,vehicles.gearCatalog.damageVsHeavyValues1,x,sat_thuong,02,pass2:static array table (FloatArray / IntArray entry),,"arg:GearCatalog.V: new(StatId.DamageVsHeavy, V(0.03f, 0.04f, 0.05f, 0.06f), new[] { GearSlot.Weapon, GearSlot.Loader, GearSlot.Optics }),"
Game/Match/GearCatalog.cs,429,48,0.04f,vehicles.gearCatalog.damageVsHeavyValues2,x,sat_thuong,02,pass2:static array table (FloatArray / IntArray entry),,"arg:GearCatalog.V: new(StatId.DamageVsHeavy, V(0.03f, 0.04f, 0.05f, 0.06f), new[] { GearSlot.Weapon, GearSlot.Loader, GearSlot.Optics }),"
Game/Match/GearCatalog.cs,429,55,0.05f,vehicles.gearCatalog.damageVsHeavyValues3,x,sat_thuong,02,pass2:static array table (FloatArray / IntArray entry),,"arg:GearCatalog.V: new(StatId.DamageVsHeavy, V(0.03f, 0.04f, 0.05f, 0.06f), new[] { GearSlot.Weapon, GearSlot.Loader, GearSlot.Optics }),"
Game/Match/GearCatalog.cs,429,62,0.06f,vehicles.gearCatalog.damageVsHeavyValues4,x,sat_thuong,02,pass2:static array table (FloatArray / IntArray entry),,"arg:GearCatalog.V: new(StatId.DamageVsHeavy, V(0.03f, 0.04f, 0.05f, 0.06f), new[] { GearSlot.Weapon, GearSlot.Loader, GearSlot.Optics }),"
Game/Match/GearCatalog.cs,430,39,0.04f,vehicles.gearCatalog.damageVsAirValues1,x,sat_thuong,02,pass2:static array table (FloatArray / IntArray entry),,"arg:GearCatalog.V: new(StatId.DamageVsAir, V(0.04f, 0.05f, 0.06f, 0.08f), new[] { GearSlot.Weapon, GearSlot.Loader, GearSlot.Optics }),"
Game/Match/GearCatalog.cs,430,46,0.05f,vehicles.gearCatalog.damageVsAirValues2,x,sat_thuong,02,pass2:static array table (FloatArray / IntArray entry),,"arg:GearCatalog.V: new(StatId.DamageVsAir, V(0.04f, 0.05f, 0.06f, 0.08f), new[] { GearSlot.Weapon, GearSlot.Loader, GearSlot.Optics }),"
Game/Match/GearCatalog.cs,430,53,0.06f,vehicles.gearCatalog.damageVsAirValues3,x,sat_thuong,02,pass2:static array table (FloatArray / IntArray entry),,"arg:GearCatalog.V: new(StatId.DamageVsAir, V(0.04f, 0.05f, 0.06f, 0.08f), new[] { GearSlot.Weapon, GearSlot.Loader, GearSlot.Optics }),"
Game/Match/GearCatalog.cs,430,60,0.08f,vehicles.gearCatalog.damageVsAirValues4,x,sat_thuong,02,pass2:static array table (FloatArray / IntArray entry),,"arg:GearCatalog.V: new(StatId.DamageVsAir, V(0.04f, 0.05f, 0.06f, 0.08f), new[] { GearSlot.Weapon, GearSlot.Loader, GearSlot.Optics }),"
Game/Match/GearCatalog.cs,431,45,0.04f,vehicles.gearCatalog.damageVsStructureValues1,x,sat_thuong,02,pass2:static array table (FloatArray / IntArray entry),,"arg:GearCatalog.V: new(StatId.DamageVsStructure, V(0.04f, 0.06f, 0.08f, 0.1f), new[] { GearSlot.Weapon, GearSlot.Loader }),"
Game/Match/GearCatalog.cs,431,52,0.06f,vehicles.gearCatalog.damageVsStructureValues2,x,sat_thuong,02,pass2:static array table (FloatArray / IntArray entry),,"arg:GearCatalog.V: new(StatId.DamageVsStructure, V(0.04f, 0.06f, 0.08f, 0.1f), new[] { GearSlot.Weapon, GearSlot.Loader }),"
Game/Match/GearCatalog.cs,431,59,0.08f,vehicles.gearCatalog.damageVsStructureValues3,x,sat_thuong,02,pass2:static array table (FloatArray / IntArray entry),,"arg:GearCatalog.V: new(StatId.DamageVsStructure, V(0.04f, 0.06f, 0.08f, 0.1f), new[] { GearSlot.Weapon, GearSlot.Loader }),"
Game/Match/GearCatalog.cs,431,66,0.1f,vehicles.gearCatalog.damageVsStructureValues4,x,sat_thuong,02,pass2:static array table (FloatArray / IntArray entry),,"arg:GearCatalog.V: new(StatId.DamageVsStructure, V(0.04f, 0.06f, 0.08f, 0.1f), new[] { GearSlot.Weapon, GearSlot.Loader }),"
Game/Match/GearCatalog.cs,432,36,0.015f,vehicles.gearCatalog.fireRateValues1,x,tan_suat,02,pass2:static array table (FloatArray / IntArray entry),,"arg:GearCatalog.V: new(StatId.FireRate, V(0.015f, 0.02f, 0.03f, 0.04f), new[] { GearSlot.Weapon }),"
Game/Match/GearCatalog.cs,432,44,0.02f,vehicles.gearCatalog.fireRateValues2,x,tan_suat,02,pass2:static array table (FloatArray / IntArray entry),,"arg:GearCatalog.V: new(StatId.FireRate, V(0.015f, 0.02f, 0.03f, 0.04f), new[] { GearSlot.Weapon }),"
Game/Match/GearCatalog.cs,432,51,0.03f,vehicles.gearCatalog.fireRateValues3,x,tan_suat,02,pass2:static array table (FloatArray / IntArray entry),,"arg:GearCatalog.V: new(StatId.FireRate, V(0.015f, 0.02f, 0.03f, 0.04f), new[] { GearSlot.Weapon }),"
Game/Match/GearCatalog.cs,432,58,0.04f,vehicles.gearCatalog.fireRateValues4,x,tan_suat,02,pass2:static array table (FloatArray / IntArray entry),,"arg:GearCatalog.V: new(StatId.FireRate, V(0.015f, 0.02f, 0.03f, 0.04f), new[] { GearSlot.Weapon }),"
Game/Match/GearCatalog.cs,433,34,0.015f,vehicles.gearCatalog.damageValues1,x,sat_thuong,02,pass2:static array table (FloatArray / IntArray entry),,"arg:GearCatalog.V: new(StatId.Damage, V(0.015f, 0.02f, 0.03f, 0.04f), new[] { GearSlot.Loader, GearSlot.Optics }),"
Game/Match/GearCatalog.cs,433,42,0.02f,vehicles.gearCatalog.damageValues2,x,sat_thuong,02,pass2:static array table (FloatArray / IntArray entry),,"arg:GearCatalog.V: new(StatId.Damage, V(0.015f, 0.02f, 0.03f, 0.04f), new[] { GearSlot.Loader, GearSlot.Optics }),"
Game/Match/GearCatalog.cs,433,49,0.03f,vehicles.gearCatalog.damageValues3,x,sat_thuong,02,pass2:static array table (FloatArray / IntArray entry),,"arg:GearCatalog.V: new(StatId.Damage, V(0.015f, 0.02f, 0.03f, 0.04f), new[] { GearSlot.Loader, GearSlot.Optics }),"
Game/Match/GearCatalog.cs,433,56,0.04f,vehicles.gearCatalog.damageValues4,x,sat_thuong,02,pass2:static array table (FloatArray / IntArray entry),,"arg:GearCatalog.V: new(StatId.Damage, V(0.015f, 0.02f, 0.03f, 0.04f), new[] { GearSlot.Loader, GearSlot.Optics }),"
Game/Match/GearCatalog.cs,434,33,0.02f,vehicles.gearCatalog.rangeValues1,m,ban_kinh,02,pass2:static array table (FloatArray / IntArray entry),,"arg:GearCatalog.V: new(StatId.Range, V(0.02f, 0.025f, 0.03f, 0.04f), new[] { GearSlot.Weapon, GearSlot.Optics }),"
Game/Match/GearCatalog.cs,434,40,0.025f,vehicles.gearCatalog.rangeValues2,m,ban_kinh,02,pass2:static array table (FloatArray / IntArray entry),,"arg:GearCatalog.V: new(StatId.Range, V(0.02f, 0.025f, 0.03f, 0.04f), new[] { GearSlot.Weapon, GearSlot.Optics }),"
Game/Match/GearCatalog.cs,434,48,0.03f,vehicles.gearCatalog.rangeValues3,m,ban_kinh,02,pass2:static array table (FloatArray / IntArray entry),,"arg:GearCatalog.V: new(StatId.Range, V(0.02f, 0.025f, 0.03f, 0.04f), new[] { GearSlot.Weapon, GearSlot.Optics }),"
Game/Match/GearCatalog.cs,434,55,0.04f,vehicles.gearCatalog.rangeValues4,m,ban_kinh,02,pass2:static array table (FloatArray / IntArray entry),,"arg:GearCatalog.V: new(StatId.Range, V(0.02f, 0.025f, 0.03f, 0.04f), new[] { GearSlot.Weapon, GearSlot.Optics }),"
Game/Match/GearCatalog.cs,435,34,0.03f,vehicles.gearCatalog.visionValues1,m,ban_kinh,02,pass2:static array table (FloatArray / IntArray entry),,"arg:GearCatalog.V: new(StatId.Vision, V(0.03f, 0.04f, 0.05f, 0.06f), new[] { GearSlot.Optics, GearSlot.Engine }),"
Game/Match/GearCatalog.cs,435,41,0.04f,vehicles.gearCatalog.visionValues2,m,ban_kinh,02,pass2:static array table (FloatArray / IntArray entry),,"arg:GearCatalog.V: new(StatId.Vision, V(0.03f, 0.04f, 0.05f, 0.06f), new[] { GearSlot.Optics, GearSlot.Engine }),"
Game/Match/GearCatalog.cs,435,48,0.05f,vehicles.gearCatalog.visionValues3,m,ban_kinh,02,pass2:static array table (FloatArray / IntArray entry),,"arg:GearCatalog.V: new(StatId.Vision, V(0.03f, 0.04f, 0.05f, 0.06f), new[] { GearSlot.Optics, GearSlot.Engine }),"
Game/Match/GearCatalog.cs,435,55,0.06f,vehicles.gearCatalog.visionValues4,m,ban_kinh,02,pass2:static array table (FloatArray / IntArray entry),,"arg:GearCatalog.V: new(StatId.Vision, V(0.03f, 0.04f, 0.05f, 0.06f), new[] { GearSlot.Optics, GearSlot.Engine }),"
Game/Match/GearCatalog.cs,437,43,0.04f,vehicles.gearCatalog.projectileSpeedValues1,x,tan_suat,02,pass2:static array table (FloatArray / IntArray entry),,"arg:GearCatalog.V: new(StatId.ProjectileSpeed, V(0.04f, 0.06f, 0.08f, 0.1f), new[] { GearSlot.Weapon, GearSlot.Loader }),"
Game/Match/GearCatalog.cs,437,50,0.06f,vehicles.gearCatalog.projectileSpeedValues2,x,tan_suat,02,pass2:static array table (FloatArray / IntArray entry),,"arg:GearCatalog.V: new(StatId.ProjectileSpeed, V(0.04f, 0.06f, 0.08f, 0.1f), new[] { GearSlot.Weapon, GearSlot.Loader }),"
Game/Match/GearCatalog.cs,437,57,0.08f,vehicles.gearCatalog.projectileSpeedValues3,x,tan_suat,02,pass2:static array table (FloatArray / IntArray entry),,"arg:GearCatalog.V: new(StatId.ProjectileSpeed, V(0.04f, 0.06f, 0.08f, 0.1f), new[] { GearSlot.Weapon, GearSlot.Loader }),"
Game/Match/GearCatalog.cs,437,64,0.1f,vehicles.gearCatalog.projectileSpeedValues4,x,tan_suat,02,pass2:static array table (FloatArray / IntArray entry),,"arg:GearCatalog.V: new(StatId.ProjectileSpeed, V(0.04f, 0.06f, 0.08f, 0.1f), new[] { GearSlot.Weapon, GearSlot.Loader }),"
Game/Match/GearCatalog.cs,439,42,0.04f,vehicles.gearCatalog.magazineReloadValues1,s,thoi_gian,02,pass2:static array table (FloatArray / IntArray entry),,"arg:GearCatalog.V: new(StatId.MagazineReload, V(0.04f, 0.06f, 0.08f, 0.1f), new[] { GearSlot.Loader, GearSlot.Repair }),"
Game/Match/GearCatalog.cs,439,49,0.06f,vehicles.gearCatalog.magazineReloadValues2,s,thoi_gian,02,pass2:static array table (FloatArray / IntArray entry),,"arg:GearCatalog.V: new(StatId.MagazineReload, V(0.04f, 0.06f, 0.08f, 0.1f), new[] { GearSlot.Loader, GearSlot.Repair }),"
Game/Match/GearCatalog.cs,439,56,0.08f,vehicles.gearCatalog.magazineReloadValues3,s,thoi_gian,02,pass2:static array table (FloatArray / IntArray entry),,"arg:GearCatalog.V: new(StatId.MagazineReload, V(0.04f, 0.06f, 0.08f, 0.1f), new[] { GearSlot.Loader, GearSlot.Repair }),"
Game/Match/GearCatalog.cs,439,63,0.1f,vehicles.gearCatalog.magazineReloadValues4,s,thoi_gian,02,pass2:static array table (FloatArray / IntArray entry),,"arg:GearCatalog.V: new(StatId.MagazineReload, V(0.04f, 0.06f, 0.08f, 0.1f), new[] { GearSlot.Loader, GearSlot.Repair }),"
Game/Match/GearCatalog.cs,440,34,0.02f,vehicles.gearCatalog.healthValues1,x,sat_thuong,02,pass2:static array table (FloatArray / IntArray entry),,"arg:GearCatalog.V: new(StatId.Health, V(0.02f, 0.03f, 0.04f, 0.05f), new[] { GearSlot.Armor, GearSlot.Repair, GearSlot.Engine }),"
Game/Match/GearCatalog.cs,440,41,0.03f,vehicles.gearCatalog.healthValues2,x,sat_thuong,02,pass2:static array table (FloatArray / IntArray entry),,"arg:GearCatalog.V: new(StatId.Health, V(0.02f, 0.03f, 0.04f, 0.05f), new[] { GearSlot.Armor, GearSlot.Repair, GearSlot.Engine }),"
Game/Match/GearCatalog.cs,440,48,0.04f,vehicles.gearCatalog.healthValues3,x,sat_thuong,02,pass2:static array table (FloatArray / IntArray entry),,"arg:GearCatalog.V: new(StatId.Health, V(0.02f, 0.03f, 0.04f, 0.05f), new[] { GearSlot.Armor, GearSlot.Repair, GearSlot.Engine }),"
Game/Match/GearCatalog.cs,440,55,0.05f,vehicles.gearCatalog.healthValues4,x,sat_thuong,02,pass2:static array table (FloatArray / IntArray entry),,"arg:GearCatalog.V: new(StatId.Health, V(0.02f, 0.03f, 0.04f, 0.05f), new[] { GearSlot.Armor, GearSlot.Repair, GearSlot.Engine }),"
Game/Match/GearCatalog.cs,441,41,0.03f,vehicles.gearCatalog.resistKineticValues1,x,sat_thuong,02,pass2:static array table (FloatArray / IntArray entry),,"arg:GearCatalog.V: new(StatId.ResistKinetic, V(0.03f, 0.04f, 0.06f, 0.08f), new[] { GearSlot.Armor }, 0.2f),"
Game/Match/GearCatalog.cs,441,48,0.04f,vehicles.gearCatalog.resistKineticValues2,x,sat_thuong,02,pass2:static array table (FloatArray / IntArray entry),,"arg:GearCatalog.V: new(StatId.ResistKinetic, V(0.03f, 0.04f, 0.06f, 0.08f), new[] { GearSlot.Armor }, 0.2f),"
Game/Match/GearCatalog.cs,441,55,0.06f,vehicles.gearCatalog.resistKineticValues3,x,sat_thuong,02,pass2:static array table (FloatArray / IntArray entry),,"arg:GearCatalog.V: new(StatId.ResistKinetic, V(0.03f, 0.04f, 0.06f, 0.08f), new[] { GearSlot.Armor }, 0.2f),"
Game/Match/GearCatalog.cs,441,62,0.08f,vehicles.gearCatalog.resistKineticValues4,x,sat_thuong,02,pass2:static array table (FloatArray / IntArray entry),,"arg:GearCatalog.V: new(StatId.ResistKinetic, V(0.03f, 0.04f, 0.06f, 0.08f), new[] { GearSlot.Armor }, 0.2f),"
Game/Match/GearCatalog.cs,441,96,0.2f,vehicles.gearCatalog.resistKineticWeight,x,sat_thuong,02,pass2:static array table (FloatArray / IntArray entry),,"ctor_arg:SubDef: new(StatId.ResistKinetic, V(0.03f, 0.04f, 0.06f, 0.08f), new[] { GearSlot.Armor }, 0.2f),"
Game/Match/GearCatalog.cs,442,46,0.03f,vehicles.gearCatalog.resistShapedChargeValues1,x,sat_thuong,02,pass2:static array table (FloatArray / IntArray entry),,"arg:GearCatalog.V: new(StatId.ResistShapedCharge, V(0.03f, 0.04f, 0.06f, 0.08f), new[] { GearSlot.Armor }, 0.2f),"
Game/Match/GearCatalog.cs,442,53,0.04f,vehicles.gearCatalog.resistShapedChargeValues2,x,sat_thuong,02,pass2:static array table (FloatArray / IntArray entry),,"arg:GearCatalog.V: new(StatId.ResistShapedCharge, V(0.03f, 0.04f, 0.06f, 0.08f), new[] { GearSlot.Armor }, 0.2f),"
Game/Match/GearCatalog.cs,442,60,0.06f,vehicles.gearCatalog.resistShapedChargeValues3,x,sat_thuong,02,pass2:static array table (FloatArray / IntArray entry),,"arg:GearCatalog.V: new(StatId.ResistShapedCharge, V(0.03f, 0.04f, 0.06f, 0.08f), new[] { GearSlot.Armor }, 0.2f),"
Game/Match/GearCatalog.cs,442,67,0.08f,vehicles.gearCatalog.resistShapedChargeValues4,x,sat_thuong,02,pass2:static array table (FloatArray / IntArray entry),,"arg:GearCatalog.V: new(StatId.ResistShapedCharge, V(0.03f, 0.04f, 0.06f, 0.08f), new[] { GearSlot.Armor }, 0.2f),"
Game/Match/GearCatalog.cs,442,101,0.2f,vehicles.gearCatalog.resistShapedChargeWeight,x,sat_thuong,02,pass2:static array table (FloatArray / IntArray entry),,"ctor_arg:SubDef: new(StatId.ResistShapedCharge, V(0.03f, 0.04f, 0.06f, 0.08f), new[] { GearSlot.Armor }, 0.2f),"
Game/Match/GearCatalog.cs,443,47,0.03f,vehicles.gearCatalog.resistHighExplosiveValues1,x,sat_thuong,02,pass2:static array table (FloatArray / IntArray entry),,"arg:GearCatalog.V: new(StatId.ResistHighExplosive, V(0.03f, 0.04f, 0.06f, 0.08f), new[] { GearSlot.Armor }, 0.2f),"
Game/Match/GearCatalog.cs,443,54,0.04f,vehicles.gearCatalog.resistHighExplosiveValues2,x,sat_thuong,02,pass2:static array table (FloatArray / IntArray entry),,"arg:GearCatalog.V: new(StatId.ResistHighExplosive, V(0.03f, 0.04f, 0.06f, 0.08f), new[] { GearSlot.Armor }, 0.2f),"
Game/Match/GearCatalog.cs,443,61,0.06f,vehicles.gearCatalog.resistHighExplosiveValues3,x,sat_thuong,02,pass2:static array table (FloatArray / IntArray entry),,"arg:GearCatalog.V: new(StatId.ResistHighExplosive, V(0.03f, 0.04f, 0.06f, 0.08f), new[] { GearSlot.Armor }, 0.2f),"
Game/Match/GearCatalog.cs,443,68,0.08f,vehicles.gearCatalog.resistHighExplosiveValues4,x,sat_thuong,02,pass2:static array table (FloatArray / IntArray entry),,"arg:GearCatalog.V: new(StatId.ResistHighExplosive, V(0.03f, 0.04f, 0.06f, 0.08f), new[] { GearSlot.Armor }, 0.2f),"
Game/Match/GearCatalog.cs,443,102,0.2f,vehicles.gearCatalog.resistHighExplosiveWeight,x,sat_thuong,02,pass2:static array table (FloatArray / IntArray entry),,"ctor_arg:SubDef: new(StatId.ResistHighExplosive, V(0.03f, 0.04f, 0.06f, 0.08f), new[] { GearSlot.Armor }, 0.2f),"
Game/Match/GearCatalog.cs,444,38,0.03f,vehicles.gearCatalog.resistFireValues1,x,sat_thuong,02,pass2:static array table (FloatArray / IntArray entry),,"arg:GearCatalog.V: new(StatId.ResistFire, V(0.03f, 0.04f, 0.06f, 0.08f), new[] { GearSlot.Armor }, 0.2f),"
Game/Match/GearCatalog.cs,444,45,0.04f,vehicles.gearCatalog.resistFireValues2,x,sat_thuong,02,pass2:static array table (FloatArray / IntArray entry),,"arg:GearCatalog.V: new(StatId.ResistFire, V(0.03f, 0.04f, 0.06f, 0.08f), new[] { GearSlot.Armor }, 0.2f),"
Game/Match/GearCatalog.cs,444,52,0.06f,vehicles.gearCatalog.resistFireValues3,x,sat_thuong,02,pass2:static array table (FloatArray / IntArray entry),,"arg:GearCatalog.V: new(StatId.ResistFire, V(0.03f, 0.04f, 0.06f, 0.08f), new[] { GearSlot.Armor }, 0.2f),"
Game/Match/GearCatalog.cs,444,59,0.08f,vehicles.gearCatalog.resistFireValues4,x,sat_thuong,02,pass2:static array table (FloatArray / IntArray entry),,"arg:GearCatalog.V: new(StatId.ResistFire, V(0.03f, 0.04f, 0.06f, 0.08f), new[] { GearSlot.Armor }, 0.2f),"
Game/Match/GearCatalog.cs,444,93,0.2f,vehicles.gearCatalog.resistFireWeight,x,sat_thuong,02,pass2:static array table (FloatArray / IntArray entry),,"ctor_arg:SubDef: new(StatId.ResistFire, V(0.03f, 0.04f, 0.06f, 0.08f), new[] { GearSlot.Armor }, 0.2f),"
Game/Match/GearCatalog.cs,445,47,0.03f,vehicles.gearCatalog.resistFragmentationValues1,x,sat_thuong,02,pass2:static array table (FloatArray / IntArray entry),,"arg:GearCatalog.V: new(StatId.ResistFragmentation, V(0.03f, 0.04f, 0.06f, 0.08f), new[] { GearSlot.Armor }, 0.2f),"
Game/Match/GearCatalog.cs,445,54,0.04f,vehicles.gearCatalog.resistFragmentationValues2,x,sat_thuong,02,pass2:static array table (FloatArray / IntArray entry),,"arg:GearCatalog.V: new(StatId.ResistFragmentation, V(0.03f, 0.04f, 0.06f, 0.08f), new[] { GearSlot.Armor }, 0.2f),"
Game/Match/GearCatalog.cs,445,61,0.06f,vehicles.gearCatalog.resistFragmentationValues3,x,sat_thuong,02,pass2:static array table (FloatArray / IntArray entry),,"arg:GearCatalog.V: new(StatId.ResistFragmentation, V(0.03f, 0.04f, 0.06f, 0.08f), new[] { GearSlot.Armor }, 0.2f),"
Game/Match/GearCatalog.cs,445,68,0.08f,vehicles.gearCatalog.resistFragmentationValues4,x,sat_thuong,02,pass2:static array table (FloatArray / IntArray entry),,"arg:GearCatalog.V: new(StatId.ResistFragmentation, V(0.03f, 0.04f, 0.06f, 0.08f), new[] { GearSlot.Armor }, 0.2f),"
Game/Match/GearCatalog.cs,445,102,0.2f,vehicles.gearCatalog.resistFragmentationWeight,x,sat_thuong,02,pass2:static array table (FloatArray / IntArray entry),,"ctor_arg:SubDef: new(StatId.ResistFragmentation, V(0.03f, 0.04f, 0.06f, 0.08f), new[] { GearSlot.Armor }, 0.2f),"
Game/Match/GearCatalog.cs,446,33,0.015f,vehicles.gearCatalog.speedValues1,x,sat_thuong,02,pass2:static array table (FloatArray / IntArray entry),,"arg:GearCatalog.V: new(StatId.Speed, V(0.015f, 0.02f, 0.03f, 0.04f), new[] { GearSlot.Engine, GearSlot.Armor }),"
Game/Match/GearCatalog.cs,446,41,0.02f,vehicles.gearCatalog.speedValues2,x,sat_thuong,02,pass2:static array table (FloatArray / IntArray entry),,"arg:GearCatalog.V: new(StatId.Speed, V(0.015f, 0.02f, 0.03f, 0.04f), new[] { GearSlot.Engine, GearSlot.Armor }),"
Game/Match/GearCatalog.cs,446,48,0.03f,vehicles.gearCatalog.speedValues3,x,sat_thuong,02,pass2:static array table (FloatArray / IntArray entry),,"arg:GearCatalog.V: new(StatId.Speed, V(0.015f, 0.02f, 0.03f, 0.04f), new[] { GearSlot.Engine, GearSlot.Armor }),"
Game/Match/GearCatalog.cs,446,55,0.04f,vehicles.gearCatalog.speedValues4,x,sat_thuong,02,pass2:static array table (FloatArray / IntArray entry),,"arg:GearCatalog.V: new(StatId.Speed, V(0.015f, 0.02f, 0.03f, 0.04f), new[] { GearSlot.Engine, GearSlot.Armor }),"
Game/Match/GearCatalog.cs,447,38,0.05f,vehicles.gearCatalog.turretRateValues1,x,tan_suat,02,pass2:static array table (FloatArray / IntArray entry),,"arg:GearCatalog.V: new(StatId.TurretRate, V(0.05f, 0.08f, 0.1f, 0.12f), new[] { GearSlot.Engine, GearSlot.Optics }),"
Game/Match/GearCatalog.cs,447,45,0.08f,vehicles.gearCatalog.turretRateValues2,x,tan_suat,02,pass2:static array table (FloatArray / IntArray entry),,"arg:GearCatalog.V: new(StatId.TurretRate, V(0.05f, 0.08f, 0.1f, 0.12f), new[] { GearSlot.Engine, GearSlot.Optics }),"
Game/Match/GearCatalog.cs,447,52,0.1f,vehicles.gearCatalog.turretRateValues3,x,tan_suat,02,pass2:static array table (FloatArray / IntArray entry),,"arg:GearCatalog.V: new(StatId.TurretRate, V(0.05f, 0.08f, 0.1f, 0.12f), new[] { GearSlot.Engine, GearSlot.Optics }),"
Game/Match/GearCatalog.cs,447,58,0.12f,vehicles.gearCatalog.turretRateValues4,x,tan_suat,02,pass2:static array table (FloatArray / IntArray entry),,"arg:GearCatalog.V: new(StatId.TurretRate, V(0.05f, 0.08f, 0.1f, 0.12f), new[] { GearSlot.Engine, GearSlot.Optics }),"
Game/Match/GearCatalog.cs,448,39,0.05f,vehicles.gearCatalog.captureRateValues1,x,tan_suat,02,pass2:static array table (FloatArray / IntArray entry),,"arg:GearCatalog.V: new(StatId.CaptureRate, V(0.05f, 0.08f, 0.1f, 0.12f), new[] { GearSlot.Engine, GearSlot.Optics }),"
Game/Match/GearCatalog.cs,448,46,0.08f,vehicles.gearCatalog.captureRateValues2,x,tan_suat,02,pass2:static array table (FloatArray / IntArray entry),,"arg:GearCatalog.V: new(StatId.CaptureRate, V(0.05f, 0.08f, 0.1f, 0.12f), new[] { GearSlot.Engine, GearSlot.Optics }),"
Game/Match/GearCatalog.cs,448,53,0.1f,vehicles.gearCatalog.captureRateValues3,x,tan_suat,02,pass2:static array table (FloatArray / IntArray entry),,"arg:GearCatalog.V: new(StatId.CaptureRate, V(0.05f, 0.08f, 0.1f, 0.12f), new[] { GearSlot.Engine, GearSlot.Optics }),"
Game/Match/GearCatalog.cs,448,59,0.12f,vehicles.gearCatalog.captureRateValues4,x,tan_suat,02,pass2:static array table (FloatArray / IntArray entry),,"arg:GearCatalog.V: new(StatId.CaptureRate, V(0.05f, 0.08f, 0.1f, 0.12f), new[] { GearSlot.Engine, GearSlot.Optics }),"
Game/Match/GearCatalog.cs,449,37,0.03f,vehicles.gearCatalog.cooldownsValues1,s,thoi_gian,02,pass2:static array table (FloatArray / IntArray entry),,"arg:GearCatalog.V: new(StatId.Cooldowns, V(0.03f, 0.05f, 0.07f, 0.09f), new[] { GearSlot.Repair, GearSlot.Optics }),"
Game/Match/GearCatalog.cs,449,44,0.05f,vehicles.gearCatalog.cooldownsValues2,s,thoi_gian,02,pass2:static array table (FloatArray / IntArray entry),,"arg:GearCatalog.V: new(StatId.Cooldowns, V(0.03f, 0.05f, 0.07f, 0.09f), new[] { GearSlot.Repair, GearSlot.Optics }),"
Game/Match/GearCatalog.cs,449,51,0.07f,vehicles.gearCatalog.cooldownsValues3,s,thoi_gian,02,pass2:static array table (FloatArray / IntArray entry),,"arg:GearCatalog.V: new(StatId.Cooldowns, V(0.03f, 0.05f, 0.07f, 0.09f), new[] { GearSlot.Repair, GearSlot.Optics }),"
Game/Match/GearCatalog.cs,449,58,0.09f,vehicles.gearCatalog.cooldownsValues4,s,thoi_gian,02,pass2:static array table (FloatArray / IntArray entry),,"arg:GearCatalog.V: new(StatId.Cooldowns, V(0.03f, 0.05f, 0.07f, 0.09f), new[] { GearSlot.Repair, GearSlot.Optics }),"
Game/Match/GearCatalog.cs,450,33,0.001f,vehicles.gearCatalog.regenValues1,x,sat_thuong,02,pass2:static array table (FloatArray / IntArray entry),,"arg:GearCatalog.V: new(StatId.Regen, V(0.001f, 0.0015f, 0.002f, 0.0025f), new[] { GearSlot.Repair, GearSlot.Armor }),"
Game/Match/GearCatalog.cs,450,41,0.0015f,vehicles.gearCatalog.regenValues2,x,sat_thuong,02,pass2:static array table (FloatArray / IntArray entry),,"arg:GearCatalog.V: new(StatId.Regen, V(0.001f, 0.0015f, 0.002f, 0.0025f), new[] { GearSlot.Repair, GearSlot.Armor }),"
Game/Match/GearCatalog.cs,450,50,0.002f,vehicles.gearCatalog.regenValues3,x,sat_thuong,02,pass2:static array table (FloatArray / IntArray entry),,"arg:GearCatalog.V: new(StatId.Regen, V(0.001f, 0.0015f, 0.002f, 0.0025f), new[] { GearSlot.Repair, GearSlot.Armor }),"
Game/Match/GearCatalog.cs,450,58,0.0025f,vehicles.gearCatalog.regenValues4,x,sat_thuong,02,pass2:static array table (FloatArray / IntArray entry),,"arg:GearCatalog.V: new(StatId.Regen, V(0.001f, 0.0015f, 0.002f, 0.0025f), new[] { GearSlot.Repair, GearSlot.Armor }),"
Game/Match/GearCatalog.cs,459,47,0.06f,vehicles.gearCatalog.ironcladValue,x,sat_thuong,02,pass2:static array table (FloatArray / IntArray entry),,"ctor_arg:BrandDef: new(1, ""ironclad"", StatId.Health, 0.06f, new GearTrait(TraitId.SetBulwark, 0.15f)),"
Game/Match/GearCatalog.cs,459,88,0.15f,vehicles.gearCatalog.ironcladFourPieceSetBulwark,x,sat_thuong,02,pass2:static array table (FloatArray / IntArray entry),,"ctor_arg:GearTrait: new(1, ""ironclad"", StatId.Health, 0.06f, new GearTrait(TraitId.SetBulwark, 0.15f)),"
Game/Match/GearCatalog.cs,460,17,2,vehicles.gearCatalog.kestrelIndex,x,tan_suat,02,pass2:static array table (FloatArray / IntArray entry),,"ctor_arg:BrandDef: new(2, ""kestrel"", StatId.Speed, 0.05f, new GearTrait(TraitId.SetHitAndRun, 0.2f, 0.5f)),"
Game/Match/GearCatalog.cs,460,45,0.05f,vehicles.gearCatalog.kestrelValue,x,tan_suat,02,pass2:static array table (FloatArray / IntArray entry),,"ctor_arg:BrandDef: new(2, ""kestrel"", StatId.Speed, 0.05f, new GearTrait(TraitId.SetHitAndRun, 0.2f, 0.5f)),"
Game/Match/GearCatalog.cs,460,88,0.2f,vehicles.gearCatalog.kestrelFourPieceASetHitAndRun,x,tan_suat,02,pass2:static array table (FloatArray / IntArray entry),,"ctor_arg:GearTrait: new(2, ""kestrel"", StatId.Speed, 0.05f, new GearTrait(TraitId.SetHitAndRun, 0.2f, 0.5f)),"
Game/Match/GearCatalog.cs,460,94,0.5f,vehicles.gearCatalog.kestrelFourPieceBSetHitAndRun,x,tan_suat,02,pass2:static array table (FloatArray / IntArray entry),,"ctor_arg:GearTrait: new(2, ""kestrel"", StatId.Speed, 0.05f, new GearTrait(TraitId.SetHitAndRun, 0.2f, 0.5f)),"
Game/Match/GearCatalog.cs,461,17,3,vehicles.gearCatalog.vulcanIndex,x,sat_thuong,02,pass2:static array table (FloatArray / IntArray entry),,"ctor_arg:BrandDef: new(3, ""vulcan"", StatId.BurnDamage, 0.15f, new GearTrait(TraitId.SetFirestorm, 0.1f, 6f)),"
Game/Match/GearCatalog.cs,461,49,0.15f,vehicles.gearCatalog.vulcanValue,x,sat_thuong,02,pass2:static array table (FloatArray / IntArray entry),,"ctor_arg:BrandDef: new(3, ""vulcan"", StatId.BurnDamage, 0.15f, new GearTrait(TraitId.SetFirestorm, 0.1f, 6f)),"
Game/Match/GearCatalog.cs,461,92,0.1f,vehicles.gearCatalog.vulcanFourPieceASetFirestorm,x,sat_thuong,02,pass2:static array table (FloatArray / IntArray entry),,"ctor_arg:GearTrait: new(3, ""vulcan"", StatId.BurnDamage, 0.15f, new GearTrait(TraitId.SetFirestorm, 0.1f, 6f)),"
Game/Match/GearCatalog.cs,461,98,6f,vehicles.gearCatalog.vulcanFourPieceBSetFirestorm,x,sat_thuong,02,pass2:static array table (FloatArray / IntArray entry),,"ctor_arg:GearTrait: new(3, ""vulcan"", StatId.BurnDamage, 0.15f, new GearTrait(TraitId.SetFirestorm, 0.1f, 6f)),"
Game/Match/GearCatalog.cs,462,17,4,vehicles.gearCatalog.longbowIndex,m,ban_kinh,02,pass2:static array table (FloatArray / IntArray entry),,"ctor_arg:BrandDef: new(4, ""longbow"", StatId.Range, 0.05f, new GearTrait(TraitId.SetDeepStrike, 0.15f)),"
Game/Match/GearCatalog.cs,462,45,0.05f,vehicles.gearCatalog.longbowValue,m,ban_kinh,02,pass2:static array table (FloatArray / IntArray entry),,"ctor_arg:BrandDef: new(4, ""longbow"", StatId.Range, 0.05f, new GearTrait(TraitId.SetDeepStrike, 0.15f)),"
Game/Match/GearCatalog.cs,462,89,0.15f,vehicles.gearCatalog.longbowFourPieceSetDeepStrike,m,ban_kinh,02,pass2:static array table (FloatArray / IntArray entry),,"ctor_arg:GearTrait: new(4, ""longbow"", StatId.Range, 0.05f, new GearTrait(TraitId.SetDeepStrike, 0.15f)),"
Game/Match/GearCatalog.cs,463,17,5,vehicles.gearCatalog.aegisIndex,x,sat_thuong,02,pass2:static array table (FloatArray / IntArray entry),,"ctor_arg:BrandDef: new(5, ""aegis"", StatId.DamageTaken, 0.05f, new GearTrait(TraitId.SetSharedShield, 0.12f, 25f, 12f)),"
Game/Match/GearCatalog.cs,463,49,0.05f,vehicles.gearCatalog.aegisValue,x,sat_thuong,02,pass2:static array table (FloatArray / IntArray entry),,"ctor_arg:BrandDef: new(5, ""aegis"", StatId.DamageTaken, 0.05f, new GearTrait(TraitId.SetSharedShield, 0.12f, 25f, 12f)),"
Game/Match/GearCatalog.cs,463,95,0.12f,vehicles.gearCatalog.aegisFourPieceASetSharedShield,x,sat_thuong,02,pass2:static array table (FloatArray / IntArray entry),,"ctor_arg:GearTrait: new(5, ""aegis"", StatId.DamageTaken, 0.05f, new GearTrait(TraitId.SetSharedShield, 0.12f, 25f, 12f)),"
Game/Match/GearCatalog.cs,463,102,25f,vehicles.gearCatalog.aegisFourPieceBSetSharedShield,x,sat_thuong,02,pass2:static array table (FloatArray / IntArray entry),,"ctor_arg:GearTrait: new(5, ""aegis"", StatId.DamageTaken, 0.05f, new GearTrait(TraitId.SetSharedShield, 0.12f, 25f, 12f)),"
Game/Match/GearCatalog.cs,463,107,12f,vehicles.gearCatalog.aegisFourPieceCSetSharedShield,x,sat_thuong,02,pass2:static array table (FloatArray / IntArray entry),,"ctor_arg:GearTrait: new(5, ""aegis"", StatId.DamageTaken, 0.05f, new GearTrait(TraitId.SetSharedShield, 0.12f, 25f, 12f)),"
Game/Match/GearCatalog.cs,465,17,7,vehicles.gearCatalog.hivemindIndex,x,khac,02,pass2:static array table (FloatArray / IntArray entry),,"ctor_arg:BrandDef: new(7, ""hivemind"", StatId.SummonPower, 0.1f, new GearTrait(TraitId.SetSwarm, 10f)),"
Game/Match/GearCatalog.cs,465,52,0.1f,vehicles.gearCatalog.hivemindValue,x,khac,02,pass2:static array table (FloatArray / IntArray entry),,"ctor_arg:BrandDef: new(7, ""hivemind"", StatId.SummonPower, 0.1f, new GearTrait(TraitId.SetSwarm, 10f)),"
Game/Match/GearCatalog.cs,465,90,10f,vehicles.gearCatalog.hivemindFourPieceSetSwarm,x,khac,02,pass2:static array table (FloatArray / IntArray entry),,"ctor_arg:GearTrait: new(7, ""hivemind"", StatId.SummonPower, 0.1f, new GearTrait(TraitId.SetSwarm, 10f)),"
Game/Match/GearCatalog.cs,467,17,9,vehicles.gearCatalog.spectreIndex,m,ban_kinh,02,pass2:static array table (FloatArray / IntArray entry),,"ctor_arg:BrandDef: new(9, ""spectre"", StatId.Vision, 0.08f, new GearTrait(TraitId.SetGhostNet, 0.15f)),"
Game/Match/GearCatalog.cs,467,46,0.08f,vehicles.gearCatalog.spectreValue,m,ban_kinh,02,pass2:static array table (FloatArray / IntArray entry),,"ctor_arg:BrandDef: new(9, ""spectre"", StatId.Vision, 0.08f, new GearTrait(TraitId.SetGhostNet, 0.15f)),"
Game/Match/GearCatalog.cs,467,88,0.15f,vehicles.gearCatalog.spectreFourPieceSetGhostNet,m,ban_kinh,02,pass2:static array table (FloatArray / IntArray entry),,"ctor_arg:GearTrait: new(9, ""spectre"", StatId.Vision, 0.08f, new GearTrait(TraitId.SetGhostNet, 0.15f)),"
Game/Match/GearCatalog.cs,468,17,10,vehicles.gearCatalog.hammerfallIndex,x,sat_thuong,02,pass2:static array table (FloatArray / IntArray entry),,"ctor_arg:BrandDef: new(10, ""hammerfall"", StatId.DamageVsStructure, 0.08f, new GearTrait(TraitId.SetHeavyRound, 5f, 1f)),"
Game/Match/GearCatalog.cs,468,61,0.08f,vehicles.gearCatalog.hammerfallValue,x,sat_thuong,02,pass2:static array table (FloatArray / IntArray entry),,"ctor_arg:BrandDef: new(10, ""hammerfall"", StatId.DamageVsStructure, 0.08f, new GearTrait(TraitId.SetHeavyRound, 5f, 1f)),"
Game/Match/GearCatalog.cs,468,105,5f,vehicles.gearCatalog.hammerfallFourPieceASetHeavyRound,x,sat_thuong,02,pass2:static array table (FloatArray / IntArray entry),,"ctor_arg:GearTrait: new(10, ""hammerfall"", StatId.DamageVsStructure, 0.08f, new GearTrait(TraitId.SetHeavyRound, 5f, 1f)),"
Game/Match/GearCatalog.cs,471,17,12,vehicles.gearCatalog.wolfpackIndex,count,gioi_han_thuc_the,02,pass2:static array table (FloatArray / IntArray entry),,"ctor_arg:BrandDef: new(12, ""wolfpack"", StatId.Count, 0f, new GearTrait(TraitId.SetPackFocus, 0.15f))"
Game/Match/GearCatalog.cs,471,87,0.15f,vehicles.gearCatalog.wolfpackFourPieceSetPackFocus,count,gioi_han_thuc_the,02,pass2:static array table (FloatArray / IntArray entry),,"ctor_arg:GearTrait: new(12, ""wolfpack"", StatId.Count, 0f, new GearTrait(TraitId.SetPackFocus, 0.15f))"
Game/Match/GearCatalog.cs,473,57,0.1f,vehicles.gearCatalog.bulwarkValue,x,sat_thuong,02,pass2:static array table (FloatArray / IntArray entry),,"ctor_arg:BrandDef: new(BulwarkBrand, ""bulwark"", StatId.Health, 0.1f, new GearTrait(TraitId.SetBulwarkPost, 20f)) { TowerOnly = true },"
Game/Match/GearCatalog.cs,473,101,20f,vehicles.gearCatalog.bulwarkFourPieceSetBulwarkPost,x,sat_thuong,02,pass2:static array table (FloatArray / IntArray entry),,"ctor_arg:GearTrait: new(BulwarkBrand, ""bulwark"", StatId.Health, 0.1f, new GearTrait(TraitId.SetBulwarkPost, 20f)) { TowerOnly = true },"
Game/Match/GearCatalog.cs,486,32,0.25f,vehicles.gearCatalog.buildCapsCap,x,sat_thuong,02,pass2:inline,,"arg:GearCatalog.Set: Set(StatId.Damage, 0.25f);"
Game/Match/GearCatalog.cs,487,34,0.15f,vehicles.gearCatalog.buildCapsCap2,count,tran,02,pass2:inline,,"arg:GearCatalog.Set: Set(StatId.FireRate, 0.15f);"
Game/Match/GearCatalog.cs,488,32,0.25f,vehicles.gearCatalog.buildCapsCap,x,sat_thuong,02,pass2:inline,,"arg:GearCatalog.Set: Set(StatId.Health, 0.25f);"
Game/Match/GearCatalog.cs,489,31,0.15f,vehicles.gearCatalog.buildCapsCap2,count,tran,02,pass2:inline,,"arg:GearCatalog.Set: Set(StatId.Speed, 0.15f);"
Game/Match/GearCatalog.cs,491,37,0.2f,vehicles.gearCatalog.buildCapsCap4,x,sat_thuong,02,pass2:inline,,"arg:GearCatalog.Set: Set(StatId.DamageTaken, 0.2f);"
Game/Match/GearCatalog.cs,492,39,0.25f,vehicles.gearCatalog.buildCapsCap,x,sat_thuong,02,pass2:inline,,"arg:GearCatalog.Set: Set(StatId.DamageVsLight, 0.25f);"
Game/Match/GearCatalog.cs,493,39,0.25f,vehicles.gearCatalog.buildCapsCap,x,sat_thuong,02,pass2:inline,,"arg:GearCatalog.Set: Set(StatId.DamageVsHeavy, 0.25f);"
Game/Match/GearCatalog.cs,494,37,0.25f,vehicles.gearCatalog.buildCapsCap,x,sat_thuong,02,pass2:inline,,"arg:GearCatalog.Set: Set(StatId.DamageVsAir, 0.25f);"
Game/Match/GearCatalog.cs,495,43,0.3f,vehicles.gearCatalog.buildCapsCap5,x,sat_thuong,02,pass2:inline,,"arg:GearCatalog.Set: Set(StatId.DamageVsStructure, 0.3f);"
Game/Match/GearCatalog.cs,496,31,0.12f,vehicles.gearCatalog.buildCapsCap6,m,ban_kinh,02,pass2:inline,,"arg:GearCatalog.Set: Set(StatId.Range, 0.12f);"
Game/Match/GearCatalog.cs,497,32,0.25f,vehicles.gearCatalog.buildCapsCap,m,ban_kinh,02,pass2:inline,,"arg:GearCatalog.Set: Set(StatId.Vision, 0.25f);"
Game/Match/GearCatalog.cs,499,41,0.3f,vehicles.gearCatalog.buildCapsCap5,count,tran,02,pass2:inline,,"arg:GearCatalog.Set: Set(StatId.ProjectileSpeed, 0.3f);"
Game/Match/GearCatalog.cs,501,40,0.3f,vehicles.gearCatalog.buildCapsCap5,s,thoi_gian,02,pass2:inline,,"arg:GearCatalog.Set: Set(StatId.MagazineReload, 0.3f);"
Game/Match/GearCatalog.cs,508,34,0.3f,vehicles.gearCatalog.buildCapsCap5,count,tran,02,pass2:inline,,"arg:GearCatalog.Set: Set(StatId.TurnRate, 0.3f);"
Game/Match/GearCatalog.cs,509,36,0.3f,vehicles.gearCatalog.buildCapsCap5,count,tran,02,pass2:inline,,"arg:GearCatalog.Set: Set(StatId.TurretRate, 0.3f);"
Game/Match/GearCatalog.cs,510,37,0.5f,vehicles.gearCatalog.buildCapsCap8,count,tran,02,pass2:inline,,"arg:GearCatalog.Set: Set(StatId.CaptureRate, 0.5f);"
Game/Match/GearCatalog.cs,511,35,0.25f,vehicles.gearCatalog.buildCapsCap,s,thoi_gian,02,pass2:inline,,"arg:GearCatalog.Set: Set(StatId.Cooldowns, 0.25f);"
Game/Match/GearCatalog.cs,512,32,0.3f,vehicles.gearCatalog.buildCapsCap5,x,sat_thuong,02,pass2:inline,,"arg:GearCatalog.Set: Set(StatId.Splash, 0.3f);"
Game/Match/GearCatalog.cs,513,43,0.3f,vehicles.gearCatalog.buildCapsCap5,s,thoi_gian,02,pass2:inline,,"arg:GearCatalog.Set: Set(StatId.SecondaryFireRate, 0.3f);"
Game/Match/GearCatalog.cs,514,39,0.35f,vehicles.gearCatalog.buildCapsCap9,s,thoi_gian,02,pass2:inline,,"arg:GearCatalog.Set: Set(StatId.SalvoInterval, 0.35f);"
Game/Match/GearCatalog.cs,517,36,0.6f,vehicles.gearCatalog.buildCapsCap10,count,tran,02,pass2:inline,,"arg:GearCatalog.Set: Set(StatId.ResistMine, 0.6f);"
Game/Match/GearCatalog.cs,519,38,0.25f,vehicles.gearCatalog.buildCapsCap,count,tran,02,pass2:inline,,"arg:GearCatalog.Set: Set(StatId.TransitSpeed, 0.25f);"
Game/Match/GearCatalog.cs,520,37,0.25f,vehicles.gearCatalog.buildCapsCap,m,ban_kinh,02,pass2:inline,,"arg:GearCatalog.Set: Set(StatId.StillVision, 0.25f);"
Game/Match/GearCatalog.cs,522,36,3f,vehicles.gearCatalog.buildCapsCap11,s,thoi_gian,02,pass2:inline,,"arg:GearCatalog.Set: Set(StatId.RegenDelay, 3f);"
Game/Match/GearCatalog.cs,523,40,0.5f,vehicles.gearCatalog.buildCapsCap8,s,thoi_gian,02,pass2:inline,,"arg:GearCatalog.Set: Set(StatId.StatusDuration, 0.5f);"
Game/Match/GearCatalog.cs,526,36,0.25f,vehicles.gearCatalog.buildCapsCap,x,sat_thuong,02,pass2:inline,,"arg:GearCatalog.Set: Set(StatId.BurnDamage, 0.25f);"
Game/Match/GearCatalog.cs,529,37,0.25f,vehicles.gearCatalog.buildCapsCap,x,sat_thuong,02,pass2:inline,,"arg:GearCatalog.Set: Set(StatId.DamageFlank, 0.25f);"
Game/Match/GearCatalog.cs,530,39,0.3f,vehicles.gearCatalog.buildCapsCap5,x,sat_thuong,02,pass2:inline,,"arg:GearCatalog.Set: Set(StatId.DamageVsDrone, 0.3f);"
Game/Match/GearCatalog.cs,532,35,0.25f,vehicles.gearCatalog.buildCapsCap,m,ban_kinh,02,pass2:inline,,"arg:GearCatalog.Set: Set(StatId.LockRange, 0.25f);"
Game/Match/GearCatalog.cs,533,38,8f,vehicles.gearCatalog.buildCapsCap13,s,thoi_gian,02,pass2:inline,,"arg:GearCatalog.Set: Set(StatId.LaserWarning, 8f);"
Game/Match/GearCatalog.cs,534,38,0.5f,vehicles.gearCatalog.buildCapsCap8,count,tran,02,pass2:inline,,"arg:GearCatalog.Set: Set(StatId.ReverseSpeed, 0.5f);"
Game/Match/GearCatalog.cs,535,37,0.3f,vehicles.gearCatalog.buildCapsCap5,x,sat_thuong,02,pass2:inline,,"arg:GearCatalog.Set: Set(StatId.ResistBlast, 0.3f);"
Game/Match/VehicleFit.cs,269,36,3,vehicles.vehicleFit.classMeetsNScale,x,gioi_han_thuc_the,02,pass2:inline,,multiply: return hardware && n * 3 >= cards.Count;
Sim/Abilities/AbilitySystem.Breach.cs,26,65,1.5f,vehicles.abilitySystem.ploughHullBoundAdd,m,ban_kinh,02,pass2:inline,,add: var reach = v.Def.HullBound + o.Def.HullBound + 1.5f;
Sim/Abilities/AbilitySystem.Breach.cs,52,44,0.5,vehicles.abilitySystem.scootNextDoubleMax,share,xac_suat,02,pass2:inline,,compare: var first = rng.NextDouble() < 0.5 ? 1f : -1f;
Sim/Abilities/AbilitySystem.Breach.cs,62,48,2f,vehicles.abilitySystem.scootRangeSub,m,ban_kinh,02,pass2:inline,,subtract: if (reach > weapon.Range - 2f || reach < weapon.MinRange + 3f) continue;
Sim/Abilities/AbilitySystem.Breach.cs,62,80,3f,vehicles.abilitySystem.scootMinRangeAdd,m,ban_kinh,02,pass2:inline,,add: if (reach > weapon.Range - 2f || reach < weapon.MinRange + 3f) continue;
Sim/Abilities/AbilitySystem.cs,66,70,0.04f,vehicles.abilitySystem.stepDistanceSquaredMin,m,ban_kinh,02,pass2:inline,,"compare: if (Vector2.DistanceSquared(v.Position, v.StillAt) > 0.04f)"
Sim/Abilities/AbilitySystem.cs,72,98,3.0,vehicles.abilitySystem.stepNowMin,x,sat_thuong,02,pass2:inline,,compare: if (_world.HomeZones && !v.Def.Static && v.Hp < v.MaxHp && now - v.LastHitTime > 3.0 &&
Sim/Abilities/AbilitySystem.cs,74,64,0.02f,vehicles.abilitySystem.stepMaxHpScale,x,sat_thuong,02,pass2:inline,,"multiply: v.Hp = MathF.Min(v.MaxHp, v.Hp + v.MaxHp * 0.02f * dt);"
Sim/Abilities/AbilitySystem.cs,93,43,0.25f,vehicles.abilitySystem.stepSkillTimer,s,sat_thuong,02,pass2:inline,,compound_assign: if (skillTick) _skillTimer += 0.25f;
Sim/Abilities/AbilitySystem.cs,116,82,0.08f,vehicles.abilitySystem.stepMaxHpScale2,x,sat_thuong,02,pass2:inline,,"multiply: if (v.Unkillable) v.Hp = MathF.Min(v.MaxHp, v.Hp + v.MaxHp * 0.08f * AuraInterval);"
Sim/Abilities/AbilitySystem.cs,125,100,0.5f,vehicles.abilitySystem.stepMaxHpScale3,x,sat_thuong,02,pass2:inline,,multiply: if (v.Special == SpecialModule.SmokeDischarger && !v.SmokeUsed && v.Hp < v.MaxHp * 0.5f)
Sim/Abilities/AbilitySystem.cs,159,57,4.0,vehicles.abilitySystem.regeneratingNowMin,s,thoi_gian,02,pass2:inline,,compare: if (g == null) return now - v.LastHitTime > 4.0 ? 1f : 0f;
Sim/Abilities/AbilitySystem.cs,160,39,4.0,vehicles.abilitySystem.regeneratingStatSub,s,thoi_gian,02,pass2:inline,,"subtract: var delay = Math.Max(1.0, 4.0 - g.Stat(StatId.RegenDelay));"
Sim/Abilities/AbilitySystem.cs,221,62,0.5f,vehicles.abilitySystem.supportStaticTrue,x,tan_suat,02,pass2:inline,,conditional: var rate = repair.Rate * (v.Def.Static ? 0.5f : 1f) * _world.RepairScaleOf(engineer.Team);
Sim/Abilities/AbilitySystem.cs,267,146,2f,vehicles.abilitySystem.slowAurasAuraIntervalScale,x,thoi_gian,02,pass2:inline,,"multiply: if (v.IsAlive && !v.Flying && !v.Def.Static && _world.Walls.InRubble(v.Position)) _world.Status.Slow(v, slow, AuraInterval * 2f);"
Sim/Abilities/AbilitySystem.cs,276,151,2f,vehicles.abilitySystem.slowAurasAuraIntervalScale,x,thoi_gian,02,pass2:inline,,"multiply: if (Vector2.DistanceSquared(v.Position, w.Position) <= aura.Radius * aura.Radius) _world.Status.Slow(v, aura.Rate, AuraInterval * 2f);"
Sim/Abilities/AbilitySystem.cs,396,107,2f,vehicles.abilitySystem.topUpAuraIntervalScale,x,thoi_gian,02,pass2:inline,,"multiply: v.Weapons[i].ReloadLeft = MathF.Max(0.0001f, v.Weapons[i].ReloadLeft - AuraInterval * 2f); // the reload itself finishes it"
Sim/Abilities/AbilitySystem.cs,447,71,25f,vehicles.abilitySystem.layMinesDistanceSquaredMax,m,ban_kinh,02,pass2:inline,,"compare: if (Vector2.DistanceSquared(m.Position, v.Position) < 25f) return;"
Sim/Abilities/AbilitySystem.cs,451,101,0.8f,vehicles.abilitySystem.layMinesHullHalfAdd,m,ban_kinh,02,pass2:inline,,add: var at = v.Position - SimMath.Forward(v.Heading) * (v.Def.HullHalf + v.Def.HullRadius + 0.8f);
Sim/Abilities/AbilitySystem.cs,453,89,2.0,vehicles.abilitySystem.layMinesNowAdd,s,thoi_gian,02,pass2:inline,,"add: var laid = new Mine(new EntityId(_nextMine++), v.Team, v.Id, at, def, now + 2.0);"
Sim/Abilities/AbilitySystem.cs,472,61,1.5f,vehicles.abilitySystem.layStripHullHalfAdd,m,ban_kinh,02,pass2:inline,,add: var start = v.Def.HullHalf + v.Def.HullRadius + 1.5f;
Sim/Abilities/AbilitySystem.cs,477,93,1.5,vehicles.abilitySystem.layStripNowAdd,s,thoi_gian,02,pass2:inline,,"add: var laid = new Mine(new EntityId(_nextMine++), v.Team, v.Id, at, def, now + 1.5) { ExpiresAt = def.Life > 0f ? now + def.Life : double.PositiveInfinit"
Sim/Abilities/AbilitySystem.cs,495,49,0.2f,vehicles.abilitySystem.layFieldNextDoubleAdd,share,xac_suat,02,pass2:inline,,add: var r = def.Spread * MathF.Sqrt(0.2f + 0.8f * (float)_world.Random.NextDouble());
Sim/Abilities/AbilitySystem.cs,495,56,0.8f,vehicles.abilitySystem.layFieldNextDoubleScale,x,xac_suat,02,pass2:inline,,multiply: var r = def.Spread * MathF.Sqrt(0.2f + 0.8f * (float)_world.Random.NextDouble());
Sim/Abilities/AbilitySystem.cs,500,80,4f,vehicles.abilitySystem.layFieldDistanceSquaredMax,m,ban_kinh,02,pass2:inline,,"compare: if (m.IsAlive && Vector2.DistanceSquared(m.Position, at) < 4f) clear = false;"
Sim/Abilities/AbilitySystem.cs,557,87,1.6f,vehicles.abilitySystem.beginPhaseRadiusScale,x,ban_kinh,02,pass2:inline,,"multiply: _world.Emit(SimEvent.Exploded(v.Position, new ExplosionDef(0f, v.Radius * 1.6f, 0f, ExplosionTier.Huge), v.Id));"
Sim/Abilities/AbilitySystem.cs,598,57,0.5f,vehicles.abilitySystem.useSkillsDurationFloor,s,sat_thuong,02,pass2:inline,,"math_max: v.SkillReadyAt[i] = now + MathF.Max(0.5f, skill.Duration);"
Sim/Abilities/AbilitySystem.cs,605,88,0.5f,vehicles.abilitySystem.useSkillsStatFloor,x,sat_thuong,02,pass2:inline,,"math_max: v.SkillReadyAt[i] = now + skill.Cooldown * (v.Gear != null ? MathF.Max(0.5f, 1f - v.Gear.Stat(StatId.Cooldowns)) : 1f);"
Sim/Abilities/AbilitySystem.cs,648,82,20f,vehicles.abilitySystem.rechargeFlaresFlareFalse,s,thoi_gian,02,pass2:inline,,"conditional: v.FlareRechargeAt = now + (flare != null ? FlareRecharge(v, flare) : 20f);"
Sim/Abilities/AbilitySystem.cs,677,79,0.5f,vehicles.abilitySystem.fireAmountFalse,x,sat_thuong,02,pass2:inline,,"conditional: _world.Bosses.Patch(v, skill.Amount > 0f ? skill.Amount : 0.5f);"
Sim/Abilities/AbilitySystem.cs,681,67,0.95f,vehicles.abilitySystem.fireAmountMax,x,sat_thuong,02,pass2:inline,,"math_clamp: v.ShieldAmount = Math.Clamp(skill.Amount, 0f, 0.95f);"
Sim/Abilities/AbilitySystem.cs,684,100,8f,vehicles.abilitySystem.fireRadiusFalse,m,sat_thuong,02,pass2:inline,,"conditional: _world.Strikes.AddSmoke(v.Team, v.Position, skill.Radius > 0f ? skill.Radius : 8f, skill.Duration);"
Sim/Abilities/AbilitySystem.cs,703,42,0.5f,vehicles.abilitySystem.fireKAdd,x,sat_thuong,02,pass2:inline,,add: var angle = (k + 0.5f) * SimMath.Tau / skill.Count + v.Heading;
Sim/Abilities/AbilitySystem.cs,704,109,5f,vehicles.abilitySystem.fireHullBoundAdd,x,khac,02,pass2:inline,,add: var at = _world.ClampToMap(v.Position + SimMath.Forward(angle) * (v.Def.HullBound + 5f));
Sim/Abilities/DeploySystem.cs,43,87,0.2,vehicles.deploySystem.stepNowFloor,s,thoi_gian,02,pass2:inline,,"math_max: if (Leaving(v)) Begin(v, DeployState.Packing, (float)Math.Max(0.2, now - v.DeployFrom), now);"
Sim/Abilities/DeploySystem.cs,70,64,2f,vehicles.deploySystem.insideMinRangeAdd,m,ban_kinh,02,pass2:inline,,"add: _world.FindNearestEnemy(v, v.Def.Weapon.MinRange + 2f, requireVisible: true, layers: TargetLayers.Ground, mobileOnly: true) != null;"
Sim/Abilities/DeploySystem.cs,104,58,4f,vehicles.deploySystem.wantsRangeAdd,m,ban_kinh,02,pass2:inline,,add: var reach = v.Def.Weapon.Range * dep.Range + 4f;
Sim/Abilities/DomeSystem.cs,155,130,0.01f,vehicles.domeSystem.absorbDamageSub,x,sat_thuong,02,pass2:inline,,"subtract: _world.Emit(SimEvent.DomeStruck(dome, victim.Position, taken, hit.Origin, hit.Indirect || hit.Top, taken >= damage - 0.01f));"
Sim/Abilities/FieldWorksSystem.cs,130,39,0.5f,vehicles.fieldWorksSystem.coverFactorShooterDistanceMin,m,ban_kinh,02,pass2:inline,,compare: if (shooterDistance > 0.5f)
Sim/Abilities/FieldWorksSystem.cs,137,94,0.1f,vehicles.fieldWorksSystem.coverFactorDMax,m,ban_kinh,02,pass2:inline,,compare: if (d > w.Radius + wall.Def.HullBound || d >= shooterDistance || d < 0.1f) continue;
Sim/Abilities/FieldWorksSystem.cs,296,55,2f,vehicles.fieldWorksSystem.keepOffBalloonsSpeedFloor,m/s,tan_suat,02,pass2:inline,,"math_max: var push = MathF.Min(r - d, MathF.Max(2f, v.Def.Speed) * dt);"
Sim/Abilities/FieldWorksSystem.cs,344,108,0.75f,vehicles.fieldWorksSystem.flaresForwardScale,x,ban_kinh,02,pass2:inline,,multiply: var at = mark ?? _world.ClampToMap(tower.Position + SimMath.Forward(tower.Heading) * f.Range * 0.75f);
Sim/Abilities/FieldWorksSystem.cs,378,52,2,vehicles.fieldWorksSystem.n3,m,ban_kinh,02,pass2:inline,,"table: foreach (var team in new[] { 0, 1, 2 })"
Sim/Abilities/FieldWorksSystem.cs,390,113,3.0,vehicles.fieldWorksSystem.flyPassTimeMin,s,thoi_gian,02,pass2:inline,,compare: if (!_world.Map.Contains(next) || _world.Map.EdgeDistance(next) < 1f && _world.Time - v.SpawnedAt > 3.0)
Sim/Abilities/FieldWorksSystem.cs,419,49,2,vehicles.fieldWorksSystem.n32,m,ban_kinh,02,pass2:inline,,"table: foreach (var other in new[] { 0, 1, 2 })"
Sim/Abilities/FieldWorksSystem.cs,464,80,0.1,vehicles.fieldWorksSystem.stepDropsPodLandsFloor,s,thoi_gian,02,pass2:inline,,"math_max: var u = (float)Math.Clamp((now - proxy.PodLaunched) / Math.Max(0.1, proxy.PodLands - proxy.PodLaunched), 0.0, 1.0);"
Sim/Abilities/FieldWorksSystem.cs,468,79,0.05f,vehicles.fieldWorksSystem.stepDropsHpMin,x,sat_thuong,02,pass2:inline,,"math_clamp: var share = Math.Clamp(proxy.Hp / MathF.Max(1f, proxy.MaxHp), 0.05f, 1f);"
Sim/Abilities/GearSystem.Lines.cs,46,110,7f,vehicles.gearSystem.moduleScaleMaxDivisor,x,nguong,02,pass2:inline,,"divide: internal static float ModuleScale(Vehicle v) => Math.Clamp(MathF.Max(v.Def.CpCost, v.Def.ArmyCost) / 7f, 0.4f, 1.3f);"
Sim/Abilities/GearSystem.Lines.cs,46,114,0.4f,vehicles.gearSystem.moduleScaleMaxMin,count,nguong,02,pass2:inline,,"math_clamp: internal static float ModuleScale(Vehicle v) => Math.Clamp(MathF.Max(v.Def.CpCost, v.Def.ArmyCost) / 7f, 0.4f, 1.3f);"
Sim/Abilities/GearSystem.Lines.cs,46,120,1.3f,vehicles.gearSystem.moduleScaleMaxMax,count,nguong,02,pass2:inline,,"math_clamp: internal static float ModuleScale(Vehicle v) => Math.Clamp(MathF.Max(v.Def.CpCost, v.Def.ArmyCost) / 7f, 0.4f, 1.3f);"
Sim/Abilities/GearSystem.Lines.cs,55,86,0.35f,vehicles.gearSystem.hitIntervalCooldownMax,s,thoi_gian,02,pass2:inline,,compare: if (w.Clip <= 0 && w.Projectile == ProjectileKind.Bullet && w.Cooldown < 0.35f && w.Burst <= 1) interval *= 1.7f;
Sim/Abilities/GearSystem.Lines.cs,55,121,1.7f,vehicles.gearSystem.hitIntervalInterval,s,thoi_gian,02,pass2:inline,,compound_assign: if (w.Clip <= 0 && w.Projectile == ProjectileKind.Bullet && w.Cooldown < 0.35f && w.Burst <= 1) interval *= 1.7f;
Sim/Abilities/GearSystem.Lines.cs,56,30,0.02f,vehicles.gearSystem.hitIntervalIntervalFloor,s,thoi_gian,02,pass2:inline,,"math_max: return MathF.Max(0.02f, interval);"
Sim/Abilities/GearSystem.Lines.cs,64,106,0.15f,vehicles.gearSystem.procCoefficientHitIntervalMin,s,thoi_gian,02,pass2:inline,,"math_clamp: internal static float ProcCoefficient(WeaponDef w) => Math.Clamp(HitInterval(w) / ProcReference, 0.15f, 2.5f);"
Sim/Abilities/GearSystem.Lines.cs,64,113,2.5f,vehicles.gearSystem.procCoefficientHitIntervalMax,s,thoi_gian,02,pass2:inline,,"math_clamp: internal static float ProcCoefficient(WeaponDef w) => Math.Clamp(HitInterval(w) / ProcReference, 0.15f, 2.5f);"
Sim/Abilities/GearSystem.Lines.cs,73,60,0.6f,vehicles.gearSystem.suppressedShareValueMax,share,thoi_gian,02,pass2:inline,,"math_clamp: return s.Until > now ? Math.Clamp(s.Value, 0f, 0.6f) : 0f;"
Sim/Abilities/GearSystem.Lines.cs,113,67,8f,vehicles.gearSystem.stepLinesSeconds,s,thoi_gian,02,pass2:inline,,"arg:StrikeSystem.AddSmoke: _world.Strikes.AddSmoke(v.Team, v.Position, warn, 8f);"
Sim/Abilities/GearSystem.Lines.cs,115,55,1.5,vehicles.gearSystem.stepLinesNowAdd,s,thoi_gian,02,pass2:inline,,"add: jam.Until = Math.Max(jam.Until, now + 1.5);"
Sim/Abilities/GearSystem.Lines.cs,143,38,0.5f,vehicles.gearSystem.movingAwayAbsMax,x,tan_suat,02,pass2:inline,,compare: if (MathF.Abs(v.Speed) < 0.5f) return false;
Sim/Abilities/GearSystem.Lines.cs,148,38,0.01f,vehicles.gearSystem.movingAwayLengthSquaredMax,m,ban_kinh,02,pass2:inline,,compare: if (to.LengthSquared() < 0.01f) return false;
Sim/Abilities/GearSystem.Lines.cs,179,35,10f,vehicles.gearSystem.backOffRangeFloor,m,ban_kinh,02,pass2:inline,,"math_max: var reach = MathF.Max(10f, v.Arms[0].Range * 0.45f);"
Sim/Abilities/GearSystem.Lines.cs,179,58,0.45f,vehicles.gearSystem.backOffRangeScale,x,ban_kinh,02,pass2:inline,,"multiply: var reach = MathF.Max(10f, v.Arms[0].Range * 0.45f);"
Sim/Abilities/GearSystem.Lines.cs,184,37,4.0,vehicles.gearSystem.backOffNowAdd,s,thoi_gian,02,pass2:inline,,add: g.BackOffAt = now + 4.0;
Sim/Abilities/GearSystem.Lines.cs,222,56,0.5f,vehicles.gearSystem.shootDownStatScale,x,sat_thuong,02,pass2:inline,,multiply: var share = g.Stat(StatId.DamageVsDrone) * 0.5f;
Sim/Abilities/GearSystem.Lines.cs,226,49,0.01f,vehicles.gearSystem.shootDownLengthSquaredMin,m,ban_kinh,02,pass2:inline,,compare: var toward = from.LengthSquared() > 0.01f ? Vector2.Normalize(from) : SimMath.Forward(target.Heading);
Sim/Abilities/GearSystem.Lines.cs,241,46,15f,vehicles.gearSystem.deathLinesBFalse,m,ban_kinh,02,pass2:inline,,conditional: var reach = t.B > 0f ? t.B : 15f;
Sim/Abilities/GearSystem.Lines.cs,245,51,5f,vehicles.gearSystem.deathLinesCFalse,s,thoi_gian,02,pass2:inline,,conditional: s.Until = now + (t.C > 0f ? t.C : 5f);
Sim/Abilities/GearSystem.Lines.cs,276,55,0.1f,vehicles.gearSystem.healAFalse,x,sat_thuong,02,pass2:inline,,conditional: var cap = v.MaxHp * (t.A > 0f ? t.A : 0.1f);
Sim/Abilities/GearSystem.Lines.cs,278,51,8f,vehicles.gearSystem.healBFalse,x,sat_thuong,02,pass2:inline,,conditional: s.Until = now + (t.B > 0f ? t.B : 8f);
Sim/Abilities/GearSystem.Lines.cs,295,28,0.01f,vehicles.gearSystem.absorbOverhealValueMax,x,sat_thuong,02,pass2:inline,,compare: if (s.Value <= 0.01f)
Sim/Abilities/GearSystem.cs,47,116,2f,vehicles.gearSystem.empBurstDuration,x,sat_thuong,02,pass2:static initializer is an expression,,"ctor_arg:SkillDef: private static readonly SkillDef EmpBurst = new(""emp_payload"", SkillKind.Emp, SkillTrigger.Always, 0f, 0f, 2f, 0f, 10f, 0, null, true);"
Sim/Abilities/GearSystem.cs,47,124,10f,vehicles.gearSystem.empBurstRadius,x,sat_thuong,02,pass2:static initializer is an expression,,"ctor_arg:SkillDef: private static readonly SkillDef EmpBurst = new(""emp_payload"", SkillKind.Emp, SkillTrigger.Always, 0f, 0f, 2f, 0f, 10f, 0, null, true);"
Sim/Abilities/GearSystem.cs,65,154,0.55f,vehicles.gearSystem.equipStatScale,x,sat_thuong,02,pass2:inline,,"multiply: g.Stats[(int)StatId.DamageVsLight] += _world.Headroom(v.Def, StatId.DamageVsLight, g.Stat(StatId.DamageVsLight), g.Stat(StatId.Splash) * 0.55f);"
Sim/Abilities/GearSystem.cs,95,44,0.75f,vehicles.gearSystem.equipFlareRechargeScale,x,thoi_gian,02,pass2:inline,,assign: v.FlareRechargeScale = 0.75f;
Sim/Abilities/GearSystem.cs,98,93,20f,vehicles.gearSystem.equipSpecialPower2False,x,sat_thuong,02,pass2:inline,,"conditional: v.MineLayer = new MineLayerDef(b.SpecialPower2 > 0f ? b.SpecialPower2 : 20f, Math.Max(1, (int)MathF.Round(b.SpecialPower)), MineBlast(g, ModuleScale(v"
Sim/Abilities/GearSystem.cs,98,175,2.2f,vehicles.gearSystem.equipTrigger,x,sat_thuong,02,pass2:inline,,"ctor_arg:MineLayerDef: v.MineLayer = new MineLayerDef(b.SpecialPower2 > 0f ? b.SpecialPower2 : 20f, Math.Max(1, (int)MathF.Round(b.SpecialPower)), MineBlast(g, ModuleScale(v"
Sim/Abilities/GearSystem.cs,99,42,3.0,vehicles.gearSystem.equipNowAdd,s,thoi_gian,02,pass2:inline,,add: v.NextMineAt = now + 3.0;
Sim/Abilities/GearSystem.cs,104,43,4.0,vehicles.gearSystem.equipNowAdd2,s,thoi_gian,02,pass2:inline,,add: g.ModuleReady = now + 4.0;
Sim/Abilities/GearSystem.cs,107,43,6.0,vehicles.gearSystem.equipNowAdd3,s,thoi_gian,02,pass2:inline,,add: g.ModuleReady = now + 6.0;
Sim/Abilities/GearSystem.cs,153,41,0.1f,vehicles.gearSystem.tuneWeaponsStatFloor,x,nguong,02,pass2:inline,,"math_max: spread *= MathF.Max(0.1f, 1f - g.Stat(StatId.Spread));"
Sim/Abilities/GearSystem.cs,155,60,0.3f,vehicles.gearSystem.tuneWeaponsStatFloor2,s,thoi_gian,02,pass2:inline,,"math_max: if (w.Burst > 1) interval *= MathF.Max(0.3f, 1f - g.Stat(StatId.SalvoInterval));"
Sim/Abilities/GearSystem.cs,159,86,4f,vehicles.gearSystem.tuneWeaponsDamageFloor,x,sat_thuong,02,pass2:inline,,"math_max: var bomblet = cluster?.Bomblet ?? new ExplosionDef(MathF.Max(4f, w.Damage * 0.08f), 2.5f, 0f, ExplosionTier.Small);"
Sim/Abilities/GearSystem.cs,159,101,0.08f,vehicles.gearSystem.tuneWeaponsDamageScale,x,sat_thuong,02,pass2:inline,,"multiply: var bomblet = cluster?.Bomblet ?? new ExplosionDef(MathF.Max(4f, w.Damage * 0.08f), 2.5f, 0f, ExplosionTier.Small);"
Sim/Abilities/GearSystem.cs,159,109,2.5f,vehicles.gearSystem.tuneWeaponsRadius,x,sat_thuong,02,pass2:inline,,"ctor_arg:ExplosionDef: var bomblet = cluster?.Bomblet ?? new ExplosionDef(MathF.Max(4f, w.Damage * 0.08f), 2.5f, 0f, ExplosionTier.Small);"
Sim/Abilities/GearSystem.cs,160,80,6f,vehicles.gearSystem.tuneWeaponsRadiusFloor,m,ban_kinh,02,pass2:inline,,"math_max: cluster = new ClusterDef(Math.Max(1, count), MathF.Max(6f, cluster?.Radius ?? 0f), bomblet);"
Sim/Abilities/GearSystem.cs,171,68,0.08f,vehicles.gearSystem.tuneWeaponsMoreMin,x,nguong,02,pass2:inline,,"compare: if (more > 0f) ammo = Math.Max(ammo + (more >= 0.08f ? 1 : 0), (int)MathF.Round(ammo * (1f + more)));"
Sim/Abilities/GearSystem.cs,173,76,0.3f,vehicles.gearSystem.tuneWeaponsFasterFloor,s,thoi_gian,02,pass2:inline,,"math_max: if (faster > 0f) reload = w.MagazineReload * MathF.Max(0.3f, 1f - faster);"
Sim/Abilities/GearSystem.cs,191,43,0.6f,vehicles.gearSystem.mineBlastDamageScale,x,sat_thuong,02,pass2:inline,,multiply: var damage = (stock?.Damage * 0.6f ?? 260f) * (1f + g.Stat(StatId.SummonPower)) * scale;
Sim/Abilities/GearSystem.cs,191,51,260f,vehicles.gearSystem.mineBlastDamageDefault,x,sat_thuong,02,pass2:inline,,coalesce: var damage = (stock?.Damage * 0.6f ?? 260f) * (1f + g.Stat(StatId.SummonPower)) * scale;
Sim/Abilities/GearSystem.cs,192,72,4f,vehicles.gearSystem.mineBlastRadiusDefault,m,sat_thuong,02,pass2:inline,,"coalesce: return new ExplosionDef(damage, MathF.Min(stock?.Radius ?? 4f, 4f), 0f, stock?.Tier ?? ExplosionTier.Large);"
Sim/Abilities/GearSystem.cs,192,76,4f,vehicles.gearSystem.mineBlastRadiusCap,m,sat_thuong,02,pass2:inline,,"math_min: return new ExplosionDef(damage, MathF.Min(stock?.Radius ?? 4f, 4f), 0f, stock?.Tier ?? ExplosionTier.Large);"
Sim/Abilities/GearSystem.cs,198,36,40f,vehicles.gearSystem.droneForDamageFloor,x,sat_thuong,02,pass2:inline,,"math_max: var damage = MathF.Max(40f, v.Def.Weapon.Damage * 0.6f) * (1f + g.Stat(StatId.SummonPower)) * scale;"
Sim/Abilities/GearSystem.cs,198,63,0.6f,vehicles.gearSystem.droneForDamageScale,x,sat_thuong,02,pass2:inline,,"multiply: var damage = MathF.Max(40f, v.Def.Weapon.Damage * 0.6f) * (1f + g.Stat(StatId.SummonPower)) * scale;"
Sim/Abilities/GearSystem.cs,209,89,80f,vehicles.gearSystem.droneForRange,x,sat_thuong,02,pass2:inline,,"ctor_arg:WeaponDef: return new WeaponDef(""gear_drone"", DamageType.ShapedCharge, damage, 1f, 80f, 0f, 26f, 2f, 0f, ExplosionTier.Medium, ProjectileKind.Drone)"
Sim/Abilities/GearSystem.cs,209,98,26f,vehicles.gearSystem.droneForProjectileSpeed,m/s,sat_thuong,02,pass2:inline,,"ctor_arg:WeaponDef: return new WeaponDef(""gear_drone"", DamageType.ShapedCharge, damage, 1f, 80f, 0f, 26f, 2f, 0f, ExplosionTier.Medium, ProjectileKind.Drone)"
Sim/Abilities/GearSystem.cs,209,103,2f,vehicles.gearSystem.droneForSplashRadius,m,sat_thuong,02,pass2:inline,,"ctor_arg:WeaponDef: return new WeaponDef(""gear_drone"", DamageType.ShapedCharge, damage, 1f, 80f, 0f, 26f, 2f, 0f, ExplosionTier.Medium, ProjectileKind.Drone)"
Sim/Abilities/GearSystem.cs,210,37,3,vehicles.gearSystem.droneForPenetration,x,sat_thuong,02,pass2:inline,,"object_init: { Penetration = 3, TopAttack = true, Family = ""drone"", Size = 1.5f };"
Sim/Abilities/GearSystem.cs,210,83,1.5f,vehicles.gearSystem.droneForSize,x,sat_thuong,02,pass2:inline,,"object_init: { Penetration = 3, TopAttack = true, Family = ""drone"", Size = 1.5f };"
Sim/Abilities/GearSystem.cs,211,35,80f,vehicles.gearSystem.droneForRange,x,sat_thuong,02,pass2:inline,,"arg:WeaponDef.Tuned: return template.Tuned(80f, 1f, template.ProjectileSpeed, MathF.Min(template.SplashRadius, 2.5f), 0f, template.BurstInterval, TargetLayers.Ground,"
Sim/Abilities/GearSystem.cs,211,103,2.5f,vehicles.gearSystem.droneForSplashRadiusCap,m,sat_thuong,02,pass2:inline,,"math_min: return template.Tuned(80f, 1f, template.ProjectileSpeed, MathF.Min(template.SplashRadius, 2.5f), 0f, template.BurstInterval, TargetLayers.Ground,"
Sim/Abilities/GearSystem.cs,218,71,0.5f,vehicles.gearSystem.cooldownFactorStatFloor,s,thoi_gian,02,pass2:inline,,"math_max: private static float CooldownFactor(GearState g) => MathF.Max(0.5f, 1f - g.Stat(StatId.Cooldowns));"
Sim/Abilities/GearSystem.cs,303,116,1.4f,vehicles.gearSystem.stepGearSpeed,s,thoi_gian,02,pass2:inline,,compound_assign: if (g.Has(TraitId.RapidDeployment) && now - g.SpawnedAt < g.Trait(TraitId.RapidDeployment).A) speed *= 1.4f;
Sim/Abilities/GearSystem.cs,313,67,3.0,vehicles.gearSystem.stepGearStillForMin2,s,thoi_gian,02,pass2:inline,,compare: else if (!g.Anchored && !v.HasPath && stillFor >= 3.0 && g.UnanchorUntil <= now)
Sim/Abilities/GearSystem.cs,336,51,0.5,vehicles.gearSystem.stepGearNowMin,s,thoi_gian,02,pass2:inline,,"compare: if (broken && now - g.SpawnedAt > 0.5) Proc(v, TraitId.AegisBarrier);"
Sim/Abilities/GearSystem.cs,351,40,4.0,vehicles.gearSystem.stepGearNowAdd,s,thoi_gian,02,pass2:inline,,add: v.BarrageUntil = now + 4.0;
Sim/Abilities/GearSystem.cs,359,42,3.0,vehicles.gearSystem.stepGearNowAdd2,s,thoi_gian,02,pass2:inline,,add: v.OverdriveUntil = now + 3.0;
Sim/Abilities/GearSystem.cs,365,105,0.4f,vehicles.gearSystem.stepGearMaxHpScale,x,sat_thuong,02,pass2:inline,,multiply: if (g.Has(TraitId.AfterburnerReserve) && !g.AfterburnerUsed && v.Flying && v.Hp < v.MaxHp * 0.4f)
Sim/Abilities/GearSystem.cs,368,42,4.0,vehicles.gearSystem.stepGearNowAdd,s,thoi_gian,02,pass2:inline,,add: v.OverdriveUntil = now + 4.0;
Sim/Abilities/GearSystem.cs,370,63,2.0,vehicles.gearSystem.stepGearNowAdd3,s,thoi_gian,02,pass2:inline,,"add: v.FlaresUntil = Math.Max(v.FlaresUntil, now + 2.0);"
Sim/Abilities/GearSystem.cs,374,71,0.4f,vehicles.gearSystem.stepGearMaxHpScale,x,sat_thuong,02,pass2:inline,,multiply: if (g.Has(TraitId.EmergencyRepairKit) && v.Hp < v.MaxHp * 0.4f && now >= g.Ready[(int)TraitId.EmergencyRepairKit])
Sim/Abilities/GearSystem.cs,376,79,5f,vehicles.gearSystem.stepGearMaxHpDivisor,x,sat_thuong,02,pass2:inline,,divide: v.Healing = v.MaxHp * g.Trait(TraitId.EmergencyRepairKit).A / 5f;
Sim/Abilities/GearSystem.cs,377,37,5.0,vehicles.gearSystem.stepGearNowAdd4,x,sat_thuong,02,pass2:inline,,add: v.HealUntil = now + 5.0;
Sim/Abilities/GearSystem.cs,378,66,30.0,vehicles.gearSystem.stepGearCdScale,x,thoi_gian,02,pass2:inline,,multiply: g.Ready[(int)TraitId.EmergencyRepairKit] = now + 30.0 * cd;
Sim/Abilities/GearSystem.cs,391,63,2.0,vehicles.gearSystem.stepGearNowAdd3,s,thoi_gian,02,pass2:inline,,"add: v.FlaresUntil = Math.Max(v.FlaresUntil, now + 2.0);"
Sim/Abilities/GearSystem.cs,396,93,0.5f,vehicles.gearSystem.stepGearMaxHpScale2,x,sat_thuong,02,pass2:inline,,multiply: if (g.Has(TraitId.TowerSmokeLaunchers) && !g.TowerSmokeUsed && v.Hp < v.MaxHp * 0.5f)
Sim/Abilities/GearSystem.cs,409,142,12f,vehicles.gearSystem.stepGearSpecialPower2False,s,thoi_gian,02,pass2:inline,,"conditional: if (v.Special == SpecialModule.RallyHorn) Buff(v, StatusKind.Rally, v.SpecialPower, v.SpecialPower2 > 0f ? v.SpecialPower2 : 12f, now);"
Sim/Abilities/GearSystem.cs,415,135,0.25f,vehicles.gearSystem.stepGearMaxHpScale3,x,sat_thuong,02,pass2:inline,,multiply: case SpecialModule.SmokeDischarger when v.SpecialPower2 > 0f && v.SmokeUsed && !g.SecondSmokeUsed && v.Hp < v.MaxHp * 0.25f:
Sim/Abilities/GearSystem.cs,426,75,25f,vehicles.gearSystem.stepGearSpecialPower2False2,s,thoi_gian,02,pass2:inline,,conditional: ? now + (v.SpecialPower2 > 0f ? v.SpecialPower2 : 25f) * cd
Sim/Abilities/GearSystem.cs,434,112,6f,vehicles.gearSystem.stepGearHullBoundAdd,x,khac,02,pass2:inline,,add: g.DecoyAt = _world.ClampToMap(v.Position - SimMath.Forward(v.Heading) * (v.Def.HullBound + 6f));
Sim/Abilities/GearSystem.cs,435,85,35f,vehicles.gearSystem.stepGearSpecialPower2False3,s,thoi_gian,02,pass2:inline,,conditional: g.ModuleReady = now + (v.SpecialPower2 > 0f ? v.SpecialPower2 : 35f) * cd;
Sim/Abilities/GearSystem.cs,440,75,45f,vehicles.gearSystem.stepGearSpecialPower2False4,s,thoi_gian,02,pass2:inline,,conditional: ? now + (v.SpecialPower2 > 0f ? v.SpecialPower2 : 45f) * cd
Sim/Abilities/GearSystem.cs,450,43,12f,vehicles.gearSystem.jamCFalse,m,ban_kinh,02,pass2:inline,,conditional: var radius = t.C > 0f ? t.C : 12f;
Sim/Abilities/GearSystem.cs,473,43,12f,vehicles.gearSystem.shareShieldCFalse,share,ban_kinh,02,pass2:inline,,conditional: var radius = t.C > 0f ? t.C : 12f;
Sim/Abilities/GearSystem.cs,488,37,0.5,vehicles.gearSystem.shareShieldNowMin,share,thoi_gian,02,pass2:inline,,"compare: if (now - g.SpawnedAt > 0.5) Proc(v, TraitId.SetSharedShield);"
Sim/Abilities/GearSystem.cs,494,43,12f,vehicles.gearSystem.fieldRepairBFalse,m,ban_kinh,02,pass2:inline,,conditional: var radius = t.B > 0f ? t.B : 12f;
Sim/Abilities/GearSystem.cs,498,47,4.0,vehicles.gearSystem.fieldRepairNowMax,s,thoi_gian,02,pass2:inline,,"compare: if (now - ally.LastHitTime <= 4.0 || Vector2.DistanceSquared(ally.Position, v.Position) > radius * radius) continue;"
Sim/Abilities/GearSystem.cs,513,48,0.15,vehicles.gearSystem.buffNowAdd,s,thoi_gian,02,pass2:inline,,add: s.Until = now + AuraInterval + 0.15;
Sim/Abilities/GearSystem.cs,519,77,0.5f,vehicles.gearSystem.repairFactorHasTrue,s,thoi_gian,02,pass2:inline,,"conditional: v.RepairReceived * (StatusSystem.Has(v, StatusKind.Burn, now) ? 0.5f : 1f);"
Sim/Abilities/GearSystem.cs,551,98,0.6f,vehicles.gearSystem.launchDronesKScale,x,ban_kinh,02,pass2:inline,,multiply: var origin = v.Position + SimMath.Forward(v.Heading + (k - (count - 1) * 0.5f) * 0.6f) * v.Radius;
Sim/Abilities/GearSystem.cs,552,40,0.3f,vehicles.gearSystem.launchDronesDistanceFloor,m,ban_kinh,02,pass2:inline,,"math_max: var travel = MathF.Max(0.3f, Vector2.Distance(origin, target.Position) / drone.ProjectileSpeed) + 0.15f * k;"
Sim/Abilities/GearSystem.cs,552,115,0.15f,vehicles.gearSystem.launchDronesKScale2,x,ban_kinh,02,pass2:inline,,"multiply: var travel = MathF.Max(0.3f, Vector2.Distance(origin, target.Position) / drone.ProjectileSpeed) + 0.15f * k;"
Sim/Abilities/GearSystem.cs,565,42,60f,vehicles.gearSystem.barrageStatScale,x,sat_thuong,02,pass2:inline,,"multiply: var blast = new ExplosionDef(60f * (1f + (v.Gear?.Stat(StatId.SummonPower) ?? 0f)) * ModuleScale(v), 4f, 0f, ExplosionTier.Medium);"
Sim/Abilities/GearSystem.cs,565,114,4f,vehicles.gearSystem.barrageRadius,x,sat_thuong,02,pass2:inline,,"ctor_arg:ExplosionDef: var blast = new ExplosionDef(60f * (1f + (v.Gear?.Stat(StatId.SummonPower) ?? 0f)) * ModuleScale(v), 4f, 0f, ExplosionTier.Medium);"
Sim/Abilities/GearSystem.cs,569,29,3f,vehicles.gearSystem.barrageSqrtScale,x,ban_kinh,02,pass2:inline,,multiply: var reach = 3f * MathF.Sqrt((float)_world.Random.NextDouble());
Sim/Abilities/GearSystem.cs,571,48,1.2,vehicles.gearSystem.barrageKAdd,x,sat_thuong,02,pass2:inline,,"add: _world.Damage.Queue(at, blast, 1.2 + 0.35 * k, v.Team, v, HitKind.Strike, v.Id);"
Sim/Abilities/GearSystem.cs,571,54,0.35,vehicles.gearSystem.barrageKScale,x,sat_thuong,02,pass2:inline,,"multiply: _world.Damage.Queue(at, blast, 1.2 + 0.35 * k, v.Team, v, HitKind.Strike, v.Id);"
Sim/Abilities/GearSystem.cs,600,68,2.0,vehicles.gearSystem.shotNowAdd,s,thoi_gian,02,pass2:inline,,add: if (g.Has(TraitId.SetHitAndRun)) g.HitRunUntil = now + 2.0;
Sim/Abilities/GearSystem.cs,601,102,0.7f,vehicles.gearSystem.shotRangeScale,x,ban_kinh,02,pass2:inline,,"multiply: if (g.Has(TraitId.SetDeepStrike) && Vector2.Distance(v.Position, aimAt) > weapon.Range * 0.7f) mods.Scale *= 1f + g.Trait(TraitId.SetDeepStrike).A;"
Sim/Abilities/GearSystem.cs,604,79,5f,vehicles.gearSystem.shotStreakCarryCap,count,tran,02,pass2:inline,,"math_min: mods.Scale *= 1f + g.Trait(TraitId.MomentumGun).A * MathF.Min(5f, g.StreakCarry);"
Sim/Abilities/GearSystem.cs,616,40,4f,vehicles.gearSystem.shotExtraSplash,x,sat_thuong,02,pass2:inline,,assign: mods.ExtraSplash = 4f;
Sim/Abilities/GearSystem.cs,645,58,1.5,vehicles.gearSystem.shotNowMax,s,thoi_gian,02,pass2:inline,,compare: if (!v.IsMoving && now - v.StillSince <= 1.5 && g.ScootShotAt < v.StillSince)
Sim/Abilities/GearSystem.cs,651,38,2.0,vehicles.gearSystem.shotNowAdd,s,thoi_gian,02,pass2:inline,,add: g.ScootUntil = now + 2.0;
Sim/Abilities/GearSystem.cs,660,34,2,vehicles.gearSystem.shotAFloor,x,tan_suat,02,pass2:inline,,"math_max: every = Math.Max(2, (int)g.Trait(TraitId.OverpressureChamber).A);"
Sim/Abilities/GearSystem.cs,667,37,3,vehicles.gearSystem.shotEveryTrue,x,tan_suat,02,pass2:inline,,"conditional: every = every > 0 ? 3 : Math.Max(2, (int)t.A);"
Sim/Abilities/GearSystem.cs,667,50,2,vehicles.gearSystem.shotAFloor,x,tan_suat,02,pass2:inline,,"math_max: every = every > 0 ? 3 : Math.Max(2, (int)t.A);"
Sim/Abilities/GearSystem.cs,674,36,4f,vehicles.gearSystem.shotExtraSplash,x,sat_thuong,02,pass2:inline,,assign: mods.ExtraSplash = 4f;
Sim/Abilities/GearSystem.cs,700,72,2,vehicles.gearSystem.extraRoundsAFloor,x,nguong,02,pass2:inline,,"math_max: if (g.Has(TraitId.SetStrafingRun) && ++g.Salvos % Math.Max(2, (int)g.Trait(TraitId.SetStrafingRun).A) == 0)"
Sim/Abilities/GearSystem.cs,716,42,2,vehicles.gearSystem.machineGunRoundAFloor,x,nguong,02,pass2:inline,,"math_max: return ++g.Salvos % Math.Max(2, (int)g.Trait(TraitId.SetStrafingRun).A) == 0 ? 2f : 1f;"
Sim/Abilities/GearSystem.cs,716,92,2f,vehicles.gearSystem.machineGunRoundSalvosTrue,x,nguong,02,pass2:inline,,"conditional: return ++g.Salvos % Math.Max(2, (int)g.Trait(TraitId.SetStrafingRun).A) == 0 ? 2f : 1f;"
Sim/Abilities/GearSystem.cs,770,46,0.1f,vehicles.gearSystem.spreadFactorCutFloor,x,nguong,02,pass2:inline,,"math_max: if (cut > 0f) f *= MathF.Max(0.1f, 1f - cut);"
Sim/Abilities/GearSystem.cs,799,130,2.0,vehicles.gearSystem.tauntsTimeMin,s,thoi_gian,02,pass2:inline,,compare: target.Gear != null && target.Gear.Has(TraitId.SetBulwark) && !target.IsMoving && _world.Time - target.StillSince >= 2.0 &&
Sim/Abilities/GearSystem.cs,800,75,25f,vehicles.gearSystem.tauntsScale,x,ban_kinh,02,pass2:inline,,"multiply: Vector2.DistanceSquared(target.Position, shooter.Position) <= 25f * 25f;"
Sim/Abilities/GearSystem.cs,800,81,25f,vehicles.gearSystem.tauntsScale,x,ban_kinh,02,pass2:inline,,"multiply: Vector2.DistanceSquared(target.Position, shooter.Position) <= 25f * 25f;"
Sim/Abilities/GearSystem.cs,833,76,5f,vehicles.gearSystem.onDirectHitStreakCarryCap,count,tran,02,pass2:inline,,"math_min: if (g.StreakTarget == tv.Id) g.StreakCarry = MathF.Min(5f, g.StreakCarry + c);"
Sim/Abilities/GearSystem.cs,837,51,5f,vehicles.gearSystem.onDirectHitCCap,count,tran,02,pass2:inline,,"math_min: g.StreakCarry = MathF.Min(5f, c);"
Sim/Abilities/GearSystem.cs,856,94,5f,vehicles.gearSystem.onDirectHitGapFloor,m,ban_kinh,02,pass2:inline,,"math_max: _world.Status.Shred(tv, g.Trait(TraitId.ShredderRounds).A, MathF.Max(5f, gap * 2f), 5, c);"
Sim/Abilities/GearSystem.cs,856,104,2f,vehicles.gearSystem.onDirectHitGapScale,x,ban_kinh,02,pass2:inline,,"multiply: _world.Status.Shred(tv, g.Trait(TraitId.ShredderRounds).A, MathF.Max(5f, gap * 2f), 5, c);"
Sim/Abilities/GearSystem.cs,856,109,5,vehicles.gearSystem.onDirectHitMaxStacks,m,ban_kinh,02,pass2:inline,,"arg:StatusSystem.Shred: _world.Status.Shred(tv, g.Trait(TraitId.ShredderRounds).A, MathF.Max(5f, gap * 2f), 5, c);"
Sim/Abilities/GearSystem.cs,861,96,2f,vehicles.gearSystem.onDirectHitGapFloor2,m,ban_kinh,02,pass2:inline,,"math_max: _world.Status.Slow(tv, g.Trait(TraitId.SuppressionRounds).A, MathF.Max(2f, gap * 1.25f));"
Sim/Abilities/GearSystem.cs,861,106,1.25f,vehicles.gearSystem.onDirectHitGapScale2,x,ban_kinh,02,pass2:inline,,"multiply: _world.Status.Slow(tv, g.Trait(TraitId.SuppressionRounds).A, MathF.Max(2f, gap * 1.25f));"
Sim/Abilities/GearSystem.cs,866,98,3f,vehicles.gearSystem.onDirectHitGapFloor3,m,ban_kinh,02,pass2:inline,,"math_max: _world.Status.Suppress(tv, g.Trait(TraitId.SuppressiveFire).A, MathF.Max(3f, gap * 1.25f));"
Sim/Abilities/GearSystem.cs,866,108,1.25f,vehicles.gearSystem.onDirectHitGapScale2,x,ban_kinh,02,pass2:inline,,"multiply: _world.Status.Suppress(tv, g.Trait(TraitId.SuppressiveFire).A, MathF.Max(3f, gap * 1.25f));"
Sim/Abilities/GearSystem.cs,872,74,1.5f,vehicles.gearSystem.onDirectHitGapScale3,x,ban_kinh,02,pass2:inline,,"multiply: _world.Status.Mark(tv, t.A, MathF.Max(t.B, gap * 1.5f), v.Team, 0.1f);"
Sim/Abilities/GearSystem.cs,872,89,0.1f,vehicles.gearSystem.onDirectHitReach,m,ban_kinh,02,pass2:inline,,"arg:StatusSystem.Mark: _world.Status.Mark(tv, t.A, MathF.Max(t.B, gap * 1.5f), v.Team, 0.1f);"
Sim/Abilities/GearSystem.cs,887,62,0.05f,vehicles.gearSystem.onDirectHitEarnedFloor,x,nguong,02,pass2:inline,,"math_max: Ricochet(p, v, g, struck, 1f / MathF.Max(0.05f, earned));"
Sim/Abilities/GearSystem.cs,907,36,0.05f,vehicles.gearSystem.ricochetSqrtFloor,x,tan_suat,02,pass2:inline,,"math_max: var travel = MathF.Max(0.05f, MathF.Sqrt(best) / MathF.Max(1f, p.Weapon.ProjectileSpeed));"
Sim/Abilities/GearSystem.cs,960,99,0.3f,vehicles.gearSystem.outgoingMaxHpScale,x,sat_thuong,02,pass2:inline,,multiply: if (g.Has(TraitId.Executioner) && target is Vehicle && target.Hp < target.MaxHp * 0.3f)
Sim/Abilities/GearSystem.cs,1006,68,3f,vehicles.gearSystem.fireLinkBFalse,s,thoi_gian,02,pass2:inline,,"conditional: if (mark.ByOther(tower.Id, now - (t.B > 0f ? t.B : 3f)))"
Sim/Abilities/GearSystem.cs,1034,121,30,vehicles.gearSystem.counterBatteryTeamMin,count,gioi_han_thuc_the,02,pass2:inline,,compare: if (hit.Attacker is not { } shooter || !shooter.IsAlive || shooter.Team == v.Team || v.Team < 0 || v.Team > 30) return;
Sim/Abilities/GearSystem.cs,1072,57,1.1f,vehicles.gearSystem.incomingM,s,thoi_gian,02,pass2:inline,,compound_assign: if (burn.Flag && burn.Until > now) m *= 1.1f;
Sim/Abilities/GearSystem.cs,1083,80,0.6f,vehicles.gearSystem.incomingCutMax,x,nguong,02,pass2:inline,,"math_clamp: if (hit.Kind == HitKind.Burn) return m * (1f - Math.Clamp(cut, 0f, 0.6f));"
Sim/Abilities/GearSystem.cs,1095,61,30.0,vehicles.gearSystem.incomingNowAdd,s,thoi_gian,02,pass2:inline,,add: g.Ready[(int)TraitId.MineSweep] = now + 30.0;
Sim/Abilities/GearSystem.cs,1103,83,2.0,vehicles.gearSystem.incomingNowMin,s,thoi_gian,02,pass2:inline,,compare: if (g.Has(TraitId.SetBulwark) && !v.IsMoving && now - v.StillSince >= 2.0) cut += g.Trait(TraitId.SetBulwark).A;
Sim/Abilities/GearSystem.cs,1104,114,0.2f,vehicles.gearSystem.incomingCut,s,thoi_gian,02,pass2:inline,,compound_assign: if (g.Has(TraitId.RapidDeployment) && now - g.SpawnedAt < g.Trait(TraitId.RapidDeployment).A) cut += 0.2f;
Sim/Abilities/GearSystem.cs,1106,43,0.7f,vehicles.gearSystem.incomingCutMax2,x,nguong,02,pass2:inline,,"math_clamp: m *= 1f - Math.Clamp(cut, 0f, 0.7f);"
Sim/Abilities/GearSystem.cs,1114,22,0.5f,vehicles.gearSystem.incomingM2,x,khac,02,pass2:inline,,compound_assign: m *= 0.5f;
Sim/Abilities/GearSystem.cs,1118,43,2,vehicles.gearSystem.incomingAFloor,x,nguong,02,pass2:inline,,"math_max: ++g.GlacisHits % Math.Max(2, (int)g.Trait(TraitId.AngledGlacis).A) == 0)"
Sim/Abilities/GearSystem.cs,1136,38,0.01f,vehicles.gearSystem.frontalLengthSquaredMax,m,ban_kinh,02,pass2:inline,,compare: if (to.LengthSquared() < 0.01f) return false;
Sim/Abilities/GearSystem.cs,1150,38,0.5f,vehicles.gearSystem.soakWithinScale,x,sat_thuong,02,pass2:inline,,multiply: return damage - within * 0.5f;
Sim/Abilities/GearSystem.cs,1160,78,100f,vehicles.gearSystem.redirectDistanceSquaredMin,m,ban_kinh,02,pass2:inline,,"compare: if (Vector2.DistanceSquared(guardian.Position, v.Position) > 100f) continue;"
Sim/Abilities/GearSystem.cs,1192,59,4,vehicles.gearSystem.afterDamagedAdaptCap,count,sat_thuong,02,pass2:inline,,"math_min: g.Adapt[i] = g.AdaptUntil[i] > now ? Math.Min(4, g.Adapt[i] + 1) : 1;"
Sim/Abilities/GearSystem.cs,1193,37,6.0,vehicles.gearSystem.afterDamagedNowAdd,x,sat_thuong,02,pass2:inline,,add: g.AdaptUntil[i] = now + 6.0;
Sim/Abilities/GearSystem.cs,1194,31,4,vehicles.gearSystem.afterDamagedAdaptIs,x,sat_thuong,02,pass2:inline,,"equals: if (g.Adapt[i] == 4) Proc(v, TraitId.AdaptivePlating);"
Sim/Abilities/GearSystem.cs,1216,56,4f,vehicles.gearSystem.onDeathHitIntervalFloor,s,sat_thuong,02,pass2:inline,,"math_max: kg.KillFireUntil = now + MathF.Max(4f, HitInterval(killer.Arms[0]) * 1.5f);"
Sim/Abilities/GearSystem.cs,1216,90,1.5f,vehicles.gearSystem.onDeathHitIntervalScale,x,sat_thuong,02,pass2:inline,,"multiply: kg.KillFireUntil = now + MathF.Max(4f, HitInterval(killer.Arms[0]) * 1.5f);"
Sim/Abilities/GearSystem.cs,1226,96,100f,vehicles.gearSystem.onDeathDistanceSquaredMin,m,sat_thuong,02,pass2:inline,,"compare: if (!self && Vector2.DistanceSquared(ally.Position, killer.Position) > 100f) continue;"
Sim/Abilities/GearSystem.cs,1227,83,0.5f,vehicles.gearSystem.onDeathSelfFalse,x,sat_thuong,02,pass2:inline,,"conditional: var amount = Heal(ally, ally.MaxHp * share * (self ? 1f : 0.5f) * RepairFactor(ally, now));"
Sim/Abilities/GearSystem.cs,1245,95,8f,vehicles.gearSystem.onDeathBFalse,x,sat_thuong,02,pass2:inline,,"conditional: _world.Damage.Queue(victim.Position, new ExplosionDef(blast, t.B > 0f ? t.B : 8f, 0f, ExplosionTier.Large), 0.15, victim.Team,"
Sim/Abilities/GearSystem.cs,1245,125,0.15,vehicles.gearSystem.onDeathDelay,x,sat_thuong,02,pass2:inline,,"arg:DamageSystem.Queue: _world.Damage.Queue(victim.Position, new ExplosionDef(blast, t.B > 0f ? t.B : 8f, 0f, ExplosionTier.Large), 0.15, victim.Team,"
Sim/Abilities/GearSystem.cs,1258,76,25f,vehicles.gearSystem.onDeathScale,x,ban_kinh,02,pass2:inline,,"multiply: if (Vector2.DistanceSquared(v.Position, victim.Position) > 25f * 25f) continue;"
Sim/Abilities/GearSystem.cs,1258,82,25f,vehicles.gearSystem.onDeathScale,x,ban_kinh,02,pass2:inline,,"multiply: if (Vector2.DistanceSquared(v.Position, victim.Position) > 25f * 25f) continue;"
Sim/Abilities/GearSystem.cs,1260,47,5,vehicles.gearSystem.onDeathCrownStacksCap,count,tran,02,pass2:inline,,"math_min: v.Gear.CrownStacks = Math.Min(5, v.Gear.CrownStacks + 1);"
Sim/Abilities/GearSystem.cs,1286,77,10f,vehicles.gearSystem.empPayloadSpecialPower2False,m,ban_kinh,02,pass2:inline,,conditional: var radius = victim.SpecialPower2 > 0f ? victim.SpecialPower2 : 10f;
Sim/Abilities/SupplySystem.cs,92,44,5,vehicles.supplySystem.stepValueMod,s,thoi_gian,02,pass2:inline,,modulo: if (((v.Id.Value + tick) % 5) == 0)
Sim/Abilities/SupplySystem.cs,120,89,20,vehicles.supplySystem.decideValueMod,s,thoi_gian,02,pass2:inline,,modulo: if (v.RearmAt == RearmSite.Holding && ((v.Id.Value + _world.Tick) % 20) == 0) v.HoldPoint = HoldingPoint(v);
Sim/Abilities/SupplySystem.cs,134,89,20,vehicles.supplySystem.decideValueMod,s,thoi_gian,02,pass2:inline,,modulo: if (v.RearmAt == RearmSite.Holding && ((v.Id.Value + _world.Tick) % 20) == 0) v.HoldPoint = HoldingPoint(v);
Sim/Abilities/SupplySystem.cs,163,68,1.4f,vehicles.supplySystem.canBreakOffRangeScale,x,ban_kinh,02,pass2:inline,,multiply: return !(ahead > 0f && to.Length() < v.Arms[0].Range * 1.4f);
Sim/Abilities/SupplySystem.cs,175,29,0.999f,vehicles.supplySystem.readyToFightShareMin,x,nguong,02,pass2:inline,,compare: return share >= 0.999f && v.Order.Kind is OrderKind.Idle or OrderKind.Move or OrderKind.Retreat;
Sim/Abilities/SupplySystem.cs,184,54,50f,vehicles.supplySystem.hasWorkVisionRangeFloor,m,ban_kinh,02,pass2:inline,,"math_max: var reach = MathF.Max(v.Def.VisionRange, 50f) + (v.Def.Interceptor ? v.Def.Weapon.Range * 1.4f : 20f);"
Sim/Abilities/SupplySystem.cs,184,103,1.4f,vehicles.supplySystem.hasWorkRangeScale,x,ban_kinh,02,pass2:inline,,"multiply: var reach = MathF.Max(v.Def.VisionRange, 50f) + (v.Def.Interceptor ? v.Def.Weapon.Range * 1.4f : 20f);"
Sim/Abilities/SupplySystem.cs,184,110,20f,vehicles.supplySystem.hasWorkInterceptorFalse,m,ban_kinh,02,pass2:inline,,"conditional: var reach = MathF.Max(v.Def.VisionRange, 50f) + (v.Def.Interceptor ? v.Def.Weapon.Range * 1.4f : 20f);"
Sim/Abilities/SupplySystem.cs,221,79,14f,vehicles.supplySystem.orbitSpeedFloor,m/s,tan_suat,02,pass2:inline,,"math_max: internal static float Orbit(Vehicle v) => v.Def.FixedWing ? MathF.Max(14f, v.Def.Speed / v.Def.TurnRate * 1.6f) : 0f;"
Sim/Abilities/SupplySystem.cs,221,115,1.6f,vehicles.supplySystem.orbitSpeedScale,x,tan_suat,02,pass2:inline,,"multiply: internal static float Orbit(Vehicle v) => v.Def.FixedWing ? MathF.Max(14f, v.Def.Speed / v.Def.TurnRate * 1.6f) : 0f;"
Sim/Abilities/SupplySystem.cs,232,35,4f,vehicles.supplySystem.chooseSiteSpeedFloor,m/s,tan_suat,02,pass2:inline,,"math_max: var speed = MathF.Max(4f, v.Def.Speed);"
Sim/Abilities/SupplySystem.cs,250,41,0.6f,vehicles.supplySystem.chooseSiteMaxHpScale,x,sat_thuong,02,pass2:inline,,multiply: var hurt = v.Hp < v.MaxHp * 0.6f;
Sim/Abilities/SupplySystem.cs,251,61,1.5f,vehicles.supplySystem.chooseSiteTimeScale,x,sat_thuong,02,pass2:inline,,multiply: var pick = hurt && healBest.time <= best.time * 1.5f + 5f ? healBest : best;
Sim/Abilities/SupplySystem.cs,251,68,5f,vehicles.supplySystem.chooseSiteTimeAdd,x,sat_thuong,02,pass2:inline,,add: var pick = hurt && healBest.time <= best.time * 1.5f + 5f ? healBest : best;
Sim/Abilities/SupplySystem.cs,297,34,40f,vehicles.supplySystem.carrierSpeedFloor,m/s,tan_suat,02,pass2:inline,,"math_max: var best = MathF.Max(40f, v.Def.Speed * 5f);"
Sim/Abilities/SupplySystem.cs,297,53,5f,vehicles.supplySystem.carrierSpeedScale,x,tan_suat,02,pass2:inline,,"multiply: var best = MathF.Max(40f, v.Def.Speed * 5f);"
Sim/Abilities/SupplySystem.cs,332,40,25f,vehicles.supplySystem.holdingPointLengthSquaredMax,m,ban_kinh,02,pass2:inline,,compare: if (back.LengthSquared() < 25f)
Sim/Abilities/SupplySystem.cs,337,43,0.01f,vehicles.supplySystem.holdingPointLengthSquaredMin,m,ban_kinh,02,pass2:inline,,compare: back = back.LengthSquared() > 0.01f ? Vector2.Normalize(back) : -SimMath.Forward(v.Heading);
Sim/Abilities/SupplySystem.cs,339,33,30f,vehicles.supplySystem.holdingPointSpeedFloor,m/s,tan_suat,02,pass2:inline,,"math_max: var far = MathF.Max(30f, v.Def.Speed * HoldFlight);"
Sim/Abilities/SupplySystem.cs,340,82,1.3f,vehicles.supplySystem.holdingPointSpeedScale,x,tan_suat,02,pass2:inline,,multiply: var edge = orbit + (v.Def.FixedWing ? v.Def.Speed / v.Def.TurnRate * 1.3f + 4f : 6f);
Sim/Abilities/SupplySystem.cs,340,89,4f,vehicles.supplySystem.holdingPointSpeedAdd,m/s,tan_suat,02,pass2:inline,,add: var edge = orbit + (v.Def.FixedWing ? v.Def.Speed / v.Def.TurnRate * 1.3f + 4f : 6f);
Sim/Abilities/SupplySystem.cs,340,94,6f,vehicles.supplySystem.holdingPointFixedWingFalse,x,tan_suat,02,pass2:inline,,conditional: var edge = orbit + (v.Def.FixedWing ? v.Def.Speed / v.Def.TurnRate * 1.3f + 4f : 6f);
Sim/Abilities/SupplySystem.cs,343,70,2f,vehicles.supplySystem.holdingPointSpeedScale2,x,tan_suat,02,pass2:inline,,"multiply: var near = MathF.Min(far, anchor == from ? v.Def.Speed * 2f : MathF.Max(20f, v.Def.Speed * 1.2f));"
Sim/Abilities/SupplySystem.cs,343,85,20f,vehicles.supplySystem.holdingPointSpeedFloor2,m/s,tan_suat,02,pass2:inline,,"math_max: var near = MathF.Min(far, anchor == from ? v.Def.Speed * 2f : MathF.Max(20f, v.Def.Speed * 1.2f));"
Sim/Abilities/SupplySystem.cs,343,104,1.2f,vehicles.supplySystem.holdingPointSpeedScale3,x,tan_suat,02,pass2:inline,,"multiply: var near = MathF.Min(far, anchor == from ? v.Def.Speed * 2f : MathF.Max(20f, v.Def.Speed * 1.2f));"
Sim/Abilities/SupplySystem.cs,396,73,1.2f,vehicles.supplySystem.airReachInterceptorTrue,m,ban_kinh,02,pass2:inline,,"conditional: reach = MathF.Max(reach, w.Range * (e.Def.Interceptor ? 1.2f : 1f));"
Sim/Abilities/SupplySystem.cs,448,146,2f,vehicles.supplySystem.siteRateAirReachAdd,m,ban_kinh,02,pass2:inline,,"add: return Pad(v.Team, out var pad, out var branch) && Vector2.Distance(pad.Position, v.Position) <= pad.Def.Utility!.AirReach + 2f ? PadRate * branch : 1"
Sim/Content/Catalog.Extra.cs,48,147,0.1f,vehicles.eliteRules.budgetForTryGetValueFalse,x,nguong,02,pass2:inline,,"conditional: difficulty != null && Budget.TryGetValue(difficulty, out var share) ? share : Budget.TryGetValue(""Normal"", out var normal) ? normal : 0.1f;"
Sim/Content/Catalog.Extra.cs,52,137,2,vehicles.eliteRules.capForTryGetValueFalse,count,tran,02,pass2:inline,,"conditional: difficulty != null && Cap.TryGetValue(difficulty, out var cap) ? cap : Cap.TryGetValue(""Normal"", out var normal) ? normal : 2;"
Sim/Content/Catalog.Extra.cs,58,108,0.1f,vehicles.eliteRules.powerEdgeCostScaleFloor,CP,nguong,02,pass2:inline,,"math_max: public float PowerEdge(float share) => MathF.Max(0f, share) * MathF.Max(0f, PowerRatio / MathF.Max(0.1f, CostScale) - 1f);"
Sim/Content/Catalog.Extra.cs,138,101,0.5f,vehicles.catalog.parseExtrasFloatMin3,s,thoi_gian,02,pass2:inline,,"math_clamp: def.DropDelay = Math.Clamp(v.Float(""dropDelay"", Economy.EconomySystem.DeliverySeconds), 0.5f, 30f);"
Sim/Content/Catalog.Extra.cs,138,107,30f,vehicles.catalog.parseExtrasFloatMax4,s,thoi_gian,02,pass2:inline,,"math_clamp: def.DropDelay = Math.Clamp(v.Float(""dropDelay"", Economy.EconomySystem.DeliverySeconds), 0.5f, 30f);"
Sim/Content/Catalog.Extra.cs,228,98,10f,vehicles.catalog.parseExtrasCountFalse2,count,gioi_han_thuc_the,02,pass2:inline,,"conditional: Ramp = new Vector2(ramp.Count > 0 ? ramp[0] : 0f, ramp.Count > 1 ? ramp[1] : 10f),"
Sim/Content/Catalog.Extra.cs,339,81,2,vehicles.catalog.finishExtrasFallback,m,ban_kinh,02,pass2:inline,,"arg:JsonObject.Int: foreach (var key in cap.Keys) rules.Cap[key] = cap.Int(key, 2);"
Sim/Content/Catalog.Extra.cs,400,74,0.05f,vehicles.catalog.finishExtrasCooldownFloor,s,sat_thuong,02,pass2:inline,,"math_max: if (crush.Dps < 0f) crush.Dps = w.Damage / MathF.Max(0.05f, w.Cooldown);"
Sim/Content/Catalog.Extra.cs,401,67,0.5f,vehicles.catalog.finishExtrasRangeFloor,m,ban_kinh,02,pass2:inline,,"math_max: if (crush.Reach < 0f) crush.Reach = MathF.Max(0.5f, w.Range);"
Sim/Content/Catalog.P25A.cs,274,246,0.9f,vehicles.catalog.parseP25AFloatMax,x,sat_thuong,02,pass2:inline,,"math_clamp: Radius = MathF.Max(1f, o.Float(""radius"", global::MachineBrigade.Sim.Content.SimTunables.Bases.BlastWall.RadiusM)), Cut = Math.Clamp(o.Float(""cut"", glo"
Sim/Content/Catalog.P25A.cs,286,377,10f,vehicles.catalog.parseP25AFloatMax4,x,sat_thuong,02,pass2:inline,,"math_clamp: Radius = MathF.Max(1f, o.Float(""radius"", global::MachineBrigade.Sim.Content.SimTunables.Bases.FireControl.RadiusM)), Damage = Math.Clamp(o.Float(""dama"
Sim/Content/Catalog.P25A.cs,294,71,5f,vehicles.catalog.parseP25AFloatFloor3,s,thoi_gian,02,pass2:inline,,"math_max: Units = o.StringArray(""units""), Every = MathF.Max(5f, o.Float(""every"", global::MachineBrigade.Sim.Content.SimTunables.Bases.Hangar.EverySeconds)), Ali"
Sim/Content/Catalog.P25A.cs,313,294,0.9f,vehicles.catalog.parseP25AFloatMax,m,ban_kinh,02,pass2:inline,,"math_clamp: def.Searchlight = new SearchlightDef { Radius = MathF.Max(1f, o.Float(""radius"", global::MachineBrigade.Sim.Content.SimTunables.Bases.Searchlight.Radiu"
Sim/Content/Catalog.P25A.cs,318,281,5f,vehicles.catalog.parseP25AFloatMax5,m,ban_kinh,02,pass2:inline,,"math_clamp: def.Balloon = new BalloonDef { Radius = MathF.Max(1f, o.Float(""radius"", global::MachineBrigade.Sim.Content.SimTunables.Bases.Balloon.RadiusM)), Scatte"
Sim/Content/Catalog.P25A.cs,328,269,0.9f,vehicles.catalog.parseP25AFloatMax,m,ban_kinh,02,pass2:inline,,"math_clamp: def.Shelter = new ShelterDef { Radius = MathF.Max(1f, o.Float(""radius"", global::MachineBrigade.Sim.Content.SimTunables.Bases.Shelter.RadiusM)), Cut = "
Sim/Content/Catalog.P25A.cs,344,237,5f,vehicles.catalog.parseP25AFloatMin2,m,ban_kinh,02,pass2:inline,,"math_clamp: Range = MathF.Max(1f, o.Float(""range"", global::MachineBrigade.Sim.Content.SimTunables.Bases.Microwave.RangeM)), Arc = Math.Clamp(o.Float(""arc"", global"
Sim/Content/Catalog.P25A.cs,344,241,360f,vehicles.catalog.parseP25AFloatMax6,m,ban_kinh,02,pass2:inline,,"math_clamp: Range = MathF.Max(1f, o.Float(""range"", global::MachineBrigade.Sim.Content.SimTunables.Bases.Microwave.RangeM)), Arc = Math.Clamp(o.Float(""arc"", global"
Sim/Content/Catalog.P25A.cs,344,249,0.5f,vehicles.catalog.parseP25AClampScale,x,ban_kinh,02,pass2:inline,,"multiply: Range = MathF.Max(1f, o.Float(""range"", global::MachineBrigade.Sim.Content.SimTunables.Bases.Microwave.RangeM)), Arc = Math.Clamp(o.Float(""arc"", global"
Sim/Content/Catalog.P25A.cs,344,267,180f,vehicles.catalog.parseP25AClampDivisor,x,ban_kinh,02,pass2:inline,,"divide: Range = MathF.Max(1f, o.Float(""range"", global::MachineBrigade.Sim.Content.SimTunables.Bases.Microwave.RangeM)), Arc = Math.Clamp(o.Float(""arc"", global"
Sim/Content/Catalog.P25A.cs,345,42,0.5f,vehicles.catalog.parseP25AFloatFloor4,s,thoi_gian,02,pass2:inline,,"math_max: Cooldown = MathF.Max(0.5f, o.Float(""cooldown"", global::MachineBrigade.Sim.Content.SimTunables.Bases.Microwave.CooldownSeconds)),"
Sim/Content/Catalog.P25A.cs,354,181,5f,vehicles.catalog.parseP25AFloatFloor3,s,thoi_gian,02,pass2:inline,,"math_max: Proxy = o.String(""proxy""), Fall = MathF.Max(1f, o.Float(""fall"", global::MachineBrigade.Sim.Content.SimTunables.Bases.Paradrop.FallSeconds)), Height = "
Sim/Content/Catalog.P25A.cs,361,70,2f,vehicles.catalog.parseP25AFloatFloor5,s,thoi_gian,02,pass2:inline,,"math_max: def.ReconPass = new ReconPassDef { Width = MathF.Max(2f, o.Float(""width"", global::MachineBrigade.Sim.Content.SimTunables.Bases.ReconPass.WidthM)), Sec"
Sim/Content/Catalog.cs,82,126,24,vehicles.catalog.armyCapForTryGetValueFalse,count,tran,02,pass2:inline,,"conditional: mode != null && ArmyCaps.TryGetValue(mode, out var cap) ? cap : ArmyCaps.TryGetValue(""default"", out var d) ? d : 24;"
Sim/Content/Catalog.cs,111,53,8.5f,vehicles.catalog.defaultRearmDefaultRearm,s,thoi_gian,02,pass2:inline,,return: if (!def.FixedWing || def.Drone) return 8.5f;
Sim/Content/Catalog.cs,112,41,11f,vehicles.catalog.defaultRearmDefaultRearm2,s,thoi_gian,02,pass2:inline,,return: if (def.Interceptor) return 11f;
Sim/Content/Catalog.cs,113,67,21f,vehicles.catalog.defaultRearmProjectileTrue,s,thoi_gian,02,pass2:inline,,conditional: return def.Weapon.Projectile == ProjectileKind.Bomb ? 21f : 14f;
Sim/Content/Catalog.cs,113,73,14f,vehicles.catalog.defaultRearmProjectileFalse,s,thoi_gian,02,pass2:inline,,conditional: return def.Weapon.Projectile == ProjectileKind.Bomb ? 21f : 14f;
Sim/Content/Catalog.cs,125,68,1400f,vehicles.catalog.inferClassMaxHpMin,count,sat_thuong,02,pass2:inline,,compare: if (def.Armor == ArmorClass.Heavy) return def.MaxHp >= 1400f ? UnitClass.Heavy : UnitClass.Tank;
Sim/Content/Catalog.cs,126,33,11f,vehicles.catalog.inferClassSpeedMin,m/s,tan_suat,02,pass2:inline,,compare: return def.Speed >= 11f ? UnitClass.Scout : UnitClass.Light;
Sim/Content/Catalog.cs,291,73,2,vehicles.catalog.fromJsonLevel,x,sat_thuong,02,pass2:inline,,"arg:ArmourLevels.Uniform: else def.SetArmour(structure ? ArmourLevels.Uniform(2) : def.Armour, structure);"
Sim/Content/Catalog.cs,309,43,3,vehicles.catalog.fromJsonCountIs,count,gioi_han_thuc_the,02,pass2:inline,,equals: if (size.Count != 3 || size[0] <= 0f || size[1] <= 0f || size[2] <= 0f)
Sim/Content/Catalog.cs,527,60,32,vehicles.catalog.fromJsonFallback,count,tran,02,pass2:inline,,"arg:Catalog.ReadCaps: VehicleCaps = ReadCaps(root, ""vehicleCap"", 32),"
Sim/Content/Catalog.cs,606,82,2f,vehicles.catalog.readSharesFloatMax,share,ban_kinh,02,pass2:inline,,"math_clamp: foreach (var k in o.Keys) shares[k] = Math.Clamp(o.Float(k, 0f), 0f, 2f);"
Sim/Content/Catalog.cs,640,64,24,vehicles.catalog.readArmyCapsFallback,m,ban_kinh,02,pass2:inline,,"arg:JsonObject.Int: foreach (var key in o.Keys) caps[key] = o.Int(key, 24);"
Sim/Content/Catalog.cs,651,55,2f,vehicles.catalog.withEdgeSplashRadiusMax,m,sat_thuong,02,pass2:inline,,compare: if (w.SplashEdge > 0f || w.SplashRadius < 2f || w.Beam || w.Flak || w.Targets == TargetLayers.Air) return w;
Sim/Content/Commanders.cs,36,34,0.05f,vehicles.commanders.kade1DamageArmy,x,sat_thuong,02,pass2:static initializer is an expression,,"arg:Commanders.L: L(StatId.Damage, 0.05f, CommanderReach.Army), L(StatId.Health, 0.05f, CommanderReach.Army)),"
Sim/Content/Commanders.cs,36,80,0.05f,vehicles.commanders.kade2HealthArmy,x,sat_thuong,02,pass2:static initializer is an expression,,"arg:Commanders.L: L(StatId.Damage, 0.05f, CommanderReach.Army), L(StatId.Health, 0.05f, CommanderReach.Army)),"
Sim/Content/Commanders.cs,40,58,0.8f,vehicles.commanders.lindPricesScale,x,ban_kinh,02,pass2:static initializer is an expression,,"arg:Commanders.P: Prices = new[] { P(PriceReach.Engineers, 0.8f) },"
Sim/Content/Commanders.cs,41,51,-0.10f,vehicles.commanders.lindLinesValue,x,sat_thuong,02,pass2:static initializer is an expression,,"arg:Commanders.L: Lines = new[] { L(StatId.Damage, -0.10f, CommanderReach.Aircraft) },"
Sim/Content/Commanders.cs,46,135,1.15f,vehicles.commanders.reyesAirRearm,s,thoi_gian,02,pass2:static initializer is an expression,,"object_init: Id = ""reyes"", Family = CommanderFamily.Combat, Portrait = ""dieuhau"", Unlock = ""c3"", Style = DeckStyle.Air, AirRearm = 1.15f, AirCap = 1,"
Sim/Content/Commanders.cs,47,34,0.85f,vehicles.commanders.reyesStrikeCooldown,s,thoi_gian,02,pass2:static initializer is an expression,,"object_init: StrikeCooldown = 0.85f,"
Sim/Content/Commanders.cs,50,38,0.10f,vehicles.commanders.reyesLines1Value,x,sat_thuong,02,pass2:static initializer is an expression,,"arg:Commanders.L: L(StatId.Damage, 0.10f, CommanderReach.Aircraft), L(StatId.Health, 0.20f, CommanderReach.Aircraft),"
Sim/Content/Commanders.cs,50,88,0.20f,vehicles.commanders.reyesLines2Value,x,sat_thuong,02,pass2:static initializer is an expression,,"arg:Commanders.L: L(StatId.Damage, 0.10f, CommanderReach.Aircraft), L(StatId.Health, 0.20f, CommanderReach.Aircraft),"
Sim/Content/Commanders.cs,51,46,0.15f,vehicles.commanders.reyesLines3Value,s,thoi_gian,02,pass2:static initializer is an expression,,"arg:Commanders.L: L(StatId.MagazineReload, 0.15f, CommanderReach.Aircraft),"
Sim/Content/Commanders.cs,52,39,-0.10f,vehicles.commanders.reyesLines4Value,x,sat_thuong,02,pass2:static initializer is an expression,,"arg:Commanders.L: L(StatId.Health, -0.10f, CommanderReach.Towers),"
Sim/Content/Commanders.cs,57,137,1.25f,vehicles.commanders.kerrStealthSight,m,ban_kinh,02,pass2:static initializer is an expression,,"object_init: Id = ""kerr"", Family = CommanderFamily.Combat, Portrait = ""linh"", Unlock = ""c4"", Style = DeckStyle.Recon, StealthSight = 1.25f, ExposedTaken = 1.05f,"
Sim/Content/Commanders.cs,57,159,1.05f,vehicles.commanders.kerrExposedTaken,m,ban_kinh,02,pass2:static initializer is an expression,,"object_init: Id = ""kerr"", Family = CommanderFamily.Combat, Portrait = ""linh"", Unlock = ""c4"", Style = DeckStyle.Recon, StealthSight = 1.25f, ExposedTaken = 1.05f,"
Sim/Content/Commanders.cs,58,50,0.15f,vehicles.commanders.kerrLines1Value,x,sat_thuong,02,pass2:static initializer is an expression,,"arg:Commanders.L: Lines = new[] { L(StatId.Vision, 0.15f, CommanderReach.Army), L(StatId.Health, -0.05f, CommanderReach.Heavy) },"
Sim/Content/Commanders.cs,58,97,-0.05f,vehicles.commanders.kerrLines2Value,x,sat_thuong,02,pass2:static initializer is an expression,,"arg:Commanders.L: Lines = new[] { L(StatId.Vision, 0.15f, CommanderReach.Army), L(StatId.Health, -0.05f, CommanderReach.Heavy) },"
Sim/Content/Commanders.cs,65,38,0.15f,vehicles.commanders.vennLines1Value,x,sat_thuong,02,pass2:static initializer is an expression,,"arg:Commanders.L: L(StatId.Health, 0.15f, CommanderReach.DroneUnits), L(StatId.Damage, 0.10f, CommanderReach.Drones),"
Sim/Content/Commanders.cs,65,90,0.10f,vehicles.commanders.vennLines2Value,x,sat_thuong,02,pass2:static initializer is an expression,,"arg:Commanders.L: L(StatId.Health, 0.15f, CommanderReach.DroneUnits), L(StatId.Damage, 0.10f, CommanderReach.Drones),"
Sim/Content/Commanders.cs,67,43,0.10f,vehicles.commanders.vennLines3Value,m,ban_kinh,02,pass2:static initializer is an expression,,"arg:Commanders.L: L(StatId.SummonPower, 0.10f, CommanderReach.Army),"
Sim/Content/Commanders.cs,68,39,-0.05f,vehicles.commanders.vennLines4Value,x,sat_thuong,02,pass2:static initializer is an expression,,"arg:Commanders.L: L(StatId.Damage, -0.05f, CommanderReach.Tanks),"
Sim/Content/Commanders.cs,78,37,0.15f,vehicles.commanders.mendezLines1Value,x,sat_thuong,02,pass2:static initializer is an expression,,"arg:Commanders.L: L(StatId.Speed, 0.15f, CommanderReach.Vehicles), L(StatId.Health, 0.15f, CommanderReach.Light),"
Sim/Content/Commanders.cs,78,87,0.15f,vehicles.commanders.mendezLines2Value,x,sat_thuong,02,pass2:static initializer is an expression,,"arg:Commanders.L: L(StatId.Speed, 0.15f, CommanderReach.Vehicles), L(StatId.Health, 0.15f, CommanderReach.Light),"
Sim/Content/Commanders.cs,79,39,-0.05f,vehicles.commanders.mendezLines3Value,x,sat_thuong,02,pass2:static initializer is an expression,,"arg:Commanders.L: L(StatId.Health, -0.05f, CommanderReach.Army),"
Sim/Content/Commanders.cs,85,62,0.8f,vehicles.commanders.brandtPricesScale,x,ban_kinh,02,pass2:static initializer is an expression,,"arg:Commanders.P: Prices = new[] { P(PriceReach.AirdropTowers, 0.8f) },"
Sim/Content/Commanders.cs,88,38,0.15f,vehicles.commanders.brandtLines1Value,x,sat_thuong,02,pass2:static initializer is an expression,,"arg:Commanders.L: L(StatId.Health, 0.15f, CommanderReach.Towers), L(StatId.Damage, 0.10f, CommanderReach.Towers),"
Sim/Content/Commanders.cs,88,86,0.10f,vehicles.commanders.brandtLines2Value,x,sat_thuong,02,pass2:static initializer is an expression,,"arg:Commanders.L: L(StatId.Health, 0.15f, CommanderReach.Towers), L(StatId.Damage, 0.10f, CommanderReach.Towers),"
Sim/Content/Commanders.cs,89,38,-0.05f,vehicles.commanders.brandtLines3Value,m,ban_kinh,02,pass2:static initializer is an expression,,"arg:Commanders.L: L(StatId.Speed, -0.05f, CommanderReach.Vehicles),"
Sim/Content/Commanders.cs,94,34,0.15f,vehicles.commanders.dahlArtilleryDamageArtillery,x,sat_thuong,02,pass2:static initializer is an expression,,"arg:Commanders.L: L(StatId.Damage, 0.15f, CommanderReach.Artillery), L(StatId.Range, 0.10f, CommanderReach.Artillery),"
Sim/Content/Commanders.cs,94,84,0.10f,vehicles.commanders.dahlArtilleryRangeArtillery,x,sat_thuong,02,pass2:static initializer is an expression,,"arg:Commanders.L: L(StatId.Damage, 0.15f, CommanderReach.Artillery), L(StatId.Range, 0.10f, CommanderReach.Artillery),"
Sim/Content/Commanders.cs,95,34,0.25f,vehicles.commanders.dahlArtilleryHealthArtillery,x,sat_thuong,02,pass2:static initializer is an expression,,"arg:Commanders.L: L(StatId.Health, 0.25f, CommanderReach.Artillery),"
Sim/Content/Commanders.cs,96,35,-0.10f,vehicles.commanders.dahlArtilleryDamageDirectFire,x,sat_thuong,02,pass2:static initializer is an expression,,"arg:Commanders.L: L(StatId.Damage, -0.10f, CommanderReach.DirectFire)).With(d => d.StrikeCooldown = 0.75f),"
Sim/Content/Commanders.cs,96,99,0.75f,vehicles.commanders.dahlSetStrikeCooldown,s,sat_thuong,02,pass2:inline,,"assign: L(StatId.Damage, -0.10f, CommanderReach.DirectFire)).With(d => d.StrikeCooldown = 0.75f),"
Sim/Content/Commanders.cs,105,51,-0.05f,vehicles.commanders.brennLinesValue,x,sat_thuong,02,pass2:static initializer is an expression,,"arg:Commanders.L: Lines = new[] { L(StatId.Damage, -0.05f, CommanderReach.Army) },"
Sim/Content/Commanders.cs,111,55,0.30f,vehicles.commanders.adlerLinesValue,m,ban_kinh,02,pass2:static initializer is an expression,,"arg:Commanders.L: Lines = new[] { L(StatId.CaptureRate, 0.30f, CommanderReach.Vehicles) },"
Sim/Content/Commanders.cs,116,54,0.85f,vehicles.commanders.varroPricesScale,x,ban_kinh,02,pass2:static initializer is an expression,,"arg:Commanders.P: Prices = new[] { P(PriceReach.Cheap, 0.85f) },"
Sim/Content/Commanders.cs,118,51,-0.05f,vehicles.commanders.varroLinesValue,x,sat_thuong,02,pass2:static initializer is an expression,,"arg:Commanders.L: Lines = new[] { L(StatId.Health, -0.05f, CommanderReach.Army) },"
Sim/Content/Commanders.cs,125,57,1.10f,vehicles.commanders.reynPricesScale,x,ban_kinh,02,pass2:static initializer is an expression,,"arg:Commanders.P: Prices = new[] { P(PriceReach.Vehicles, 1.10f) },"
Sim/Content/Commanders.cs,126,50,0.20f,vehicles.commanders.reynLines1Value,x,sat_thuong,02,pass2:static initializer is an expression,,"arg:Commanders.L: Lines = new[] { L(StatId.Health, 0.20f, CommanderReach.ArmourOrDear), L(StatId.Damage, 0.15f, CommanderReach.Dear) },"
Sim/Content/Commanders.cs,126,104,0.15f,vehicles.commanders.reynLines2Value,x,sat_thuong,02,pass2:static initializer is an expression,,"arg:Commanders.L: Lines = new[] { L(StatId.Health, 0.20f, CommanderReach.ArmourOrDear), L(StatId.Damage, 0.15f, CommanderReach.Dear) },"
Sim/Content/Commanders.cs,130,32,0.35f,vehicles.commanders.allKillRefund,x,sat_thuong,02,pass2:inline,,assign: d.KillRefund = 0.35f;
Sim/Content/Commanders.cs,139,34,90f,vehicles.commanders.allEarlySeconds,s,thoi_gian,02,pass2:inline,,assign: d.EarlySeconds = 90f;
Sim/Content/Commanders.cs,146,44,0.15f,vehicles.commanders.brandt1HealthTowers,x,sat_thuong,02,pass2:static initializer is an expression,,"arg:Commanders.L: Gen(""brandt"", L(StatId.Health, 0.15f, CommanderReach.Towers), L(StatId.Speed, -0.05f, CommanderReach.Vehicles)),"
Sim/Content/Commanders.cs,146,92,-0.05f,vehicles.commanders.brandt2SpeedVehicles,x,sat_thuong,02,pass2:static initializer is an expression,,"arg:Commanders.L: Gen(""brandt"", L(StatId.Health, 0.15f, CommanderReach.Towers), L(StatId.Speed, -0.05f, CommanderReach.Vehicles)),"
Sim/Content/Commanders.cs,147,43,0.10f,vehicles.commanders.varga1HealthArmour,x,sat_thuong,02,pass2:static initializer is an expression,,"arg:Commanders.L: Gen(""varga"", L(StatId.Health, 0.10f, CommanderReach.Armour), L(StatId.Damage, -0.10f, CommanderReach.Aircraft)),"
Sim/Content/Commanders.cs,147,92,-0.10f,vehicles.commanders.varga2DamageAircraft,x,sat_thuong,02,pass2:static initializer is an expression,,"arg:Commanders.L: Gen(""varga"", L(StatId.Health, 0.10f, CommanderReach.Armour), L(StatId.Damage, -0.10f, CommanderReach.Aircraft)),"
Sim/Content/Commanders.cs,148,42,0.15f,vehicles.commanders.orlov1RangeArtillery,m,ban_kinh,02,pass2:static initializer is an expression,,"arg:Commanders.L: Gen(""orlov"", L(StatId.Range, 0.15f, CommanderReach.Artillery), L(StatId.Spread, 0.20f, CommanderReach.Artillery),"
Sim/Content/Commanders.cs,148,93,0.20f,vehicles.commanders.orlov2SpreadArtillery,m,ban_kinh,02,pass2:static initializer is an expression,,"arg:Commanders.L: Gen(""orlov"", L(StatId.Range, 0.15f, CommanderReach.Artillery), L(StatId.Spread, 0.20f, CommanderReach.Artillery),"
Sim/Content/Commanders.cs,149,35,-0.05f,vehicles.commanders.orlov3HealthLight,x,sat_thuong,02,pass2:static initializer is an expression,,"arg:Commanders.L: L(StatId.Health, -0.05f, CommanderReach.Light)),"
Sim/Content/Commanders.cs,150,45,0.10f,vehicles.commanders.kessler1HealthShips,x,sat_thuong,02,pass2:static initializer is an expression,,"arg:Commanders.L: Gen(""kessler"", L(StatId.Health, 0.10f, CommanderReach.Ships), L(StatId.Health, -0.05f, CommanderReach.Towers))"
Sim/Content/Commanders.cs,150,93,-0.05f,vehicles.commanders.kessler2HealthTowers,x,sat_thuong,02,pass2:static initializer is an expression,,"arg:Commanders.L: Gen(""kessler"", L(StatId.Health, 0.10f, CommanderReach.Ships), L(StatId.Health, -0.05f, CommanderReach.Towers))"
Sim/Content/Commanders.cs,151,70,0.9f,vehicles.commanders.kesslerSetPricesScale,x,ban_kinh,02,pass2:inline,,"arg:Commanders.P: .With(d => d.Prices = new[] { P(PriceReach.Vehicles, 0.9f) }),"
Sim/Content/Commanders.cs,152,41,0.15f,vehicles.commanders.sen1HealthDroneUnits,x,sat_thuong,02,pass2:static initializer is an expression,,"arg:Commanders.L: Gen(""sen"", L(StatId.Health, 0.15f, CommanderReach.DroneUnits), L(StatId.Damage, -0.05f, CommanderReach.Tanks)),"
Sim/Content/Commanders.cs,152,94,-0.05f,vehicles.commanders.sen2DamageTanks,x,sat_thuong,02,pass2:static initializer is an expression,,"arg:Commanders.L: Gen(""sen"", L(StatId.Health, 0.15f, CommanderReach.DroneUnits), L(StatId.Damage, -0.05f, CommanderReach.Tanks)),"
Sim/Content/Commanders.cs,153,44,0.10f,vehicles.commanders.quaden1DamageAircraft,x,sat_thuong,02,pass2:static initializer is an expression,,"arg:Commanders.L: Gen(""quaden"", L(StatId.Damage, 0.10f, CommanderReach.Aircraft), L(StatId.Damage, -0.05f, CommanderReach.Ground)).With(d => d.AirCap = 1),"
Sim/Content/Commanders.cs,153,95,-0.05f,vehicles.commanders.quaden2DamageGround,x,sat_thuong,02,pass2:static initializer is an expression,,"arg:Commanders.L: Gen(""quaden"", L(StatId.Damage, 0.10f, CommanderReach.Aircraft), L(StatId.Damage, -0.05f, CommanderReach.Ground)).With(d => d.AirCap = 1),"
Sim/Content/Commanders.cs,154,42,0.05f,vehicles.commanders.hung1DamageArmy,x,sat_thuong,02,pass2:static initializer is an expression,,"arg:Commanders.L: Gen(""hung"", L(StatId.Damage, 0.05f, CommanderReach.Army)).With(d => d.LowHpDamage = 1.10f),"
Sim/Content/Commanders.cs,154,97,1.10f,vehicles.commanders.hungSetLowHpDamage,x,sat_thuong,02,pass2:inline,,"assign: Gen(""hung"", L(StatId.Damage, 0.05f, CommanderReach.Army)).With(d => d.LowHpDamage = 1.10f),"
Sim/Content/Commanders.cs,155,43,0.15f,vehicles.commanders.aurel1DamageEnergy,x,sat_thuong,02,pass2:static initializer is an expression,,"arg:Commanders.L: Gen(""aurel"", L(StatId.Damage, 0.15f, CommanderReach.Energy), L(StatId.Health, 0.10f, CommanderReach.Shielded),"
Sim/Content/Commanders.cs,155,91,0.10f,vehicles.commanders.aurel2HealthShielded,x,sat_thuong,02,pass2:static initializer is an expression,,"arg:Commanders.L: Gen(""aurel"", L(StatId.Damage, 0.15f, CommanderReach.Energy), L(StatId.Health, 0.10f, CommanderReach.Shielded),"
Sim/Content/Commanders.cs,156,35,-0.05f,vehicles.commanders.aurel3HealthLight,x,sat_thuong,02,pass2:static initializer is an expression,,"arg:Commanders.L: L(StatId.Health, -0.05f, CommanderReach.Light)),"
Sim/Content/Commanders.cs,201,40,0.25f,vehicles.commanderRules.buildCapsCaps,x,sat_thuong,02,pass2:inline,,assign: caps[(int)StatId.Damage] = 0.25f;
Sim/Content/Commanders.cs,202,42,0.15f,vehicles.commanderRules.buildCapsCaps2,x,tan_suat,02,pass2:inline,,assign: caps[(int)StatId.FireRate] = 0.15f;
Sim/Content/Commanders.cs,203,40,0.25f,vehicles.commanderRules.buildCapsCaps,x,sat_thuong,02,pass2:inline,,assign: caps[(int)StatId.Health] = 0.25f;
Sim/Content/Commanders.cs,204,39,0.15f,vehicles.commanderRules.buildCapsCaps2,x,tan_suat,02,pass2:inline,,assign: caps[(int)StatId.Speed] = 0.15f;
Sim/Content/Commanders.cs,205,39,0.12f,vehicles.commanderRules.buildCapsCaps3,m,ban_kinh,02,pass2:inline,,assign: caps[(int)StatId.Range] = 0.12f;
Sim/Content/Commanders.cs,206,40,0.25f,vehicles.commanderRules.buildCapsCaps,m,ban_kinh,02,pass2:inline,,assign: caps[(int)StatId.Vision] = 0.25f;
Sim/Content/Commanders.cs,208,48,0.3f,vehicles.commanderRules.buildCapsCaps4,s,thoi_gian,02,pass2:inline,,assign: caps[(int)StatId.MagazineReload] = 0.3f;
Sim/Content/Commanders.cs,209,45,0.5f,vehicles.commanderRules.buildCapsCaps5,x,tan_suat,02,pass2:inline,,assign: caps[(int)StatId.CaptureRate] = 0.5f;
Sim/Content/Commanders.cs,275,103,0.05f,vehicles.commanderRules.mergeStatFloor,x,nguong,02,pass2:inline,,"math_max: float Fold(StatId id, float multiplier) => multiplier * (1f + stats[(int)id]) / MathF.Max(0.05f, 1f + gear.Stat(id));"
Sim/Content/Commanders.cs,333,37,0.8f,vehicles.commanderRules.fitStatValue,m,ban_kinh,02,pass2:inline,,"switch_arm: StatId.Range => 0.8f,"
Sim/Content/Commanders.cs,334,37,0.6f,vehicles.commanderRules.fitStatValue2,x,tan_suat,02,pass2:inline,,"switch_arm: StatId.Speed => 0.6f,"
Sim/Content/Commanders.cs,335,63,0.4f,vehicles.commanderRules.fitStatValue3,s,thoi_gian,02,pass2:inline,,"switch_arm: StatId.MagazineReload or StatId.Spread => 0.4f,"
Sim/Content/Commanders.cs,336,38,0.3f,vehicles.commanderRules.fitStatValue4,m,ban_kinh,02,pass2:inline,,"switch_arm: StatId.Vision => 0.3f,"
Sim/Content/Commanders.cs,337,66,0.3f,vehicles.commanderRules.fitCaptureRateTrue,x,tan_suat,02,pass2:inline,,"conditional: StatId.CaptureRate => def.CaptureRate > 0f ? 0.3f : 0f,"
Sim/Content/Commanders.cs,343,66,0.05f,vehicles.commanderRules.fitFit,s,thoi_gian,02,pass2:inline,,compound_assign: if (air && (c.AirCap > 0 || c.AirRearm > 1f)) fit += 0.05f;
Sim/Content/Commanders.cs,345,81,0.05f,vehicles.commanderRules.fitFit,m,ban_kinh,02,pass2:inline,,"compound_assign: if (c.JamResist > 0f && Reaches(CommanderReach.Drones, def)) fit += 0.05f;"
Sim/Content/Commanders.cs,346,77,0.05f,vehicles.commanderRules.fitFit,m,ban_kinh,02,pass2:inline,,compound_assign: if (c.StealthSight > 1f && def.Class == UnitClass.Scout) fit += 0.05f;
Sim/Content/Definitions.cs,13,100,0.1f,vehicles.weaponDef.ctorBurstInterval,s,thoi_gian,02,pass2:parameter default,,"param_default: ProjectileKind projectile = ProjectileKind.Shell, int burst = 1, float burstInterval = 0.1f,"
Sim/Content/Definitions.cs,82,92,0.4f,vehicles.weaponDef.magazineReloadAmmoScale,x,thoi_gian,02,pass2:inline,,"multiply: public float MagazineReload => Reload > 0f ? Reload : Math.Clamp(Ammo * Cooldown * 0.4f, 10f, 28f);"
Sim/Content/Definitions.cs,82,98,10f,vehicles.weaponDef.magazineReloadAmmoMin,s,thoi_gian,02,pass2:inline,,"math_clamp: public float MagazineReload => Reload > 0f ? Reload : Math.Clamp(Ammo * Cooldown * 0.4f, 10f, 28f);"
Sim/Content/Definitions.cs,82,103,28f,vehicles.weaponDef.magazineReloadAmmoMax,s,thoi_gian,02,pass2:inline,,"math_clamp: public float MagazineReload => Reload > 0f ? Reload : Math.Clamp(Ammo * Cooldown * 0.4f, 10f, 28f);"
Sim/Content/Definitions.cs,126,74,0.05f,vehicles.weaponDef.sustainedDpsCycleSecondsFloor,s,sat_thuong,02,pass2:inline,,"math_max: public float SustainedDps => Damage * RoundsPerCycle / MathF.Max(0.05f, CycleSeconds);"
Sim/Content/Definitions.cs,260,50,3,vehicles.weaponDef.antiArmourPenetrationMin,x,sat_thuong,02,pass2:inline,,compare: public bool AntiArmour => Penetration >= 3 && DamageType is DamageType.Kinetic or DamageType.ShapedCharge or DamageType.Energy;
Sim/Content/Definitions.cs,311,96,0.01f,vehicles.weaponDef.tunedCooldownFloor,x,sat_thuong,02,pass2:inline,,"math_max: var copy = new WeaponDef(Id, DamageType, damage >= 0f ? damage : Damage, MathF.Max(0.01f, cooldown), MathF.Max(range, MinRange + 0.5f), MinRange,"
Sim/Content/Definitions.cs,311,142,0.5f,vehicles.weaponDef.tunedMinRangeAdd,m,sat_thuong,02,pass2:inline,,"add: var copy = new WeaponDef(Id, DamageType, damage >= 0f ? damage : Damage, MathF.Max(0.01f, cooldown), MathF.Max(range, MinRange + 0.5f), MinRange,"
Sim/Content/Definitions.cs,312,27,0.1f,vehicles.weaponDef.tunedProjectileSpeedFloor,m/s,sat_thuong,02,pass2:inline,,"math_max: MathF.Max(0.1f, projectileSpeed), MathF.Max(0f, splashRadius), MathF.Max(0f, spread), ImpactTier, projectile ?? Projectile,"
Sim/Content/Definitions.cs,404,47,2,vehicles.clusterDef.defaultPenetration,x,sat_thuong,02,pass2:const_to_property,,const_field: public const int DefaultPenetration = 2;
Sim/Content/Definitions.cs,535,53,1.6f,vehicles.vehicleDef.ctorRadiusScale2,x,ban_kinh,02,pass2:inline,,multiply: Width = flying ? radius * 2f : radius * 1.6f;
Sim/Content/Definitions.cs,536,54,2.7f,vehicles.vehicleDef.ctorRadiusScale3,x,ban_kinh,02,pass2:inline,,multiply: Length = flying ? radius * 2f : radius * 2.7f;
Sim/Content/Definitions.cs,664,44,0.46f,vehicles.vehicleDef.hullRadiusWidthScale,x,ban_kinh,02,pass2:inline,,multiply: public float HullRadius => Width * 0.46f;
Sim/Content/Definitions.cs,797,59,150f,vehicles.vehicleDef.powerMaxHpDivisor,x,nguong,02,pass2:inline,,divide: public float Power => Boss ? 0f : Elite ? MaxHp / 150f : CpCost > 0 ? CpCost : Fort is { } fort ? FortPower(fort) : Static ? MaxHp / 250f : MaxHp / 15
Sim/Content/Definitions.cs,797,142,250f,vehicles.vehicleDef.powerMaxHpDivisor2,x,nguong,02,pass2:inline,,divide: public float Power => Boss ? 0f : Elite ? MaxHp / 150f : CpCost > 0 ? CpCost : Fort is { } fort ? FortPower(fort) : Static ? MaxHp / 250f : MaxHp / 15
Sim/Content/Definitions.cs,797,157,150f,vehicles.vehicleDef.powerMaxHpDivisor,x,nguong,02,pass2:inline,,divide: public float Power => Boss ? 0f : Elite ? MaxHp / 150f : CpCost > 0 ? CpCost : Fort is { } fort ? FortPower(fort) : Static ? MaxHp / 250f : MaxHp / 15
Sim/Content/Definitions.cs,808,57,11f,vehicles.vehicleDef.fortPowerSizeValue,count,gioi_han_thuc_the,02,pass2:inline,,"switch_arm: return fort.Size switch { SlotSize.Large => 11f, SlotSize.Medium => 7f, _ => 4f };"
Sim/Content/Definitions.cs,808,81,7f,vehicles.vehicleDef.fortPowerSizeValue2,count,gioi_han_thuc_the,02,pass2:inline,,"switch_arm: return fort.Size switch { SlotSize.Large => 11f, SlotSize.Medium => 7f, _ => 4f };"
Sim/Content/Definitions.cs,808,90,4f,vehicles.vehicleDef.fortPowerSizeValue3,count,gioi_han_thuc_the,02,pass2:inline,,"switch_arm: return fort.Size switch { SlotSize.Large => 11f, SlotSize.Medium => 7f, _ => 4f };"
Sim/Content/Definitions.cs,933,48,100000f,vehicles.propDef.indestructibleMaxHpMin,count,nguong,02,pass2:inline,,compare: public bool Indestructible => MaxHp >= 100000f;
Sim/Content/VehicleDef.P31.cs,28,33,1400f,vehicles.vehicleDef.inferWeightMaxHpMin,count,nguong,02,pass2:inline,,compare: return def.MaxHp >= 1400f ? WeightClass.Heavy : WeightClass.Medium;
Sim/Entities/Prop.cs,23,79,0.70710677f,vehicles.prop.ctorWidthScale,x,ban_kinh,02,pass2:inline,,multiply: if (rotation % 90 != 0) Width = Depth = (def.Width + def.Depth) * 0.70710677f;
Sim/Entities/Prop.cs,40,58,0.5f,vehicles.prop.radiusMaxScale,x,ban_kinh,02,pass2:inline,,"multiply: public float Radius => MathF.Max(Width, Depth) * 0.5f;"
Sim/Entities/Vehicle.cs,364,85,1.3f,vehicles.vehicle.fireFactorOverdrivenTrue,x,tan_suat,02,pass2:inline,,conditional: internal float FireFactor => (Barraging ? BarrageRate : 1f) * (Overdriven ? 1.3f : 1f) * FireBoost * FireGear * CommandFire * RankFire;
Sim/Entities/Vehicle.cs,462,41,0.1f,vehicles.vehicle.isMovingSpeedMin,m/s,tan_suat,02,pass2:inline,,compare: public bool IsMoving => Speed > 0.1f;
Sim/Movement/JamTracker.cs,96,37,0.1f,vehicles.jamTracker.isLowDesiredSpeedFloor,m/s,tan_suat,02,pass2:inline,,"math_max: actualSpeed < MathF.Max(0.1f, desiredSpeed) * SimTunables.Ai.Navigation.JamLowSpeedShare &&"
Sim/Movement/MovementSystem.Ground.cs,32,76,0.4f,vehicles.movementSystem.clearGroundMaxScale,x,ban_kinh,02,pass2:inline,,"multiply: var reach = MathF.Max(defence.Def.Length, defence.Def.Width) * 0.4f + SimWorld.ObstacleClearance + _world.Grid.CellSize;"
Sim/Movement/MovementSystem.Jam.cs,51,93,1.5,vehicles.movementSystem.trackJamNowMax,s,thoi_gian,02,pass2:inline,,compare: var engaging = (v.Target.IsValid || v.Engaged.IsValid) && now - v.LastFiredAt < 1.5;
Sim/Movement/MovementSystem.Jam.cs,83,43,4.0,vehicles.movementSystem.runJamStageNowAdd,s,thoi_gian,02,pass2:inline,,add: t.LoosenUntil = now + 4.0;
Sim/Movement/MovementSystem.Jam.cs,166,51,8.0,vehicles.movementSystem.emergencyStageTimeAdd,s,thoi_gian,02,pass2:inline,,add: t.FormationBreakUntil = _world.Time + 8.0;
Sim/Movement/MovementSystem.Jam.cs,200,45,0.25f,vehicles.movementSystem.tryLocalWaypointLengthSquaredMin,m,ban_kinh,02,pass2:inline,,compare: var dir = way.LengthSquared() > 0.25f ? Vector2.Normalize(way) : SimMath.Forward(v.Heading);
Sim/Movement/MovementSystem.Jam.cs,221,60,4f,vehicles.movementSystem.tryLocalWaypointDistanceSquaredMin,m,ban_kinh,02,pass2:inline,,"compare: if (Vector2.DistanceSquared(p, next) > 4f && !grid.LineOfSight(p, next)) continue;"
Sim/Movement/MovementSystem.Jam.cs,318,87,0.5f,vehicles.movementSystem.orcaTurnSpeedScale,x,tan_suat,02,pass2:inline,,"multiply: var preferred = MathF.Max(MathF.Abs(v.Speed), def.Speed * v.SpeedFactor * 0.5f);"
Sim/Movement/MovementSystem.Jam.cs,331,89,2f,vehicles.movementSystem.orcaTurnPreferredAdd,m,ban_kinh,02,pass2:inline,,add: var reach = (preferred + def.Speed) * horizon + def.HullBound + _maxBound + 2f;
Sim/Movement/MovementSystem.Jam.cs,374,71,0.5f,vehicles.movementSystem.orcaTurnMinScale,x,nguong,02,pass2:inline,,"multiply: combined += MathF.Min(def.HullHalf, o.Def.HullHalf) * 0.5f;"
Sim/Movement/MovementSystem.Jam.cs,403,100,7,vehicles.movementSystem.resolveDeadlocksTickIs,ticks,thoi_gian,02,pass2:inline,,"equals: if (!JamStagesOn || _world.Tick % Math.Max(1, SimTunables.Ai.Traffic.DeadlockTicks) != 7) return;"
Sim/Movement/MovementSystem.Jam.cs,419,36,2,vehicles.movementSystem.resolveDeadlocksCountMax,count,thoi_gian,02,pass2:inline,,compare: if (_waitNodes.Count < 2) return;
Sim/Movement/MovementSystem.Jam.cs,444,37,2,vehicles.movementSystem.resolveDeadlocksCountMin,count,gioi_han_thuc_the,02,pass2:inline,,compare: if (_cycle.Count >= 2) BreakCycle();
Sim/Movement/MovementSystem.Jam.cs,452,79,2.0,vehicles.movementSystem.waitsForMaxAge,s,thoi_gian,02,pass2:inline,,"arg:MovementSystem.RecentBlocker: if (t.Jam.Stage >= JamStage.Soft && v.HasPath && RecentBlocker(v, 2.0) is { } b && b.Team == v.Team && !b.Def.Static) return b;"
Sim/Movement/MovementSystem.Jam.cs,515,51,0.1f,vehicles.movementSystem.checkAnomalyAbsMax,s,thoi_gian,02,pass2:inline,,compare: if (v.HasPath && MathF.Abs(v.Speed) < 0.1f && !v.Engaged.IsValid && !(v.Def.HoldsToFire && _world.Time - v.LastFiredAt < HoldToFireSeconds))
Sim/Movement/MovementSystem.Jam.cs,517,104,3.0,vehicles.movementSystem.checkAnomalyTimeMax,s,thoi_gian,02,pass2:inline,,compare: else if (!v.HasPath && !v.PathQueued && !v.PathCompleted && _world.Time - t.PathFailedAt < 3.0)
Sim/Movement/MovementSystem.P17.cs,62,136,2f,vehicles.movementSystem.flyWingDecoyScale,x,ban_kinh,02,pass2:inline,,"multiply: if (_world.TryGetVehicle(v.Engaged, out var engaged) && Vector2.Distance(engaged.Position, leader.Position) > wing.Decoy * 2f) v.Engaged = EntityId.No"
Sim/Movement/MovementSystem.P17.cs,76,66,12f,vehicles.movementSystem.flyWingWantFloor,x,tan_suat,02,pass2:inline,,"math_max: goal = OrbitAround(v, leader.Position, MathF.Max(12f, want / def.TurnRate * 1.3f));"
Sim/Movement/MovementSystem.P17.cs,76,93,1.3f,vehicles.movementSystem.flyWingWantScale,x,tan_suat,02,pass2:inline,,"multiply: goal = OrbitAround(v, leader.Position, MathF.Max(12f, want / def.TurnRate * 1.3f));"
Sim/Movement/MovementSystem.P17.cs,81,30,14f,vehicles.movementSystem.flyWingGapMin,m,ban_kinh,02,pass2:inline,,compare: goal = gap > 14f ? slot : slot + forward * 20f + (slot - v.Position) * 0.5f;
Sim/Movement/MovementSystem.P17.cs,81,60,20f,vehicles.movementSystem.flyWingForwardScale,x,ban_kinh,02,pass2:inline,,multiply: goal = gap > 14f ? slot : slot + forward * 20f + (slot - v.Position) * 0.5f;
Sim/Movement/MovementSystem.P17.cs,81,88,0.5f,vehicles.movementSystem.flyWingSlotScale,x,ban_kinh,02,pass2:inline,,multiply: goal = gap > 14f ? slot : slot + forward * 20f + (slot - v.Position) * 0.5f;
Sim/Movement/MovementSystem.P17.cs,82,46,2f,vehicles.movementSystem.flyWingGapSub,m,ban_kinh,02,pass2:inline,,subtract: want = leader.Speed + (gap - 2f) * 0.8f;
Sim/Movement/MovementSystem.P17.cs,82,52,0.8f,vehicles.movementSystem.flyWingGapScale,x,ban_kinh,02,pass2:inline,,multiply: want = leader.Speed + (gap - 2f) * 0.8f;
Sim/Movement/MovementSystem.P17.cs,85,54,0.35f,vehicles.movementSystem.flyWingSpeedScale,x,tan_suat,02,pass2:inline,,"multiply: var speed = Math.Clamp(want, def.Speed * 0.35f, top);"
Sim/Movement/MovementSystem.P17.cs,87,71,0.8f,vehicles.movementSystem.flyWingSpeedScale2,x,tan_suat,02,pass2:inline,,"multiply: v.Speed = SimMath.MoveTowards(v.Speed, speed, def.Speed * 0.8f * dt);"
Sim/Movement/MovementSystem.P17.cs,101,81,1.2f,vehicles.movementSystem.chooseLeaderFollowScale,x,ban_kinh,02,pass2:inline,,"multiply: Vector2.Distance(current.Position, v.Position) <= wing.Follow * 1.2f) return current.Id;"
Sim/Movement/MovementSystem.P17.cs,152,112,30f,vehicles.movementSystem.frontPointNormalizeScale,x,ban_kinh,02,pass2:inline,,multiply: if (toward.LengthSquared() > 1f) return _world.ClampToMap(middle + Vector2.Normalize(toward) * 30f);
Sim/Movement/MovementSystem.P17.cs,169,52,1.5f,vehicles.movementSystem.seadTargetVisionRangeScale,x,ban_kinh,02,pass2:inline,,multiply: var bestDistance = v.Def.VisionRange * 1.5f;
Sim/Movement/MovementSystem.Rescue.cs,92,107,10,vehicles.movementSystem.watchRescueTickMod,ticks,thoi_gian,02,pass2:inline,,modulo: if (!RescueEnabled || v.Flying || v.Def.Static || v.Scripted || ((_world.Tick + v.Id.Value) % 10) != 0) return;
Sim/Movement/MovementSystem.Rescue.cs,205,36,9f,vehicles.movementSystem.tryHopLengthCap,count,ban_kinh,02,pass2:inline,,"math_min: for (var d = MathF.Min(9f, length); d >= 3f; d -= 1.5f)"
Sim/Movement/MovementSystem.Rescue.cs,205,54,3f,vehicles.movementSystem.tryHopDMin,m,ban_kinh,02,pass2:inline,,"compare: for (var d = MathF.Min(9f, length); d >= 3f; d -= 1.5f)"
Sim/Movement/MovementSystem.Rescue.cs,205,63,1.5f,vehicles.movementSystem.tryHopD,m,ban_kinh,02,pass2:inline,,"compound_assign: for (var d = MathF.Min(9f, length); d >= 3f; d -= 1.5f)"
Sim/Movement/MovementSystem.Traffic.cs,189,66,6f,vehicles.movementSystem.trafficPriorityMinRangeAdd,m,ban_kinh,02,pass2:inline,,"add: _world.FindNearestEnemy(v, weapon.MinRange + 6f, requireVisible: true, layers: TargetLayers.Ground) != null))"
Sim/Movement/MovementSystem.Traffic.cs,199,73,45f,vehicles.movementSystem.trafficPriorityRangeMin,m,ban_kinh,02,pass2:inline,,compare: var longRange = weapon.MinRange > 0f || weapon.Range >= 45f || v.Def.Class is UnitClass.TankHunter or UnitClass.Artillery;
Sim/Movement/MovementSystem.Traffic.cs,200,39,20,vehicles.movementSystem.trafficPriorityTrafficPriority5,m,ban_kinh,02,pass2:inline,,return: if (longRange) return 20;
Sim/Movement/MovementSystem.Traffic.cs,201,66,0.5f,vehicles.movementSystem.trafficPriorityRangeScale,x,ban_kinh,02,pass2:inline,,"multiply: return _world.FindNearestEnemy(v, weapon.Range * 0.5f, requireVisible: true, layers: TargetLayers.Ground) != null ? 45 : 30;"
Sim/Movement/MovementSystem.Traffic.cs,201,133,45,vehicles.movementSystem.trafficPriorityFindNearestEnemyTrue,m,ban_kinh,02,pass2:inline,,"conditional: return _world.FindNearestEnemy(v, weapon.Range * 0.5f, requireVisible: true, layers: TargetLayers.Ground) != null ? 45 : 30;"
Sim/Movement/MovementSystem.Traffic.cs,201,138,30,vehicles.movementSystem.trafficPriorityFindNearestEnemyFalse,m,ban_kinh,02,pass2:inline,,"conditional: return _world.FindNearestEnemy(v, weapon.Range * 0.5f, requireVisible: true, layers: TargetLayers.Ground) != null ? 45 : 30;"
Sim/Movement/MovementSystem.Traffic.cs,316,45,0.25f,vehicles.movementSystem.moverDirectionLengthSquaredMin,m,ban_kinh,02,pass2:inline,,compare: if (d.LengthSquared() > 0.25f) return Vector2.Normalize(d);
Sim/Movement/MovementSystem.Traffic.cs,318,48,0.01f,vehicles.movementSystem.moverDirectionLengthSquaredMin2,m,ban_kinh,02,pass2:inline,,compare: return toBlocker.LengthSquared() > 0.01f ? Vector2.Normalize(toBlocker) : SimMath.Forward(mover.Heading);
Sim/Movement/MovementSystem.Traffic.cs,370,51,25f,vehicles.movementSystem.tryYieldSpotLookAhead,m,ban_kinh,02,pass2:inline,,"arg:MovementSystem.DistanceToRoute: if (DistanceToRoute(mover, p, 25f) < clear) continue;"
Sim/Movement/MovementSystem.Traffic.cs,374,103,6f,vehicles.movementSystem.tryYieldSpotPassTrue,m,ban_kinh,02,pass2:inline,,"conditional: var score = Vector2.Distance(b.Position, p) + turn * YieldTurnCost + (pass == 1 ? 6f : 0f) +"
Sim/Movement/MovementSystem.Traffic.cs,376,66,10f,vehicles.movementSystem.tryYieldSpotKeepsTargetInReachFalse,m,ban_kinh,02,pass2:inline,,"conditional: (KeepsTargetInReach(b, p) ? 0f : 10f);"
Sim/Movement/MovementSystem.Traffic.cs,418,79,30f,vehicles.movementSystem.tryClearForwardLookAhead,m,ban_kinh,02,pass2:inline,,"arg:MovementSystem.DistanceToRoute: if (HullAt(b, p) != null || DistanceToRoute(mover, p, 30f) < clear) continue;"
Sim/Movement/MovementSystem.Traffic.cs,441,100,0.3f,vehicles.movementSystem.hullAtHullRadiusAdd,m,ban_kinh,02,pass2:inline,,"add: if (Vector2.DistanceSquared(c1, c2) < Square(v.Def.HullRadius + o.Def.HullRadius + 0.3f)) return o;"
Sim/Movement/MovementSystem.Traffic.cs,486,80,0.95f,vehicles.movementSystem.keepsTargetInReachRangeScale,x,ban_kinh,02,pass2:inline,,multiply: return d >= weapon.MinRange && d - target.Radius <= weapon.Range * 0.95f;
Sim/Movement/MovementSystem.Traffic.cs,583,73,0.9f,vehicles.movementSystem.negotiateAbsScale,x,tan_suat,02,pass2:inline,,"multiply: slowFor = MathF.Min(slowFor, MathF.Abs(blocker.Speed) * 0.9f);"
Sim/Movement/MovementSystem.Traffic.cs,590,52,2f,vehicles.movementSystem.negotiateGapMin,m,ban_kinh,02,pass2:inline,,"compare: slowFor = MathF.Min(slowFor, gap > 2f ? MathF.Max(0f, blocker.Speed) : 0f);"
Sim/Movement/MovementSystem.Traffic.cs,597,60,0.25f,vehicles.movementSystem.negotiateSpeedScale,x,tan_suat,02,pass2:inline,,"multiply: slowFor = MathF.Min(slowFor, v.Def.Speed * 0.25f);"
Sim/Movement/MovementSystem.Traffic.cs,613,96,-0.5f,vehicles.movementSystem.oncomingDotMin,x,nguong,02,pass2:inline,,"compare: if (!blocker.HasPath || Vector2.Dot(SimMath.Forward(blocker.Heading), forward) >= -0.5f) return false;"
Sim/Movement/MovementSystem.Traffic.cs,615,104,-0.5f,vehicles.movementSystem.oncomingDotMax,m,ban_kinh,02,pass2:inline,,"compare: return towards.LengthSquared() > 1f && Vector2.Dot(Vector2.Normalize(towards), forward) < -0.5f &&"
Sim/Movement/MovementSystem.Traffic.cs,776,47,2,vehicles.movementSystem.tryGateWaitSpotS,s,thoi_gian,02,pass2:inline,,compound_assign: for (var s = -1; s <= 1; s += 2)
Sim/Movement/MovementSystem.Traffic.cs,783,50,0.5f,vehicles.movementSystem.tryGateWaitSpotBackScale,x,thoi_gian,02,pass2:inline,,multiply: var score = lateral + back * 0.5f + turn * YieldTurnCost + ((f & LaneFlags.Route) != 0 ? 8f * lanes.RouteCountAt(p) : 0f);
Sim/Movement/MovementSystem.Traffic.cs,783,110,8f,vehicles.movementSystem.tryGateWaitSpotRouteCountAtScale,x,thoi_gian,02,pass2:inline,,multiply: var score = lateral + back * 0.5f + turn * YieldTurnCost + ((f & LaneFlags.Route) != 0 ? 8f * lanes.RouteCountAt(p) : 0f);
Sim/Movement/MovementSystem.Traffic.cs,925,65,0.5f,vehicles.movementSystem.startReverseSpeedFloor,m/s,thoi_gian,02,pass2:inline,,"math_max: t.ReverseUntil = _world.Time + distance / MathF.Max(0.5f, v.Def.Speed * ReverseShare(v)) + 1.5;"
Sim/Movement/MovementSystem.Traffic.cs,925,104,1.5,vehicles.movementSystem.startReverseTimeAdd,s,thoi_gian,02,pass2:inline,,"add: t.ReverseUntil = _world.Time + distance / MathF.Max(0.5f, v.Def.Speed * ReverseShare(v)) + 1.5;"
Sim/Movement/MovementSystem.Traffic.cs,963,94,2f,vehicles.movementSystem.driveReverseSpeedScale,x,tan_suat,02,pass2:inline,,"multiply: v.Speed = SimMath.MoveTowards(v.Speed, -def.Speed * ReverseShare(v), def.Speed * 2f * dt);"
Sim/Movement/MovementSystem.Traffic.cs,1006,92,2f,vehicles.movementSystem.onNoProgressHullBoundScale,x,ban_kinh,02,pass2:inline,,"multiply: Vector2.Distance(v.Position, v.PathGoal) < GatherReach + v.Def.HullBound * 2f)"
Sim/Movement/MovementSystem.Traffic.cs,1110,88,0.5f,vehicles.movementSystem.runPathQueueHullRadiusAdd,m,ban_kinh,02,pass2:inline,,add: _costs.BlockerRadius = blocker.Def.HullRadius + v.Def.HullRadius + 0.5f;
Sim/Movement/MovementSystem.Traffic.cs,1172,42,2,vehicles.movementSystem.applyCostedPathStrikesMin,CP,tran,02,pass2:inline,,compare: var cap = request.Strikes >= 2 ? DetourCapLate : DetourCap;
Sim/Movement/MovementSystem.Traffic.cs,1247,119,64f,vehicles.movementSystem.keepCostedPathDistanceSquaredMax,m,thoi_gian,02,pass2:inline,,"compare: v.HasPath && _world.Time < v.Traffic.CostPathUntil && Vector2.DistanceSquared(goal, v.Traffic.CostGoal) < 64f;"
Sim/Movement/MovementSystem.Traffic.cs,1267,105,0.5f,vehicles.movementSystem.friendlyTrafficBehindSpeedMax,m/s,tan_suat,02,pass2:inline,,compare: if (o == v || o.Team != v.Team || !o.IsAlive || o.Def.Static || !o.HasPath || o.Speed < 0.5f) continue;
Sim/Movement/MovementSystem.Traffic.cs,1269,112,0.5f,vehicles.movementSystem.friendlyTrafficBehindHullRadiusAdd,m,ban_kinh,02,pass2:inline,,"add: if (DistanceToRoute(o, v.Position, TrafficBehindReach) < v.Def.HullRadius + o.Def.HullRadius + 0.5f) return true;"
Sim/Movement/MovementSystem.Traffic.cs,1302,48,0.95f,vehicles.movementSystem.tryOffLaneSpotRangeScale,x,ban_kinh,02,pass2:inline,,"multiply: if (reach > weapon.Range * 0.95f || Vector2.Distance(p, target.Position) < weapon.MinRange + 1f) continue;"
Sim/Movement/MovementSystem.Traffic.cs,1303,51,0.5f,vehicles.movementSystem.tryOffLaneSpotAlongScale,x,gioi_han_thuc_the,02,pass2:inline,,multiply: var score = lateral + along * 0.5f + ((f & LaneFlags.Road) != 0 ? 6f : 0f) + count * 8f -
Sim/Movement/MovementSystem.Traffic.cs,1303,87,6f,vehicles.movementSystem.tryOffLaneSpotFTrue,count,gioi_han_thuc_the,02,pass2:inline,,conditional: var score = lateral + along * 0.5f + ((f & LaneFlags.Road) != 0 ? 6f : 0f) + count * 8f -
Sim/Movement/MovementSystem.Traffic.cs,1303,106,8f,vehicles.movementSystem.tryOffLaneSpotCountScale,x,gioi_han_thuc_the,02,pass2:inline,,multiply: var score = lateral + along * 0.5f + ((f & LaneFlags.Road) != 0 ? 6f : 0f) + count * 8f -
Sim/Movement/MovementSystem.Traffic.cs,1316,77,0.6f,vehicles.movementSystem.clearShotFromRadiusScale,x,ban_kinh,02,pass2:inline,,"multiply: return !_world.Cover.TryFirstHit(p, target.Position, v.Radius * 0.6f, target is Vehicle ? target.Radius * 0.5f : 0f, target as Prop, out _);"
Sim/Movement/MovementSystem.Traffic.cs,1316,119,0.5f,vehicles.movementSystem.clearShotFromRadiusScale2,x,ban_kinh,02,pass2:inline,,"multiply: return !_world.Cover.TryFirstHit(p, target.Position, v.Radius * 0.6f, target is Vehicle ? target.Radius * 0.5f : 0f, target as Prop, out _);"
Sim/Movement/MovementSystem.Traffic.cs,1325,40,0.01f,vehicles.movementSystem.tryStandBesideLengthSquaredMax,m,ban_kinh,02,pass2:inline,,compare: if (away.LengthSquared() < 0.01f) return true;
Sim/Movement/MovementSystem.cs,247,44,0.85f,vehicles.movementSystem.blockerHullRadiusScale,x,ban_kinh,02,pass2:inline,,multiply: var width = v.Def.HullRadius * 0.85f;
Sim/Movement/MovementSystem.cs,340,115,16f,vehicles.movementSystem.updateGuardReach,s,thoi_gian,02,pass2:inline,,"arg:MovementSystem.TryStandBeside: if (!v.HasPath && v.RepathTimer <= 0f && lanes.NoParkAt(v.Position) && TryStandBeside(v.Position, 16f, out var aside))"
Sim/Movement/MovementSystem.cs,360,60,4f,vehicles.movementSystem.updateGuardGuardLeashAdd,m,ban_kinh,02,pass2:inline,,add: if (threat != null && fromPost <= GuardLeash + 4f)
Sim/Movement/MovementSystem.cs,368,28,2f,vehicles.movementSystem.updateGuardFromPostMin,s,thoi_gian,02,pass2:inline,,"compare: if (fromPost > 2f && !v.HasPath && v.RepathTimer <= 0f) _world.PathTo(v, v.GuardPoint);"
Sim/Movement/MovementSystem.cs,393,66,3,vehicles.movementSystem.goalSealedMaxRings,x,sat_thuong,02,pass2:inline,,"arg:NavGrid.TryNearestWalkable: if (here == 0 && grid.TryNearestWalkable(v.Position, 3, out var open)) here = grid.RegionOf(open);"
Sim/Movement/MovementSystem.cs,403,74,2.4f,vehicles.movementSystem.guardThreatInterceptorTrue,m,ban_kinh,02,pass2:inline,,conditional: var reach = GuardLeash + weapon.Range * (v.Def.Interceptor ? 2.4f : 0.9f);
Sim/Movement/MovementSystem.cs,403,81,0.9f,vehicles.movementSystem.guardThreatInterceptorFalse,m,ban_kinh,02,pass2:inline,,conditional: var reach = GuardLeash + weapon.Range * (v.Def.Interceptor ? 2.4f : 0.9f);
Sim/Movement/MovementSystem.cs,433,64,0.7f,vehicles.movementSystem.updateAttackMoveVisionRangeScale,x,ban_kinh,02,pass2:inline,,"multiply: _world.FindNearestEnemy(v, v.Def.VisionRange * 0.7f, requireVisible: true, layers: TargetLayers.Ground, mobileOnly: true) != null)"
Sim/Movement/MovementSystem.cs,512,54,60f,vehicles.movementSystem.bombTargetVisionRangeFloor,m,ban_kinh,02,pass2:inline,,"math_max: var reach = MathF.Max(v.Def.VisionRange, 60f);"
Sim/Movement/MovementSystem.cs,520,126,2f,vehicles.movementSystem.bombTargetWorthMin,x,nguong,02,pass2:inline,,"math_clamp: var score = _world.Combat.BombWorth(v.Team, e, weapon) * MathF.Sqrt(Math.Clamp(Combat.CombatSystem.Worth(e), 2f, 25f)) / (1f + d / 200f);"
Sim/Movement/MovementSystem.cs,520,130,25f,vehicles.movementSystem.bombTargetWorthMax,x,nguong,02,pass2:inline,,"math_clamp: var score = _world.Combat.BombWorth(v.Team, e, weapon) * MathF.Sqrt(Math.Clamp(Combat.CombatSystem.Worth(e), 2f, 25f)) / (1f + d / 200f);"
Sim/Movement/MovementSystem.cs,520,148,200f,vehicles.movementSystem.bombTargetDDivisor,x,khac,02,pass2:inline,,"divide: var score = _world.Combat.BombWorth(v.Team, e, weapon) * MathF.Sqrt(Math.Clamp(Combat.CombatSystem.Worth(e), 2f, 25f)) / (1f + d / 200f);"
Sim/Movement/MovementSystem.cs,536,27,30f,vehicles.movementSystem.stayBehindArmourNearest,x,sat_thuong,02,pass2:inline,,local_init: var nearest = 30f;
Sim/Movement/MovementSystem.cs,554,91,5f,vehicles.movementSystem.stayBehindArmourHullBoundAdd,x,sat_thuong,02,pass2:inline,,add: var spot = escort.Position + back * (escort.Def.HullBound + v.Def.HullBound + 5f);
Sim/Movement/MovementSystem.cs,555,69,10f,vehicles.movementSystem.stayBehindArmourReach,x,sat_thuong,02,pass2:inline,,"arg:MovementSystem.TryStandBeside: if (_world.Lanes.NoParkAt(spot) && TryStandBeside(spot, 10f, out var beside)) spot = beside;"
Sim/Movement/MovementSystem.cs,556,54,4f,vehicles.movementSystem.stayBehindArmourDistanceMax,m,sat_thuong,02,pass2:inline,,"compare: if (Vector2.Distance(spot, v.Position) < 4f)"
Sim/Movement/MovementSystem.cs,561,92,4f,vehicles.movementSystem.stayBehindArmourDistanceMin,m,sat_thuong,02,pass2:inline,,"compare: if (v.RepathTimer <= 0f && (!v.HasPath || Vector2.Distance(v.PathGoal, spot) > 4f))"
Sim/Movement/MovementSystem.cs,563,50,2f,vehicles.movementSystem.stayBehindArmourRepathIntervalScale,x,sat_thuong,02,pass2:inline,,multiply: v.RepathTimer = RepathInterval * 2f;
Sim/Movement/MovementSystem.cs,593,121,2,vehicles.movementSystem.standoffPenetrationMin,x,sat_thuong,02,pass2:inline,,compare: if (m.Weapon.CanTarget(true) && (Combat.CombatSystem.IsAntiAir(m.Weapon) || m.Weapon.Penetration >= 2))
Sim/Movement/MovementSystem.cs,596,45,2f,vehicles.movementSystem.standoffReachSub,m,ban_kinh,02,pass2:inline,,"subtract: if (aa > 0f && aa < reach - 2f) _shortAa.Add((e.Position, aa));"
Sim/Movement/MovementSystem.cs,617,73,0.01f,vehicles.movementSystem.standoffLengthSquaredMin,m,ban_kinh,02,pass2:inline,,compare: var close = target.Position + (toward.LengthSquared() > 0.01f ? Vector2.Normalize(toward) : Vector2.UnitX) * (gun * 0.85f + target.Radius);
Sim/Movement/MovementSystem.cs,617,133,0.85f,vehicles.movementSystem.standoffGunScale,x,ban_kinh,02,pass2:inline,,multiply: var close = target.Position + (toward.LengthSquared() > 0.01f ? Vector2.Normalize(toward) : Vector2.UnitX) * (gun * 0.85f + target.Radius);
Sim/Movement/MovementSystem.cs,633,115,22.5f,vehicles.movementSystem.standoffDegrees,x,khac,02,pass2:inline,,arg:SimMath.DegToRad: var spot = _world.ClampToMap(target.Position + SimMath.Forward(bearing + k * SimMath.DegToRad(22.5f)) * ring);
Sim/Movement/MovementSystem.cs,643,37,0.97f,vehicles.movementSystem.standoffReachScale,x,ban_kinh,02,pass2:inline,,multiply: if (distance <= reach * 0.97f && distance >= reach * 0.6f && Exposure(v.Position) <= bestExposure + 0.5f &&
Sim/Movement/MovementSystem.cs,643,66,0.6f,vehicles.movementSystem.standoffReachScale2,x,ban_kinh,02,pass2:inline,,multiply: if (distance <= reach * 0.97f && distance >= reach * 0.6f && Exposure(v.Position) <= bestExposure + 0.5f &&
Sim/Movement/MovementSystem.cs,643,113,0.5f,vehicles.movementSystem.standoffBestExposureAdd,m,ban_kinh,02,pass2:inline,,add: if (distance <= reach * 0.97f && distance >= reach * 0.6f && Exposure(v.Position) <= bestExposure + 0.5f &&
Sim/Movement/MovementSystem.cs,698,69,0.6f,vehicles.movementSystem.hoverReachMainScale,x,ban_kinh,02,pass2:inline,,"multiply: return v.Def.Standoff ? reach : MathF.Max(reach, main * 0.6f);"
Sim/Movement/MovementSystem.cs,727,78,8f,vehicles.movementSystem.closeInMinRangeAdd,m,ban_kinh,02,pass2:inline,,"add: if (_world.EscapeRoute(v, target.Position, weapon.MinRange + 8f - distance) is { } escape) _world.PathTo(v, escape);"
Sim/Movement/MovementSystem.cs,737,37,0.9f,vehicles.movementSystem.closeInReachScale,x,ban_kinh,02,pass2:inline,,multiply: if (distance <= reach * 0.9f && clear)
Sim/Movement/MovementSystem.cs,748,58,3f,vehicles.movementSystem.closeInRepathIntervalScale,x,thoi_gian,02,pass2:inline,,multiply: v.RepathTimer = RepathInterval * 3f;
Sim/Movement/MovementSystem.cs,754,93,16f,vehicles.movementSystem.closeInReach,s,thoi_gian,02,pass2:inline,,"arg:MovementSystem.TryStandBeside: if (!v.HasPath && v.RepathTimer <= 0f && TryStandBeside(v.Position, 16f, out var beside))"
Sim/Movement/MovementSystem.cs,767,115,4f,vehicles.movementSystem.closeInRangeAdd,m,ban_kinh,02,pass2:inline,,add: if (!v.Flying && !v.HasPath && target is Vehicle { BlocksRoutes: true } && distance <= weapon.Range + 4f)
Sim/Movement/MovementSystem.cs,776,67,4f,vehicles.movementSystem.closeInGoalDriftMin,s,thoi_gian,02,pass2:inline,,compare: if (v.RepathTimer <= 0f && (!v.HasPath || goalDrift > 4f || (!clear && v.PathCompleted)))
Sim/Movement/MovementSystem.cs,786,50,2.5,vehicles.movementSystem.holdToFireSeconds,s,thoi_gian,02,pass2:const_to_property,,const_field: private const double HoldToFireSeconds = 2.5;
Sim/Movement/MovementSystem.cs,811,76,2f,vehicles.movementSystem.driveSpeedScale,x,tan_suat,02,pass2:inline,,"multiply: v.Speed = SimMath.MoveTowards(v.Speed, 0f, def.Speed * 2f * dt);"
Sim/Movement/MovementSystem.cs,823,72,2f,vehicles.movementSystem.driveSpeedScale,x,tan_suat,02,pass2:inline,,"multiply: v.Speed = SimMath.MoveTowards(v.Speed, 0f, def.Speed * 2f * dt);"
Sim/Movement/MovementSystem.cs,841,80,0.1f,vehicles.movementSystem.driveSpeedMax,m/s,tan_suat,02,pass2:inline,,compare: else if (!def.Flying && v.FaceHeading is { } face && v.Speed < 0.1f &&
Sim/Movement/MovementSystem.cs,843,102,0.5f,vehicles.movementSystem.driveTurnRateScale,x,tan_suat,02,pass2:inline,,"multiply: v.Heading = SimMath.RotateTowards(v.Heading, face, def.TurnRate * v.TurnFactor * 0.5f * dt);"
Sim/Movement/MovementSystem.cs,853,104,0.9f,vehicles.movementSystem.driveRadiusScale,x,ban_kinh,02,pass2:inline,,"multiply: var arrive = isFinal ? (def.Flying && CrowdedInAir(v, waypoint) ? ArriveFinal + v.Radius * 0.9f : ArriveFinal) : ArriveWaypoint;"
Sim/Movement/MovementSystem.cs,865,118,1.2f,vehicles.movementSystem.driveDistanceScale,x,ban_kinh,02,pass2:inline,,"multiply: v.Speed = SimMath.MoveTowards(v.Speed, MathF.Min(def.Speed * v.SpeedFactor, MathF.Max(1f, distance * 1.2f)), def.Speed * 2f * dt);"
Sim/Movement/MovementSystem.cs,865,138,2f,vehicles.movementSystem.driveSpeedScale,x,ban_kinh,02,pass2:inline,,"multiply: v.Speed = SimMath.MoveTowards(v.Speed, MathF.Min(def.Speed * v.SpeedFactor, MathF.Max(1f, distance * 1.2f)), def.Speed * 2f * dt);"
Sim/Movement/MovementSystem.cs,875,43,1.5f,vehicles.movementSystem.driveDistanceMin,m,ban_kinh,02,pass2:inline,,compare: if (!def.Flying && distance > 1.5f)
Sim/Movement/MovementSystem.cs,882,51,1.2f,vehicles.movementSystem.driveSpeedAdd,m/s,tan_suat,02,pass2:inline,,"add: var blocker = Blocker(v, forward, 1.2f + v.Speed * 0.7f);"
Sim/Movement/MovementSystem.cs,882,68,0.7f,vehicles.movementSystem.driveSpeedScale2,x,tan_suat,02,pass2:inline,,"multiply: var blocker = Blocker(v, forward, 1.2f + v.Speed * 0.7f);"
Sim/Movement/MovementSystem.cs,894,106,0.9f,vehicles.movementSystem.driveSpeedScale3,x,tan_suat,02,pass2:inline,,multiply: if (blocker.Team == v.Team && blocker.IsMoving && sameWay) slowFor = blocker.Speed * 0.9f;
Sim/Movement/MovementSystem.cs,904,122,-0.5f,vehicles.movementSystem.driveDotMax,x,nguong,02,pass2:inline,,"compare: var oncoming = blocker.IsMoving && Vector2.Dot(SimMath.Forward(blocker.Heading), forward) < -0.5f;"
Sim/Movement/MovementSystem.cs,908,47,0.5f,vehicles.movementSystem.driveSpeedScale4,x,tan_suat,02,pass2:inline,,multiply: slowFor = def.Speed * 0.5f;
Sim/Movement/MovementSystem.cs,913,69,1.2f,vehicles.movementSystem.driveHullHalfAdd,m,ban_kinh,02,pass2:inline,,"add: v.Position + forward * (def.HullHalf + 1.2f + v.Speed * 0.7f), def.HullRadius * 0.85f, false, out var wreck))"
Sim/Movement/MovementSystem.cs,913,86,0.7f,vehicles.movementSystem.driveSpeedScale2,x,ban_kinh,02,pass2:inline,,"multiply: v.Position + forward * (def.HullHalf + 1.2f + v.Speed * 0.7f), def.HullRadius * 0.85f, false, out var wreck))"
Sim/Movement/MovementSystem.cs,913,110,0.85f,vehicles.movementSystem.driveHullRadiusScale,x,ban_kinh,02,pass2:inline,,"multiply: v.Position + forward * (def.HullHalf + 1.2f + v.Speed * 0.7f), def.HullRadius * 0.85f, false, out var wreck))"
Sim/Movement/MovementSystem.cs,921,62,0.5f,vehicles.movementSystem.driveSpeedScale4,x,tan_suat,02,pass2:inline,,"multiply: slowFor = MathF.Min(slowFor, def.Speed * 0.5f);"
Sim/Movement/MovementSystem.cs,925,43,1.5f,vehicles.movementSystem.driveDistanceMin,m,ban_kinh,02,pass2:inline,,"compare: if (!def.Flying && distance > 1.5f) desired += OrcaTurn(v, desired);"
Sim/Movement/MovementSystem.cs,930,145,0.5,vehicles.movementSystem.driveAvoidSecondsScale,x,thoi_gian,02,pass2:inline,,"multiply: desired += AvoidTurn(v, desired, v.AvoidSide * AvoidAngle * (float)Math.Min(1.0, (v.AvoidUntil - _world.Time) / (AvoidSeconds * 0.5)));"
Sim/Movement/MovementSystem.cs,932,131,1.2f,vehicles.movementSystem.driveAbsMin,m,ban_kinh,02,pass2:inline,,compare: if (isFinal && distance < SettleDistance && MathF.Abs(SimMath.WrapAngle(SimMath.HeadingOf(toWaypoint) - v.Heading)) > 1.2f)
Sim/Movement/MovementSystem.cs,947,50,0.3f,vehicles.movementSystem.driveSpeedScale5,x,tan_suat,02,pass2:inline,,multiply: var cruising = v.Speed > def.Speed * 0.3f;
Sim/Movement/MovementSystem.cs,948,41,2.5f,vehicles.movementSystem.driveDistanceMin2,m,ban_kinh,02,pass2:inline,,compare: if ((!isFinal || distance > 2.5f || misalignment > 0.6f) && (def.Flying || !cruising || misalignment > HeadingDeadBand))
Sim/Movement/MovementSystem.cs,948,64,0.6f,vehicles.movementSystem.driveMisalignmentMin,m,ban_kinh,02,pass2:inline,,compare: if ((!isFinal || distance > 2.5f || misalignment > 0.6f) && (def.Flying || !cruising || misalignment > HeadingDeadBand))
Sim/Movement/MovementSystem.cs,955,113,0.4f,vehicles.movementSystem.driveFlyingTrue,x,tan_suat,02,pass2:inline,,"conditional: var targetSpeed = def.Speed * v.SpeedFactor * MathF.Max(alignment, def.Flying && !def.HoldsToFire ? 0.4f : 0.15f);"
Sim/Movement/MovementSystem.cs,955,120,0.15f,vehicles.movementSystem.driveFlyingFalse,x,tan_suat,02,pass2:inline,,"conditional: var targetSpeed = def.Speed * v.SpeedFactor * MathF.Max(alignment, def.Flying && !def.HoldsToFire ? 0.4f : 0.15f);"
Sim/Movement/MovementSystem.cs,957,88,0.6f,vehicles.movementSystem.driveMisalignmentMin,m,ban_kinh,02,pass2:inline,,"compare: if (isFinal) targetSpeed = MathF.Min(targetSpeed, MathF.Max(misalignment > 0.6f ? 0.3f : 1.5f, distance * 1.5f));"
Sim/Movement/MovementSystem.cs,957,95,0.3f,vehicles.movementSystem.driveMisalignmentTrue,m,ban_kinh,02,pass2:inline,,"conditional: if (isFinal) targetSpeed = MathF.Min(targetSpeed, MathF.Max(misalignment > 0.6f ? 0.3f : 1.5f, distance * 1.5f));"
Sim/Movement/MovementSystem.cs,957,102,1.5f,vehicles.movementSystem.driveMisalignmentFalse,m,ban_kinh,02,pass2:inline,,"conditional: if (isFinal) targetSpeed = MathF.Min(targetSpeed, MathF.Max(misalignment > 0.6f ? 0.3f : 1.5f, distance * 1.5f));"
Sim/Movement/MovementSystem.cs,957,119,1.5f,vehicles.movementSystem.driveDistanceScale2,x,ban_kinh,02,pass2:inline,,"multiply: if (isFinal) targetSpeed = MathF.Min(targetSpeed, MathF.Max(misalignment > 0.6f ? 0.3f : 1.5f, distance * 1.5f));"
Sim/Movement/MovementSystem.cs,959,69,1.2f,vehicles.movementSystem.driveTargetSpeedTrue,m/s,tan_suat,02,pass2:inline,,conditional: var acceleration = def.Speed / (targetSpeed > v.Speed ? 1.2f : 0.5f);
Sim/Movement/MovementSystem.cs,959,76,0.5f,vehicles.movementSystem.driveTargetSpeedFalse,m/s,tan_suat,02,pass2:inline,,conditional: var acceleration = def.Speed / (targetSpeed > v.Speed ? 1.2f : 0.5f);
Sim/Movement/MovementSystem.cs,1000,39,1.3f,vehicles.movementSystem.driveAeroplaneTurnRadiusScale,x,ban_kinh,02,pass2:inline,,multiply: var margin = turnRadius * 1.3f + 4f;
Sim/Movement/MovementSystem.cs,1000,46,4f,vehicles.movementSystem.driveAeroplaneTurnRadiusAdd,m,ban_kinh,02,pass2:inline,,add: var margin = turnRadius * 1.3f + 4f;
Sim/Movement/MovementSystem.cs,1011,53,1.15f,vehicles.movementSystem.driveAeroplaneTurnRadiusScale2,x,ban_kinh,02,pass2:inline,,"multiply: var radius = MathF.Max(turnRadius * 1.15f, def.OrbitRadius > 0f ? def.OrbitRadius : def.Weapon.Range * 0.62f);"
Sim/Movement/MovementSystem.cs,1011,120,0.62f,vehicles.movementSystem.driveAeroplaneRangeScale,x,ban_kinh,02,pass2:inline,,"multiply: var radius = MathF.Max(turnRadius * 1.15f, def.OrbitRadius > 0f ? def.OrbitRadius : def.Weapon.Range * 0.62f);"
Sim/Movement/MovementSystem.cs,1012,61,4f,vehicles.movementSystem.driveAeroplaneHalfXSub,m,ban_kinh,02,pass2:inline,,"subtract: var limitX = MathF.Max(0f, halfX - radius - 4f);"
Sim/Movement/MovementSystem.cs,1013,61,4f,vehicles.movementSystem.driveAeroplaneHalfZSub,m,ban_kinh,02,pass2:inline,,"subtract: var limitZ = MathF.Max(0f, halfZ - radius - 4f);"
Sim/Movement/MovementSystem.cs,1056,50,6f,vehicles.movementSystem.driveAeroplaneRangeFloor,m,ban_kinh,02,pass2:inline,,"math_max: if (distance < MathF.Max(6f, range * 0.3f) || (tail == null && ahead < 0f && distance < range * 0.6f)) v.RunExtending = true;"
Sim/Movement/MovementSystem.cs,1056,62,0.3f,vehicles.movementSystem.driveAeroplaneRangeScale2,x,ban_kinh,02,pass2:inline,,"multiply: if (distance < MathF.Max(6f, range * 0.3f) || (tail == null && ahead < 0f && distance < range * 0.6f)) v.RunExtending = true;"
Sim/Movement/MovementSystem.cs,1056,121,0.6f,vehicles.movementSystem.driveAeroplaneRangeScale3,x,ban_kinh,02,pass2:inline,,"multiply: if (distance < MathF.Max(6f, range * 0.3f) || (tail == null && ahead < 0f && distance < range * 0.6f)) v.RunExtending = true;"
Sim/Movement/MovementSystem.cs,1058,59,0.85f,vehicles.movementSystem.driveAeroplaneRangeScale4,x,ban_kinh,02,pass2:inline,,"multiply: else if (distance > MathF.Max(range * 0.85f, turnRadius * 2.2f))"
Sim/Movement/MovementSystem.cs,1058,79,2.2f,vehicles.movementSystem.driveAeroplaneTurnRadiusScale3,x,ban_kinh,02,pass2:inline,,"multiply: else if (distance > MathF.Max(range * 0.85f, turnRadius * 2.2f))"
Sim/Movement/MovementSystem.cs,1070,112,0.9f,vehicles.movementSystem.driveAeroplaneDistanceScale,x,ban_kinh,02,pass2:inline,,multiply: v.OnTail = tail != null && behind && !v.RunExtending && gap <= range && ahead > distance * 0.9f;
Sim/Movement/MovementSystem.cs,1075,75,1.3f,vehicles.movementSystem.driveAeroplaneRangeScale5,x,ban_kinh,02,pass2:inline,,multiply: if (!v.RunExtending && mover != null && gap < range * 1.3f && ahead > distance * 0.6f)
Sim/Movement/MovementSystem.cs,1075,102,0.6f,vehicles.movementSystem.driveAeroplaneDistanceScale2,x,ban_kinh,02,pass2:inline,,multiply: if (!v.RunExtending && mover != null && gap < range * 1.3f && ahead > distance * 0.6f)
Sim/Movement/MovementSystem.cs,1079,80,1.5f,vehicles.movementSystem.driveAeroplaneGapScale,x,ban_kinh,02,pass2:inline,,"multiply: var want = (mover.Speed + (gap - range * ChaseShare) * 1.5f) / MathF.Max(1f, def.Speed * v.SpeedFactor);"
Sim/Movement/MovementSystem.cs,1080,64,0.3f,vehicles.movementSystem.driveAeroplaneVtolTrue,x,khac,02,pass2:inline,,"conditional: throttle = Math.Clamp(want, def.Vtol ? 0.3f : 0.45f, 1f);"
Sim/Movement/MovementSystem.cs,1080,71,0.45f,vehicles.movementSystem.driveAeroplaneVtolFalse,x,khac,02,pass2:inline,,"conditional: throttle = Math.Clamp(want, def.Vtol ? 0.3f : 0.45f, 1f);"
Sim/Movement/MovementSystem.cs,1086,71,0.5f,vehicles.movementSystem.driveAeroplaneGapAdd,m,ban_kinh,02,pass2:inline,,"add: throttle = Math.Clamp((gap - range) / range + 0.5f, 0.5f, 1f);"
Sim/Movement/MovementSystem.cs,1086,77,0.5f,vehicles.movementSystem.driveAeroplaneGapMin,m,ban_kinh,02,pass2:inline,,"math_clamp: throttle = Math.Clamp((gap - range) / range + 0.5f, 0.5f, 1f);"
Sim/Movement/MovementSystem.cs,1090,68,1.1f,vehicles.movementSystem.driveAeroplaneRangeScale6,x,ban_kinh,02,pass2:inline,,multiply: else if (!v.RunExtending && distance < range * 1.1f) throttle = 0.8f;
Sim/Movement/MovementSystem.cs,1090,85,0.8f,vehicles.movementSystem.driveAeroplaneThrottle,m,ban_kinh,02,pass2:inline,,assign: else if (!v.RunExtending && distance < range * 1.1f) throttle = 0.8f;
Sim/Movement/MovementSystem.cs,1096,68,8f,vehicles.movementSystem.driveAeroplaneTurnRadiusFloor,m,ban_kinh,02,pass2:inline,,"math_max: if (Vector2.Distance(v.Position, goal) < MathF.Max(8f, turnRadius))"
Sim/Movement/MovementSystem.cs,1104,48,14f,vehicles.movementSystem.driveAeroplaneTurnRadiusFloor2,m,ban_kinh,02,pass2:inline,,"math_max: goal = OrbitPoint(v, MathF.Max(14f, turnRadius * 1.6f));"
Sim/Movement/MovementSystem.cs,1104,66,1.6f,vehicles.movementSystem.driveAeroplaneTurnRadiusScale4,x,ban_kinh,02,pass2:inline,,"multiply: goal = OrbitPoint(v, MathF.Max(14f, turnRadius * 1.6f));"
Sim/Movement/MovementSystem.cs,1116,102,0.8f,vehicles.movementSystem.driveAeroplaneSpeedScale,x,tan_suat,02,pass2:inline,,"multiply: v.Speed = SimMath.MoveTowards(v.Speed, def.Speed * v.SpeedFactor * throttle, def.Speed * 0.8f * dt);"
Sim/Movement/MovementSystem.cs,1170,35,0.1f,vehicles.movementSystem.dogfightDistanceMin,m,ban_kinh,02,pass2:inline,,compare: var from = distance > 0.1f ? (v.Position - enemy.Position) / distance : -away;
Sim/Movement/MovementSystem.cs,1185,62,0.6f,vehicles.movementSystem.dogfightTheirsMin,m,ban_kinh,02,pass2:inline,,compare: if (distance > range * DefendOut || theirs > 0.6f) v.Defending = false;
Sim/Movement/MovementSystem.cs,1187,62,0.5f,vehicles.movementSystem.dogfightMineMin,m,ban_kinh,02,pass2:inline,,compare: else if (distance < range * DefendIn && !(mine > 0.5f && theirs > 0.5f) && !enemy.Defending &&
Sim/Movement/MovementSystem.cs,1187,79,0.5f,vehicles.movementSystem.dogfightTheirsMin2,m,ban_kinh,02,pass2:inline,,compare: else if (distance < range * DefendIn && !(mine > 0.5f && theirs > 0.5f) && !enemy.Defending &&
Sim/Movement/MovementSystem.cs,1192,56,1.6f,vehicles.movementSystem.dogfightTimeScale,x,thoi_gian,02,pass2:inline,,multiply: var weave = MathF.Sin((float)_world.Time * 1.6f + v.Id.Value) * 0.6f;
Sim/Movement/MovementSystem.cs,1192,77,0.6f,vehicles.movementSystem.dogfightSinScale,x,thoi_gian,02,pass2:inline,,multiply: var weave = MathF.Sin((float)_world.Time * 1.6f + v.Id.Value) * 0.6f;
Sim/Movement/MovementSystem.cs,1233,41,5f,vehicles.movementSystem.attackHoldReachFloor,m,ban_kinh,02,pass2:inline,,"math_max: var pullThrough = MathF.Max(5f, reach * 0.2f);"
Sim/Movement/MovementSystem.cs,1233,53,0.2f,vehicles.movementSystem.attackHoldReachScale,x,ban_kinh,02,pass2:inline,,"multiply: var pullThrough = MathF.Max(5f, reach * 0.2f);"
Sim/Movement/MovementSystem.cs,1236,76,0.95f,vehicles.movementSystem.attackHoldReachScale2,x,thoi_gian,02,pass2:inline,,multiply: if (v.RunExtending || now < v.HoldReadyAt || gap > reach * 0.95f || distance < pullThrough + 3f ||
Sim/Movement/MovementSystem.cs,1236,110,3f,vehicles.movementSystem.attackHoldPullThroughAdd,s,thoi_gian,02,pass2:inline,,add: if (v.RunExtending || now < v.HoldReadyAt || gap > reach * 0.95f || distance < pullThrough + 3f ||
Sim/Movement/MovementSystem.cs,1242,31,1.25f,vehicles.movementSystem.attackHoldReachScale3,x,ban_kinh,02,pass2:inline,,multiply: if (gap > reach * 1.25f)
Sim/Movement/MovementSystem.cs,1258,71,1.5f,vehicles.movementSystem.attackHoldGapScale,x,ban_kinh,02,pass2:inline,,"multiply: if (hover) want = Math.Clamp((gap - reach * HoverShare) * 1.5f, 0f, cruise * 0.5f);"
Sim/Movement/MovementSystem.cs,1258,90,0.5f,vehicles.movementSystem.attackHoldCruiseScale,x,ban_kinh,02,pass2:inline,,"multiply: if (hover) want = Math.Clamp((gap - reach * HoverShare) * 1.5f, 0f, cruise * 0.5f);"
Sim/Movement/MovementSystem.cs,1262,44,0.3,vehicles.movementSystem.attackHoldHoldUntilFloor,s,thoi_gian,02,pass2:inline,,"math_max: var left = (float)Math.Max(0.3, v.HoldUntil - now);"
Sim/Movement/MovementSystem.cs,1265,70,1.1f,vehicles.movementSystem.attackHoldSpeedScale,x,tan_suat,02,pass2:inline,,"multiply: v.Speed = SimMath.MoveTowards(v.Speed, want, def.Speed * 1.1f * dt);"
Sim/Movement/MovementSystem.cs,1266,117,1.4f,vehicles.movementSystem.attackHoldTurnRateScale,x,tan_suat,02,pass2:inline,,"multiply: v.Heading = SimMath.RotateTowards(v.Heading, SimMath.HeadingOf(toTarget), def.TurnRate * v.TurnFactor * 1.4f * dt);"
Sim/Movement/MovementSystem.cs,1273,136,2f,vehicles.movementSystem.attackHoldPullThroughScale,x,ban_kinh,02,pass2:inline,,"multiply: if (target is Vehicle { Flying: true } && TailGun(v, flying: true) >= 0 && !flak && (hover || distance > pullThrough * 2f))"
Sim/Movement/MovementSystem.cs,1289,72,0.6f,vehicles.movementSystem.holdSecondsClipAdd,s,thoi_gian,02,pass2:inline,,"add: hold = MathF.Max(hold, (gun.Clip - 1) * gun.Cooldown + 0.6f);"
Sim/Movement/MovementSystem.cs,1325,85,0.35f,vehicles.movementSystem.fastMoverSpeedScale,x,tan_suat,02,pass2:inline,,multiply: target is Vehicle jet && jet.Def.FixedWing && jet.Speed > v.Def.Speed * 0.35f ? jet : null;
Sim/Movement/MovementSystem.cs,1338,43,6f,vehicles.movementSystem.underFlakRangeAdd,m,ban_kinh,02,pass2:inline,,add: var reach = w.Range + 6f;
Sim/Movement/MovementSystem.cs,1350,38,0.1f,vehicles.movementSystem.orbitAroundDistanceMin,m,ban_kinh,02,pass2:inline,,compare: var outward = distance > 0.1f ? from / distance : SimMath.Forward(v.Heading);
Sim/Movement/MovementSystem.cs,1352,76,1.4f,vehicles.movementSystem.orbitAroundClampScale,x,ban_kinh,02,pass2:inline,,"multiply: var pull = Math.Clamp((radius - distance) / radius, -1f, 1f) * 1.4f;"
Sim/Movement/MovementSystem.cs,1369,76,2f,vehicles.movementSystem.steerToRearmOrbitScale,x,thoi_gian,02,pass2:inline,,multiply: var near = v.Def.FixedWing ? Abilities.SupplySystem.Orbit(v) * 2f + 10f : 2.5f;
Sim/Movement/MovementSystem.cs,1369,81,10f,vehicles.movementSystem.steerToRearmOrbitAdd,s,thoi_gian,02,pass2:inline,,add: var near = v.Def.FixedWing ? Abilities.SupplySystem.Orbit(v) * 2f + 10f : 2.5f;
Sim/Movement/MovementSystem.cs,1369,87,2.5f,vehicles.movementSystem.steerToRearmFixedWingFalse,s,thoi_gian,02,pass2:inline,,conditional: var near = v.Def.FixedWing ? Abilities.SupplySystem.Orbit(v) * 2f + 10f : 2.5f;
Sim/Movement/MovementSystem.cs,1372,100,4f,vehicles.movementSystem.steerToRearmOrbitAdd2,s,thoi_gian,02,pass2:inline,,add: if (v.HasPath && (!v.Def.FixedWing || distance < Abilities.SupplySystem.Orbit(v) + 4f)) v.ClearPath();
Sim/Movement/MovementSystem.cs,1375,66,8f,vehicles.movementSystem.steerToRearmDistanceMin,m,thoi_gian,02,pass2:inline,,"compare: if (!v.HasPath || Vector2.Distance(v.PathGoal, at) > 8f) _world.PathTo(v, at);"
Sim/Movement/MovementSystem.cs,1396,109,2.5f,vehicles.movementSystem.runTargetRangeScale,x,ban_kinh,02,pass2:inline,,"multiply: weapon.CanTarget(run.Flying) && Vector2.Distance(run.Position, v.Position) < weapon.Range * 2.5f && !OffPost(v, run))"
Sim/Movement/MovementSystem.cs,1422,38,0.1f,vehicles.movementSystem.orbitPointDistanceMin,m,ban_kinh,02,pass2:inline,,compare: var outward = distance > 0.1f ? from / distance : SimMath.Forward(v.Heading);
Sim/Movement/MovementSystem.cs,1424,76,1.2f,vehicles.movementSystem.orbitPointClampScale,x,ban_kinh,02,pass2:inline,,"multiply: var pull = Math.Clamp((radius - distance) / radius, -1f, 1f) * 1.2f;"
Sim/Movement/MovementSystem.cs,1439,57,0.3f,vehicles.movementSystem.sidestepSpeedScale,x,tan_suat,02,pass2:inline,,"multiply: var step = MathF.Max(v.Speed, v.Def.Speed * 0.3f) * dt;"
Sim/Movement/MovementSystem.cs,1440,35,1.5f,vehicles.movementSystem.sidestepHullRadiusFloor,m,ban_kinh,02,pass2:inline,,"math_max: var probe = MathF.Max(1.5f, v.Def.HullRadius + 0.5f);"
Sim/Movement/MovementSystem.cs,1440,60,0.5f,vehicles.movementSystem.sidestepHullRadiusAdd,m,ban_kinh,02,pass2:inline,,"add: var probe = MathF.Max(1.5f, v.Def.HullRadius + 0.5f);"
Sim/Movement/MovementSystem.cs,1453,74,0.3f,vehicles.movementSystem.sidestepSpeedScale,x,tan_suat,02,pass2:inline,,"multiply: v.Speed = MathF.Min(MathF.Max(v.Speed, v.Def.Speed * 0.3f), v.Def.Speed * 0.6f);"
Sim/Movement/MovementSystem.cs,1453,95,0.6f,vehicles.movementSystem.sidestepSpeedScale2,x,tan_suat,02,pass2:inline,,"multiply: v.Speed = MathF.Min(MathF.Max(v.Speed, v.Def.Speed * 0.3f), v.Def.Speed * 0.6f);"
Sim/Movement/MovementSystem.cs,1457,54,1.5,vehicles.movementSystem.sidestepTimeAdd,s,thoi_gian,02,pass2:inline,,add: v.SlideUntil = _world.Time + 1.5;
Sim/Movement/MovementSystem.cs,1494,72,16f,vehicles.movementSystem.tryDetourKDivisor,x,ban_kinh,02,pass2:inline,,divide: var p = v.Position + SimMath.Forward(k * SimMath.Tau / 16f) * (2.5f * ring + v.Def.HullRadius);
Sim/Movement/MovementSystem.cs,1494,80,2.5f,vehicles.movementSystem.tryDetourRingScale,x,ban_kinh,02,pass2:inline,,multiply: var p = v.Position + SimMath.Forward(k * SimMath.Tau / 16f) * (2.5f * ring + v.Def.HullRadius);
Sim/Movement/MovementSystem.cs,1496,91,12f,vehicles.movementSystem.tryDetourLineOfSightFalse,m,ban_kinh,02,pass2:inline,,"conditional: var score = Vector2.Distance(p, next) + (grid.LineOfSight(p, next) ? 0f : 12f);"
Sim/Movement/MovementSystem.cs,1575,104,8f,vehicles.movementSystem.stillQueuedHullBoundAdd,m,ban_kinh,02,pass2:inline,,"add: Vector2.Distance(ahead.Position, v.Position) < ahead.Def.HullBound + v.Def.HullBound + 8f)"
Sim/Movement/MovementSystem.cs,1605,43,2f,vehicles.movementSystem.crowdedHullBoundScale,x,ban_kinh,02,pass2:inline,,multiply: var reach = v.Def.HullBound * 2f + 1.5f;
Sim/Movement/MovementSystem.cs,1605,48,1.5f,vehicles.movementSystem.crowdedHullBoundAdd,m,ban_kinh,02,pass2:inline,,add: var reach = v.Def.HullBound * 2f + 1.5f;
Sim/Movement/MovementSystem.cs,1609,104,1.5f,vehicles.movementSystem.crowdedHullBoundAdd,count,gioi_han_thuc_the,02,pass2:inline,,"add: return _world.Wrecks.GroundCount > 0 && _world.Wrecks.Blocks(v.Position, v.Def.HullBound + 1.5f, false);"
Sim/Movement/MovementSystem.cs,1624,29,3.5f,vehicles.movementSystem.tryUnjamNextDoubleAdd,m,ban_kinh,02,pass2:inline,,add: var reach = 3.5f + 2.5f * (float)_world.Random.NextDouble();
Sim/Movement/MovementSystem.cs,1624,36,2.5f,vehicles.movementSystem.tryUnjamNextDoubleScale,x,ban_kinh,02,pass2:inline,,multiply: var reach = 3.5f + 2.5f * (float)_world.Random.NextDouble();
Sim/Movement/MovementSystem.cs,1737,54,0.2f,vehicles.movementSystem.brakeShareMax,x,tan_suat,02,pass2:inline,,compare: if (v.Flying || v.Speed <= 0f || share < 0.2f) return;
Sim/Movement/MovementSystem.cs,1739,27,0.3f,vehicles.movementSystem.brakeAgainstMin,x,tan_suat,02,pass2:inline,,"compare: if (against > 0.3f) v.Speed *= 1f - 0.5f * MathF.Min(1f, against) * share;"
Sim/Movement/MovementSystem.cs,1739,49,0.5f,vehicles.movementSystem.brakeMinScale,x,tan_suat,02,pass2:inline,,"multiply: if (against > 0.3f) v.Speed *= 1f - 0.5f * MathF.Min(1f, against) * share;"
Sim/Movement/RailSystem.cs,166,29,0.05f,vehicles.railSystem.dt,x,khac,02,pass2:inline,,field_init: private float _dt = 0.05f;
Sim/Movement/RailSystem.cs,225,111,0.5f,vehicles.railSystem.warningForLengthAdd,m,thoi_gian,02,pass2:inline,,"add: public static float WarningFor(RailCrossingDef c) => MathF.Max(MinWarning, c.Length / SlowReference + 0.5f);"
Sim/Movement/RailSystem.cs,311,37,0.05f,vehicles.railSystem.stepSpeedFloor,m/s,tan_suat,02,pass2:inline,,"math_max: Top = MathF.Max(0.05f, v.Def.Speed * v.SpeedFactor), Boss = v.Def.Boss && !v.Def.Static, Team = v.Team,"
Sim/Movement/RailSystem.cs,312,43,1.2f,vehicles.railSystem.stepWidthFloor,m,ban_kinh,02,pass2:inline,,"math_max: HalfWidth = MathF.Max(1.2f, v.Def.Width * 0.5f), Vehicle = v,"
Sim/Movement/RailSystem.cs,320,31,0.02f,vehicles.railSystem.stepSpeedMin,m/s,thoi_gian,02,pass2:inline,,"compare: if (t.Speed > 0.02f || t.Run != null) Push(t, dt, now);"
Sim/Movement/RailSystem.cs,329,134,0.5f,vehicles.railSystem.frontStopMaxScale,x,ban_kinh,02,pass2:inline,,"multiply: MathF.Max(line.PlayFrom, MathF.Min(line.PlayTo, line.Length - MathF.Max(1f, MathF.Max(v.Def.Length, v.Def.ModelLength) * 0.5f) - BufferGap));"
Sim/Movement/RailSystem.cs,332,41,2f,vehicles.railSystem.bufferGap,m,ban_kinh,02,pass2:const_to_property,,const_field: private const float BufferGap = 2f;
Sim/Movement/RailSystem.cs,341,35,0.05f,vehicles.railSystem.driveSpeedFloor,m/s,tan_suat,02,pass2:inline,,"math_max: var accel = MathF.Max(0.05f, v.Def.Speed) * dt;"
Sim/Movement/RailSystem.cs,346,72,2f,vehicles.railSystem.driveMaxScale,x,tan_suat,02,pass2:inline,,"multiply: var want = dir == 0 ? 0f : dir * MathF.Min(top, MathF.Sqrt(2f * MathF.Max(0.05f, v.Def.Speed) * MathF.Abs(left)));"
Sim/Movement/RailSystem.cs,346,87,0.05f,vehicles.railSystem.driveSpeedFloor,m/s,tan_suat,02,pass2:inline,,"math_max: var want = dir == 0 ? 0f : dir * MathF.Min(top, MathF.Sqrt(2f * MathF.Max(0.05f, v.Def.Speed) * MathF.Abs(left)));"
Sim/Movement/RailSystem.cs,355,73,0.01f,vehicles.railSystem.driveSpeedMax,m/s,tan_suat,02,pass2:inline,,compare: if (v.Order.Kind == OrderKind.Move && dir == 0 && v.Speed < 0.01f) v.SetOrder(Order.Idle);
Sim/Movement/RailSystem.cs,365,86,3f,vehicles.railSystem.stepRunsSupportTravelScale,x,thoi_gian,02,pass2:inline,,multiply: var inside = front >= line.PlayFrom && now - run.Due < SupportWait + 3f * SupportTravel;
Sim/Movement/RailSystem.cs,373,63,3f,vehicles.railSystem.stepRunsSupportTravelScale,x,thoi_gian,02,pass2:inline,,multiply: if (run.Done || now - run.Due > SupportWait + 3f * SupportTravel)
Sim/Movement/RailSystem.cs,377,43,16,vehicles.railSystem.stepRunsCountMin,count,gioi_han_thuc_the,02,pass2:inline,,compare: if (_finished.Count > 16) _finished.RemoveAt(0);
Sim/Movement/RailSystem.cs,386,27,2f,vehicles.railSystem.stepRunsSupportRunScale,x,ban_kinh,02,pass2:inline,,"multiply: Top = 2f * SupportRun / SupportTravel, Boss = false, Team = run.Team, HalfWidth = SupportHalfWidth, Run = run,"
Sim/Movement/RailSystem.cs,399,38,120,vehicles.railSystem.reachKMax,m,ban_kinh,02,pass2:inline,,compare: for (var k = 1; k <= 120; k++)
Sim/Movement/RailSystem.cs,401,38,0.1,vehicles.railSystem.reachKScale,x,thoi_gian,02,pass2:inline,,multiply: var time = now + 0.1 * k;
Sim/Movement/RailSystem.cs,482,91,20.0,vehicles.railSystem.setTimeMin,s,thoi_gian,02,pass2:inline,,compare: if (state == CrossingState.Warning && c.Boss && _world.Time - _bossAlertAt >= 20.0)
Sim/Movement/RailSystem.cs,504,51,0.5,vehicles.railSystem.markDangersKScale,x,thoi_gian,02,pass2:inline,,multiply: var f = run.FrontAt(now + 0.5 * k);
Sim/Movement/RailSystem.cs,511,35,0.02f,vehicles.railSystem.markDangersSpeedMax,m/s,tan_suat,02,pass2:inline,,compare: if (t.Speed < 0.02f && (t.Vehicle == null || t.Vehicle.Order.Kind == OrderKind.Idle)) continue;
Sim/Movement/RailSystem.cs,535,47,10f,vehicles.railSystem.markDangersSAdd,x,nguong,02,pass2:inline,,"add: var e = MathF.Min(to, s + 10f);"
Sim/Movement/RailSystem.cs,541,58,6f,vehicles.railSystem.markDangersS2,x,nguong,02,pass2:inline,,"compound_assign: for (var s = from; s <= to + 0.01f; s += 6f) _dangers.Add((line.At(MathF.Min(s, to)), RailSpline.BandHalf + 3f, due));"
Sim/Movement/RailSystem.cs,541,125,3f,vehicles.railSystem.markDangersBandHalfAdd,x,nguong,02,pass2:inline,,"add: for (var s = from; s <= to + 0.01f; s += 6f) _dangers.Add((line.At(MathF.Min(s, to)), RailSpline.BandHalf + 3f, due));"
Sim/Movement/RailSystem.cs,548,60,3f,vehicles.railSystem.markDangersHalfAdd,s,thoi_gian,02,pass2:inline,,"add: _dangers.Add((c.Def.Position, c.Def.Half + 3f, now + c.WarnSeconds));"
Sim/Movement/RailSystem.cs,565,97,3f,vehicles.railSystem.tellBandHalfAdd,m,ban_kinh,02,pass2:inline,,add: var exit = line.At(s) + line.Left(s) * side * (RailSpline.BandHalf + v.Radius + 3f);
Sim/Movement/RailSystem.cs,566,128,3f,vehicles.railSystem.tellBandHalfAdd,m,ban_kinh,02,pass2:inline,,add: if (!_world.Grid.IsWalkable(exit)) exit = line.At(s) - line.Left(s) * side * (RailSpline.BandHalf + v.Radius + 3f);
Sim/Movement/RailSystem.cs,618,40,2f,vehicles.railSystem.pushSpeedScale,x,ban_kinh,02,pass2:inline,,multiply: var reach = t.Speed * dt * 2f + 0.5f;
Sim/Movement/RailSystem.cs,618,45,0.5f,vehicles.railSystem.pushSpeedAdd,m/s,ban_kinh,02,pass2:inline,,add: var reach = t.Speed * dt * 2f + 0.5f;
Sim/Movement/RailSystem.cs,634,118,2.0,vehicles.railSystem.pushNowMin,s,thoi_gian,02,pass2:inline,,compare: if (t.Boss && t.Vehicle is { } ram && v.Team != t.Team && !v.Invulnerable && now - v.RailPushedAt >= 2.0)
Sim/Movement/RailSystem.cs,692,46,0.3f,vehicles.railSystem.offRailAbsMin,x,nguong,02,pass2:inline,,compare: var side = MathF.Abs(mine) > 0.3f ? MathF.Sign(mine) : lateral >= 0f ? 1f : -1f;
Sim/Movement/SquadCorridor.cs,90,31,40,vehicles.squadCorridors.stepTickMod,ticks,thoi_gian,02,pass2:inline,,modulo: if (_world.Tick % 40 != 17) return;
Sim/Movement/SquadCorridor.cs,90,37,17,vehicles.squadCorridors.stepTickIs,ticks,thoi_gian,02,pass2:inline,,equals: if (_world.Tick % 40 != 17) return;
Sim/Movement/SquadCorridor.cs,92,59,30.0,vehicles.squadCorridors.stepTimeMin,s,thoi_gian,02,pass2:inline,,compare: _list.RemoveAll(c => _world.Time - c.UsedAt > 30.0);
Sim/Movement/SquadCorridor.cs,119,97,10f,vehicles.squadCorridors.getDistanceMax,m,ban_kinh,02,pass2:inline,,"compare: if (mine != null && avoid == null && !mine.Dirty && Vector2.Distance(mine.To, to) < 10f &&"
Sim/Movement/SquadCorridor.cs,120,117,40f,vehicles.squadCorridors.getDistanceMax2,m,thoi_gian,02,pass2:inline,,"compare: now - mine.BuiltAt < SimTunables.Ai.Traffic.CorridorRefreshS && Vector2.Distance(mine.From, from) < 40f)"
Sim/Movement/SquadCorridor.cs,126,120,10f,vehicles.squadCorridors.getDistanceMax,m,ban_kinh,02,pass2:inline,,"compare: if (_builtThisStep >= BuildsPerStep) return mine != null && !mine.Dirty && Vector2.Distance(mine.To, to) < 10f ? mine : null;"
Sim/Movement/SquadCorridor.cs,169,45,500,vehicles.squadCorridors.planCorridorNodesFloor,x,nguong,02,pass2:inline,,"math_max: _costs.MaxExpansions = Math.Max(500, SimTunables.Ai.Traffic.CorridorNodes);"
Sim/Movement/SquadCorridor.cs,194,32,2,vehicles.squadCorridors.composeCountMax,count,gioi_han_thuc_the,02,pass2:inline,,compare: if (points.Count < 2) return false;
Sim/Movement/SquadCorridor.cs,206,63,3,vehicles.squadCorridors.composeNearestAdd,count,gioi_han_thuc_the,02,pass2:inline,,"add: for (var i = Math.Min(points.Count - 1, nearest + 3); i >= nearest; i--)"
Sim/Movement/SquadCorridor.cs,214,121,2,vehicles.squadCorridors.composeCountSub,count,ban_kinh,02,pass2:inline,,"subtract: var last = Vector2.DistanceSquared(points[points.Count - 1], slot) < 1f ? points.Count - 1 : points.Count - 2;"
Sim/Movement/SquadCorridor.cs,223,59,4,vehicles.squadCorridors.composeLastSub,x,nguong,02,pass2:inline,,"subtract: for (var i = last; i >= Math.Max(join, last - 4); i--)"
Sim/Movement/SquadCorridor.cs,232,90,0.25f,vehicles.squadCorridors.composeDistanceSquaredMin,m,ban_kinh,02,pass2:inline,,"compare: if (into.Count == 0 || Vector2.DistanceSquared(into[into.Count - 1], slot) > 0.25f) into.Add(slot);"
Sim/Movement/TrafficCoordinator.cs,40,58,0.5f,vehicles.passage.reachMaxScale,x,ban_kinh,02,pass2:inline,,"multiply: public float Reach => MathF.Max(Length, Width) * 0.5f + 3f;"
Sim/Movement/TrafficCoordinator.cs,40,65,3f,vehicles.passage.reachMaxAdd,m,ban_kinh,02,pass2:inline,,"add: public float Reach => MathF.Max(Length, Width) * 0.5f + 3f;"
Sim/Movement/TrafficCoordinator.cs,47,42,0.5f,vehicles.passage.throughputSpeedFloor,m,ban_kinh,02,pass2:inline,,"math_max: Lanes(hullWidth) * MathF.Max(0.5f, speed) / MathF.Max(2f, hullLength + 4f);"
Sim/Movement/TrafficCoordinator.cs,47,67,2f,vehicles.passage.throughputHullLengthFloor,m,ban_kinh,02,pass2:inline,,"math_max: Lanes(hullWidth) * MathF.Max(0.5f, speed) / MathF.Max(2f, hullLength + 4f);"
Sim/Movement/TrafficCoordinator.cs,47,84,4f,vehicles.passage.throughputHullLengthAdd,m,ban_kinh,02,pass2:inline,,"add: Lanes(hullWidth) * MathF.Max(0.5f, speed) / MathF.Max(2f, hullLength + 4f);"
Sim/Movement/TrafficCoordinator.cs,75,112,3f,vehicles.passage.queuePointWidthAdd,m,ban_kinh,02,pass2:inline,,add: return entry + back * (row * SimTunables.Ai.Traffic.QueueSpacing) + right * side * (Width * 0.5f + 3f);
Sim/Movement/TrafficCoordinator.cs,285,24,20,vehicles.trafficCoordinator.stepTickMod,s,thoi_gian,02,pass2:inline,,modulo: if (tick % 20 == 0 || !_built) EnsureBuilt();
Sim/Movement/TrafficCoordinator.cs,286,24,10,vehicles.trafficCoordinator.stepTickMod2,s,thoi_gian,02,pass2:inline,,modulo: if (tick % 10 == 3) ExpireReservations();
Sim/Movement/TrafficCoordinator.cs,286,30,3,vehicles.trafficCoordinator.stepTickIs,s,thoi_gian,02,pass2:inline,,equals: if (tick % 10 == 3) ExpireReservations();
Sim/Movement/TrafficCoordinator.cs,287,24,10,vehicles.trafficCoordinator.stepTickMod2,s,thoi_gian,02,pass2:inline,,modulo: if (tick % 10 == 5) RefreshExits();
Sim/Movement/TrafficCoordinator.cs,287,30,5,vehicles.trafficCoordinator.stepTickIs2,s,thoi_gian,02,pass2:inline,,equals: if (tick % 10 == 5) RefreshExits();
Sim/Movement/TrafficCoordinator.cs,288,24,10,vehicles.trafficCoordinator.stepTickMod2,s,thoi_gian,02,pass2:inline,,modulo: if (tick % 10 == 7) PredictArrivals();
Sim/Movement/TrafficCoordinator.cs,288,30,7,vehicles.trafficCoordinator.stepTickIs3,s,thoi_gian,02,pass2:inline,,equals: if (tick % 10 == 7) PredictArrivals();
Sim/Movement/TrafficCoordinator.cs,289,24,40,vehicles.trafficCoordinator.stepTickMod3,s,thoi_gian,02,pass2:inline,,modulo: if (tick % 40 == 11) SweepPassing();
Sim/Movement/TrafficCoordinator.cs,289,30,11,vehicles.trafficCoordinator.stepTickIs4,s,thoi_gian,02,pass2:inline,,equals: if (tick % 40 == 11) SweepPassing();
Sim/Movement/TrafficCoordinator.cs,290,24,20,vehicles.trafficCoordinator.stepTickMod,s,thoi_gian,02,pass2:inline,,modulo: if (tick % 20 == 13) ExpireCongestion();
Sim/Movement/TrafficCoordinator.cs,290,30,13,vehicles.trafficCoordinator.stepTickIs5,s,thoi_gian,02,pass2:inline,,equals: if (tick % 20 == 13) ExpireCongestion();
Sim/Movement/TrafficCoordinator.cs,312,71,4f,vehicles.trafficCoordinator.ensureBuiltDistanceSquaredMin,m,ban_kinh,02,pass2:inline,,"compare: if (Vector2.DistanceSquared(o.Centre, p.Centre) > 4f) continue;"
Sim/Movement/TrafficCoordinator.cs,370,98,0.5f,vehicles.trafficCoordinator.firstPassageAlongReachScale,x,ban_kinh,02,pass2:inline,,"multiply: if (Vector2.DistanceSquared(a + dir * t, p.Centre) > p.Reach * p.Reach * 0.5f || t >= bestAlong) continue;"
Sim/Movement/TrafficCoordinator.cs,564,39,4f,vehicles.trafficCoordinator.predictArrivalsSpeedFloor,m/s,ban_kinh,02,pass2:inline,,"math_max: var reach = MathF.Max(4f, v.Def.Speed * v.SpeedFactor * window);"
Sim/Movement/TrafficCoordinator.cs,578,31,0.05f,vehicles.trafficCoordinator.queueDelayThroughputFloor,s,thoi_gian,02,pass2:inline,,"math_max: ahead / MathF.Max(0.05f, passage.Throughput(hullWidth, hullLength, speed));"
Sim/Movement/TrafficCoordinator.cs,652,148,2f,vehicles.trafficCoordinator.sweepPassingHullBoundAdd,m,ban_kinh,02,pass2:inline,,"add: Vector2.Distance(va.Position, vb.Position) > SimTunables.Ai.Navigation.PassingRelease * (va.Def.HullBound + vb.Def.HullBound + 2f))"
Sim/Movement/TrafficCoordinator.cs,690,50,0.25f,vehicles.trafficCoordinator.outOfExitLengthSquaredMin,m,ban_kinh,02,pass2:inline,,compare: var dir = away.LengthSquared() > 0.25f ? Vector2.Normalize(away) : e.Inward;
Sim/Movement/TrafficCoordinator.cs,723,30,6f,vehicles.trafficCoordinator.splashSpacingEnemySplashFloor,m,sat_thuong,02,pass2:inline,,"math_max: return MathF.Max(6f, _world.Intel.Peek(team)?.EnemySplash ?? 0f);"
Sim/Movement/TrafficCoordinator.cs,787,92,6f,vehicles.trafficCoordinator.addCongestionCongestionRadiusAdd,m,ban_kinh,02,pass2:inline,,"add: Corridors.MarkDirtyNear(team, at, SimTunables.Ai.Navigation.CongestionRadius + 6f);"
Sim/Movement/TrafficSteering.cs,94,97,-0.5f,vehicles.trafficSteering.avoidDotMax,x,tan_suat,02,pass2:inline,,"compare: var oncoming = otherSpeed > 1e-3f && Vector2.Dot(forward, otherVel / otherSpeed) < -0.5f;"
Sim/Movement/TrafficSteering.cs,97,66,0.1f,vehicles.trafficSteering.avoidCombinedFloor,x,nguong,02,pass2:inline,,"math_max: var depth = Math.Clamp((combined - miss) / MathF.Max(0.1f, combined), 0f, 1f);"
Sim/Movement/TrafficSteering.cs,98,92,0.2f,vehicles.trafficSteering.avoidUrgencyFloor,x,nguong,02,pass2:inline,,"math_max: return right * (side * Responsibility(selfPriority, otherPriority) * MathF.Max(0.2f, urgency) * MathF.Max(0.25f, depth));"
Sim/Movement/TrafficSteering.cs,98,119,0.25f,vehicles.trafficSteering.avoidDepthFloor,x,nguong,02,pass2:inline,,"math_max: return right * (side * Responsibility(selfPriority, otherPriority) * MathF.Max(0.2f, urgency) * MathF.Max(0.25f, depth));"
Sim/Movement/WreckField.cs,160,57,0.5f,vehicles.wreckField.aheadDistanceScale,x,ban_kinh,02,pass2:inline,,"multiply: var span = Vector2.Distance(front, probe) * 0.5f + width;"
Sim/Movement/WreckField.cs,199,97,2.39996f,vehicles.wreckField.overlapValueScale,x,ban_kinh,02,pass2:inline,,multiply: delta = away.LengthSquared() > 1e-6f ? away : SimMath.Forward((w.Id.Value * 2.39996f) % SimMath.Tau);
Sim/Movement/WreckStates.cs,63,48,2.5,vehicles.wreckStates.animatingSeconds,s,thoi_gian,02,pass2:const_to_property,,const_field: public const double AnimatingSeconds = 2.5;
Sim/Navigation/RailSpline.cs,41,56,0.5f,vehicles.railCrossingDef.halfMaxScale,x,ban_kinh,02,pass2:inline,,"multiply: public float Half => MathF.Max(Width, Depth) * 0.5f;"
Sim/Navigation/RailSpline.cs,93,51,0.01f,vehicles.railSpline.gateAtToLengthSub,m,ban_kinh,02,pass2:inline,,subtract: public bool GateAtTo => PlayTo < Length - 0.01f;
Sim/Navigation/RailSpline.cs,100,54,2,vehicles.railSpline.segmentAtLengthSub,m,ban_kinh,02,pass2:inline,,subtract: if (s >= Length) return _points.Length - 2;
Sim/SimWorld.Commanders.cs,121,116,0.5f,vehicles.simWorld.commanderOutgoingMaxHpScale,x,sat_thuong,02,pass2:inline,,multiply: if (c.LowHpDamage != 1f && attacker != null && attacker.Team == team && attacker.Hp < attacker.MaxHp * 0.5f && CommanderRules.Fields(attacker.Def))
Sim/SimWorld.Intel.cs,31,77,7919,vehicles.simWorld.aiRandomSeedScale,x,xac_suat,02,pass2:inline,,"multiply: public Random AiRandom(int team, int layer) => new(unchecked(Seed * 7919 + (team + 3) * 104729 + layer * 1299709));"
Sim/SimWorld.Intel.cs,31,92,3,vehicles.simWorld.aiRandomTeamAdd,share,xac_suat,02,pass2:inline,,"add: public Random AiRandom(int team, int layer) => new(unchecked(Seed * 7919 + (team + 3) * 104729 + layer * 1299709));"
Sim/SimWorld.Intel.cs,31,97,104729,vehicles.simWorld.aiRandomTeamScale,x,xac_suat,02,pass2:inline,,"multiply: public Random AiRandom(int team, int layer) => new(unchecked(Seed * 7919 + (team + 3) * 104729 + layer * 1299709));"
Sim/SimWorld.Intel.cs,31,114,1299709,vehicles.simWorld.aiRandomLayerScale,x,xac_suat,02,pass2:inline,,"multiply: public Random AiRandom(int team, int layer) => new(unchecked(Seed * 7919 + (team + 3) * 104729 + layer * 1299709));"
