id,loai_thuc_the,ten_en,ten_vi,ten_ngan_vi,lop,nhanh,ke_thua_tu,base_cp,mau_hp,mau_trong_tran_hp,giap_truoc,giap_hong,giap_sau,giap_noc,cong_trinh,toc_do_m_s,xoay_than_deg_s,xoay_thap_deg_s,tam_nhin_m,ban_kinh_m,dai_m,rong_m,bay,do_cao_m,dung_yen,ban_khi_chay,toc_do_chiem,tha_du_s,he_so_sat_thuong_ra,vu_khi_chinh,vu_khi_phu,noi_tai,tu_ve,so_lan_tu_ve,hoi_tu_ve_s,mo_hinh,so_voi_ban_goc,base_cp_truoc,base_cp_sau,mau_hp_truoc,mau_hp_sau,giap_truoc_truoc,giap_truoc_sau,giap_hong_truoc,giap_hong_sau,giap_sau_truoc,giap_sau_sau,giap_noc_truoc,giap_noc_sau,toc_do_m_s_truoc,toc_do_m_s_sau,tam_nhin_m_truoc,tam_nhin_m_sau,vu_khi_chinh_truoc,vu_khi_chinh_sau,vu_khi_phu_truoc,vu_khi_phu_sau,he_so_sat_thuong_ra_truoc,he_so_sat_thuong_ra_sau,gia_quan_cp,nhom_gia,tinh_nhue_cua,ban_tinh_nhue,vai_tro_mo_man,mo_khoa,air_cap_free,air_rearm_radius_m,air_rearm_rate,alt_models,altitude_m,armour,armour_front,armour_rear,armour_side,armour_top,attack_hold_s,breacher,capture_rate,card,ceiling_m,class,command_aura_fire_rate,command_aura_radius_m,counter_battery_bonus,counter_battery_range_m,counter_battery_seconds_s,cp,damage_scale,death_explosion_damage,death_explosion_delay_s,death_explosion_radius_m,death_explosion_tier,deploy_arc_deg,deploy_front,deploy_range_m,deploy_seconds_s,deploy_siege,deploy_tank_mount,dome_hp,dome_radius_m,dome_recharge_s,drone,drone_armor,drone_hunt_reach_m,drop_delay_s,elite,elite_of,fires_while_moving,fixed_wing,flight_tier,flying,forward_drop,glide_release,hp,inherits,interceptor,jammer,kamikaze,length_m,loads_air_to_air,loads_jassm,loads_jet_bombs,main_aim,main_slot,mark,marked_spread,max_per_side,microwave_arc_deg,microwave_cooldown_s,microwave_range_m,mine_armor,mine_proof,mines_damage,mines_interval,mines_max,mines_radius_m,mines_spread,mines_tier,mines_trigger,model,model_size_height_m,model_size_length_m,model_size_width_m,naval_dash_every,naval_dash_hold,naval_dash_w,naval_role,naval_station,orbit,orbit_radius_m,outgoing_damage_mult,paradrop_base_keep_out,paradrop_fall,paradrop_height_m,paradrop_proxy,radius_m,rearm_radius_m,rearm_rate,rearm_time_s,recon_pass_seconds_s,recon_pass_width_m,repair_radius_m,repair_rate,scale,scoot_max,scoot_min,scoot_shots,sead,secondary,skills,smoke_sight,speed_m_s,standoff_m,stealth,still_after_s,still_camo,still_vision_m,story_only,strong_vs,tint,turn_rate_deg_s,turret_turn_rate_deg_s,value,vision_m,vtol,weapon,width_m,wingman_decoy,wingman_follow,wingman_pull,nguon,raw_json
aa_57mm_vehicle,xe,57 mm AA vehicle,Xe phòng không 57 mm,PK 57 mm,AntiAir,Light,,7,759,1669.8,2,1,0,0,FALSE,7,90,150,48,2.0,5.9,2.5,FALSE,0,FALSE,TRUE,1,3.5,1.1667,gun_57mm_2s38,,,none,,,aa_57mm_vehicle,doi,6,7,636,759,,,,,,,,,,,,,,,,,1,1.1667,7,NEED_CODE_CHECK,,,,NEED_CODE_CHECK,,,,,,2,,,,,,,,,,AntiAir,,,,,,7,,65,0.25,5,Large,,,,,,,,,,,,,,,,TRUE,,,,,,759,,,,,5.9,,,,,,,,,,,,,,,,,,,,,aa_57mm_vehicle,2.7,5.9,2.5,,,,,,,,1.1667,,,,,2.0,,,,,,,,,,,,,,,,7,,,,,,,,,90,150,,48,,gun_57mm_2s38,2.5,,,,Assets/MachineBrigade/Resources/Data/balance.json: vehicles[169],"{""id"":""aa_57mm_vehicle"",""outgoingDamageMult"":1.1667,""model"":""aa_57mm_vehicle"",""modelSize"":[5.9,2.5,2.7],""class"":""AntiAir"",""armour"":2,""hp"":759,""speed"":7,""turnRate"":90,""turretTurnRate"":150,""radius"":2.0,""length"":5.9,""width"":2.5,""cp"":7,""vision"":48,""firesWhileMoving"":true,""weapon"":""gun_57mm_2s38"",""deathExplosion"":{""damage"":65,""radius"":5,""delay"":0.25,""tier"":""Large""}}"
aa_gun_vehicle,xe,40 mm AA gun vehicle,Xe cao xạ 40 mm,Cao xạ 40 mm,AntiAir,Light,,6,559,1229.8,1,0,0,0,FALSE,8,90,150,45,2.0,5.0,2.5,FALSE,0,FALSE,TRUE,1,3.5,1.2,bofors_l70,,,none,,,aa_gun_vehicle,doi,5,6,455,559,,,,,,,,,,,,,,,,,1,1.2,6,NEED_CODE_CHECK,,,,NEED_CODE_CHECK,,,,,,1,,,,,,,,,,AntiAir,,,,,,6,,60,0.25,5,Large,,,,,,,,,,,,,,,,TRUE,,,,,,559,,,,,5.0,,,,,,,,,,,,,,,,,,,,,,2.7,5.9,2.5,,,,,,,,1.2,,,,,2.0,,,,,,,,,,,,,,,,8,,,,,,,,,90,150,,45,,bofors_l70,2.5,,,,Assets/MachineBrigade/Resources/Data/balance.json: vehicles[132],"{""id"":""aa_gun_vehicle"",""outgoingDamageMult"":1.2,""modelSize"":[5.9,2.5,2.7],""class"":""AntiAir"",""armour"":1,""hp"":559,""speed"":8,""turnRate"":90,""turretTurnRate"":150,""radius"":2.0,""length"":5.0,""width"":2.5,""cp"":6,""vision"":45,""firesWhileMoving"":true,""weapon"":""bofors_l70"",""deathExplosion"":{""damage"":60,""radius"":5,""delay"":0.25,""tier"":""Large""}}"
aa_vehicle,xe,Self-propelled AA gun,Pháo cao xạ tự hành,Cao xạ,,,,4,350,770.0,2,1,1,0,FALSE,8,100,200,42,1.8,5.85,3.06,FALSE,0,FALSE,TRUE,1,2.5,1,flak_35,sam,,none,,,aa_vehicle,giong,,,,,,,,,,,,,,,,,,,,,,,4,NEED_CODE_CHECK,,elite_aa,,NEED_CODE_CHECK,,,,,,,2,1,1,0,,,,,,,,,,,,4,,60,0.25,5,Large,,,,,,,,,,,,,2.5,,,TRUE,,,,,,350,,,,,5.85,,,,,,,,,,,,,,,,,,,,,,2.92,6.44,3.06,,,,,,,,,,,,,1.8,,,,,,,,1,,,,,,,,8,,,,,,,,,100,200,1.16,42,,flak_35,3.06,,,,Assets/MachineBrigade/Resources/Data/balance.json: vehicles[6],"{""id"":""aa_vehicle"",""dropDelay"":2.5,""value"":1.16,""scale"":1,""modelSize"":[6.44,3.06,2.92],""armour"":[2,1,1,0],""hp"":350,""speed"":8,""turnRate"":100,""turretTurnRate"":200,""radius"":1.8,""length"":5.85,""width"":3.06,""cp"":4,""vision"":42,""firesWhileMoving"":true,""weapon"":""flak_35"",""secondary"":[{""weapon"":""sam"",""slot"":""missile"",""model"":""stinger"",""aim"":""Free""}],""deathExplosion"":{""damage"":60,""radius"":5,""delay"":0.25,""tier"":""Large""}}"
aerial_tanker,xe,Aerial tanker,Máy bay tiếp dầu,Tiếp dầu,,,,9,1300,2860.0,0,0,0,0,FALSE,20,68,360,55,7.5,,,TRUE,40,FALSE,TRUE,0,3.5,1.1391,none,,,flare,3,20,aerial_tanker,doi,8,9,1136,1300,,,,,,,,,,,,,,,,,1,1.1391,9,NEED_CODE_CHECK,,,,NEED_CODE_CHECK,,,,,40,0,,,,,,,0,,,,,,,,,9,,90,0.4,7,Huge,,,,,,,,,,,,,,,,,TRUE,,TRUE,,,1300,,,,,,,,,,gun,,,,,,,,,,,,,,,,aerial_tanker,5.7,19.8,22.62,,,,,,,,1.1391,,,,,7.5,,,0,,,,,,,,,,,,,20,,,,,,,,,68,360,,55,,none,,,,,Assets/MachineBrigade/Resources/Data/balance.json: vehicles[195],"{""id"":""aerial_tanker"",""flareRecharge"":20,""flareCharges"":3,""outgoingDamageMult"":1.1391,""model"":""aerial_tanker"",""rearmTime"":0,""modelSize"":[19.8,22.62,5.7],""armour"":0,""hp"":1300,""speed"":20,""turnRate"":68,""turretTurnRate"":360,""radius"":7.5,""cp"":9,""vision"":55,""weapon"":""none"",""mainSlot"":""gun"",""flying"":true,""fixedWing"":true,""altitude"":40,""captureRate"":0,""deathExplosion"":{""damage"":90,""radius"":7,""delay"":0.4,""tier"":""Huge""}}"
airborne_light_tank,xe,Airborne light tank,Tăng nhẹ thả dù,Tăng thả dù,Tank,Armor,,6,727,1599.4,2,1,0,0,FALSE,8,90,100,36,1.7,6.39,2.61,FALSE,0,FALSE,TRUE,1,3.5,1.2,gun_105_ags,,,none,,,airborne_light_tank,doi,5,6,591,727,,,,,,,,,,,,,,,,,1,1.2,6,NEED_CODE_CHECK,,,light_tank,NEED_CODE_CHECK,,,,,,,2,0,1,0,,,,,,Tank,,,,,,6,,85,0.3,7,Large,,,,,,,,,,,,,,,,,,,,,,727,,,,,6.39,,,,,,,,,,,,,,,,,,,,,airborne_light_tank,1.89,6.39,2.61,,,,,,,,1.2,45,6,30,airborne_light_tank_chute,1.7,,,,,,,,,,,,,,,,8,,,,,,,,,90,100,,36,,gun_105_ags,2.61,,,,Assets/MachineBrigade/Resources/Data/balance.json: vehicles[182],"{""id"":""airborne_light_tank"",""outgoingDamageMult"":1.2,""model"":""airborne_light_tank"",""modelSize"":[6.39,2.61,1.89],""class"":""Tank"",""armour"":[2,1,0,0],""hp"":727,""speed"":8,""turnRate"":90,""turretTurnRate"":100,""radius"":1.7,""length"":6.39,""width"":2.61,""cp"":6,""vision"":36,""weapon"":""gun_105_ags"",""paradrop"":{""proxy"":""airborne_light_tank_chute"",""fall"":6,""height"":30,""baseKeepOut"":45},""deathExplosion"":{""damage"":85,""radius"":7,""delay"":0.3,""tier"":""Large""}}"
airborne_light_tank_chute,vat_pham,,,,Tank,Armor,,0,591,1300.2,2,1,0,0,FALSE,1,1,1,12,2.2,,,TRUE,30,FALSE,TRUE,1,3.5,1,none,,,none,,,airborne_light_tank_chute,giong,,,,,,,,,,,,,,,,,,,,,,,0,NEED_CODE_CHECK,,,,NEED_CODE_CHECK,,,,,30,,2,0,1,0,,,,FALSE,,Tank,,,,,,0,,,,,,,,,,,,,,,,,,,,,,,,TRUE,,,591,,,,,,,,,,,,,,,,,,,,,,,,,,airborne_light_tank_chute,11.0,9.0,9.0,,,,,,,,,,,,,2.2,,,,,,,,,,,,,,,,1,,,,,,,,,1,1,,12,,none,,,,,Assets/MachineBrigade/Resources/Data/balance.json: vehicles[183],"{""id"":""airborne_light_tank_chute"",""card"":false,""model"":""airborne_light_tank_chute"",""modelSize"":[9.0,9.0,11.0],""class"":""Tank"",""armour"":[2,1,0,0],""hp"":591,""speed"":1,""turnRate"":1,""turretTurnRate"":1,""radius"":2.2,""cp"":0,""vision"":12,""weapon"":""none"",""flying"":true,""altitude"":30}"
airborne_vehicle,xe,Airborne fighting vehicle,Xe đổ bộ đường không,Xe đổ bộ,Light,Light,,7,595,1309.0,1,0,0,0,FALSE,6.5,90,100,36,1.9,4.6,2.5,FALSE,0,FALSE,TRUE,1.5,3.5,1.1667,gun_100_2a70,autocannon_30,,none,,,airborne_vehicle,doi,6,7,500,595,,,,,,,,,,,,,,,,,1,1.1667,7,NEED_CODE_CHECK,,,,NEED_CODE_CHECK,,,,,,1,,,,,,,1.5,,,Light,,,,,,7,,70,0.3,6,Large,,,,,,,,,,,,,,,,TRUE,,,,,,595,,,,,4.6,,,,,,,,,,,,,,,,,,,,,,2.0,5.0,2.5,,,,,,,,1.1667,45,6,30,airborne_vehicle_chute,1.9,,,,,,,,,,,,,,,,6.5,,,,,,,,,90,100,,36,,gun_100_2a70,2.5,,,,Assets/MachineBrigade/Resources/Data/balance.json: vehicles[141],"{""id"":""airborne_vehicle"",""outgoingDamageMult"":1.1667,""modelSize"":[5.0,2.5,2.0],""class"":""Light"",""armour"":1,""hp"":595,""speed"":6.5,""turnRate"":90,""turretTurnRate"":100,""radius"":1.9,""length"":4.6,""width"":2.5,""cp"":7,""vision"":36,""firesWhileMoving"":true,""weapon"":""gun_100_2a70"",""secondary"":[{""weapon"":""autocannon_30"",""slot"":""coax"",""aim"":""Turret""}],""captureRate"":1.5,""paradrop"":{""proxy"":""airborne_vehicle_chute"",""fall"":6,""height"":30,""baseKeepOut"":45},""deathExplosion"":{""damage"":70,""radius"":6,""delay"":0.3,""tier"":""Large""}}"
airborne_vehicle_chute,vat_pham,,,,Light,Light,,0,500,1100.0,1,1,1,1,FALSE,1,1,1,12,2.2,,,TRUE,30,FALSE,TRUE,0,3.5,1,none,,,none,,,airborne_vehicle_chute,giong,,,,,,,,,,,,,,,,,,,,,,,0,NEED_CODE_CHECK,,,,NEED_CODE_CHECK,,,,,30,1,,,,,,,0,FALSE,,Light,,,,,,0,,,,,,,,,,,,,,,,,,,,,TRUE,,,TRUE,,,500,,,,,,,,,,,,,,,,,,,,,,,,,,,11.0,9.0,9.0,,,,,,,,,,,,,2.2,,,,,,,,,,,,,,,,1,,,,,,,,,1,1,,12,,none,,,,,Assets/MachineBrigade/Resources/Data/balance.json: vehicles[142],"{""id"":""airborne_vehicle_chute"",""card"":false,""modelSize"":[9.0,9.0,11.0],""class"":""Light"",""armour"":1,""hp"":500,""speed"":1,""turnRate"":1,""turretTurnRate"":1,""radius"":2.2,""cp"":0,""vision"":12,""firesWhileMoving"":true,""weapon"":""none"",""flying"":true,""altitude"":30,""captureRate"":0}"
ammo_carrier,xe,Ammo carrier,Xe tiếp đạn,Tiếp đạn,Support,Light,,4,520,1144.0,0,0,0,0,FALSE,8.5,90,200,30,2.0,8.36,2.02,FALSE,0,FALSE,TRUE,1,2.5,1,hmg_selfdef_15,,,none,,,ammo_carrier,giong,,,,,,,,,,,,,,,,,,,,,,,4,NEED_CODE_CHECK,,,repair,NEED_CODE_CHECK,,12,2,,,0,,,,,,,1,,,Support,,,,,,4,,90,0.35,7,Huge,,,,,,,,,,,,,2.5,,,TRUE,,,,,,520,,,,,8.36,,,,,,,,,,,,,,,,,,,,,,2.46,8.36,2.02,,,,,,,,,,,,,2.0,14,4,,,,,,1,,,,,,,,8.5,,,,,,,,,90,200,1,30,,hmg_selfdef_15,2.02,,,,Assets/MachineBrigade/Resources/Data/balance.json: vehicles[30],"{""id"":""ammo_carrier"",""dropDelay"":2.5,""value"":1,""scale"":1,""modelSize"":[8.36,2.02,2.46],""class"":""Support"",""armour"":0,""hp"":520,""speed"":8.5,""turnRate"":90,""turretTurnRate"":200,""radius"":2.0,""length"":8.36,""width"":2.02,""cp"":4,""vision"":30,""firesWhileMoving"":true,""weapon"":""hmg_selfdef_15"",""captureRate"":1,""rearm"":{""radius"":14,""rate"":4},""airRearm"":{""radius"":12,""rate"":2},""deathExplosion"":{""damage"":90,""radius"":7,""delay"":0.35,""tier"":""Huge""}}"
amphib_light_vehicle,xe,Amphibious light vehicle,Xe lội nước tốc độ cao,Xe lội nước,,,,7,650,1430.0,1,0,0,0,FALSE,8,110,160,34,2.3,5.48,3.02,FALSE,0,FALSE,TRUE,1,3.5,1.1667,autocannon_25,,,none,,,amphib_light_vehicle,doi,6,7,545,650,,,,,,,,,,,,,,,,,1,1.1667,7,NEED_CODE_CHECK,,,scout,NEED_CODE_CHECK,,,,,,1,,,,,,,,,,,,,,,,7,,75,0.3,6,Large,,,,,,,,,,,,,,,,TRUE,,,,,,650,,,,,5.48,,,,,,,,,,,,,,,,,,,,,amphib_light_vehicle,2.5,5.48,3.02,,,,,,,,1.1667,,,,,2.3,,,,,,,,,,,,,,,,8,,,,,,,,,110,160,,34,,autocannon_25,3.02,,,,Assets/MachineBrigade/Resources/Data/balance.json: vehicles[181],"{""id"":""amphib_light_vehicle"",""outgoingDamageMult"":1.1667,""model"":""amphib_light_vehicle"",""modelSize"":[5.48,3.02,2.5],""armour"":1,""hp"":650,""speed"":8,""turnRate"":110,""turretTurnRate"":160,""radius"":2.3,""length"":5.48,""width"":3.02,""cp"":7,""vision"":34,""firesWhileMoving"":true,""weapon"":""autocannon_25"",""deathExplosion"":{""damage"":75,""radius"":6,""delay"":0.3,""tier"":""Large""}}"
armored_bulldozer,xe,Armoured bulldozer,Xe ủi bọc thép,Xe ủi,Heavy,Armor,,8,1514,3330.8,3,3,2,2,FALSE,4,55,200,30,3.4,6.13,3.7,FALSE,0,FALSE,TRUE,1,3.5,1.1429,dozer_blade,hmg_roof,,none,,,armored_bulldozer,doi,7,8,1300,1514,,,,,,,,,,,,,,,,,1,1.1429,8,NEED_CODE_CHECK,,,heavy,NEED_CODE_CHECK,,,,,,,3,2,3,2,,TRUE,1,,,Heavy,,,,,,8,,90,0.4,6,Huge,,,,,,,,,,,,,,,,TRUE,,,,,,1514,,,,,6.13,,,,Hull,blade,,,,,,,0.5,,,,,,,,,,3.53,6.13,3.7,,,,,,,,1.1429,,,,,3.4,,,,,,,,1,,,,,,,,4,,,,,,,,,55,200,1,30,,dozer_blade,3.7,,,,Assets/MachineBrigade/Resources/Data/balance.json: vehicles[45],"{""id"":""armored_bulldozer"",""outgoingDamageMult"":1.1429,""value"":1,""scale"":1,""modelSize"":[6.13,3.7,3.53],""class"":""Heavy"",""armour"":[3,3,2,2],""hp"":1514,""speed"":4,""turnRate"":55,""turretTurnRate"":200,""radius"":3.4,""length"":6.13,""width"":3.7,""cp"":8,""vision"":30,""captureRate"":1,""firesWhileMoving"":true,""weapon"":""dozer_blade"",""mainAim"":""Hull"",""mainSlot"":""blade"",""breacher"":true,""mineArmor"":0.5,""secondary"":[{""weapon"":""hmg_roof"",""slot"":""mg"",""aim"":""Free""}],""deathExplosion"":{""damage"":90,""radius"":6,""delay"":0.4,""tier"":""Huge""}}"
armored_car,xe,Armoured car,Xe bọc thép bánh lốp,Bánh lốp,Light,Light,,3,300,660.0,1,0,0,0,FALSE,11.5,150,220,46,2.1,4.44,2.08,FALSE,0,FALSE,TRUE,2,2.5,1,autocannon_25,mg_coax,,none,,,armored_car,giong,,,,,,,,,,,,,,,,,,,,,,,3,NEED_CODE_CHECK,,,light;wheeled,NEED_CODE_CHECK,,,,,,1,,,,,,,2,,,Light,,,,,,3,,50,0.2,5,Large,,,,,,,,,,,,,2.5,,,TRUE,,,,,,300,,,,,4.44,,,,,,,,,,,,,,,,,,,,,,1.49,4.78,2.08,,,,,,,,,,,,,2.1,,,,,,,,1,,,,,,,,11.5,,,,,,,,,150,220,0.94,46,,autocannon_25,2.08,,,,Assets/MachineBrigade/Resources/Data/balance.json: vehicles[8],"{""id"":""armored_car"",""dropDelay"":2.5,""value"":0.94,""scale"":1,""modelSize"":[4.78,2.08,1.49],""class"":""Light"",""armour"":1,""hp"":300,""speed"":11.5,""turnRate"":150,""turretTurnRate"":220,""radius"":2.1,""length"":4.44,""width"":2.08,""cp"":3,""vision"":46,""firesWhileMoving"":true,""weapon"":""autocannon_25"",""captureRate"":2,""secondary"":[{""weapon"":""mg_coax"",""slot"":""coax"",""aim"":""Turret""}],""deathExplosion"":{""damage"":50,""radius"":5,""delay"":0.2,""tier"":""Large""}}"
artillery,xe,SP howitzer,Lựu pháo tự hành,Lựu pháo,,,,7,359,789.8,2,1,1,0,FALSE,6,60,45,30,2.0,5.12,3.13,FALSE,0,FALSE,FALSE,1,3.5,1.1667,howitzer,hmg_selfdef_15,,none,,,artillery,doi,6,7,300,359,,,,,,,,,,,,,,,,,1,1.1667,7,NEED_CODE_CHECK,,elite_artillery,artillery,NEED_CODE_CHECK,,,,,,,2,1,1,0,,,,,,,,,,,,7,,80,0.3,10,Large,,,,,,,,,,,,,,,,FALSE,,,,,,359,,,,,5.12,,,,,,,0.15,,,,,,,,,,,,,,,2.88,7.86,3.14,,,,,,,,1.1667,,,,,2.0,,,,,,,,1,20,15,3,,,,,6,,,,,,,,,60,45,0.82,30,,howitzer,3.13,,,,Assets/MachineBrigade/Resources/Data/balance.json: vehicles[4],"{""id"":""artillery"",""outgoingDamageMult"":1.1667,""value"":0.82,""scale"":1,""modelSize"":[7.86,3.14,2.88],""armour"":[2,1,1,0],""hp"":359,""speed"":6,""turnRate"":60,""turretTurnRate"":45,""radius"":2.0,""length"":5.12,""width"":3.13,""cp"":7,""vision"":30,""scoot"":{""shots"":3,""min"":15,""max"":20},""markedSpread"":0.15,""firesWhileMoving"":false,""weapon"":""howitzer"",""secondary"":[{""weapon"":""hmg_selfdef_15"",""slot"":""mg"",""aim"":""Free""}],""deathExplosion"":{""damage"":80,""radius"":10,""delay"":0.3,""tier"":""Large""}}"
attack_helicopter,xe,Attack helicopter,Trực thăng tấn công,TT tấn công,,,,11,1009,2219.8,1,1,1,1,FALSE,13,110,360,40,3.2,,,TRUE,15,FALSE,TRUE,0,3.5,1.2681,hellfire_standoff,heli_gun;heli_rockets;stinger_atas;apkws_rocket,heli_flares,flare,2,NEED_CODE_CHECK,attack_helicopter,doi,9,11,800,1009,,,,,,,,,,,,,,,,,1,1.2681,11,NEED_CODE_CHECK,,elite_attack_helicopter,heli,NEED_CODE_CHECK,,,,heavy_attack_heli,15,1,,,,,,,0,,,,,,,,,11,,80,0.6,6,Large,,,,,,,,,,,,,,,,TRUE,,,TRUE,,,1009,,,,,,,,,,missile,,,,,,,,,,,,,,,,,2.02,6.35,4.44,,,,,,,,1.2681,,,,,3.2,,,9,,,,,1.1765,,,,,,heli_flares,,13,TRUE,,,,,,Tank;Heavy;Artillery,,110,360,1.05,40,,hellfire_standoff,,,,,Assets/MachineBrigade/Resources/Data/balance.json: vehicles[7],"{""id"":""attack_helicopter"",""flareCharges"":2,""outgoingDamageMult"":1.2681,""value"":1.05,""altModels"":[""heavy_attack_heli""],""rearmTime"":9,""strongVs"":[""Tank"",""Heavy"",""Artillery""],""scale"":1.1765,""modelSize"":[6.35,4.44,2.02],""armour"":1,""hp"":1009,""speed"":13,""turnRate"":110,""turretTurnRate"":360,""radius"":3.2,""cp"":11,""vision"":40,""firesWhileMoving"":true,""weapon"":""hellfire_standoff"",""mainSlot"":""missile"",""flying"":true,""standoff"":true,""altitude"":15,""captureRate"":0,""secondary"":[{""weapon"":""heli_gun"",""slot"":""gun"",""aim"":""Free""},{""weapon"":""heli_rockets"",""slot"":""rocket"",""aim"":""Hull""},{""weapon"":""stinger_atas"",""slot"":""aam"",""aim"":""Free""},{""weapon"":""apkws_rocket"",""slot"":""rocket2"",""aim"":""Free""}],""skills"":[""heli_flares""],""deathExplosion"":{""damage"":80,""radius"":6,""delay"":0.6,""tier"":""Large""}}"
attack_jet,xe,Attack jet,Máy bay cường kích,Cường kích,,,,23,1127,2479.4,2,2,2,2,FALSE,32,104,360,50,3.2,,,TRUE,30,FALSE,TRUE,0,5,1.4694,jet_cannon,s8_pods;jet_bombs;kh29;r60,jet_flares,flare,2,NEED_CODE_CHECK,attack_jet,doi,18,23,850,1127,,,,,,,,,,,,,,,,,1,1.4694,23,NEED_CODE_CHECK,,elite_attack_jet,,NEED_CODE_CHECK,,,,tank_buster,30,2,,,,,3.8,,0,,,,,,,,,23,,95,0.6,7,Huge,,,,,,,,,,,,,5,,,TRUE,TRUE,,TRUE,,,1127,,,,,,,,1,,gun,,,,,,,,,,,,,,,,,1.84,6.15,6.04,,,,,,,,1.4694,,,,,3.2,,,14,,,,,1,,,,,,jet_flares,,32,,,,,,,Light;Tank;Heavy;Artillery;Defense,,104,360,1.11,50,,jet_cannon,,,,,Assets/MachineBrigade/Resources/Data/balance.json: vehicles[16],"{""id"":""attack_jet"",""flareCharges"":2,""dropDelay"":5,""outgoingDamageMult"":1.4694,""loads"":{""jet_bombs"":1},""value"":1.11,""altModels"":[""tank_buster""],""rearmTime"":14,""strongVs"":[""Light"",""Tank"",""Heavy"",""Artillery"",""Defense""],""scale"":1,""modelSize"":[6.15,6.04,1.84],""armour"":2,""hp"":1127,""speed"":32,""turnRate"":104,""turretTurnRate"":360,""radius"":3.2,""cp"":23,""vision"":50,""firesWhileMoving"":true,""weapon"":""jet_cannon"",""mainSlot"":""gun"",""flying"":true,""fixedWing"":true,""altitude"":30,""captureRate"":0,""attackHold"":3.8,""secondary"":[{""weapon"":""s8_pods"",""slot"":""rocket"",""aim"":""Hull""},{""weapon"":""jet_bombs"",""slot"":""missile"",""aim"":""Hull""},{""weapon"":""kh29"",""slot"":""missile"",""aim"":""Hull""},{""weapon"":""r60"",""slot"":""aam"",""aim"":""Free""}],""skills"":[""jet_flares""],""deathExplosion"":{""damage"":95,""radius"":7,""delay"":0.6,""tier"":""Huge""}}"
auto_loader_howitzer,xe,Auto-loading howitzer,Lựu pháo nạp tự động,Pháo tự nạp,,,,9,832,1830.4,2,1,1,0,FALSE,6,60,45,30,2.5,7.86,3.14,FALSE,0,FALSE,TRUE,1,3.5,1.125,gun_155_crusader,,,none,,,auto_loader_howitzer,doi,8,9,727,832,,,,,,,,,,,,,,,,,1,1.125,9,NEED_CODE_CHECK,,,artillery,NEED_CODE_CHECK,,,,,,,2,1,1,0,,,,,,,,,,,,9,,90,0.4,7,Huge,,,,,,,,,,,,,,,,,,,,,,832,,,,,7.86,,,,,,,,,,,,,,,,,,,,,auto_loader_howitzer,2.88,7.86,3.14,,,,,,,,1.125,,,,,2.5,,,,,,,,,,,,,,,,6,,,,,,,,,60,45,,30,,gun_155_crusader,3.14,,,,Assets/MachineBrigade/Resources/Data/balance.json: vehicles[180],"{""id"":""auto_loader_howitzer"",""outgoingDamageMult"":1.125,""model"":""auto_loader_howitzer"",""modelSize"":[7.86,3.14,2.88],""armour"":[2,1,1,0],""hp"":832,""speed"":6,""turnRate"":60,""turretTurnRate"":45,""radius"":2.5,""length"":7.86,""width"":3.14,""cp"":9,""vision"":30,""weapon"":""gun_155_crusader"",""deathExplosion"":{""damage"":90,""radius"":7,""delay"":0.4,""tier"":""Huge""}}"
ballistic_launcher,xe,Tactical ballistic launcher,Xe phóng tên lửa chiến thuật,TL chiến thuật,,,,14,595,1309.0,1,0,0,0,FALSE,6.5,55,35,26,2.6,10.7,2.53,FALSE,0,FALSE,FALSE,1,3.5,1.2727,ballistic_missile,,,none,,,ballistic_launcher,doi,11,14,450,595,,,,,,,,,,,,,,,,,1,1.2727,14,NEED_CODE_CHECK,,,,NEED_CODE_CHECK,,,,,,1,,,,,,,,,,,,,,,,14,,260,0.4,13,Ultimate,,,,,,,,,,,,,,,,FALSE,,,,,,595,,,,,10.7,,,,,,,,,,,,,,,,,,,,,,4.18,10.7,2.53,,,,,,,,1.2727,,,,,2.6,,,,,,,,1,,,,,,,,6.5,,,,,,,,,55,35,1.18,26,,ballistic_missile,2.53,,,,Assets/MachineBrigade/Resources/Data/balance.json: vehicles[28],"{""id"":""ballistic_launcher"",""outgoingDamageMult"":1.2727,""value"":1.18,""scale"":1,""modelSize"":[10.7,2.53,4.18],""armour"":1,""hp"":595,""speed"":6.5,""turnRate"":55,""turretTurnRate"":35,""radius"":2.6,""length"":10.7,""width"":2.53,""cp"":14,""vision"":26,""firesWhileMoving"":false,""weapon"":""ballistic_missile"",""secondary"":[],""deathExplosion"":{""damage"":260,""radius"":13,""delay"":0.4,""tier"":""Ultimate""}}"
bmpt,xe,Tank support vehicle,Xe hỗ trợ tăng,Hỗ trợ tăng,Tank,Armor,,11,1450,3190.0,3,2,1,1,FALSE,6,70,90,36,2.4,6.08,2.85,FALSE,0,FALSE,TRUE,1,3.5,1.2681,twin_30_bmpt,mg_coax;ataka;agl_40;agl_40,,none,,,bmpt,doi,9,11,1150,1450,,,,,,,,,,,,,,,,,1,1.2681,11,NEED_CODE_CHECK,,,,NEED_CODE_CHECK,,,,,,3,,,,,,,1,,,Tank,,,,,,11,,80,0.4,7,Huge,,,,,,,,,,,,,,,,TRUE,,,,,,1450,,,,,6.08,,,,,,,,,,,,,,,,,,,,,,2.39,6.08,2.96,,,,,,,,1.2681,,,,,2.4,,,,,,,,1,,,,,,,,6,,,,,,,,,70,90,1,36,,twin_30_bmpt,2.85,,,,Assets/MachineBrigade/Resources/Data/balance.json: vehicles[44],"{""id"":""bmpt"",""missiles"":[{""weapon"":""ataka"",""ammo"":4,""reload"":30}],""outgoingDamageMult"":1.2681,""value"":1,""scale"":1,""modelSize"":[6.08,2.96,2.39],""class"":""Tank"",""armour"":3,""hp"":1450,""speed"":6,""turnRate"":70,""turretTurnRate"":90,""radius"":2.4,""length"":6.08,""width"":2.85,""cp"":11,""vision"":36,""firesWhileMoving"":true,""weapon"":""twin_30_bmpt"",""captureRate"":1,""secondary"":[{""weapon"":""mg_coax"",""slot"":""coax"",""aim"":""Turret""},{""weapon"":""ataka"",""slot"":""missile"",""aim"":""Turret""},{""weapon"":""agl_40"",""slot"":""agl_l"",""aim"":""Left""},{""weapon"":""agl_40"",""slot"":""agl_r"",""aim"":""Right""}],""deathExplosion"":{""damage"":80,""radius"":7,""delay"":0.4,""tier"":""Huge""}}"
bridging_vehicle,xe,Bridging vehicle,Xe bắc cầu,Xe bắc cầu,Support,Light,,4,682,1500.4,2,1,0,0,FALSE,4.4,80,200,30,2.2,6.45,3.02,FALSE,0,FALSE,TRUE,1,2.5,1,hmg_selfdef_15,,,none,,,bridging_vehicle,giong,,,,,,,,,,,,,,,,,,,,,,,4,NEED_CODE_CHECK,,,engineer,NEED_CODE_CHECK,,,,,,2,,,,,,,,,,Support,,,,,,4,,65,0.35,6,Large,,,,,,,,,,,,,2.5,,,TRUE,,,,,,682,,,,,6.45,,,,,,,,,,,,,,,,,,,,,bridging_vehicle,2.02,6.45,3.02,,,,,,,,,,,,,2.2,,,,,,,,,,,,,,,,4.4,,,,,,,,,80,200,,30,,hmg_selfdef_15,3.02,,,,Assets/MachineBrigade/Resources/Data/balance.json: vehicles[197],"{""id"":""bridging_vehicle"",""dropDelay"":2.5,""model"":""bridging_vehicle"",""modelSize"":[6.45,3.02,2.02],""class"":""Support"",""armour"":2,""hp"":682,""speed"":4.4,""turnRate"":80,""turretTurnRate"":200,""radius"":2.2,""length"":6.45,""width"":3.02,""cp"":4,""vision"":30,""firesWhileMoving"":true,""weapon"":""hmg_selfdef_15"",""deathExplosion"":{""damage"":65,""radius"":6,""delay"":0.35,""tier"":""Large""}}"
bunker_vehicle,xe,Deployable bunker,Xe công sự triển khai,Công sự,Heavy,Armor,,7,1550,3410.0,2,2,1,1,FALSE,5,45,40,36,2.7,8.39,4.07,FALSE,0,FALSE,TRUE,1,3.5,1.1667,gun_105_bunker,mg_coax,,none,,,bunker_vehicle,doi,6,7,1300,1550,,,,,,,,,,,,,,,,,1,1.1667,7,NEED_CODE_CHECK,,,bunker;fortify;heavy,NEED_CODE_CHECK,,,,,,,2,1,2,1,,,,,,Heavy,,,,,,7,,120,0.4,8,Huge,45,2,1.3,3,,,,,,,,,,,,TRUE,,,,,,1550,,,,,8.39,,,,,,,,,,,,,,,,,,,,,,2.6,9.9,4.07,,,,,,,,1.1667,,,,,2.7,,,,,,,,1,,,,,,,,5,,,,,,,,,45,40,0.89,36,,gun_105_bunker,4.07,,,,Assets/MachineBrigade/Resources/Data/balance.json: vehicles[54],"{""id"":""bunker_vehicle"",""outgoingDamageMult"":1.1667,""value"":0.89,""scale"":1,""modelSize"":[9.9,4.07,2.6],""class"":""Heavy"",""armour"":[2,2,1,1],""hp"":1550,""speed"":5,""turnRate"":45,""turretTurnRate"":40,""radius"":2.7,""length"":8.39,""width"":4.07,""cp"":7,""vision"":36,""firesWhileMoving"":true,""weapon"":""gun_105_bunker"",""secondary"":[{""weapon"":""mg_coax"",""slot"":""mg"",""aim"":""Turret""}],""deploy"":{""seconds"":3,""front"":2,""range"":1.3,""arc"":45},""deathExplosion"":{""damage"":120,""radius"":8,""delay"":0.4,""tier"":""Huge""}}"
coastal_ashm_vehicle,xe,Coastal AShM vehicle,Xe tên lửa chống hạm bờ biển,TL chống hạm,,,,13,555,1221.0,1,0,0,0,FALSE,6.5,80,100,35,2.3,7.18,2.7,FALSE,0,FALSE,TRUE,1,3.5,1.3,nsm_coastal,,,none,,,coastal_ashm_vehicle,doi,10,13,409,555,,,,,,,,,,,,,,,,,1,1.3,13,NEED_CODE_CHECK,,,,NEED_CODE_CHECK,,,,,,1,,,,,,,,,,,,,,,,13,,110,0.4,7,Huge,,,,,,,,,,,,,,,,,,,,,,555,,,,,7.18,,,,,,,,,,,,,,,,,,,,,coastal_ashm_vehicle,2.97,7.18,2.7,,,,,,,,1.3,,,,,2.3,,,,,,,,,,,,,,,,6.5,,,,,,,,,80,100,,35,,nsm_coastal,2.7,,,,Assets/MachineBrigade/Resources/Data/balance.json: vehicles[179],"{""id"":""coastal_ashm_vehicle"",""outgoingDamageMult"":1.3,""model"":""coastal_ashm_vehicle"",""modelSize"":[7.18,2.7,2.97],""armour"":1,""hp"":555,""speed"":6.5,""turnRate"":80,""turretTurnRate"":100,""radius"":2.3,""length"":7.18,""width"":2.7,""cp"":13,""vision"":35,""weapon"":""nsm_coastal"",""deathExplosion"":{""damage"":110,""radius"":7,""delay"":0.4,""tier"":""Huge""}}"
combat_wreck_car,xe,Wreck-turret car,Xe khi hỏng thành công sự,Xe hóa ụ súng,Light,Light,,4,409,899.8,1,0,0,0,FALSE,11.5,150,220,40,2.1,4.44,2.08,FALSE,0,FALSE,TRUE,1,2.5,1,mg_jeep,,,none,,,combat_wreck_car,giong,,,,,,,,,,,,,,,,,,,,,,,4,NEED_CODE_CHECK,,,light,NEED_CODE_CHECK,,,,,,1,,,,,,,,,,Light,,,,,,4,,90,0.3,7,Huge,,,,,,,,,,,,,2.5,,,TRUE,,,,,,409,,,,,4.44,,,,,,,,,,,,,,,,,,,,,combat_wreck_car,1.49,4.78,2.08,,,,,,,,,,,,,2.1,,,,,,,,,,,,,,,,11.5,,,,,,,,,150,220,,40,,mg_jeep,2.08,,,,Assets/MachineBrigade/Resources/Data/balance.json: vehicles[175],"{""id"":""combat_wreck_car"",""dropDelay"":2.5,""model"":""combat_wreck_car"",""modelSize"":[4.78,2.08,1.49],""class"":""Light"",""armour"":1,""hp"":409,""speed"":11.5,""turnRate"":150,""turretTurnRate"":220,""radius"":2.1,""length"":4.44,""width"":2.08,""cp"":4,""vision"":40,""firesWhileMoving"":true,""weapon"":""mg_jeep"",""deathExplosion"":{""damage"":90,""radius"":7,""delay"":0.3,""tier"":""Huge""}}"
command_vehicle,xe,Command vehicle,Xe chỉ huy,Chỉ huy,Support,Light,,7,668,1469.6,1,1,0,0,FALSE,8,90,200,44,2.3,5.64,2.08,FALSE,0,FALSE,TRUE,1,3.5,1.1667,hmg_selfdef_15,,,none,,,command_vehicle,doi,6,7,560,668,,,,,,,,,,,,,,,,,1,1.1667,7,NEED_CODE_CHECK,,,,NEED_CODE_CHECK,,,,,,,1,0,1,0,,,1,,,Support,0.1,25,,,,7,,70,0.3,6,Large,,,,,,,,,,,,,,,,TRUE,,,,5,,668,,,,,5.64,,,,Free,mg,,,1,,,,,,,,,,,,,,2.14,5.64,2.08,,,,,,,,1.1667,,,,,2.3,,,,,,,,1,,,,,,,,8,,,,,,,,,90,200,1,44,,hmg_selfdef_15,2.08,,,,Assets/MachineBrigade/Resources/Data/balance.json: vehicles[46],"{""id"":""command_vehicle"",""outgoingDamageMult"":1.1667,""value"":1,""scale"":1,""modelSize"":[5.64,2.08,2.14],""class"":""Support"",""armour"":[1,1,0,0],""hp"":668,""speed"":8,""turnRate"":90,""turretTurnRate"":200,""radius"":2.3,""length"":5.64,""width"":2.08,""cp"":7,""vision"":44,""firesWhileMoving"":true,""weapon"":""hmg_selfdef_15"",""mainSlot"":""mg"",""mainAim"":""Free"",""captureRate"":1,""commandAura"":{""radius"":25,""fireRate"":0.1},""forwardDrop"":5,""maxPerSide"":1,""deathExplosion"":{""damage"":70,""radius"":6,""delay"":0.3,""tier"":""Large""}}"
counter_battery_radar,xe,Counter-battery radar,Xe radar phản pháo,Radar phản pháo,Support,Light,,6,445,979.0,1,0,0,0,FALSE,7,80,200,44,2.3,6.6,2.1,FALSE,0,FALSE,TRUE,1,3.5,1.2,hmg_selfdef_15,,,none,,,counter_battery_radar,doi,5,6,360,445,,,,,,,,,,,,,,,,,1,1.2,6,NEED_CODE_CHECK,,,radar_scout,NEED_CODE_CHECK,,,,,,1,,,,,,,1,,,Support,,,0.15,120,8,6,,60,0.3,5,Large,,,,,,,,,,,,,,,,TRUE,,,,,,445,,,,,6.6,,,,Free,mg,,,,,,,,,,,,,,,,,2.89,6.65,2.3,,,,,,,,1.2,,,,,2.3,,,,,,,,1,,,,,,,,7,,,,,,,,,80,200,1,44,,hmg_selfdef_15,2.1,,,,Assets/MachineBrigade/Resources/Data/balance.json: vehicles[48],"{""id"":""counter_battery_radar"",""outgoingDamageMult"":1.2,""value"":1,""scale"":1,""modelSize"":[6.65,2.3,2.89],""class"":""Support"",""armour"":1,""hp"":445,""speed"":7,""turnRate"":80,""turretTurnRate"":200,""radius"":2.3,""length"":6.6,""width"":2.1,""cp"":6,""vision"":44,""firesWhileMoving"":true,""weapon"":""hmg_selfdef_15"",""mainSlot"":""mg"",""mainAim"":""Free"",""captureRate"":1,""counterBattery"":{""range"":120,""seconds"":8,""bonus"":0.15},""deathExplosion"":{""damage"":60,""radius"":5,""delay"":0.3,""tier"":""Large""}}"
dazzler_vehicle,xe,Laser dazzler vehicle,Xe laser chói lóa,Xe chói lóa,Support,Light,,6,505,1111.0,1,0,0,0,FALSE,8,90,200,35,2.2,9.01,2.38,FALSE,0,FALSE,TRUE,1,3.5,1.2,hmg_selfdef_15,,,none,,,dazzler_vehicle,doi,5,6,409,505,,,,,,,,,,,,,,,,,1,1.2,6,NEED_CODE_CHECK,,,,NEED_CODE_CHECK,,,,,,1,,,,,,,,,,Support,,,,,,6,,60,0.3,5,Large,,,,,,,,,,,,,,,,TRUE,,,,,,505,,,30,,9.01,,,,,,,,,,,,,,,,,,,,,dazzler_vehicle,3.83,9.01,2.76,,,,,,,,1.2,,,,,2.2,,,,,,,,,,,,,,,,8,,,,,,,,,90,200,,35,,hmg_selfdef_15,2.38,,,,Assets/MachineBrigade/Resources/Data/balance.json: vehicles[193],"{""id"":""dazzler_vehicle"",""outgoingDamageMult"":1.2,""model"":""dazzler_vehicle"",""modelSize"":[9.01,2.76,3.83],""class"":""Support"",""armour"":1,""hp"":505,""speed"":8,""turnRate"":90,""turretTurnRate"":200,""radius"":2.2,""length"":9.01,""width"":2.38,""cp"":6,""vision"":35,""firesWhileMoving"":true,""weapon"":""hmg_selfdef_15"",""jammer"":30,""deathExplosion"":{""damage"":60,""radius"":5,""delay"":0.3,""tier"":""Large""}}"
demolition_line_vehicle,xe,Demolition-line vehicle,Xe phá mìn bằng dây nổ,Phá mìn,Support,Light,,4,545,1199.0,2,1,0,0,FALSE,4.4,80,200,30,2.2,6.45,3.02,FALSE,0,FALSE,TRUE,1,2.5,1,hmg_selfdef_15,,,none,,,demolition_line_vehicle,giong,,,,,,,,,,,,,,,,,,,,,,,4,NEED_CODE_CHECK,,,engineer,NEED_CODE_CHECK,,,,,,2,,,,,,,,,,Support,,,,,,4,,70,0.35,6,Large,,,,,,,,,,,,,2.5,,,TRUE,,,,,,545,,,,,6.45,,,,,,,,,,,,,TRUE,,,,,,,,demolition_line_vehicle,2.02,6.45,3.02,,,,,,,,,,,,,2.2,,,,,,,,,,,,,,,,4.4,,,,,,,,,80,200,,30,,hmg_selfdef_15,3.02,,,,Assets/MachineBrigade/Resources/Data/balance.json: vehicles[174],"{""id"":""demolition_line_vehicle"",""dropDelay"":2.5,""model"":""demolition_line_vehicle"",""modelSize"":[6.45,3.02,2.02],""class"":""Support"",""armour"":2,""hp"":545,""speed"":4.4,""turnRate"":80,""turretTurnRate"":200,""radius"":2.2,""length"":6.45,""width"":3.02,""cp"":4,""vision"":30,""firesWhileMoving"":true,""weapon"":""hmg_selfdef_15"",""mineProof"":true,""deathExplosion"":{""damage"":70,""radius"":6,""delay"":0.35,""tier"":""Large""}}"
drone_hijack_vehicle,xe,Drone-hijack vehicle,Xe chiếm quyền drone,Chiếm drone,Support,Light,,7,486,1069.2,1,0,0,0,FALSE,8,90,200,40,2.2,9.01,2.38,FALSE,0,FALSE,TRUE,1,3.5,1.1667,none,,,none,,,drone_hijack_vehicle,doi,6,7,409,486,,,,,,,,,,,,,,,,,1,1.1667,7,NEED_CODE_CHECK,,,,NEED_CODE_CHECK,,,,,,1,,,,,,,,,,Support,,,,,,7,,70,0.3,6,Large,,,,,,,,,,,,,,,,TRUE,,,,,,486,,,,,9.01,,,,,,,,,360,20,40,,,,,,,,,,drone_hijack_vehicle,3.83,9.01,2.76,,,,,,,,1.1667,,,,,2.2,,,,,,,,,,,,,,,,8,,,,,,,,,90,200,,40,,none,2.38,,,,Assets/MachineBrigade/Resources/Data/balance.json: vehicles[176],"{""id"":""drone_hijack_vehicle"",""outgoingDamageMult"":1.1667,""model"":""drone_hijack_vehicle"",""modelSize"":[9.01,2.76,3.83],""class"":""Support"",""armour"":1,""hp"":486,""speed"":8,""turnRate"":90,""turretTurnRate"":200,""radius"":2.2,""length"":9.01,""width"":2.38,""cp"":7,""vision"":40,""firesWhileMoving"":true,""weapon"":""none"",""microwave"":{""range"":40,""arc"":360,""cooldown"":20},""deathExplosion"":{""damage"":70,""radius"":6,""delay"":0.3,""tier"":""Large""}}"
drop_pod,vat_pham,Drop pod,Khoang đổ bộ,Khoang đổ bộ,,,,0,160,352.0,1,1,1,1,FALSE,1,1,1,12,1.8,,,TRUE,30,FALSE,TRUE,0,3.5,1,none,,,none,,,drop_pod,giong,,,,,,,,,,,,,,,,,,,,,,,0,NEED_CODE_CHECK,,,,NEED_CODE_CHECK,,,,,30,1,,,,,,,0,FALSE,,,,,,,,0,,,,,,,,,,,,,,,,,,,,,TRUE,,,TRUE,,,160,,,,,,,,,,,,,,,,,,,,,,,,,,,,,,,,,,,,,,,,,,1.8,,,,,,,,,,,,,,,,1,,,,,,,,,1,1,,12,,none,,,,,Assets/MachineBrigade/Resources/Data/balance.json: vehicles[211],"{""id"":""drop_pod"",""card"":false,""armour"":1,""hp"":160,""speed"":1,""turnRate"":1,""turretTurnRate"":1,""radius"":1.8,""cp"":0,""vision"":12,""firesWhileMoving"":true,""weapon"":""none"",""flying"":true,""altitude"":30,""captureRate"":0}"
elite_aa,tinh_nhue,Elite anti-air,Phòng không tinh nhuệ,Phòng không TN,AntiAir,Light,,0,473,NEED_CODE_CHECK,2,0,0,0,FALSE,8.5,90,240,60,2.3,6.73,3.52,FALSE,0,FALSE,TRUE,1,3.5,1,twin_35_ahead,sam,elite_overdrive,none,,,elite_aa,giong,,,,,,,,,,,,,,,,,,,,,,,6,NEED_CODE_CHECK,aa_vehicle,,,NEED_CODE_CHECK,,,,,,,2,0,0,0,,,,,,AntiAir,,,,,,0,,110,0.35,7,Huge,,,,,,,,,,,,,,TRUE,aa_vehicle,TRUE,,,,,,473,,,,,6.73,,,,,,,,,,,,,,,,,,,,,,3.36,7.41,3.52,,,,,,,,,,,,,2.3,,,,,,,,1,,,,,,elite_overdrive,,8.5,,,,,,,,,90,240,,60,,twin_35_ahead,3.52,,,,Assets/MachineBrigade/Resources/Data/balance.json: vehicles[61],"{""id"":""elite_aa"",""modelSize"":[7.41,3.52,3.36],""scale"":1,""class"":""AntiAir"",""elite"":true,""eliteOf"":""aa_vehicle"",""armour"":[2,0,0,0],""hp"":473,""speed"":8.5,""turnRate"":90,""turretTurnRate"":240,""radius"":2.3,""length"":6.73,""width"":3.52,""cp"":0,""vision"":60,""firesWhileMoving"":true,""weapon"":""twin_35_ahead"",""skills"":[""elite_overdrive""],""secondary"":[{""weapon"":""sam"",""slot"":""missile"",""aim"":""Turret""}],""deathExplosion"":{""damage"":110,""radius"":7,""delay"":0.35,""tier"":""Huge""}}"
elite_apc,tinh_nhue,Elite EW carrier,Xe bọc thép tinh nhuệ,Bọc thép TN,Light,Light,,0,702,NEED_CODE_CHECK,3,1,0,0,FALSE,9,110,160,34,2.5,6.11,3.47,FALSE,0,FALSE,TRUE,1,3.5,1,autocannon_30,mg_coax;atgm,elite_emp,none,,,elite_apc,giong,,,,,,,,,,,,,,,,,,,,,,,11,NEED_CODE_CHECK,ifv,,,NEED_CODE_CHECK,,,,,,,3,0,1,0,,,,,,Light,,,,,,0,,100,0.35,7,Huge,,,,,,,,,,,,,,TRUE,ifv,TRUE,,,,,,702,,,,,6.11,,,,,,,,,,,,,,,,,,,,,,3.02,6.31,3.47,,,,,,,,,,,,,2.5,,,,,,,,1,,,,,,elite_emp,,9,,,,,,,,,110,160,,34,,autocannon_30,3.47,,,,Assets/MachineBrigade/Resources/Data/balance.json: vehicles[62],"{""id"":""elite_apc"",""modelSize"":[6.31,3.47,3.02],""scale"":1,""class"":""Light"",""elite"":true,""eliteOf"":""ifv"",""armour"":[3,1,0,0],""hp"":702,""speed"":9,""turnRate"":110,""turretTurnRate"":160,""radius"":2.5,""length"":6.11,""width"":3.47,""cp"":0,""vision"":34,""firesWhileMoving"":true,""weapon"":""autocannon_30"",""skills"":[""elite_emp""],""secondary"":[{""weapon"":""mg_coax"",""slot"":""coax"",""aim"":""Turret""},{""weapon"":""atgm"",""slot"":""missile"",""aim"":""Turret""}],""deathExplosion"":{""damage"":100,""radius"":7,""delay"":0.35,""tier"":""Huge""}}"
elite_artillery,tinh_nhue,Elite SP howitzer,Pháo tự hành tinh nhuệ,Lựu pháo TN,,,artillery,0,405,NEED_CODE_CHECK,2,0,0,0,FALSE,6,60,45,30,2.0,5.12,3.13,FALSE,0,FALSE,FALSE,1,3.5,1.1667,howitzer,hmg_selfdef_15,elite_barrage,none,,,artillery,doi,,,,,,,,,,,,,,,,,,,,,1,1.1667,11,NEED_CODE_CHECK,artillery,,,NEED_CODE_CHECK,,,,,,,2,0,0,0,,,,,,,,,,,,0,1.15,,,,,,,,,,,,,,,,,,TRUE,artillery,,,,,,,405,artillery,,,,,,,,,,,,,,,,,,,,,,,,,,,,,,,,,,,,,,,,,,,,,,,,,,,,,,,elite_barrage,,,,,,,,,,,,,,,,,,,,,Assets/MachineBrigade/Resources/Data/balance.json: vehicles[67],"{""id"":""elite_artillery"",""armour"":[2,0,0,0],""inherits"":""artillery"",""elite"":true,""eliteOf"":""artillery"",""cp"":0,""hp"":405,""skills"":[""elite_barrage""],""damageScale"":1.15}"
elite_attack_helicopter,tinh_nhue,Elite attack helicopter,Trực thăng tinh nhuệ,Trực thăng TN,,,,0,675,NEED_CODE_CHECK,2,2,2,2,FALSE,15,120,360,42,3.5,,,TRUE,15,FALSE,TRUE,0,3.5,1,hellfire_volley,heli_gun;heli_rockets;stinger_atas,elite_flares;elite_barrage,none,,,elite_attack_helicopter,giong,,,,,,,,,,,,,,,,,,,,,,,18,NEED_CODE_CHECK,attack_helicopter,,,NEED_CODE_CHECK,,,,,15,2,,,,,,,0,,,,,,,,,0,,90,0.6,7,Huge,,,,,,,,,,,,,,TRUE,attack_helicopter,TRUE,,,TRUE,,,675,,,,,,,,,,missile,,,,,,,,,,,,,,,,,2.22,6.98,4.88,,,,,,,,,,,,,3.5,,,8.5,,,,,1,,,,,,elite_flares;elite_barrage,,15,,,,,,,,,120,360,,42,,hellfire_volley,,,,,Assets/MachineBrigade/Resources/Data/balance.json: vehicles[59],"{""id"":""elite_attack_helicopter"",""modelSize"":[6.98,4.88,2.22],""rearmTime"":8.5,""scale"":1,""elite"":true,""eliteOf"":""attack_helicopter"",""armour"":2,""hp"":675,""speed"":15,""turnRate"":120,""turretTurnRate"":360,""radius"":3.5,""cp"":0,""vision"":42,""firesWhileMoving"":true,""weapon"":""hellfire_volley"",""mainSlot"":""missile"",""flying"":true,""altitude"":15,""captureRate"":0,""skills"":[""elite_flares"",""elite_barrage""],""secondary"":[{""weapon"":""heli_gun"",""slot"":""gun"",""aim"":""Free""},{""weapon"":""heli_rockets"",""slot"":""rocket"",""aim"":""Hull""},{""weapon"":""stinger_atas"",""slot"":""aam"",""aim"":""Free""}],""deathExplosion"":{""damage"":90,""radius"":7,""delay"":0.6,""tier"":""Huge""}}"
elite_attack_jet,tinh_nhue,Elite attack jet,Cường kích tinh nhuệ,Cường kích TN,,,attack_jet,0,621,NEED_CODE_CHECK,2,2,2,2,FALSE,32,104,360,50,3.2,,,TRUE,30,FALSE,TRUE,0,5,1.4694,jet_cannon,s8_pods;jet_bombs;kh29;r60,elite_flares,flare,2,NEED_CODE_CHECK,attack_jet,doi,,,,,,,,,,,,,,,,,,,,,1,1.4694,37,NEED_CODE_CHECK,attack_jet,,,NEED_CODE_CHECK,,,,,,2,,,,,,,,,,,,,,,,0,1.0,,,,,,,,,,,,,,,,,,TRUE,attack_jet,,,,,,,621,attack_jet,,,,,,,,,,,,,,,,,,,,,,,,,,,,,,,,,,,,,,,,,,,,14,,,,,,,,,,,elite_flares,,,,,,,,,,,,,,,,,,,,,Assets/MachineBrigade/Resources/Data/balance.json: vehicles[65],"{""id"":""elite_attack_jet"",""armour"":2,""rearmTime"":14,""inherits"":""attack_jet"",""elite"":true,""eliteOf"":""attack_jet"",""cp"":0,""hp"":621,""skills"":[""elite_flares""],""damageScale"":1.0}"
elite_fpv_carrier,tinh_nhue,Elite FPV carrier,Xe phóng drone FPV tinh nhuệ,Drone FPV TN,TankHunter,Armor,fpv_carrier,0,567,NEED_CODE_CHECK,2,0,0,0,FALSE,9,90,90,48,2.3,7.41,2.04,FALSE,0,FALSE,FALSE,1,3.5,1.1667,fpv_swarm,hmg_selfdef_18,elite_barrage,none,,,fpv_carrier,doi,,,,,,,,,,,,,,,,,,,,,1,1.1667,11,NEED_CODE_CHECK,fpv_carrier,,,NEED_CODE_CHECK,,,,,,,2,0,0,0,,,,,,,,,,,,0,1.1,,,,,,,,,,,,,,,,,,TRUE,fpv_carrier,,,,,,,567,fpv_carrier,,,,,,,,,,,,,,,,,,,,,,,,,,,,,,,,,,,,,,,,,,,,,,,,,,,,,,,elite_barrage,,,,,,,,,,,,,,,,,,,,,Assets/MachineBrigade/Resources/Data/balance.json: vehicles[64],"{""id"":""elite_fpv_carrier"",""armour"":[2,0,0,0],""inherits"":""fpv_carrier"",""elite"":true,""eliteOf"":""fpv_carrier"",""cp"":0,""hp"":567,""skills"":[""elite_barrage""],""damageScale"":1.1}"
elite_grad,tinh_nhue,Elite Grad,Grad tinh nhuệ,Grad TN,Artillery,Artillery,,0,432,NEED_CODE_CHECK,2,0,0,0,FALSE,8.5,70,60,30,2.4,7.144,2.4225,FALSE,0,FALSE,FALSE,1,3.5,1,grad_cluster,hmg_selfdef_15,elite_barrage,none,,,grad_truck,giong,,,,,,,,,,,,,,,,,,,,,,,13,NEED_CODE_CHECK,mlrs,,,NEED_CODE_CHECK,,,,,,,2,0,0,0,,,,,,Artillery,,,,,,0,,150,0.35,10,Ultimate,,,,,,,,,,,,,,TRUE,mlrs,FALSE,,,,,,432,,,,,7.52,,,,,,,,,,,,,,,,,,,,,grad_truck,,,,,,,,,,,,,,,,2.4,,,,,,,,0.95,,,,,,elite_barrage,,8.5,,,,,,,,,70,60,,30,,grad_cluster,2.55,,,,Assets/MachineBrigade/Resources/Data/balance.json: vehicles[63],"{""id"":""elite_grad"",""scale"":0.95,""class"":""Artillery"",""elite"":true,""eliteOf"":""mlrs"",""model"":""grad_truck"",""armour"":[2,0,0,0],""hp"":432,""speed"":8.5,""turnRate"":70,""turretTurnRate"":60,""radius"":2.4,""length"":7.52,""width"":2.55,""cp"":0,""vision"":30,""firesWhileMoving"":false,""weapon"":""grad_cluster"",""secondary"":[{""weapon"":""hmg_selfdef_15"",""slot"":""mg"",""aim"":""Free""}],""skills"":[""elite_barrage""],""deathExplosion"":{""damage"":150,""radius"":10,""delay"":0.35,""tier"":""Ultimate""}}"
elite_heavy_tank,tinh_nhue,Elite heavy tank,Tăng hạng nặng tinh nhuệ,Tăng nặng TN,Heavy,Armor,,0,2560,NEED_CODE_CHECK,4,3,2,2,FALSE,4.6,45,45,36,2.9,7.53,3.46,FALSE,0,FALSE,TRUE,1,3.5,1,gun_152_heat,autocannon_30;hmg_roof,elite_overdrive,none,,,elite_heavy_tank,giong,,,,,,,,,,,,,,,,,,,,,,,26,NEED_CODE_CHECK,heavy_tank,,,NEED_CODE_CHECK,,,,,,4,,,,,,,,,,Heavy,,,,,,0,,200,0.5,10,Ultimate,,,,,,,,,,,,,,TRUE,heavy_tank,TRUE,,,,,,2560,,,,,7.53,,,,,,,,,,,,,,,,,,,,,,2.53,9.64,3.46,,,,,,,,,,,,,2.9,,,,,,,,1,,,,,,elite_overdrive,,4.6,,,,,,,,,45,45,,36,,gun_152_heat,3.46,,,,Assets/MachineBrigade/Resources/Data/balance.json: vehicles[57],"{""id"":""elite_heavy_tank"",""modelSize"":[9.64,3.46,2.53],""scale"":1,""class"":""Heavy"",""elite"":true,""eliteOf"":""heavy_tank"",""armour"":4,""hp"":2560,""speed"":4.6,""turnRate"":45,""turretTurnRate"":45,""radius"":2.9,""length"":7.53,""width"":3.46,""cp"":0,""vision"":36,""firesWhileMoving"":true,""weapon"":""gun_152_heat"",""skills"":[""elite_overdrive""],""secondary"":[{""weapon"":""autocannon_30"",""slot"":""coax"",""aim"":""Turret""},{""weapon"":""hmg_roof"",""slot"":""mg"",""aim"":""Free""}],""deathExplosion"":{""damage"":200,""radius"":10,""delay"":0.5,""tier"":""Ultimate""}}"
elite_long_sam,tinh_nhue,Elite long-range SAM,Tên lửa phòng không tầm xa tinh nhuệ,SAM tầm xa TN,AntiAir,Light,long_sam,0,594,NEED_CODE_CHECK,2,0,0,0,FALSE,6,60,60,80,2.8,11.02,2.44,FALSE,0,FALSE,FALSE,0,5,1.4464,sam_48n6,,elite_overdrive,none,,,long_sam,doi,,,,,,,,,,,,,,,,,,,,,1,1.4464,29,NEED_CODE_CHECK,long_sam,,,NEED_CODE_CHECK,,,,,,,2,0,0,0,,,,,,,,,,,,0,1.2,,,,,,,,,,,,,,,,,,TRUE,long_sam,,,,,,,594,long_sam,,,,,,,,,,,,,,,,,,,,,,,,,,,,,,,,,,,,,,,,,,,,,,,,,,,,,,,elite_overdrive,,,,,,,,,,,,,,,,,,,,,Assets/MachineBrigade/Resources/Data/balance.json: vehicles[66],"{""id"":""elite_long_sam"",""armour"":[2,0,0,0],""inherits"":""long_sam"",""elite"":true,""eliteOf"":""long_sam"",""cp"":0,""hp"":594,""skills"":[""elite_overdrive""],""damageScale"":1.2}"
elite_mbt,tinh_nhue,Elite battle tank,Tăng chủ lực tinh nhuệ,Tăng tinh nhuệ,Tank,Armor,,0,1215,NEED_CODE_CHECK,4,2,1,1,FALSE,6.2,60,75,34,2.5,7.02,3.53,FALSE,0,FALSE,TRUE,1,3.5,1,gun_125_elite,mg_coax;hmg_roof,elite_shield,none,,,elite_mbt,giong,,,,,,,,,,,,,,,,,,,,,,,13,NEED_CODE_CHECK,main_battle_tank,,,NEED_CODE_CHECK,,,,,,,4,1,2,1,,,,,,Tank,,,,,,0,,140,0.4,8,Huge,,,,,,,,,,,,,,TRUE,main_battle_tank,TRUE,,,,,,1215,,,,,7.02,,,,,,,,,,,,,,,,,,,,,,2.64,8.96,3.53,,,,,,,,,,,,,2.5,,,,,,,,1,,,,,,elite_shield,,6.2,,,,,,,,,60,75,,34,,gun_125_elite,3.53,,,,Assets/MachineBrigade/Resources/Data/balance.json: vehicles[56],"{""id"":""elite_mbt"",""modelSize"":[8.96,3.53,2.64],""scale"":1,""class"":""Tank"",""elite"":true,""eliteOf"":""main_battle_tank"",""armour"":[4,2,1,1],""hp"":1215,""speed"":6.2,""turnRate"":60,""turretTurnRate"":75,""radius"":2.5,""length"":7.02,""width"":3.53,""cp"":0,""vision"":34,""firesWhileMoving"":true,""weapon"":""gun_125_elite"",""skills"":[""elite_shield""],""secondary"":[{""weapon"":""mg_coax"",""slot"":""coax"",""aim"":""Turret""},{""weapon"":""hmg_roof"",""slot"":""mg"",""aim"":""Free""}],""deathExplosion"":{""damage"":140,""radius"":8,""delay"":0.4,""tier"":""Huge""}}"
elite_mlrs,tinh_nhue,Elite rocket launcher,Pháo phản lực tinh nhuệ,Phản lực TN,Artillery,Artillery,,0,432,NEED_CODE_CHECK,2,0,0,0,FALSE,6.5,60,40,30,2.5,6.68,2.3,FALSE,0,FALSE,FALSE,1,3.5,1,mlrs_elite,hmg_selfdef_15,elite_barrage,none,,,elite_mlrs,giong,,,,,,,,,,,,,,,,,,,,,,,13,NEED_CODE_CHECK,mlrs,,,NEED_CODE_CHECK,,,,,,,2,0,0,0,,,,,,Artillery,,,,,,0,,160,0.4,10,Ultimate,,,,,,,,,,,,,,TRUE,mlrs,FALSE,,,,,,432,,,,,6.68,,,,,,,,,,,,,,,,,,,,,,2.99,7.01,2.3,,,,,,,,,,,,,2.5,,,,,,,,1,,,,,,elite_barrage,,6.5,,,,,,,,,60,40,,30,,mlrs_elite,2.3,,,,Assets/MachineBrigade/Resources/Data/balance.json: vehicles[60],"{""id"":""elite_mlrs"",""modelSize"":[7.01,2.3,2.99],""scale"":1,""class"":""Artillery"",""elite"":true,""eliteOf"":""mlrs"",""armour"":[2,0,0,0],""hp"":432,""speed"":6.5,""turnRate"":60,""turretTurnRate"":40,""radius"":2.5,""length"":6.68,""width"":2.3,""cp"":0,""vision"":30,""firesWhileMoving"":false,""weapon"":""mlrs_elite"",""secondary"":[{""weapon"":""hmg_selfdef_15"",""slot"":""mg"",""aim"":""Free""}],""skills"":[""elite_barrage""],""deathExplosion"":{""damage"":160,""radius"":10,""delay"":0.4,""tier"":""Ultimate""}}"
elite_tank_destroyer,tinh_nhue,Elite tank destroyer,Pháo chống tăng tinh nhuệ,Chống tăng TN,TankHunter,Armor,,0,837,NEED_CODE_CHECK,4,2,1,1,FALSE,7.5,70,60,40,2.7,6.58,3.01,FALSE,0,FALSE,TRUE,1,3.5,1,gun_105_apfsds,hmg_roof,elite_barrage;elite_smoke,none,,,elite_tank_destroyer,giong,,,,,,,,,,,,,,,,,,,,,,,11,NEED_CODE_CHECK,tank_destroyer,,,NEED_CODE_CHECK,,,,,,,4,1,2,1,,,,,,TankHunter,,,,,,0,,120,0.4,8,Huge,,,,,,,,,,,,,,TRUE,tank_destroyer,TRUE,,,,,,837,,,,,6.58,,,,,,,,,,,,,,,,,,,,,,2.34,9.08,3.01,,,,,,,,,,,,,2.7,,,,,,,,1,,,,,,elite_barrage;elite_smoke,,7.5,,,,,,,,,70,60,,40,,gun_105_apfsds,3.01,,,,Assets/MachineBrigade/Resources/Data/balance.json: vehicles[58],"{""id"":""elite_tank_destroyer"",""modelSize"":[9.08,3.01,2.34],""scale"":1,""class"":""TankHunter"",""elite"":true,""eliteOf"":""tank_destroyer"",""armour"":[4,2,1,1],""hp"":837,""speed"":7.5,""turnRate"":70,""turretTurnRate"":60,""radius"":2.7,""length"":6.58,""width"":3.01,""cp"":0,""vision"":40,""firesWhileMoving"":true,""weapon"":""gun_105_apfsds"",""skills"":[""elite_barrage"",""elite_smoke""],""secondary"":[{""weapon"":""hmg_roof"",""slot"":""mg"",""aim"":""Free""}],""deathExplosion"":{""damage"":120,""radius"":8,""delay"":0.4,""tier"":""Huge""}}"
engineer_vehicle,xe,Engineering vehicle,Xe công binh,Công binh,Support,Light,,3,800,1760.0,2,1,1,0,FALSE,7,80,200,30,2.2,6.45,3.02,FALSE,0,FALSE,TRUE,1,2.5,1,hmg_selfdef_15,,,none,,,engineer_vehicle,doi,,,,,,,,,,,,,4.4,7,,,,,,,,,3,NEED_CODE_CHECK,,,engineer,NEED_CODE_CHECK,,,,sapper,,,2,1,1,0,,,,,,Support,,,,,,3,,70,0.35,6,Large,,,,,,,,,,,,,2.5,,,TRUE,,,,,,800,,,,,6.45,,,,,,,,,,,,,,,,,,,,,,2.02,6.45,3.02,,,,,,,,,,,,,2.2,,,,,,14,0.025,1,,,,,,,,7,,,,,,,,,80,200,1,30,,hmg_selfdef_15,3.02,,,,Assets/MachineBrigade/Resources/Data/balance.json: vehicles[29],"{""id"":""engineer_vehicle"",""dropDelay"":2.5,""value"":1,""altModels"":[""sapper""],""scale"":1,""modelSize"":[6.45,3.02,2.02],""class"":""Support"",""armour"":[2,1,1,0],""hp"":800,""speed"":7,""turnRate"":80,""turretTurnRate"":200,""radius"":2.2,""length"":6.45,""width"":3.02,""cp"":3,""vision"":30,""firesWhileMoving"":true,""weapon"":""hmg_selfdef_15"",""repair"":{""radius"":14,""rate"":0.025},""deathExplosion"":{""damage"":70,""radius"":6,""delay"":0.35,""tier"":""Large""}}"
ew_jammer,xe,EW jammer,Xe gây nhiễu điện tử,Gây nhiễu,Support,Light,,6,468,1029.6,1,0,0,0,FALSE,8,90,200,40,2.2,9.01,2.38,FALSE,0,FALSE,TRUE,1,3.5,1.2,hmg_selfdef_15,,,none,,,ew_jammer,doi,5,6,380,468,,,,,,,,,,,,,,,,,1,1.2,6,NEED_CODE_CHECK,,,,NEED_CODE_CHECK,,,,,,1,,,,,,,,,,Support,,,,,,6,,80,0.35,7,Large,,,,,,,,,,,,,,,,TRUE,,,,,,468,,,32,,9.01,,,,,,,,,,,,,,,,,,,,,,3.83,9.01,2.76,,,,,,,,1.2,,,,,2.2,,,,,,,,1,,,,,,,,8,,,,,,,,,90,200,1,40,,hmg_selfdef_15,2.38,,,,Assets/MachineBrigade/Resources/Data/balance.json: vehicles[31],"{""id"":""ew_jammer"",""outgoingDamageMult"":1.2,""value"":1,""scale"":1,""modelSize"":[9.01,2.76,3.83],""class"":""Support"",""armour"":1,""hp"":468,""speed"":8,""turnRate"":90,""turretTurnRate"":200,""radius"":2.2,""length"":9.01,""width"":2.38,""cp"":6,""vision"":40,""firesWhileMoving"":true,""weapon"":""hmg_selfdef_15"",""jammer"":32,""deathExplosion"":{""damage"":80,""radius"":7,""delay"":0.35,""tier"":""Large""}}"
fibre_fpv_carrier,xe,Fibre-optic FPV carrier,Xe phóng drone FPV cáp quang,FPV cáp quang,TankHunter,Armor,,8,505,1111.0,1,0,0,0,FALSE,10,110,90,44,1.8,4.6,1.9,FALSE,0,FALSE,FALSE,1,3.5,1.1429,fpv_fibre,fpv_swarm_mini,,none,,,fibre_fpv_carrier,doi,7,8,432,505,,,,,,,,,,,,,,,,,1,1.1429,8,NEED_CODE_CHECK,,,drone;fpv,NEED_CODE_CHECK,,,,,,1,,,,,,,,,,TankHunter,,,,,,8,,60,0.3,6,Large,,,,,,,,,,,,,,,,FALSE,,,,,,505,,,,,4.6,,,,,,,,,,,,,,,,,,,,,,2.0,4.6,1.9,,,,,,,,1.1429,,,,,1.8,,,,,,,,,,,,,,,,10,,,,,,,,,110,90,,44,,fpv_fibre,1.9,,,,Assets/MachineBrigade/Resources/Data/balance.json: vehicles[159],"{""id"":""fibre_fpv_carrier"",""outgoingDamageMult"":1.1429,""modelSize"":[4.6,1.9,2.0],""class"":""TankHunter"",""armour"":1,""hp"":505,""speed"":10,""turnRate"":110,""turretTurnRate"":90,""radius"":1.8,""length"":4.6,""width"":1.9,""cp"":8,""vision"":44,""firesWhileMoving"":false,""weapon"":""fpv_fibre"",""secondary"":[{""weapon"":""fpv_swarm_mini"",""slot"":""rocket"",""aim"":""Free""}],""deathExplosion"":{""damage"":60,""radius"":6,""delay"":0.3,""tier"":""Large""}}"
fighter_jet,xe,Fighter,Tiêm kích,Tiêm kích,,,,15,673,1480.6,0,0,0,0,FALSE,40,129,360,72,3.4,,,TRUE,34,FALSE,TRUE,0,5,1.3594,air_to_air,wvr_aam;fighter_cannon,jet_flares,flare,2,NEED_CODE_CHECK,fighter_jet,doi,12,15,520,673,,,,,,,,,,,,,,,,,1,1.3594,15,NEED_CODE_CHECK,,,,NEED_CODE_CHECK,,,,,34,0,,,,,4.0,,0,,high,,,,,,,15,,80,0.6,7,Huge,,,,,,,,,,,,,5,,,TRUE,TRUE,,TRUE,,,673,,TRUE,,,,,,,,missile,,,,,,,,,,,,,,,,,2.15,8.64,5.85,,,,,,,,1.3594,,,,,3.4,,,11,,,,,1.1765,,,,,,jet_flares,,40,,,,,,,Plane;Helicopter,,129,360,1.5,72,TRUE,air_to_air,,,,,Assets/MachineBrigade/Resources/Data/balance.json: vehicles[34],"{""id"":""fighter_jet"",""flareCharges"":2,""dropDelay"":5,""outgoingDamageMult"":1.3594,""ceiling"":""high"",""value"":1.5,""rearmTime"":11,""strongVs"":[""Plane"",""Helicopter""],""scale"":1.1765,""modelSize"":[8.64,5.85,2.15],""armour"":0,""hp"":673,""speed"":40,""turnRate"":129,""turretTurnRate"":360,""radius"":3.4,""cp"":15,""vision"":72,""firesWhileMoving"":true,""weapon"":""air_to_air"",""mainSlot"":""missile"",""flying"":true,""fixedWing"":true,""altitude"":34,""captureRate"":0,""attackHold"":4.0,""secondary"":[{""weapon"":""wvr_aam"",""slot"":""aam"",""aim"":""Free""},{""weapon"":""fighter_cannon"",""slot"":""gun"",""aim"":""Hull""}],""interceptor"":true,""vtol"":true,""skills"":[""jet_flares""],""deathExplosion"":{""damage"":80,""radius"":7,""delay"":0.6,""tier"":""Huge""}}"
flame_tank,xe,Flame tank,Tăng phun lửa,Phun lửa,,,,6,741,1630.2,3,2,1,1,FALSE,6.5,80,110,26,1.9,5.75,2.66,FALSE,0,FALSE,TRUE,1,3.5,1.2,flamethrower,mg_coax,,none,,,flame_tank,doi,5,6,600,741,,,,,,,,,4.6,6.5,,,,,,,1,1.2,6,NEED_CODE_CHECK,,,,NEED_CODE_CHECK,,,,,,3,,,,,,,,,,,,,,,,6,,140,0.3,5,Huge,,,,,,,,,,,,,,,,TRUE,,,,,,741,,,,,5.75,,,,,,,,,,,,,,,,,,,,,,1.87,7.12,2.66,,,,,,,,1.2,,,,,1.9,,,,,,,,1,,,,,,,,6.5,,,,,,,,,80,110,0.73,26,,flamethrower,2.66,,,,Assets/MachineBrigade/Resources/Data/balance.json: vehicles[3],"{""id"":""flame_tank"",""outgoingDamageMult"":1.2,""value"":0.73,""scale"":1,""modelSize"":[7.12,2.66,1.87],""armour"":3,""hp"":741,""speed"":6.5,""turnRate"":80,""turretTurnRate"":110,""radius"":1.9,""length"":5.75,""width"":2.66,""cp"":6,""vision"":26,""firesWhileMoving"":true,""weapon"":""flamethrower"",""secondary"":[{""weapon"":""mg_coax"",""slot"":""coax"",""aim"":""Turret""}],""deathExplosion"":{""damage"":140,""radius"":5,""delay"":0.3,""tier"":""Huge""}}"
fpv_carrier,xe,FPV drone carrier,Xe phóng drone FPV,Drone FPV,TankHunter,Armor,,7,500,1100.0,1,0,0,0,FALSE,9,90,90,48,2.3,7.41,2.04,FALSE,0,FALSE,FALSE,1,3.5,1.1667,fpv_swarm,hmg_selfdef_18,,none,,,fpv_carrier,doi,6,7,420,500,,,,,,,,,,,,,,,,,1,1.1667,7,NEED_CODE_CHECK,,elite_fpv_carrier,drone;fpv,NEED_CODE_CHECK,,,,,,1,,,,,,,,,,TankHunter,,,,,,7,,100,0.35,7,Huge,,,,,,,,,,,,,,,,FALSE,,,,,,500,,,,,7.41,,,,,,,,,,,,,,,,,,,,,,2.88,7.41,2.04,,,,,,,,1.1667,,,,,2.3,,,,,,,,1,,,,,,,,9,,,,,,,,,90,90,1.17,48,,fpv_swarm,2.04,,,,Assets/MachineBrigade/Resources/Data/balance.json: vehicles[32],"{""id"":""fpv_carrier"",""outgoingDamageMult"":1.1667,""value"":1.17,""scale"":1,""modelSize"":[7.41,2.04,2.88],""class"":""TankHunter"",""armour"":1,""hp"":500,""speed"":9,""turnRate"":90,""turretTurnRate"":90,""radius"":2.3,""length"":7.41,""width"":2.04,""cp"":7,""vision"":48,""firesWhileMoving"":false,""weapon"":""fpv_swarm"",""secondary"":[{""weapon"":""hmg_selfdef_18"",""slot"":""mg"",""aim"":""Free""}],""deathExplosion"":{""damage"":100,""radius"":7,""delay"":0.35,""tier"":""Huge""}}"
glide_bomber,xe,Long-range glide bomber,Máy bay ném bom lượn tầm xa,Ném bom lượn,Plane,Air,,21,1368,3009.6,1,1,1,1,FALSE,30,60,360,50,4.2,,,TRUE,40,FALSE,TRUE,0,5,1.3125,glide_fab500,cluster_at_bomb;bunker_buster_bomb;thermobaric_bomb,bomber_flares,flare,2,NEED_CODE_CHECK,glide_bomber,doi,16,21,1000,1368,,,,,,,,,,,,,,,,,1,1.3125,21,NEED_CODE_CHECK,,,,NEED_CODE_CHECK,,,,,40,1,,,,,,,0,,,Plane,,,,,,21,,150,0.6,9,Huge,,,,,,,,,,,,,5,,,TRUE,TRUE,,TRUE,,TRUE,1368,,,,,,,,,,missile,,,,,,,,,,,,,,,,,2.4,9.3,5.9,,,,,,,,1.3125,,,,,4.2,,,21,,,,,,,,,,,bomber_flares,,30,,,,,,,Defense;Artillery;Light,,60,360,,50,,glide_fab500,,,,,Assets/MachineBrigade/Resources/Data/balance.json: vehicles[145],"{""id"":""glide_bomber"",""flareCharges"":2,""dropDelay"":5,""outgoingDamageMult"":1.3125,""modelSize"":[9.3,5.9,2.4],""class"":""Plane"",""strongVs"":[""Defense"",""Artillery"",""Light""],""armour"":1,""hp"":1368,""speed"":30,""turnRate"":60,""turretTurnRate"":360,""radius"":4.2,""cp"":21,""vision"":50,""firesWhileMoving"":true,""weapon"":""glide_fab500"",""secondary"":[{""weapon"":""cluster_at_bomb"",""slot"":""bomb"",""aim"":""Hull""},{""weapon"":""bunker_buster_bomb"",""slot"":""bomb"",""aim"":""Hull""},{""weapon"":""thermobaric_bomb"",""slot"":""bomb"",""aim"":""Hull""}],""mainSlot"":""missile"",""flying"":true,""fixedWing"":true,""altitude"":40,""captureRate"":0,""glideRelease"":true,""rearmTime"":21,""skills"":[""bomber_flares""],""deathExplosion"":{""damage"":150,""radius"":9,""delay"":0.6,""tier"":""Huge""}}"
gps_jammer_vehicle,xe,GPS jammer vehicle,Xe gây nhiễu định vị,Nhiễu định vị,Support,Light,,6,450,990.0,1,0,0,0,FALSE,8,90,200,35,2.2,9.01,2.38,FALSE,0,FALSE,TRUE,1,3.5,1.2,hmg_selfdef_15,,,none,,,gps_jammer_vehicle,doi,5,6,364,450,,,,,,,,,,,,,,,,,1,1.2,6,NEED_CODE_CHECK,,,,NEED_CODE_CHECK,,,,,,1,,,,,,,,,,Support,,,,,,6,,60,0.3,5,Large,,,,,,,,,,,,,,,,TRUE,,,,,,450,,,28,,9.01,,,,,,,,,,,,,,,,,,,,,gps_jammer_vehicle,3.83,9.01,2.76,,,,,,,,1.2,,,,,2.2,,,,,,,,,,,,,,,,8,,,,,,,,,90,200,,35,,hmg_selfdef_15,2.38,,,,Assets/MachineBrigade/Resources/Data/balance.json: vehicles[198],"{""id"":""gps_jammer_vehicle"",""outgoingDamageMult"":1.2,""model"":""gps_jammer_vehicle"",""modelSize"":[9.01,2.76,3.83],""class"":""Support"",""armour"":1,""hp"":450,""speed"":8,""turnRate"":90,""turretTurnRate"":200,""radius"":2.2,""length"":9.01,""width"":2.38,""cp"":6,""vision"":35,""firesWhileMoving"":true,""weapon"":""hmg_selfdef_15"",""jammer"":28,""deathExplosion"":{""damage"":60,""radius"":5,""delay"":0.3,""tier"":""Large""}}"
ground_cruise_missile_vehicle,xe,Ground cruise missile vehicle,Xe phóng tên lửa hành trình,Tên lửa HT,,,,15,586,1289.2,1,0,0,0,FALSE,6.5,80,100,35,2.3,7.18,2.7,FALSE,0,FALSE,TRUE,1,5,1.25,cruise_missile_ground,,,none,,,ground_cruise_missile_vehicle,doi,12,15,455,586,,,,,,,,,,,,,,,,,1,1.25,15,NEED_CODE_CHECK,,,,NEED_CODE_CHECK,,,,,,1,,,,,,,,,,,,,,,,15,,100,0.4,7,Huge,,,,,,,,,,,,,5,,,,,,,,,586,,,,,7.18,,,,,,,,,,,,,,,,,,,,,ground_cruise_missile_vehicle,2.97,7.18,2.7,,,,,,,,1.25,,,,,2.3,,,,,,,,,,,,,,,,6.5,,,,,,,,,80,100,,35,,cruise_missile_ground,2.7,,,,Assets/MachineBrigade/Resources/Data/balance.json: vehicles[194],"{""id"":""ground_cruise_missile_vehicle"",""dropDelay"":5,""outgoingDamageMult"":1.25,""model"":""ground_cruise_missile_vehicle"",""modelSize"":[7.18,2.7,2.97],""armour"":1,""hp"":586,""speed"":6.5,""turnRate"":80,""turretTurnRate"":100,""radius"":2.3,""length"":7.18,""width"":2.7,""cp"":15,""vision"":35,""weapon"":""cruise_missile_ground"",""deathExplosion"":{""damage"":100,""radius"":7,""delay"":0.4,""tier"":""Huge""}}"
ground_drone_carrier,xe,Ground drone carrier,Xe chỉ huy robot mặt đất,Xe robot,Support,Light,,6,505,1111.0,1,0,0,0,FALSE,9,110,150,40,1.9,5.0,2.0,FALSE,0,FALSE,TRUE,1,3.5,1.2,mg_coax_ground,,,none,,,ground_drone_carrier,doi,5,6,409,505,,,,,,,,,,,,,,,,,1,1.2,6,NEED_CODE_CHECK,,,drone,NEED_CODE_CHECK,,,,,,1,,,,,,,,,,Support,,,,,,6,,45,0.3,5,Large,,,,,,,,,,,,,,,,TRUE,,,,,,505,,,,,5.0,,,,,,,,,,,,,,,,,,,,,ground_drone_carrier,2.4,5.0,2.0,,,,,,,,1.2,,,,,1.9,,,,,,,,,,,,,,,,9,,,,,,,,,110,150,,40,,mg_coax_ground,2.0,,,,Assets/MachineBrigade/Resources/Data/balance.json: vehicles[186],"{""id"":""ground_drone_carrier"",""outgoingDamageMult"":1.2,""model"":""ground_drone_carrier"",""modelSize"":[5.0,2.0,2.4],""class"":""Support"",""armour"":1,""hp"":505,""speed"":9,""turnRate"":110,""turretTurnRate"":150,""radius"":1.9,""length"":5.0,""width"":2.0,""cp"":6,""vision"":40,""firesWhileMoving"":true,""weapon"":""mg_coax_ground"",""deathExplosion"":{""damage"":45,""radius"":5,""delay"":0.3,""tier"":""Large""}}"
gunship_heli,xe,Armoured gunship helicopter,Trực thăng vũ trang bọc giáp,TT vũ trang,,,,20,1645,3619.0,2,1,0,0,FALSE,14,90,360,42,4.5,,,TRUE,17,FALSE,TRUE,1,5,1.5333,gunship_rockets,gsh30k;heli_ataka;door_gun;door_gun,heli_flares,flare,2,NEED_CODE_CHECK,gunship_heli,doi,15,20,1182,1645,,,,,,,,,,,,,,,,,1,1.5333,20,NEED_CODE_CHECK,,,heli,NEED_CODE_CHECK,,,,,17,,2,0,1,0,,,1,,,,,,,,,20,,100,0.6,7,Huge,,,,,,,,,,,,,5,,,TRUE,,,TRUE,,,1645,,,,,,,,,,rocket,,,,,,,,,,,,,,,,,2.1,7.59,6.58,,,,,,,,1.5333,,,,,4.5,,,9,,,,,1,,,,,,heli_flares,,14,,,,,,,Light;Scout;Defense,,90,360,1.05,42,,gunship_rockets,,,,,Assets/MachineBrigade/Resources/Data/balance.json: vehicles[14],"{""id"":""gunship_heli"",""flareCharges"":2,""dropDelay"":5,""outgoingDamageMult"":1.5333,""value"":1.05,""rearmTime"":9,""strongVs"":[""Light"",""Scout"",""Defense""],""scale"":1,""modelSize"":[7.59,6.58,2.1],""armour"":[2,1,0,0],""hp"":1645,""speed"":14,""turnRate"":90,""turretTurnRate"":360,""radius"":4.5,""cp"":20,""vision"":42,""firesWhileMoving"":true,""weapon"":""gunship_rockets"",""mainSlot"":""rocket"",""flying"":true,""altitude"":17,""captureRate"":1,""secondary"":[{""weapon"":""gsh30k"",""slot"":""gun"",""aim"":""Hull""},{""weapon"":""heli_ataka"",""slot"":""missile"",""model"":""atgm_ataka"",""aim"":""Hull""},{""weapon"":""door_gun"",""slot"":""door_l"",""aim"":""Left""},{""weapon"":""door_gun"",""slot"":""door_r"",""aim"":""Right""}],""skills"":[""heli_flares""],""deathExplosion"":{""damage"":100,""radius"":7,""delay"":0.6,""tier"":""Huge""}}"
heavy_aa,xe,Gun–missile AA,Xe phòng không pháo – tên lửa,PK hỗn hợp,,,,8,632,1390.4,1,0,0,0,FALSE,8.5,90,220,60,2.1,9.8,2.18,FALSE,0,FALSE,TRUE,1,3.5,1.1429,twin_30_flak,missile_57e6,,none,,,heavy_aa,doi,7,8,540,632,,,,,,,,,,,,,,,,,1,1.1429,8,NEED_CODE_CHECK,,,,NEED_CODE_CHECK,,,,,,1,,,,,,,,,,,,,,,,8,,100,0.35,7,Huge,,,,,,,,,,,,,,,,TRUE,,,,,,632,,,,,9.8,,,,,,,,,,,,,,,,,,,,,,2.83,9.8,2.68,,,,,,,,1.1429,,,,,2.1,,,,,,,,1,,,,,,,,8.5,,,,,,,,,90,220,1,60,,twin_30_flak,2.18,,,,Assets/MachineBrigade/Resources/Data/balance.json: vehicles[20],"{""id"":""heavy_aa"",""outgoingDamageMult"":1.1429,""value"":1,""scale"":1,""modelSize"":[9.8,2.68,2.83],""armour"":1,""hp"":632,""speed"":8.5,""turnRate"":90,""turretTurnRate"":220,""radius"":2.1,""length"":9.8,""width"":2.18,""cp"":8,""vision"":60,""firesWhileMoving"":true,""weapon"":""twin_30_flak"",""secondary"":[{""weapon"":""missile_57e6"",""slot"":""missile"",""aim"":""Turret""}],""deathExplosion"":{""damage"":100,""radius"":7,""delay"":0.35,""tier"":""Huge""}}"
heavy_bomber,xe,Strategic bomber,Oanh tạc cơ chiến lược,Oanh tạc cơ,,,,29,2059,4529.8,0,0,0,0,FALSE,22,68,360,50,7.5,,,TRUE,42,FALSE,TRUE,0,5,1.3182,bomber_payload,bomber_tail_guns;air_cruise_missile,bomber_flares,flare,3,NEED_CODE_CHECK,heavy_bomber,doi,22,29,1500,2059,,,,,,,,,,,,,,,,,1,1.3182,29,NEED_CODE_CHECK,,,,NEED_CODE_CHECK,,,,,42,0,,,,,,,0,,,,,,,,,29,,200,0.6,10,Ultimate,,,,,,,,,,,,,5,,,TRUE,TRUE,,TRUE,,,2059,,,,,,,,,,missile,,,,,,,,,,,,,,,,,5.7,19.8,22.62,,,,,,,,1.3182,,,,,7.5,,,16,,,,,1,,,,,,bomber_flares,,22,,,,,,,Defense;Artillery;Light,,68,360,1.03,50,,bomber_payload,,,,,Assets/MachineBrigade/Resources/Data/balance.json: vehicles[22],"{""id"":""heavy_bomber"",""flareCharges"":3,""dropDelay"":5,""outgoingDamageMult"":1.3182,""value"":1.03,""rearmTime"":16,""strongVs"":[""Defense"",""Artillery"",""Light""],""scale"":1,""modelSize"":[19.8,22.62,5.7],""armour"":0,""hp"":2059,""speed"":22,""turnRate"":68,""turretTurnRate"":360,""radius"":7.5,""cp"":29,""vision"":50,""firesWhileMoving"":true,""weapon"":""bomber_payload"",""mainSlot"":""missile"",""flying"":true,""fixedWing"":true,""altitude"":42,""captureRate"":0,""secondary"":[{""weapon"":""bomber_tail_guns"",""slot"":""gun"",""aim"":""Free""},{""weapon"":""air_cruise_missile"",""slot"":""rocket"",""aim"":""Hull""}],""skills"":[""bomber_flares""],""deathExplosion"":{""damage"":200,""radius"":10,""delay"":0.6,""tier"":""Ultimate""}}"
heavy_lift_helicopter,xe,Heavy-lift helicopter,Trực thăng cẩu tháp,TT cẩu tháp,,,,8,955,2101.0,1,1,1,1,FALSE,12,90,1,42,4.5,,,TRUE,17,FALSE,TRUE,1,3.5,1.1429,none,,,flare,3,20,heavy_lift_helicopter,doi,7,8,818,955,,,,,,,,,,,,,,,,,1,1.1429,8,NEED_CODE_CHECK,,,,NEED_CODE_CHECK,,,,,17,1,,,,,,,1,,,,,,,,,8,,70,0.4,6,Large,,,,,,,,,,,,,,,,,,,TRUE,,,955,,,,,,,,,,,,,,,,,,,,,,,,,,heavy_lift_helicopter,2.1,7.59,6.58,,,,,,,,1.1429,,,,,4.5,,,9,,,,,,,,,,,,,12,,,,,,,,,90,1,,42,,none,,,,,Assets/MachineBrigade/Resources/Data/balance.json: vehicles[196],"{""id"":""heavy_lift_helicopter"",""flareRecharge"":20,""flareCharges"":3,""outgoingDamageMult"":1.1429,""model"":""heavy_lift_helicopter"",""rearmTime"":9,""modelSize"":[7.59,6.58,2.1],""armour"":1,""hp"":955,""speed"":12,""turnRate"":90,""turretTurnRate"":1,""radius"":4.5,""cp"":8,""vision"":42,""weapon"":""none"",""flying"":true,""altitude"":17,""captureRate"":1,""deathExplosion"":{""damage"":70,""radius"":6,""delay"":0.4,""tier"":""Large""}}"
heavy_rocket_artillery,xe,Heavy MLRS,Pháo phản lực hạng nặng,Phản lực nặng,,,,15,541,1190.2,1,0,0,0,FALSE,6.5,55,40,30,2.6,10,2.44,FALSE,0,FALSE,FALSE,1,5,1.25,rockets_300mm,,,none,,,heavy_rocket_artillery,doi,12,15,420,541,,,,,,,,,,,,,,,,,1,1.25,15,NEED_CODE_CHECK,,,,NEED_CODE_CHECK,,,,,,1,,,,,,,,,,,,,,,,15,,200,0.4,11,Ultimate,,,,,,,,,,,,,5,,,FALSE,,,,,,541,,,,,10,,,,,,,,,,,,,,,,,,,,,,3.03,10,2.44,,,,,,,,1.25,,,,,2.6,,,,,,,,1,,,,,,,,6.5,,,,,,,,,55,40,1.26,30,,rockets_300mm,2.44,,,,Assets/MachineBrigade/Resources/Data/balance.json: vehicles[27],"{""id"":""heavy_rocket_artillery"",""dropDelay"":5,""outgoingDamageMult"":1.25,""value"":1.26,""scale"":1,""modelSize"":[10,2.44,3.03],""armour"":1,""hp"":541,""speed"":6.5,""turnRate"":55,""turretTurnRate"":40,""radius"":2.6,""length"":10,""width"":2.44,""cp"":15,""vision"":30,""firesWhileMoving"":false,""weapon"":""rockets_300mm"",""secondary"":[],""deathExplosion"":{""damage"":200,""radius"":11,""delay"":0.4,""tier"":""Ultimate""}}"
heavy_tank,xe,Heavy tank,Tăng hạng nặng,Tăng nặng,,,,16,2032,4470.4,4,3,2,2,FALSE,4.2,45,115,30,2.6,6.55,3.01,FALSE,0,FALSE,TRUE,1,5,1.3538,gun_152,autocannon_30;hmg_roof,,none,,,heavy_tank,doi,13,16,1600,2032,,,,,,,,,,,,,,,,,1,1.3538,16,NEED_CODE_CHECK,,elite_heavy_tank,heavy;tank,NEED_CODE_CHECK,,,,,,,4,2,3,2,,,,,,,,,,,,16,,200,0.5,9,Huge,,,,,,,,,,,,,5,,,TRUE,,,,,,2032,,,,,6.55,,,,,,,,,,,,,,,,,,,,,,2.2,8.39,3.01,,,,,,,,1.3538,,,,,2.6,,,,,,,,1,,,,,,,,4.2,,,,,,,,,45,115,1.18,30,,gun_152,3.01,,,,Assets/MachineBrigade/Resources/Data/balance.json: vehicles[10],"{""id"":""heavy_tank"",""dropDelay"":5,""outgoingDamageMult"":1.3538,""value"":1.18,""scale"":1,""modelSize"":[8.39,3.01,2.2],""armour"":[4,3,2,2],""hp"":2032,""speed"":4.2,""turnRate"":45,""turretTurnRate"":115,""radius"":2.6,""length"":6.55,""width"":3.01,""cp"":16,""vision"":30,""firesWhileMoving"":true,""weapon"":""gun_152"",""secondary"":[{""weapon"":""autocannon_30"",""slot"":""coax"",""aim"":""Turret""},{""weapon"":""hmg_roof"",""slot"":""mg"",""aim"":""Free""}],""deathExplosion"":{""damage"":200,""radius"":9,""delay"":0.5,""tier"":""Huge""}}"
hover_gunboat,xe,Escort hovercraft,Xuồng đệm khí hộ tống,Xuồng hộ tống,Light,Light,,0,520,1144.0,1,0,0,0,FALSE,8.5,70,160,46,3.2,14,3.92,FALSE,0,FALSE,TRUE,0,3.5,1,hover_ciws,,,none,,,hover_gunboat,giong,,,,,,,,,,,,,,,,,,,,,,,0,NEED_CODE_CHECK,,,,NEED_CODE_CHECK,,,,,,1,,,,,,,0,,,Light,,,,,,0,,70,0.4,9,Huge,,,,,,,,,,,,,,,,TRUE,,,,,,520,,,,,14,,,,Free,mg,,,,,,,,,,,,,,,,,3.67,14,3.92,,,,,,,,,,,,,3.2,,,,,,,,1,,,,,,,,8.5,,,,,,,,,70,160,,46,,hover_ciws,3.92,,,,Assets/MachineBrigade/Resources/Data/balance.json: vehicles[202],"{""id"":""hover_gunboat"",""scale"":1,""modelSize"":[14,3.92,3.67],""class"":""Light"",""armour"":1,""hp"":520,""speed"":8.5,""turnRate"":70,""turretTurnRate"":160,""radius"":3.2,""length"":14,""width"":3.92,""cp"":0,""vision"":46,""firesWhileMoving"":true,""weapon"":""hover_ciws"",""mainSlot"":""mg"",""mainAim"":""Free"",""captureRate"":0,""deathExplosion"":{""damage"":70,""radius"":9,""delay"":0.4,""tier"":""Huge""}}"
ifv,xe,Infantry fighting vehicle,Xe chiến đấu bộ binh,Xe bộ binh,,,,7,623,1370.6,2,1,0,0,FALSE,8,110,160,34,2.3,5.31,3.02,FALSE,0,FALSE,TRUE,3,3.5,1.1667,ifv_30,mg_coax;atgm,apc_smoke,none,,,ifv,doi,6,7,520,623,,,,,,,,,,,,,,,,,1,1.1667,7,NEED_CODE_CHECK,,elite_apc,wheeled,NEED_CODE_CHECK,,,,,,2,,,,,,,3,,,,,,,,,7,,80,0.35,6,Large,,,,,,,,,,,,,,,,TRUE,,,,,,623,,,,,5.31,,,,,,,,,,,,,,,,,,,,,,2.5,5.48,3.02,,,,,,,,1.1667,,,,,2.3,,,,,,,,1,,,,,,apc_smoke,,8,,,,,,,,,110,160,1.06,34,,ifv_30,3.02,,,,Assets/MachineBrigade/Resources/Data/balance.json: vehicles[19],"{""id"":""ifv"",""missiles"":[{""weapon"":""atgm"",""ammo"":2,""reload"":20}],""outgoingDamageMult"":1.1667,""value"":1.06,""scale"":1,""modelSize"":[5.48,3.02,2.5],""armour"":2,""hp"":623,""speed"":8,""turnRate"":110,""turretTurnRate"":160,""radius"":2.3,""length"":5.31,""width"":3.02,""cp"":7,""vision"":34,""firesWhileMoving"":true,""weapon"":""ifv_30"",""captureRate"":3,""secondary"":[{""weapon"":""mg_coax"",""slot"":""coax"",""aim"":""Turret""},{""weapon"":""atgm"",""slot"":""missile"",""aim"":""Turret""}],""skills"":[""apc_smoke""],""deathExplosion"":{""damage"":80,""radius"":6,""delay"":0.35,""tier"":""Large""}}"
interceptor_drone_vehicle,xe,Interceptor drone vehicle,Xe drone đánh chặn,Drone chặn,AntiAir,Light,,6,505,1111.0,1,0,0,0,FALSE,10,100,150,50,1.9,5.0,2.0,FALSE,0,FALSE,FALSE,1,3.5,1.2,interceptor_drone,coyote_interceptor,,none,,,interceptor_drone_vehicle,doi,5,6,409,505,,,,,,,,,,,,,,,,,1,1.2,6,NEED_CODE_CHECK,,,,NEED_CODE_CHECK,,,,,,1,,,,,,,,,,AntiAir,,,,,,6,,50,0.3,5,Large,,,,,,,,,,,,60,,,,FALSE,,,,,,505,,,,,5.0,,,,,,,,,,,,,,,,,,,,,,2.4,5.0,2.0,,,,,,,,1.2,,,,,1.9,,,,,,,,,,,,,,,,10,,,,,,,,,100,150,,50,,interceptor_drone,2.0,,,,Assets/MachineBrigade/Resources/Data/balance.json: vehicles[162],"{""id"":""interceptor_drone_vehicle"",""outgoingDamageMult"":1.2,""modelSize"":[5.0,2.0,2.4],""class"":""AntiAir"",""armour"":1,""hp"":505,""speed"":10,""turnRate"":100,""turretTurnRate"":150,""radius"":1.9,""length"":5.0,""width"":2.0,""cp"":6,""vision"":50,""firesWhileMoving"":false,""weapon"":""interceptor_drone"",""secondary"":[{""weapon"":""coyote_interceptor"",""slot"":""aam"",""aim"":""Free""}],""droneHunt"":{""reach"":60},""deathExplosion"":{""damage"":50,""radius"":5,""delay"":0.3,""tier"":""Large""}}"
interceptor_jet,xe,Interceptor,Tiêm kích đánh chặn,TK đánh chặn,Plane,Air,,16,750,1650.0,0,0,0,0,FALSE,55,90,360,72,3.6,,,TRUE,38,FALSE,TRUE,0,5,1.3538,r37m,anti_radar_missile,jet_flares,flare,2,NEED_CODE_CHECK,interceptor_jet,doi,13,16,591,750,,,,,,,,,,,,,,,,,1,1.3538,16,NEED_CODE_CHECK,,,,NEED_CODE_CHECK,,,,,38,0,,,,,,,0,,high,Plane,,,,,,16,,80,0.6,7,Huge,,,,,,,,,,,,,5,,,TRUE,TRUE,,TRUE,,,750,,TRUE,,,,,,,,missile,,,,,,,,,,,,,,,,,2.5,9.1,5.4,,,,,,,,1.3538,,,,,3.6,,,11,,,,,,,,,,,jet_flares,,55,,,,,,,Plane,,90,360,,72,,r37m,,,,,Assets/MachineBrigade/Resources/Data/balance.json: vehicles[147],"{""id"":""interceptor_jet"",""flareCharges"":2,""dropDelay"":5,""outgoingDamageMult"":1.3538,""ceiling"":""high"",""modelSize"":[9.1,5.4,2.5],""class"":""Plane"",""strongVs"":[""Plane""],""armour"":0,""hp"":750,""speed"":55,""turnRate"":90,""turretTurnRate"":360,""radius"":3.6,""cp"":16,""vision"":72,""firesWhileMoving"":true,""weapon"":""r37m"",""secondary"":[{""weapon"":""anti_radar_missile"",""slot"":""aam"",""aim"":""Free""}],""mainSlot"":""missile"",""flying"":true,""fixedWing"":true,""altitude"":38,""captureRate"":0,""interceptor"":true,""rearmTime"":11,""skills"":[""jet_flares""],""deathExplosion"":{""damage"":80,""radius"":7,""delay"":0.6,""tier"":""Huge""}}"
iron_beam,xe,Laser AA,Xe la-de phòng không,La-de PK,AntiAir,Light,,7,536,1179.2,1,0,0,0,FALSE,7,70,180,56,2.5,8.2,2.05,FALSE,0,FALSE,TRUE,1,3.5,1.1667,hel_beam,,,aps,1,0.8,iron_beam,doi,6,7,450,536,,,,,,,,,,,,,,,,,1,1.1667,7,NEED_CODE_CHECK,,,,NEED_CODE_CHECK,,,,,,1,,,,,,,1,,,AntiAir,,,,,,7,,70,0.3,6,Large,,,,,,,,,,,,,,,,TRUE,,,,,,536,,,,,8.2,,,,,,,,,,,,,,,,,,,,,,2.86,8.2,2.05,,,,,,,,1.1667,,,,,2.5,,,,,,,,1,,,,,,,,7,,,,,,,,,70,180,0.5,56,,hel_beam,2.05,,,,Assets/MachineBrigade/Resources/Data/balance.json: vehicles[41],"{""id"":""iron_beam"",""interceptionMode"":""PointDefense"",""outgoingDamageMult"":1.1667,""value"":0.5,""scale"":1,""modelSize"":[8.2,2.05,2.86],""class"":""AntiAir"",""armour"":1,""hp"":536,""speed"":7,""turnRate"":70,""turretTurnRate"":180,""radius"":2.5,""length"":8.2,""width"":2.05,""cp"":7,""vision"":56,""firesWhileMoving"":true,""weapon"":""hel_beam"",""captureRate"":1,""aps"":{""radius"":30,""shells"":0,""charges"":1,""recharge"":0.8,""rockets"":true,""laser"":true},""deathExplosion"":{""damage"":70,""radius"":6,""delay"":0.3,""tier"":""Large""}}"
lancet_truck,xe,Loitering munition truck,Xe phóng đạn lảng vảng,Đạn lảng vảng,TankHunter,Armor,,7,455,1001.0,1,0,0,0,FALSE,9,90,90,50,2.3,7.41,2.02,FALSE,0,FALSE,FALSE,1,3.5,1.1667,lancet,hmg_selfdef_15,,none,,,lancet_truck,doi,6,7,380,455,,,,,,,,,,,,,,,,,1,1.1667,7,NEED_CODE_CHECK,,,drone,NEED_CODE_CHECK,,,,,,1,,,,,,,1,,,TankHunter,,,,,,7,,60,0.3,9,Large,,,,,,,,,,,,,,,,FALSE,,,,,,455,,,,,7.41,,,,,,,,,,,,,,,,,,,,,,2.7,7.41,2.02,,,,,,,,1.1667,,,,,2.3,,,,,,,,1,,,,,,,,9,,,,,,,Artillery,,90,90,0.76,50,,lancet,2.02,,,,Assets/MachineBrigade/Resources/Data/balance.json: vehicles[39],"{""id"":""lancet_truck"",""outgoingDamageMult"":1.1667,""value"":0.76,""scale"":1,""modelSize"":[7.41,2.02,2.7],""class"":""TankHunter"",""strongVs"":[""Artillery""],""armour"":1,""hp"":455,""speed"":9,""turnRate"":90,""turretTurnRate"":90,""radius"":2.3,""length"":7.41,""width"":2.02,""cp"":7,""vision"":50,""firesWhileMoving"":false,""weapon"":""lancet"",""captureRate"":1,""secondary"":[{""weapon"":""hmg_selfdef_15"",""slot"":""mg"",""aim"":""Free""}],""deathExplosion"":{""damage"":60,""radius"":9,""delay"":0.3,""tier"":""Large""}}"
landing_craft,vat_pham,Landing Craft,Tàu đổ bộ,Tàu đổ bộ,Support,Light,,0,1000,2200.0,2,2,2,1,FALSE,5.5,30,120,50,4.5,17,7,FALSE,0,FALSE,TRUE,0,3.5,1,hmg_roof,,,none,,,landing_craft,giong,,,,,,,,,,,,,,,,,,,,,,,0,NEED_CODE_CHECK,,,,NEED_CODE_CHECK,,,,,,,2,2,2,1,,,0,FALSE,,Support,,,,,,0,,120,0.5,8,Huge,,,,,,,,,,,,,,,,TRUE,,,,,,1000,,,,,17,,,,Free,mg,,,,,,,,,,,,,,,,,,,,,,,Lander,,,,,,,,,4.5,,,,,,,,,,,,,,,,5.5,,,,,,,,,30,120,,50,,hmg_roof,7,,,,Assets/MachineBrigade/Resources/Data/balance.json: vehicles[227],"{""id"":""landing_craft"",""class"":""Support"",""card"":false,""armour"":[2,2,2,1],""hp"":1000,""speed"":5.5,""turnRate"":30,""turretTurnRate"":120,""radius"":4.5,""length"":17,""width"":7,""cp"":0,""vision"":50,""captureRate"":0,""firesWhileMoving"":true,""weapon"":""hmg_roof"",""mainSlot"":""mg"",""mainAim"":""Free"",""naval"":{""role"":""Lander""},""deathExplosion"":{""damage"":120,""radius"":8,""delay"":0.5,""tier"":""Huge""}}"
laser_tank,xe,Laser tank destroyer,Xe la-de diệt tăng,La-de diệt tăng,TankHunter,Armor,,11,882,1940.4,2,1,1,1,FALSE,6.5,65,55,38,2.4,6.08,2.82,FALSE,0,FALSE,TRUE,1,3.5,1.2681,focus_laser,,,none,,,laser_tank,doi,9,11,700,882,,,,,,,,,,,,,,,,,1,1.2681,11,NEED_CODE_CHECK,,,,NEED_CODE_CHECK,,,,,,,2,1,1,1,,,,,,TankHunter,,,,,,11,,110,0.4,7,Huge,,,,,,,,,,,,,,,,TRUE,,,,,,882,,,,,6.08,,,,,,,,,,,,,,,,,,,,,,2.74,6.08,2.82,,,,,,,,1.2681,,,,,2.4,,,,,,,,1,,,,,,,,6.5,,,,,,,Heavy;Tank;Boss,,65,55,1.01,38,,focus_laser,2.82,,,,Assets/MachineBrigade/Resources/Data/balance.json: vehicles[52],"{""id"":""laser_tank"",""outgoingDamageMult"":1.2681,""value"":1.01,""scale"":1,""modelSize"":[6.08,2.82,2.74],""class"":""TankHunter"",""armour"":[2,1,1,1],""hp"":882,""speed"":6.5,""turnRate"":65,""turretTurnRate"":55,""radius"":2.4,""length"":6.08,""width"":2.82,""cp"":11,""vision"":38,""firesWhileMoving"":true,""weapon"":""focus_laser"",""strongVs"":[""Heavy"",""Tank"",""Boss""],""deathExplosion"":{""damage"":110,""radius"":7,""delay"":0.4,""tier"":""Huge""}}"
light_attack_heli,xe,Light attack helicopter,Trực thăng tấn công hạng nhẹ,TT nhẹ,,,,8,582,1280.4,0,0,0,0,FALSE,16,170,360,45,2.8,,,TRUE,13,FALSE,TRUE,0,3.5,1.1429,minigun,heli_atgm,,flare,2,20,light_attack_heli,doi,7,8,500,582,,,,,,,,,,,,,,,,,1,1.1429,8,NEED_CODE_CHECK,,,heli;scout_heli,NEED_CODE_CHECK,,,,,13,0,,,,,,,0,,,,,,,,,8,,45,0.4,5,Large,,,,,,,,,,,,,,,,TRUE,,,TRUE,,,582,,,,,,,,,,gun,,,,,,,,,,,,,,,,light_attack_heli,1.56,3.88,3.16,,,,,,,,1.1429,,,,,2.8,,,8,,,,,,,,,,,,,16,,,,,,,Scout;Light,,170,360,0.7,45,,minigun,,,,,Assets/MachineBrigade/Resources/Data/balance.json: vehicles[172],"{""id"":""light_attack_heli"",""flareRecharge"":20,""flareCharges"":2,""outgoingDamageMult"":1.1429,""model"":""light_attack_heli"",""value"":0.7,""rearmTime"":8,""strongVs"":[""Scout"",""Light""],""modelSize"":[3.88,3.16,1.56],""armour"":0,""hp"":582,""speed"":16,""turnRate"":170,""turretTurnRate"":360,""radius"":2.8,""cp"":8,""vision"":45,""firesWhileMoving"":true,""weapon"":""minigun"",""mainSlot"":""gun"",""flying"":true,""altitude"":13,""captureRate"":0,""secondary"":[{""weapon"":""heli_atgm"",""slot"":""missile"",""model"":""atgm_ataka"",""aim"":""Hull""}],""deathExplosion"":{""damage"":45,""radius"":5,""delay"":0.4,""tier"":""Large""}}"
light_tank,xe,Amphibious light tank,Tăng nhẹ lội nước,Tăng nhẹ,Tank,Armor,,3,460,1012.0,2,1,0,0,FALSE,9,90,120,40,1.7,5.72,2.61,FALSE,0,FALSE,TRUE,1,2.5,1,gun_57mm,mg_coax;gun_launched_atgm,,none,,,light_tank,doi,,,,,,,,,,,,,4,9,,,,,,,,,3,NEED_CODE_CHECK,,,light_tank;tank,NEED_CODE_CHECK,,,,,,2,,,,,,,,,,Tank,,,,,,3,,60,0.25,5,Large,,,,,,,,,,,,,2.5,,,TRUE,,,,,,460,,,,,5.72,,,,,,,,,,,,,,,,,,,,,,1.89,6.39,2.61,,,,,,,,,,,,,1.7,,,,,,,,1,,,,,,,,9,,,,,,,,,90,120,0.5,40,,gun_57mm,2.61,,,,Assets/MachineBrigade/Resources/Data/balance.json: vehicles[1],"{""id"":""light_tank"",""missiles"":[{""weapon"":""gun_launched_atgm"",""ammo"":2,""reload"":25}],""dropDelay"":2.5,""value"":0.5,""scale"":1,""modelSize"":[6.39,2.61,1.89],""class"":""Tank"",""armour"":2,""hp"":460,""speed"":9,""turnRate"":90,""turretTurnRate"":120,""radius"":1.7,""length"":5.72,""width"":2.61,""cp"":3,""vision"":40,""firesWhileMoving"":true,""weapon"":""gun_57mm"",""secondary"":[{""weapon"":""mg_coax"",""slot"":""coax"",""aim"":""Turret""},{""weapon"":""gun_launched_atgm"",""slot"":""main"",""aim"":""Turret""}],""deathExplosion"":{""damage"":60,""radius"":5,""delay"":0.25,""tier"":""Large""}}"
long_sam,xe,Long-range SAM,Xe tên lửa phòng không tầm xa,PK tầm xa,AntiAir,Light,,18,586,1289.2,1,0,0,0,FALSE,6,60,60,80,2.8,11.02,2.44,FALSE,0,FALSE,FALSE,0,5,1.4464,sam_48n6,,,none,,,long_sam,doi,14,18,440,586,,,,,,,,,,,,,,,,,1,1.4464,18,NEED_CODE_CHECK,,elite_long_sam,,NEED_CODE_CHECK,,,,,,1,,,,,,,0,,,AntiAir,,,,,,18,,160,0.4,10,Huge,,,,,,,,,,,,,5,,,FALSE,,,,,,586,,,,,11.02,,,,,missile,,,,,,,,,,,,,,,,,2.59,11.02,2.46,,,,,,,,1.4464,,,,,2.8,,,,,,,,1,,,,,,,,6,,,,,,,,,60,60,1.5,80,,sam_48n6,2.44,,,,Assets/MachineBrigade/Resources/Data/balance.json: vehicles[49],"{""id"":""long_sam"",""dropDelay"":5,""outgoingDamageMult"":1.4464,""value"":1.5,""scale"":1,""modelSize"":[11.02,2.46,2.59],""class"":""AntiAir"",""armour"":1,""hp"":586,""speed"":6,""turnRate"":60,""turretTurnRate"":60,""radius"":2.8,""length"":11.02,""width"":2.44,""cp"":18,""vision"":80,""firesWhileMoving"":false,""weapon"":""sam_48n6"",""mainSlot"":""missile"",""captureRate"":0,""deathExplosion"":{""damage"":160,""radius"":10,""delay"":0.4,""tier"":""Huge""}}"
main_battle_tank,xe,Main battle tank,Tăng chủ lực,Tăng chủ lực,,,,8,1050,2310.0,4,2,1,1,FALSE,6.5,60,115,30,2.2,6.1,3.07,FALSE,0,FALSE,TRUE,1,3.5,1.1429,gun_120mm,mg_coax;hmg_roof,,none,,,main_battle_tank,doi,7,8,900,1050,,,,,,,,,,,,,,,,,1,1.1429,8,NEED_CODE_CHECK,,elite_mbt,mbt;tank,NEED_CODE_CHECK,,,,,,,4,1,2,1,,,,,,,,,,,,8,,150,0.45,7,Huge,,,,,,,,,,,,,,,,TRUE,,,,,,1050,,,,,6.1,,,,,,,,,,,,,,,,,,,,,,2.3,7.79,3.07,,,,,,,,1.1429,,,,,2.2,,,,,,,,1,,,,,,,,6.5,,,,,,,,,60,115,0.92,30,,gun_120mm,3.07,,,,Assets/MachineBrigade/Resources/Data/balance.json: vehicles[2],"{""id"":""main_battle_tank"",""apsCapability"":""RetrofitEligible"",""outgoingDamageMult"":1.1429,""value"":0.92,""scale"":1,""modelSize"":[7.79,3.07,2.3],""armour"":[4,2,1,1],""hp"":1050,""speed"":6.5,""turnRate"":60,""turretTurnRate"":115,""radius"":2.2,""length"":6.1,""width"":3.07,""cp"":8,""vision"":30,""firesWhileMoving"":true,""weapon"":""gun_120mm"",""secondary"":[{""weapon"":""mg_coax"",""slot"":""coax"",""aim"":""Turret""},{""weapon"":""hmg_roof"",""slot"":""mg"",""aim"":""Free""}],""deathExplosion"":{""damage"":150,""radius"":7,""delay"":0.45,""tier"":""Huge""}}"
mara_behemoth,vat_pham,{@mai}'s Behemoth · Allied Behemoth,{@mai}'s Behemoth · Behemoth đồng minh,Behemoth của {@mai},Heavy,Armor,,0,6000,13200.0,4,3,3,2,FALSE,2.6,25,30,55,6.9,16.367,8.45,FALSE,0,FALSE,TRUE,1,3.5,1,gun_behemoth,gun_120mm;boss_flak;boss_flak;boss_missiles;boss_missiles,,aps,2,4,behemoth,giong,,,,,,,,,,,,,,,,,,,,,,,0,NEED_CODE_CHECK,,,,NEED_CODE_CHECK,,,,,,,4,3,3,2,,,1,FALSE,,Heavy,,,,,,0,,300,2.6,16,Ultimate,,,,,,,,,,,,,,,,TRUE,,,,,,6000,,,,,12.59,,,,,,accord,,,,,,,,,,,,,,,behemoth,,,,,,,,,,,,,,,,6.9,,,,,,,,1.3,,,,,,,,2.6,,,,,,TRUE,,0.74;0.86;1.0,25,30,,55,,gun_behemoth,6.5,,,,Assets/MachineBrigade/Resources/Data/balance.json: vehicles[252],"{""id"":""mara_behemoth"",""storyOnly"":true,""card"":false,""class"":""Heavy"",""model"":""behemoth"",""tint"":[0.74,0.86,1.0],""mark"":""accord"",""scale"":1.3,""armour"":[4,3,3,2],""hp"":6000,""speed"":2.6,""turnRate"":25,""turretTurnRate"":30,""radius"":6.9,""length"":12.59,""width"":6.5,""cp"":0,""vision"":55,""firesWhileMoving"":true,""weapon"":""gun_behemoth"",""captureRate"":1,""secondary"":[{""weapon"":""gun_120mm"",""slot"":""gun"",""aim"":""Free""},{""weapon"":""boss_flak"",""slot"":""mg"",""aim"":""Free""},{""weapon"":""boss_flak"",""slot"":""mg"",""aim"":""Free""},{""weapon"":""boss_missiles"",""slot"":""missile"",""aim"":""Hull""},{""weapon"":""boss_missiles"",""slot"":""missile"",""aim"":""Hull""}],""aps"":{""radius"":11,""charges"":2,""recharge"":4},""deathExplosion"":{""damage"":300,""radius"":16,""delay"":2.6,""tier"":""Ultimate""}}"
microwave_vehicle,xe,Anti-drone microwave vehicle,Xe vi sóng chống drone,Vi sóng,AntiAir,Light,,7,486,1069.2,1,0,0,0,FALSE,9,80,120,40,2.0,5.8,2.1,FALSE,0,FALSE,TRUE,1,3.5,1.1667,none,,,none,,,microwave_vehicle,doi,6,7,409,486,,,,,,,,,,,,,,,,,1,1.1667,7,NEED_CODE_CHECK,,,,NEED_CODE_CHECK,,,,,,1,,,,,,,,,,AntiAir,,,,,,7,,60,0.3,5,Large,,,,,,,,,,,,,,,,TRUE,,,,,,486,,,,,5.8,,,,,,,,,60,8,30,,,,,,,,,,,2.9,5.8,2.1,,,,,,,,1.1667,,,,,2.0,,,,,,,,,,,,,,,,9,,,,,,,,,80,120,,40,,none,2.1,,,,Assets/MachineBrigade/Resources/Data/balance.json: vehicles[134],"{""id"":""microwave_vehicle"",""outgoingDamageMult"":1.1667,""modelSize"":[5.8,2.1,2.9],""class"":""AntiAir"",""armour"":1,""hp"":486,""speed"":9,""turnRate"":80,""turretTurnRate"":120,""radius"":2.0,""length"":5.8,""width"":2.1,""cp"":7,""vision"":40,""firesWhileMoving"":true,""weapon"":""none"",""microwave"":{""range"":30,""arc"":60,""cooldown"":8},""deathExplosion"":{""damage"":60,""radius"":5,""delay"":0.3,""tier"":""Large""}}"
mine_layer,xe,Minelayer,Xe rải mìn,Rải mìn,Support,Light,,6,518,1139.6,1,1,0,0,FALSE,5.5,90,200,30,2.2,7.62,2.7,FALSE,0,FALSE,TRUE,1,3.5,1.2,hmg_selfdef_15,,,none,,,mine_layer,doi,5,6,420,518,,,,,,,,,,,,,,,,,1,1.2,6,NEED_CODE_CHECK,,,mine_layer,NEED_CODE_CHECK,,,,,,,1,0,1,0,,,,,,Support,,,,,,6,,140,0.35,8,Huge,,,,,,,,,,,,,,,,TRUE,,,,,,518,,,,,7.62,,,,,,,,,,,,,,484,6,8,5,,Large,2.2,,1.97,7.62,2.7,,,,,,,,1.2,,,,,2.2,,,,,,,,1,,,,,,,,5.5,,,,,,,,,90,200,1,30,,hmg_selfdef_15,2.7,,,,Assets/MachineBrigade/Resources/Data/balance.json: vehicles[33],"{""id"":""mine_layer"",""outgoingDamageMult"":1.2,""value"":1,""scale"":1,""modelSize"":[7.62,2.7,1.97],""class"":""Support"",""armour"":[1,1,0,0],""hp"":518,""speed"":5.5,""turnRate"":90,""turretTurnRate"":200,""radius"":2.2,""length"":7.62,""width"":2.7,""cp"":6,""vision"":30,""firesWhileMoving"":true,""weapon"":""hmg_selfdef_15"",""mines"":{""interval"":6,""max"":8,""damage"":484,""radius"":5,""tier"":""Large"",""trigger"":2.2},""deathExplosion"":{""damage"":140,""radius"":8,""delay"":0.35,""tier"":""Huge""}}"
mine_rocket_truck,xe,Mine-laying rocket truck,Xe pháo phản lực rải mìn,PL rải mìn,Artillery,Artillery,,8,423,930.6,1,0,0,0,FALSE,9.4,70,60,30,2.4,5.8,2,FALSE,0,FALSE,TRUE,1,3.5,1.1429,none,,,none,,,mine_rocket_truck,doi,7,8,364,423,,,,,,,,,,,,,,,,,1,1.1429,8,NEED_CODE_CHECK,,,mine_layer,NEED_CODE_CHECK,,,,,,1,,,,,,,,,,Artillery,,,,,,8,,70,0.3,6,Large,,,,,,,,,,,,,,,,,,,,,,423,,,,,5.8,,,,,,,,,,,,,,380,5,12,5,18,Large,2.2,mine_rocket_truck,2.6,6.09,2,,,,,,,,1.1429,,,,,2.4,,,,,,,,,,,,,,,,9.4,,,,,,,,,70,60,,30,,none,2,,,,Assets/MachineBrigade/Resources/Data/balance.json: vehicles[170],"{""id"":""mine_rocket_truck"",""outgoingDamageMult"":1.1429,""model"":""mine_rocket_truck"",""modelSize"":[6.09,2,2.6],""class"":""Artillery"",""armour"":1,""hp"":423,""speed"":9.4,""turnRate"":70,""turretTurnRate"":60,""radius"":2.4,""length"":5.8,""width"":2,""cp"":8,""vision"":30,""weapon"":""none"",""mines"":{""interval"":5,""max"":12,""damage"":380,""radius"":5,""tier"":""Large"",""trigger"":2.2,""spread"":18},""deathExplosion"":{""damage"":70,""radius"":6,""delay"":0.3,""tier"":""Large""}}"
missile_boat,vat_pham,Missile Boat,Xuồng tên lửa cao tốc,Xuồng tên lửa,Light,Light,,0,420,924.0,1,1,1,0,FALSE,12,70,120,70,3.2,14,3.8,FALSE,0,FALSE,TRUE,0,3.5,1,boat_rockets,hmg_roof,,none,,,missile_boat,giong,,,,,,,,,,,,,,,,,,,,,,,0,NEED_CODE_CHECK,,,,NEED_CODE_CHECK,,,,,,,1,1,1,0,,,0,FALSE,,Light,,,,,,0,,90,0.4,7,Huge,,,,,,,,,,,,,,,,TRUE,,,,,,420,,,,,14,,,,Free,rocket,,,,,,,,,,,,,,,,,,,,26,8,20,Raider,,,,,,,,,3.2,,,,,,,,,,,,,,,,12,,,,,,,,,70,120,,70,,boat_rockets,3.8,,,,Assets/MachineBrigade/Resources/Data/balance.json: vehicles[226],"{""id"":""missile_boat"",""class"":""Light"",""card"":false,""armour"":[1,1,1,0],""hp"":420,""speed"":12,""turnRate"":70,""turretTurnRate"":120,""radius"":3.2,""length"":14,""width"":3.8,""cp"":0,""vision"":70,""captureRate"":0,""firesWhileMoving"":true,""weapon"":""boat_rockets"",""mainSlot"":""rocket"",""mainAim"":""Free"",""secondary"":[{""weapon"":""hmg_roof"",""slot"":""mg"",""aim"":""Free""}],""naval"":{""role"":""Raider"",""dashW"":20,""dashEvery"":26,""dashHold"":8},""deathExplosion"":{""damage"":90,""radius"":7,""delay"":0.4,""tier"":""Huge""}}"
mlrs,xe,Guided MLRS,Pháo phản lực dẫn đường,Phản lực,,,,8,373,820.6,1,0,0,0,FALSE,9.4,70,60,30,2.4,5.8,2,FALSE,0,FALSE,FALSE,1,3.5,1.1429,mlrs_rockets,,,none,,,mlrs,doi,7,8,320,373,,,,,,,,,,,,,,,,,1,1.1429,8,NEED_CODE_CHECK,,elite_grad,,NEED_CODE_CHECK,,,,,,1,,,,,,,,,,,,,,,,8,,110,0.3,8,Huge,,,,,,,,,,,,,,,,FALSE,,,,,,373,,,,,5.8,,,,,,,,,,,,,,,,,,,,,,2.6,6.09,2,,,,,,,,1.1429,,,,,2.4,,,,,,,,1,20,15,1,,,,,9.4,,,,,,,,,70,60,1.31,30,,mlrs_rockets,2,,,,Assets/MachineBrigade/Resources/Data/balance.json: vehicles[5],"{""id"":""mlrs"",""outgoingDamageMult"":1.1429,""scoot"":{""shots"":1,""min"":15,""max"":20},""value"":1.31,""scale"":1,""modelSize"":[6.09,2,2.6],""armour"":1,""hp"":373,""speed"":9.4,""turnRate"":70,""turretTurnRate"":60,""radius"":2.4,""length"":5.8,""width"":2,""cp"":8,""vision"":30,""firesWhileMoving"":false,""weapon"":""mlrs_rockets"",""secondary"":[],""deathExplosion"":{""damage"":110,""radius"":8,""delay"":0.3,""tier"":""Huge""}}"
mobile_repair_vehicle,xe,Mobile repair vehicle,Xe sửa chữa lưu động,Xe sửa chữa,Support,Light,,4,591,1300.2,1,0,0,0,FALSE,4.4,80,200,30,2.2,6.45,3.02,FALSE,0,FALSE,TRUE,1,2.5,1,hmg_selfdef_15,,,none,,,mobile_repair_vehicle,giong,,,,,,,,,,,,,,,,,,,,,,,4,NEED_CODE_CHECK,,,repair,NEED_CODE_CHECK,,,,,,1,,,,,,,,,,Support,,,,,,4,,70,0.35,6,Large,,,,,,,,,,,,,2.5,,,TRUE,,,,,,591,,,,,6.45,,,,,,,,,,,,,,,,,,,,,mobile_repair_vehicle,2.02,6.45,3.02,,,,,,,,,,,,,2.2,,,,,,20,0.015,,,,,,,,,4.4,,,,,,,,,80,200,,30,,hmg_selfdef_15,3.02,,,,Assets/MachineBrigade/Resources/Data/balance.json: vehicles[187],"{""id"":""mobile_repair_vehicle"",""dropDelay"":2.5,""model"":""mobile_repair_vehicle"",""modelSize"":[6.45,3.02,2.02],""class"":""Support"",""armour"":1,""hp"":591,""speed"":4.4,""turnRate"":80,""turretTurnRate"":200,""radius"":2.2,""length"":6.45,""width"":3.02,""cp"":4,""vision"":30,""firesWhileMoving"":true,""weapon"":""hmg_selfdef_15"",""repair"":{""radius"":20,""rate"":0.015},""deathExplosion"":{""damage"":70,""radius"":6,""delay"":0.35,""tier"":""Large""}}"
mortar_carrier,xe,Mortar carrier,Xe cối tự hành,Xe cối,,,,4,320,704.0,1,1,0,0,FALSE,5.9,100,90,26,1.7,4.21,2.3,FALSE,0,FALSE,FALSE,1,2.5,1,mortar_120,hmg_selfdef_18,,none,,,mortar_carrier,giong,,,,,,,,,,,,,,,,,,,,,,,4,NEED_CODE_CHECK,,,artillery,NEED_CODE_CHECK,,,,,,,1,0,1,0,,,,,,,,,,,,4,,60,0.25,8,Large,,,,,,,,,,,,,2.5,,,FALSE,,,,,,320,,,,,4.21,,,,,,,,,,,,,,,,,,,,,,3.2,4.21,2.3,,,,,,,,,,,,,1.7,,,,,,,,1,,,,,,,,5.9,,,,,,,,,100,90,0.88,26,,mortar_120,2.3,,,,Assets/MachineBrigade/Resources/Data/balance.json: vehicles[12],"{""id"":""mortar_carrier"",""dropDelay"":2.5,""value"":0.88,""scale"":1,""modelSize"":[4.21,2.3,3.2],""armour"":[1,1,0,0],""hp"":320,""speed"":5.9,""turnRate"":100,""turretTurnRate"":90,""radius"":1.7,""length"":4.21,""width"":2.3,""cp"":4,""vision"":26,""firesWhileMoving"":false,""weapon"":""mortar_120"",""secondary"":[{""weapon"":""hmg_selfdef_18"",""slot"":""mg"",""aim"":""Free""}],""deathExplosion"":{""damage"":60,""radius"":8,""delay"":0.25,""tier"":""Large""}}"
next_gen_tank,xe,Next-generation tank,Tăng thế hệ mới,Tăng thế hệ mới,,,,11,1318,2899.6,4,2,1,1,FALSE,6.5,60,115,34,2.2,7.79,3.07,FALSE,0,FALSE,TRUE,1,3.5,1.2681,gun_125_armata_ke,,,aps,2,10,next_gen_tank,doi,9,11,1045,1318,,,,,,,,,,,,,,,,,1,1.2681,11,NEED_CODE_CHECK,,,mbt;tank,NEED_CODE_CHECK,,,,,,,4,1,2,1,,,,,,,,,,,,11,,110,0.4,7,Huge,,,,,,,,,,,,,,,,,,,,,,1318,,,,,7.79,,,,,,,,,,,,,,,,,,,,,next_gen_tank,2.3,7.79,3.07,,,,,,,,1.2681,,,,,2.2,,,,,,,,,,,,,,,,6.5,,,,,,,,,60,115,,34,,gun_125_armata_ke,3.07,,,,Assets/MachineBrigade/Resources/Data/balance.json: vehicles[173],"{""id"":""next_gen_tank"",""apsCapability"":""BuiltIn"",""interceptionMode"":""SelfAps"",""outgoingDamageMult"":1.2681,""model"":""next_gen_tank"",""modelSize"":[7.79,3.07,2.3],""armour"":[4,2,1,1],""hp"":1318,""speed"":6.5,""turnRate"":60,""turretTurnRate"":115,""radius"":2.2,""length"":7.79,""width"":3.07,""cp"":11,""vision"":34,""weapon"":""gun_125_armata_ke"",""aps"":{""radius"":20,""shells"":0,""charges"":2,""recharge"":10,""rockets"":false,""laser"":true},""deathExplosion"":{""damage"":110,""radius"":7,""delay"":0.4,""tier"":""Huge""}}"
nlos_atgm_vehicle,xe,Beyond-sight ATGM vehicle,Xe tên lửa chống tăng ngoài tầm nhìn,TL ngoài tầm,TankHunter,Armor,,9,468,1029.6,1,0,0,0,FALSE,9,80,60,30,2.1,6.0,2.1,FALSE,0,FALSE,FALSE,1,3.5,1.1391,spike_nlos,hmg_selfdef_15,,none,,,nlos_atgm_vehicle,doi,8,9,409,468,,,,,,,,,,,,,,,,,1,1.1391,9,NEED_CODE_CHECK,,,,NEED_CODE_CHECK,,,,,,1,,,,,,,,,,TankHunter,,,,,,9,,90,0.3,7,Huge,,,,,,,,,,,,,,,,FALSE,,,,,,468,,,,,6.0,,,,,missile,,,,,,,,,,,,,,,,,2.6,6.0,2.1,,,,,,,,1.1391,,,,,2.1,,,,,,,,,,,,,,,,9,,,,,,,,,80,60,,30,,spike_nlos,2.1,,,,Assets/MachineBrigade/Resources/Data/balance.json: vehicles[138],"{""id"":""nlos_atgm_vehicle"",""missiles"":[{""weapon"":""spike_nlos"",""ammo"":2,""reload"":25}],""outgoingDamageMult"":1.1391,""modelSize"":[6.0,2.1,2.6],""class"":""TankHunter"",""armour"":1,""hp"":468,""speed"":9,""turnRate"":80,""turretTurnRate"":60,""radius"":2.1,""length"":6.0,""width"":2.1,""cp"":9,""vision"":30,""firesWhileMoving"":false,""weapon"":""spike_nlos"",""mainSlot"":""missile"",""secondary"":[{""weapon"":""hmg_selfdef_15"",""slot"":""mg"",""aim"":""Free""}],""deathExplosion"":{""damage"":90,""radius"":7,""delay"":0.3,""tier"":""Huge""}}"
prop_attack_plane,xe,Light prop attack plane,Máy bay cường kích cánh quạt,Cường kích CQ,,,,8,477,1049.4,1,1,1,1,FALSE,18,100,360,50,3.2,,,TRUE,20,FALSE,TRUE,0,3.5,1.1429,hmg_roof,scout_rockets,,flare,2,20,prop_attack_plane,doi,7,8,409,477,,,,,,,,,,,,,,,,,1,1.1429,8,NEED_CODE_CHECK,,,,NEED_CODE_CHECK,,,,,20,1,,,,,3.2,,0,,,,,,,,,8,,55,0.4,6,Large,,,,,,,,,,,,,,,,TRUE,TRUE,,TRUE,,,477,,,,,,,,,,gun,,,,,,,,,,,,,,,,prop_attack_plane,1.84,6.15,6.04,,,,,,,,1.1429,,,,,3.2,,,9,,,,,,,,,,,,,18,,,,,,,Light;Scout,,100,360,0.6,50,,hmg_roof,,,,,Assets/MachineBrigade/Resources/Data/balance.json: vehicles[171],"{""id"":""prop_attack_plane"",""flareRecharge"":20,""flareCharges"":2,""outgoingDamageMult"":1.1429,""model"":""prop_attack_plane"",""value"":0.6,""rearmTime"":9,""strongVs"":[""Light"",""Scout""],""modelSize"":[6.15,6.04,1.84],""armour"":1,""hp"":477,""speed"":18,""turnRate"":100,""turretTurnRate"":360,""radius"":3.2,""cp"":8,""vision"":50,""firesWhileMoving"":true,""weapon"":""hmg_roof"",""mainSlot"":""gun"",""flying"":true,""fixedWing"":true,""altitude"":20,""captureRate"":0,""attackHold"":3.2,""secondary"":[{""weapon"":""scout_rockets"",""slot"":""rocket"",""model"":""hydra"",""aim"":""Hull""}],""deathExplosion"":{""damage"":55,""radius"":6,""delay"":0.4,""tier"":""Large""}}"
radar_atgm_vehicle,xe,Radar-guided ATGM vehicle,Xe tên lửa chống tăng dẫn radar,TL dẫn radar,TankHunter,Armor,,8,691,1520.2,2,1,0,0,FALSE,7,70,60,44,2.1,5.8,2.5,FALSE,0,FALSE,FALSE,1,3.5,1.1429,khrizantema,,,none,,,radar_atgm_vehicle,doi,7,8,591,691,,,,,,,,,,,,,,,,,1,1.1429,8,NEED_CODE_CHECK,,,,NEED_CODE_CHECK,,,,,,2,,,,,,,,,,TankHunter,,,,,,8,,90,0.3,7,Huge,,,,,,,,,,,,,,,,FALSE,,,,,,691,,,,,5.8,,,,,missile,,,,,,,,,,,,,,,,,2.3,5.8,2.5,,,,,,,,1.1429,,,,,2.1,,,,,,,,,,,,,,,TRUE,7,,,,,,,,,70,60,,44,,khrizantema,2.5,,,,Assets/MachineBrigade/Resources/Data/balance.json: vehicles[139],"{""id"":""radar_atgm_vehicle"",""outgoingDamageMult"":1.1429,""modelSize"":[5.8,2.5,2.3],""class"":""TankHunter"",""armour"":2,""hp"":691,""speed"":7,""turnRate"":70,""turretTurnRate"":60,""radius"":2.1,""length"":5.8,""width"":2.5,""cp"":8,""vision"":44,""firesWhileMoving"":false,""weapon"":""khrizantema"",""mainSlot"":""missile"",""smokeSight"":true,""deathExplosion"":{""damage"":90,""radius"":7,""delay"":0.3,""tier"":""Huge""}}"
radar_scout,xe,Radar scout car,Xe trinh sát bọc thép radar mặt đất,TS radar,Scout,Light,,4,318,699.6,1,0,0,0,FALSE,11,150,220,50,1.7,4.4,2.0,FALSE,0,FALSE,TRUE,2,2.5,1,hmg_selfdef_21,,,none,,,radar_scout,giong,,,,,,,,,,,,,,,,,,,,,,,4,NEED_CODE_CHECK,,,radar_scout;scout,NEED_CODE_CHECK,,,,,,1,,,,,,,2,,,Scout,,,,,,4,,40,0.2,4,Large,,,,,,,,,,,,,2.5,,,TRUE,,,,,,318,,,,,4.4,,,,,mg,,,,,,,,,,,,,,,,,4.0,4.6,2.0,,,,,,,,,,,,,1.7,,,,,,,,,,,,,,,,11,,,2,0.6,80,,,,150,220,,50,,hmg_selfdef_21,2.0,,,,Assets/MachineBrigade/Resources/Data/balance.json: vehicles[148],"{""id"":""radar_scout"",""dropDelay"":2.5,""modelSize"":[4.6,2.0,4.0],""class"":""Scout"",""armour"":1,""hp"":318,""speed"":11,""turnRate"":150,""turretTurnRate"":220,""radius"":1.7,""length"":4.4,""width"":2.0,""cp"":4,""vision"":50,""stillVision"":80,""stillAfter"":2,""stillCamo"":0.6,""firesWhileMoving"":true,""weapon"":""hmg_selfdef_21"",""mainSlot"":""mg"",""captureRate"":2,""deathExplosion"":{""damage"":40,""radius"":4,""delay"":0.2,""tier"":""Large""}}"
radar_support_vehicle,xe,Mobile AA radar,Xe radar phòng không di động,Radar PK,Scout,Light,,6,505,1111.0,1,0,0,0,FALSE,11,150,220,65,1.7,4.4,2.0,FALSE,0,FALSE,TRUE,1,3.5,1.2,hmg_selfdef_15,,,none,,,radar_support_vehicle,doi,5,6,409,505,,,,,,,,,,,,,,,,,1,1.2,6,NEED_CODE_CHECK,,,radar_scout,NEED_CODE_CHECK,,,,,,1,,,,,,,,,,Scout,,,,,,6,,40,0.2,4,Large,,,,,,,,,,,,,,,,TRUE,,,,,,505,,,,,4.4,,,,,,,,,,,,,,,,,,,,,radar_support_vehicle,4.0,4.6,2.0,,,,,,,,1.2,,,,,1.7,,,,,,,,,,,,,,,,11,,,,,,,,,150,220,,65,,hmg_selfdef_15,2.0,,,,Assets/MachineBrigade/Resources/Data/balance.json: vehicles[188],"{""id"":""radar_support_vehicle"",""outgoingDamageMult"":1.2,""model"":""radar_support_vehicle"",""class"":""Scout"",""modelSize"":[4.6,2.0,4.0],""armour"":1,""hp"":505,""speed"":11,""turnRate"":150,""turretTurnRate"":220,""radius"":1.7,""length"":4.4,""width"":2.0,""cp"":6,""vision"":65,""firesWhileMoving"":true,""weapon"":""hmg_selfdef_15"",""deathExplosion"":{""damage"":40,""radius"":4,""delay"":0.2,""tier"":""Large""}}"
railgun_truck,xe,Railgun truck,Xe pháo điện từ,Pháo điện từ,TankHunter,Armor,,13,568,1249.6,1,0,0,0,FALSE,6.5,60,45,40,2.7,9.9,2.48,FALSE,0,FALSE,FALSE,1,3.5,1.3813,railgun,,,none,,,railgun_truck,doi,10,13,420,568,,,,,,,,,,,,,,,,,1,1.3813,13,NEED_CODE_CHECK,,,,NEED_CODE_CHECK,,,,,,1,,,,,,,1,,,TankHunter,,,,,,13,,120,0.3,7,Huge,,,,,,,,,,,,,,,,FALSE,,,,,,568,,,,,9.9,,,,,,,,,,,,,,,,,,,,,,2.89,9.9,2.48,,,,,,,,1.3813,,,,,2.7,,,,,,,,1,,,,,,,,6.5,,,,,,,,,60,45,1.26,40,,railgun,2.48,,,,Assets/MachineBrigade/Resources/Data/balance.json: vehicles[42],"{""id"":""railgun_truck"",""outgoingDamageMult"":1.3813,""value"":1.26,""scale"":1,""modelSize"":[9.9,2.48,2.89],""class"":""TankHunter"",""armour"":1,""hp"":568,""speed"":6.5,""turnRate"":60,""turretTurnRate"":45,""radius"":2.7,""length"":9.9,""width"":2.48,""cp"":13,""vision"":40,""firesWhileMoving"":false,""weapon"":""railgun"",""captureRate"":1,""deathExplosion"":{""damage"":120,""radius"":7,""delay"":0.3,""tier"":""Huge""}}"
recoilless_jeep,xe,Recoilless rifle jeep,Xe jeep súng không giật,Súng không giật,TankHunter,Armor,,3,159,349.8,0,0,0,0,FALSE,12,200,120,36,1.3,3.3,1.4,FALSE,0,FALSE,FALSE,2,2.5,1,recoilless_106,,,none,,,recoilless_jeep,giong,,,,,,,,,,,,,,,,,,,,,,,3,NEED_CODE_CHECK,,,light,NEED_CODE_CHECK,,,,,,0,,,,,,,2,,,TankHunter,,,,,,3,,40,0.1,4,Large,,,,,,,,,,,,,2.5,,,FALSE,,,,,,159,,,,,3.3,,,,,,,,,,,,,,,,,,,,,,1.6,3.5,1.4,,,,,,,,,,,,,1.3,,,,,,,,,,,,,,,,12,,,,0.3,,,,,200,120,,36,,recoilless_106,1.4,,,,Assets/MachineBrigade/Resources/Data/balance.json: vehicles[140],"{""id"":""recoilless_jeep"",""dropDelay"":2.5,""modelSize"":[3.5,1.4,1.6],""class"":""TankHunter"",""stillCamo"":0.3,""armour"":0,""hp"":159,""speed"":12,""turnRate"":200,""turretTurnRate"":120,""radius"":1.3,""length"":3.3,""width"":1.4,""cp"":3,""vision"":36,""firesWhileMoving"":false,""weapon"":""recoilless_106"",""captureRate"":2,""deathExplosion"":{""damage"":40,""radius"":4,""delay"":0.1,""tier"":""Large""}}"
recon_drone,xe,Recon UAV,UAV trinh sát,UAV trinh sát,,,,7,382,840.4,0,0,0,0,FALSE,13,83,360,90,2.8,,,TRUE,34,FALSE,TRUE,0,3.5,1.1667,recon_missile,,,none,,,recon_drone,doi,6,7,320,382,,,,,,,,,,,,,,,,,1,1.1667,7,NEED_CODE_CHECK,,,,NEED_CODE_CHECK,,,,,34,0,,,,,,,0,,,,,,,,,7,,40,0.5,5,Large,,,,,,,,,,TRUE,,,,,,TRUE,TRUE,,TRUE,,,382,,,,,,,,,,missile,,,,,,,,,,,,,,,,,0.48,2.67,4.83,,,,,,,,1.1667,,,,,2.8,,,8.5,,,,,1,,,,,,,,13,,,,,,,Scout;Artillery,,83,360,0.5,90,,recon_missile,,,,,Assets/MachineBrigade/Resources/Data/balance.json: vehicles[35],"{""id"":""recon_drone"",""outgoingDamageMult"":1.1667,""value"":0.5,""rearmTime"":8.5,""strongVs"":[""Scout"",""Artillery""],""scale"":1,""modelSize"":[2.67,4.83,0.48],""drone"":true,""armour"":0,""hp"":382,""speed"":13,""turnRate"":83,""turretTurnRate"":360,""radius"":2.8,""cp"":7,""vision"":90,""firesWhileMoving"":true,""weapon"":""recon_missile"",""mainSlot"":""missile"",""flying"":true,""fixedWing"":true,""altitude"":34,""captureRate"":0,""deathExplosion"":{""damage"":40,""radius"":5,""delay"":0.5,""tier"":""Large""}}"
recon_jet,xe,High-speed recon jet,Máy bay trinh sát tốc độ cao,Trinh sát nhanh,Plane,Air,,9,418,919.6,0,0,0,0,FALSE,60,45,360,60,4.5,,,TRUE,50,FALSE,TRUE,0,3.5,1.1391,none,,,none,,,recon_jet,doi,8,9,364,418,,,,,,,,,,,,,,,,,1,1.1391,9,NEED_CODE_CHECK,,,,NEED_CODE_CHECK,,,,,50,0,,,,,,,0,,,Plane,,,,,,9,,60,0.6,6,Large,,,,,,,,,,,,,,,,TRUE,TRUE,High,TRUE,,,418,,,,,,,,,,,,,,,,,,,,,,,,,,,2.2,13.1,6.8,,,,,,,,1.1391,,,,,4.5,,,,20,60,,,,,,,,,,,60,,,,,,,,,45,360,,60,,none,,,,,Assets/MachineBrigade/Resources/Data/balance.json: vehicles[146],"{""id"":""recon_jet"",""outgoingDamageMult"":1.1391,""modelSize"":[13.1,6.8,2.2],""class"":""Plane"",""armour"":0,""hp"":418,""speed"":60,""turnRate"":45,""turretTurnRate"":360,""radius"":4.5,""cp"":9,""vision"":60,""firesWhileMoving"":true,""weapon"":""none"",""flying"":true,""fixedWing"":true,""altitude"":50,""captureRate"":0,""flightTier"":""High"",""reconPass"":{""width"":60,""seconds"":20},""deathExplosion"":{""damage"":60,""radius"":6,""delay"":0.6,""tier"":""Large""}}"
river_gunboat,xe,River gunboat,Pháo hạm sông,Pháo hạm sông,,,,11,1432,3150.4,2,1,1,0,FALSE,6,50,45,34,2.7,7.86,3.14,FALSE,0,FALSE,TRUE,1,3.5,1.2681,gun_100_river,,,none,,,river_gunboat,doi,9,11,1136,1432,,,,,,,,,,,,,,,,,1,1.2681,11,NEED_CODE_CHECK,,,,NEED_CODE_CHECK,,,,,,,2,1,1,0,,,,,,,,,,,,11,,130,0.4,8,Huge,,,,,,,,,,,,,,,,,,,,,,1432,,,,,7.86,,,,,,,,,,,,,,,,,,,,,river_gunboat,2.88,7.86,3.14,,,,,,,,1.2681,,,,,2.7,,,,,,,,,,,,,,,,6,,,,,,,,,50,45,,34,,gun_100_river,3.14,,,,Assets/MachineBrigade/Resources/Data/balance.json: vehicles[178],"{""id"":""river_gunboat"",""outgoingDamageMult"":1.2681,""model"":""river_gunboat"",""modelSize"":[7.86,3.14,2.88],""armour"":[2,1,1,0],""hp"":1432,""speed"":6,""turnRate"":50,""turretTurnRate"":45,""radius"":2.7,""length"":7.86,""width"":3.14,""cp"":11,""vision"":34,""weapon"":""gun_100_river"",""deathExplosion"":{""damage"":130,""radius"":8,""delay"":0.4,""tier"":""Huge""}}"
river_patrol_boat,xe,River patrol boat,Tàu tuần tra sông,Tàu tuần tra,Light,Light,,6,450,990.0,0,0,0,0,FALSE,14,160,220,40,2.0,4.44,2.08,FALSE,0,FALSE,TRUE,1,3.5,1.2,mg_jeep,agl_40,,none,,,river_patrol_boat,doi,5,6,364,450,,,,,,,,,,,,,,,,,1,1.2,6,NEED_CODE_CHECK,,,,NEED_CODE_CHECK,,,,,,0,,,,,,,,,,Light,,,,,,6,,60,0.3,5,Large,,,,,,,,,,,,,,,,TRUE,,,,,,450,,,,,4.44,,,,,,,,,,,,,,,,,,,,,river_patrol_boat,1.49,4.78,2.08,,,,,,,,1.2,,,,,2.0,,,,,,,,,,,,,,,,14,,,,,,,,,160,220,,40,,mg_jeep,2.08,,,,Assets/MachineBrigade/Resources/Data/balance.json: vehicles[177],"{""id"":""river_patrol_boat"",""outgoingDamageMult"":1.2,""model"":""river_patrol_boat"",""modelSize"":[4.78,2.08,1.49],""class"":""Light"",""armour"":0,""hp"":450,""speed"":14,""turnRate"":160,""turretTurnRate"":220,""radius"":2.0,""length"":4.44,""width"":2.08,""cp"":6,""vision"":40,""firesWhileMoving"":true,""weapon"":""mg_jeep"",""secondary"":[{""weapon"":""agl_40"",""slot"":""mg"",""aim"":""Free""}],""deathExplosion"":{""damage"":60,""radius"":5,""delay"":0.3,""tier"":""Large""}}"
rocket_technical,xe,Rocket technical,Bán tải rốc-két,Bán tải rốc-két,,,,3,230,506.0,0,0,0,0,FALSE,13,180,200,30,1.7,4.39,1.5,FALSE,0,FALSE,FALSE,2,2.5,1,technical_rockets,mg_jeep_selfdef,,none,,,rocket_technical,giong,,,,,,,,,,,,,,,,,,,,,,,3,NEED_CODE_CHECK,,,light,NEED_CODE_CHECK,,,,,,0,,,,,,,2,,,,,,,,,3,,60,0.15,6,Large,,,,,,,,,,,,,2.5,,,FALSE,,,,,,230,,,,,4.39,,,,,,,,,,,,,,,,,,,,,,1.86,4.39,1.5,,,,,,,,,,,,,1.7,,,,,,,,1,,,,,,,,13,,,,,,,,,180,200,0.61,30,,technical_rockets,1.5,,,,Assets/MachineBrigade/Resources/Data/balance.json: vehicles[13],"{""id"":""rocket_technical"",""dropDelay"":2.5,""value"":0.61,""scale"":1,""modelSize"":[4.39,1.5,1.86],""armour"":0,""hp"":230,""speed"":13,""turnRate"":180,""turretTurnRate"":200,""radius"":1.7,""length"":4.39,""width"":1.5,""cp"":3,""vision"":30,""firesWhileMoving"":false,""weapon"":""technical_rockets"",""secondary"":[{""weapon"":""mg_jeep_selfdef"",""slot"":""mg"",""aim"":""Free""}],""captureRate"":2,""deathExplosion"":{""damage"":60,""radius"":6,""delay"":0.15,""tier"":""Large""}}"
sam_launcher,xe,Medium-range SAM,Xe tên lửa phòng không tầm trung,PK tầm trung,,,,8,691,1520.2,1,1,0,0,FALSE,6.5,80,100,60,2.0,7.18,2.7,FALSE,0,FALSE,FALSE,1,3.5,1.1429,buk_launcher,,,none,,,sam_launcher,doi,7,8,591,691,,,,,,,,,,,,,,,,,1,1.1429,8,NEED_CODE_CHECK,,,,NEED_CODE_CHECK,,,,,,,1,0,1,0,,,,,,,,,,,,8,,120,0.3,8,Huge,,,,,,,,,,,,,,,,FALSE,,,,,,691,,,,,7.18,,,,,,,,,,,,,,,,,,,,,,2.97,7.18,2.7,,,,,,,,1.1429,,,,,2.0,,,,,,,,1,,,,,,,,6.5,,,,,,,,,80,100,0.72,60,,buk_launcher,2.7,,,,Assets/MachineBrigade/Resources/Data/balance.json: vehicles[11],"{""id"":""sam_launcher"",""outgoingDamageMult"":1.1429,""value"":0.72,""scale"":1,""modelSize"":[7.18,2.7,2.97],""armour"":[1,1,0,0],""hp"":691,""speed"":6.5,""turnRate"":80,""turretTurnRate"":100,""radius"":2.0,""length"":7.18,""width"":2.7,""cp"":8,""vision"":60,""firesWhileMoving"":false,""weapon"":""buk_launcher"",""secondary"":[],""deathExplosion"":{""damage"":120,""radius"":8,""delay"":0.3,""tier"":""Huge""}}"
scout_heli,xe,Armed scout helicopter,Trực thăng trinh sát vũ trang,TT trinh sát,,,,6,518,1139.6,0,0,0,0,FALSE,17,170,360,46,2.8,,,TRUE,13,FALSE,TRUE,0,3.5,1.2,minigun,scout_rockets,,flare,2,20,scout_heli,doi,5,6,420,518,,,,,,,,,,,,,,,,,1,1.2,6,NEED_CODE_CHECK,,,heli;scout_heli,NEED_CODE_CHECK,,,,,13,0,,,,,,,0,,,,,,,,,6,,40,0.5,5,Large,,,,,,,,,,,,,,,,TRUE,,,TRUE,,,518,,,,,,,,,,gun,,,,,,,,,,,,,,,,,1.56,3.88,3.16,,,,,,,,1.2,,,,,2.8,,,8,,,,,1,,,,,,,,17,,,,,,,Scout;Light;Support,,170,360,0.85,46,,minigun,,,,,Assets/MachineBrigade/Resources/Data/balance.json: vehicles[15],"{""id"":""scout_heli"",""flareRecharge"":20,""flareCharges"":2,""outgoingDamageMult"":1.2,""value"":0.85,""rearmTime"":8,""strongVs"":[""Scout"",""Light"",""Support""],""scale"":1,""modelSize"":[3.88,3.16,1.56],""armour"":0,""hp"":518,""speed"":17,""turnRate"":170,""turretTurnRate"":360,""radius"":2.8,""cp"":6,""vision"":46,""firesWhileMoving"":true,""weapon"":""minigun"",""mainSlot"":""gun"",""flying"":true,""altitude"":13,""captureRate"":0,""secondary"":[{""weapon"":""scout_rockets"",""slot"":""rocket"",""aim"":""Hull""}],""deathExplosion"":{""damage"":40,""radius"":5,""delay"":0.5,""tier"":""Large""}}"
scout_jeep,xe,Scout jeep,Xe trinh sát hạng nhẹ,Trinh sát,,,,2,120,264.0,0,0,0,0,FALSE,12,200,360,60,1.3,2.64,1.4,FALSE,0,FALSE,TRUE,2,2.5,1,mg_jeep,,,none,,,scout_jeep,giong,,,,,,,,,,,,,,,,,,,,,,,2,NEED_CODE_CHECK,,,scout,NEED_CODE_CHECK,,,,,,0,,,,,,,2,,,,,,,,,2,,30,0.1,4,Large,,,,,,,,,,,,,2.5,,,TRUE,,,,,,120,,,,,2.64,,,,,,,,,,,,,,,,,,,,,,1.41,2.64,1.4,,,,,,,,,,,,,1.3,,,,,,,,1,,,,,,,,12,,,,0.4,,,,,200,360,0.5,60,,mg_jeep,1.4,,,,Assets/MachineBrigade/Resources/Data/balance.json: vehicles[0],"{""id"":""scout_jeep"",""dropDelay"":2.5,""stillCamo"":0.4,""value"":0.5,""scale"":1,""modelSize"":[2.64,1.4,1.41],""armour"":0,""hp"":120,""speed"":12,""turnRate"":200,""turretTurnRate"":360,""radius"":1.3,""length"":2.64,""width"":1.4,""cp"":2,""vision"":60,""firesWhileMoving"":true,""weapon"":""mg_jeep"",""captureRate"":2,""deathExplosion"":{""damage"":30,""radius"":4,""delay"":0.1,""tier"":""Large""}}"
sea_corvette,vat_pham,Escort Corvette,Tàu hộ vệ,Tàu hộ vệ,Heavy,Armor,,0,1600,3520.0,3,3,3,1,FALSE,3.4,14,60,90,5.5,30,5.6,FALSE,0,FALSE,TRUE,0,3.5,1,naval_76,hover_ciws,,aps,2,2.5,sea_corvette,giong,,,,,,,,,,,,,,,,,,,,,,,0,NEED_CODE_CHECK,,,,NEED_CODE_CHECK,,,,,,,3,3,3,1,,,0,FALSE,,Heavy,,,,,,0,,200,1.2,12,Ultimate,,,,,,,,,,,,,,,,TRUE,,,,,,1600,,,,,30,,,,Free,gun,,,,,,,,,,,,,,,,,,,,,,,Escort,26,,,,,,,,5.5,,,,,,,,,,,,,,,,3.4,,,,,,,,,14,60,,90,,naval_76,5.6,,,,Assets/MachineBrigade/Resources/Data/balance.json: vehicles[224],"{""id"":""sea_corvette"",""interceptionMode"":""PointDefense"",""class"":""Heavy"",""card"":false,""armour"":[3,3,3,1],""hp"":1600,""speed"":3.4,""turnRate"":14,""turretTurnRate"":60,""radius"":5.5,""length"":30,""width"":5.6,""cp"":0,""vision"":90,""captureRate"":0,""firesWhileMoving"":true,""weapon"":""naval_76"",""mainSlot"":""gun"",""mainAim"":""Free"",""secondary"":[{""weapon"":""hover_ciws"",""slot"":""mg"",""aim"":""Free""}],""aps"":{""radius"":32,""charges"":2,""recharge"":2.5,""rockets"":true},""naval"":{""role"":""Escort"",""station"":26},""parts"":[{""id"":""gun"",""kind"":""gun"",""hp"":0.14,""armour"":2,""node"":""Part_gun"",""wreck"":""wreck_turret"",""at"":[0,9,4.2],""radius"":2.2,""mounts"":[0]},{""id"":""ciws"",""kind"":""ciws"",""hp"":0.12,""armour"":2,""node"":""Part_mg"",""wreck"":""wreck_turret"",""at"":[0,-6.5,7.0],""radius"":1.8,""mounts"":[1],""stops"":[""aps""]}],""deathExplosion"":{""damage"":200,""radius"":12,""delay"":1.2,""tier"":""Ultimate""}}"
sea_cruiser,vat_pham,Missile Cruiser,Tuần dương hạm tên lửa,Tuần dương hạm,Heavy,Armor,,0,2600,5720.0,3,3,3,2,FALSE,3.2,12,45,100,6.5,46.08,7.92,FALSE,0,FALSE,TRUE,0,3.5,1,cruiser_203,cruiser_203;hover_ciws;hover_ciws,,aps,2,2.4,sea_cruiser,giong,,,,,,,,,,,,,,,,,,,,,,,0,NEED_CODE_CHECK,,,,NEED_CODE_CHECK,,,,,,,3,3,3,2,,,0,FALSE,,Heavy,,,,,,0,,260,1.6,14,Ultimate,,,,,,,,,,,,,,,,TRUE,,,,,,2600,,,,,64,,,,Free,gun,,,,,,,,,,,,,,,,,,,,,,,Escort,22,,,,,,,,6.5,,,,,,,,0.72,,,,,,,,3.2,,,,,,,,,12,45,,100,,cruiser_203,11,,,,Assets/MachineBrigade/Resources/Data/balance.json: vehicles[225],"{""id"":""sea_cruiser"",""interceptionMode"":""PointDefense"",""class"":""Heavy"",""card"":false,""scale"":0.72,""armour"":[3,3,3,2],""hp"":2600,""speed"":3.2,""turnRate"":12,""turretTurnRate"":45,""radius"":6.5,""length"":64,""width"":11,""cp"":0,""vision"":100,""captureRate"":0,""firesWhileMoving"":true,""weapon"":""cruiser_203"",""mainSlot"":""gun"",""mainAim"":""Free"",""secondary"":[{""weapon"":""cruiser_203"",""slot"":""gun"",""aim"":""Free"",""arc"":[180,150]},{""weapon"":""hover_ciws"",""slot"":""mg"",""aim"":""Free""},{""weapon"":""hover_ciws"",""slot"":""mg"",""aim"":""Free""}],""aps"":{""radius"":30,""charges"":2,""recharge"":2.4,""rockets"":true},""naval"":{""role"":""Escort"",""station"":22},""parts"":[{""id"":""turret_fore"",""kind"":""gun"",""hp"":0.12,""armour"":3,""node"":""Part_gun"",""wreck"":""wreck_turret"",""at"":[0,13.7,4.0],""radius"":2.4,""mounts"":[0]},{""id"":""turret_aft"",""kind"":""gun"",""hp"":0.12,""armour"":3,""node"":""Part_gun.001"",""wreck"":""wreck_turret"",""at"":[0,-11.5,4.0],""radius"":2.4,""mounts"":[1]},{""id"":""ciws_fore"",""kind"":""ciws"",""hp"":0.1,""armour"":2,""node"":""Part_mg"",""wreck"":""wreck_turret"",""at"":[2.2,4.3,6.6],""radius"":1.6,""mounts"":[2],""stops"":[""aps""]},{""id"":""ciws_aft"",""kind"":""ciws"",""hp"":0.1,""armour"":2,""node"":""Part_mg.001"",""wreck"":""wreck_turret"",""at"":[-2.2,-6.1,5.9],""radius"":1.6,""mounts"":[3],""stops"":[""aps""]}],""deathExplosion"":{""damage"":260,""radius"":14,""delay"":1.6,""tier"":""Ultimate""}}"
shahed_truck,xe,Long-range drone launcher,Xe phóng drone cảm tử tầm xa,Drone cảm tử,Artillery,Artillery,,9,459,1009.8,1,0,0,0,FALSE,8,80,60,30,2.4,6.6,2.04,FALSE,0,FALSE,FALSE,1,3.5,1.125,shahed,hmg_selfdef_15,,none,,,shahed_truck,doi,8,9,400,459,,,,,,,,,,,,,,,,,1,1.125,9,NEED_CODE_CHECK,,,,NEED_CODE_CHECK,,,,,,1,,,,,,,1,,,Artillery,,,,,,9,,90,0.3,7,Huge,,,,,,,,,,,,,,,,FALSE,,,,,,459,,,,,6.6,,,,,,,,,,,,,,,,,,,,,,2.87,6.65,2.3,,,,,,,,1.125,,,,,2.4,,,,,,,,1,,,,,,,,8,,,,,,,,,80,60,1.12,30,,shahed,2.04,,,,Assets/MachineBrigade/Resources/Data/balance.json: vehicles[40],"{""id"":""shahed_truck"",""outgoingDamageMult"":1.125,""value"":1.12,""scale"":1,""modelSize"":[6.65,2.3,2.87],""class"":""Artillery"",""armour"":1,""hp"":459,""speed"":8,""turnRate"":80,""turretTurnRate"":60,""radius"":2.4,""length"":6.6,""width"":2.04,""cp"":9,""vision"":30,""firesWhileMoving"":false,""weapon"":""shahed"",""captureRate"":1,""secondary"":[{""weapon"":""hmg_selfdef_15"",""slot"":""mg"",""aim"":""Free""}],""deathExplosion"":{""damage"":90,""radius"":7,""delay"":0.3,""tier"":""Huge""}}"
shield_carrier,xe,Shield carrier,Xe phát khiên,Phát khiên,Support,Light,,8,559,1229.8,1,0,0,0,FALSE,8.5,90,200,36,2.3,6.29,2.46,FALSE,0,FALSE,TRUE,1,3.5,1.1429,hmg_selfdef_15,,,none,,,shield_carrier,doi,7,8,480,559,,,,,,,,,,,,,,,,,1,1.1429,8,NEED_CODE_CHECK,,,,NEED_CODE_CHECK,,,,,,1,,,,,,,1,,,Support,,,,,,8,,90,0.35,7,Huge,,,,,,,1000,12,20,,,,,,,TRUE,,,,,,559,,,,,6.29,,,,,,,,,,,,,,,,,,,,,,2.84,6.29,2.46,,,,,,,,1.1429,,,,,2.3,,,,,,,,1,,,,,,,,8.5,,,,,,,,,90,200,1,36,,hmg_selfdef_15,2.46,,,,Assets/MachineBrigade/Resources/Data/balance.json: vehicles[53],"{""id"":""shield_carrier"",""outgoingDamageMult"":1.1429,""value"":1,""scale"":1,""modelSize"":[6.29,2.46,2.84],""class"":""Support"",""armour"":1,""hp"":559,""speed"":8.5,""turnRate"":90,""turretTurnRate"":200,""radius"":2.3,""length"":6.29,""width"":2.46,""cp"":8,""vision"":36,""firesWhileMoving"":true,""weapon"":""hmg_selfdef_15"",""captureRate"":1,""dome"":{""radius"":12,""hp"":1000,""recharge"":20},""deathExplosion"":{""damage"":90,""radius"":7,""delay"":0.35,""tier"":""Huge""}}"
shorad_vehicle,xe,Light SAM vehicle,Xe tên lửa phòng không nhẹ,TL PK nhẹ,AntiAir,Light,,4,318,699.6,0,0,0,0,FALSE,11,150,200,44,1.6,3.8,1.8,FALSE,0,FALSE,TRUE,1,2.5,1,avenger_stingers,hmg_selfdef_21,,none,,,shorad_vehicle,giong,,,,,,,,,,,,,,,,,,,,,,,4,NEED_CODE_CHECK,,,,NEED_CODE_CHECK,,,,,,0,,,,,,,,,,AntiAir,,,,,,4,,50,0.2,5,Large,,,,,,,,,,,,,2.5,,,TRUE,,,,,,318,,,,,3.8,,,,,missile,,,,,,,,,,,,,,,,,2.2,3.8,1.8,,,,,,,,,,,,,1.6,,,,,,,,,,,,,,,,11,,,,,,,,,150,200,,44,,avenger_stingers,1.8,,,,Assets/MachineBrigade/Resources/Data/balance.json: vehicles[133],"{""id"":""shorad_vehicle"",""dropDelay"":2.5,""modelSize"":[3.8,1.8,2.2],""class"":""AntiAir"",""armour"":0,""hp"":318,""speed"":11,""turnRate"":150,""turretTurnRate"":200,""radius"":1.6,""length"":3.8,""width"":1.8,""cp"":4,""vision"":44,""firesWhileMoving"":true,""weapon"":""avenger_stingers"",""mainSlot"":""missile"",""secondary"":[{""weapon"":""hmg_selfdef_21"",""slot"":""mg"",""aim"":""Free""}],""deathExplosion"":{""damage"":50,""radius"":5,""delay"":0.2,""tier"":""Large""}}"
siege_tank,xe,Siege mortar,Pháo cối công thành,Công thành,Artillery,Artillery,,15,1941,4270.2,2,1,1,0,FALSE,5.5,45,40,30,2.7,8.25,3.34,FALSE,0,FALSE,FALSE,1,5,1.25,siege_mortar_240,siege_gun_105;hmg_selfdef_21,,none,,,siege_tank,doi,12,15,600,1941,,,,,,,,,,,,,,,,,1,1.25,15,NEED_CODE_CHECK,,,fortify,NEED_CODE_CHECK,,,,,,,2,1,1,0,,,,,,Artillery,,,,,,15,,220,0.5,11,Ultimate,180,0,1,2.5,TRUE,1,,,,,,,5,,,FALSE,,,,,,1941,,,,,8.25,,,,,,,,,,,,,,,,,,,,,,3.44,9.13,3.34,,,,,,,,1.25,,,,,2.7,,,,,,,,1,,,,,,,,5.5,,,,,,,Defense;Heavy;Tank,,45,40,1.04,30,,siege_mortar_240,3.34,,,,Assets/MachineBrigade/Resources/Data/balance.json: vehicles[26],"{""id"":""siege_tank"",""dropDelay"":5,""outgoingDamageMult"":1.25,""value"":1.04,""scale"":1,""modelSize"":[9.13,3.34,3.44],""class"":""Artillery"",""strongVs"":[""Defense"",""Heavy"",""Tank""],""armour"":[2,1,1,0],""hp"":1941,""speed"":5.5,""turnRate"":45,""turretTurnRate"":40,""radius"":2.7,""length"":8.25,""width"":3.34,""cp"":15,""vision"":30,""firesWhileMoving"":false,""weapon"":""siege_mortar_240"",""secondary"":[{""weapon"":""siege_gun_105"",""slot"":""gun"",""aim"":""Turret""},{""weapon"":""hmg_selfdef_21"",""slot"":""mg"",""aim"":""Free""}],""deploy"":{""seconds"":2.5,""front"":0,""range"":1,""arc"":180,""siege"":true,""tankMount"":1},""deathExplosion"":{""damage"":220,""radius"":11,""delay"":0.5,""tier"":""Ultimate""}}"
sky_gunship,xe,Airborne gunship,Pháo hạm bay,Pháo hạm,,,,29,2227,4899.4,0,0,0,0,FALSE,16,65,360,64,7.5,,,TRUE,26,FALSE,TRUE,0,5,1.5159,gunship_105,gunship_40mm;gunship_25mm,bomber_flares,flare,3,NEED_CODE_CHECK,sky_gunship,doi,22,29,1069,2227,,,,,,,,,,,,,,,,,1,1.5159,29,NEED_CODE_CHECK,,,,NEED_CODE_CHECK,,,,,26,0,,,,,,,0,,,,,,,,,29,,220,0.6,11,Ultimate,,,,,,,,,,,,,5,,,TRUE,TRUE,,TRUE,,,2227,,,,,,,,,Left,,,,,,,,,,,,,,,,,,4.82,11.93,16.3,,,,,,TRUE,22,1.5159,,,,,7.5,,,18,,,,,1.1765,,,,,,bomber_flares,,16,,,,,,,Light;Tank;Artillery,,65,360,,64,,gunship_105,,,,,Assets/MachineBrigade/Resources/Data/balance.json: vehicles[24],"{""id"":""sky_gunship"",""dropDelay"":5,""outgoingDamageMult"":1.5159,""flareCharges"":3,""rearmTime"":18,""strongVs"":[""Light"",""Tank"",""Artillery""],""scale"":1.1765,""modelSize"":[11.93,16.3,4.82],""armour"":0,""hp"":2227,""speed"":16,""turnRate"":65,""turretTurnRate"":360,""radius"":7.5,""cp"":29,""vision"":64,""firesWhileMoving"":true,""weapon"":""gunship_105"",""mainAim"":""Left"",""orbit"":true,""orbitRadius"":22,""flying"":true,""fixedWing"":true,""altitude"":26,""captureRate"":0,""secondary"":[{""weapon"":""gunship_40mm"",""slot"":""gun"",""aim"":""Left""},{""weapon"":""gunship_25mm"",""slot"":""mg"",""aim"":""Left""}],""skills"":[""bomber_flares""],""deathExplosion"":{""damage"":220,""radius"":11,""delay"":0.6,""tier"":""Ultimate""}}"
smoke_carrier,xe,Smoke carrier,Xe thả khói,Xe khói,Support,Light,,3,400,880.0,1,1,0,0,FALSE,5.9,100,200,30,2.0,4.21,2.24,FALSE,0,FALSE,TRUE,2,2.5,1,hmg_selfdef_15,,smoke_generator,none,,,smoke_carrier,giong,,,,,,,,,,,,,,,,,,,,,,,3,NEED_CODE_CHECK,,,,NEED_CODE_CHECK,,,,,,,1,0,1,0,,,2,,,Support,,,,,,3,,40,0.2,5,Large,,,,,,,,,,,,,2.5,,,TRUE,,,,,,400,,,,,4.21,,,,,,,,,,,,,,,,,,,,,,2.64,4.21,2.24,,,,,,,,,,,,,2.0,,,,,,,,1,,,,,,smoke_generator,,5.9,,,,,,,,,100,200,1,30,,hmg_selfdef_15,2.24,,,,Assets/MachineBrigade/Resources/Data/balance.json: vehicles[38],"{""id"":""smoke_carrier"",""dropDelay"":2.5,""value"":1,""scale"":1,""modelSize"":[4.21,2.24,2.64],""class"":""Support"",""armour"":[1,1,0,0],""hp"":400,""speed"":5.9,""turnRate"":100,""turretTurnRate"":200,""radius"":2.0,""length"":4.21,""width"":2.24,""cp"":3,""vision"":30,""firesWhileMoving"":true,""weapon"":""hmg_selfdef_15"",""skills"":[""smoke_generator""],""captureRate"":2,""deathExplosion"":{""damage"":40,""radius"":5,""delay"":0.2,""tier"":""Large""}}"
sp_mortar,xe,Turreted SP mortar,Cối tự hành tháp kín,Cối tháp kín,Artillery,Artillery,,6,673,1480.6,2,1,0,0,FALSE,8,80,60,26,2.1,6.3,2.3,FALSE,0,FALSE,FALSE,1,3.5,1.2,amos_120,hmg_selfdef_18,,none,,,sp_mortar,doi,5,6,545,673,,,,,,,,,,,,,,,,,1,1.2,6,NEED_CODE_CHECK,,,artillery,NEED_CODE_CHECK,,,,,,2,,,,,,,,,,Artillery,,,,,,6,,70,0.25,8,Large,,,,,,,,,,,,,,,,FALSE,,,,,,673,,,,,6.3,,,,,,,,,,,,,,,,,,,,,,2.5,6.3,2.3,,,,,,,,1.2,,,,,2.1,,,,,,,,,,,,,,,,8,,,,,,,,,80,60,,26,,amos_120,2.3,,,,Assets/MachineBrigade/Resources/Data/balance.json: vehicles[144],"{""id"":""sp_mortar"",""outgoingDamageMult"":1.2,""modelSize"":[6.3,2.3,2.5],""class"":""Artillery"",""armour"":2,""hp"":673,""speed"":8,""turnRate"":80,""turretTurnRate"":60,""radius"":2.1,""length"":6.3,""width"":2.3,""cp"":6,""vision"":26,""firesWhileMoving"":false,""weapon"":""amos_120"",""secondary"":[{""weapon"":""hmg_selfdef_18"",""slot"":""mg"",""aim"":""Free""}],""deathExplosion"":{""damage"":70,""radius"":8,""delay"":0.25,""tier"":""Large""}}"
stealth_bomber,xe,Stealth bomber,Oanh tạc cơ tàng hình,OTC tàng hình,,,,27,1200,2640.0,0,0,0,0,FALSE,28,86,360,60,5,,,TRUE,46,FALSE,TRUE,0,5,1.2857,stealth_payload,jassm,,none,,,stealth_bomber,doi,21,27,900,1200,,,,,,,,,,,,,,,,,1,1.2857,27,NEED_CODE_CHECK,,,,NEED_CODE_CHECK,,,,,46,0,,,,,,,0,,,,,,,,,27,,150,0.6,9,Huge,,,,,,,,,,,,,5,,,TRUE,TRUE,,TRUE,,,1200,,,,,,,,,,missile,,,,,,,,,,,,,,,,,1.5,8.4,21,,,,,,,,1.2857,,,,,5,,,16,,,,,1,,,,,,,,28,,TRUE,,,,,Defense;Heavy;Artillery,,86,360,1,60,,stealth_payload,,,,,Assets/MachineBrigade/Resources/Data/balance.json: vehicles[23],"{""id"":""stealth_bomber"",""dropDelay"":5,""outgoingDamageMult"":1.2857,""value"":1,""rearmTime"":16,""strongVs"":[""Defense"",""Heavy"",""Artillery""],""scale"":1,""modelSize"":[8.4,21,1.5],""armour"":0,""hp"":1200,""speed"":28,""turnRate"":86,""turretTurnRate"":360,""radius"":5,""cp"":27,""vision"":60,""firesWhileMoving"":true,""weapon"":""stealth_payload"",""secondary"":[{""weapon"":""jassm"",""slot"":""rocket"",""aim"":""Hull""}],""mainSlot"":""missile"",""flying"":true,""fixedWing"":true,""altitude"":46,""captureRate"":0,""stealth"":true,""skills"":[],""deathExplosion"":{""damage"":150,""radius"":9,""delay"":0.6,""tier"":""Huge""}}"
stealth_fighter,xe,Stealth fighter,Tiêm kích tàng hình,TK tàng hình,,,,16,609,1339.8,0,0,0,0,FALSE,44,125,360,76,3.4,,,TRUE,36,FALSE,TRUE,0,5,1.3538,air_to_air,guided_bomb;fighter_cannon,jet_flares,flare,2,NEED_CODE_CHECK,stealth_fighter,doi,13,16,480,609,,,,,,,,,,,,,,,,,1,1.3538,16,NEED_CODE_CHECK,,,,NEED_CODE_CHECK,,,,,36,0,,,,,4.0,,0,,high,,,,,,,16,,80,0.6,5,Huge,,,,,,,,,,,,,5,,,TRUE,TRUE,,TRUE,,,609,,TRUE,,,,5,,,,missile,,,,,,,,,,,,,,,,,1.28,7.6,5.5,,,,,,,,1.3538,,,,,3.4,,,11,,,,,1,,,,TRUE,,jet_flares,,44,,TRUE,,,,,Plane;Helicopter;AntiAir,,125,360,0.88,76,,air_to_air,,,,,Assets/MachineBrigade/Resources/Data/balance.json: vehicles[50],"{""id"":""stealth_fighter"",""flareCharges"":2,""dropDelay"":5,""outgoingDamageMult"":1.3538,""loads"":{""air_to_air"":5},""ceiling"":""high"",""value"":0.88,""rearmTime"":11,""strongVs"":[""Plane"",""Helicopter"",""AntiAir""],""scale"":1,""modelSize"":[7.6,5.5,1.28],""armour"":0,""hp"":609,""speed"":44,""turnRate"":125,""turretTurnRate"":360,""radius"":3.4,""cp"":16,""vision"":76,""firesWhileMoving"":true,""weapon"":""air_to_air"",""mainSlot"":""missile"",""flying"":true,""fixedWing"":true,""altitude"":36,""captureRate"":0,""attackHold"":4.0,""secondary"":[{""weapon"":""guided_bomb"",""slot"":""bomb"",""aim"":""Free""},{""weapon"":""fighter_cannon"",""slot"":""gun"",""aim"":""Hull""}],""interceptor"":true,""stealth"":true,""sead"":true,""skills"":[""jet_flares""],""deathExplosion"":{""damage"":80,""radius"":5,""delay"":0.6,""tier"":""Huge""}}"
stealth_naval_strike,xe,Stealth carrier strike jet,Cường kích tàng hình trên hạm,Tàng hình hạm,,,,22,918,2019.6,0,0,0,0,FALSE,30,86,360,50,5,,,TRUE,46,FALSE,TRUE,0,5,1.4882,none,jet_bombs,,none,,,stealth_naval_strike,doi,17,22,682,918,,,,,,,,,,,,,,,,,1,1.4882,22,NEED_CODE_CHECK,,,,NEED_CODE_CHECK,,,,,46,0,,,,,,,0,,,,,,,,,22,,120,0.5,8,Huge,,,,,,,,,,,,,5,,,TRUE,TRUE,,TRUE,,,918,,,,,,,,,,missile,,,,,,,,,,,,,,,,stealth_naval_strike,1.5,8.4,21,,,,,,,,1.4882,,,,,5,,,16,,,,,,,,,,,,,30,,TRUE,,,,,Defense;Heavy,,86,360,1,50,,none,,,,,Assets/MachineBrigade/Resources/Data/balance.json: vehicles[184],"{""id"":""stealth_naval_strike"",""dropDelay"":5,""outgoingDamageMult"":1.4882,""model"":""stealth_naval_strike"",""value"":1,""rearmTime"":16,""strongVs"":[""Defense"",""Heavy""],""modelSize"":[8.4,21,1.5],""armour"":0,""hp"":918,""speed"":30,""turnRate"":86,""turretTurnRate"":360,""radius"":5,""cp"":22,""vision"":50,""firesWhileMoving"":true,""weapon"":""none"",""secondary"":[{""weapon"":""jet_bombs"",""slot"":""missile"",""aim"":""Hull""}],""mainSlot"":""missile"",""flying"":true,""fixedWing"":true,""altitude"":46,""captureRate"":0,""stealth"":true,""deathExplosion"":{""damage"":120,""radius"":8,""delay"":0.5,""tier"":""Huge""}}"
strike_drone,xe,Strike UAV,UAV tấn công,UAV tấn công,,,,11,605,1331.0,0,0,0,0,FALSE,13.9,81,360,62,2.8,,,TRUE,30,FALSE,TRUE,0,3.5,1.2681,drone_missile,guided_bomb,,none,,,strike_drone,doi,9,11,480,605,,,,,,,,,,,,,,,,,1,1.2681,11,NEED_CODE_CHECK,,,,NEED_CODE_CHECK,,,,,30,0,,,,,3.5,,0,,,,,,,,,11,,50,0.5,5,Large,,,,,,,,,,TRUE,,,,,,TRUE,TRUE,,TRUE,,,605,,,,,,,,,,missile,,,,,,,,,,,,,,,,,1.24,4.25,8.04,,,,,,,,1.2681,,,,,2.8,,,8.5,,,,,1,,,,,,,,13.9,,,,,,,Tank;Heavy;Artillery,,81,360,0.81,62,,drone_missile,,,,,Assets/MachineBrigade/Resources/Data/balance.json: vehicles[17],"{""id"":""strike_drone"",""outgoingDamageMult"":1.2681,""value"":0.81,""rearmTime"":8.5,""strongVs"":[""Tank"",""Heavy"",""Artillery""],""scale"":1,""modelSize"":[4.25,8.04,1.24],""drone"":true,""armour"":0,""hp"":605,""speed"":13.9,""turnRate"":81,""turretTurnRate"":360,""radius"":2.8,""cp"":11,""vision"":62,""firesWhileMoving"":true,""weapon"":""drone_missile"",""secondary"":[{""weapon"":""guided_bomb"",""slot"":""rocket"",""aim"":""Hull""}],""mainSlot"":""missile"",""flying"":true,""fixedWing"":true,""altitude"":30,""captureRate"":0,""attackHold"":3.5,""deathExplosion"":{""damage"":50,""radius"":5,""delay"":0.5,""tier"":""Large""}}"
supply_truck,xe,Supply truck,Xe tải tiếp tế,Tiếp tế,Support,Light,,0,700,1540.0,0,0,0,0,FALSE,6,90,180,26,1.9,8.37,2.02,FALSE,0,FALSE,TRUE,0,3.5,1,mg_jeep,,,none,,,supply_truck,giong,,,,,,,,,,,,,,,,,,,,,,,0,NEED_CODE_CHECK,,,,NEED_CODE_CHECK,,,,,,0,,,,,,,0,,,Support,,,,,,0,,60,0.4,6,Huge,,,,,,,,,,,,,,,,TRUE,,,,,,700,,,,,8.37,,,,,,,,,,,,,,,,,,,,,,2.42,8.37,2.02,,,,,,,,,,,,,1.9,,,,,,,,1,,,,,,,,6,,,,,,,,,90,180,,26,,mg_jeep,2.02,,,,Assets/MachineBrigade/Resources/Data/balance.json: vehicles[203],"{""id"":""supply_truck"",""scale"":1,""modelSize"":[8.37,2.02,2.42],""class"":""Support"",""armour"":0,""hp"":700,""speed"":6,""turnRate"":90,""turretTurnRate"":180,""radius"":1.9,""length"":8.37,""width"":2.02,""cp"":0,""vision"":26,""firesWhileMoving"":true,""weapon"":""mg_jeep"",""captureRate"":0,""deathExplosion"":{""damage"":60,""radius"":6,""delay"":0.4,""tier"":""Huge""}}"
swarm_carrier,xe,Drone mothership aircraft,Máy bay mẹ thả drone,Máy bay mẹ,,,,16,1091,2400.2,1,1,1,1,FALSE,18,60,360,56,7,,,TRUE,44,FALSE,TRUE,0,5,1.2308,swarm_drones,jassm,bomber_flares,flare,3,NEED_CODE_CHECK,swarm_carrier,doi,13,16,632,1091,,,,,,,,,,,,,,,,,1,1.2308,16,NEED_CODE_CHECK,,,,NEED_CODE_CHECK,,,,,44,1,,,,,,,0,,,,,,,,,16,,140,0.6,9,Huge,,,,,,,,,,,,,5,,,TRUE,TRUE,,TRUE,,,1091,,,,,,,2,,,drone,,,,,,,,,,,,,,,,,4.79,11.93,16.3,,,,,,,,1.2308,,,,,7,,,16,,,,,1.1765,,,,,,bomber_flares,,18,,,,,,,Tank;Heavy;Artillery;Light,,60,360,0.81,56,,swarm_drones,,,,,Assets/MachineBrigade/Resources/Data/balance.json: vehicles[55],"{""id"":""swarm_carrier"",""flareCharges"":3,""dropDelay"":5,""outgoingDamageMult"":1.2308,""loads"":{""jassm"":2},""value"":0.81,""rearmTime"":16,""strongVs"":[""Tank"",""Heavy"",""Artillery"",""Light""],""scale"":1.1765,""modelSize"":[11.93,16.3,4.79],""armour"":1,""hp"":1091,""speed"":18,""turnRate"":60,""turretTurnRate"":360,""radius"":7,""cp"":16,""vision"":56,""firesWhileMoving"":true,""weapon"":""swarm_drones"",""mainSlot"":""drone"",""flying"":true,""fixedWing"":true,""altitude"":44,""captureRate"":0,""skills"":[""bomber_flares""],""secondary"":[{""weapon"":""jassm"",""slot"":""drone"",""aim"":""Free""}],""deathExplosion"":{""damage"":140,""radius"":9,""delay"":0.6,""tier"":""Huge""}}"
tank_destroyer,xe,Tank destroyer,Pháo chống tăng tự hành,Chống tăng,TankHunter,Armor,,7,741,1630.2,2,1,1,0,FALSE,7,70,55,34,2.4,5.72,2.62,FALSE,0,FALSE,TRUE,1,3.5,1.1667,gun_105_long,hmg_roof,,none,,,tank_destroyer,doi,6,7,620,741,,,,,,,,,,,,,,,,,1,1.1667,7,NEED_CODE_CHECK,,elite_tank_destroyer,,NEED_CODE_CHECK,,,,,,,2,1,1,0,,,,,,TankHunter,,,,,,7,,70,0.3,6,Large,,,,,,,,,,,,,,,,TRUE,,,,,,741,,,,,5.72,,,,,,,,,,,,,,,,,,,,,,2.04,7.89,2.62,,,,,,,,1.1667,,,,,2.4,,,,,,,,1,,,,,,,,7,,,,,,,,,70,55,1.17,34,,gun_105_long,2.62,,,,Assets/MachineBrigade/Resources/Data/balance.json: vehicles[9],"{""id"":""tank_destroyer"",""outgoingDamageMult"":1.1667,""value"":1.17,""scale"":1,""modelSize"":[7.89,2.62,2.04],""class"":""TankHunter"",""armour"":[2,1,1,0],""hp"":741,""speed"":7,""turnRate"":70,""turretTurnRate"":55,""radius"":2.4,""length"":5.72,""width"":2.62,""cp"":7,""vision"":34,""firesWhileMoving"":true,""weapon"":""gun_105_long"",""secondary"":[{""weapon"":""hmg_roof"",""slot"":""mg"",""aim"":""Free""}],""deathExplosion"":{""damage"":70,""radius"":6,""delay"":0.3,""tier"":""Large""}}"
thermobaric_launcher,xe,Thermobaric launcher,Pháo phản lực nhiệt áp,Nhiệt áp,,,,11,1132,2490.4,3,2,1,1,FALSE,5.5,55,50,30,2.5,6.02,2.85,FALSE,0,FALSE,FALSE,1,3.5,1.2222,thermobaric_rockets,hmg_selfdef_18,,none,,,thermobaric_launcher,doi,9,11,450,1132,,,,,,,,,,,,,,,,,1,1.2222,11,NEED_CODE_CHECK,,,,NEED_CODE_CHECK,,,,,,3,,,,,,,,,,,,,,,,11,,180,0.4,9,Ultimate,,,,,,,,,,,,,,,,FALSE,,,,,,1132,,,,,6.02,,,,,rocket,,,,,,,,,,,,,,,,,2.79,6.02,2.85,,,,,,,,1.2222,,,,,2.5,,,,,,,,1,,,,,,,,5.5,,,,,,,,,55,50,0.78,30,,thermobaric_rockets,2.85,,,,Assets/MachineBrigade/Resources/Data/balance.json: vehicles[18],"{""id"":""thermobaric_launcher"",""outgoingDamageMult"":1.2222,""value"":0.78,""scale"":1,""modelSize"":[6.02,2.85,2.79],""armour"":3,""hp"":1132,""speed"":5.5,""turnRate"":55,""turretTurnRate"":50,""radius"":2.5,""length"":6.02,""width"":2.85,""cp"":11,""vision"":30,""firesWhileMoving"":false,""weapon"":""thermobaric_rockets"",""secondary"":[{""weapon"":""hmg_selfdef_18"",""slot"":""mg"",""aim"":""Free""}],""mainSlot"":""rocket"",""deathExplosion"":{""damage"":180,""radius"":9,""delay"":0.4,""tier"":""Ultimate""}}"
titan_tank,xe,Super-heavy tank,Siêu tăng,Siêu tăng,,,,23,3445,7579.0,4,3,2,2,FALSE,4,45,115,34,2.9,8.14,5.3,FALSE,0,FALSE,TRUE,1,5,1.4694,gun_140_twin,mg_coax;hmg_roof;atgm,,aps,3,10,titan_tank,doi,18,23,2600,3445,,,,,,,,,,,,,,,,,1,1.4694,23,NEED_CODE_CHECK,,,heavy,NEED_CODE_CHECK,,,,,,4,,,,,,,,,,,,,,,,23,,260,0.5,8,Ultimate,,,,,,,,,,,,,5,,,TRUE,,,,,,3445,,,,,8.14,,,,,,,,,,,,,,,,,,,,,,2.84,11.3,5.3,,,,,,,,1.4694,,,,,2.9,,,,,,,,1,,,,,,,,4,,,,,,,,,45,115,1.33,34,,gun_140_twin,5.3,,,,Assets/MachineBrigade/Resources/Data/balance.json: vehicles[21],"{""id"":""titan_tank"",""aps"":{""radius"":20,""recharge"":10,""charges"":3},""apsCapability"":""BuiltIn"",""missiles"":[{""weapon"":""atgm"",""ammo"":4,""reload"":30}],""dropDelay"":5,""outgoingDamageMult"":1.4694,""value"":1.33,""scale"":1,""modelSize"":[11.3,5.3,2.84],""armour"":4,""hp"":3445,""speed"":4,""turnRate"":45,""turretTurnRate"":115,""radius"":2.9,""length"":8.14,""width"":5.3,""cp"":23,""vision"":34,""firesWhileMoving"":true,""weapon"":""gun_140_twin"",""secondary"":[{""weapon"":""mg_coax"",""slot"":""coax"",""aim"":""Turret""},{""weapon"":""hmg_roof"",""slot"":""mg"",""aim"":""Free""},{""weapon"":""atgm"",""slot"":""missile"",""aim"":""Turret""}],""deathExplosion"":{""damage"":260,""radius"":8,""delay"":0.5,""tier"":""Ultimate""}}"
towed_at_gun,xe,Towed anti-tank gun,Pháo chống tăng kéo cỡ lớn,Pháo kéo CT,TankHunter,Armor,,4,364,800.8,0,0,0,0,FALSE,5,60,40,32,2.4,7.89,2.62,FALSE,0,FALSE,TRUE,1,2.5,1,gun_125_armata_ke,,,none,,,towed_at_gun,giong,,,,,,,,,,,,,,,,,,,,,,,4,NEED_CODE_CHECK,,,,NEED_CODE_CHECK,,,,,,0,,,,,,,,,,TankHunter,,,,,,4,,60,0.25,5,Large,,,,,,,,,,,,,2.5,,,,,,,,,364,,,,,7.89,,,,,,,,,,,,,,,,,,,,,towed_at_gun,2.04,7.89,2.62,,,,,,,,,,,,,2.4,,,,,,,,,,,,,,,,5,,,,,,,,,60,40,,32,,gun_125_armata_ke,2.62,,,,Assets/MachineBrigade/Resources/Data/balance.json: vehicles[189],"{""id"":""towed_at_gun"",""dropDelay"":2.5,""model"":""towed_at_gun"",""class"":""TankHunter"",""modelSize"":[7.89,2.62,2.04],""armour"":0,""hp"":364,""speed"":5,""turnRate"":60,""turretTurnRate"":40,""radius"":2.4,""length"":7.89,""width"":2.62,""cp"":4,""vision"":32,""weapon"":""gun_125_armata_ke"",""deathExplosion"":{""damage"":60,""radius"":5,""delay"":0.25,""tier"":""Large""}}"
turtle_tank,xe,Turtle tank,Tăng mái che,Tăng rùa,Tank,Armor,,8,1514,3330.8,3,2,2,3,FALSE,4.5,50,40,26,2.7,6.1,2.97,FALSE,0,FALSE,TRUE,1,3.5,1.1429,gun_120mm,mg_coax,,none,,,turtle_tank,doi,7,8,1300,1514,,,,,,,,,,,,,,,,,1,1.1429,8,NEED_CODE_CHECK,,,mbt;tank,NEED_CODE_CHECK,,,,,,,3,2,2,3,,,1,,,Tank,,,,,,8,,90,0.4,7,Huge,,,,,,,,,,,0.2,,,,,TRUE,,,,,,1514,,,,,6.1,,,,Hull,,,,,,,,,TRUE,,,,,,,,,2.81,7.42,2.97,,,,,,,,1.1429,,,,,2.7,,,,,,,,1,,,,,,,,4.5,,,,,,,,,50,40,1.11,26,,gun_120mm,2.97,,,,Assets/MachineBrigade/Resources/Data/balance.json: vehicles[43],"{""id"":""turtle_tank"",""outgoingDamageMult"":1.1429,""value"":1.11,""scale"":1,""modelSize"":[7.42,2.97,2.81],""class"":""Tank"",""armour"":[3,2,2,3],""hp"":1514,""speed"":4.5,""turnRate"":50,""turretTurnRate"":40,""radius"":2.7,""length"":6.1,""width"":2.97,""cp"":8,""vision"":26,""firesWhileMoving"":true,""weapon"":""gun_120mm"",""mainAim"":""Hull"",""droneArmor"":0.2,""mineProof"":true,""captureRate"":1,""secondary"":[{""weapon"":""mg_coax"",""slot"":""coax"",""aim"":""Turret""}],""deathExplosion"":{""damage"":90,""radius"":7,""delay"":0.4,""tier"":""Huge""}}"
twin_rotor_gunship,xe,Twin-rotor gunship,Pháo hạm trực thăng hai rô-to,TT hai rô-to,,,,18,2123,4670.6,1,1,1,1,FALSE,9,70,360,50,6,,,TRUE,15,FALSE,TRUE,0,5,1.4464,heli_gun,agl_40,,flare,3,20,twin_rotor_gunship,doi,14,18,1591,2123,,,,,,,,,,,,,,,,,1,1.4464,18,NEED_CODE_CHECK,,,,NEED_CODE_CHECK,,,,,15,1,,,,,,,0,,,,,,,,,18,,100,0.5,7,Huge,,,,,,,,,,,,,5,,,TRUE,,,TRUE,,,2123,,,,,,,,,,gun,,,,,,,,,,,,,,,,twin_rotor_gunship,4.82,11.93,5.7,,,,,,,,1.4464,,,,,6,,,12,,,,,,,,,,,,,9,,,,,,,Light;Support,,70,360,,50,,heli_gun,,,,,Assets/MachineBrigade/Resources/Data/balance.json: vehicles[185],"{""id"":""twin_rotor_gunship"",""flareRecharge"":20,""flareCharges"":3,""dropDelay"":5,""outgoingDamageMult"":1.4464,""model"":""twin_rotor_gunship"",""rearmTime"":12,""strongVs"":[""Light"",""Support""],""modelSize"":[11.93,5.7,4.82],""armour"":1,""hp"":2123,""speed"":9,""turnRate"":70,""turretTurnRate"":360,""radius"":6,""cp"":18,""vision"":50,""firesWhileMoving"":true,""weapon"":""heli_gun"",""mainSlot"":""gun"",""flying"":true,""altitude"":15,""captureRate"":0,""secondary"":[{""weapon"":""agl_40"",""slot"":""mg"",""aim"":""Free""}],""deathExplosion"":{""damage"":100,""radius"":7,""delay"":0.5,""tier"":""Huge""}}"
twin_tank,xe,Twin-gun tank,Tăng hai nòng,Hai nòng,,,,11,1450,3190.0,3,2,1,1,FALSE,6,58,115,32,2.5,7.02,3.53,FALSE,0,FALSE,TRUE,1,3.5,1.2681,gun_120_twin,mg_coax;hmg_roof,,none,,,twin_tank,doi,9,11,1150,1450,,,,,,,,,,,,,,,,,1,1.2681,11,NEED_CODE_CHECK,,,heavy;mbt;tank,NEED_CODE_CHECK,,,,,,,3,1,2,1,,,,,,,,,,,,11,,130,0.4,8,Huge,,,,,,,,,,,,,,,,TRUE,,,,,,1450,,,,,7.02,,,,,,,,,,,,,,,,,,,,,,2.64,8.96,3.53,,,,,,,,1.2681,,,,,2.5,,,,,,,,1,,,,,,,,6,,,,,,,,,58,115,1.09,32,,gun_120_twin,3.53,,,,Assets/MachineBrigade/Resources/Data/balance.json: vehicles[25],"{""id"":""twin_tank"",""outgoingDamageMult"":1.2681,""value"":1.09,""scale"":1,""modelSize"":[8.96,3.53,2.64],""armour"":[3,2,1,1],""hp"":1450,""speed"":6,""turnRate"":58,""turretTurnRate"":115,""radius"":2.5,""length"":7.02,""width"":3.53,""cp"":11,""vision"":32,""firesWhileMoving"":true,""weapon"":""gun_120_twin"",""secondary"":[{""weapon"":""mg_coax"",""slot"":""coax"",""aim"":""Turret""},{""weapon"":""hmg_roof"",""slot"":""mg"",""aim"":""Free""}],""deathExplosion"":{""damage"":130,""radius"":8,""delay"":0.4,""tier"":""Huge""}}"
uav_loiter_strike,xe,Loitering attack UAV,UAV lượn tấn công,UAV tấn công,Plane,Air,,0,250,550.0,0,0,0,0,FALSE,20,90,360,44,2.5,,,TRUE,22,FALSE,TRUE,0,3.5,1,uav_loiter_missile,,,none,,,uav_loiter_strike,giong,,,,,,,,,,,,,,,,,,,,,,,0,NEED_CODE_CHECK,,,,NEED_CODE_CHECK,,,,,22,0,,,,,,,0,,,Plane,,,,,,0,,30,0.3,4,Medium,,,,,,,,,,TRUE,,,,,,TRUE,TRUE,,TRUE,,,250,,,,,,,,,,missile,,,,,,,,,,,,,,,,uav_loiter_strike,1.24,4.25,8.04,,,,,,TRUE,18,,,,,,2.5,,,,,,,,,,,,,,,,20,,,,,,,,,90,360,,44,,uav_loiter_missile,,,,,Assets/MachineBrigade/Resources/Data/balance.json: vehicles[160],"{""id"":""uav_loiter_strike"",""model"":""uav_loiter_strike"",""drone"":true,""class"":""Plane"",""modelSize"":[4.25,8.04,1.24],""armour"":0,""hp"":250,""speed"":20,""turnRate"":90,""turretTurnRate"":360,""radius"":2.5,""cp"":0,""vision"":44,""firesWhileMoving"":true,""weapon"":""uav_loiter_missile"",""mainSlot"":""missile"",""orbit"":true,""orbitRadius"":18,""flying"":true,""fixedWing"":true,""altitude"":22,""captureRate"":0,""deathExplosion"":{""damage"":30,""radius"":4,""delay"":0.3,""tier"":""Medium""}}"
vbied,xe,Armoured car bomb,Xe bom bọc thép,Xe bom,Scout,Light,,3,364,800.8,2,1,0,0,FALSE,13,150,360,30,1.8,4.58,1.68,FALSE,0,FALSE,TRUE,1,2.5,1,detonator,,,none,,,vbied,doi,,,,,,,,,,,,,6.7,13,,,,,,,,,3,NEED_CODE_CHECK,,,,NEED_CODE_CHECK,,,,,,,2,0,1,0,,,1,,,Scout,,,,,,3,,300,0.1,6,Huge,,,,,,,,,,,,,2.5,,,TRUE,,,,,,364,,,,TRUE,4.58,,,,Hull,,,,,,,,,,,,,,,,,,1.6,4.58,1.68,,,,,,,,,,,,,1.8,,,,,,,,1,,,,,,,,13,,,,,,,,,150,360,1.5,30,,detonator,1.68,,,,Assets/MachineBrigade/Resources/Data/balance.json: vehicles[36],"{""id"":""vbied"",""dropDelay"":2.5,""value"":1.5,""scale"":1,""modelSize"":[4.58,1.68,1.6],""class"":""Scout"",""armour"":[2,1,0,0],""hp"":364,""speed"":13,""turnRate"":150,""turretTurnRate"":360,""radius"":1.8,""length"":4.58,""width"":1.68,""cp"":3,""vision"":30,""firesWhileMoving"":true,""weapon"":""detonator"",""mainAim"":""Hull"",""kamikaze"":true,""captureRate"":1,""deathExplosion"":{""damage"":300,""radius"":6,""delay"":0.1,""tier"":""Huge""}}"
wheeled_gun,xe,Wheeled tank destroyer,Pháo xung kích bánh lốp,Pháo xung kích,TankHunter,Armor,,7,814,1790.8,2,1,0,0,FALSE,12,100,90,38,2.3,5.97,2.36,FALSE,0,FALSE,TRUE,1,3.5,1.1667,gun_105_wheeled,mg_coax;hmg_roof,,none,,,wheeled_gun,doi,6,7,682,814,,,,,,,,,,,,,,,,,1,1.1667,7,NEED_CODE_CHECK,,,wheeled,NEED_CODE_CHECK,,,,,,2,,,,,,,1,,,TankHunter,,,,,,7,,100,0.35,7,Large,,,,,,,,,,,,,,,,TRUE,,,,,,814,,,,,5.97,,,,,,,,,,,,,,,,,,,,,,2.31,8.97,2.39,,,,,,,,1.1667,,,,,2.3,,,,,,,,1,,,,,,,,12,,,,,,,,,100,90,0.81,38,,gun_105_wheeled,2.36,,,,Assets/MachineBrigade/Resources/Data/balance.json: vehicles[47],"{""id"":""wheeled_gun"",""outgoingDamageMult"":1.1667,""value"":0.81,""scale"":1,""modelSize"":[8.97,2.39,2.31],""class"":""TankHunter"",""armour"":2,""hp"":814,""speed"":12,""turnRate"":100,""turretTurnRate"":90,""radius"":2.3,""length"":5.97,""width"":2.36,""cp"":7,""vision"":38,""firesWhileMoving"":true,""weapon"":""gun_105_wheeled"",""captureRate"":1,""secondary"":[{""weapon"":""mg_coax"",""slot"":""coax"",""aim"":""Turret""},{""weapon"":""hmg_roof"",""slot"":""mg"",""aim"":""Free""}],""deathExplosion"":{""damage"":100,""radius"":7,""delay"":0.35,""tier"":""Large""}}"
wheeled_howitzer,xe,Shoot-and-scoot howitzer,Pháo bánh lốp bắn rồi chạy,Pháo bánh lốp,Artillery,Artillery,,7,382,840.4,0,0,0,0,FALSE,9,70,45,30,2.2,8.0,2.1,FALSE,0,FALSE,FALSE,1,3.5,1.1667,caesar_155,smart_at_shell,,none,,,wheeled_howitzer,doi,6,7,318,382,,,,,,,,,,,,,,,,,1,1.1667,7,NEED_CODE_CHECK,,,artillery,NEED_CODE_CHECK,,,,,,0,,,,,,,,,,Artillery,,,,,,7,,80,0.3,9,Large,,,,,,,,,,,,,,,,FALSE,,,,,,382,,,,,8.0,,,,,,,,,,,,,,,,,,,,,,3.0,8.0,2.1,,,,,,,,1.1667,,,,,2.2,,,,,,,,,25,15,1,,,,,9,,,,,,,,,70,45,,30,,caesar_155,2.1,,,,Assets/MachineBrigade/Resources/Data/balance.json: vehicles[143],"{""id"":""wheeled_howitzer"",""outgoingDamageMult"":1.1667,""modelSize"":[8.0,2.1,3.0],""class"":""Artillery"",""armour"":0,""hp"":382,""speed"":9,""turnRate"":70,""turretTurnRate"":45,""radius"":2.2,""length"":8.0,""width"":2.1,""cp"":7,""vision"":30,""scoot"":{""shots"":1,""min"":15,""max"":25},""firesWhileMoving"":false,""weapon"":""caesar_155"",""secondary"":[{""weapon"":""smart_at_shell"",""slot"":""gun"",""aim"":""Turret""}],""deathExplosion"":{""damage"":80,""radius"":9,""delay"":0.3,""tier"":""Large""}}"
wingman_drone,xe,Wingman drone,Drone hộ vệ,Drone hộ vệ,Plane,Air,,7,359,789.8,0,0,0,0,FALSE,46,120,360,56,2.6,,,TRUE,32,FALSE,TRUE,0,3.5,1.1667,aim9,,,none,,,wingman_drone,doi,6,7,300,359,,,,,,,,,,,,,,,,,1,1.1667,7,NEED_CODE_CHECK,,,,NEED_CODE_CHECK,TRUE,,,,32,0,,,,,3.0,,0,,,Plane,,,,,,7,,60,0.5,6,Large,,,,,,,,,,TRUE,,,,,,TRUE,TRUE,,TRUE,,,359,,,,,,,,,,missile,,,4,,,,,,,,,,,,,,0.79,3.49,3.33,,,,,,,,1.1667,,,,,2.6,,,11,,,,,1,,,,,,,,46,,,,,,,Plane;Helicopter,,120,360,1,56,,aim9,,25,120,0.4,Assets/MachineBrigade/Resources/Data/balance.json: vehicles[51],"{""id"":""wingman_drone"",""outgoingDamageMult"":1.1667,""value"":1,""rearmTime"":11,""strongVs"":[""Plane"",""Helicopter""],""scale"":1,""modelSize"":[3.49,3.33,0.79],""drone"":true,""class"":""Plane"",""armour"":0,""hp"":359,""speed"":46,""turnRate"":120,""turretTurnRate"":360,""radius"":2.6,""cp"":7,""vision"":56,""firesWhileMoving"":true,""weapon"":""aim9"",""mainSlot"":""missile"",""flying"":true,""fixedWing"":true,""altitude"":32,""captureRate"":0,""attackHold"":3.0,""maxPerSide"":4,""airCapFree"":true,""wingman"":{""follow"":120,""decoy"":25,""pull"":0.4},""deathExplosion"":{""damage"":60,""radius"":6,""delay"":0.5,""tier"":""Large""}}"
zu23_technical,xe,Flak technical,Bán tải cao xạ,Cao xạ bán tải,AntiAir,Light,,3,210,462.0,0,0,0,0,FALSE,12,180,240,40,1.5,4.39,1.5,FALSE,0,FALSE,TRUE,2,2.5,1,zu23,,,none,,,zu23_technical,giong,,,,,,,,,,,,,,,,,,,,,,,3,NEED_CODE_CHECK,,,light,NEED_CODE_CHECK,,,,,,0,,,,,,,2,,,AntiAir,,,,,,3,,30,0.1,4,Large,,,,,,,,,,,,,2.5,,,TRUE,,,,,,210,,,,,4.39,,,,,,,,,,,,,,,,,,,,,,1.56,4.39,1.5,,,,,,,,,,,,,1.5,,,,,,,,1,,,,,,,,12,,,,,,,,,180,240,0.5,40,,zu23,1.5,,,,Assets/MachineBrigade/Resources/Data/balance.json: vehicles[37],"{""id"":""zu23_technical"",""dropDelay"":2.5,""value"":0.5,""scale"":1,""modelSize"":[4.39,1.5,1.56],""class"":""AntiAir"",""armour"":0,""hp"":210,""speed"":12,""turnRate"":180,""turretTurnRate"":240,""radius"":1.5,""length"":4.39,""width"":1.5,""cp"":3,""vision"":40,""firesWhileMoving"":true,""weapon"":""zu23"",""captureRate"":2,""deathExplosion"":{""damage"":30,""radius"":4,""delay"":0.1,""tier"":""Large""}}"
