file,line,literal,key,unit,kind,linh_vuc,occurrence,mode,note,context
Game/Match/CommanderPick.cs,18,3,vehicles.commanderPick.interludeAfterValue,x,khac,02,1,manual:static array table (FloatArray / IntArray entry),,"table: internal static readonly int[] InterludeAfter = { 3, 6, 9 };"
Game/Match/CommanderPick.cs,18,6,vehicles.commanderPick.interludeAfterValue2,x,khac,02,1,manual:static array table (FloatArray / IntArray entry),,"table: internal static readonly int[] InterludeAfter = { 3, 6, 9 };"
Game/Match/CommanderPick.cs,18,9,vehicles.commanderPick.interludeAfterValue3,x,khac,02,1,manual:static array table (FloatArray / IntArray entry),,"table: internal static readonly int[] InterludeAfter = { 3, 6, 9 };"
Game/Match/Gear.Fit.cs,73,11,vehicles.gear.makeFitSalt,x,khac,02,1,inline,,"arg:Gear.RngFor: var rng = RngFor(item, 11);"
Game/Match/Gear.Fit.cs,74,3,vehicles.gear.makeFitCount,count,gioi_han_thuc_the,02,1,inline,,"arg:Gear.TraitCandidates: var options = TraitCandidates(item.Slot, mask, rng, 3, mask, BaseOf(item));"
Game/Match/Gear.Model.cs,17,2,vehicles.gear.subCountGioi,count,gioi_han_thuc_the,02,1,manual:static array table (FloatArray / IntArray entry),,"table: public static readonly int[] SubCount = { 0, 1, 2, 2, 2 };"
Game/Match/Gear.Model.cs,17,2,vehicles.gear.subCountGioi,count,gioi_han_thuc_the,02,2,manual:static array table (FloatArray / IntArray entry),,"table: public static readonly int[] SubCount = { 0, 1, 2, 2, 2 };"
Game/Match/Gear.Model.cs,17,2,vehicles.gear.subCountGioi,count,gioi_han_thuc_the,02,3,manual:static array table (FloatArray / IntArray entry),,"table: public static readonly int[] SubCount = { 0, 1, 2, 2, 2 };"
Game/Match/Gear.Model.cs,20,5,vehicles.gear.subBumpLevelsValue,x,khac,02,1,manual:static array table (FloatArray / IntArray entry),,"table: public static readonly int[] SubBumpLevels = { 5, 10, 15, 20 };"
Game/Match/Gear.Model.cs,20,10,vehicles.gear.subBumpLevelsValue2,x,khac,02,1,manual:static array table (FloatArray / IntArray entry),,"table: public static readonly int[] SubBumpLevels = { 5, 10, 15, 20 };"
Game/Match/Gear.Model.cs,20,15,vehicles.gear.subBumpLevelsValue3,x,khac,02,1,manual:static array table (FloatArray / IntArray entry),,"table: public static readonly int[] SubBumpLevels = { 5, 10, 15, 20 };"
Game/Match/Gear.Model.cs,20,20,vehicles.gear.subBumpLevelsValue4,x,khac,02,1,manual:static array table (FloatArray / IntArray entry),,"table: public static readonly int[] SubBumpLevels = { 5, 10, 15, 20 };"
Game/Match/Gear.Model.cs,23,6,vehicles.gear.normalSlots,count,gioi_han_thuc_the,02,1,const_to_property,,const_field: public const int NormalSlots = 6;
Game/Match/Gear.Model.cs,26,0.02f,vehicles.gear.platingTopValue,x,khac,02,1,manual:static array table (FloatArray / IntArray entry),,"table: private static readonly float[] PlatingTop = { 0.02f, 0.035f, 0.055f, 0.075f, 0.095f };"
Game/Match/Gear.Model.cs,26,0.035f,vehicles.gear.platingTopValue2,x,khac,02,1,manual:static array table (FloatArray / IntArray entry),,"table: private static readonly float[] PlatingTop = { 0.02f, 0.035f, 0.055f, 0.075f, 0.095f };"
Game/Match/Gear.Model.cs,26,0.055f,vehicles.gear.platingTopValue3,x,khac,02,1,manual:static array table (FloatArray / IntArray entry),,"table: private static readonly float[] PlatingTop = { 0.02f, 0.035f, 0.055f, 0.075f, 0.095f };"
Game/Match/Gear.Model.cs,26,0.075f,vehicles.gear.platingTopValue4,x,khac,02,1,manual:static array table (FloatArray / IntArray entry),,"table: private static readonly float[] PlatingTop = { 0.02f, 0.035f, 0.055f, 0.075f, 0.095f };"
Game/Match/Gear.Model.cs,26,0.095f,vehicles.gear.platingTopValue5,x,khac,02,1,manual:static array table (FloatArray / IntArray entry),,"table: private static readonly float[] PlatingTop = { 0.02f, 0.035f, 0.055f, 0.075f, 0.095f };"
Game/Match/Gear.Model.cs,44,0.4f,vehicles.gear.levelShareLevelAdd,share,tran,02,1,inline,,"add: return 0.4f + 0.6f * (level - 1) / Mathf.Max(1, cap - 1);"
Game/Match/Gear.Model.cs,44,0.6f,vehicles.gear.levelShareLevelScale,share,tran,02,1,inline,,"multiply: return 0.4f + 0.6f * (level - 1) / Mathf.Max(1, cap - 1);"
Game/Match/Gear.Model.cs,52,4,vehicles.gear.implicitValueRarityMax,x,nguong,02,1,inline,,"math_clamp: return b.Top[Mathf.Clamp(item.rarity, 0, 4)] * (b.Flat ? 1f : LevelShare(item));"
Game/Match/Gear.Model.cs,60,4,vehicles.gear.implicit2ValueRarityMax,x,nguong,02,1,inline,,"math_clamp: return b.Top2[Mathf.Clamp(item.rarity, 0, 4)] * LevelShare(item);"
Game/Match/Gear.Model.cs,70,4,vehicles.gear.penaltyValueRarityMax,x,nguong,02,1,inline,,"math_clamp: return b != null && b.TradeOff ? b.PenaltyTop[Mathf.Clamp(item.rarity, 0, 4)] * LevelShare(item) : 0f;"
Game/Match/Gear.Model.cs,88,0.6f,vehicles.gear.subValueRollMin,m,ban_kinh,02,1,inline,,"math_clamp: var top = def.Values[Mathf.Clamp(item.rarity - 1, 0, def.Values.Length - 1)] * Mathf.Clamp(sub.roll, 0.6f, 1f);"
Game/Match/Gear.Model.cs,89,0.25f,vehicles.gear.subValueSubBumpsScale,x,khac,02,1,inline,,multiply: return top * (1f + 0.25f * SubBumps(item)) / (1f + 0.25f * item.rarity);
Game/Match/Gear.Model.cs,89,0.25f,vehicles.gear.subValueRarityScale,x,khac,02,2,inline,,multiply: return top * (1f + 0.25f * SubBumps(item)) / (1f + 0.25f * item.rarity);
Game/Match/Gear.Model.cs,199,486187739,vehicles.gear.rngForSeedScale,x,khac,02,1,inline,,multiply: new(unchecked(item.seed * 486187739 + item.id * 7919 + item.rarity * 104729 + salt * 31));
Game/Match/Gear.Model.cs,199,7919,vehicles.gear.rngForIdScale,x,khac,02,1,inline,,multiply: new(unchecked(item.seed * 486187739 + item.id * 7919 + item.rarity * 104729 + salt * 31));
Game/Match/Gear.Model.cs,199,104729,vehicles.gear.rngForRarityScale,x,khac,02,1,inline,,multiply: new(unchecked(item.seed * 486187739 + item.id * 7919 + item.rarity * 104729 + salt * 31));
Game/Match/Gear.Model.cs,199,31,vehicles.gear.rngForSaltScale,x,khac,02,1,inline,,multiply: new(unchecked(item.seed * 486187739 + item.id * 7919 + item.rarity * 104729 + salt * 31));
Game/Match/Gear.Model.cs,210,3f,vehicles.gear.pickBaseBranchesTrue,x,khac,02,1,inline,,conditional: var w = (b.Branches & deck) != 0 ? 3f : 1f;
Game/Match/Gear.Model.cs,237,3f,vehicles.gear.moduleWeightBranchesTrue,x,khac,02,1,inline,,"conditional: private static float ModuleWeight(ModuleDef m, BranchMask deck) => m.Branches == BranchMask.None ? 0f : (m.Branches & deck) != 0 ? 3f : 1f;"
Game/Match/Gear.Model.cs,245,4,vehicles.gear.fillSubsRarityMax,count,gioi_han_thuc_the,02,1,inline,,"math_clamp: var want = b != null && b.NoSubs ? 0 : SubCount[Mathf.Clamp(item.rarity, 0, 4)];"
Game/Match/Gear.Model.cs,278,0.6f,vehicles.gear.fillSubsNextDoubleAdd,share,xac_suat,02,1,inline,,"add: item.subs.Add(new GearSub { stat = (int)pick.Stat, roll = 0.6f + 0.4f * (float)rng.NextDouble() });"
Game/Match/Gear.Model.cs,278,0.4f,vehicles.gear.fillSubsNextDoubleScale,share,xac_suat,02,1,inline,,"multiply: item.subs.Add(new GearSub { stat = (int)pick.Stat, roll = 0.6f + 0.4f * (float)rng.NextDouble() });"
Game/Match/Gear.Model.cs,286,3,vehicles.gear.traitCandidatesCount,share,xac_suat,02,1,manual:parameter default,,"param_default: public static List<string> TraitCandidates(GearSlot slot, BranchMask deck, System.Random rng, int count = 3, BranchMask fits = BranchMask.All,"
Game/Match/Gear.Model.cs,319,3,vehicles.gear.rollTraitCount,share,xac_suat,02,1,inline,,"arg:Gear.TraitCandidates: : TraitCandidates(item.Slot, deck == BranchMask.None ? BranchMask.All : deck, rng, 3, fits, BaseOf(item));"
Game/Match/Gear.Model.cs,429,3,vehicles.gear.legacyPlatingSlot,x,khac,02,1,const_to_property,,const_field: internal const int LegacyPlatingSlot = 3;
Game/Match/GearCatalog.cs,76,1f,vehicles.baseTypeDef.mainScale,x,khac,02,1,inline,,property_init: public float MainScale { get; set; } = 1f;
Game/Match/GearCatalog.cs,84,99,vehicles.baseTypeDef.extraFrom,x,khac,02,1,inline,,property_init: public int ExtraFrom { get; set; } = 99;
Game/Match/GearCatalog.cs,134,2,vehicles.traitDef.atLengthMin,m,ban_kinh,02,1,inline,,"compare: return new GearTrait(Id, v.Length > 0 ? v[0] : 0f, v.Length > 1 ? v[1] : 0f, v.Length > 2 ? v[2] : 0f);"
Game/Match/GearCatalog.cs,237,0.02f,vehicles.gearCatalog.basesV,m,ban_kinh,02,1,manual:static array table (FloatArray / IntArray entry),,"arg:GearCatalog.V: new(""long_barrel"", GearSlot.Weapon, StatId.Range, V(0.02f, 0.03f, 0.04f, 0.06f, 0.08f)),"
Game/Match/GearCatalog.cs,237,0.03f,vehicles.gearCatalog.basesBan,m,ban_kinh,02,1,manual:static array table (FloatArray / IntArray entry),,"arg:GearCatalog.V: new(""long_barrel"", GearSlot.Weapon, StatId.Range, V(0.02f, 0.03f, 0.04f, 0.06f, 0.08f)),"
Game/Match/GearCatalog.cs,237,0.04f,vehicles.gearCatalog.basesBan2,m,ban_kinh,02,1,manual:static array table (FloatArray / IntArray entry),,"arg:GearCatalog.V: new(""long_barrel"", GearSlot.Weapon, StatId.Range, V(0.02f, 0.03f, 0.04f, 0.06f, 0.08f)),"
Game/Match/GearCatalog.cs,237,0.06f,vehicles.gearCatalog.basesBan3,m,ban_kinh,02,1,manual:static array table (FloatArray / IntArray entry),,"arg:GearCatalog.V: new(""long_barrel"", GearSlot.Weapon, StatId.Range, V(0.02f, 0.03f, 0.04f, 0.06f, 0.08f)),"
Game/Match/GearCatalog.cs,237,0.08f,vehicles.gearCatalog.basesBan4,m,ban_kinh,02,1,manual:static array table (FloatArray / IntArray entry),,"arg:GearCatalog.V: new(""long_barrel"", GearSlot.Weapon, StatId.Range, V(0.02f, 0.03f, 0.04f, 0.06f, 0.08f)),"
Game/Match/GearCatalog.cs,239,0.4f,vehicles.gearCatalog.basesV2,x,sat_thuong,02,1,manual:static array table (FloatArray / IntArray entry),,"arg:GearCatalog.V: new(""tungsten_penetrator"", GearSlot.Weapon, StatId.Penetration, V(0.4f, 0.55f, 0.7f, 0.85f, 1f)),"
Game/Match/GearCatalog.cs,239,0.55f,vehicles.gearCatalog.basesSat,x,sat_thuong,02,1,manual:static array table (FloatArray / IntArray entry),,"arg:GearCatalog.V: new(""tungsten_penetrator"", GearSlot.Weapon, StatId.Penetration, V(0.4f, 0.55f, 0.7f, 0.85f, 1f)),"
Game/Match/GearCatalog.cs,239,0.7f,vehicles.gearCatalog.basesSat2,x,sat_thuong,02,1,manual:static array table (FloatArray / IntArray entry),,"arg:GearCatalog.V: new(""tungsten_penetrator"", GearSlot.Weapon, StatId.Penetration, V(0.4f, 0.55f, 0.7f, 0.85f, 1f)),"
Game/Match/GearCatalog.cs,239,0.85f,vehicles.gearCatalog.basesSat3,x,sat_thuong,02,1,manual:static array table (FloatArray / IntArray entry),,"arg:GearCatalog.V: new(""tungsten_penetrator"", GearSlot.Weapon, StatId.Penetration, V(0.4f, 0.55f, 0.7f, 0.85f, 1f)),"
Game/Match/GearCatalog.cs,240,0.05f,vehicles.gearCatalog.basesV3,x,sat_thuong,02,1,manual:static array table (FloatArray / IntArray entry),,"arg:GearCatalog.V: new(""he_frag_filler"", GearSlot.Weapon, StatId.Splash, V(0.05f, 0.08f, 0.12f, 0.16f, 0.2f)),"
Game/Match/GearCatalog.cs,240,0.08f,vehicles.gearCatalog.basesSat4,x,sat_thuong,02,1,manual:static array table (FloatArray / IntArray entry),,"arg:GearCatalog.V: new(""he_frag_filler"", GearSlot.Weapon, StatId.Splash, V(0.05f, 0.08f, 0.12f, 0.16f, 0.2f)),"
Game/Match/GearCatalog.cs,240,0.12f,vehicles.gearCatalog.basesSat5,x,sat_thuong,02,1,manual:static array table (FloatArray / IntArray entry),,"arg:GearCatalog.V: new(""he_frag_filler"", GearSlot.Weapon, StatId.Splash, V(0.05f, 0.08f, 0.12f, 0.16f, 0.2f)),"
Game/Match/GearCatalog.cs,240,0.16f,vehicles.gearCatalog.basesSat6,x,sat_thuong,02,1,manual:static array table (FloatArray / IntArray entry),,"arg:GearCatalog.V: new(""he_frag_filler"", GearSlot.Weapon, StatId.Splash, V(0.05f, 0.08f, 0.12f, 0.16f, 0.2f)),"
Game/Match/GearCatalog.cs,240,0.2f,vehicles.gearCatalog.basesSat7,x,sat_thuong,02,1,manual:static array table (FloatArray / IntArray entry),,"arg:GearCatalog.V: new(""he_frag_filler"", GearSlot.Weapon, StatId.Splash, V(0.05f, 0.08f, 0.12f, 0.16f, 0.2f)),"
Game/Match/GearCatalog.cs,241,0.05f,vehicles.gearCatalog.basesV3,x,sat_thuong,02,1,manual:static array table (FloatArray / IntArray entry),,"arg:GearCatalog.V: new(""proximity_fuze"", GearSlot.Weapon, StatId.DamageVsAir, V(0.05f, 0.08f, 0.12f, 0.16f, 0.2f)),"
Game/Match/GearCatalog.cs,241,0.08f,vehicles.gearCatalog.basesSat4,x,sat_thuong,02,1,manual:static array table (FloatArray / IntArray entry),,"arg:GearCatalog.V: new(""proximity_fuze"", GearSlot.Weapon, StatId.DamageVsAir, V(0.05f, 0.08f, 0.12f, 0.16f, 0.2f)),"
Game/Match/GearCatalog.cs,241,0.12f,vehicles.gearCatalog.basesSat5,x,sat_thuong,02,1,manual:static array table (FloatArray / IntArray entry),,"arg:GearCatalog.V: new(""proximity_fuze"", GearSlot.Weapon, StatId.DamageVsAir, V(0.05f, 0.08f, 0.12f, 0.16f, 0.2f)),"
Game/Match/GearCatalog.cs,241,0.16f,vehicles.gearCatalog.basesSat6,x,sat_thuong,02,1,manual:static array table (FloatArray / IntArray entry),,"arg:GearCatalog.V: new(""proximity_fuze"", GearSlot.Weapon, StatId.DamageVsAir, V(0.05f, 0.08f, 0.12f, 0.16f, 0.2f)),"
Game/Match/GearCatalog.cs,241,0.2f,vehicles.gearCatalog.basesSat7,x,sat_thuong,02,1,manual:static array table (FloatArray / IntArray entry),,"arg:GearCatalog.V: new(""proximity_fuze"", GearSlot.Weapon, StatId.DamageVsAir, V(0.05f, 0.08f, 0.12f, 0.16f, 0.2f)),"
Game/Match/GearCatalog.cs,242,0.06f,vehicles.gearCatalog.basesV4,x,sat_thuong,02,1,manual:static array table (FloatArray / IntArray entry),,"arg:GearCatalog.V: new(""bunker_buster"", GearSlot.Weapon, StatId.DamageVsStructure, V(0.06f, 0.09f, 0.13f, 0.18f, 0.24f)),"
Game/Match/GearCatalog.cs,242,0.09f,vehicles.gearCatalog.basesSat8,x,sat_thuong,02,1,manual:static array table (FloatArray / IntArray entry),,"arg:GearCatalog.V: new(""bunker_buster"", GearSlot.Weapon, StatId.DamageVsStructure, V(0.06f, 0.09f, 0.13f, 0.18f, 0.24f)),"
Game/Match/GearCatalog.cs,242,0.13f,vehicles.gearCatalog.basesSat9,x,sat_thuong,02,1,manual:static array table (FloatArray / IntArray entry),,"arg:GearCatalog.V: new(""bunker_buster"", GearSlot.Weapon, StatId.DamageVsStructure, V(0.06f, 0.09f, 0.13f, 0.18f, 0.24f)),"
Game/Match/GearCatalog.cs,242,0.18f,vehicles.gearCatalog.basesSat10,x,sat_thuong,02,1,manual:static array table (FloatArray / IntArray entry),,"arg:GearCatalog.V: new(""bunker_buster"", GearSlot.Weapon, StatId.DamageVsStructure, V(0.06f, 0.09f, 0.13f, 0.18f, 0.24f)),"
Game/Match/GearCatalog.cs,242,0.24f,vehicles.gearCatalog.basesSat11,x,sat_thuong,02,1,manual:static array table (FloatArray / IntArray entry),,"arg:GearCatalog.V: new(""bunker_buster"", GearSlot.Weapon, StatId.DamageVsStructure, V(0.06f, 0.09f, 0.13f, 0.18f, 0.24f)),"
Game/Match/GearCatalog.cs,243,0.08f,vehicles.gearCatalog.basesBan4,m,ban_kinh,02,1,manual:static array table (FloatArray / IntArray entry),,"arg:GearCatalog.V: new(""heavy_barrel"", GearSlot.Weapon, StatId.Range, V(0f, 0f, 0.08f, 0.1f, 0.12f))"
Game/Match/GearCatalog.cs,243,0.1f,vehicles.gearCatalog.basesBan5,m,ban_kinh,02,1,manual:static array table (FloatArray / IntArray entry),,"arg:GearCatalog.V: new(""heavy_barrel"", GearSlot.Weapon, StatId.Range, V(0f, 0f, 0.08f, 0.1f, 0.12f))"
Game/Match/GearCatalog.cs,243,0.12f,vehicles.gearCatalog.basesBan6,m,ban_kinh,02,1,manual:static array table (FloatArray / IntArray entry),,"arg:GearCatalog.V: new(""heavy_barrel"", GearSlot.Weapon, StatId.Range, V(0f, 0f, 0.08f, 0.1f, 0.12f))"
Game/Match/GearCatalog.cs,244,0.05f,vehicles.gearCatalog.basesTan,x,tan_suat,02,1,manual:static array table (FloatArray / IntArray entry),,"arg:GearCatalog.V: { Penalty = StatId.Speed, PenaltyTop = V(0f, 0f, -0.05f, -0.06f, -0.07f), MinRarity = 2 },"
Game/Match/GearCatalog.cs,244,0.06f,vehicles.gearCatalog.basesTan2,x,tan_suat,02,1,manual:static array table (FloatArray / IntArray entry),,"arg:GearCatalog.V: { Penalty = StatId.Speed, PenaltyTop = V(0f, 0f, -0.05f, -0.06f, -0.07f), MinRarity = 2 },"
Game/Match/GearCatalog.cs,244,0.07f,vehicles.gearCatalog.basesTan3,x,tan_suat,02,1,manual:static array table (FloatArray / IntArray entry),,"arg:GearCatalog.V: { Penalty = StatId.Speed, PenaltyTop = V(0f, 0f, -0.05f, -0.06f, -0.07f), MinRarity = 2 },"
Game/Match/GearCatalog.cs,244,2,vehicles.gearCatalog.basesMinRarity,x,tan_suat,02,1,manual:static array table (FloatArray / IntArray entry),,"object_init: { Penalty = StatId.Speed, PenaltyTop = V(0f, 0f, -0.05f, -0.06f, -0.07f), MinRarity = 2 },"
Game/Match/GearCatalog.cs,247,0.05f,vehicles.gearCatalog.basesV3,x,sat_thuong,02,1,manual:static array table (FloatArray / IntArray entry),,"arg:GearCatalog.V: new(""flanking_rounds"", GearSlot.Weapon, StatId.DamageFlank, V(0.05f, 0.08f, 0.12f, 0.16f, 0.2f)),"
Game/Match/GearCatalog.cs,247,0.08f,vehicles.gearCatalog.basesSat4,x,sat_thuong,02,1,manual:static array table (FloatArray / IntArray entry),,"arg:GearCatalog.V: new(""flanking_rounds"", GearSlot.Weapon, StatId.DamageFlank, V(0.05f, 0.08f, 0.12f, 0.16f, 0.2f)),"
Game/Match/GearCatalog.cs,247,0.12f,vehicles.gearCatalog.basesSat5,x,sat_thuong,02,1,manual:static array table (FloatArray / IntArray entry),,"arg:GearCatalog.V: new(""flanking_rounds"", GearSlot.Weapon, StatId.DamageFlank, V(0.05f, 0.08f, 0.12f, 0.16f, 0.2f)),"
Game/Match/GearCatalog.cs,247,0.16f,vehicles.gearCatalog.basesSat6,x,sat_thuong,02,1,manual:static array table (FloatArray / IntArray entry),,"arg:GearCatalog.V: new(""flanking_rounds"", GearSlot.Weapon, StatId.DamageFlank, V(0.05f, 0.08f, 0.12f, 0.16f, 0.2f)),"
Game/Match/GearCatalog.cs,247,0.2f,vehicles.gearCatalog.basesSat7,x,sat_thuong,02,1,manual:static array table (FloatArray / IntArray entry),,"arg:GearCatalog.V: new(""flanking_rounds"", GearSlot.Weapon, StatId.DamageFlank, V(0.05f, 0.08f, 0.12f, 0.16f, 0.2f)),"
Game/Match/GearCatalog.cs,248,0.08f,vehicles.gearCatalog.basesV5,x,sat_thuong,02,1,manual:static array table (FloatArray / IntArray entry),,"arg:GearCatalog.V: new(""airburst_rounds"", GearSlot.Weapon, StatId.DamageVsDrone, V(0.08f, 0.12f, 0.18f, 0.24f, 0.3f)),"
Game/Match/GearCatalog.cs,248,0.12f,vehicles.gearCatalog.basesSat5,x,sat_thuong,02,1,manual:static array table (FloatArray / IntArray entry),,"arg:GearCatalog.V: new(""airburst_rounds"", GearSlot.Weapon, StatId.DamageVsDrone, V(0.08f, 0.12f, 0.18f, 0.24f, 0.3f)),"
Game/Match/GearCatalog.cs,248,0.18f,vehicles.gearCatalog.basesSat10,x,sat_thuong,02,1,manual:static array table (FloatArray / IntArray entry),,"arg:GearCatalog.V: new(""airburst_rounds"", GearSlot.Weapon, StatId.DamageVsDrone, V(0.08f, 0.12f, 0.18f, 0.24f, 0.3f)),"
Game/Match/GearCatalog.cs,248,0.24f,vehicles.gearCatalog.basesSat11,x,sat_thuong,02,1,manual:static array table (FloatArray / IntArray entry),,"arg:GearCatalog.V: new(""airburst_rounds"", GearSlot.Weapon, StatId.DamageVsDrone, V(0.08f, 0.12f, 0.18f, 0.24f, 0.3f)),"
Game/Match/GearCatalog.cs,248,0.3f,vehicles.gearCatalog.basesSat12,x,sat_thuong,02,1,manual:static array table (FloatArray / IntArray entry),,"arg:GearCatalog.V: new(""airburst_rounds"", GearSlot.Weapon, StatId.DamageVsDrone, V(0.08f, 0.12f, 0.18f, 0.24f, 0.3f)),"
Game/Match/GearCatalog.cs,251,0.05f,vehicles.gearCatalog.basesV3,s,thoi_gian,02,1,manual:static array table (FloatArray / IntArray entry),,"arg:GearCatalog.V: new(""carousel_autoloader"", GearSlot.Loader, StatId.MagazineReload, V(0.05f, 0.08f, 0.12f, 0.16f, 0.2f)),"
Game/Match/GearCatalog.cs,251,0.08f,vehicles.gearCatalog.basesThoi,s,thoi_gian,02,1,manual:static array table (FloatArray / IntArray entry),,"arg:GearCatalog.V: new(""carousel_autoloader"", GearSlot.Loader, StatId.MagazineReload, V(0.05f, 0.08f, 0.12f, 0.16f, 0.2f)),"
Game/Match/GearCatalog.cs,251,0.12f,vehicles.gearCatalog.basesThoi2,s,thoi_gian,02,1,manual:static array table (FloatArray / IntArray entry),,"arg:GearCatalog.V: new(""carousel_autoloader"", GearSlot.Loader, StatId.MagazineReload, V(0.05f, 0.08f, 0.12f, 0.16f, 0.2f)),"
Game/Match/GearCatalog.cs,251,0.16f,vehicles.gearCatalog.basesThoi3,s,thoi_gian,02,1,manual:static array table (FloatArray / IntArray entry),,"arg:GearCatalog.V: new(""carousel_autoloader"", GearSlot.Loader, StatId.MagazineReload, V(0.05f, 0.08f, 0.12f, 0.16f, 0.2f)),"
Game/Match/GearCatalog.cs,251,0.2f,vehicles.gearCatalog.basesThoi4,s,thoi_gian,02,1,manual:static array table (FloatArray / IntArray entry),,"arg:GearCatalog.V: new(""carousel_autoloader"", GearSlot.Loader, StatId.MagazineReload, V(0.05f, 0.08f, 0.12f, 0.16f, 0.2f)),"
Game/Match/GearCatalog.cs,252,0.1f,vehicles.gearCatalog.basesV6,x,khac,02,1,manual:static array table (FloatArray / IntArray entry),,"arg:GearCatalog.V: new(""extended_ammo_rack"", GearSlot.Loader, StatId.Magazine, V(0.1f, 0.15f, 0.2f, 0.25f, 0.3f)),"
Game/Match/GearCatalog.cs,252,0.15f,vehicles.gearCatalog.basesValue,x,khac,02,1,manual:static array table (FloatArray / IntArray entry),,"arg:GearCatalog.V: new(""extended_ammo_rack"", GearSlot.Loader, StatId.Magazine, V(0.1f, 0.15f, 0.2f, 0.25f, 0.3f)),"
Game/Match/GearCatalog.cs,252,0.2f,vehicles.gearCatalog.basesValue2,x,khac,02,1,manual:static array table (FloatArray / IntArray entry),,"arg:GearCatalog.V: new(""extended_ammo_rack"", GearSlot.Loader, StatId.Magazine, V(0.1f, 0.15f, 0.2f, 0.25f, 0.3f)),"
Game/Match/GearCatalog.cs,252,0.25f,vehicles.gearCatalog.basesValue3,x,khac,02,1,manual:static array table (FloatArray / IntArray entry),,"arg:GearCatalog.V: new(""extended_ammo_rack"", GearSlot.Loader, StatId.Magazine, V(0.1f, 0.15f, 0.2f, 0.25f, 0.3f)),"
Game/Match/GearCatalog.cs,252,0.3f,vehicles.gearCatalog.basesValue4,x,khac,02,1,manual:static array table (FloatArray / IntArray entry),,"arg:GearCatalog.V: new(""extended_ammo_rack"", GearSlot.Loader, StatId.Magazine, V(0.1f, 0.15f, 0.2f, 0.25f, 0.3f)),"
Game/Match/GearCatalog.cs,253,0.08f,vehicles.gearCatalog.basesV5,s,thoi_gian,02,1,manual:static array table (FloatArray / IntArray entry),,"arg:GearCatalog.V: new(""belt_feed"", GearSlot.Loader, StatId.SecondaryFireRate, V(0.08f, 0.12f, 0.16f, 0.2f, 0.25f)),"
Game/Match/GearCatalog.cs,253,0.12f,vehicles.gearCatalog.basesThoi2,s,thoi_gian,02,1,manual:static array table (FloatArray / IntArray entry),,"arg:GearCatalog.V: new(""belt_feed"", GearSlot.Loader, StatId.SecondaryFireRate, V(0.08f, 0.12f, 0.16f, 0.2f, 0.25f)),"
Game/Match/GearCatalog.cs,253,0.16f,vehicles.gearCatalog.basesThoi3,s,thoi_gian,02,1,manual:static array table (FloatArray / IntArray entry),,"arg:GearCatalog.V: new(""belt_feed"", GearSlot.Loader, StatId.SecondaryFireRate, V(0.08f, 0.12f, 0.16f, 0.2f, 0.25f)),"
Game/Match/GearCatalog.cs,253,0.2f,vehicles.gearCatalog.basesThoi4,s,thoi_gian,02,1,manual:static array table (FloatArray / IntArray entry),,"arg:GearCatalog.V: new(""belt_feed"", GearSlot.Loader, StatId.SecondaryFireRate, V(0.08f, 0.12f, 0.16f, 0.2f, 0.25f)),"
Game/Match/GearCatalog.cs,253,0.25f,vehicles.gearCatalog.basesThoi5,s,thoi_gian,02,1,manual:static array table (FloatArray / IntArray entry),,"arg:GearCatalog.V: new(""belt_feed"", GearSlot.Loader, StatId.SecondaryFireRate, V(0.08f, 0.12f, 0.16f, 0.2f, 0.25f)),"
Game/Match/GearCatalog.cs,254,0.1f,vehicles.gearCatalog.basesV6,s,thoi_gian,02,1,manual:static array table (FloatArray / IntArray entry),,"arg:GearCatalog.V: new(""salvo_rack"", GearSlot.Loader, StatId.SalvoInterval, V(0.1f, 0.15f, 0.2f, 0.25f, 0.3f)),"
Game/Match/GearCatalog.cs,254,0.15f,vehicles.gearCatalog.basesThoi6,s,thoi_gian,02,1,manual:static array table (FloatArray / IntArray entry),,"arg:GearCatalog.V: new(""salvo_rack"", GearSlot.Loader, StatId.SalvoInterval, V(0.1f, 0.15f, 0.2f, 0.25f, 0.3f)),"
Game/Match/GearCatalog.cs,254,0.2f,vehicles.gearCatalog.basesThoi4,s,thoi_gian,02,1,manual:static array table (FloatArray / IntArray entry),,"arg:GearCatalog.V: new(""salvo_rack"", GearSlot.Loader, StatId.SalvoInterval, V(0.1f, 0.15f, 0.2f, 0.25f, 0.3f)),"
Game/Match/GearCatalog.cs,254,0.25f,vehicles.gearCatalog.basesThoi5,s,thoi_gian,02,1,manual:static array table (FloatArray / IntArray entry),,"arg:GearCatalog.V: new(""salvo_rack"", GearSlot.Loader, StatId.SalvoInterval, V(0.1f, 0.15f, 0.2f, 0.25f, 0.3f)),"
Game/Match/GearCatalog.cs,254,0.3f,vehicles.gearCatalog.basesThoi7,s,thoi_gian,02,1,manual:static array table (FloatArray / IntArray entry),,"arg:GearCatalog.V: new(""salvo_rack"", GearSlot.Loader, StatId.SalvoInterval, V(0.1f, 0.15f, 0.2f, 0.25f, 0.3f)),"
Game/Match/GearCatalog.cs,255,0.1f,vehicles.gearCatalog.basesTan4,x,tan_suat,02,1,manual:static array table (FloatArray / IntArray entry),,"arg:GearCatalog.V: new(""hair_trigger"", GearSlot.Loader, StatId.FireRate, V(0f, 0f, 0.1f, 0.12f, 0.15f))"
Game/Match/GearCatalog.cs,255,0.12f,vehicles.gearCatalog.basesTan5,x,tan_suat,02,1,manual:static array table (FloatArray / IntArray entry),,"arg:GearCatalog.V: new(""hair_trigger"", GearSlot.Loader, StatId.FireRate, V(0f, 0f, 0.1f, 0.12f, 0.15f))"
Game/Match/GearCatalog.cs,255,0.15f,vehicles.gearCatalog.basesTan6,x,tan_suat,02,1,manual:static array table (FloatArray / IntArray entry),,"arg:GearCatalog.V: new(""hair_trigger"", GearSlot.Loader, StatId.FireRate, V(0f, 0f, 0.1f, 0.12f, 0.15f))"
Game/Match/GearCatalog.cs,256,0.1f,vehicles.gearCatalog.basesNguong,x,nguong,02,1,manual:static array table (FloatArray / IntArray entry),,"arg:GearCatalog.V: { Penalty = StatId.Spread, PenaltyTop = V(0f, 0f, -0.1f, -0.12f, -0.14f), MinRarity = 2 },"
Game/Match/GearCatalog.cs,256,0.12f,vehicles.gearCatalog.basesNguong2,x,nguong,02,1,manual:static array table (FloatArray / IntArray entry),,"arg:GearCatalog.V: { Penalty = StatId.Spread, PenaltyTop = V(0f, 0f, -0.1f, -0.12f, -0.14f), MinRarity = 2 },"
Game/Match/GearCatalog.cs,256,0.14f,vehicles.gearCatalog.basesNguong3,x,nguong,02,1,manual:static array table (FloatArray / IntArray entry),,"arg:GearCatalog.V: { Penalty = StatId.Spread, PenaltyTop = V(0f, 0f, -0.1f, -0.12f, -0.14f), MinRarity = 2 },"
Game/Match/GearCatalog.cs,256,2,vehicles.gearCatalog.basesMinRarity,x,nguong,02,1,manual:static array table (FloatArray / IntArray entry),,"object_init: { Penalty = StatId.Spread, PenaltyTop = V(0f, 0f, -0.1f, -0.12f, -0.14f), MinRarity = 2 },"
Game/Match/GearCatalog.cs,258,0.4f,vehicles.gearCatalog.basesV2,x,khac,02,1,manual:static array table (FloatArray / IntArray entry),,"arg:GearCatalog.V: new(""spare_magazine"", GearSlot.Loader, StatId.SpareMagazine, V(0.4f, 0.55f, 0.7f, 0.85f, 1f)) { Flat = true },"
Game/Match/GearCatalog.cs,258,0.55f,vehicles.gearCatalog.basesValue5,x,khac,02,1,manual:static array table (FloatArray / IntArray entry),,"arg:GearCatalog.V: new(""spare_magazine"", GearSlot.Loader, StatId.SpareMagazine, V(0.4f, 0.55f, 0.7f, 0.85f, 1f)) { Flat = true },"
Game/Match/GearCatalog.cs,258,0.7f,vehicles.gearCatalog.basesValue6,x,khac,02,1,manual:static array table (FloatArray / IntArray entry),,"arg:GearCatalog.V: new(""spare_magazine"", GearSlot.Loader, StatId.SpareMagazine, V(0.4f, 0.55f, 0.7f, 0.85f, 1f)) { Flat = true },"
Game/Match/GearCatalog.cs,258,0.85f,vehicles.gearCatalog.basesValue7,x,khac,02,1,manual:static array table (FloatArray / IntArray entry),,"arg:GearCatalog.V: new(""spare_magazine"", GearSlot.Loader, StatId.SpareMagazine, V(0.4f, 0.55f, 0.7f, 0.85f, 1f)) { Flat = true },"
Game/Match/GearCatalog.cs,261,0.04f,vehicles.gearCatalog.basesV7,x,sat_thuong,02,1,manual:static array table (FloatArray / IntArray entry),,"arg:GearCatalog.V: new(""composite_addon"", GearSlot.Armor, StatId.ResistShapedCharge, V(0.04f, 0.06f, 0.09f, 0.12f, 0.15f)),"
Game/Match/GearCatalog.cs,261,0.06f,vehicles.gearCatalog.basesSat13,x,sat_thuong,02,1,manual:static array table (FloatArray / IntArray entry),,"arg:GearCatalog.V: new(""composite_addon"", GearSlot.Armor, StatId.ResistShapedCharge, V(0.04f, 0.06f, 0.09f, 0.12f, 0.15f)),"
Game/Match/GearCatalog.cs,261,0.09f,vehicles.gearCatalog.basesSat8,x,sat_thuong,02,1,manual:static array table (FloatArray / IntArray entry),,"arg:GearCatalog.V: new(""composite_addon"", GearSlot.Armor, StatId.ResistShapedCharge, V(0.04f, 0.06f, 0.09f, 0.12f, 0.15f)),"
Game/Match/GearCatalog.cs,261,0.12f,vehicles.gearCatalog.basesSat5,x,sat_thuong,02,1,manual:static array table (FloatArray / IntArray entry),,"arg:GearCatalog.V: new(""composite_addon"", GearSlot.Armor, StatId.ResistShapedCharge, V(0.04f, 0.06f, 0.09f, 0.12f, 0.15f)),"
Game/Match/GearCatalog.cs,261,0.15f,vehicles.gearCatalog.basesSat14,x,sat_thuong,02,1,manual:static array table (FloatArray / IntArray entry),,"arg:GearCatalog.V: new(""composite_addon"", GearSlot.Armor, StatId.ResistShapedCharge, V(0.04f, 0.06f, 0.09f, 0.12f, 0.15f)),"
Game/Match/GearCatalog.cs,262,0.04f,vehicles.gearCatalog.basesV7,x,sat_thuong,02,1,manual:static array table (FloatArray / IntArray entry),,"arg:GearCatalog.V: new(""spall_liner"", GearSlot.Armor, StatId.ResistHighExplosive, V(0.04f, 0.06f, 0.09f, 0.12f, 0.15f)),"
Game/Match/GearCatalog.cs,262,0.06f,vehicles.gearCatalog.basesSat13,x,sat_thuong,02,1,manual:static array table (FloatArray / IntArray entry),,"arg:GearCatalog.V: new(""spall_liner"", GearSlot.Armor, StatId.ResistHighExplosive, V(0.04f, 0.06f, 0.09f, 0.12f, 0.15f)),"
Game/Match/GearCatalog.cs,262,0.09f,vehicles.gearCatalog.basesSat8,x,sat_thuong,02,1,manual:static array table (FloatArray / IntArray entry),,"arg:GearCatalog.V: new(""spall_liner"", GearSlot.Armor, StatId.ResistHighExplosive, V(0.04f, 0.06f, 0.09f, 0.12f, 0.15f)),"
Game/Match/GearCatalog.cs,262,0.12f,vehicles.gearCatalog.basesSat5,x,sat_thuong,02,1,manual:static array table (FloatArray / IntArray entry),,"arg:GearCatalog.V: new(""spall_liner"", GearSlot.Armor, StatId.ResistHighExplosive, V(0.04f, 0.06f, 0.09f, 0.12f, 0.15f)),"
Game/Match/GearCatalog.cs,262,0.15f,vehicles.gearCatalog.basesSat14,x,sat_thuong,02,1,manual:static array table (FloatArray / IntArray entry),,"arg:GearCatalog.V: new(""spall_liner"", GearSlot.Armor, StatId.ResistHighExplosive, V(0.04f, 0.06f, 0.09f, 0.12f, 0.15f)),"
Game/Match/GearCatalog.cs,264,0.4f,vehicles.gearCatalog.basesV2,x,sat_thuong,02,1,manual:static array table (FloatArray / IntArray entry),,"arg:GearCatalog.V: new(""applique_steel"", GearSlot.Armor, StatId.ArmourSide, V(0.4f, 0.55f, 0.7f, 0.85f, 1f)),"
Game/Match/GearCatalog.cs,264,0.55f,vehicles.gearCatalog.basesSat,x,sat_thuong,02,1,manual:static array table (FloatArray / IntArray entry),,"arg:GearCatalog.V: new(""applique_steel"", GearSlot.Armor, StatId.ArmourSide, V(0.4f, 0.55f, 0.7f, 0.85f, 1f)),"
Game/Match/GearCatalog.cs,264,0.7f,vehicles.gearCatalog.basesSat2,x,sat_thuong,02,1,manual:static array table (FloatArray / IntArray entry),,"arg:GearCatalog.V: new(""applique_steel"", GearSlot.Armor, StatId.ArmourSide, V(0.4f, 0.55f, 0.7f, 0.85f, 1f)),"
Game/Match/GearCatalog.cs,264,0.85f,vehicles.gearCatalog.basesSat3,x,sat_thuong,02,1,manual:static array table (FloatArray / IntArray entry),,"arg:GearCatalog.V: new(""applique_steel"", GearSlot.Armor, StatId.ArmourSide, V(0.4f, 0.55f, 0.7f, 0.85f, 1f)),"
Game/Match/GearCatalog.cs,265,0.08f,vehicles.gearCatalog.basesV5,x,sat_thuong,02,1,manual:static array table (FloatArray / IntArray entry),,"arg:GearCatalog.V: new(""fire_retardant_hull"", GearSlot.Armor, StatId.ResistFire, V(0.08f, 0.12f, 0.16f, 0.2f, 0.25f)),"
Game/Match/GearCatalog.cs,265,0.12f,vehicles.gearCatalog.basesSat5,x,sat_thuong,02,1,manual:static array table (FloatArray / IntArray entry),,"arg:GearCatalog.V: new(""fire_retardant_hull"", GearSlot.Armor, StatId.ResistFire, V(0.08f, 0.12f, 0.16f, 0.2f, 0.25f)),"
Game/Match/GearCatalog.cs,265,0.16f,vehicles.gearCatalog.basesSat6,x,sat_thuong,02,1,manual:static array table (FloatArray / IntArray entry),,"arg:GearCatalog.V: new(""fire_retardant_hull"", GearSlot.Armor, StatId.ResistFire, V(0.08f, 0.12f, 0.16f, 0.2f, 0.25f)),"
Game/Match/GearCatalog.cs,265,0.2f,vehicles.gearCatalog.basesSat7,x,sat_thuong,02,1,manual:static array table (FloatArray / IntArray entry),,"arg:GearCatalog.V: new(""fire_retardant_hull"", GearSlot.Armor, StatId.ResistFire, V(0.08f, 0.12f, 0.16f, 0.2f, 0.25f)),"
Game/Match/GearCatalog.cs,265,0.25f,vehicles.gearCatalog.basesSat15,x,sat_thuong,02,1,manual:static array table (FloatArray / IntArray entry),,"arg:GearCatalog.V: new(""fire_retardant_hull"", GearSlot.Armor, StatId.ResistFire, V(0.08f, 0.12f, 0.16f, 0.2f, 0.25f)),"
Game/Match/GearCatalog.cs,267,0.4f,vehicles.gearCatalog.basesV2,x,sat_thuong,02,1,manual:static array table (FloatArray / IntArray entry),,"arg:GearCatalog.V: new(""armoured_tub"", GearSlot.Armor, StatId.ArmourAll, V(0.4f, 0.55f, 0.7f, 0.85f, 1f)),"
Game/Match/GearCatalog.cs,267,0.55f,vehicles.gearCatalog.basesSat,x,sat_thuong,02,1,manual:static array table (FloatArray / IntArray entry),,"arg:GearCatalog.V: new(""armoured_tub"", GearSlot.Armor, StatId.ArmourAll, V(0.4f, 0.55f, 0.7f, 0.85f, 1f)),"
Game/Match/GearCatalog.cs,267,0.7f,vehicles.gearCatalog.basesSat2,x,sat_thuong,02,1,manual:static array table (FloatArray / IntArray entry),,"arg:GearCatalog.V: new(""armoured_tub"", GearSlot.Armor, StatId.ArmourAll, V(0.4f, 0.55f, 0.7f, 0.85f, 1f)),"
Game/Match/GearCatalog.cs,267,0.85f,vehicles.gearCatalog.basesSat3,x,sat_thuong,02,1,manual:static array table (FloatArray / IntArray entry),,"arg:GearCatalog.V: new(""armoured_tub"", GearSlot.Armor, StatId.ArmourAll, V(0.4f, 0.55f, 0.7f, 0.85f, 1f)),"
Game/Match/GearCatalog.cs,269,0.04f,vehicles.gearCatalog.basesTan7,x,tan_suat,02,1,manual:static array table (FloatArray / IntArray entry),,"arg:GearCatalog.V: { Penalty = StatId.Speed, PenaltyTop = V(0f, 0f, -0.04f, -0.05f, -0.06f), MinRarity = 2, MainScale = 1.8f, NoSubs = true },"
Game/Match/GearCatalog.cs,269,0.05f,vehicles.gearCatalog.basesTan,x,tan_suat,02,1,manual:static array table (FloatArray / IntArray entry),,"arg:GearCatalog.V: { Penalty = StatId.Speed, PenaltyTop = V(0f, 0f, -0.04f, -0.05f, -0.06f), MinRarity = 2, MainScale = 1.8f, NoSubs = true },"
Game/Match/GearCatalog.cs,269,0.06f,vehicles.gearCatalog.basesTan2,x,tan_suat,02,1,manual:static array table (FloatArray / IntArray entry),,"arg:GearCatalog.V: { Penalty = StatId.Speed, PenaltyTop = V(0f, 0f, -0.04f, -0.05f, -0.06f), MinRarity = 2, MainScale = 1.8f, NoSubs = true },"
Game/Match/GearCatalog.cs,269,2,vehicles.gearCatalog.basesMinRarity,x,tan_suat,02,1,manual:static array table (FloatArray / IntArray entry),,"object_init: { Penalty = StatId.Speed, PenaltyTop = V(0f, 0f, -0.04f, -0.05f, -0.06f), MinRarity = 2, MainScale = 1.8f, NoSubs = true },"
Game/Match/GearCatalog.cs,269,1.8f,vehicles.gearCatalog.basesMainScale,x,tan_suat,02,1,manual:static array table (FloatArray / IntArray entry),,"object_init: { Penalty = StatId.Speed, PenaltyTop = V(0f, 0f, -0.04f, -0.05f, -0.06f), MinRarity = 2, MainScale = 1.8f, NoSubs = true },"
Game/Match/GearCatalog.cs,271,0.06f,vehicles.gearCatalog.basesV4,x,sat_thuong,02,1,manual:static array table (FloatArray / IntArray entry),,"arg:GearCatalog.V: new(""radar_absorbent_coating"", GearSlot.Armor, StatId.LockRange, V(0.06f, 0.09f, 0.13f, 0.16f, 0.2f)),"
Game/Match/GearCatalog.cs,271,0.09f,vehicles.gearCatalog.basesSat8,x,sat_thuong,02,1,manual:static array table (FloatArray / IntArray entry),,"arg:GearCatalog.V: new(""radar_absorbent_coating"", GearSlot.Armor, StatId.LockRange, V(0.06f, 0.09f, 0.13f, 0.16f, 0.2f)),"
Game/Match/GearCatalog.cs,271,0.13f,vehicles.gearCatalog.basesSat9,x,sat_thuong,02,1,manual:static array table (FloatArray / IntArray entry),,"arg:GearCatalog.V: new(""radar_absorbent_coating"", GearSlot.Armor, StatId.LockRange, V(0.06f, 0.09f, 0.13f, 0.16f, 0.2f)),"
Game/Match/GearCatalog.cs,271,0.16f,vehicles.gearCatalog.basesSat6,x,sat_thuong,02,1,manual:static array table (FloatArray / IntArray entry),,"arg:GearCatalog.V: new(""radar_absorbent_coating"", GearSlot.Armor, StatId.LockRange, V(0.06f, 0.09f, 0.13f, 0.16f, 0.2f)),"
Game/Match/GearCatalog.cs,271,0.2f,vehicles.gearCatalog.basesSat7,x,sat_thuong,02,1,manual:static array table (FloatArray / IntArray entry),,"arg:GearCatalog.V: new(""radar_absorbent_coating"", GearSlot.Armor, StatId.LockRange, V(0.06f, 0.09f, 0.13f, 0.16f, 0.2f)),"
Game/Match/GearCatalog.cs,274,0.05f,vehicles.gearCatalog.basesV3,x,sat_thuong,02,1,manual:static array table (FloatArray / IntArray entry),,"arg:GearCatalog.V: new(""frontal_wedge"", GearSlot.Armor, StatId.ResistFrontal, V(0.05f, 0.08f, 0.11f, 0.15f, 0.18f)) { Plating = true },"
Game/Match/GearCatalog.cs,274,0.08f,vehicles.gearCatalog.basesSat4,x,sat_thuong,02,1,manual:static array table (FloatArray / IntArray entry),,"arg:GearCatalog.V: new(""frontal_wedge"", GearSlot.Armor, StatId.ResistFrontal, V(0.05f, 0.08f, 0.11f, 0.15f, 0.18f)) { Plating = true },"
Game/Match/GearCatalog.cs,274,0.11f,vehicles.gearCatalog.basesSat16,x,sat_thuong,02,1,manual:static array table (FloatArray / IntArray entry),,"arg:GearCatalog.V: new(""frontal_wedge"", GearSlot.Armor, StatId.ResistFrontal, V(0.05f, 0.08f, 0.11f, 0.15f, 0.18f)) { Plating = true },"
Game/Match/GearCatalog.cs,274,0.15f,vehicles.gearCatalog.basesSat14,x,sat_thuong,02,1,manual:static array table (FloatArray / IntArray entry),,"arg:GearCatalog.V: new(""frontal_wedge"", GearSlot.Armor, StatId.ResistFrontal, V(0.05f, 0.08f, 0.11f, 0.15f, 0.18f)) { Plating = true },"
Game/Match/GearCatalog.cs,274,0.18f,vehicles.gearCatalog.basesSat10,x,sat_thuong,02,1,manual:static array table (FloatArray / IntArray entry),,"arg:GearCatalog.V: new(""frontal_wedge"", GearSlot.Armor, StatId.ResistFrontal, V(0.05f, 0.08f, 0.11f, 0.15f, 0.18f)) { Plating = true },"
Game/Match/GearCatalog.cs,275,0.06f,vehicles.gearCatalog.basesV4,x,sat_thuong,02,1,manual:static array table (FloatArray / IntArray entry),,"arg:GearCatalog.V: new(""slat_cage"", GearSlot.Armor, StatId.ResistRocket, V(0.06f, 0.09f, 0.13f, 0.17f, 0.22f)) { Plating = true },"
Game/Match/GearCatalog.cs,275,0.09f,vehicles.gearCatalog.basesSat8,x,sat_thuong,02,1,manual:static array table (FloatArray / IntArray entry),,"arg:GearCatalog.V: new(""slat_cage"", GearSlot.Armor, StatId.ResistRocket, V(0.06f, 0.09f, 0.13f, 0.17f, 0.22f)) { Plating = true },"
Game/Match/GearCatalog.cs,275,0.13f,vehicles.gearCatalog.basesSat9,x,sat_thuong,02,1,manual:static array table (FloatArray / IntArray entry),,"arg:GearCatalog.V: new(""slat_cage"", GearSlot.Armor, StatId.ResistRocket, V(0.06f, 0.09f, 0.13f, 0.17f, 0.22f)) { Plating = true },"
Game/Match/GearCatalog.cs,275,0.17f,vehicles.gearCatalog.basesSat17,x,sat_thuong,02,1,manual:static array table (FloatArray / IntArray entry),,"arg:GearCatalog.V: new(""slat_cage"", GearSlot.Armor, StatId.ResistRocket, V(0.06f, 0.09f, 0.13f, 0.17f, 0.22f)) { Plating = true },"
Game/Match/GearCatalog.cs,275,0.22f,vehicles.gearCatalog.basesSat18,x,sat_thuong,02,1,manual:static array table (FloatArray / IntArray entry),,"arg:GearCatalog.V: new(""slat_cage"", GearSlot.Armor, StatId.ResistRocket, V(0.06f, 0.09f, 0.13f, 0.17f, 0.22f)) { Plating = true },"
Game/Match/GearCatalog.cs,276,0.06f,vehicles.gearCatalog.basesV4,x,sat_thuong,02,1,manual:static array table (FloatArray / IntArray entry),,"arg:GearCatalog.V: new(""overhead_screen"", GearSlot.Armor, StatId.ResistIndirect, V(0.06f, 0.09f, 0.13f, 0.17f, 0.22f)) { Plating = true },"
Game/Match/GearCatalog.cs,276,0.09f,vehicles.gearCatalog.basesSat8,x,sat_thuong,02,1,manual:static array table (FloatArray / IntArray entry),,"arg:GearCatalog.V: new(""overhead_screen"", GearSlot.Armor, StatId.ResistIndirect, V(0.06f, 0.09f, 0.13f, 0.17f, 0.22f)) { Plating = true },"
Game/Match/GearCatalog.cs,276,0.13f,vehicles.gearCatalog.basesSat9,x,sat_thuong,02,1,manual:static array table (FloatArray / IntArray entry),,"arg:GearCatalog.V: new(""overhead_screen"", GearSlot.Armor, StatId.ResistIndirect, V(0.06f, 0.09f, 0.13f, 0.17f, 0.22f)) { Plating = true },"
Game/Match/GearCatalog.cs,276,0.17f,vehicles.gearCatalog.basesSat17,x,sat_thuong,02,1,manual:static array table (FloatArray / IntArray entry),,"arg:GearCatalog.V: new(""overhead_screen"", GearSlot.Armor, StatId.ResistIndirect, V(0.06f, 0.09f, 0.13f, 0.17f, 0.22f)) { Plating = true },"
Game/Match/GearCatalog.cs,276,0.22f,vehicles.gearCatalog.basesSat18,x,sat_thuong,02,1,manual:static array table (FloatArray / IntArray entry),,"arg:GearCatalog.V: new(""overhead_screen"", GearSlot.Armor, StatId.ResistIndirect, V(0.06f, 0.09f, 0.13f, 0.17f, 0.22f)) { Plating = true },"
Game/Match/GearCatalog.cs,278,0.05f,vehicles.gearCatalog.basesV3,x,sat_thuong,02,1,manual:static array table (FloatArray / IntArray entry),,"arg:GearCatalog.V: new(""underbelly_armor"", GearSlot.Armor, StatId.ResistBlast, V(0.05f, 0.08f, 0.11f, 0.15f, 0.18f)) { Plating = true },"
Game/Match/GearCatalog.cs,278,0.08f,vehicles.gearCatalog.basesSat4,x,sat_thuong,02,1,manual:static array table (FloatArray / IntArray entry),,"arg:GearCatalog.V: new(""underbelly_armor"", GearSlot.Armor, StatId.ResistBlast, V(0.05f, 0.08f, 0.11f, 0.15f, 0.18f)) { Plating = true },"
Game/Match/GearCatalog.cs,278,0.11f,vehicles.gearCatalog.basesSat16,x,sat_thuong,02,1,manual:static array table (FloatArray / IntArray entry),,"arg:GearCatalog.V: new(""underbelly_armor"", GearSlot.Armor, StatId.ResistBlast, V(0.05f, 0.08f, 0.11f, 0.15f, 0.18f)) { Plating = true },"
Game/Match/GearCatalog.cs,278,0.15f,vehicles.gearCatalog.basesSat14,x,sat_thuong,02,1,manual:static array table (FloatArray / IntArray entry),,"arg:GearCatalog.V: new(""underbelly_armor"", GearSlot.Armor, StatId.ResistBlast, V(0.05f, 0.08f, 0.11f, 0.15f, 0.18f)) { Plating = true },"
Game/Match/GearCatalog.cs,278,0.18f,vehicles.gearCatalog.basesSat10,x,sat_thuong,02,1,manual:static array table (FloatArray / IntArray entry),,"arg:GearCatalog.V: new(""underbelly_armor"", GearSlot.Armor, StatId.ResistBlast, V(0.05f, 0.08f, 0.11f, 0.15f, 0.18f)) { Plating = true },"
Game/Match/GearCatalog.cs,282,0.05f,vehicles.gearCatalog.basesV3,x,tan_suat,02,1,manual:static array table (FloatArray / IntArray entry),,"arg:GearCatalog.V: new(""drivetrain"", GearSlot.Engine, StatId.TurnRate, V(0.05f, 0.08f, 0.12f, 0.16f, 0.2f))"
Game/Match/GearCatalog.cs,282,0.08f,vehicles.gearCatalog.basesTan8,x,tan_suat,02,1,manual:static array table (FloatArray / IntArray entry),,"arg:GearCatalog.V: new(""drivetrain"", GearSlot.Engine, StatId.TurnRate, V(0.05f, 0.08f, 0.12f, 0.16f, 0.2f))"
Game/Match/GearCatalog.cs,282,0.12f,vehicles.gearCatalog.basesTan5,x,tan_suat,02,1,manual:static array table (FloatArray / IntArray entry),,"arg:GearCatalog.V: new(""drivetrain"", GearSlot.Engine, StatId.TurnRate, V(0.05f, 0.08f, 0.12f, 0.16f, 0.2f))"
Game/Match/GearCatalog.cs,282,0.16f,vehicles.gearCatalog.basesTan9,x,tan_suat,02,1,manual:static array table (FloatArray / IntArray entry),,"arg:GearCatalog.V: new(""drivetrain"", GearSlot.Engine, StatId.TurnRate, V(0.05f, 0.08f, 0.12f, 0.16f, 0.2f))"
Game/Match/GearCatalog.cs,282,0.2f,vehicles.gearCatalog.basesTan10,x,tan_suat,02,1,manual:static array table (FloatArray / IntArray entry),,"arg:GearCatalog.V: new(""drivetrain"", GearSlot.Engine, StatId.TurnRate, V(0.05f, 0.08f, 0.12f, 0.16f, 0.2f))"
Game/Match/GearCatalog.cs,283,0.08f,vehicles.gearCatalog.basesV5,x,tan_suat,02,1,manual:static array table (FloatArray / IntArray entry),,"arg:GearCatalog.V: { Implicit2 = StatId.TurretRate, Top2 = V(0.08f, 0.12f, 0.16f, 0.2f, 0.25f) },"
Game/Match/GearCatalog.cs,283,0.12f,vehicles.gearCatalog.basesTan5,x,tan_suat,02,1,manual:static array table (FloatArray / IntArray entry),,"arg:GearCatalog.V: { Implicit2 = StatId.TurretRate, Top2 = V(0.08f, 0.12f, 0.16f, 0.2f, 0.25f) },"
Game/Match/GearCatalog.cs,283,0.16f,vehicles.gearCatalog.basesTan9,x,tan_suat,02,1,manual:static array table (FloatArray / IntArray entry),,"arg:GearCatalog.V: { Implicit2 = StatId.TurretRate, Top2 = V(0.08f, 0.12f, 0.16f, 0.2f, 0.25f) },"
Game/Match/GearCatalog.cs,283,0.2f,vehicles.gearCatalog.basesTan10,x,tan_suat,02,1,manual:static array table (FloatArray / IntArray entry),,"arg:GearCatalog.V: { Implicit2 = StatId.TurretRate, Top2 = V(0.08f, 0.12f, 0.16f, 0.2f, 0.25f) },"
Game/Match/GearCatalog.cs,283,0.25f,vehicles.gearCatalog.basesTan11,x,tan_suat,02,1,manual:static array table (FloatArray / IntArray entry),,"arg:GearCatalog.V: { Implicit2 = StatId.TurretRate, Top2 = V(0.08f, 0.12f, 0.16f, 0.2f, 0.25f) },"
Game/Match/GearCatalog.cs,284,0.05f,vehicles.gearCatalog.basesV3,x,tan_suat,02,1,manual:static array table (FloatArray / IntArray entry),,"arg:GearCatalog.V: new(""transit_gearbox"", GearSlot.Engine, StatId.TransitSpeed, V(0.05f, 0.08f, 0.12f, 0.16f, 0.2f)),"
Game/Match/GearCatalog.cs,284,0.08f,vehicles.gearCatalog.basesTan8,x,tan_suat,02,1,manual:static array table (FloatArray / IntArray entry),,"arg:GearCatalog.V: new(""transit_gearbox"", GearSlot.Engine, StatId.TransitSpeed, V(0.05f, 0.08f, 0.12f, 0.16f, 0.2f)),"
Game/Match/GearCatalog.cs,284,0.12f,vehicles.gearCatalog.basesTan5,x,tan_suat,02,1,manual:static array table (FloatArray / IntArray entry),,"arg:GearCatalog.V: new(""transit_gearbox"", GearSlot.Engine, StatId.TransitSpeed, V(0.05f, 0.08f, 0.12f, 0.16f, 0.2f)),"
Game/Match/GearCatalog.cs,284,0.16f,vehicles.gearCatalog.basesTan9,x,tan_suat,02,1,manual:static array table (FloatArray / IntArray entry),,"arg:GearCatalog.V: new(""transit_gearbox"", GearSlot.Engine, StatId.TransitSpeed, V(0.05f, 0.08f, 0.12f, 0.16f, 0.2f)),"
Game/Match/GearCatalog.cs,284,0.2f,vehicles.gearCatalog.basesTan10,x,tan_suat,02,1,manual:static array table (FloatArray / IntArray entry),,"arg:GearCatalog.V: new(""transit_gearbox"", GearSlot.Engine, StatId.TransitSpeed, V(0.05f, 0.08f, 0.12f, 0.16f, 0.2f)),"
Game/Match/GearCatalog.cs,285,0.1f,vehicles.gearCatalog.basesTan4,x,tan_suat,02,1,manual:static array table (FloatArray / IntArray entry),,"arg:GearCatalog.V: new(""overtuned_engine"", GearSlot.Engine, StatId.Speed, V(0f, 0f, 0.1f, 0.12f, 0.15f))"
Game/Match/GearCatalog.cs,285,0.12f,vehicles.gearCatalog.basesTan5,x,tan_suat,02,1,manual:static array table (FloatArray / IntArray entry),,"arg:GearCatalog.V: new(""overtuned_engine"", GearSlot.Engine, StatId.Speed, V(0f, 0f, 0.1f, 0.12f, 0.15f))"
Game/Match/GearCatalog.cs,285,0.15f,vehicles.gearCatalog.basesTan6,x,tan_suat,02,1,manual:static array table (FloatArray / IntArray entry),,"arg:GearCatalog.V: new(""overtuned_engine"", GearSlot.Engine, StatId.Speed, V(0f, 0f, 0.1f, 0.12f, 0.15f))"
Game/Match/GearCatalog.cs,286,0.04f,vehicles.gearCatalog.basesSat19,x,sat_thuong,02,1,manual:static array table (FloatArray / IntArray entry),,"arg:GearCatalog.V: { Penalty = StatId.Health, PenaltyTop = V(0f, 0f, -0.04f, -0.05f, -0.06f), MinRarity = 2 },"
Game/Match/GearCatalog.cs,286,0.05f,vehicles.gearCatalog.basesSat20,x,sat_thuong,02,1,manual:static array table (FloatArray / IntArray entry),,"arg:GearCatalog.V: { Penalty = StatId.Health, PenaltyTop = V(0f, 0f, -0.04f, -0.05f, -0.06f), MinRarity = 2 },"
Game/Match/GearCatalog.cs,286,0.06f,vehicles.gearCatalog.basesSat13,x,sat_thuong,02,1,manual:static array table (FloatArray / IntArray entry),,"arg:GearCatalog.V: { Penalty = StatId.Health, PenaltyTop = V(0f, 0f, -0.04f, -0.05f, -0.06f), MinRarity = 2 },"
Game/Match/GearCatalog.cs,286,2,vehicles.gearCatalog.basesMinRarity,x,sat_thuong,02,1,manual:static array table (FloatArray / IntArray entry),,"object_init: { Penalty = StatId.Health, PenaltyTop = V(0f, 0f, -0.04f, -0.05f, -0.06f), MinRarity = 2 },"
Game/Match/GearCatalog.cs,288,0.15f,vehicles.gearCatalog.basesV8,x,tan_suat,02,1,manual:static array table (FloatArray / IntArray entry),,"arg:GearCatalog.V: new(""reverse_gearbox"", GearSlot.Engine, StatId.ReverseSpeed, V(0.15f, 0.2f, 0.28f, 0.34f, 0.4f)),"
Game/Match/GearCatalog.cs,288,0.2f,vehicles.gearCatalog.basesTan10,x,tan_suat,02,1,manual:static array table (FloatArray / IntArray entry),,"arg:GearCatalog.V: new(""reverse_gearbox"", GearSlot.Engine, StatId.ReverseSpeed, V(0.15f, 0.2f, 0.28f, 0.34f, 0.4f)),"
Game/Match/GearCatalog.cs,288,0.28f,vehicles.gearCatalog.basesTan12,x,tan_suat,02,1,manual:static array table (FloatArray / IntArray entry),,"arg:GearCatalog.V: new(""reverse_gearbox"", GearSlot.Engine, StatId.ReverseSpeed, V(0.15f, 0.2f, 0.28f, 0.34f, 0.4f)),"
Game/Match/GearCatalog.cs,288,0.34f,vehicles.gearCatalog.basesTan13,x,tan_suat,02,1,manual:static array table (FloatArray / IntArray entry),,"arg:GearCatalog.V: new(""reverse_gearbox"", GearSlot.Engine, StatId.ReverseSpeed, V(0.15f, 0.2f, 0.28f, 0.34f, 0.4f)),"
Game/Match/GearCatalog.cs,288,0.4f,vehicles.gearCatalog.basesTan14,x,tan_suat,02,1,manual:static array table (FloatArray / IntArray entry),,"arg:GearCatalog.V: new(""reverse_gearbox"", GearSlot.Engine, StatId.ReverseSpeed, V(0.15f, 0.2f, 0.28f, 0.34f, 0.4f)),"
Game/Match/GearCatalog.cs,291,1.5f,vehicles.gearCatalog.basesThoi8,s,thoi_gian,02,1,manual:static array table (FloatArray / IntArray entry),,"arg:GearCatalog.V: new(""toolbox"", GearSlot.Repair, StatId.RegenDelay, V(1f, 1.5f, 2f, 2.5f, 3f)),"
Game/Match/GearCatalog.cs,291,2f,vehicles.gearCatalog.basesThoi9,s,thoi_gian,02,1,manual:static array table (FloatArray / IntArray entry),,"arg:GearCatalog.V: new(""toolbox"", GearSlot.Repair, StatId.RegenDelay, V(1f, 1.5f, 2f, 2.5f, 3f)),"
Game/Match/GearCatalog.cs,291,2.5f,vehicles.gearCatalog.basesThoi10,s,thoi_gian,02,1,manual:static array table (FloatArray / IntArray entry),,"arg:GearCatalog.V: new(""toolbox"", GearSlot.Repair, StatId.RegenDelay, V(1f, 1.5f, 2f, 2.5f, 3f)),"
Game/Match/GearCatalog.cs,291,3f,vehicles.gearCatalog.basesThoi11,s,thoi_gian,02,1,manual:static array table (FloatArray / IntArray entry),,"arg:GearCatalog.V: new(""toolbox"", GearSlot.Repair, StatId.RegenDelay, V(1f, 1.5f, 2f, 2.5f, 3f)),"
Game/Match/GearCatalog.cs,292,0.04f,vehicles.gearCatalog.basesV7,s,thoi_gian,02,1,manual:static array table (FloatArray / IntArray entry),,"arg:GearCatalog.V: new(""crew_drills"", GearSlot.Repair, StatId.Cooldowns, V(0.04f, 0.06f, 0.09f, 0.12f, 0.15f)),"
Game/Match/GearCatalog.cs,292,0.06f,vehicles.gearCatalog.basesThoi12,s,thoi_gian,02,1,manual:static array table (FloatArray / IntArray entry),,"arg:GearCatalog.V: new(""crew_drills"", GearSlot.Repair, StatId.Cooldowns, V(0.04f, 0.06f, 0.09f, 0.12f, 0.15f)),"
Game/Match/GearCatalog.cs,292,0.09f,vehicles.gearCatalog.basesThoi13,s,thoi_gian,02,1,manual:static array table (FloatArray / IntArray entry),,"arg:GearCatalog.V: new(""crew_drills"", GearSlot.Repair, StatId.Cooldowns, V(0.04f, 0.06f, 0.09f, 0.12f, 0.15f)),"
Game/Match/GearCatalog.cs,292,0.12f,vehicles.gearCatalog.basesThoi2,s,thoi_gian,02,1,manual:static array table (FloatArray / IntArray entry),,"arg:GearCatalog.V: new(""crew_drills"", GearSlot.Repair, StatId.Cooldowns, V(0.04f, 0.06f, 0.09f, 0.12f, 0.15f)),"
Game/Match/GearCatalog.cs,292,0.15f,vehicles.gearCatalog.basesThoi6,s,thoi_gian,02,1,manual:static array table (FloatArray / IntArray entry),,"arg:GearCatalog.V: new(""crew_drills"", GearSlot.Repair, StatId.Cooldowns, V(0.04f, 0.06f, 0.09f, 0.12f, 0.15f)),"
Game/Match/GearCatalog.cs,293,0.1f,vehicles.gearCatalog.basesV6,s,thoi_gian,02,1,manual:static array table (FloatArray / IntArray entry),,"arg:GearCatalog.V: new(""fire_extinguisher"", GearSlot.Repair, StatId.StatusDuration, V(0.1f, 0.18f, 0.26f, 0.34f, 0.42f)),"
Game/Match/GearCatalog.cs,293,0.18f,vehicles.gearCatalog.basesThoi14,s,thoi_gian,02,1,manual:static array table (FloatArray / IntArray entry),,"arg:GearCatalog.V: new(""fire_extinguisher"", GearSlot.Repair, StatId.StatusDuration, V(0.1f, 0.18f, 0.26f, 0.34f, 0.42f)),"
Game/Match/GearCatalog.cs,293,0.26f,vehicles.gearCatalog.basesThoi15,s,thoi_gian,02,1,manual:static array table (FloatArray / IntArray entry),,"arg:GearCatalog.V: new(""fire_extinguisher"", GearSlot.Repair, StatId.StatusDuration, V(0.1f, 0.18f, 0.26f, 0.34f, 0.42f)),"
Game/Match/GearCatalog.cs,293,0.34f,vehicles.gearCatalog.basesThoi16,s,thoi_gian,02,1,manual:static array table (FloatArray / IntArray entry),,"arg:GearCatalog.V: new(""fire_extinguisher"", GearSlot.Repair, StatId.StatusDuration, V(0.1f, 0.18f, 0.26f, 0.34f, 0.42f)),"
Game/Match/GearCatalog.cs,293,0.42f,vehicles.gearCatalog.basesThoi17,s,thoi_gian,02,1,manual:static array table (FloatArray / IntArray entry),,"arg:GearCatalog.V: new(""fire_extinguisher"", GearSlot.Repair, StatId.StatusDuration, V(0.1f, 0.18f, 0.26f, 0.34f, 0.42f)),"
Game/Match/GearCatalog.cs,296,0.08f,vehicles.gearCatalog.basesV5,m,ban_kinh,02,1,manual:static array table (FloatArray / IntArray entry),,"arg:GearCatalog.V: new(""laser_rangefinder"", GearSlot.Optics, StatId.SpreadLong, V(0.08f, 0.12f, 0.16f, 0.2f, 0.25f)),"
Game/Match/GearCatalog.cs,296,0.12f,vehicles.gearCatalog.basesBan6,m,ban_kinh,02,1,manual:static array table (FloatArray / IntArray entry),,"arg:GearCatalog.V: new(""laser_rangefinder"", GearSlot.Optics, StatId.SpreadLong, V(0.08f, 0.12f, 0.16f, 0.2f, 0.25f)),"
Game/Match/GearCatalog.cs,296,0.16f,vehicles.gearCatalog.basesBan7,m,ban_kinh,02,1,manual:static array table (FloatArray / IntArray entry),,"arg:GearCatalog.V: new(""laser_rangefinder"", GearSlot.Optics, StatId.SpreadLong, V(0.08f, 0.12f, 0.16f, 0.2f, 0.25f)),"
Game/Match/GearCatalog.cs,296,0.2f,vehicles.gearCatalog.basesBan8,m,ban_kinh,02,1,manual:static array table (FloatArray / IntArray entry),,"arg:GearCatalog.V: new(""laser_rangefinder"", GearSlot.Optics, StatId.SpreadLong, V(0.08f, 0.12f, 0.16f, 0.2f, 0.25f)),"
Game/Match/GearCatalog.cs,296,0.25f,vehicles.gearCatalog.basesBan9,m,ban_kinh,02,1,manual:static array table (FloatArray / IntArray entry),,"arg:GearCatalog.V: new(""laser_rangefinder"", GearSlot.Optics, StatId.SpreadLong, V(0.08f, 0.12f, 0.16f, 0.2f, 0.25f)),"
Game/Match/GearCatalog.cs,297,0.1f,vehicles.gearCatalog.basesV6,x,khac,02,1,manual:static array table (FloatArray / IntArray entry),,"arg:GearCatalog.V: new(""gun_stabiliser"", GearSlot.Optics, StatId.SpreadMoving, V(0.1f, 0.15f, 0.2f, 0.25f, 0.3f)),"
Game/Match/GearCatalog.cs,297,0.15f,vehicles.gearCatalog.basesValue,x,khac,02,1,manual:static array table (FloatArray / IntArray entry),,"arg:GearCatalog.V: new(""gun_stabiliser"", GearSlot.Optics, StatId.SpreadMoving, V(0.1f, 0.15f, 0.2f, 0.25f, 0.3f)),"
Game/Match/GearCatalog.cs,297,0.2f,vehicles.gearCatalog.basesValue2,x,khac,02,1,manual:static array table (FloatArray / IntArray entry),,"arg:GearCatalog.V: new(""gun_stabiliser"", GearSlot.Optics, StatId.SpreadMoving, V(0.1f, 0.15f, 0.2f, 0.25f, 0.3f)),"
Game/Match/GearCatalog.cs,297,0.25f,vehicles.gearCatalog.basesValue3,x,khac,02,1,manual:static array table (FloatArray / IntArray entry),,"arg:GearCatalog.V: new(""gun_stabiliser"", GearSlot.Optics, StatId.SpreadMoving, V(0.1f, 0.15f, 0.2f, 0.25f, 0.3f)),"
Game/Match/GearCatalog.cs,297,0.3f,vehicles.gearCatalog.basesValue4,x,khac,02,1,manual:static array table (FloatArray / IntArray entry),,"arg:GearCatalog.V: new(""gun_stabiliser"", GearSlot.Optics, StatId.SpreadMoving, V(0.1f, 0.15f, 0.2f, 0.25f, 0.3f)),"
Game/Match/GearCatalog.cs,298,0.05f,vehicles.gearCatalog.basesV3,m,ban_kinh,02,1,manual:static array table (FloatArray / IntArray entry),,"arg:GearCatalog.V: new(""commanders_periscope"", GearSlot.Optics, StatId.StillVision, V(0.05f, 0.08f, 0.12f, 0.16f, 0.2f)),"
Game/Match/GearCatalog.cs,298,0.08f,vehicles.gearCatalog.basesBan4,m,ban_kinh,02,1,manual:static array table (FloatArray / IntArray entry),,"arg:GearCatalog.V: new(""commanders_periscope"", GearSlot.Optics, StatId.StillVision, V(0.05f, 0.08f, 0.12f, 0.16f, 0.2f)),"
Game/Match/GearCatalog.cs,298,0.12f,vehicles.gearCatalog.basesBan6,m,ban_kinh,02,1,manual:static array table (FloatArray / IntArray entry),,"arg:GearCatalog.V: new(""commanders_periscope"", GearSlot.Optics, StatId.StillVision, V(0.05f, 0.08f, 0.12f, 0.16f, 0.2f)),"
Game/Match/GearCatalog.cs,298,0.16f,vehicles.gearCatalog.basesBan7,m,ban_kinh,02,1,manual:static array table (FloatArray / IntArray entry),,"arg:GearCatalog.V: new(""commanders_periscope"", GearSlot.Optics, StatId.StillVision, V(0.05f, 0.08f, 0.12f, 0.16f, 0.2f)),"
Game/Match/GearCatalog.cs,298,0.2f,vehicles.gearCatalog.basesBan8,m,ban_kinh,02,1,manual:static array table (FloatArray / IntArray entry),,"arg:GearCatalog.V: new(""commanders_periscope"", GearSlot.Optics, StatId.StillVision, V(0.05f, 0.08f, 0.12f, 0.16f, 0.2f)),"
Game/Match/GearCatalog.cs,299,0.05f,vehicles.gearCatalog.basesV3,x,khac,02,1,manual:static array table (FloatArray / IntArray entry),,"arg:GearCatalog.V: new(""camouflage_net"", GearSlot.Optics, StatId.Camouflage, V(0.05f, 0.08f, 0.11f, 0.15f, 0.18f)),"
Game/Match/GearCatalog.cs,299,0.08f,vehicles.gearCatalog.basesValue8,x,khac,02,1,manual:static array table (FloatArray / IntArray entry),,"arg:GearCatalog.V: new(""camouflage_net"", GearSlot.Optics, StatId.Camouflage, V(0.05f, 0.08f, 0.11f, 0.15f, 0.18f)),"
Game/Match/GearCatalog.cs,299,0.11f,vehicles.gearCatalog.basesValue9,x,khac,02,1,manual:static array table (FloatArray / IntArray entry),,"arg:GearCatalog.V: new(""camouflage_net"", GearSlot.Optics, StatId.Camouflage, V(0.05f, 0.08f, 0.11f, 0.15f, 0.18f)),"
Game/Match/GearCatalog.cs,299,0.15f,vehicles.gearCatalog.basesValue,x,khac,02,1,manual:static array table (FloatArray / IntArray entry),,"arg:GearCatalog.V: new(""camouflage_net"", GearSlot.Optics, StatId.Camouflage, V(0.05f, 0.08f, 0.11f, 0.15f, 0.18f)),"
Game/Match/GearCatalog.cs,299,0.18f,vehicles.gearCatalog.basesValue10,x,khac,02,1,manual:static array table (FloatArray / IntArray entry),,"arg:GearCatalog.V: new(""camouflage_net"", GearSlot.Optics, StatId.Camouflage, V(0.05f, 0.08f, 0.11f, 0.15f, 0.18f)),"
Game/Match/GearCatalog.cs,301,0.1f,vehicles.gearCatalog.basesV6,x,tan_suat,02,1,manual:static array table (FloatArray / IntArray entry),,"arg:GearCatalog.V: new(""signal_relay"", GearSlot.Optics, StatId.CaptureRate, V(0.1f, 0.15f, 0.2f, 0.25f, 0.3f))"
Game/Match/GearCatalog.cs,301,0.15f,vehicles.gearCatalog.basesTan6,x,tan_suat,02,1,manual:static array table (FloatArray / IntArray entry),,"arg:GearCatalog.V: new(""signal_relay"", GearSlot.Optics, StatId.CaptureRate, V(0.1f, 0.15f, 0.2f, 0.25f, 0.3f))"
Game/Match/GearCatalog.cs,301,0.2f,vehicles.gearCatalog.basesTan10,x,tan_suat,02,1,manual:static array table (FloatArray / IntArray entry),,"arg:GearCatalog.V: new(""signal_relay"", GearSlot.Optics, StatId.CaptureRate, V(0.1f, 0.15f, 0.2f, 0.25f, 0.3f))"
Game/Match/GearCatalog.cs,301,0.25f,vehicles.gearCatalog.basesTan11,x,tan_suat,02,1,manual:static array table (FloatArray / IntArray entry),,"arg:GearCatalog.V: new(""signal_relay"", GearSlot.Optics, StatId.CaptureRate, V(0.1f, 0.15f, 0.2f, 0.25f, 0.3f))"
Game/Match/GearCatalog.cs,301,0.3f,vehicles.gearCatalog.basesTan15,x,tan_suat,02,1,manual:static array table (FloatArray / IntArray entry),,"arg:GearCatalog.V: new(""signal_relay"", GearSlot.Optics, StatId.CaptureRate, V(0.1f, 0.15f, 0.2f, 0.25f, 0.3f))"
Game/Match/GearCatalog.cs,302,0.03f,vehicles.gearCatalog.basesV9,m,ban_kinh,02,1,manual:static array table (FloatArray / IntArray entry),,"arg:GearCatalog.V: { Implicit2 = StatId.Vision, Top2 = V(0.03f, 0.04f, 0.06f, 0.08f, 0.1f) },"
Game/Match/GearCatalog.cs,302,0.04f,vehicles.gearCatalog.basesBan2,m,ban_kinh,02,1,manual:static array table (FloatArray / IntArray entry),,"arg:GearCatalog.V: { Implicit2 = StatId.Vision, Top2 = V(0.03f, 0.04f, 0.06f, 0.08f, 0.1f) },"
Game/Match/GearCatalog.cs,302,0.06f,vehicles.gearCatalog.basesBan3,m,ban_kinh,02,1,manual:static array table (FloatArray / IntArray entry),,"arg:GearCatalog.V: { Implicit2 = StatId.Vision, Top2 = V(0.03f, 0.04f, 0.06f, 0.08f, 0.1f) },"
Game/Match/GearCatalog.cs,302,0.08f,vehicles.gearCatalog.basesBan4,m,ban_kinh,02,1,manual:static array table (FloatArray / IntArray entry),,"arg:GearCatalog.V: { Implicit2 = StatId.Vision, Top2 = V(0.03f, 0.04f, 0.06f, 0.08f, 0.1f) },"
Game/Match/GearCatalog.cs,302,0.1f,vehicles.gearCatalog.basesBan5,m,ban_kinh,02,1,manual:static array table (FloatArray / IntArray entry),,"arg:GearCatalog.V: { Implicit2 = StatId.Vision, Top2 = V(0.03f, 0.04f, 0.06f, 0.08f, 0.1f) },"
Game/Match/GearCatalog.cs,304,6f,vehicles.gearCatalog.basesV10,s,thoi_gian,02,1,manual:static array table (FloatArray / IntArray entry),,"arg:GearCatalog.V: new(""laser_warning"", GearSlot.Optics, StatId.LaserWarning, V(6f, 6.5f, 7f, 7.5f, 8f)) { Flat = true },"
Game/Match/GearCatalog.cs,304,6.5f,vehicles.gearCatalog.basesThoi18,s,thoi_gian,02,1,manual:static array table (FloatArray / IntArray entry),,"arg:GearCatalog.V: new(""laser_warning"", GearSlot.Optics, StatId.LaserWarning, V(6f, 6.5f, 7f, 7.5f, 8f)) { Flat = true },"
Game/Match/GearCatalog.cs,304,7f,vehicles.gearCatalog.basesThoi19,s,thoi_gian,02,1,manual:static array table (FloatArray / IntArray entry),,"arg:GearCatalog.V: new(""laser_warning"", GearSlot.Optics, StatId.LaserWarning, V(6f, 6.5f, 7f, 7.5f, 8f)) { Flat = true },"
Game/Match/GearCatalog.cs,304,7.5f,vehicles.gearCatalog.basesThoi20,s,thoi_gian,02,1,manual:static array table (FloatArray / IntArray entry),,"arg:GearCatalog.V: new(""laser_warning"", GearSlot.Optics, StatId.LaserWarning, V(6f, 6.5f, 7f, 7.5f, 8f)) { Flat = true },"
Game/Match/GearCatalog.cs,304,8f,vehicles.gearCatalog.basesThoi21,s,thoi_gian,02,1,manual:static array table (FloatArray / IntArray entry),,"arg:GearCatalog.V: new(""laser_warning"", GearSlot.Optics, StatId.LaserWarning, V(6f, 6.5f, 7f, 7.5f, 8f)) { Flat = true },"
Game/Match/GearCatalog.cs,314,0.4f,vehicles.gearCatalog.modulesEpic,x,sat_thuong,02,1,manual:static array table (FloatArray / IntArray entry),,"ctor_arg:ModuleDef: new(SpecialModule.ReactiveArmor, Ground, 0.4f, 0.55f),"
Game/Match/GearCatalog.cs,314,0.55f,vehicles.gearCatalog.modulesLegendary,x,sat_thuong,02,1,manual:static array table (FloatArray / IntArray entry),,"ctor_arg:ModuleDef: new(SpecialModule.ReactiveArmor, Ground, 0.4f, 0.55f),"
Game/Match/GearCatalog.cs,315,0.012f,vehicles.gearCatalog.modulesEpic2,x,khac,02,1,manual:static array table (FloatArray / IntArray entry),,"ctor_arg:ModuleDef: new(SpecialModule.AutoRepair, Any, 0.012f, 0.018f),"
Game/Match/GearCatalog.cs,315,0.018f,vehicles.gearCatalog.modulesLegendary2,x,khac,02,1,manual:static array table (FloatArray / IntArray entry),,"ctor_arg:ModuleDef: new(SpecialModule.AutoRepair, Any, 0.012f, 0.018f),"
Game/Match/GearCatalog.cs,316,0.08f,vehicles.gearCatalog.modulesEpic3,x,khac,02,1,manual:static array table (FloatArray / IntArray entry),,"ctor_arg:ModuleDef: new(SpecialModule.VeteranCrew, Armed, 0.08f, 0.12f),"
Game/Match/GearCatalog.cs,316,0.12f,vehicles.gearCatalog.modulesLegendary3,x,khac,02,1,manual:static array table (FloatArray / IntArray entry),,"ctor_arg:ModuleDef: new(SpecialModule.VeteranCrew, Armed, 0.08f, 0.12f),"
Game/Match/GearCatalog.cs,317,8f,vehicles.gearCatalog.modulesEpic4,x,khac,02,1,manual:static array table (FloatArray / IntArray entry),,"ctor_arg:ModuleDef: new(SpecialModule.SmokeDischarger, Ground, 8f, 10f, 0f, 1f),"
Game/Match/GearCatalog.cs,317,10f,vehicles.gearCatalog.modulesLegendary4,x,khac,02,1,manual:static array table (FloatArray / IntArray entry),,"ctor_arg:ModuleDef: new(SpecialModule.SmokeDischarger, Ground, 8f, 10f, 0f, 1f),"
Game/Match/GearCatalog.cs,320,2f,vehicles.gearCatalog.modulesLegendary5,x,khac,02,1,manual:static array table (FloatArray / IntArray entry),,"ctor_arg:ModuleDef: new(SpecialModule.TrophyAps, Ground | VehicleNeed.ApsMount, 1f, 2f, 25f, 20f),"
Game/Match/GearCatalog.cs,320,25f,vehicles.gearCatalog.modulesEpic22,x,khac,02,1,manual:static array table (FloatArray / IntArray entry),,"ctor_arg:ModuleDef: new(SpecialModule.TrophyAps, Ground | VehicleNeed.ApsMount, 1f, 2f, 25f, 20f),"
Game/Match/GearCatalog.cs,320,20f,vehicles.gearCatalog.modulesLegendary22,x,khac,02,1,manual:static array table (FloatArray / IntArray entry),,"ctor_arg:ModuleDef: new(SpecialModule.TrophyAps, Ground | VehicleNeed.ApsMount, 1f, 2f, 25f, 20f),"
Game/Match/GearCatalog.cs,321,3f,vehicles.gearCatalog.modulesEpic5,x,khac,02,1,manual:static array table (FloatArray / IntArray entry),,"ctor_arg:ModuleDef: new(SpecialModule.FlareDispenser, Flying | VehicleNeed.Flares, 3f, 4f, 25f, 18f),"
Game/Match/GearCatalog.cs,321,4f,vehicles.gearCatalog.modulesLegendary6,x,khac,02,1,manual:static array table (FloatArray / IntArray entry),,"ctor_arg:ModuleDef: new(SpecialModule.FlareDispenser, Flying | VehicleNeed.Flares, 3f, 4f, 25f, 18f),"
Game/Match/GearCatalog.cs,321,25f,vehicles.gearCatalog.modulesEpic22,x,khac,02,1,manual:static array table (FloatArray / IntArray entry),,"ctor_arg:ModuleDef: new(SpecialModule.FlareDispenser, Flying | VehicleNeed.Flares, 3f, 4f, 25f, 18f),"
Game/Match/GearCatalog.cs,321,18f,vehicles.gearCatalog.modulesLegendary23,x,khac,02,1,manual:static array table (FloatArray / IntArray entry),,"ctor_arg:ModuleDef: new(SpecialModule.FlareDispenser, Flying | VehicleNeed.Flares, 3f, 4f, 25f, 18f),"
Game/Match/GearCatalog.cs,322,2f,vehicles.gearCatalog.modulesLegendary5,x,khac,02,1,manual:static array table (FloatArray / IntArray entry),,"ctor_arg:ModuleDef: new(SpecialModule.DroneEscort, Any, 1f, 2f, 25f, 20f),"
Game/Match/GearCatalog.cs,322,25f,vehicles.gearCatalog.modulesEpic22,x,khac,02,1,manual:static array table (FloatArray / IntArray entry),,"ctor_arg:ModuleDef: new(SpecialModule.DroneEscort, Any, 1f, 2f, 25f, 20f),"
Game/Match/GearCatalog.cs,322,20f,vehicles.gearCatalog.modulesLegendary22,x,khac,02,1,manual:static array table (FloatArray / IntArray entry),,"ctor_arg:ModuleDef: new(SpecialModule.DroneEscort, Any, 1f, 2f, 25f, 20f),"
Game/Match/GearCatalog.cs,323,2f,vehicles.gearCatalog.modulesEpic6,x,khac,02,1,manual:static array table (FloatArray / IntArray entry),,"ctor_arg:ModuleDef: new(SpecialModule.EmpPayload, Any, 2f, 3f, 10f, 14f),"
Game/Match/GearCatalog.cs,323,3f,vehicles.gearCatalog.modulesLegendary7,x,khac,02,1,manual:static array table (FloatArray / IntArray entry),,"ctor_arg:ModuleDef: new(SpecialModule.EmpPayload, Any, 2f, 3f, 10f, 14f),"
Game/Match/GearCatalog.cs,323,10f,vehicles.gearCatalog.modulesEpic23,x,khac,02,1,manual:static array table (FloatArray / IntArray entry),,"ctor_arg:ModuleDef: new(SpecialModule.EmpPayload, Any, 2f, 3f, 10f, 14f),"
Game/Match/GearCatalog.cs,323,14f,vehicles.gearCatalog.modulesLegendary24,x,khac,02,1,manual:static array table (FloatArray / IntArray entry),,"ctor_arg:ModuleDef: new(SpecialModule.EmpPayload, Any, 2f, 3f, 10f, 14f),"
Game/Match/GearCatalog.cs,324,2f,vehicles.gearCatalog.modulesEpic6,x,nguong,02,1,manual:static array table (FloatArray / IntArray entry),,"ctor_arg:ModuleDef: new(SpecialModule.MineDispenser, Ground, 2f, 3f, 20f, 15f),"
Game/Match/GearCatalog.cs,324,3f,vehicles.gearCatalog.modulesLegendary7,x,nguong,02,1,manual:static array table (FloatArray / IntArray entry),,"ctor_arg:ModuleDef: new(SpecialModule.MineDispenser, Ground, 2f, 3f, 20f, 15f),"
Game/Match/GearCatalog.cs,324,20f,vehicles.gearCatalog.modulesEpic24,x,nguong,02,1,manual:static array table (FloatArray / IntArray entry),,"ctor_arg:ModuleDef: new(SpecialModule.MineDispenser, Ground, 2f, 3f, 20f, 15f),"
Game/Match/GearCatalog.cs,324,15f,vehicles.gearCatalog.modulesLegendary25,x,nguong,02,1,manual:static array table (FloatArray / IntArray entry),,"ctor_arg:ModuleDef: new(SpecialModule.MineDispenser, Ground, 2f, 3f, 20f, 15f),"
Game/Match/GearCatalog.cs,325,0.5f,vehicles.gearCatalog.modulesEpic7,x,khac,02,1,manual:static array table (FloatArray / IntArray entry),,"ctor_arg:ModuleDef: new(SpecialModule.WarProfiteer, Armed, 0.5f, 0.8f),"
Game/Match/GearCatalog.cs,325,0.8f,vehicles.gearCatalog.modulesLegendary8,x,khac,02,1,manual:static array table (FloatArray / IntArray entry),,"ctor_arg:ModuleDef: new(SpecialModule.WarProfiteer, Armed, 0.5f, 0.8f),"
Game/Match/GearCatalog.cs,326,0.06f,vehicles.gearCatalog.modulesEpic8,x,khac,02,1,manual:static array table (FloatArray / IntArray entry),,"ctor_arg:ModuleDef: new(SpecialModule.RallyHorn, Any, 0.06f, 0.1f, 12f, 15f),"
Game/Match/GearCatalog.cs,326,0.1f,vehicles.gearCatalog.modulesLegendary9,x,khac,02,1,manual:static array table (FloatArray / IntArray entry),,"ctor_arg:ModuleDef: new(SpecialModule.RallyHorn, Any, 0.06f, 0.1f, 12f, 15f),"
Game/Match/GearCatalog.cs,326,12f,vehicles.gearCatalog.modulesEpic25,x,khac,02,1,manual:static array table (FloatArray / IntArray entry),,"ctor_arg:ModuleDef: new(SpecialModule.RallyHorn, Any, 0.06f, 0.1f, 12f, 15f),"
Game/Match/GearCatalog.cs,326,15f,vehicles.gearCatalog.modulesLegendary25,x,khac,02,1,manual:static array table (FloatArray / IntArray entry),,"ctor_arg:ModuleDef: new(SpecialModule.RallyHorn, Any, 0.06f, 0.1f, 12f, 15f),"
Game/Match/GearCatalog.cs,327,2f,vehicles.gearCatalog.modulesEpic6,x,khac,02,1,manual:static array table (FloatArray / IntArray entry),,"ctor_arg:ModuleDef: new(SpecialModule.AegisDome, Any, 2f, 3f),"
Game/Match/GearCatalog.cs,327,3f,vehicles.gearCatalog.modulesLegendary7,x,khac,02,1,manual:static array table (FloatArray / IntArray entry),,"ctor_arg:ModuleDef: new(SpecialModule.AegisDome, Any, 2f, 3f),"
Game/Match/GearCatalog.cs,328,4f,vehicles.gearCatalog.modulesEpic9,x,khac,02,1,manual:static array table (FloatArray / IntArray entry),,"ctor_arg:ModuleDef: new(SpecialModule.DecoyLauncher, Ground, 4f, 6f, 35f, 25f),"
Game/Match/GearCatalog.cs,328,6f,vehicles.gearCatalog.modulesLegendary10,x,khac,02,1,manual:static array table (FloatArray / IntArray entry),,"ctor_arg:ModuleDef: new(SpecialModule.DecoyLauncher, Ground, 4f, 6f, 35f, 25f),"
Game/Match/GearCatalog.cs,328,35f,vehicles.gearCatalog.modulesEpic26,x,khac,02,1,manual:static array table (FloatArray / IntArray entry),,"ctor_arg:ModuleDef: new(SpecialModule.DecoyLauncher, Ground, 4f, 6f, 35f, 25f),"
Game/Match/GearCatalog.cs,328,25f,vehicles.gearCatalog.modulesLegendary26,x,khac,02,1,manual:static array table (FloatArray / IntArray entry),,"ctor_arg:ModuleDef: new(SpecialModule.DecoyLauncher, Ground, 4f, 6f, 35f, 25f),"
Game/Match/GearCatalog.cs,329,3f,vehicles.gearCatalog.modulesEpic5,x,khac,02,1,manual:static array table (FloatArray / IntArray entry),,"ctor_arg:ModuleDef: new(SpecialModule.UplinkBarrage, VehicleNeed.HitsGround, 3f, 5f, 45f, 35f),"
Game/Match/GearCatalog.cs,329,5f,vehicles.gearCatalog.modulesLegendary11,x,khac,02,1,manual:static array table (FloatArray / IntArray entry),,"ctor_arg:ModuleDef: new(SpecialModule.UplinkBarrage, VehicleNeed.HitsGround, 3f, 5f, 45f, 35f),"
Game/Match/GearCatalog.cs,329,45f,vehicles.gearCatalog.modulesEpic27,x,khac,02,1,manual:static array table (FloatArray / IntArray entry),,"ctor_arg:ModuleDef: new(SpecialModule.UplinkBarrage, VehicleNeed.HitsGround, 3f, 5f, 45f, 35f),"
Game/Match/GearCatalog.cs,329,35f,vehicles.gearCatalog.modulesLegendary27,x,khac,02,1,manual:static array table (FloatArray / IntArray entry),,"ctor_arg:ModuleDef: new(SpecialModule.UplinkBarrage, VehicleNeed.HitsGround, 3f, 5f, 45f, 35f),"
Game/Match/GearCatalog.cs,335,0.15f,vehicles.gearCatalog.traitsV,x,khac,02,1,manual:static array table (FloatArray / IntArray entry),,"arg:GearCatalog.V: new(TraitId.TwinFeed, GearSlot.Weapon, Armed, V(0.15f, 0.15f), V(0.2f, 0.2f)),"
Game/Match/GearCatalog.cs,335,0.2f,vehicles.gearCatalog.traitsV2,x,khac,02,1,manual:static array table (FloatArray / IntArray entry),,"arg:GearCatalog.V: new(TraitId.TwinFeed, GearSlot.Weapon, Armed, V(0.15f, 0.15f), V(0.2f, 0.2f)),"
Game/Match/GearCatalog.cs,335,0.15f,vehicles.gearCatalog.traitsValue,x,khac,02,2,manual:static array table (FloatArray / IntArray entry),,"arg:GearCatalog.V: new(TraitId.TwinFeed, GearSlot.Weapon, Armed, V(0.15f, 0.15f), V(0.2f, 0.2f)),"
Game/Match/GearCatalog.cs,335,0.2f,vehicles.gearCatalog.traitsValue2,x,khac,02,2,manual:static array table (FloatArray / IntArray entry),,"arg:GearCatalog.V: new(TraitId.TwinFeed, GearSlot.Weapon, Armed, V(0.15f, 0.15f), V(0.2f, 0.2f)),"
Game/Match/GearCatalog.cs,336,0.18f,vehicles.gearCatalog.traitsV3,x,khac,02,1,manual:static array table (FloatArray / IntArray entry),,"arg:GearCatalog.V: new(TraitId.IncendiaryRounds, GearSlot.Weapon, Armed, V(0.18f), V(0.25f)),"
Game/Match/GearCatalog.cs,336,0.25f,vehicles.gearCatalog.traitsV4,x,khac,02,1,manual:static array table (FloatArray / IntArray entry),,"arg:GearCatalog.V: new(TraitId.IncendiaryRounds, GearSlot.Weapon, Armed, V(0.18f), V(0.25f)),"
Game/Match/GearCatalog.cs,337,0.35f,vehicles.gearCatalog.traitsV5,x,khac,02,1,manual:static array table (FloatArray / IntArray entry),,"arg:GearCatalog.V: new(TraitId.RicochetShells, GearSlot.Weapon, VehicleNeed.HitsGround, V(0.35f, 8f), V(0.5f, 10f)),"
Game/Match/GearCatalog.cs,337,8f,vehicles.gearCatalog.traitsValue3,x,khac,02,1,manual:static array table (FloatArray / IntArray entry),,"arg:GearCatalog.V: new(TraitId.RicochetShells, GearSlot.Weapon, VehicleNeed.HitsGround, V(0.35f, 8f), V(0.5f, 10f)),"
Game/Match/GearCatalog.cs,337,0.5f,vehicles.gearCatalog.traitsV6,x,khac,02,1,manual:static array table (FloatArray / IntArray entry),,"arg:GearCatalog.V: new(TraitId.RicochetShells, GearSlot.Weapon, VehicleNeed.HitsGround, V(0.35f, 8f), V(0.5f, 10f)),"
Game/Match/GearCatalog.cs,337,10f,vehicles.gearCatalog.traitsValue4,x,khac,02,1,manual:static array table (FloatArray / IntArray entry),,"arg:GearCatalog.V: new(TraitId.RicochetShells, GearSlot.Weapon, VehicleNeed.HitsGround, V(0.35f, 8f), V(0.5f, 10f)),"
Game/Match/GearCatalog.cs,338,5f,vehicles.gearCatalog.traitsV7,x,khac,02,1,manual:static array table (FloatArray / IntArray entry),,"arg:GearCatalog.V: new(TraitId.ClusterWarhead, GearSlot.Weapon, VehicleNeed.Lobs, V(5f), V(8f)),"
Game/Match/GearCatalog.cs,338,8f,vehicles.gearCatalog.traitsV8,x,khac,02,1,manual:static array table (FloatArray / IntArray entry),,"arg:GearCatalog.V: new(TraitId.ClusterWarhead, GearSlot.Weapon, VehicleNeed.Lobs, V(5f), V(8f)),"
Game/Match/GearCatalog.cs,339,0.03f,vehicles.gearCatalog.traitsV9,x,khac,02,1,manual:static array table (FloatArray / IntArray entry),,"arg:GearCatalog.V: new(TraitId.ShredderRounds, GearSlot.Weapon, Armed, V(0.03f), V(0.04f)),"
Game/Match/GearCatalog.cs,339,0.04f,vehicles.gearCatalog.traitsV10,x,khac,02,1,manual:static array table (FloatArray / IntArray entry),,"arg:GearCatalog.V: new(TraitId.ShredderRounds, GearSlot.Weapon, Armed, V(0.03f), V(0.04f)),"
Game/Match/GearCatalog.cs,340,0.35f,vehicles.gearCatalog.traitsV5,x,khac,02,1,manual:static array table (FloatArray / IntArray entry),,"arg:GearCatalog.V: new(TraitId.OpeningSalvo, GearSlot.Weapon, Armed, V(0.35f), V(0.5f)),"
Game/Match/GearCatalog.cs,340,0.5f,vehicles.gearCatalog.traitsV6,x,khac,02,1,manual:static array table (FloatArray / IntArray entry),,"arg:GearCatalog.V: new(TraitId.OpeningSalvo, GearSlot.Weapon, Armed, V(0.35f), V(0.5f)),"
Game/Match/GearCatalog.cs,341,0.05f,vehicles.gearCatalog.traitsV11,x,khac,02,1,manual:static array table (FloatArray / IntArray entry),,"arg:GearCatalog.V: new(TraitId.MomentumGun, GearSlot.Weapon, Armed, V(0.05f), V(0.07f)),"
Game/Match/GearCatalog.cs,341,0.07f,vehicles.gearCatalog.traitsV12,x,khac,02,1,manual:static array table (FloatArray / IntArray entry),,"arg:GearCatalog.V: new(TraitId.MomentumGun, GearSlot.Weapon, Armed, V(0.05f), V(0.07f)),"
Game/Match/GearCatalog.cs,342,0.4f,vehicles.gearCatalog.traitsV13,x,khac,02,1,manual:static array table (FloatArray / IntArray entry),,"arg:GearCatalog.V: new(TraitId.Executioner, GearSlot.Weapon, Armed, V(0.4f), V(0.6f)),"
Game/Match/GearCatalog.cs,342,0.6f,vehicles.gearCatalog.traitsV14,x,khac,02,1,manual:static array table (FloatArray / IntArray entry),,"arg:GearCatalog.V: new(TraitId.Executioner, GearSlot.Weapon, Armed, V(0.4f), V(0.6f)),"
Game/Match/GearCatalog.cs,343,0.1f,vehicles.gearCatalog.traitsV15,x,khac,02,1,manual:static array table (FloatArray / IntArray entry),,"arg:GearCatalog.V: new(TraitId.TandemWarhead, GearSlot.Weapon, VehicleNeed.RocketLike, V(0.1f), V(0.15f)),"
Game/Match/GearCatalog.cs,343,0.15f,vehicles.gearCatalog.traitsV,x,khac,02,1,manual:static array table (FloatArray / IntArray entry),,"arg:GearCatalog.V: new(TraitId.TandemWarhead, GearSlot.Weapon, VehicleNeed.RocketLike, V(0.1f), V(0.15f)),"
Game/Match/GearCatalog.cs,344,0.15f,vehicles.gearCatalog.traitsV,x,khac,02,1,manual:static array table (FloatArray / IntArray entry),,"arg:GearCatalog.V: new(TraitId.SuppressionRounds, GearSlot.Weapon, Armed, V(0.15f), V(0.25f)),"
Game/Match/GearCatalog.cs,344,0.25f,vehicles.gearCatalog.traitsV4,x,khac,02,1,manual:static array table (FloatArray / IntArray entry),,"arg:GearCatalog.V: new(TraitId.SuppressionRounds, GearSlot.Weapon, Armed, V(0.15f), V(0.25f)),"
Game/Match/GearCatalog.cs,345,0.1f,vehicles.gearCatalog.traitsV15,x,khac,02,1,manual:static array table (FloatArray / IntArray entry),,"arg:GearCatalog.V: new(TraitId.SuppressiveFire, GearSlot.Weapon, Armed, V(0.1f), V(0.15f)),"
Game/Match/GearCatalog.cs,345,0.15f,vehicles.gearCatalog.traitsV,x,khac,02,1,manual:static array table (FloatArray / IntArray entry),,"arg:GearCatalog.V: new(TraitId.SuppressiveFire, GearSlot.Weapon, Armed, V(0.1f), V(0.15f)),"
Game/Match/GearCatalog.cs,347,0.1f,vehicles.gearCatalog.traitsV15,x,khac,02,1,manual:static array table (FloatArray / IntArray entry),,"arg:GearCatalog.V: new(TraitId.HullDownCrew, GearSlot.Loader, Armed | Ground, V(0.1f), V(0.15f)),"
Game/Match/GearCatalog.cs,347,0.15f,vehicles.gearCatalog.traitsV,x,khac,02,1,manual:static array table (FloatArray / IntArray entry),,"arg:GearCatalog.V: new(TraitId.HullDownCrew, GearSlot.Loader, Armed | Ground, V(0.1f), V(0.15f)),"
Game/Match/GearCatalog.cs,348,0.25f,vehicles.gearCatalog.traitsV4,x,sat_thuong,02,1,manual:static array table (FloatArray / IntArray entry),,"arg:GearCatalog.V: new(TraitId.KillReload, GearSlot.Loader, Armed, V(0.25f), V(0.4f)),"
Game/Match/GearCatalog.cs,348,0.4f,vehicles.gearCatalog.traitsV13,x,sat_thuong,02,1,manual:static array table (FloatArray / IntArray entry),,"arg:GearCatalog.V: new(TraitId.KillReload, GearSlot.Loader, Armed, V(0.25f), V(0.4f)),"
Game/Match/GearCatalog.cs,349,1.4f,vehicles.gearCatalog.traitsV16,x,khac,02,1,manual:static array table (FloatArray / IntArray entry),,"arg:GearCatalog.V: new(TraitId.RapidResponse, GearSlot.Loader, Armed, V(1.4f, 18f), V(1.6f, 14f)),"
Game/Match/GearCatalog.cs,349,18f,vehicles.gearCatalog.traitsValue5,x,khac,02,1,manual:static array table (FloatArray / IntArray entry),,"arg:GearCatalog.V: new(TraitId.RapidResponse, GearSlot.Loader, Armed, V(1.4f, 18f), V(1.6f, 14f)),"
Game/Match/GearCatalog.cs,349,1.6f,vehicles.gearCatalog.traitsV17,x,khac,02,1,manual:static array table (FloatArray / IntArray entry),,"arg:GearCatalog.V: new(TraitId.RapidResponse, GearSlot.Loader, Armed, V(1.4f, 18f), V(1.6f, 14f)),"
Game/Match/GearCatalog.cs,349,14f,vehicles.gearCatalog.traitsValue6,x,khac,02,1,manual:static array table (FloatArray / IntArray entry),,"arg:GearCatalog.V: new(TraitId.RapidResponse, GearSlot.Loader, Armed, V(1.4f, 18f), V(1.6f, 14f)),"
Game/Match/GearCatalog.cs,350,5f,vehicles.gearCatalog.traitsV7,x,khac,02,1,manual:static array table (FloatArray / IntArray entry),,"arg:GearCatalog.V: new(TraitId.OverpressureChamber, GearSlot.Loader, Armed, V(5f), V(4f)),"
Game/Match/GearCatalog.cs,350,4f,vehicles.gearCatalog.traitsV18,x,khac,02,1,manual:static array table (FloatArray / IntArray entry),,"arg:GearCatalog.V: new(TraitId.OverpressureChamber, GearSlot.Loader, Armed, V(5f), V(4f)),"
Game/Match/GearCatalog.cs,351,0.25f,vehicles.gearCatalog.traitsV4,x,khac,02,1,manual:static array table (FloatArray / IntArray entry),,"arg:GearCatalog.V: new(TraitId.HotSwap, GearSlot.Loader, VehicleNeed.Magazine, V(0.25f), V(0.4f)),"
Game/Match/GearCatalog.cs,351,0.4f,vehicles.gearCatalog.traitsV13,x,khac,02,1,manual:static array table (FloatArray / IntArray entry),,"arg:GearCatalog.V: new(TraitId.HotSwap, GearSlot.Loader, VehicleNeed.Magazine, V(0.25f), V(0.4f)),"
Game/Match/GearCatalog.cs,352,0.6f,vehicles.gearCatalog.traitsV14,s,thoi_gian,02,1,manual:static array table (FloatArray / IntArray entry),,"arg:GearCatalog.V: new(TraitId.SkywardPintle, GearSlot.Loader, VehicleNeed.SecondaryGun | Ground, V(0.6f), V(0.8f)),"
Game/Match/GearCatalog.cs,352,0.8f,vehicles.gearCatalog.traitsV19,s,thoi_gian,02,1,manual:static array table (FloatArray / IntArray entry),,"arg:GearCatalog.V: new(TraitId.SkywardPintle, GearSlot.Loader, VehicleNeed.SecondaryGun | Ground, V(0.6f), V(0.8f)),"
Game/Match/GearCatalog.cs,353,0.15f,vehicles.gearCatalog.traitsV,x,khac,02,1,manual:static array table (FloatArray / IntArray entry),,"arg:GearCatalog.V: new(TraitId.Vengeance, GearSlot.Loader, Armed, V(0.15f, 15f, 5f), V(0.2f, 15f, 5f)),"
Game/Match/GearCatalog.cs,353,15f,vehicles.gearCatalog.traitsValue7,x,khac,02,1,manual:static array table (FloatArray / IntArray entry),,"arg:GearCatalog.V: new(TraitId.Vengeance, GearSlot.Loader, Armed, V(0.15f, 15f, 5f), V(0.2f, 15f, 5f)),"
Game/Match/GearCatalog.cs,353,5f,vehicles.gearCatalog.traitsValue8,x,khac,02,1,manual:static array table (FloatArray / IntArray entry),,"arg:GearCatalog.V: new(TraitId.Vengeance, GearSlot.Loader, Armed, V(0.15f, 15f, 5f), V(0.2f, 15f, 5f)),"
Game/Match/GearCatalog.cs,353,0.2f,vehicles.gearCatalog.traitsV2,x,khac,02,1,manual:static array table (FloatArray / IntArray entry),,"arg:GearCatalog.V: new(TraitId.Vengeance, GearSlot.Loader, Armed, V(0.15f, 15f, 5f), V(0.2f, 15f, 5f)),"
Game/Match/GearCatalog.cs,353,15f,vehicles.gearCatalog.traitsValue7,x,khac,02,2,manual:static array table (FloatArray / IntArray entry),,"arg:GearCatalog.V: new(TraitId.Vengeance, GearSlot.Loader, Armed, V(0.15f, 15f, 5f), V(0.2f, 15f, 5f)),"
Game/Match/GearCatalog.cs,353,5f,vehicles.gearCatalog.traitsValue8,x,khac,02,2,manual:static array table (FloatArray / IntArray entry),,"arg:GearCatalog.V: new(TraitId.Vengeance, GearSlot.Loader, Armed, V(0.15f, 15f, 5f), V(0.2f, 15f, 5f)),"
Game/Match/GearCatalog.cs,355,0.1f,vehicles.gearCatalog.traitsV15,x,sat_thuong,02,1,manual:static array table (FloatArray / IntArray entry),,"arg:GearCatalog.V: new(TraitId.AegisBarrier, GearSlot.Armor, Any, V(0.1f, 20f), V(0.15f, 16f)),"
Game/Match/GearCatalog.cs,355,20f,vehicles.gearCatalog.traitsSat,x,sat_thuong,02,1,manual:static array table (FloatArray / IntArray entry),,"arg:GearCatalog.V: new(TraitId.AegisBarrier, GearSlot.Armor, Any, V(0.1f, 20f), V(0.15f, 16f)),"
Game/Match/GearCatalog.cs,355,0.15f,vehicles.gearCatalog.traitsV,x,sat_thuong,02,1,manual:static array table (FloatArray / IntArray entry),,"arg:GearCatalog.V: new(TraitId.AegisBarrier, GearSlot.Armor, Any, V(0.1f, 20f), V(0.15f, 16f)),"
Game/Match/GearCatalog.cs,355,16f,vehicles.gearCatalog.traitsSat2,x,sat_thuong,02,1,manual:static array table (FloatArray / IntArray entry),,"arg:GearCatalog.V: new(TraitId.AegisBarrier, GearSlot.Armor, Any, V(0.1f, 20f), V(0.15f, 16f)),"
Game/Match/GearCatalog.cs,356,1.5f,vehicles.gearCatalog.traitsV20,x,sat_thuong,02,1,manual:static array table (FloatArray / IntArray entry),,"arg:GearCatalog.V: new(TraitId.Unbreakable, GearSlot.Armor, Any, V(1.5f), V(2.5f)),"
Game/Match/GearCatalog.cs,356,2.5f,vehicles.gearCatalog.traitsV21,x,sat_thuong,02,1,manual:static array table (FloatArray / IntArray entry),,"arg:GearCatalog.V: new(TraitId.Unbreakable, GearSlot.Armor, Any, V(1.5f), V(2.5f)),"
Game/Match/GearCatalog.cs,357,0.15f,vehicles.gearCatalog.traitsV,x,sat_thuong,02,1,manual:static array table (FloatArray / IntArray entry),,"arg:GearCatalog.V: new(TraitId.GuardianLink, GearSlot.Armor, VehicleNeed.Heavy | Ground, V(0.15f), V(0.25f)),"
Game/Match/GearCatalog.cs,357,0.25f,vehicles.gearCatalog.traitsV4,x,sat_thuong,02,1,manual:static array table (FloatArray / IntArray entry),,"arg:GearCatalog.V: new(TraitId.GuardianLink, GearSlot.Armor, VehicleNeed.Heavy | Ground, V(0.15f), V(0.25f)),"
Game/Match/GearCatalog.cs,358,0.03f,vehicles.gearCatalog.traitsV9,x,sat_thuong,02,1,manual:static array table (FloatArray / IntArray entry),,"arg:GearCatalog.V: new(TraitId.DarkCrown, GearSlot.Armor, Any, V(0.03f, 0.02f), V(0.04f, 0.03f)),"
Game/Match/GearCatalog.cs,358,0.02f,vehicles.gearCatalog.traitsSat3,x,sat_thuong,02,1,manual:static array table (FloatArray / IntArray entry),,"arg:GearCatalog.V: new(TraitId.DarkCrown, GearSlot.Armor, Any, V(0.03f, 0.02f), V(0.04f, 0.03f)),"
Game/Match/GearCatalog.cs,358,0.04f,vehicles.gearCatalog.traitsV10,x,sat_thuong,02,1,manual:static array table (FloatArray / IntArray entry),,"arg:GearCatalog.V: new(TraitId.DarkCrown, GearSlot.Armor, Any, V(0.03f, 0.02f), V(0.04f, 0.03f)),"
Game/Match/GearCatalog.cs,358,0.03f,vehicles.gearCatalog.traitsSat4,x,sat_thuong,02,2,manual:static array table (FloatArray / IntArray entry),,"arg:GearCatalog.V: new(TraitId.DarkCrown, GearSlot.Armor, Any, V(0.03f, 0.02f), V(0.04f, 0.03f)),"
Game/Match/GearCatalog.cs,359,0.05f,vehicles.gearCatalog.traitsV11,x,sat_thuong,02,1,manual:static array table (FloatArray / IntArray entry),,"arg:GearCatalog.V: new(TraitId.AdaptivePlating, GearSlot.Armor, Any, V(0.05f), V(0.06f)),"
Game/Match/GearCatalog.cs,359,0.06f,vehicles.gearCatalog.traitsV22,x,sat_thuong,02,1,manual:static array table (FloatArray / IntArray entry),,"arg:GearCatalog.V: new(TraitId.AdaptivePlating, GearSlot.Armor, Any, V(0.05f), V(0.06f)),"
Game/Match/GearCatalog.cs,360,3f,vehicles.gearCatalog.traitsV23,x,sat_thuong,02,1,manual:static array table (FloatArray / IntArray entry),,"arg:GearCatalog.V: new(TraitId.ReactiveBlocks, GearSlot.Armor, Ground, V(3f, 20f), V(4f, 15f)),"
Game/Match/GearCatalog.cs,360,20f,vehicles.gearCatalog.traitsSat,x,sat_thuong,02,1,manual:static array table (FloatArray / IntArray entry),,"arg:GearCatalog.V: new(TraitId.ReactiveBlocks, GearSlot.Armor, Ground, V(3f, 20f), V(4f, 15f)),"
Game/Match/GearCatalog.cs,360,4f,vehicles.gearCatalog.traitsV18,x,sat_thuong,02,1,manual:static array table (FloatArray / IntArray entry),,"arg:GearCatalog.V: new(TraitId.ReactiveBlocks, GearSlot.Armor, Ground, V(3f, 20f), V(4f, 15f)),"
Game/Match/GearCatalog.cs,360,15f,vehicles.gearCatalog.traitsSat5,x,sat_thuong,02,1,manual:static array table (FloatArray / IntArray entry),,"arg:GearCatalog.V: new(TraitId.ReactiveBlocks, GearSlot.Armor, Ground, V(3f, 20f), V(4f, 15f)),"
Game/Match/GearCatalog.cs,361,0.2f,vehicles.gearCatalog.traitsV2,x,sat_thuong,02,1,manual:static array table (FloatArray / IntArray entry),,"arg:GearCatalog.V: new(TraitId.AblativeLayer, GearSlot.Armor, Any, V(0.2f), V(0.3f)),"
Game/Match/GearCatalog.cs,361,0.3f,vehicles.gearCatalog.traitsV24,x,sat_thuong,02,1,manual:static array table (FloatArray / IntArray entry),,"arg:GearCatalog.V: new(TraitId.AblativeLayer, GearSlot.Armor, Any, V(0.2f), V(0.3f)),"
Game/Match/GearCatalog.cs,362,6f,vehicles.gearCatalog.traitsV25,x,sat_thuong,02,1,manual:static array table (FloatArray / IntArray entry),,"arg:GearCatalog.V: new(TraitId.AngledGlacis, GearSlot.Armor, Ground, V(6f), V(5f)),"
Game/Match/GearCatalog.cs,362,5f,vehicles.gearCatalog.traitsV7,x,sat_thuong,02,1,manual:static array table (FloatArray / IntArray entry),,"arg:GearCatalog.V: new(TraitId.AngledGlacis, GearSlot.Armor, Ground, V(6f), V(5f)),"
Game/Match/GearCatalog.cs,363,0.15f,vehicles.gearCatalog.traitsV,x,sat_thuong,02,1,manual:static array table (FloatArray / IntArray entry),,"arg:GearCatalog.V: new(TraitId.SiegeAnchor, GearSlot.Armor, Ground, V(0.15f, 0.08f), V(0.2f, 0.12f)),"
Game/Match/GearCatalog.cs,363,0.08f,vehicles.gearCatalog.traitsSat6,x,sat_thuong,02,1,manual:static array table (FloatArray / IntArray entry),,"arg:GearCatalog.V: new(TraitId.SiegeAnchor, GearSlot.Armor, Ground, V(0.15f, 0.08f), V(0.2f, 0.12f)),"
Game/Match/GearCatalog.cs,363,0.2f,vehicles.gearCatalog.traitsV2,x,sat_thuong,02,1,manual:static array table (FloatArray / IntArray entry),,"arg:GearCatalog.V: new(TraitId.SiegeAnchor, GearSlot.Armor, Ground, V(0.15f, 0.08f), V(0.2f, 0.12f)),"
Game/Match/GearCatalog.cs,363,0.12f,vehicles.gearCatalog.traitsSat7,x,sat_thuong,02,1,manual:static array table (FloatArray / IntArray entry),,"arg:GearCatalog.V: new(TraitId.SiegeAnchor, GearSlot.Armor, Ground, V(0.15f, 0.08f), V(0.2f, 0.12f)),"
Game/Match/GearCatalog.cs,365,1.6f,vehicles.gearCatalog.traitsV17,x,khac,02,1,manual:static array table (FloatArray / IntArray entry),,"arg:GearCatalog.V: new(TraitId.NitroDash, GearSlot.Engine, Any, V(1.6f, 25f), V(1.8f, 18f)),"
Game/Match/GearCatalog.cs,365,25f,vehicles.gearCatalog.traitsValue9,x,khac,02,1,manual:static array table (FloatArray / IntArray entry),,"arg:GearCatalog.V: new(TraitId.NitroDash, GearSlot.Engine, Any, V(1.6f, 25f), V(1.8f, 18f)),"
Game/Match/GearCatalog.cs,365,1.8f,vehicles.gearCatalog.traitsV26,x,khac,02,1,manual:static array table (FloatArray / IntArray entry),,"arg:GearCatalog.V: new(TraitId.NitroDash, GearSlot.Engine, Any, V(1.6f, 25f), V(1.8f, 18f)),"
Game/Match/GearCatalog.cs,365,18f,vehicles.gearCatalog.traitsValue5,x,khac,02,1,manual:static array table (FloatArray / IntArray entry),,"arg:GearCatalog.V: new(TraitId.NitroDash, GearSlot.Engine, Any, V(1.6f, 25f), V(1.8f, 18f)),"
Game/Match/GearCatalog.cs,366,0.4f,vehicles.gearCatalog.traitsV13,x,khac,02,1,manual:static array table (FloatArray / IntArray entry),,"arg:GearCatalog.V: new(TraitId.ShootAndScoot, GearSlot.Engine, Armed | Ground, V(0.4f, 0.15f), V(0.6f, 0.25f)),"
Game/Match/GearCatalog.cs,366,0.15f,vehicles.gearCatalog.traitsValue,x,khac,02,1,manual:static array table (FloatArray / IntArray entry),,"arg:GearCatalog.V: new(TraitId.ShootAndScoot, GearSlot.Engine, Armed | Ground, V(0.4f, 0.15f), V(0.6f, 0.25f)),"
Game/Match/GearCatalog.cs,366,0.6f,vehicles.gearCatalog.traitsV14,x,khac,02,1,manual:static array table (FloatArray / IntArray entry),,"arg:GearCatalog.V: new(TraitId.ShootAndScoot, GearSlot.Engine, Armed | Ground, V(0.4f, 0.15f), V(0.6f, 0.25f)),"
Game/Match/GearCatalog.cs,366,0.25f,vehicles.gearCatalog.traitsValue10,x,khac,02,1,manual:static array table (FloatArray / IntArray entry),,"arg:GearCatalog.V: new(TraitId.ShootAndScoot, GearSlot.Engine, Armed | Ground, V(0.4f, 0.15f), V(0.6f, 0.25f)),"
Game/Match/GearCatalog.cs,367,10f,vehicles.gearCatalog.traitsV27,x,khac,02,1,manual:static array table (FloatArray / IntArray entry),,"arg:GearCatalog.V: new(TraitId.RapidDeployment, GearSlot.Engine, Any, V(10f), V(15f)),"
Game/Match/GearCatalog.cs,367,15f,vehicles.gearCatalog.traitsV28,x,khac,02,1,manual:static array table (FloatArray / IntArray entry),,"arg:GearCatalog.V: new(TraitId.RapidDeployment, GearSlot.Engine, Any, V(10f), V(15f)),"
Game/Match/GearCatalog.cs,368,0.3f,vehicles.gearCatalog.traitsV24,x,khac,02,1,manual:static array table (FloatArray / IntArray entry),,"arg:GearCatalog.V: new(TraitId.VolatileFuelTanks, GearSlot.Engine, Any, V(0.3f, 8f), V(0.45f, 10f)),"
Game/Match/GearCatalog.cs,368,8f,vehicles.gearCatalog.traitsValue3,x,khac,02,1,manual:static array table (FloatArray / IntArray entry),,"arg:GearCatalog.V: new(TraitId.VolatileFuelTanks, GearSlot.Engine, Any, V(0.3f, 8f), V(0.45f, 10f)),"
Game/Match/GearCatalog.cs,368,0.45f,vehicles.gearCatalog.traitsV29,x,khac,02,1,manual:static array table (FloatArray / IntArray entry),,"arg:GearCatalog.V: new(TraitId.VolatileFuelTanks, GearSlot.Engine, Any, V(0.3f, 8f), V(0.45f, 10f)),"
Game/Match/GearCatalog.cs,368,10f,vehicles.gearCatalog.traitsValue4,x,khac,02,1,manual:static array table (FloatArray / IntArray entry),,"arg:GearCatalog.V: new(TraitId.VolatileFuelTanks, GearSlot.Engine, Any, V(0.3f, 8f), V(0.45f, 10f)),"
Game/Match/GearCatalog.cs,369,0.5f,vehicles.gearCatalog.traitsV6,x,khac,02,1,manual:static array table (FloatArray / IntArray entry),,"arg:GearCatalog.V: new(TraitId.AfterburnerReserve, GearSlot.Engine, Flying, V(0.5f), V(0.7f)),"
Game/Match/GearCatalog.cs,369,0.7f,vehicles.gearCatalog.traitsV30,x,khac,02,1,manual:static array table (FloatArray / IntArray entry),,"arg:GearCatalog.V: new(TraitId.AfterburnerReserve, GearSlot.Engine, Flying, V(0.5f), V(0.7f)),"
Game/Match/GearCatalog.cs,370,0.15f,vehicles.gearCatalog.traitsV,x,khac,02,1,manual:static array table (FloatArray / IntArray entry),,"arg:GearCatalog.V: new(TraitId.Rearguard, GearSlot.Engine, Any, V(0.15f), V(0.2f)),"
Game/Match/GearCatalog.cs,370,0.2f,vehicles.gearCatalog.traitsV2,x,khac,02,1,manual:static array table (FloatArray / IntArray entry),,"arg:GearCatalog.V: new(TraitId.Rearguard, GearSlot.Engine, Any, V(0.15f), V(0.2f)),"
Game/Match/GearCatalog.cs,372,0.006f,vehicles.gearCatalog.traitsV31,x,khac,02,1,manual:static array table (FloatArray / IntArray entry),,"arg:GearCatalog.V: new(TraitId.FieldMechanics, GearSlot.Repair, Any, V(0.006f, 12f), V(0.01f, 15f)),"
Game/Match/GearCatalog.cs,372,12f,vehicles.gearCatalog.traitsValue11,x,khac,02,1,manual:static array table (FloatArray / IntArray entry),,"arg:GearCatalog.V: new(TraitId.FieldMechanics, GearSlot.Repair, Any, V(0.006f, 12f), V(0.01f, 15f)),"
Game/Match/GearCatalog.cs,372,0.01f,vehicles.gearCatalog.traitsV32,x,khac,02,1,manual:static array table (FloatArray / IntArray entry),,"arg:GearCatalog.V: new(TraitId.FieldMechanics, GearSlot.Repair, Any, V(0.006f, 12f), V(0.01f, 15f)),"
Game/Match/GearCatalog.cs,372,15f,vehicles.gearCatalog.traitsValue7,x,khac,02,1,manual:static array table (FloatArray / IntArray entry),,"arg:GearCatalog.V: new(TraitId.FieldMechanics, GearSlot.Repair, Any, V(0.006f, 12f), V(0.01f, 15f)),"
Game/Match/GearCatalog.cs,373,0.2f,vehicles.gearCatalog.traitsV2,x,khac,02,1,manual:static array table (FloatArray / IntArray entry),,"arg:GearCatalog.V: new(TraitId.EmergencyRepairKit, GearSlot.Repair, Any, V(0.2f), V(0.3f)),"
Game/Match/GearCatalog.cs,373,0.3f,vehicles.gearCatalog.traitsV24,x,khac,02,1,manual:static array table (FloatArray / IntArray entry),,"arg:GearCatalog.V: new(TraitId.EmergencyRepairKit, GearSlot.Repair, Any, V(0.2f), V(0.3f)),"
Game/Match/GearCatalog.cs,374,0.4f,vehicles.gearCatalog.traitsV13,x,khac,02,1,manual:static array table (FloatArray / IntArray entry),,"arg:GearCatalog.V: new(TraitId.CombatWelder, GearSlot.Repair, Any, V(0.4f), V(0.6f)),"
Game/Match/GearCatalog.cs,374,0.6f,vehicles.gearCatalog.traitsV14,x,khac,02,1,manual:static array table (FloatArray / IntArray entry),,"arg:GearCatalog.V: new(TraitId.CombatWelder, GearSlot.Repair, Any, V(0.4f), V(0.6f)),"
Game/Match/GearCatalog.cs,375,0.08f,vehicles.gearCatalog.traitsV33,x,khac,02,1,manual:static array table (FloatArray / IntArray entry),,"arg:GearCatalog.V: new(TraitId.SalvageTeam, GearSlot.Repair, Armed, V(0.08f), V(0.12f)),"
Game/Match/GearCatalog.cs,375,0.12f,vehicles.gearCatalog.traitsV34,x,khac,02,1,manual:static array table (FloatArray / IntArray entry),,"arg:GearCatalog.V: new(TraitId.SalvageTeam, GearSlot.Repair, Armed, V(0.08f), V(0.12f)),"
Game/Match/GearCatalog.cs,376,0.3f,vehicles.gearCatalog.traitsV24,x,khac,02,1,manual:static array table (FloatArray / IntArray entry),,"arg:GearCatalog.V: new(TraitId.AmmoCarrier, GearSlot.Repair, Any, V(0.3f, 12f), V(0.5f, 16f)),"
Game/Match/GearCatalog.cs,376,12f,vehicles.gearCatalog.traitsValue11,x,khac,02,1,manual:static array table (FloatArray / IntArray entry),,"arg:GearCatalog.V: new(TraitId.AmmoCarrier, GearSlot.Repair, Any, V(0.3f, 12f), V(0.5f, 16f)),"
Game/Match/GearCatalog.cs,376,0.5f,vehicles.gearCatalog.traitsV6,x,khac,02,1,manual:static array table (FloatArray / IntArray entry),,"arg:GearCatalog.V: new(TraitId.AmmoCarrier, GearSlot.Repair, Any, V(0.3f, 12f), V(0.5f, 16f)),"
Game/Match/GearCatalog.cs,376,16f,vehicles.gearCatalog.traitsValue12,x,khac,02,1,manual:static array table (FloatArray / IntArray entry),,"arg:GearCatalog.V: new(TraitId.AmmoCarrier, GearSlot.Repair, Any, V(0.3f, 12f), V(0.5f, 16f)),"
Game/Match/GearCatalog.cs,377,15f,vehicles.gearCatalog.traitsV28,x,sat_thuong,02,1,manual:static array table (FloatArray / IntArray entry),,"arg:GearCatalog.V: new(TraitId.DamageControl, GearSlot.Repair, Any, V(15f), V(10f)),"
Game/Match/GearCatalog.cs,377,10f,vehicles.gearCatalog.traitsV27,x,sat_thuong,02,1,manual:static array table (FloatArray / IntArray entry),,"arg:GearCatalog.V: new(TraitId.DamageControl, GearSlot.Repair, Any, V(15f), V(10f)),"
Game/Match/GearCatalog.cs,379,0.6f,vehicles.gearCatalog.traitsV14,x,khac,02,1,manual:static array table (FloatArray / IntArray entry),,"arg:GearCatalog.V: new(TraitId.ThermalImager, GearSlot.Optics, Any, V(0.6f), V(1f)),"
Game/Match/GearCatalog.cs,380,0.08f,vehicles.gearCatalog.traitsV33,x,khac,02,1,manual:static array table (FloatArray / IntArray entry),,"arg:GearCatalog.V: new(TraitId.LaserDesignator, GearSlot.Optics, VehicleNeed.HitsGround, V(0.08f, 4f), V(0.12f, 6f)),"
Game/Match/GearCatalog.cs,380,4f,vehicles.gearCatalog.traitsValue13,x,khac,02,1,manual:static array table (FloatArray / IntArray entry),,"arg:GearCatalog.V: new(TraitId.LaserDesignator, GearSlot.Optics, VehicleNeed.HitsGround, V(0.08f, 4f), V(0.12f, 6f)),"
Game/Match/GearCatalog.cs,380,0.12f,vehicles.gearCatalog.traitsV34,x,khac,02,1,manual:static array table (FloatArray / IntArray entry),,"arg:GearCatalog.V: new(TraitId.LaserDesignator, GearSlot.Optics, VehicleNeed.HitsGround, V(0.08f, 4f), V(0.12f, 6f)),"
Game/Match/GearCatalog.cs,380,6f,vehicles.gearCatalog.traitsValue14,x,khac,02,1,manual:static array table (FloatArray / IntArray entry),,"arg:GearCatalog.V: new(TraitId.LaserDesignator, GearSlot.Optics, VehicleNeed.HitsGround, V(0.08f, 4f), V(0.12f, 6f)),"
Game/Match/GearCatalog.cs,381,0.25f,vehicles.gearCatalog.traitsV4,x,khac,02,1,manual:static array table (FloatArray / IntArray entry),,"arg:GearCatalog.V: new(TraitId.GhillieMode, GearSlot.Optics, Armed | Ground, V(0.25f, 4f), V(0.4f, 3f)),"
Game/Match/GearCatalog.cs,381,4f,vehicles.gearCatalog.traitsValue13,x,khac,02,1,manual:static array table (FloatArray / IntArray entry),,"arg:GearCatalog.V: new(TraitId.GhillieMode, GearSlot.Optics, Armed | Ground, V(0.25f, 4f), V(0.4f, 3f)),"
Game/Match/GearCatalog.cs,381,0.4f,vehicles.gearCatalog.traitsV13,x,khac,02,1,manual:static array table (FloatArray / IntArray entry),,"arg:GearCatalog.V: new(TraitId.GhillieMode, GearSlot.Optics, Armed | Ground, V(0.25f, 4f), V(0.4f, 3f)),"
Game/Match/GearCatalog.cs,381,3f,vehicles.gearCatalog.traitsValue15,x,khac,02,1,manual:static array table (FloatArray / IntArray entry),,"arg:GearCatalog.V: new(TraitId.GhillieMode, GearSlot.Optics, Armed | Ground, V(0.25f, 4f), V(0.4f, 3f)),"
Game/Match/GearCatalog.cs,382,0.15f,vehicles.gearCatalog.traitsV,count,gioi_han_thuc_the,02,1,manual:static array table (FloatArray / IntArray entry),,"arg:GearCatalog.V: new(TraitId.CounterBatteryRadar, GearSlot.Optics, Any, V(0.15f, 80f, 5f), V(0.25f, 100f, 8f)),"
Game/Match/GearCatalog.cs,382,80f,vehicles.gearCatalog.traitsGioi,count,gioi_han_thuc_the,02,1,manual:static array table (FloatArray / IntArray entry),,"arg:GearCatalog.V: new(TraitId.CounterBatteryRadar, GearSlot.Optics, Any, V(0.15f, 80f, 5f), V(0.25f, 100f, 8f)),"
Game/Match/GearCatalog.cs,382,5f,vehicles.gearCatalog.traitsGioi2,count,gioi_han_thuc_the,02,1,manual:static array table (FloatArray / IntArray entry),,"arg:GearCatalog.V: new(TraitId.CounterBatteryRadar, GearSlot.Optics, Any, V(0.15f, 80f, 5f), V(0.25f, 100f, 8f)),"
Game/Match/GearCatalog.cs,382,0.25f,vehicles.gearCatalog.traitsV4,count,gioi_han_thuc_the,02,1,manual:static array table (FloatArray / IntArray entry),,"arg:GearCatalog.V: new(TraitId.CounterBatteryRadar, GearSlot.Optics, Any, V(0.15f, 80f, 5f), V(0.25f, 100f, 8f)),"
Game/Match/GearCatalog.cs,382,100f,vehicles.gearCatalog.traitsGioi3,count,gioi_han_thuc_the,02,1,manual:static array table (FloatArray / IntArray entry),,"arg:GearCatalog.V: new(TraitId.CounterBatteryRadar, GearSlot.Optics, Any, V(0.15f, 80f, 5f), V(0.25f, 100f, 8f)),"
Game/Match/GearCatalog.cs,382,8f,vehicles.gearCatalog.traitsGioi4,count,gioi_han_thuc_the,02,1,manual:static array table (FloatArray / IntArray entry),,"arg:GearCatalog.V: new(TraitId.CounterBatteryRadar, GearSlot.Optics, Any, V(0.15f, 80f, 5f), V(0.25f, 100f, 8f)),"
Game/Match/GearCatalog.cs,383,2f,vehicles.gearCatalog.traitsV35,x,khac,02,1,manual:static array table (FloatArray / IntArray entry),,"arg:GearCatalog.V: new(TraitId.EwJammer, GearSlot.Optics, Any, V(2f, 15f, 12f), V(3f, 12f, 16f)),"
Game/Match/GearCatalog.cs,383,15f,vehicles.gearCatalog.traitsValue7,x,khac,02,1,manual:static array table (FloatArray / IntArray entry),,"arg:GearCatalog.V: new(TraitId.EwJammer, GearSlot.Optics, Any, V(2f, 15f, 12f), V(3f, 12f, 16f)),"
Game/Match/GearCatalog.cs,383,12f,vehicles.gearCatalog.traitsValue11,x,khac,02,1,manual:static array table (FloatArray / IntArray entry),,"arg:GearCatalog.V: new(TraitId.EwJammer, GearSlot.Optics, Any, V(2f, 15f, 12f), V(3f, 12f, 16f)),"
Game/Match/GearCatalog.cs,383,3f,vehicles.gearCatalog.traitsV23,x,khac,02,1,manual:static array table (FloatArray / IntArray entry),,"arg:GearCatalog.V: new(TraitId.EwJammer, GearSlot.Optics, Any, V(2f, 15f, 12f), V(3f, 12f, 16f)),"
Game/Match/GearCatalog.cs,383,16f,vehicles.gearCatalog.traitsValue12,x,khac,02,1,manual:static array table (FloatArray / IntArray entry),,"arg:GearCatalog.V: new(TraitId.EwJammer, GearSlot.Optics, Any, V(2f, 15f, 12f), V(3f, 12f, 16f)),"
Game/Match/GearCatalog.cs,383,12f,vehicles.gearCatalog.traitsValue11,x,khac,02,2,manual:static array table (FloatArray / IntArray entry),,"arg:GearCatalog.V: new(TraitId.EwJammer, GearSlot.Optics, Any, V(2f, 15f, 12f), V(3f, 12f, 16f)),"
Game/Match/GearCatalog.cs,385,0.5f,vehicles.gearCatalog.traitsV6,x,khac,02,1,manual:static array table (FloatArray / IntArray entry),,"arg:GearCatalog.V: new(TraitId.FireControlComputer, GearSlot.Optics, VehicleNeed.Unguided, V(0.5f), V(0.75f)),"
Game/Match/GearCatalog.cs,385,0.75f,vehicles.gearCatalog.traitsV36,x,khac,02,1,manual:static array table (FloatArray / IntArray entry),,"arg:GearCatalog.V: new(TraitId.FireControlComputer, GearSlot.Optics, VehicleNeed.Unguided, V(0.5f), V(0.75f)),"
Game/Match/GearCatalog.cs,390,0.03f,vehicles.gearCatalog.subsV,x,sat_thuong,02,1,manual:static array table (FloatArray / IntArray entry),,"arg:GearCatalog.V: new(StatId.DamageVsLight, V(0.03f, 0.04f, 0.05f, 0.06f), new[] { GearSlot.Weapon, GearSlot.Loader, GearSlot.Optics }),"
Game/Match/GearCatalog.cs,390,0.04f,vehicles.gearCatalog.subsSat,x,sat_thuong,02,1,manual:static array table (FloatArray / IntArray entry),,"arg:GearCatalog.V: new(StatId.DamageVsLight, V(0.03f, 0.04f, 0.05f, 0.06f), new[] { GearSlot.Weapon, GearSlot.Loader, GearSlot.Optics }),"
Game/Match/GearCatalog.cs,390,0.05f,vehicles.gearCatalog.subsSat2,x,sat_thuong,02,1,manual:static array table (FloatArray / IntArray entry),,"arg:GearCatalog.V: new(StatId.DamageVsLight, V(0.03f, 0.04f, 0.05f, 0.06f), new[] { GearSlot.Weapon, GearSlot.Loader, GearSlot.Optics }),"
Game/Match/GearCatalog.cs,390,0.06f,vehicles.gearCatalog.subsSat3,x,sat_thuong,02,1,manual:static array table (FloatArray / IntArray entry),,"arg:GearCatalog.V: new(StatId.DamageVsLight, V(0.03f, 0.04f, 0.05f, 0.06f), new[] { GearSlot.Weapon, GearSlot.Loader, GearSlot.Optics }),"
Game/Match/GearCatalog.cs,391,0.03f,vehicles.gearCatalog.subsV,x,sat_thuong,02,1,manual:static array table (FloatArray / IntArray entry),,"arg:GearCatalog.V: new(StatId.DamageVsHeavy, V(0.03f, 0.04f, 0.05f, 0.06f), new[] { GearSlot.Weapon, GearSlot.Loader, GearSlot.Optics }),"
Game/Match/GearCatalog.cs,391,0.04f,vehicles.gearCatalog.subsSat,x,sat_thuong,02,1,manual:static array table (FloatArray / IntArray entry),,"arg:GearCatalog.V: new(StatId.DamageVsHeavy, V(0.03f, 0.04f, 0.05f, 0.06f), new[] { GearSlot.Weapon, GearSlot.Loader, GearSlot.Optics }),"
Game/Match/GearCatalog.cs,391,0.05f,vehicles.gearCatalog.subsSat2,x,sat_thuong,02,1,manual:static array table (FloatArray / IntArray entry),,"arg:GearCatalog.V: new(StatId.DamageVsHeavy, V(0.03f, 0.04f, 0.05f, 0.06f), new[] { GearSlot.Weapon, GearSlot.Loader, GearSlot.Optics }),"
Game/Match/GearCatalog.cs,391,0.06f,vehicles.gearCatalog.subsSat3,x,sat_thuong,02,1,manual:static array table (FloatArray / IntArray entry),,"arg:GearCatalog.V: new(StatId.DamageVsHeavy, V(0.03f, 0.04f, 0.05f, 0.06f), new[] { GearSlot.Weapon, GearSlot.Loader, GearSlot.Optics }),"
Game/Match/GearCatalog.cs,392,0.04f,vehicles.gearCatalog.subsV2,x,sat_thuong,02,1,manual:static array table (FloatArray / IntArray entry),,"arg:GearCatalog.V: new(StatId.DamageVsAir, V(0.04f, 0.05f, 0.06f, 0.08f), new[] { GearSlot.Weapon, GearSlot.Loader, GearSlot.Optics }),"
Game/Match/GearCatalog.cs,392,0.05f,vehicles.gearCatalog.subsSat2,x,sat_thuong,02,1,manual:static array table (FloatArray / IntArray entry),,"arg:GearCatalog.V: new(StatId.DamageVsAir, V(0.04f, 0.05f, 0.06f, 0.08f), new[] { GearSlot.Weapon, GearSlot.Loader, GearSlot.Optics }),"
Game/Match/GearCatalog.cs,392,0.06f,vehicles.gearCatalog.subsSat3,x,sat_thuong,02,1,manual:static array table (FloatArray / IntArray entry),,"arg:GearCatalog.V: new(StatId.DamageVsAir, V(0.04f, 0.05f, 0.06f, 0.08f), new[] { GearSlot.Weapon, GearSlot.Loader, GearSlot.Optics }),"
Game/Match/GearCatalog.cs,392,0.08f,vehicles.gearCatalog.subsSat4,x,sat_thuong,02,1,manual:static array table (FloatArray / IntArray entry),,"arg:GearCatalog.V: new(StatId.DamageVsAir, V(0.04f, 0.05f, 0.06f, 0.08f), new[] { GearSlot.Weapon, GearSlot.Loader, GearSlot.Optics }),"
Game/Match/GearCatalog.cs,393,0.04f,vehicles.gearCatalog.subsV2,x,sat_thuong,02,1,manual:static array table (FloatArray / IntArray entry),,"arg:GearCatalog.V: new(StatId.DamageVsStructure, V(0.04f, 0.06f, 0.08f, 0.1f), new[] { GearSlot.Weapon, GearSlot.Loader }),"
Game/Match/GearCatalog.cs,393,0.06f,vehicles.gearCatalog.subsSat3,x,sat_thuong,02,1,manual:static array table (FloatArray / IntArray entry),,"arg:GearCatalog.V: new(StatId.DamageVsStructure, V(0.04f, 0.06f, 0.08f, 0.1f), new[] { GearSlot.Weapon, GearSlot.Loader }),"
Game/Match/GearCatalog.cs,393,0.08f,vehicles.gearCatalog.subsSat4,x,sat_thuong,02,1,manual:static array table (FloatArray / IntArray entry),,"arg:GearCatalog.V: new(StatId.DamageVsStructure, V(0.04f, 0.06f, 0.08f, 0.1f), new[] { GearSlot.Weapon, GearSlot.Loader }),"
Game/Match/GearCatalog.cs,393,0.1f,vehicles.gearCatalog.subsSat5,x,sat_thuong,02,1,manual:static array table (FloatArray / IntArray entry),,"arg:GearCatalog.V: new(StatId.DamageVsStructure, V(0.04f, 0.06f, 0.08f, 0.1f), new[] { GearSlot.Weapon, GearSlot.Loader }),"
Game/Match/GearCatalog.cs,394,0.015f,vehicles.gearCatalog.subsV3,x,tan_suat,02,1,manual:static array table (FloatArray / IntArray entry),,"arg:GearCatalog.V: new(StatId.FireRate, V(0.015f, 0.02f, 0.03f, 0.04f), new[] { GearSlot.Weapon }),"
Game/Match/GearCatalog.cs,394,0.02f,vehicles.gearCatalog.subsTan,x,tan_suat,02,1,manual:static array table (FloatArray / IntArray entry),,"arg:GearCatalog.V: new(StatId.FireRate, V(0.015f, 0.02f, 0.03f, 0.04f), new[] { GearSlot.Weapon }),"
Game/Match/GearCatalog.cs,394,0.03f,vehicles.gearCatalog.subsTan2,x,tan_suat,02,1,manual:static array table (FloatArray / IntArray entry),,"arg:GearCatalog.V: new(StatId.FireRate, V(0.015f, 0.02f, 0.03f, 0.04f), new[] { GearSlot.Weapon }),"
Game/Match/GearCatalog.cs,394,0.04f,vehicles.gearCatalog.subsTan3,x,tan_suat,02,1,manual:static array table (FloatArray / IntArray entry),,"arg:GearCatalog.V: new(StatId.FireRate, V(0.015f, 0.02f, 0.03f, 0.04f), new[] { GearSlot.Weapon }),"
Game/Match/GearCatalog.cs,395,0.015f,vehicles.gearCatalog.subsV3,x,sat_thuong,02,1,manual:static array table (FloatArray / IntArray entry),,"arg:GearCatalog.V: new(StatId.Damage, V(0.015f, 0.02f, 0.03f, 0.04f), new[] { GearSlot.Loader, GearSlot.Optics }),"
Game/Match/GearCatalog.cs,395,0.02f,vehicles.gearCatalog.subsSat6,x,sat_thuong,02,1,manual:static array table (FloatArray / IntArray entry),,"arg:GearCatalog.V: new(StatId.Damage, V(0.015f, 0.02f, 0.03f, 0.04f), new[] { GearSlot.Loader, GearSlot.Optics }),"
Game/Match/GearCatalog.cs,395,0.03f,vehicles.gearCatalog.subsSat7,x,sat_thuong,02,1,manual:static array table (FloatArray / IntArray entry),,"arg:GearCatalog.V: new(StatId.Damage, V(0.015f, 0.02f, 0.03f, 0.04f), new[] { GearSlot.Loader, GearSlot.Optics }),"
Game/Match/GearCatalog.cs,395,0.04f,vehicles.gearCatalog.subsSat,x,sat_thuong,02,1,manual:static array table (FloatArray / IntArray entry),,"arg:GearCatalog.V: new(StatId.Damage, V(0.015f, 0.02f, 0.03f, 0.04f), new[] { GearSlot.Loader, GearSlot.Optics }),"
Game/Match/GearCatalog.cs,396,0.02f,vehicles.gearCatalog.subsV4,m,ban_kinh,02,1,manual:static array table (FloatArray / IntArray entry),,"arg:GearCatalog.V: new(StatId.Range, V(0.02f, 0.025f, 0.03f, 0.04f), new[] { GearSlot.Weapon, GearSlot.Optics }),"
Game/Match/GearCatalog.cs,396,0.025f,vehicles.gearCatalog.subsBan,m,ban_kinh,02,1,manual:static array table (FloatArray / IntArray entry),,"arg:GearCatalog.V: new(StatId.Range, V(0.02f, 0.025f, 0.03f, 0.04f), new[] { GearSlot.Weapon, GearSlot.Optics }),"
Game/Match/GearCatalog.cs,396,0.03f,vehicles.gearCatalog.subsBan2,m,ban_kinh,02,1,manual:static array table (FloatArray / IntArray entry),,"arg:GearCatalog.V: new(StatId.Range, V(0.02f, 0.025f, 0.03f, 0.04f), new[] { GearSlot.Weapon, GearSlot.Optics }),"
Game/Match/GearCatalog.cs,396,0.04f,vehicles.gearCatalog.subsBan3,m,ban_kinh,02,1,manual:static array table (FloatArray / IntArray entry),,"arg:GearCatalog.V: new(StatId.Range, V(0.02f, 0.025f, 0.03f, 0.04f), new[] { GearSlot.Weapon, GearSlot.Optics }),"
Game/Match/GearCatalog.cs,397,0.03f,vehicles.gearCatalog.subsV,m,ban_kinh,02,1,manual:static array table (FloatArray / IntArray entry),,"arg:GearCatalog.V: new(StatId.Vision, V(0.03f, 0.04f, 0.05f, 0.06f), new[] { GearSlot.Optics, GearSlot.Engine }),"
Game/Match/GearCatalog.cs,397,0.04f,vehicles.gearCatalog.subsBan3,m,ban_kinh,02,1,manual:static array table (FloatArray / IntArray entry),,"arg:GearCatalog.V: new(StatId.Vision, V(0.03f, 0.04f, 0.05f, 0.06f), new[] { GearSlot.Optics, GearSlot.Engine }),"
Game/Match/GearCatalog.cs,397,0.05f,vehicles.gearCatalog.subsBan4,m,ban_kinh,02,1,manual:static array table (FloatArray / IntArray entry),,"arg:GearCatalog.V: new(StatId.Vision, V(0.03f, 0.04f, 0.05f, 0.06f), new[] { GearSlot.Optics, GearSlot.Engine }),"
Game/Match/GearCatalog.cs,397,0.06f,vehicles.gearCatalog.subsBan5,m,ban_kinh,02,1,manual:static array table (FloatArray / IntArray entry),,"arg:GearCatalog.V: new(StatId.Vision, V(0.03f, 0.04f, 0.05f, 0.06f), new[] { GearSlot.Optics, GearSlot.Engine }),"
Game/Match/GearCatalog.cs,398,0.04f,vehicles.gearCatalog.subsV2,x,khac,02,1,manual:static array table (FloatArray / IntArray entry),,"arg:GearCatalog.V: new(StatId.Spread, V(0.04f, 0.06f, 0.08f, 0.1f), new[] { GearSlot.Weapon, GearSlot.Optics }),"
Game/Match/GearCatalog.cs,398,0.06f,vehicles.gearCatalog.subsValue,x,khac,02,1,manual:static array table (FloatArray / IntArray entry),,"arg:GearCatalog.V: new(StatId.Spread, V(0.04f, 0.06f, 0.08f, 0.1f), new[] { GearSlot.Weapon, GearSlot.Optics }),"
Game/Match/GearCatalog.cs,398,0.08f,vehicles.gearCatalog.subsValue2,x,khac,02,1,manual:static array table (FloatArray / IntArray entry),,"arg:GearCatalog.V: new(StatId.Spread, V(0.04f, 0.06f, 0.08f, 0.1f), new[] { GearSlot.Weapon, GearSlot.Optics }),"
Game/Match/GearCatalog.cs,398,0.1f,vehicles.gearCatalog.subsValue3,x,khac,02,1,manual:static array table (FloatArray / IntArray entry),,"arg:GearCatalog.V: new(StatId.Spread, V(0.04f, 0.06f, 0.08f, 0.1f), new[] { GearSlot.Weapon, GearSlot.Optics }),"
Game/Match/GearCatalog.cs,399,0.04f,vehicles.gearCatalog.subsV2,x,tan_suat,02,1,manual:static array table (FloatArray / IntArray entry),,"arg:GearCatalog.V: new(StatId.ProjectileSpeed, V(0.04f, 0.06f, 0.08f, 0.1f), new[] { GearSlot.Weapon, GearSlot.Loader }),"
Game/Match/GearCatalog.cs,399,0.06f,vehicles.gearCatalog.subsTan4,x,tan_suat,02,1,manual:static array table (FloatArray / IntArray entry),,"arg:GearCatalog.V: new(StatId.ProjectileSpeed, V(0.04f, 0.06f, 0.08f, 0.1f), new[] { GearSlot.Weapon, GearSlot.Loader }),"
Game/Match/GearCatalog.cs,399,0.08f,vehicles.gearCatalog.subsTan5,x,tan_suat,02,1,manual:static array table (FloatArray / IntArray entry),,"arg:GearCatalog.V: new(StatId.ProjectileSpeed, V(0.04f, 0.06f, 0.08f, 0.1f), new[] { GearSlot.Weapon, GearSlot.Loader }),"
Game/Match/GearCatalog.cs,399,0.1f,vehicles.gearCatalog.subsTan6,x,tan_suat,02,1,manual:static array table (FloatArray / IntArray entry),,"arg:GearCatalog.V: new(StatId.ProjectileSpeed, V(0.04f, 0.06f, 0.08f, 0.1f), new[] { GearSlot.Weapon, GearSlot.Loader }),"
Game/Match/GearCatalog.cs,400,0.05f,vehicles.gearCatalog.subsV5,x,khac,02,1,manual:static array table (FloatArray / IntArray entry),,"arg:GearCatalog.V: new(StatId.Magazine, V(0.05f, 0.08f, 0.1f, 0.12f), new[] { GearSlot.Loader }),"
Game/Match/GearCatalog.cs,400,0.08f,vehicles.gearCatalog.subsValue2,x,khac,02,1,manual:static array table (FloatArray / IntArray entry),,"arg:GearCatalog.V: new(StatId.Magazine, V(0.05f, 0.08f, 0.1f, 0.12f), new[] { GearSlot.Loader }),"
Game/Match/GearCatalog.cs,400,0.1f,vehicles.gearCatalog.subsValue3,x,khac,02,1,manual:static array table (FloatArray / IntArray entry),,"arg:GearCatalog.V: new(StatId.Magazine, V(0.05f, 0.08f, 0.1f, 0.12f), new[] { GearSlot.Loader }),"
Game/Match/GearCatalog.cs,400,0.12f,vehicles.gearCatalog.subsValue4,x,khac,02,1,manual:static array table (FloatArray / IntArray entry),,"arg:GearCatalog.V: new(StatId.Magazine, V(0.05f, 0.08f, 0.1f, 0.12f), new[] { GearSlot.Loader }),"
Game/Match/GearCatalog.cs,401,0.04f,vehicles.gearCatalog.subsV2,s,thoi_gian,02,1,manual:static array table (FloatArray / IntArray entry),,"arg:GearCatalog.V: new(StatId.MagazineReload, V(0.04f, 0.06f, 0.08f, 0.1f), new[] { GearSlot.Loader, GearSlot.Repair }),"
Game/Match/GearCatalog.cs,401,0.06f,vehicles.gearCatalog.subsThoi,s,thoi_gian,02,1,manual:static array table (FloatArray / IntArray entry),,"arg:GearCatalog.V: new(StatId.MagazineReload, V(0.04f, 0.06f, 0.08f, 0.1f), new[] { GearSlot.Loader, GearSlot.Repair }),"
Game/Match/GearCatalog.cs,401,0.08f,vehicles.gearCatalog.subsThoi2,s,thoi_gian,02,1,manual:static array table (FloatArray / IntArray entry),,"arg:GearCatalog.V: new(StatId.MagazineReload, V(0.04f, 0.06f, 0.08f, 0.1f), new[] { GearSlot.Loader, GearSlot.Repair }),"
Game/Match/GearCatalog.cs,401,0.1f,vehicles.gearCatalog.subsThoi3,s,thoi_gian,02,1,manual:static array table (FloatArray / IntArray entry),,"arg:GearCatalog.V: new(StatId.MagazineReload, V(0.04f, 0.06f, 0.08f, 0.1f), new[] { GearSlot.Loader, GearSlot.Repair }),"
Game/Match/GearCatalog.cs,402,0.02f,vehicles.gearCatalog.subsV4,x,sat_thuong,02,1,manual:static array table (FloatArray / IntArray entry),,"arg:GearCatalog.V: new(StatId.Health, V(0.02f, 0.03f, 0.04f, 0.05f), new[] { GearSlot.Armor, GearSlot.Repair, GearSlot.Engine }),"
Game/Match/GearCatalog.cs,402,0.03f,vehicles.gearCatalog.subsSat7,x,sat_thuong,02,1,manual:static array table (FloatArray / IntArray entry),,"arg:GearCatalog.V: new(StatId.Health, V(0.02f, 0.03f, 0.04f, 0.05f), new[] { GearSlot.Armor, GearSlot.Repair, GearSlot.Engine }),"
Game/Match/GearCatalog.cs,402,0.04f,vehicles.gearCatalog.subsSat,x,sat_thuong,02,1,manual:static array table (FloatArray / IntArray entry),,"arg:GearCatalog.V: new(StatId.Health, V(0.02f, 0.03f, 0.04f, 0.05f), new[] { GearSlot.Armor, GearSlot.Repair, GearSlot.Engine }),"
Game/Match/GearCatalog.cs,402,0.05f,vehicles.gearCatalog.subsSat2,x,sat_thuong,02,1,manual:static array table (FloatArray / IntArray entry),,"arg:GearCatalog.V: new(StatId.Health, V(0.02f, 0.03f, 0.04f, 0.05f), new[] { GearSlot.Armor, GearSlot.Repair, GearSlot.Engine }),"
Game/Match/GearCatalog.cs,403,0.03f,vehicles.gearCatalog.subsV,x,sat_thuong,02,1,manual:static array table (FloatArray / IntArray entry),,"arg:GearCatalog.V: new(StatId.ResistKinetic, V(0.03f, 0.04f, 0.06f, 0.08f), new[] { GearSlot.Armor }, 0.2f),"
Game/Match/GearCatalog.cs,403,0.04f,vehicles.gearCatalog.subsSat,x,sat_thuong,02,1,manual:static array table (FloatArray / IntArray entry),,"arg:GearCatalog.V: new(StatId.ResistKinetic, V(0.03f, 0.04f, 0.06f, 0.08f), new[] { GearSlot.Armor }, 0.2f),"
Game/Match/GearCatalog.cs,403,0.06f,vehicles.gearCatalog.subsSat3,x,sat_thuong,02,1,manual:static array table (FloatArray / IntArray entry),,"arg:GearCatalog.V: new(StatId.ResistKinetic, V(0.03f, 0.04f, 0.06f, 0.08f), new[] { GearSlot.Armor }, 0.2f),"
Game/Match/GearCatalog.cs,403,0.08f,vehicles.gearCatalog.subsSat4,x,sat_thuong,02,1,manual:static array table (FloatArray / IntArray entry),,"arg:GearCatalog.V: new(StatId.ResistKinetic, V(0.03f, 0.04f, 0.06f, 0.08f), new[] { GearSlot.Armor }, 0.2f),"
Game/Match/GearCatalog.cs,403,0.2f,vehicles.gearCatalog.subsWeight,x,sat_thuong,02,1,manual:static array table (FloatArray / IntArray entry),,"ctor_arg:SubDef: new(StatId.ResistKinetic, V(0.03f, 0.04f, 0.06f, 0.08f), new[] { GearSlot.Armor }, 0.2f),"
Game/Match/GearCatalog.cs,404,0.03f,vehicles.gearCatalog.subsV,x,sat_thuong,02,1,manual:static array table (FloatArray / IntArray entry),,"arg:GearCatalog.V: new(StatId.ResistShapedCharge, V(0.03f, 0.04f, 0.06f, 0.08f), new[] { GearSlot.Armor }, 0.2f),"
Game/Match/GearCatalog.cs,404,0.04f,vehicles.gearCatalog.subsSat,x,sat_thuong,02,1,manual:static array table (FloatArray / IntArray entry),,"arg:GearCatalog.V: new(StatId.ResistShapedCharge, V(0.03f, 0.04f, 0.06f, 0.08f), new[] { GearSlot.Armor }, 0.2f),"
Game/Match/GearCatalog.cs,404,0.06f,vehicles.gearCatalog.subsSat3,x,sat_thuong,02,1,manual:static array table (FloatArray / IntArray entry),,"arg:GearCatalog.V: new(StatId.ResistShapedCharge, V(0.03f, 0.04f, 0.06f, 0.08f), new[] { GearSlot.Armor }, 0.2f),"
Game/Match/GearCatalog.cs,404,0.08f,vehicles.gearCatalog.subsSat4,x,sat_thuong,02,1,manual:static array table (FloatArray / IntArray entry),,"arg:GearCatalog.V: new(StatId.ResistShapedCharge, V(0.03f, 0.04f, 0.06f, 0.08f), new[] { GearSlot.Armor }, 0.2f),"
Game/Match/GearCatalog.cs,404,0.2f,vehicles.gearCatalog.subsWeight,x,sat_thuong,02,1,manual:static array table (FloatArray / IntArray entry),,"ctor_arg:SubDef: new(StatId.ResistShapedCharge, V(0.03f, 0.04f, 0.06f, 0.08f), new[] { GearSlot.Armor }, 0.2f),"
Game/Match/GearCatalog.cs,405,0.03f,vehicles.gearCatalog.subsV,x,sat_thuong,02,1,manual:static array table (FloatArray / IntArray entry),,"arg:GearCatalog.V: new(StatId.ResistHighExplosive, V(0.03f, 0.04f, 0.06f, 0.08f), new[] { GearSlot.Armor }, 0.2f),"
Game/Match/GearCatalog.cs,405,0.04f,vehicles.gearCatalog.subsSat,x,sat_thuong,02,1,manual:static array table (FloatArray / IntArray entry),,"arg:GearCatalog.V: new(StatId.ResistHighExplosive, V(0.03f, 0.04f, 0.06f, 0.08f), new[] { GearSlot.Armor }, 0.2f),"
Game/Match/GearCatalog.cs,405,0.06f,vehicles.gearCatalog.subsSat3,x,sat_thuong,02,1,manual:static array table (FloatArray / IntArray entry),,"arg:GearCatalog.V: new(StatId.ResistHighExplosive, V(0.03f, 0.04f, 0.06f, 0.08f), new[] { GearSlot.Armor }, 0.2f),"
Game/Match/GearCatalog.cs,405,0.08f,vehicles.gearCatalog.subsSat4,x,sat_thuong,02,1,manual:static array table (FloatArray / IntArray entry),,"arg:GearCatalog.V: new(StatId.ResistHighExplosive, V(0.03f, 0.04f, 0.06f, 0.08f), new[] { GearSlot.Armor }, 0.2f),"
Game/Match/GearCatalog.cs,405,0.2f,vehicles.gearCatalog.subsWeight,x,sat_thuong,02,1,manual:static array table (FloatArray / IntArray entry),,"ctor_arg:SubDef: new(StatId.ResistHighExplosive, V(0.03f, 0.04f, 0.06f, 0.08f), new[] { GearSlot.Armor }, 0.2f),"
Game/Match/GearCatalog.cs,406,0.03f,vehicles.gearCatalog.subsV,x,sat_thuong,02,1,manual:static array table (FloatArray / IntArray entry),,"arg:GearCatalog.V: new(StatId.ResistFire, V(0.03f, 0.04f, 0.06f, 0.08f), new[] { GearSlot.Armor }, 0.2f),"
Game/Match/GearCatalog.cs,406,0.04f,vehicles.gearCatalog.subsSat,x,sat_thuong,02,1,manual:static array table (FloatArray / IntArray entry),,"arg:GearCatalog.V: new(StatId.ResistFire, V(0.03f, 0.04f, 0.06f, 0.08f), new[] { GearSlot.Armor }, 0.2f),"
Game/Match/GearCatalog.cs,406,0.06f,vehicles.gearCatalog.subsSat3,x,sat_thuong,02,1,manual:static array table (FloatArray / IntArray entry),,"arg:GearCatalog.V: new(StatId.ResistFire, V(0.03f, 0.04f, 0.06f, 0.08f), new[] { GearSlot.Armor }, 0.2f),"
Game/Match/GearCatalog.cs,406,0.08f,vehicles.gearCatalog.subsSat4,x,sat_thuong,02,1,manual:static array table (FloatArray / IntArray entry),,"arg:GearCatalog.V: new(StatId.ResistFire, V(0.03f, 0.04f, 0.06f, 0.08f), new[] { GearSlot.Armor }, 0.2f),"
Game/Match/GearCatalog.cs,406,0.2f,vehicles.gearCatalog.subsWeight,x,sat_thuong,02,1,manual:static array table (FloatArray / IntArray entry),,"ctor_arg:SubDef: new(StatId.ResistFire, V(0.03f, 0.04f, 0.06f, 0.08f), new[] { GearSlot.Armor }, 0.2f),"
Game/Match/GearCatalog.cs,407,0.03f,vehicles.gearCatalog.subsV,x,sat_thuong,02,1,manual:static array table (FloatArray / IntArray entry),,"arg:GearCatalog.V: new(StatId.ResistFragmentation, V(0.03f, 0.04f, 0.06f, 0.08f), new[] { GearSlot.Armor }, 0.2f),"
Game/Match/GearCatalog.cs,407,0.04f,vehicles.gearCatalog.subsSat,x,sat_thuong,02,1,manual:static array table (FloatArray / IntArray entry),,"arg:GearCatalog.V: new(StatId.ResistFragmentation, V(0.03f, 0.04f, 0.06f, 0.08f), new[] { GearSlot.Armor }, 0.2f),"
Game/Match/GearCatalog.cs,407,0.06f,vehicles.gearCatalog.subsSat3,x,sat_thuong,02,1,manual:static array table (FloatArray / IntArray entry),,"arg:GearCatalog.V: new(StatId.ResistFragmentation, V(0.03f, 0.04f, 0.06f, 0.08f), new[] { GearSlot.Armor }, 0.2f),"
Game/Match/GearCatalog.cs,407,0.08f,vehicles.gearCatalog.subsSat4,x,sat_thuong,02,1,manual:static array table (FloatArray / IntArray entry),,"arg:GearCatalog.V: new(StatId.ResistFragmentation, V(0.03f, 0.04f, 0.06f, 0.08f), new[] { GearSlot.Armor }, 0.2f),"
Game/Match/GearCatalog.cs,407,0.2f,vehicles.gearCatalog.subsWeight,x,sat_thuong,02,1,manual:static array table (FloatArray / IntArray entry),,"ctor_arg:SubDef: new(StatId.ResistFragmentation, V(0.03f, 0.04f, 0.06f, 0.08f), new[] { GearSlot.Armor }, 0.2f),"
Game/Match/GearCatalog.cs,408,0.015f,vehicles.gearCatalog.subsV3,x,sat_thuong,02,1,manual:static array table (FloatArray / IntArray entry),,"arg:GearCatalog.V: new(StatId.Speed, V(0.015f, 0.02f, 0.03f, 0.04f), new[] { GearSlot.Engine, GearSlot.Armor }),"
Game/Match/GearCatalog.cs,408,0.02f,vehicles.gearCatalog.subsSat6,x,sat_thuong,02,1,manual:static array table (FloatArray / IntArray entry),,"arg:GearCatalog.V: new(StatId.Speed, V(0.015f, 0.02f, 0.03f, 0.04f), new[] { GearSlot.Engine, GearSlot.Armor }),"
Game/Match/GearCatalog.cs,408,0.03f,vehicles.gearCatalog.subsSat7,x,sat_thuong,02,1,manual:static array table (FloatArray / IntArray entry),,"arg:GearCatalog.V: new(StatId.Speed, V(0.015f, 0.02f, 0.03f, 0.04f), new[] { GearSlot.Engine, GearSlot.Armor }),"
Game/Match/GearCatalog.cs,408,0.04f,vehicles.gearCatalog.subsSat,x,sat_thuong,02,1,manual:static array table (FloatArray / IntArray entry),,"arg:GearCatalog.V: new(StatId.Speed, V(0.015f, 0.02f, 0.03f, 0.04f), new[] { GearSlot.Engine, GearSlot.Armor }),"
Game/Match/GearCatalog.cs,409,0.05f,vehicles.gearCatalog.subsV5,x,tan_suat,02,1,manual:static array table (FloatArray / IntArray entry),,"arg:GearCatalog.V: new(StatId.TurretRate, V(0.05f, 0.08f, 0.1f, 0.12f), new[] { GearSlot.Engine, GearSlot.Optics }),"
Game/Match/GearCatalog.cs,409,0.08f,vehicles.gearCatalog.subsTan5,x,tan_suat,02,1,manual:static array table (FloatArray / IntArray entry),,"arg:GearCatalog.V: new(StatId.TurretRate, V(0.05f, 0.08f, 0.1f, 0.12f), new[] { GearSlot.Engine, GearSlot.Optics }),"
Game/Match/GearCatalog.cs,409,0.1f,vehicles.gearCatalog.subsTan6,x,tan_suat,02,1,manual:static array table (FloatArray / IntArray entry),,"arg:GearCatalog.V: new(StatId.TurretRate, V(0.05f, 0.08f, 0.1f, 0.12f), new[] { GearSlot.Engine, GearSlot.Optics }),"
Game/Match/GearCatalog.cs,409,0.12f,vehicles.gearCatalog.subsTan7,x,tan_suat,02,1,manual:static array table (FloatArray / IntArray entry),,"arg:GearCatalog.V: new(StatId.TurretRate, V(0.05f, 0.08f, 0.1f, 0.12f), new[] { GearSlot.Engine, GearSlot.Optics }),"
Game/Match/GearCatalog.cs,410,0.05f,vehicles.gearCatalog.subsV5,x,tan_suat,02,1,manual:static array table (FloatArray / IntArray entry),,"arg:GearCatalog.V: new(StatId.CaptureRate, V(0.05f, 0.08f, 0.1f, 0.12f), new[] { GearSlot.Engine, GearSlot.Optics }),"
Game/Match/GearCatalog.cs,410,0.08f,vehicles.gearCatalog.subsTan5,x,tan_suat,02,1,manual:static array table (FloatArray / IntArray entry),,"arg:GearCatalog.V: new(StatId.CaptureRate, V(0.05f, 0.08f, 0.1f, 0.12f), new[] { GearSlot.Engine, GearSlot.Optics }),"
Game/Match/GearCatalog.cs,410,0.1f,vehicles.gearCatalog.subsTan6,x,tan_suat,02,1,manual:static array table (FloatArray / IntArray entry),,"arg:GearCatalog.V: new(StatId.CaptureRate, V(0.05f, 0.08f, 0.1f, 0.12f), new[] { GearSlot.Engine, GearSlot.Optics }),"
Game/Match/GearCatalog.cs,410,0.12f,vehicles.gearCatalog.subsTan7,x,tan_suat,02,1,manual:static array table (FloatArray / IntArray entry),,"arg:GearCatalog.V: new(StatId.CaptureRate, V(0.05f, 0.08f, 0.1f, 0.12f), new[] { GearSlot.Engine, GearSlot.Optics }),"
Game/Match/GearCatalog.cs,411,0.03f,vehicles.gearCatalog.subsV,s,thoi_gian,02,1,manual:static array table (FloatArray / IntArray entry),,"arg:GearCatalog.V: new(StatId.Cooldowns, V(0.03f, 0.05f, 0.07f, 0.09f), new[] { GearSlot.Repair, GearSlot.Optics }),"
Game/Match/GearCatalog.cs,411,0.05f,vehicles.gearCatalog.subsThoi4,s,thoi_gian,02,1,manual:static array table (FloatArray / IntArray entry),,"arg:GearCatalog.V: new(StatId.Cooldowns, V(0.03f, 0.05f, 0.07f, 0.09f), new[] { GearSlot.Repair, GearSlot.Optics }),"
Game/Match/GearCatalog.cs,411,0.07f,vehicles.gearCatalog.subsThoi5,s,thoi_gian,02,1,manual:static array table (FloatArray / IntArray entry),,"arg:GearCatalog.V: new(StatId.Cooldowns, V(0.03f, 0.05f, 0.07f, 0.09f), new[] { GearSlot.Repair, GearSlot.Optics }),"
Game/Match/GearCatalog.cs,411,0.09f,vehicles.gearCatalog.subsThoi6,s,thoi_gian,02,1,manual:static array table (FloatArray / IntArray entry),,"arg:GearCatalog.V: new(StatId.Cooldowns, V(0.03f, 0.05f, 0.07f, 0.09f), new[] { GearSlot.Repair, GearSlot.Optics }),"
Game/Match/GearCatalog.cs,412,0.001f,vehicles.gearCatalog.subsV6,x,sat_thuong,02,1,manual:static array table (FloatArray / IntArray entry),,"arg:GearCatalog.V: new(StatId.Regen, V(0.001f, 0.0015f, 0.002f, 0.0025f), new[] { GearSlot.Repair, GearSlot.Armor }),"
Game/Match/GearCatalog.cs,412,0.0015f,vehicles.gearCatalog.subsSat8,x,sat_thuong,02,1,manual:static array table (FloatArray / IntArray entry),,"arg:GearCatalog.V: new(StatId.Regen, V(0.001f, 0.0015f, 0.002f, 0.0025f), new[] { GearSlot.Repair, GearSlot.Armor }),"
Game/Match/GearCatalog.cs,412,0.002f,vehicles.gearCatalog.subsSat9,x,sat_thuong,02,1,manual:static array table (FloatArray / IntArray entry),,"arg:GearCatalog.V: new(StatId.Regen, V(0.001f, 0.0015f, 0.002f, 0.0025f), new[] { GearSlot.Repair, GearSlot.Armor }),"
Game/Match/GearCatalog.cs,412,0.0025f,vehicles.gearCatalog.subsSat10,x,sat_thuong,02,1,manual:static array table (FloatArray / IntArray entry),,"arg:GearCatalog.V: new(StatId.Regen, V(0.001f, 0.0015f, 0.002f, 0.0025f), new[] { GearSlot.Repair, GearSlot.Armor }),"
Game/Match/GearCatalog.cs,416,13,vehicles.gearCatalog.bulwarkBrand,x,khac,02,1,const_to_property,,const_field: public const int BulwarkBrand = 13;
Game/Match/GearCatalog.cs,420,0.06f,vehicles.gearCatalog.brandsValue,x,sat_thuong,02,1,manual:static array table (FloatArray / IntArray entry),,"ctor_arg:BrandDef: new(1, ""ironclad"", StatId.Health, 0.06f, new GearTrait(TraitId.SetBulwark, 0.15f)),"
Game/Match/GearCatalog.cs,420,0.15f,vehicles.gearCatalog.brandsA,x,sat_thuong,02,1,manual:static array table (FloatArray / IntArray entry),,"ctor_arg:GearTrait: new(1, ""ironclad"", StatId.Health, 0.06f, new GearTrait(TraitId.SetBulwark, 0.15f)),"
Game/Match/GearCatalog.cs,421,2,vehicles.gearCatalog.brandsIndex,x,tan_suat,02,1,manual:static array table (FloatArray / IntArray entry),,"ctor_arg:BrandDef: new(2, ""kestrel"", StatId.Speed, 0.05f, new GearTrait(TraitId.SetHitAndRun, 0.2f, 0.5f)),"
Game/Match/GearCatalog.cs,421,0.05f,vehicles.gearCatalog.brandsValue2,x,tan_suat,02,1,manual:static array table (FloatArray / IntArray entry),,"ctor_arg:BrandDef: new(2, ""kestrel"", StatId.Speed, 0.05f, new GearTrait(TraitId.SetHitAndRun, 0.2f, 0.5f)),"
Game/Match/GearCatalog.cs,421,0.2f,vehicles.gearCatalog.brandsA2,x,tan_suat,02,1,manual:static array table (FloatArray / IntArray entry),,"ctor_arg:GearTrait: new(2, ""kestrel"", StatId.Speed, 0.05f, new GearTrait(TraitId.SetHitAndRun, 0.2f, 0.5f)),"
Game/Match/GearCatalog.cs,421,0.5f,vehicles.gearCatalog.brandsB,x,tan_suat,02,1,manual:static array table (FloatArray / IntArray entry),,"ctor_arg:GearTrait: new(2, ""kestrel"", StatId.Speed, 0.05f, new GearTrait(TraitId.SetHitAndRun, 0.2f, 0.5f)),"
Game/Match/GearCatalog.cs,422,3,vehicles.gearCatalog.brandsIndex2,x,sat_thuong,02,1,manual:static array table (FloatArray / IntArray entry),,"ctor_arg:BrandDef: new(3, ""vulcan"", StatId.BurnDamage, 0.25f, new GearTrait(TraitId.SetFirestorm, 0.1f, 6f)),"
Game/Match/GearCatalog.cs,422,0.25f,vehicles.gearCatalog.brandsValue3,x,sat_thuong,02,1,manual:static array table (FloatArray / IntArray entry),,"ctor_arg:BrandDef: new(3, ""vulcan"", StatId.BurnDamage, 0.25f, new GearTrait(TraitId.SetFirestorm, 0.1f, 6f)),"
Game/Match/GearCatalog.cs,422,0.1f,vehicles.gearCatalog.brandsA3,x,sat_thuong,02,1,manual:static array table (FloatArray / IntArray entry),,"ctor_arg:GearTrait: new(3, ""vulcan"", StatId.BurnDamage, 0.25f, new GearTrait(TraitId.SetFirestorm, 0.1f, 6f)),"
Game/Match/GearCatalog.cs,422,6f,vehicles.gearCatalog.brandsB2,x,sat_thuong,02,1,manual:static array table (FloatArray / IntArray entry),,"ctor_arg:GearTrait: new(3, ""vulcan"", StatId.BurnDamage, 0.25f, new GearTrait(TraitId.SetFirestorm, 0.1f, 6f)),"
Game/Match/GearCatalog.cs,423,4,vehicles.gearCatalog.brandsIndex3,m,ban_kinh,02,1,manual:static array table (FloatArray / IntArray entry),,"ctor_arg:BrandDef: new(4, ""longbow"", StatId.Range, 0.05f, new GearTrait(TraitId.SetDeepStrike, 0.15f)),"
Game/Match/GearCatalog.cs,423,0.05f,vehicles.gearCatalog.brandsValue2,m,ban_kinh,02,1,manual:static array table (FloatArray / IntArray entry),,"ctor_arg:BrandDef: new(4, ""longbow"", StatId.Range, 0.05f, new GearTrait(TraitId.SetDeepStrike, 0.15f)),"
Game/Match/GearCatalog.cs,423,0.15f,vehicles.gearCatalog.brandsA,m,ban_kinh,02,1,manual:static array table (FloatArray / IntArray entry),,"ctor_arg:GearTrait: new(4, ""longbow"", StatId.Range, 0.05f, new GearTrait(TraitId.SetDeepStrike, 0.15f)),"
Game/Match/GearCatalog.cs,424,5,vehicles.gearCatalog.brandsIndex4,x,sat_thuong,02,1,manual:static array table (FloatArray / IntArray entry),,"ctor_arg:BrandDef: new(5, ""aegis"", StatId.DamageTaken, 0.05f, new GearTrait(TraitId.SetSharedShield, 0.12f, 25f, 12f)),"
Game/Match/GearCatalog.cs,424,0.05f,vehicles.gearCatalog.brandsValue2,x,sat_thuong,02,1,manual:static array table (FloatArray / IntArray entry),,"ctor_arg:BrandDef: new(5, ""aegis"", StatId.DamageTaken, 0.05f, new GearTrait(TraitId.SetSharedShield, 0.12f, 25f, 12f)),"
Game/Match/GearCatalog.cs,424,0.12f,vehicles.gearCatalog.brandsA4,x,sat_thuong,02,1,manual:static array table (FloatArray / IntArray entry),,"ctor_arg:GearTrait: new(5, ""aegis"", StatId.DamageTaken, 0.05f, new GearTrait(TraitId.SetSharedShield, 0.12f, 25f, 12f)),"
Game/Match/GearCatalog.cs,424,25f,vehicles.gearCatalog.brandsB3,x,sat_thuong,02,1,manual:static array table (FloatArray / IntArray entry),,"ctor_arg:GearTrait: new(5, ""aegis"", StatId.DamageTaken, 0.05f, new GearTrait(TraitId.SetSharedShield, 0.12f, 25f, 12f)),"
Game/Match/GearCatalog.cs,424,12f,vehicles.gearCatalog.brandsC,x,sat_thuong,02,1,manual:static array table (FloatArray / IntArray entry),,"ctor_arg:GearTrait: new(5, ""aegis"", StatId.DamageTaken, 0.05f, new GearTrait(TraitId.SetSharedShield, 0.12f, 25f, 12f)),"
Game/Match/GearCatalog.cs,425,6,vehicles.gearCatalog.brandsIndex5,x,khac,02,1,manual:static array table (FloatArray / IntArray entry),,"ctor_arg:BrandDef: new(6, ""stormfront"", StatId.ResistFragmentation, 0.1f, new GearTrait(TraitId.SetStrafingRun, 4f, 30f)),"
Game/Match/GearCatalog.cs,425,0.1f,vehicles.gearCatalog.brandsValue4,x,khac,02,1,manual:static array table (FloatArray / IntArray entry),,"ctor_arg:BrandDef: new(6, ""stormfront"", StatId.ResistFragmentation, 0.1f, new GearTrait(TraitId.SetStrafingRun, 4f, 30f)),"
Game/Match/GearCatalog.cs,425,4f,vehicles.gearCatalog.brandsA5,x,khac,02,1,manual:static array table (FloatArray / IntArray entry),,"ctor_arg:GearTrait: new(6, ""stormfront"", StatId.ResistFragmentation, 0.1f, new GearTrait(TraitId.SetStrafingRun, 4f, 30f)),"
Game/Match/GearCatalog.cs,425,30f,vehicles.gearCatalog.brandsB4,x,khac,02,1,manual:static array table (FloatArray / IntArray entry),,"ctor_arg:GearTrait: new(6, ""stormfront"", StatId.ResistFragmentation, 0.1f, new GearTrait(TraitId.SetStrafingRun, 4f, 30f)),"
Game/Match/GearCatalog.cs,426,7,vehicles.gearCatalog.brandsIndex6,x,khac,02,1,manual:static array table (FloatArray / IntArray entry),,"ctor_arg:BrandDef: new(7, ""hivemind"", StatId.SummonPower, 0.15f, new GearTrait(TraitId.SetSwarm, 10f)),"
Game/Match/GearCatalog.cs,426,0.15f,vehicles.gearCatalog.brandsValue5,x,khac,02,1,manual:static array table (FloatArray / IntArray entry),,"ctor_arg:BrandDef: new(7, ""hivemind"", StatId.SummonPower, 0.15f, new GearTrait(TraitId.SetSwarm, 10f)),"
Game/Match/GearCatalog.cs,426,10f,vehicles.gearCatalog.brandsA6,x,khac,02,1,manual:static array table (FloatArray / IntArray entry),,"ctor_arg:GearTrait: new(7, ""hivemind"", StatId.SummonPower, 0.15f, new GearTrait(TraitId.SetSwarm, 10f)),"
Game/Match/GearCatalog.cs,427,8,vehicles.gearCatalog.brandsIndex7,x,khac,02,1,manual:static array table (FloatArray / IntArray entry),,"ctor_arg:BrandDef: new(8, ""quartermaster"", StatId.RepairReceived, 0.1f, new GearTrait(TraitId.SetSalvageRights, 0.2f, 0.1f)),"
Game/Match/GearCatalog.cs,427,0.1f,vehicles.gearCatalog.brandsValue4,x,khac,02,1,manual:static array table (FloatArray / IntArray entry),,"ctor_arg:BrandDef: new(8, ""quartermaster"", StatId.RepairReceived, 0.1f, new GearTrait(TraitId.SetSalvageRights, 0.2f, 0.1f)),"
Game/Match/GearCatalog.cs,427,0.2f,vehicles.gearCatalog.brandsA2,x,khac,02,1,manual:static array table (FloatArray / IntArray entry),,"ctor_arg:GearTrait: new(8, ""quartermaster"", StatId.RepairReceived, 0.1f, new GearTrait(TraitId.SetSalvageRights, 0.2f, 0.1f)),"
Game/Match/GearCatalog.cs,427,0.1f,vehicles.gearCatalog.brandsB5,x,khac,02,2,manual:static array table (FloatArray / IntArray entry),,"ctor_arg:GearTrait: new(8, ""quartermaster"", StatId.RepairReceived, 0.1f, new GearTrait(TraitId.SetSalvageRights, 0.2f, 0.1f)),"
Game/Match/GearCatalog.cs,428,9,vehicles.gearCatalog.brandsIndex8,m,ban_kinh,02,1,manual:static array table (FloatArray / IntArray entry),,"ctor_arg:BrandDef: new(9, ""spectre"", StatId.Vision, 0.08f, new GearTrait(TraitId.SetGhostNet, 0.15f)),"
Game/Match/GearCatalog.cs,428,0.08f,vehicles.gearCatalog.brandsValue6,m,ban_kinh,02,1,manual:static array table (FloatArray / IntArray entry),,"ctor_arg:BrandDef: new(9, ""spectre"", StatId.Vision, 0.08f, new GearTrait(TraitId.SetGhostNet, 0.15f)),"
Game/Match/GearCatalog.cs,428,0.15f,vehicles.gearCatalog.brandsA,m,ban_kinh,02,1,manual:static array table (FloatArray / IntArray entry),,"ctor_arg:GearTrait: new(9, ""spectre"", StatId.Vision, 0.08f, new GearTrait(TraitId.SetGhostNet, 0.15f)),"
Game/Match/GearCatalog.cs,429,10,vehicles.gearCatalog.brandsIndex9,x,sat_thuong,02,1,manual:static array table (FloatArray / IntArray entry),,"ctor_arg:BrandDef: new(10, ""hammerfall"", StatId.DamageVsStructure, 0.08f, new GearTrait(TraitId.SetHeavyRound, 5f, 1f)),"
Game/Match/GearCatalog.cs,429,0.08f,vehicles.gearCatalog.brandsValue6,x,sat_thuong,02,1,manual:static array table (FloatArray / IntArray entry),,"ctor_arg:BrandDef: new(10, ""hammerfall"", StatId.DamageVsStructure, 0.08f, new GearTrait(TraitId.SetHeavyRound, 5f, 1f)),"
Game/Match/GearCatalog.cs,429,5f,vehicles.gearCatalog.brandsA7,x,sat_thuong,02,1,manual:static array table (FloatArray / IntArray entry),,"ctor_arg:GearTrait: new(10, ""hammerfall"", StatId.DamageVsStructure, 0.08f, new GearTrait(TraitId.SetHeavyRound, 5f, 1f)),"
Game/Match/GearCatalog.cs,431,11,vehicles.gearCatalog.brandsIndex10,x,khac,02,1,manual:static array table (FloatArray / IntArray entry),,"ctor_arg:BrandDef: new(11, ""phoenix"", StatId.RepairReceived, 0.1f, new GearTrait(TraitId.SetPhoenix, 0.1f, 8f)),"
Game/Match/GearCatalog.cs,431,0.1f,vehicles.gearCatalog.brandsValue4,x,khac,02,1,manual:static array table (FloatArray / IntArray entry),,"ctor_arg:BrandDef: new(11, ""phoenix"", StatId.RepairReceived, 0.1f, new GearTrait(TraitId.SetPhoenix, 0.1f, 8f)),"
Game/Match/GearCatalog.cs,431,8f,vehicles.gearCatalog.brandsB6,x,khac,02,1,manual:static array table (FloatArray / IntArray entry),,"ctor_arg:GearTrait: new(11, ""phoenix"", StatId.RepairReceived, 0.1f, new GearTrait(TraitId.SetPhoenix, 0.1f, 8f)),"
Game/Match/GearCatalog.cs,431,0.1f,vehicles.gearCatalog.brandsA3,x,khac,02,2,manual:static array table (FloatArray / IntArray entry),,"ctor_arg:GearTrait: new(11, ""phoenix"", StatId.RepairReceived, 0.1f, new GearTrait(TraitId.SetPhoenix, 0.1f, 8f)),"
Game/Match/GearCatalog.cs,432,12,vehicles.gearCatalog.brandsIndex11,count,gioi_han_thuc_the,02,1,manual:static array table (FloatArray / IntArray entry),,"ctor_arg:BrandDef: new(12, ""wolfpack"", StatId.Count, 0f, new GearTrait(TraitId.SetPackFocus, 0.15f))"
Game/Match/GearCatalog.cs,432,0.15f,vehicles.gearCatalog.brandsA,count,gioi_han_thuc_the,02,1,manual:static array table (FloatArray / IntArray entry),,"ctor_arg:GearTrait: new(12, ""wolfpack"", StatId.Count, 0f, new GearTrait(TraitId.SetPackFocus, 0.15f))"
Game/Match/GearCatalog.cs,433,0.04f,vehicles.gearCatalog.brandsA8,x,khac,02,1,manual:static array table (FloatArray / IntArray entry),,"ctor_arg:GearTrait: { TwoPiece = new GearTrait(TraitId.SetPackHunt, 0.04f, 15f, 3f) },"
Game/Match/GearCatalog.cs,433,15f,vehicles.gearCatalog.brandsB7,x,khac,02,1,manual:static array table (FloatArray / IntArray entry),,"ctor_arg:GearTrait: { TwoPiece = new GearTrait(TraitId.SetPackHunt, 0.04f, 15f, 3f) },"
Game/Match/GearCatalog.cs,433,3f,vehicles.gearCatalog.brandsC2,x,khac,02,1,manual:static array table (FloatArray / IntArray entry),,"ctor_arg:GearTrait: { TwoPiece = new GearTrait(TraitId.SetPackHunt, 0.04f, 15f, 3f) },"
Game/Match/GearCatalog.cs,434,0.1f,vehicles.gearCatalog.brandsValue4,x,sat_thuong,02,1,manual:static array table (FloatArray / IntArray entry),,"ctor_arg:BrandDef: new(BulwarkBrand, ""bulwark"", StatId.Health, 0.1f, new GearTrait(TraitId.SetBulwarkPost, 20f)) { TowerOnly = true },"
Game/Match/GearCatalog.cs,434,20f,vehicles.gearCatalog.brandsA9,x,sat_thuong,02,1,manual:static array table (FloatArray / IntArray entry),,"ctor_arg:GearTrait: new(BulwarkBrand, ""bulwark"", StatId.Health, 0.1f, new GearTrait(TraitId.SetBulwarkPost, 20f)) { TowerOnly = true },"
Game/Match/GearCatalog.cs,447,0.25f,vehicles.gearCatalog.buildCapsCap,x,sat_thuong,02,1,inline,,"arg:GearCatalog.Set: Set(StatId.Damage, 0.25f);"
Game/Match/GearCatalog.cs,448,0.15f,vehicles.gearCatalog.buildCapsCap2,count,tran,02,1,inline,,"arg:GearCatalog.Set: Set(StatId.FireRate, 0.15f);"
Game/Match/GearCatalog.cs,449,0.25f,vehicles.gearCatalog.buildCapsCap,x,sat_thuong,02,1,inline,,"arg:GearCatalog.Set: Set(StatId.Health, 0.25f);"
Game/Match/GearCatalog.cs,450,0.15f,vehicles.gearCatalog.buildCapsCap2,count,tran,02,1,inline,,"arg:GearCatalog.Set: Set(StatId.Speed, 0.15f);"
Game/Match/GearCatalog.cs,451,0.02f,vehicles.gearCatalog.buildCapsCap3,count,tran,02,1,inline,,"arg:GearCatalog.Set: Set(StatId.Regen, 0.02f);"
Game/Match/GearCatalog.cs,452,0.2f,vehicles.gearCatalog.buildCapsCap4,x,sat_thuong,02,1,inline,,"arg:GearCatalog.Set: Set(StatId.DamageTaken, 0.2f);"
Game/Match/GearCatalog.cs,453,0.25f,vehicles.gearCatalog.buildCapsCap,x,sat_thuong,02,1,inline,,"arg:GearCatalog.Set: Set(StatId.DamageVsLight, 0.25f);"
Game/Match/GearCatalog.cs,454,0.25f,vehicles.gearCatalog.buildCapsCap,x,sat_thuong,02,1,inline,,"arg:GearCatalog.Set: Set(StatId.DamageVsHeavy, 0.25f);"
Game/Match/GearCatalog.cs,455,0.25f,vehicles.gearCatalog.buildCapsCap,x,sat_thuong,02,1,inline,,"arg:GearCatalog.Set: Set(StatId.DamageVsAir, 0.25f);"
Game/Match/GearCatalog.cs,456,0.3f,vehicles.gearCatalog.buildCapsCap5,x,sat_thuong,02,1,inline,,"arg:GearCatalog.Set: Set(StatId.DamageVsStructure, 0.3f);"
Game/Match/GearCatalog.cs,457,0.12f,vehicles.gearCatalog.buildCapsCap6,m,ban_kinh,02,1,inline,,"arg:GearCatalog.Set: Set(StatId.Range, 0.12f);"
Game/Match/GearCatalog.cs,458,0.25f,vehicles.gearCatalog.buildCapsCap,m,ban_kinh,02,1,inline,,"arg:GearCatalog.Set: Set(StatId.Vision, 0.25f);"
Game/Match/GearCatalog.cs,459,0.3f,vehicles.gearCatalog.buildCapsCap5,count,tran,02,1,inline,,"arg:GearCatalog.Set: Set(StatId.Spread, 0.3f);"
Game/Match/GearCatalog.cs,460,0.3f,vehicles.gearCatalog.buildCapsCap5,count,tran,02,1,inline,,"arg:GearCatalog.Set: Set(StatId.ProjectileSpeed, 0.3f);"
Game/Match/GearCatalog.cs,461,0.4f,vehicles.gearCatalog.buildCapsCap7,count,tran,02,1,inline,,"arg:GearCatalog.Set: Set(StatId.Magazine, 0.4f);"
Game/Match/GearCatalog.cs,462,0.3f,vehicles.gearCatalog.buildCapsCap5,s,thoi_gian,02,1,inline,,"arg:GearCatalog.Set: Set(StatId.MagazineReload, 0.3f);"
Game/Match/GearCatalog.cs,463,0.3f,vehicles.gearCatalog.buildCapsCap5,count,tran,02,1,inline,,"arg:GearCatalog.Set: for (var r = StatId.ResistKinetic; r <= StatId.ResistFragmentation; r++) Set(r, 0.3f);"
Game/Match/GearCatalog.cs,465,0.3f,vehicles.gearCatalog.buildCapsCap5,count,tran,02,1,inline,,"arg:GearCatalog.Set: Set(StatId.ResistEnergy, 0.3f);"
Game/Match/GearCatalog.cs,469,0.3f,vehicles.gearCatalog.buildCapsCap5,count,tran,02,1,inline,,"arg:GearCatalog.Set: Set(StatId.TurnRate, 0.3f);"
Game/Match/GearCatalog.cs,470,0.3f,vehicles.gearCatalog.buildCapsCap5,count,tran,02,1,inline,,"arg:GearCatalog.Set: Set(StatId.TurretRate, 0.3f);"
Game/Match/GearCatalog.cs,471,0.5f,vehicles.gearCatalog.buildCapsCap8,count,tran,02,1,inline,,"arg:GearCatalog.Set: Set(StatId.CaptureRate, 0.5f);"
Game/Match/GearCatalog.cs,472,0.25f,vehicles.gearCatalog.buildCapsCap,s,thoi_gian,02,1,inline,,"arg:GearCatalog.Set: Set(StatId.Cooldowns, 0.25f);"
Game/Match/GearCatalog.cs,473,0.3f,vehicles.gearCatalog.buildCapsCap5,x,sat_thuong,02,1,inline,,"arg:GearCatalog.Set: Set(StatId.Splash, 0.3f);"
Game/Match/GearCatalog.cs,474,0.3f,vehicles.gearCatalog.buildCapsCap5,s,thoi_gian,02,1,inline,,"arg:GearCatalog.Set: Set(StatId.SecondaryFireRate, 0.3f);"
Game/Match/GearCatalog.cs,475,0.35f,vehicles.gearCatalog.buildCapsCap9,s,thoi_gian,02,1,inline,,"arg:GearCatalog.Set: Set(StatId.SalvoInterval, 0.35f);"
Game/Match/GearCatalog.cs,476,0.3f,vehicles.gearCatalog.buildCapsCap5,count,tran,02,1,inline,,"arg:GearCatalog.Set: Set(StatId.ResistRocket, 0.3f);"
Game/Match/GearCatalog.cs,477,0.3f,vehicles.gearCatalog.buildCapsCap5,count,tran,02,1,inline,,"arg:GearCatalog.Set: Set(StatId.ResistIndirect, 0.3f);"
Game/Match/GearCatalog.cs,478,0.6f,vehicles.gearCatalog.buildCapsCap10,count,tran,02,1,inline,,"arg:GearCatalog.Set: Set(StatId.ResistMine, 0.6f);"
Game/Match/GearCatalog.cs,479,0.25f,vehicles.gearCatalog.buildCapsCap,count,tran,02,1,inline,,"arg:GearCatalog.Set: Set(StatId.ResistFrontal, 0.25f);"
Game/Match/GearCatalog.cs,480,0.25f,vehicles.gearCatalog.buildCapsCap,count,tran,02,1,inline,,"arg:GearCatalog.Set: Set(StatId.TransitSpeed, 0.25f);"
Game/Match/GearCatalog.cs,481,0.25f,vehicles.gearCatalog.buildCapsCap,m,ban_kinh,02,1,inline,,"arg:GearCatalog.Set: Set(StatId.StillVision, 0.25f);"
Game/Match/GearCatalog.cs,482,0.25f,vehicles.gearCatalog.buildCapsCap,count,tran,02,1,inline,,"arg:GearCatalog.Set: Set(StatId.Camouflage, 0.25f);"
Game/Match/GearCatalog.cs,483,3f,vehicles.gearCatalog.buildCapsCap11,s,thoi_gian,02,1,inline,,"arg:GearCatalog.Set: Set(StatId.RegenDelay, 3f);"
Game/Match/GearCatalog.cs,484,0.5f,vehicles.gearCatalog.buildCapsCap8,s,thoi_gian,02,1,inline,,"arg:GearCatalog.Set: Set(StatId.StatusDuration, 0.5f);"
Game/Match/GearCatalog.cs,485,0.3f,vehicles.gearCatalog.buildCapsCap5,count,tran,02,1,inline,,"arg:GearCatalog.Set: Set(StatId.SpreadLong, 0.3f);"
Game/Match/GearCatalog.cs,486,0.35f,vehicles.gearCatalog.buildCapsCap9,count,tran,02,1,inline,,"arg:GearCatalog.Set: Set(StatId.SpreadMoving, 0.35f);"
Game/Match/GearCatalog.cs,487,0.25f,vehicles.gearCatalog.buildCapsCap,x,sat_thuong,02,1,inline,,"arg:GearCatalog.Set: Set(StatId.BurnDamage, 0.25f);"
Game/Match/GearCatalog.cs,488,0.15f,vehicles.gearCatalog.buildCapsCap2,count,tran,02,1,inline,,"arg:GearCatalog.Set: Set(StatId.SummonPower, 0.15f);"
Game/Match/GearCatalog.cs,489,0.1f,vehicles.gearCatalog.buildCapsCap12,count,tran,02,1,inline,,"arg:GearCatalog.Set: Set(StatId.RepairReceived, 0.1f);"
Game/Match/GearCatalog.cs,490,0.25f,vehicles.gearCatalog.buildCapsCap,x,sat_thuong,02,1,inline,,"arg:GearCatalog.Set: Set(StatId.DamageFlank, 0.25f);"
Game/Match/GearCatalog.cs,491,0.3f,vehicles.gearCatalog.buildCapsCap5,x,sat_thuong,02,1,inline,,"arg:GearCatalog.Set: Set(StatId.DamageVsDrone, 0.3f);"
Game/Match/GearCatalog.cs,493,0.25f,vehicles.gearCatalog.buildCapsCap,m,ban_kinh,02,1,inline,,"arg:GearCatalog.Set: Set(StatId.LockRange, 0.25f);"
Game/Match/GearCatalog.cs,494,8f,vehicles.gearCatalog.buildCapsCap13,s,thoi_gian,02,1,inline,,"arg:GearCatalog.Set: Set(StatId.LaserWarning, 8f);"
Game/Match/GearCatalog.cs,495,0.5f,vehicles.gearCatalog.buildCapsCap8,count,tran,02,1,inline,,"arg:GearCatalog.Set: Set(StatId.ReverseSpeed, 0.5f);"
Game/Match/GearCatalog.cs,496,0.3f,vehicles.gearCatalog.buildCapsCap5,x,sat_thuong,02,1,inline,,"arg:GearCatalog.Set: Set(StatId.ResistBlast, 0.3f);"
Game/Match/PlayerCommander.cs,118,0.5f,vehicles.playerCommander.tryTapLengthScale,m,ban_kinh,02,1,inline,,multiply: point -= along * (support.Length * 0.5f);
Game/Match/VehicleFit.cs,269,3,vehicles.vehicleFit.classMeetsNScale,count,gioi_han_thuc_the,02,1,inline,,multiply: return hardware && n * 3 >= cards.Count;
Sim/AI/Commander.Units.cs,18,3,vehicles.aiCommander.scootShots,x,khac,02,1,const_to_property,,const_field: private const int ScootShots = 3;
Sim/AI/Commander.Units.cs,19,12,vehicles.aiCommander.markedKept,x,khac,02,1,const_to_property,,const_field: private const int MarkedKept = 12;
Sim/AI/Commander.Units.cs,53,15f,vehicles.aiCommander.artilleryRadius,m,ban_kinh,02,1,inline,,"arg:AiCommander.Near: var marked = Near(v.Position, 15f);"
Sim/AI/Commander.Units.cs,63,50f,vehicles.aiCommander.scootForwardScale,x,khac,02,1,inline,,"multiply: var aim = world.TryGetVehicle(v.Target, out var target) ? target.Position : v.Position + SimMath.Forward(v.Heading) * 50f;"
Sim/AI/Commander.Units.cs,65,0.01f,vehicles.aiCommander.scootLengthSquaredMin,m,ban_kinh,02,1,inline,,compare: back = back.LengthSquared() > 0.01f ? -Vector2.Normalize(back) : -SimMath.Forward(v.Heading);
Sim/AI/Commander.Units.cs,68,10,vehicles.aiCommander.scootTimeDivisor,s,thoi_gian,02,1,inline,,divide: var first = ((v.Id.Value + (int)world.Time / 10) & 1) == 0 ? 1f : -1f;
Sim/AI/Commander.Units.cs,72,18f,vehicles.aiCommander.scootDirScale,x,khac,02,1,inline,,"multiply: var spot = world.Map.Clamp(v.Position + dir * 18f, 6f);"
Sim/AI/Commander.Units.cs,72,6f,vehicles.aiCommander.scootMargin,x,khac,02,1,inline,,"arg:MapDefinition.Clamp: var spot = world.Map.Clamp(v.Position + dir * 18f, 6f);"
Sim/AI/Commander.Units.cs,73,15f,vehicles.aiCommander.scootRadius,m,ban_kinh,02,1,inline,,"arg:AiCommander.Near: if (!world.Grid.IsWalkable(spot) || Near(spot, 15f)) continue;"
Sim/AI/Commander.Units.cs,75,2f,vehicles.aiCommander.scootRangeSub,m,ban_kinh,02,1,inline,,subtract: if (target != null && (reach > v.Def.Weapon.Range - 2f || reach < v.Def.Weapon.MinRange + 3f)) continue;
Sim/AI/Commander.Units.cs,75,3f,vehicles.aiCommander.scootMinRangeAdd,m,ban_kinh,02,1,inline,,add: if (target != null && (reach > v.Def.Weapon.Range - 2f || reach < v.Def.Weapon.MinRange + 3f)) continue;
Sim/AI/Commander.Units.cs,95,2f,vehicles.aiCommander.aircraftStrengthOfScale,s,thoi_gian,02,1,inline,,multiply: if (here > TeamIntel.StrengthOf(v) * 2f && now - v.LastFiredAt > 5.0)
Sim/AI/Commander.Units.cs,95,5.0,vehicles.aiCommander.aircraftNowMin,s,thoi_gian,02,1,inline,,compare: if (here > TeamIntel.StrengthOf(v) * 2f && now - v.LastFiredAt > 5.0)
Sim/AI/Commander.Units.cs,98,10.0,vehicles.aiCommander.aircraftNowMin2,s,thoi_gian,02,1,inline,,compare: if (now - since >= 10.0)
Sim/AI/Commander.Units.cs,102,8,vehicles.aiCommander.aircraftKMax,x,nguong,02,1,inline,,compare: for (var k = 0; k < 8; k++)
Sim/AI/Commander.Units.cs,104,4f,vehicles.aiCommander.aircraftKDivisor,x,khac,02,1,inline,,"divide: var p = world.Map.Clamp(v.Position + SimMath.Forward(k * MathF.PI / 4f) * 60f, 10f);"
Sim/AI/Commander.Units.cs,104,60f,vehicles.aiCommander.aircraftForwardScale,x,khac,02,1,inline,,"multiply: var p = world.Map.Clamp(v.Position + SimMath.Forward(k * MathF.PI / 4f) * 60f, 10f);"
Sim/AI/Commander.Units.cs,104,10f,vehicles.aiCommander.aircraftMargin,x,khac,02,1,inline,,"arg:MapDefinition.Clamp: var p = world.Map.Clamp(v.Position + SimMath.Forward(k * MathF.PI / 4f) * 60f, 10f);"
Sim/AI/Commander.Units.cs,126,15f,vehicles.aiCommander.aircraftDistanceMax,m,thoi_gian,02,1,inline,,"compare: if (now >= a.until || Vector2.Distance(v.Position, v.Order.Point) < 15f || v.Order.Kind != OrderKind.Move)"
Sim/AI/Commander.Units.cs,135,60f,vehicles.aiCommander.aircraftDistanceMax2,m,ban_kinh,02,1,inline,,"compare: if (intel.ThreatAt(ThreatKind.AntiAir, goal) <= 0f || Vector2.Distance(v.Position, goal) < 60f) return;"
Sim/AI/Commander.Units.cs,139,50f,vehicles.aiCommander.aircraftInboundScale,x,khac,02,1,inline,,multiply: var direct = Cost(goal - inbound * 50f);
Sim/AI/Commander.Units.cs,141,0.7f,vehicles.aiCommander.aircraftDirectScale,x,khac,02,1,inline,,multiply: var pickCost = direct * 0.7f;
Sim/AI/Commander.Units.cs,142,1.05f,vehicles.aiCommander.aircraftBan,m,ban_kinh,02,1,inline,,"table: foreach (var angle in new[] { -1.05f, 1.05f })"
Sim/AI/Commander.Units.cs,142,1.05f,vehicles.aiCommander.aircraftBan,m,ban_kinh,02,2,inline,,"table: foreach (var angle in new[] { -1.05f, 1.05f })"
Sim/AI/Commander.Units.cs,147,50f,vehicles.aiCommander.aircraftRotatedScale,x,khac,02,1,inline,,"multiply: var w = world.Map.Clamp(goal - rotated * 50f, 10f);"
Sim/AI/Commander.Units.cs,147,10f,vehicles.aiCommander.aircraftMargin,x,khac,02,1,inline,,"arg:MapDefinition.Clamp: var w = world.Map.Clamp(goal - rotated * 50f, 10f);"
Sim/AI/Commander.Units.cs,156,25.0,vehicles.aiCommander.aircraftNowAdd,s,thoi_gian,02,1,inline,,"add: _approach[v.Id] = (goal, now + 25.0);"
Sim/AI/Commander.cs,28,0.8f,vehicles.aiSkill.reactionDelay,s,thoi_gian,02,1,inline,,property_init: public float ReactionDelay { get; set; } = 0.8f;
Sim/AI/Commander.cs,29,1f,vehicles.aiSkill.decayScale,x,khac,02,1,inline,,property_init: public float DecayScale { get; set; } = 1f;
Sim/AI/Commander.cs,38,0.8f,vehicles.aiSkill.forValue,s,thoi_gian,02,1,inline,,"ctor_arg:AiParam: var p = ai.Has(""params.reactionDelay"") ? ai.Param(""params.reactionDelay"") : new AiParam(0.8f, 0.3f, 1.5f, """", """");"
Sim/AI/Commander.cs,38,0.3f,vehicles.aiSkill.forMin,s,thoi_gian,02,1,inline,,"ctor_arg:AiParam: var p = ai.Has(""params.reactionDelay"") ? ai.Param(""params.reactionDelay"") : new AiParam(0.8f, 0.3f, 1.5f, """", """");"
Sim/AI/Commander.cs,38,1.5f,vehicles.aiSkill.forMax,s,thoi_gian,02,1,inline,,"ctor_arg:AiParam: var p = ai.Has(""params.reactionDelay"") ? ai.Param(""params.reactionDelay"") : new AiParam(0.8f, 0.3f, 1.5f, """", """");"
Sim/AI/Commander.cs,42,1.5f,vehicles.aiSkill.forDecayScale,x,sat_thuong,02,1,inline,,"object_init: AiDifficulty.Easy => new AiSkill { ReactionDelay = max, DecayScale = 1.5f, Spread = 0.5f, Flank = 0.5f, Focus = 0f },"
Sim/AI/Commander.cs,42,0.5f,vehicles.aiSkill.forSpread,x,sat_thuong,02,1,inline,,"object_init: AiDifficulty.Easy => new AiSkill { ReactionDelay = max, DecayScale = 1.5f, Spread = 0.5f, Flank = 0.5f, Focus = 0f },"
Sim/AI/Commander.cs,42,0.5f,vehicles.aiSkill.forFlank,x,sat_thuong,02,2,inline,,"object_init: AiDifficulty.Easy => new AiSkill { ReactionDelay = max, DecayScale = 1.5f, Spread = 0.5f, Flank = 0.5f, Focus = 0f },"
Sim/AI/Commander.cs,45,0.6f,vehicles.aiSkill.forNormalScale,s,thoi_gian,02,1,inline,,"multiply: ReactionDelay = normal - (normal - min) * 0.6f, DecayScale = 0.85f, Flank = 1.3f, Focus = 1.3f,"
Sim/AI/Commander.cs,45,0.85f,vehicles.aiSkill.forDecayScale2,s,thoi_gian,02,1,inline,,"object_init: ReactionDelay = normal - (normal - min) * 0.6f, DecayScale = 0.85f, Flank = 1.3f, Focus = 1.3f,"
Sim/AI/Commander.cs,45,1.3f,vehicles.aiSkill.forFlank2,s,thoi_gian,02,1,inline,,"object_init: ReactionDelay = normal - (normal - min) * 0.6f, DecayScale = 0.85f, Flank = 1.3f, Focus = 1.3f,"
Sim/AI/Commander.cs,45,1.3f,vehicles.aiSkill.forFocus,s,thoi_gian,02,2,inline,,"object_init: ReactionDelay = normal - (normal - min) * 0.6f, DecayScale = 0.85f, Flank = 1.3f, Focus = 1.3f,"
Sim/AI/Commander.cs,50,0.6f,vehicles.aiSkill.forDecayScale3,s,thoi_gian,02,1,inline,,"object_init: ReactionDelay = min, DecayScale = 0.6f, Flank = 1.3f, Focus = 1.3f, Switching = TacticSwitching.Counter,"
Sim/AI/Commander.cs,50,1.3f,vehicles.aiSkill.forFlank2,s,thoi_gian,02,1,inline,,"object_init: ReactionDelay = min, DecayScale = 0.6f, Flank = 1.3f, Focus = 1.3f, Switching = TacticSwitching.Counter,"
Sim/AI/Commander.cs,50,1.3f,vehicles.aiSkill.forFocus,s,thoi_gian,02,2,inline,,"object_init: ReactionDelay = min, DecayScale = 0.6f, Flank = 1.3f, Focus = 1.3f, Switching = TacticSwitching.Counter,"
Sim/AI/Commander.cs,109,0.5f,vehicles.aiCommander.ctorTeamTrue,s,thoi_gian,02,1,inline,,conditional: _timer = team == 1 ? 0.5f : 0f;
Sim/AI/Commander.cs,159,1.2f,vehicles.aiCommander.attackThresholdAttackThreshold,x,khac,02,1,inline,,return: if (ai == null) return 1.2f;
Sim/AI/Commander.cs,274,5f,vehicles.aiCommander.planDistanceMax,m,ban_kinh,02,1,inline,,"compare: (objective.HasValue && Intent.PrimaryObjective.HasValue && Vector2.Distance(objective.Value, Intent.PrimaryObjective.Value) < 5f))"
Sim/AI/Commander.cs,277,5f,vehicles.aiCommander.planDistanceMin,m,ban_kinh,02,1,inline,,"compare: (objective.HasValue && Vector2.Distance(objective.Value, Intent.PrimaryObjective!.Value) >= 5f))"
Sim/AI/Commander.cs,292,0.05f,vehicles.aiCommander.planMaxScale,count,nguong,02,1,inline,,"multiply: 0.05f * MathF.Max(1f, intel.EnemyTotal);"
Sim/AI/Commander.cs,297,8.0,vehicles.aiCommander.planPrepScale,s,thoi_gian,02,1,inline,,multiply: WaitingForArtillery = now - _prepStart < prep * 8.0;
Sim/AI/Commander.cs,302,60f,vehicles.aiCommander.planRadius,m,ban_kinh,02,1,inline,,"arg:TeamIntel.StrengthAround: var (own, enemyThere) = intel.StrengthAround(target, 60f);"
Sim/AI/Commander.cs,319,0.5f,vehicles.aiCommander.planConfidenceMin,m,ban_kinh,02,1,inline,,"compare: if (e.Kind is IntelEventKind.Window or IntelEventKind.Opportunity && e.Confidence >= 0.5f && Vector2.Distance(e.Centre, target) < 80f &&"
Sim/AI/Commander.cs,319,80f,vehicles.aiCommander.planDistanceMax2,m,ban_kinh,02,1,inline,,"compare: if (e.Kind is IntelEventKind.Window or IntelEventKind.Opportunity && e.Confidence >= 0.5f && Vector2.Distance(e.Centre, target) < 80f &&"
Sim/AI/Commander.cs,335,0.7f,vehicles.aiCommander.planMainEffortMin,x,nguong,02,1,inline,,"compare: m.MainEffort >= 0.7f ? ""breakthrough"" : m.Flank > 1f ? ""flank"" : ""attack"";"
Sim/AI/Commander.cs,339,60f,vehicles.aiCommander.planPriorityMin,x,nguong,02,1,inline,,compare: if (e.Priority >= 60f) why.Add(e.ToString());
Sim/AI/Commander.cs,343,0.01f,vehicles.aiCommander.planEnemyThereFloor,x,sat_thuong,02,1,inline,,"math_max: Score = own / MathF.Max(0.01f, enemyThere), Context = $""{Tactic}; window {(Intent.AttackWindow ? ""open"" : ""shut"")} ({Intent.WindowReason})"","
Sim/AI/Commander.cs,351,90f,vehicles.aiCommander.emergencyPriorityMin,x,nguong,02,1,inline,,compare: if (e.Kind == IntelEventKind.Threat && e.Priority >= 90f) return true;
Sim/AI/Commander.cs,393,3,vehicles.aiCommander.assignPincerMax,x,nguong,02,1,inline,,compare: if (m.Pincer && pincer < 3) task.FlankSide = pincer++ % 2 == 0 ? -1 : 1;
Sim/AI/Commander.cs,393,2,vehicles.aiCommander.assignMod,x,khac,02,1,inline,,modulo: if (m.Pincer && pincer < 3) task.FlankSide = pincer++ % 2 == 0 ? -1 : 1;
Sim/AI/Commander.cs,415,0.6f,vehicles.aiCommander.switchTacticEnemyTotalScale,x,khac,02,1,inline,,multiply: if (intel.EnemyTotal > 0f && intel.OwnTotal < intel.EnemyTotal * 0.6f)
Sim/AI/Commander.cs,418,20.0,vehicles.aiCommander.switchTacticTimeMin,s,thoi_gian,02,1,inline,,compare: if (world.Time - _losingSince >= 20.0)
Sim/AI/Commander.cs,468,6f,vehicles.aiCommander.buyScoreTargetScale,x,khac,02,1,inline,,multiply: var score = (target[(int)g] - have) * 6f;
Sim/AI/Commander.cs,470,1.5f,vehicles.aiCommander.buyScoreScore,x,khac,02,1,inline,,compound_assign: if (p == def.Id) score += 1.5f;
Sim/AI/Commander.cs,480,0.15f,vehicles.aiCommander.targetsConfidenceScale,x,khac,02,1,inline,,multiply: if (e.Kind == IntelEventKind.Mismatch && e.Need is { } need) target[(int)need] += 0.15f * e.Confidence;
Sim/AI/Commander.cs,486,8,vehicles.aiCommander.targetsIMax,x,nguong,02,1,inline,,compare: for (var i = 0; i < 8; i++)
Sim/AI/Commander.cs,492,8,vehicles.aiCommander.targetsIMax,x,nguong,02,1,inline,,compare: for (var i = 0; i < 8; i++) target[i] /= sum;
Sim/AI/Commander.cs,499,0.5f,vehicles.aiCommander.savingUpCpSavingMin,CP,nguong,02,1,inline,,compare: var saving = CurrentTactic.Modules.CpSaving || world.Catalog.Ai.CpSaving >= 0.5f;
Sim/AI/Commander.cs,503,6f,vehicles.aiCommander.savingUpCpMax,CP,nguong,02,1,inline,,compare: if (_massing && economy.Cp < 6f) _massing = false;
Sim/AI/Commander.cs,504,0.9f,vehicles.aiCommander.savingUpBankScale,x,khac,02,1,inline,,multiply: if (!_massing && economy.Cp >= economy.Bank * 0.9f) _massing = true;
Sim/AI/Commander.cs,505,4,vehicles.aiCommander.savingUpVehicleCountMin,count,gioi_han_thuc_the,02,1,inline,,compare: return !_massing && economy.VehicleCount >= 4;
Sim/AI/Commander.cs,610,60f,vehicles.aiHints.nextPriorityMax,x,nguong,02,1,inline,,compare: if (e.Priority < 60f) continue;
Sim/AI/Commander.cs,624,20.0,vehicles.aiHints.nextTimeMax,s,thoi_gian,02,1,inline,,"compare: if (_last.TryGetValue(k, out var at) && world.Time - at < 20.0) continue;"
Sim/AI/Commander.cs,633,20.0,vehicles.aiHints.nextTimeMax,s,thoi_gian,02,1,inline,,"compare: if (s.Progress.Count > 0 && Stuck(s) && !(_last.TryGetValue(""aihint.stuck"", out var st) && world.Time - st < 20.0))"
Sim/AI/Commander.cs,646,2,vehicles.aiHints.stuckRungMin,x,nguong,02,1,inline,,compare: if (p.rung >= 2) return true;
Sim/Abilities/AbilitySystem.Breach.cs,26,1.5f,vehicles.abilitySystem.ploughHullBoundAdd,m,ban_kinh,02,1,inline,,add: var reach = v.Def.HullBound + o.Def.HullBound + 1.5f;
Sim/Abilities/AbilitySystem.Breach.cs,52,0.5,vehicles.abilitySystem.scootNextDoubleMax,share,xac_suat,02,1,inline,,compare: var first = rng.NextDouble() < 0.5 ? 1f : -1f;
Sim/Abilities/AbilitySystem.Breach.cs,53,1.57f,vehicles.abilitySystem.scootFirstScale,x,khac,02,1,inline,,"multiply: float[] turns = { 1.57f * first, -1.57f * first, 2.2f * first, -2.2f * first, 0f };"
Sim/Abilities/AbilitySystem.Breach.cs,53,2.2f,vehicles.abilitySystem.scootFirstScale2,x,khac,02,1,inline,,"multiply: float[] turns = { 1.57f * first, -1.57f * first, 2.2f * first, -2.2f * first, 0f };"
Sim/Abilities/AbilitySystem.Breach.cs,53,1.57f,vehicles.abilitySystem.scootFirstScale,x,khac,02,2,inline,,"multiply: float[] turns = { 1.57f * first, -1.57f * first, 2.2f * first, -2.2f * first, 0f };"
Sim/Abilities/AbilitySystem.Breach.cs,53,2.2f,vehicles.abilitySystem.scootFirstScale2,x,khac,02,2,inline,,"multiply: float[] turns = { 1.57f * first, -1.57f * first, 2.2f * first, -2.2f * first, 0f };"
Sim/Abilities/AbilitySystem.Breach.cs,62,2f,vehicles.abilitySystem.scootRangeSub,m,ban_kinh,02,1,inline,,subtract: if (reach > weapon.Range - 2f || reach < weapon.MinRange + 3f) continue;
Sim/Abilities/AbilitySystem.Breach.cs,62,3f,vehicles.abilitySystem.scootMinRangeAdd,m,ban_kinh,02,1,inline,,add: if (reach > weapon.Range - 2f || reach < weapon.MinRange + 3f) continue;
Sim/Abilities/AbilitySystem.cs,44,1,vehicles.abilitySystem.nextMine,x,nguong,02,1,inline,,field_init: private int _nextMine = 1;
Sim/Abilities/AbilitySystem.cs,63,0.04f,vehicles.abilitySystem.stepDistanceSquaredMin,m,ban_kinh,02,1,inline,,"compare: if (Vector2.DistanceSquared(v.Position, v.StillAt) > 0.04f)"
Sim/Abilities/AbilitySystem.cs,69,3.0,vehicles.abilitySystem.stepNowMin,x,sat_thuong,02,1,inline,,compare: if (_world.HomeZones && !v.Def.Static && v.Hp < v.MaxHp && now - v.LastHitTime > 3.0 &&
Sim/Abilities/AbilitySystem.cs,71,0.02f,vehicles.abilitySystem.stepMaxHpScale,count,sat_thuong,02,1,inline,,"multiply: v.Hp = MathF.Min(v.MaxHp, v.Hp + v.MaxHp * 0.02f * dt);"
Sim/Abilities/AbilitySystem.cs,90,0.25f,vehicles.abilitySystem.stepSkillTimer,s,sat_thuong,02,1,inline,,compound_assign: if (skillTick) _skillTimer += 0.25f;
Sim/Abilities/AbilitySystem.cs,113,0.08f,vehicles.abilitySystem.stepMaxHpScale2,count,sat_thuong,02,1,inline,,"multiply: if (v.Unkillable) v.Hp = MathF.Min(v.MaxHp, v.Hp + v.MaxHp * 0.08f * AuraInterval);"
Sim/Abilities/AbilitySystem.cs,122,0.5f,vehicles.abilitySystem.stepMaxHpScale3,count,sat_thuong,02,1,inline,,multiply: if (v.Special == SpecialModule.SmokeDischarger && !v.SmokeUsed && v.Hp < v.MaxHp * 0.5f)
Sim/Abilities/AbilitySystem.cs,125,14f,vehicles.abilitySystem.stepSeconds,s,thoi_gian,02,1,inline,,"arg:StrikeSystem.AddSmoke: _world.Strikes.AddSmoke(v.Team, v.Position, v.SpecialPower, 14f);"
Sim/Abilities/AbilitySystem.cs,150,4.0,vehicles.abilitySystem.regeneratingNowMin,s,thoi_gian,02,1,inline,,compare: if (g == null) return now - v.LastHitTime > 4.0 ? 1f : 0f;
Sim/Abilities/AbilitySystem.cs,151,4.0,vehicles.abilitySystem.regeneratingStatSub,s,thoi_gian,02,1,inline,,"subtract: var delay = Math.Max(1.0, 4.0 - g.Stat(StatId.RegenDelay));"
Sim/Abilities/AbilitySystem.cs,212,0.5f,vehicles.abilitySystem.supportStaticTrue,x,tan_suat,02,1,inline,,conditional: var rate = repair.Rate * (v.Def.Static ? 0.5f : 1f) * _world.RepairScaleOf(engineer.Team);
Sim/Abilities/AbilitySystem.cs,258,2f,vehicles.abilitySystem.slowAurasAuraIntervalScale,s,thoi_gian,02,1,inline,,"multiply: if (v.IsAlive && !v.Flying && !v.Def.Static && _world.Walls.InRubble(v.Position)) _world.Status.Slow(v, slow, AuraInterval * 2f);"
Sim/Abilities/AbilitySystem.cs,267,2f,vehicles.abilitySystem.slowAurasAuraIntervalScale,s,thoi_gian,02,1,inline,,"multiply: if (Vector2.DistanceSquared(v.Position, w.Position) <= aura.Radius * aura.Radius) _world.Status.Slow(v, aura.Rate, AuraInterval * 2f);"
Sim/Abilities/AbilitySystem.cs,387,2f,vehicles.abilitySystem.topUpAuraIntervalScale,s,thoi_gian,02,1,inline,,"multiply: v.Weapons[i].ReloadLeft = MathF.Max(0.0001f, v.Weapons[i].ReloadLeft - AuraInterval * 2f); // the reload itself finishes it"
Sim/Abilities/AbilitySystem.cs,438,25f,vehicles.abilitySystem.layMinesDistanceSquaredMax,m,ban_kinh,02,1,inline,,"compare: if (Vector2.DistanceSquared(m.Position, v.Position) < 25f) return;"
Sim/Abilities/AbilitySystem.cs,442,0.8f,vehicles.abilitySystem.layMinesHullHalfAdd,m,ban_kinh,02,1,inline,,add: var at = v.Position - SimMath.Forward(v.Heading) * (v.Def.HullHalf + v.Def.HullRadius + 0.8f);
Sim/Abilities/AbilitySystem.cs,444,2.0,vehicles.abilitySystem.layMinesNowAdd,s,thoi_gian,02,1,inline,,"add: var laid = new Mine(new EntityId(_nextMine++), v.Team, v.Id, at, def, now + 2.0);"
Sim/Abilities/AbilitySystem.cs,463,1.5f,vehicles.abilitySystem.layStripHullHalfAdd,m,ban_kinh,02,1,inline,,add: var start = v.Def.HullHalf + v.Def.HullRadius + 1.5f;
Sim/Abilities/AbilitySystem.cs,466,2.5f,vehicles.abilitySystem.layStripKScale,x,khac,02,1,inline,,multiply: var at = v.Position + back * (start + k * 2.5f);
Sim/Abilities/AbilitySystem.cs,468,1.5,vehicles.abilitySystem.layStripNowAdd,s,thoi_gian,02,1,inline,,"add: var laid = new Mine(new EntityId(_nextMine++), v.Team, v.Id, at, def, now + 1.5) { ExpiresAt = def.Life > 0f ? now + def.Life : double.PositiveInfinity };"
Sim/Abilities/AbilitySystem.cs,483,40,vehicles.abilitySystem.layFieldTriesMax,x,nguong,02,1,inline,,compare: for (var tries = 0; alive < wanted && tries < 40; tries++)
Sim/Abilities/AbilitySystem.cs,486,0.2f,vehicles.abilitySystem.layFieldNextDoubleAdd,share,xac_suat,02,1,inline,,add: var r = def.Spread * MathF.Sqrt(0.2f + 0.8f * (float)_world.Random.NextDouble());
Sim/Abilities/AbilitySystem.cs,486,0.8f,vehicles.abilitySystem.layFieldNextDoubleScale,share,xac_suat,02,1,inline,,multiply: var r = def.Spread * MathF.Sqrt(0.2f + 0.8f * (float)_world.Random.NextDouble());
Sim/Abilities/AbilitySystem.cs,491,4f,vehicles.abilitySystem.layFieldDistanceSquaredMax,m,ban_kinh,02,1,inline,,"compare: if (m.IsAlive && Vector2.DistanceSquared(m.Position, at) < 4f) clear = false;"
Sim/Abilities/AbilitySystem.cs,547,2,vehicles.abilitySystem.beginPhasePhaseAdd,x,khac,02,1,inline,,"add: _world.Emit(SimEvent.BossPhase(v, v.Phase + 2, true, phase.Radio));"
Sim/Abilities/AbilitySystem.cs,548,1.6f,vehicles.abilitySystem.beginPhaseRadiusScale,m,ban_kinh,02,1,inline,,"multiply: _world.Emit(SimEvent.Exploded(v.Position, new ExplosionDef(0f, v.Radius * 1.6f, 0f, ExplosionTier.Huge), v.Id));"
Sim/Abilities/AbilitySystem.cs,587,0.5f,vehicles.abilitySystem.useSkillsDurationFloor,s,sat_thuong,02,1,inline,,"math_max: v.SkillReadyAt[i] = now + MathF.Max(0.5f, skill.Duration);"
Sim/Abilities/AbilitySystem.cs,594,0.5f,vehicles.abilitySystem.useSkillsStatFloor,x,sat_thuong,02,1,inline,,"math_max: v.SkillReadyAt[i] = now + skill.Cooldown * (v.Gear != null ? MathF.Max(0.5f, 1f - v.Gear.Stat(StatId.Cooldowns)) : 1f);"
Sim/Abilities/AbilitySystem.cs,629,20f,vehicles.abilitySystem.rechargeFlaresFlareFalse,s,thoi_gian,02,1,inline,,"conditional: v.FlareRechargeAt = now + (flare != null ? FlareRecharge(v, flare) : 20f);"
Sim/Abilities/AbilitySystem.cs,658,0.5f,vehicles.abilitySystem.fireAmountFalse,x,sat_thuong,02,1,inline,,"conditional: _world.Bosses.Patch(v, skill.Amount > 0f ? skill.Amount : 0.5f);"
Sim/Abilities/AbilitySystem.cs,662,0.95f,vehicles.abilitySystem.fireAmountMax,x,sat_thuong,02,1,inline,,"math_clamp: v.ShieldAmount = Math.Clamp(skill.Amount, 0f, 0.95f);"
Sim/Abilities/AbilitySystem.cs,665,8f,vehicles.abilitySystem.fireRadiusFalse,m,sat_thuong,02,1,inline,,"conditional: _world.Strikes.AddSmoke(v.Team, v.Position, skill.Radius > 0f ? skill.Radius : 8f, skill.Duration);"
Sim/Abilities/AbilitySystem.cs,681,0.5f,vehicles.abilitySystem.fireKAdd,x,sat_thuong,02,1,inline,,add: var angle = (k + 0.5f) * SimMath.Tau / skill.Count + v.Heading;
Sim/Abilities/AbilitySystem.cs,682,5f,vehicles.abilitySystem.fireHullBoundAdd,x,khac,02,1,inline,,add: var at = _world.ClampToMap(v.Position + SimMath.Forward(angle) * (v.Def.HullBound + 5f));
Sim/Abilities/DeploySystem.cs,22,4.0,vehicles.deploySystem.guardBefore,x,khac,02,1,manual:field declares several variables (split first),,"const_field: internal const double StandBefore = 1.0, GuardBefore = 4.0;"
Sim/Abilities/DeploySystem.cs,25,6f,vehicles.deploySystem.stayWithin,x,khac,02,1,const_to_property,,const_field: internal const float StayWithin = 6f;
Sim/Abilities/DeploySystem.cs,43,0.2,vehicles.deploySystem.stepNowFloor,s,thoi_gian,02,1,inline,,"math_max: if (Leaving(v)) Begin(v, DeployState.Packing, (float)Math.Max(0.2, now - v.DeployFrom), now);"
Sim/Abilities/DeploySystem.cs,70,2f,vehicles.deploySystem.insideMinRangeAdd,m,ban_kinh,02,1,inline,,"add: _world.FindNearestEnemy(v, v.Def.Weapon.MinRange + 2f, requireVisible: true, layers: TargetLayers.Ground, mobileOnly: true) != null;"
Sim/Abilities/DeploySystem.cs,104,4f,vehicles.deploySystem.wantsRangeAdd,m,ban_kinh,02,1,inline,,add: var reach = v.Def.Weapon.Range * dep.Range + 4f;
Sim/Abilities/DomeSystem.cs,146,0.01f,vehicles.domeSystem.absorbDomeHpMax,x,nguong,02,1,inline,,compare: if (hq.DomeHp <= 0.01f) hq.DomeHp = 0f;
Sim/Abilities/DomeSystem.cs,155,0.01f,vehicles.domeSystem.absorbDamageSub,x,sat_thuong,02,1,inline,,"subtract: _world.Emit(SimEvent.DomeStruck(dome, victim.Position, taken, hit.Origin, hit.Indirect || hit.Top, taken >= damage - 0.01f));"
Sim/Abilities/DomeSystem.cs,156,0.01f,vehicles.domeSystem.absorbDomeHpMax,x,nguong,02,1,inline,,compare: if (dome.DomeHp <= 0.01f)
Sim/Abilities/DomeSystem.cs,171,0.01f,vehicles.domeSystem.absorbWardWardHpMax,x,nguong,02,1,inline,,compare: if (victim.WardHp <= 0.01f) victim.WardHp = 0f;
Sim/Abilities/DomeSystem.cs,183,2.5f,vehicles.domeSystem.targetWorthTargetWorth,x,khac,02,1,inline,,return: if (target.DomeUp) return 2.5f;
Sim/Abilities/DomeSystem.cs,185,0.3f,vehicles.domeSystem.targetWorthCoveringTrue,x,khac,02,1,inline,,"conditional: return Covering(target, shooter) != null ? 0.3f : 1f;"
Sim/Abilities/FieldWorksSystem.cs,52,1e-3f,vehicles.fieldWorksSystem.darkNightSightAdd,m,ban_kinh,02,1,inline,,add: public bool Dark => _dark || _world.WeatherSight <= NightSight + 1e-3f;
Sim/Abilities/FieldWorksSystem.cs,127,0.5f,vehicles.fieldWorksSystem.coverFactorShooterDistanceMin,m,ban_kinh,02,1,inline,,compare: if (shooterDistance > 0.5f)
Sim/Abilities/FieldWorksSystem.cs,134,0.1f,vehicles.fieldWorksSystem.coverFactorDMax,m,ban_kinh,02,1,inline,,compare: if (d > w.Radius + wall.Def.HullBound || d >= shooterDistance || d < 0.1f) continue;
Sim/Abilities/FieldWorksSystem.cs,169,30,vehicles.fieldWorksSystem.exposeDecoysTeamMin,x,nguong,02,1,inline,,compare: if (!e.IsAlive || e.Team == d.Team || e.Team < 0 || e.Team > 30 || (mask & (1 << e.Team)) != 0) continue;
Sim/Abilities/FieldWorksSystem.cs,241,30,vehicles.fieldWorksSystem.litMaskTeamMin,x,nguong,02,1,inline,,compare: if (l.Team == target.Team || l.Team > 30) continue;
Sim/Abilities/FieldWorksSystem.cs,246,31,vehicles.fieldWorksSystem.litMaskBan,m,ban_kinh,02,1,manual:pattern,,"relational_pattern: if (team != target.Team && team is >= 0 and < 31 && Vector2.DistanceSquared(at, target.Position) <= (radius + target.Radius) * (radius + target.Radius))"
Sim/Abilities/FieldWorksSystem.cs,292,0.01f,vehicles.fieldWorksSystem.keepOffBalloonsDMin,x,nguong,02,1,inline,,compare: var away = d > 0.01f ? out_ / d : SimMath.Forward(v.Heading + MathF.PI);
Sim/Abilities/FieldWorksSystem.cs,293,2f,vehicles.fieldWorksSystem.keepOffBalloonsSpeedFloor,m/s,tan_suat,02,1,inline,,"math_max: var push = MathF.Min(r - d, MathF.Max(2f, v.Def.Speed) * dt);"
Sim/Abilities/FieldWorksSystem.cs,341,0.75f,vehicles.fieldWorksSystem.flaresForwardScale,m,ban_kinh,02,1,inline,,multiply: var at = mark ?? _world.ClampToMap(tower.Position + SimMath.Forward(tower.Heading) * f.Range * 0.75f);
Sim/Abilities/FieldWorksSystem.cs,349,1.2f,vehicles.fieldWorksSystem.flareRise,x,khac,02,1,const_to_property,,const_field: private const float FlareRise = 1.2f;
Sim/Abilities/FieldWorksSystem.cs,359,0.5f,vehicles.fieldWorksSystem.passScanWidthScale,m,thoi_gian,02,1,inline,,"multiply: if (_world.Map.EdgeDistance(jet.Position) > 1f) _world.Strikes.AddScan(jet.Team, jet.Position, p.Width * 0.5f, p.Seconds);"
Sim/Abilities/FieldWorksSystem.cs,375,2,vehicles.fieldWorksSystem.flyPassBan,m,ban_kinh,02,1,inline,,"table: foreach (var team in new[] { 0, 1, 2 })"
Sim/Abilities/FieldWorksSystem.cs,387,3.0,vehicles.fieldWorksSystem.flyPassTimeMin,s,thoi_gian,02,1,inline,,compare: if (!_world.Map.Contains(next) || _world.Map.EdgeDistance(next) < 1f && _world.Time - v.SpawnedAt > 3.0)
Sim/Abilities/FieldWorksSystem.cs,402,30,vehicles.fieldWorksSystem.seenByValue,x,khac,02,1,manual:pattern,,relational_pattern: if (team is < 0 or > 30) return false;
Sim/Abilities/FieldWorksSystem.cs,416,2,vehicles.fieldWorksSystem.nearEnemyBaseBan,m,ban_kinh,02,1,inline,,"table: foreach (var other in new[] { 0, 1, 2 })"
Sim/Abilities/FieldWorksSystem.cs,461,0.1,vehicles.fieldWorksSystem.stepDropsPodLandsFloor,s,thoi_gian,02,1,inline,,"math_max: var u = (float)Math.Clamp((now - proxy.PodLaunched) / Math.Max(0.1, proxy.PodLands - proxy.PodLaunched), 0.0, 1.0);"
Sim/Abilities/FieldWorksSystem.cs,465,0.05f,vehicles.fieldWorksSystem.stepDropsHpMin,x,sat_thuong,02,1,inline,,"math_clamp: var share = Math.Clamp(proxy.Hp / MathF.Max(1f, proxy.MaxHp), 0.05f, 1f);"
Sim/Abilities/FieldWorksSystem.cs,477,0.5f,vehicles.fieldWorksSystem.dropGround,x,khac,02,1,const_to_property,,const_field: private const float DropGround = 0.5f;
Sim/Abilities/GearSystem.Lines.cs,24,1.5,vehicles.gearSystem.openingWindow,x,khac,02,1,const_to_property,,const_field: internal const double OpeningWindow = 1.5;
Sim/Abilities/GearSystem.Lines.cs,27,2,vehicles.gearSystem.clusterRounds,x,khac,02,1,const_to_property,,const_field: internal const int ClusterRounds = 2;
Sim/Abilities/GearSystem.Lines.cs,39,1.5f,vehicles.gearSystem.procReference,x,khac,02,1,const_to_property,,const_field: internal const float ProcReference = 1.5f;
Sim/Abilities/GearSystem.Lines.cs,46,7f,vehicles.gearSystem.moduleScaleMaxDivisor,count,nguong,02,1,inline,,"divide: internal static float ModuleScale(Vehicle v) => Math.Clamp(MathF.Max(v.Def.CpCost, v.Def.ArmyCost) / 7f, 0.4f, 1.3f);"
Sim/Abilities/GearSystem.Lines.cs,46,0.4f,vehicles.gearSystem.moduleScaleMaxMin,count,nguong,02,1,inline,,"math_clamp: internal static float ModuleScale(Vehicle v) => Math.Clamp(MathF.Max(v.Def.CpCost, v.Def.ArmyCost) / 7f, 0.4f, 1.3f);"
Sim/Abilities/GearSystem.Lines.cs,46,1.3f,vehicles.gearSystem.moduleScaleMaxMax,count,nguong,02,1,inline,,"math_clamp: internal static float ModuleScale(Vehicle v) => Math.Clamp(MathF.Max(v.Def.CpCost, v.Def.ArmyCost) / 7f, 0.4f, 1.3f);"
Sim/Abilities/GearSystem.Lines.cs,55,0.35f,vehicles.gearSystem.hitIntervalCooldownMax,s,thoi_gian,02,1,inline,,compare: if (w.Clip <= 0 && w.Projectile == ProjectileKind.Bullet && w.Cooldown < 0.35f && w.Burst <= 1) interval *= 1.7f;
Sim/Abilities/GearSystem.Lines.cs,55,1.7f,vehicles.gearSystem.hitIntervalInterval,s,thoi_gian,02,1,inline,,compound_assign: if (w.Clip <= 0 && w.Projectile == ProjectileKind.Bullet && w.Cooldown < 0.35f && w.Burst <= 1) interval *= 1.7f;
Sim/Abilities/GearSystem.Lines.cs,56,0.02f,vehicles.gearSystem.hitIntervalIntervalFloor,s,thoi_gian,02,1,inline,,"math_max: return MathF.Max(0.02f, interval);"
Sim/Abilities/GearSystem.Lines.cs,64,0.15f,vehicles.gearSystem.procCoefficientHitIntervalMin,s,thoi_gian,02,1,inline,,"math_clamp: internal static float ProcCoefficient(WeaponDef w) => Math.Clamp(HitInterval(w) / ProcReference, 0.15f, 2.5f);"
Sim/Abilities/GearSystem.Lines.cs,64,2.5f,vehicles.gearSystem.procCoefficientHitIntervalMax,s,thoi_gian,02,1,inline,,"math_clamp: internal static float ProcCoefficient(WeaponDef w) => Math.Clamp(HitInterval(w) / ProcReference, 0.15f, 2.5f);"
Sim/Abilities/GearSystem.Lines.cs,67,1.6f,vehicles.gearSystem.twinSingleAScale,x,khac,02,1,inline,,multiply: private static float TwinSingle(GearTrait t) => t.B > 0f ? t.B : t.A * 1.6f;
Sim/Abilities/GearSystem.Lines.cs,73,0.6f,vehicles.gearSystem.suppressedShareValueMax,share,thoi_gian,02,1,inline,,"math_clamp: return s.Until > now ? Math.Clamp(s.Value, 0f, 0.6f) : 0f;"
Sim/Abilities/GearSystem.Lines.cs,113,8f,vehicles.gearSystem.stepLinesSeconds,s,thoi_gian,02,1,inline,,"arg:StrikeSystem.AddSmoke: _world.Strikes.AddSmoke(v.Team, v.Position, warn, 8f);"
Sim/Abilities/GearSystem.Lines.cs,115,1.5,vehicles.gearSystem.stepLinesNowAdd,s,thoi_gian,02,1,inline,,"add: jam.Until = Math.Max(jam.Until, now + 1.5);"
Sim/Abilities/GearSystem.Lines.cs,124,15f,vehicles.gearSystem.stepLinesBFalse,x,khac,02,1,inline,,"conditional: g.Pack = Pack(v, t.B > 0f ? t.B : 15f, t.C > 0f ? (int)t.C : 3);"
Sim/Abilities/GearSystem.Lines.cs,124,3,vehicles.gearSystem.stepLinesCFalse,x,khac,02,1,inline,,"conditional: g.Pack = Pack(v, t.B > 0f ? t.B : 15f, t.C > 0f ? (int)t.C : 3);"
Sim/Abilities/GearSystem.Lines.cs,129,3,vehicles.gearSystem.stepLinesFocusedByMin,x,nguong,02,1,inline,,compare: g.PackFocus = FocusedBy(v) >= 3;
Sim/Abilities/GearSystem.Lines.cs,143,0.5f,vehicles.gearSystem.movingAwayAbsMax,x,tan_suat,02,1,inline,,compare: if (MathF.Abs(v.Speed) < 0.5f) return false;
Sim/Abilities/GearSystem.Lines.cs,144,70f,vehicles.gearSystem.movingAwayRange,m,ban_kinh,02,1,inline,,"arg:SimWorld.FindNearestEnemy: var threat = _world.FindNearestEnemy(v, 70f, requireVisible: true);"
Sim/Abilities/GearSystem.Lines.cs,148,0.01f,vehicles.gearSystem.movingAwayLengthSquaredMax,m,ban_kinh,02,1,inline,,compare: if (to.LengthSquared() < 0.01f) return false;
Sim/Abilities/GearSystem.Lines.cs,149,0.3f,vehicles.gearSystem.movingAwayDotMax,x,nguong,02,1,inline,,"compare: return Vector2.Dot(travel, Vector2.Normalize(to)) < -0.3f;"
Sim/Abilities/GearSystem.Lines.cs,179,10f,vehicles.gearSystem.backOffRangeFloor,m,ban_kinh,02,1,inline,,"math_max: var reach = MathF.Max(10f, v.Arms[0].Range * 0.45f);"
Sim/Abilities/GearSystem.Lines.cs,179,0.45f,vehicles.gearSystem.backOffRangeScale,m,ban_kinh,02,1,inline,,"multiply: var reach = MathF.Max(10f, v.Arms[0].Range * 0.45f);"
Sim/Abilities/GearSystem.Lines.cs,182,8f,vehicles.gearSystem.backOffDistance,m,ban_kinh,02,1,inline,,"arg:MovementSystem.BackAway: if (_world.Movement.BackAway(v, threat.Position, 8f))"
Sim/Abilities/GearSystem.Lines.cs,184,4.0,vehicles.gearSystem.backOffNowAdd,s,thoi_gian,02,1,inline,,add: g.BackOffAt = now + 4.0;
Sim/Abilities/GearSystem.Lines.cs,222,0.5f,vehicles.gearSystem.shootDownStatScale,x,sat_thuong,02,1,inline,,multiply: var share = g.Stat(StatId.DamageVsDrone) * 0.5f;
Sim/Abilities/GearSystem.Lines.cs,226,0.01f,vehicles.gearSystem.shootDownLengthSquaredMin,m,ban_kinh,02,1,inline,,compare: var toward = from.LengthSquared() > 0.01f ? Vector2.Normalize(from) : SimMath.Forward(target.Heading);
Sim/Abilities/GearSystem.Lines.cs,227,3f,vehicles.gearSystem.shootDownHullBoundAdd,x,khac,02,1,inline,,"add: _world.Emit(SimEvent.Intercept(target, p.Weapon, target.Position + toward * (target.Def.HullBound + 3f), false));"
Sim/Abilities/GearSystem.Lines.cs,241,15f,vehicles.gearSystem.deathLinesBFalse,m,ban_kinh,02,1,inline,,conditional: var reach = t.B > 0f ? t.B : 15f;
Sim/Abilities/GearSystem.Lines.cs,245,5f,vehicles.gearSystem.deathLinesCFalse,s,thoi_gian,02,1,inline,,conditional: s.Until = now + (t.C > 0f ? t.C : 5f);
Sim/Abilities/GearSystem.Lines.cs,251,20f,vehicles.gearSystem.deathLinesAFalse,x,khac,02,1,inline,,"conditional: _posts.Add((victim.Position, victim.Team, g.Trait(TraitId.SetBulwarkPost).A > 0f ? g.Trait(TraitId.SetBulwarkPost).A : 20f));"
Sim/Abilities/GearSystem.Lines.cs,276,0.1f,vehicles.gearSystem.healAFalse,x,sat_thuong,02,1,inline,,conditional: var cap = v.MaxHp * (t.A > 0f ? t.A : 0.1f);
Sim/Abilities/GearSystem.Lines.cs,278,8f,vehicles.gearSystem.healBFalse,x,sat_thuong,02,1,inline,,conditional: s.Until = now + (t.B > 0f ? t.B : 8f);
Sim/Abilities/GearSystem.Lines.cs,295,0.01f,vehicles.gearSystem.absorbOverhealValueMax,x,sat_thuong,02,1,inline,,compare: if (s.Value <= 0.01f)
Sim/Abilities/GearSystem.cs,23,1f,vehicles.shotMods.plainScale,x,khac,02,1,inline,,object_init: public static ShotMods Plain => new() { Scale = 1f };
Sim/Abilities/GearSystem.cs,47,2f,vehicles.gearSystem.empBurstDuration,x,sat_thuong,02,1,manual:static initializer is an expression,,"ctor_arg:SkillDef: private static readonly SkillDef EmpBurst = new(""emp_payload"", SkillKind.Emp, SkillTrigger.Always, 0f, 0f, 2f, 0f, 10f, 0, null, true);"
Sim/Abilities/GearSystem.cs,47,10f,vehicles.gearSystem.empBurstRadius,x,sat_thuong,02,1,manual:static initializer is an expression,,"ctor_arg:SkillDef: private static readonly SkillDef EmpBurst = new(""emp_payload"", SkillKind.Emp, SkillTrigger.Always, 0f, 0f, 2f, 0f, 10f, 0, null, true);"
Sim/Abilities/GearSystem.cs,64,0.55f,vehicles.gearSystem.equipStatScale,x,sat_thuong,02,1,inline,,multiply: g.Stats[(int)StatId.DamageVsLight] += g.Stat(StatId.Splash) * 0.55f;
Sim/Abilities/GearSystem.cs,94,0.75f,vehicles.gearSystem.equipFlareRechargeScale,s,thoi_gian,02,1,inline,,assign: v.FlareRechargeScale = 0.75f;
Sim/Abilities/GearSystem.cs,97,20f,vehicles.gearSystem.equipSpecialPower2False,x,sat_thuong,02,1,inline,,"conditional: v.MineLayer = new MineLayerDef(b.SpecialPower2 > 0f ? b.SpecialPower2 : 20f, Math.Max(1, (int)MathF.Round(b.SpecialPower)), MineBlast(g, ModuleScale(v)), 2.2f);"
Sim/Abilities/GearSystem.cs,97,2.2f,vehicles.gearSystem.equipTrigger,x,sat_thuong,02,1,inline,,"ctor_arg:MineLayerDef: v.MineLayer = new MineLayerDef(b.SpecialPower2 > 0f ? b.SpecialPower2 : 20f, Math.Max(1, (int)MathF.Round(b.SpecialPower)), MineBlast(g, ModuleScale(v)), 2.2f);"
Sim/Abilities/GearSystem.cs,98,3.0,vehicles.gearSystem.equipNowAdd,s,thoi_gian,02,1,inline,,add: v.NextMineAt = now + 3.0;
Sim/Abilities/GearSystem.cs,103,4.0,vehicles.gearSystem.equipNowAdd2,s,thoi_gian,02,1,inline,,add: g.ModuleReady = now + 4.0;
Sim/Abilities/GearSystem.cs,106,6.0,vehicles.gearSystem.equipNowAdd3,s,thoi_gian,02,1,inline,,add: g.ModuleReady = now + 6.0;
Sim/Abilities/GearSystem.cs,152,0.1f,vehicles.gearSystem.tuneWeaponsStatFloor,x,nguong,02,1,inline,,"math_max: spread *= MathF.Max(0.1f, 1f - g.Stat(StatId.Spread));"
Sim/Abilities/GearSystem.cs,154,0.3f,vehicles.gearSystem.tuneWeaponsStatFloor2,s,thoi_gian,02,1,inline,,"math_max: if (w.Burst > 1) interval *= MathF.Max(0.3f, 1f - g.Stat(StatId.SalvoInterval));"
Sim/Abilities/GearSystem.cs,158,4f,vehicles.gearSystem.tuneWeaponsDamageFloor,x,sat_thuong,02,1,inline,,"math_max: var bomblet = cluster?.Bomblet ?? new ExplosionDef(MathF.Max(4f, w.Damage * 0.08f), 2.5f, 0f, ExplosionTier.Small);"
Sim/Abilities/GearSystem.cs,158,0.08f,vehicles.gearSystem.tuneWeaponsDamageScale,x,sat_thuong,02,1,inline,,"multiply: var bomblet = cluster?.Bomblet ?? new ExplosionDef(MathF.Max(4f, w.Damage * 0.08f), 2.5f, 0f, ExplosionTier.Small);"
Sim/Abilities/GearSystem.cs,158,2.5f,vehicles.gearSystem.tuneWeaponsRadius,x,sat_thuong,02,1,inline,,"ctor_arg:ExplosionDef: var bomblet = cluster?.Bomblet ?? new ExplosionDef(MathF.Max(4f, w.Damage * 0.08f), 2.5f, 0f, ExplosionTier.Small);"
Sim/Abilities/GearSystem.cs,159,6f,vehicles.gearSystem.tuneWeaponsRadiusFloor,m,ban_kinh,02,1,inline,,"math_max: cluster = new ClusterDef(Math.Max(1, count), MathF.Max(6f, cluster?.Radius ?? 0f), bomblet);"
Sim/Abilities/GearSystem.cs,170,0.08f,vehicles.gearSystem.tuneWeaponsMoreMin,x,nguong,02,1,inline,,"compare: if (more > 0f) ammo = Math.Max(ammo + (more >= 0.08f ? 1 : 0), (int)MathF.Round(ammo * (1f + more)));"
Sim/Abilities/GearSystem.cs,172,0.3f,vehicles.gearSystem.tuneWeaponsFasterFloor,s,thoi_gian,02,1,inline,,"math_max: if (faster > 0f) reload = w.MagazineReload * MathF.Max(0.3f, 1f - faster);"
Sim/Abilities/GearSystem.cs,190,0.6f,vehicles.gearSystem.mineBlastDamageScale,x,sat_thuong,02,1,inline,,multiply: var damage = (stock?.Damage * 0.6f ?? 260f) * (1f + g.Stat(StatId.SummonPower)) * scale;
Sim/Abilities/GearSystem.cs,190,260f,vehicles.gearSystem.mineBlastDamageDefault,x,sat_thuong,02,1,inline,,coalesce: var damage = (stock?.Damage * 0.6f ?? 260f) * (1f + g.Stat(StatId.SummonPower)) * scale;
Sim/Abilities/GearSystem.cs,191,4f,vehicles.gearSystem.mineBlastRadiusDefault,m,sat_thuong,02,1,inline,,"coalesce: return new ExplosionDef(damage, MathF.Min(stock?.Radius ?? 4f, 4f), 0f, stock?.Tier ?? ExplosionTier.Large);"
Sim/Abilities/GearSystem.cs,191,4f,vehicles.gearSystem.mineBlastRadiusCap,m,sat_thuong,02,2,inline,,"math_min: return new ExplosionDef(damage, MathF.Min(stock?.Radius ?? 4f, 4f), 0f, stock?.Tier ?? ExplosionTier.Large);"
Sim/Abilities/GearSystem.cs,197,40f,vehicles.gearSystem.droneForDamageFloor,x,sat_thuong,02,1,inline,,"math_max: var damage = MathF.Max(40f, v.Def.Weapon.Damage * 0.6f) * (1f + g.Stat(StatId.SummonPower)) * scale;"
Sim/Abilities/GearSystem.cs,197,0.6f,vehicles.gearSystem.droneForDamageScale,x,sat_thuong,02,1,inline,,"multiply: var damage = MathF.Max(40f, v.Def.Weapon.Damage * 0.6f) * (1f + g.Stat(StatId.SummonPower)) * scale;"
Sim/Abilities/GearSystem.cs,208,80f,vehicles.gearSystem.droneForRange,x,sat_thuong,02,1,inline,,"ctor_arg:WeaponDef: return new WeaponDef(""gear_drone"", DamageType.ShapedCharge, damage, 1f, 80f, 0f, 26f, 2f, 0f, ExplosionTier.Medium, ProjectileKind.Drone)"
Sim/Abilities/GearSystem.cs,208,0f,vehicles.gearSystem.droneForMinRange,m,sat_thuong,02,1,inline,,"ctor_arg:WeaponDef: return new WeaponDef(""gear_drone"", DamageType.ShapedCharge, damage, 1f, 80f, 0f, 26f, 2f, 0f, ExplosionTier.Medium, ProjectileKind.Drone)"
Sim/Abilities/GearSystem.cs,208,26f,vehicles.gearSystem.droneForProjectileSpeed,m/s,sat_thuong,02,1,inline,,"ctor_arg:WeaponDef: return new WeaponDef(""gear_drone"", DamageType.ShapedCharge, damage, 1f, 80f, 0f, 26f, 2f, 0f, ExplosionTier.Medium, ProjectileKind.Drone)"
Sim/Abilities/GearSystem.cs,208,2f,vehicles.gearSystem.droneForSplashRadius,m,sat_thuong,02,1,inline,,"ctor_arg:WeaponDef: return new WeaponDef(""gear_drone"", DamageType.ShapedCharge, damage, 1f, 80f, 0f, 26f, 2f, 0f, ExplosionTier.Medium, ProjectileKind.Drone)"
Sim/Abilities/GearSystem.cs,209,3,vehicles.gearSystem.droneForPenetration,x,sat_thuong,02,1,inline,,"object_init: { Penetration = 3, TopAttack = true, Family = ""drone"", Size = 1.5f };"
Sim/Abilities/GearSystem.cs,209,1.5f,vehicles.gearSystem.droneForSize,x,sat_thuong,02,1,inline,,"object_init: { Penetration = 3, TopAttack = true, Family = ""drone"", Size = 1.5f };"
Sim/Abilities/GearSystem.cs,210,80f,vehicles.gearSystem.droneForRange,x,sat_thuong,02,1,inline,,"arg:WeaponDef.Tuned: return template.Tuned(80f, 1f, template.ProjectileSpeed, MathF.Min(template.SplashRadius, 2.5f), 0f, template.BurstInterval, TargetLayers.Ground,"
Sim/Abilities/GearSystem.cs,210,2.5f,vehicles.gearSystem.droneForSplashRadiusCap,m,sat_thuong,02,1,inline,,"math_min: return template.Tuned(80f, 1f, template.ProjectileSpeed, MathF.Min(template.SplashRadius, 2.5f), 0f, template.BurstInterval, TargetLayers.Ground,"
Sim/Abilities/GearSystem.cs,217,0.5f,vehicles.gearSystem.cooldownFactorStatFloor,s,thoi_gian,02,1,inline,,"math_max: private static float CooldownFactor(GearState g) => MathF.Max(0.5f, 1f - g.Stat(StatId.Cooldowns));"
Sim/Abilities/GearSystem.cs,295,2.0,vehicles.gearSystem.stepGearStillForMin,x,nguong,02,1,inline,,compare: if (g.Has(TraitId.HullDownCrew) && stillFor >= 2.0) fire *= 1f + g.Trait(TraitId.HullDownCrew).A;
Sim/Abilities/GearSystem.cs,302,1.4f,vehicles.gearSystem.stepGearSpeed,s,thoi_gian,02,1,inline,,compound_assign: if (g.Has(TraitId.RapidDeployment) && now - g.SpawnedAt < g.Trait(TraitId.RapidDeployment).A) speed *= 1.4f;
Sim/Abilities/GearSystem.cs,312,3.0,vehicles.gearSystem.stepGearStillForMin2,s,thoi_gian,02,1,inline,,compare: else if (!g.Anchored && !v.HasPath && stillFor >= 3.0 && g.UnanchorUntil <= now)
Sim/Abilities/GearSystem.cs,335,0.5,vehicles.gearSystem.stepGearNowMin,s,thoi_gian,02,1,inline,,"compare: if (broken && now - g.SpawnedAt > 0.5) Proc(v, TraitId.AegisBarrier);"
Sim/Abilities/GearSystem.cs,350,4.0,vehicles.gearSystem.stepGearNowAdd,s,thoi_gian,02,1,inline,,add: v.BarrageUntil = now + 4.0;
Sim/Abilities/GearSystem.cs,358,3.0,vehicles.gearSystem.stepGearNowAdd2,s,thoi_gian,02,1,inline,,add: v.OverdriveUntil = now + 3.0;
Sim/Abilities/GearSystem.cs,364,0.4f,vehicles.gearSystem.stepGearMaxHpScale,count,sat_thuong,02,1,inline,,multiply: if (g.Has(TraitId.AfterburnerReserve) && !g.AfterburnerUsed && v.Flying && v.Hp < v.MaxHp * 0.4f)
Sim/Abilities/GearSystem.cs,367,4.0,vehicles.gearSystem.stepGearNowAdd,s,thoi_gian,02,1,inline,,add: v.OverdriveUntil = now + 4.0;
Sim/Abilities/GearSystem.cs,369,2.0,vehicles.gearSystem.stepGearNowAdd3,s,thoi_gian,02,1,inline,,"add: v.FlaresUntil = Math.Max(v.FlaresUntil, now + 2.0);"
Sim/Abilities/GearSystem.cs,373,0.4f,vehicles.gearSystem.stepGearMaxHpScale,count,sat_thuong,02,1,inline,,multiply: if (g.Has(TraitId.EmergencyRepairKit) && v.Hp < v.MaxHp * 0.4f && now >= g.Ready[(int)TraitId.EmergencyRepairKit])
Sim/Abilities/GearSystem.cs,375,5f,vehicles.gearSystem.stepGearMaxHpDivisor,count,sat_thuong,02,1,inline,,divide: v.Healing = v.MaxHp * g.Trait(TraitId.EmergencyRepairKit).A / 5f;
Sim/Abilities/GearSystem.cs,376,5.0,vehicles.gearSystem.stepGearNowAdd4,x,sat_thuong,02,1,inline,,add: v.HealUntil = now + 5.0;
Sim/Abilities/GearSystem.cs,377,30.0,vehicles.gearSystem.stepGearCdScale,s,thoi_gian,02,1,inline,,multiply: g.Ready[(int)TraitId.EmergencyRepairKit] = now + 30.0 * cd;
Sim/Abilities/GearSystem.cs,382,2f,vehicles.gearSystem.stepGearImmune,x,khac,02,1,inline,,"arg:StatusSystem.Cleanse: _world.Status.Cleanse(v, 2f);"
Sim/Abilities/GearSystem.cs,390,2.0,vehicles.gearSystem.stepGearNowAdd3,s,thoi_gian,02,1,inline,,"add: v.FlaresUntil = Math.Max(v.FlaresUntil, now + 2.0);"
Sim/Abilities/GearSystem.cs,395,0.5f,vehicles.gearSystem.stepGearMaxHpScale2,count,sat_thuong,02,1,inline,,multiply: if (g.Has(TraitId.TowerSmokeLaunchers) && !g.TowerSmokeUsed && v.Hp < v.MaxHp * 0.5f)
Sim/Abilities/GearSystem.cs,399,10f,vehicles.gearSystem.stepGearAFalse,x,khac,02,1,inline,,"conditional: _world.Strikes.AddSmoke(v.Team, v.Position, t.A > 0f ? t.A : 10f, t.B > 0f ? t.B : 12f);"
Sim/Abilities/GearSystem.cs,399,12f,vehicles.gearSystem.stepGearBFalse,x,khac,02,1,inline,,"conditional: _world.Strikes.AddSmoke(v.Team, v.Position, t.A > 0f ? t.A : 10f, t.B > 0f ? t.B : 12f);"
Sim/Abilities/GearSystem.cs,408,12f,vehicles.gearSystem.stepGearSpecialPower2False,s,thoi_gian,02,1,inline,,"conditional: if (v.Special == SpecialModule.RallyHorn) Buff(v, StatusKind.Rally, v.SpecialPower, v.SpecialPower2 > 0f ? v.SpecialPower2 : 12f, now);"
Sim/Abilities/GearSystem.cs,414,0.25f,vehicles.gearSystem.stepGearMaxHpScale3,count,sat_thuong,02,1,inline,,multiply: case SpecialModule.SmokeDischarger when v.SpecialPower2 > 0f && v.SmokeUsed && !g.SecondSmokeUsed && v.Hp < v.MaxHp * 0.25f:
Sim/Abilities/GearSystem.cs,416,14f,vehicles.gearSystem.stepGearSeconds,s,thoi_gian,02,1,inline,,"arg:StrikeSystem.AddSmoke: _world.Strikes.AddSmoke(v.Team, v.Position, v.SpecialPower, 14f);"
Sim/Abilities/GearSystem.cs,425,25f,vehicles.gearSystem.stepGearSpecialPower2False2,s,thoi_gian,02,1,inline,,conditional: ? now + (v.SpecialPower2 > 0f ? v.SpecialPower2 : 25f) * cd
Sim/Abilities/GearSystem.cs,433,6f,vehicles.gearSystem.stepGearHullBoundAdd,x,khac,02,1,inline,,add: g.DecoyAt = _world.ClampToMap(v.Position - SimMath.Forward(v.Heading) * (v.Def.HullBound + 6f));
Sim/Abilities/GearSystem.cs,434,35f,vehicles.gearSystem.stepGearSpecialPower2False3,s,thoi_gian,02,1,inline,,conditional: g.ModuleReady = now + (v.SpecialPower2 > 0f ? v.SpecialPower2 : 35f) * cd;
Sim/Abilities/GearSystem.cs,439,45f,vehicles.gearSystem.stepGearSpecialPower2False4,s,thoi_gian,02,1,inline,,conditional: ? now + (v.SpecialPower2 > 0f ? v.SpecialPower2 : 45f) * cd
Sim/Abilities/GearSystem.cs,449,12f,vehicles.gearSystem.jamCFalse,m,ban_kinh,02,1,inline,,conditional: var radius = t.C > 0f ? t.C : 12f;
Sim/Abilities/GearSystem.cs,472,12f,vehicles.gearSystem.shareShieldCFalse,share,ban_kinh,02,1,inline,,conditional: var radius = t.C > 0f ? t.C : 12f;
Sim/Abilities/GearSystem.cs,487,0.5,vehicles.gearSystem.shareShieldNowMin,share,thoi_gian,02,1,inline,,"compare: if (now - g.SpawnedAt > 0.5) Proc(v, TraitId.SetSharedShield);"
Sim/Abilities/GearSystem.cs,493,12f,vehicles.gearSystem.fieldRepairBFalse,m,ban_kinh,02,1,inline,,conditional: var radius = t.B > 0f ? t.B : 12f;
Sim/Abilities/GearSystem.cs,497,4.0,vehicles.gearSystem.fieldRepairNowMax,s,thoi_gian,02,1,inline,,"compare: if (now - ally.LastHitTime <= 4.0 || Vector2.DistanceSquared(ally.Position, v.Position) > radius * radius) continue;"
Sim/Abilities/GearSystem.cs,512,0.15,vehicles.gearSystem.buffNowAdd,s,thoi_gian,02,1,inline,,add: s.Until = now + AuraInterval + 0.15;
Sim/Abilities/GearSystem.cs,518,0.5f,vehicles.gearSystem.repairFactorHasTrue,s,thoi_gian,02,1,inline,,"conditional: v.RepairReceived * (StatusSystem.Has(v, StatusKind.Burn, now) ? 0.5f : 1f);"
Sim/Abilities/GearSystem.cs,528,3,vehicles.gearSystem.domePressedMax,x,nguong,02,1,inline,,compare: if (pressed < 3) return;
Sim/Abilities/GearSystem.cs,550,0.5f,vehicles.gearSystem.launchDronesCountScale,m,ban_kinh,02,1,inline,,multiply: var origin = v.Position + SimMath.Forward(v.Heading + (k - (count - 1) * 0.5f) * 0.6f) * v.Radius;
Sim/Abilities/GearSystem.cs,550,0.6f,vehicles.gearSystem.launchDronesKScale,m,ban_kinh,02,1,inline,,multiply: var origin = v.Position + SimMath.Forward(v.Heading + (k - (count - 1) * 0.5f) * 0.6f) * v.Radius;
Sim/Abilities/GearSystem.cs,551,0.3f,vehicles.gearSystem.launchDronesDistanceFloor,m,ban_kinh,02,1,inline,,"math_max: var travel = MathF.Max(0.3f, Vector2.Distance(origin, target.Position) / drone.ProjectileSpeed) + 0.15f * k;"
Sim/Abilities/GearSystem.cs,551,0.15f,vehicles.gearSystem.launchDronesKScale2,m,ban_kinh,02,1,inline,,"multiply: var travel = MathF.Max(0.3f, Vector2.Distance(origin, target.Position) / drone.ProjectileSpeed) + 0.15f * k;"
Sim/Abilities/GearSystem.cs,564,60f,vehicles.gearSystem.barrageStatScale,x,sat_thuong,02,1,inline,,"multiply: var blast = new ExplosionDef(60f * (1f + (v.Gear?.Stat(StatId.SummonPower) ?? 0f)) * ModuleScale(v), 4f, 0f, ExplosionTier.Medium);"
Sim/Abilities/GearSystem.cs,564,4f,vehicles.gearSystem.barrageRadius,x,sat_thuong,02,1,inline,,"ctor_arg:ExplosionDef: var blast = new ExplosionDef(60f * (1f + (v.Gear?.Stat(StatId.SummonPower) ?? 0f)) * ModuleScale(v), 4f, 0f, ExplosionTier.Medium);"
Sim/Abilities/GearSystem.cs,568,3f,vehicles.gearSystem.barrageSqrtScale,m,ban_kinh,02,1,inline,,multiply: var reach = 3f * MathF.Sqrt((float)_world.Random.NextDouble());
Sim/Abilities/GearSystem.cs,570,1.2,vehicles.gearSystem.barrageKAdd,x,sat_thuong,02,1,inline,,"add: _world.Damage.Queue(at, blast, 1.2 + 0.35 * k, v.Team, v, HitKind.Strike, v.Id);"
Sim/Abilities/GearSystem.cs,570,0.35,vehicles.gearSystem.barrageKScale,x,sat_thuong,02,1,inline,,"multiply: _world.Damage.Queue(at, blast, 1.2 + 0.35 * k, v.Team, v, HitKind.Strike, v.Id);"
Sim/Abilities/GearSystem.cs,599,2.0,vehicles.gearSystem.shotNowAdd,s,thoi_gian,02,1,inline,,add: if (g.Has(TraitId.SetHitAndRun)) g.HitRunUntil = now + 2.0;
Sim/Abilities/GearSystem.cs,600,0.7f,vehicles.gearSystem.shotRangeScale,m,ban_kinh,02,1,inline,,"multiply: if (g.Has(TraitId.SetDeepStrike) && Vector2.Distance(v.Position, aimAt) > weapon.Range * 0.7f) mods.Scale *= 1f + g.Trait(TraitId.SetDeepStrike).A;"
Sim/Abilities/GearSystem.cs,603,5f,vehicles.gearSystem.shotStreakCarryCap,count,tran,02,1,inline,,"math_min: mods.Scale *= 1f + g.Trait(TraitId.MomentumGun).A * MathF.Min(5f, g.StreakCarry);"
Sim/Abilities/GearSystem.cs,606,2,vehicles.gearSystem.shotBurstMax,x,nguong,02,1,inline,,compare: if (g.Has(TraitId.TwinFeed) && weapon.Burst <= 2) mods.Scale *= 1f + TwinSingle(g.Trait(TraitId.TwinFeed));
Sim/Abilities/GearSystem.cs,615,4f,vehicles.gearSystem.shotExtraSplash,x,sat_thuong,02,1,inline,,assign: mods.ExtraSplash = 4f;
Sim/Abilities/GearSystem.cs,644,1.5,vehicles.gearSystem.shotNowMax,s,thoi_gian,02,1,inline,,compare: if (!v.IsMoving && now - v.StillSince <= 1.5 && g.ScootShotAt < v.StillSince)
Sim/Abilities/GearSystem.cs,650,2.0,vehicles.gearSystem.shotNowAdd,s,thoi_gian,02,1,inline,,add: g.ScootUntil = now + 2.0;
Sim/Abilities/GearSystem.cs,659,2,vehicles.gearSystem.shotAFloor,x,tan_suat,02,1,inline,,"math_max: every = Math.Max(2, (int)g.Trait(TraitId.OverpressureChamber).A);"
Sim/Abilities/GearSystem.cs,660,0.5f,vehicles.gearSystem.shotBonus,x,khac,02,1,inline,,assign: bonus = 0.5f;
Sim/Abilities/GearSystem.cs,666,3,vehicles.gearSystem.shotEveryTrue,x,tan_suat,02,1,inline,,"conditional: every = every > 0 ? 3 : Math.Max(2, (int)t.A);"
Sim/Abilities/GearSystem.cs,666,2,vehicles.gearSystem.shotAFloor,x,tan_suat,02,1,inline,,"math_max: every = every > 0 ? 3 : Math.Max(2, (int)t.A);"
Sim/Abilities/GearSystem.cs,673,4f,vehicles.gearSystem.shotExtraSplash,x,sat_thuong,02,1,inline,,assign: mods.ExtraSplash = 4f;
Sim/Abilities/GearSystem.cs,693,3,vehicles.gearSystem.extraRoundsRoundsMin,x,nguong,02,1,inline,,compare: if (g.Has(TraitId.TwinFeed) && rounds >= 3)
Sim/Abilities/GearSystem.cs,699,2,vehicles.gearSystem.extraRoundsAFloor,x,nguong,02,1,inline,,"math_max: if (g.Has(TraitId.SetStrafingRun) && ++g.Salvos % Math.Max(2, (int)g.Trait(TraitId.SetStrafingRun).A) == 0)"
Sim/Abilities/GearSystem.cs,715,2,vehicles.gearSystem.machineGunRoundAFloor,x,nguong,02,1,inline,,"math_max: return ++g.Salvos % Math.Max(2, (int)g.Trait(TraitId.SetStrafingRun).A) == 0 ? 2f : 1f;"
Sim/Abilities/GearSystem.cs,715,2f,vehicles.gearSystem.machineGunRoundSalvosTrue,x,nguong,02,1,inline,,"conditional: return ++g.Salvos % Math.Max(2, (int)g.Trait(TraitId.SetStrafingRun).A) == 0 ? 2f : 1f;"
Sim/Abilities/GearSystem.cs,725,30,vehicles.gearSystem.firedTeamMin,x,nguong,02,1,inline,,compare: if (!radar.IsAlive || radar.Team == shooter.Team || radar.Team < 0 || radar.Team > 30 || radar.Stunned) continue;
Sim/Abilities/GearSystem.cs,769,0.1f,vehicles.gearSystem.spreadFactorCutFloor,x,nguong,02,1,inline,,"math_max: if (cut > 0f) f *= MathF.Max(0.1f, 1f - cut);"
Sim/Abilities/GearSystem.cs,798,2.0,vehicles.gearSystem.tauntsTimeMin,s,thoi_gian,02,1,inline,,compare: target.Gear != null && target.Gear.Has(TraitId.SetBulwark) && !target.IsMoving && _world.Time - target.StillSince >= 2.0 &&
Sim/Abilities/GearSystem.cs,799,25f,vehicles.gearSystem.tauntsScale,m,ban_kinh,02,1,inline,,"multiply: Vector2.DistanceSquared(target.Position, shooter.Position) <= 25f * 25f;"
Sim/Abilities/GearSystem.cs,799,25f,vehicles.gearSystem.tauntsScale,m,ban_kinh,02,2,inline,,"multiply: Vector2.DistanceSquared(target.Position, shooter.Position) <= 25f * 25f;"
Sim/Abilities/GearSystem.cs,832,5f,vehicles.gearSystem.onDirectHitStreakCarryCap,count,tran,02,1,inline,,"math_min: if (g.StreakTarget == tv.Id) g.StreakCarry = MathF.Min(5f, g.StreakCarry + c);"
Sim/Abilities/GearSystem.cs,836,5f,vehicles.gearSystem.onDirectHitCCap,count,tran,02,1,inline,,"math_min: g.StreakCarry = MathF.Min(5f, c);"
Sim/Abilities/GearSystem.cs,839,5f,vehicles.gearSystem.onDirectHitStreakCarryMin,x,nguong,02,1,inline,,"compare: if (g.StreakCarry >= 5f) Proc(v, TraitId.MomentumGun);"
Sim/Abilities/GearSystem.cs,846,6f,vehicles.gearSystem.onDirectHitProjectileTrue,s,thoi_gian,02,1,inline,,conditional: var seconds = weapon.Projectile == ProjectileKind.Flame ? 6f : 4f;
Sim/Abilities/GearSystem.cs,846,4f,vehicles.gearSystem.onDirectHitProjectileFalse,s,thoi_gian,02,1,inline,,conditional: var seconds = weapon.Projectile == ProjectileKind.Flame ? 6f : 4f;
Sim/Abilities/GearSystem.cs,847,0.1f,vehicles.gearSystem.onDirectHitHasFalse,x,nguong,02,1,inline,,conditional: var share = g.Has(TraitId.IncendiaryRounds) ? g.Trait(TraitId.IncendiaryRounds).A : 0.1f;
Sim/Abilities/GearSystem.cs,855,5f,vehicles.gearSystem.onDirectHitGapFloor,m,ban_kinh,02,1,inline,,"math_max: _world.Status.Shred(tv, g.Trait(TraitId.ShredderRounds).A, MathF.Max(5f, gap * 2f), 5, c);"
Sim/Abilities/GearSystem.cs,855,2f,vehicles.gearSystem.onDirectHitGapScale,m,ban_kinh,02,1,inline,,"multiply: _world.Status.Shred(tv, g.Trait(TraitId.ShredderRounds).A, MathF.Max(5f, gap * 2f), 5, c);"
Sim/Abilities/GearSystem.cs,855,5,vehicles.gearSystem.onDirectHitMaxStacks,m,ban_kinh,02,1,inline,,"arg:StatusSystem.Shred: _world.Status.Shred(tv, g.Trait(TraitId.ShredderRounds).A, MathF.Max(5f, gap * 2f), 5, c);"
Sim/Abilities/GearSystem.cs,856,5,vehicles.gearSystem.onDirectHitStacksMin,x,nguong,02,1,inline,,"compare: if (tv.Statuses[(int)StatusKind.Shred].Stacks >= 5) Proc(v, TraitId.ShredderRounds);"
Sim/Abilities/GearSystem.cs,860,2f,vehicles.gearSystem.onDirectHitGapFloor2,m,ban_kinh,02,1,inline,,"math_max: _world.Status.Slow(tv, g.Trait(TraitId.SuppressionRounds).A, MathF.Max(2f, gap * 1.25f));"
Sim/Abilities/GearSystem.cs,860,1.25f,vehicles.gearSystem.onDirectHitGapScale2,m,ban_kinh,02,1,inline,,"multiply: _world.Status.Slow(tv, g.Trait(TraitId.SuppressionRounds).A, MathF.Max(2f, gap * 1.25f));"
Sim/Abilities/GearSystem.cs,865,3f,vehicles.gearSystem.onDirectHitGapFloor3,m,ban_kinh,02,1,inline,,"math_max: _world.Status.Suppress(tv, g.Trait(TraitId.SuppressiveFire).A, MathF.Max(3f, gap * 1.25f));"
Sim/Abilities/GearSystem.cs,865,1.25f,vehicles.gearSystem.onDirectHitGapScale2,m,ban_kinh,02,1,inline,,"multiply: _world.Status.Suppress(tv, g.Trait(TraitId.SuppressiveFire).A, MathF.Max(3f, gap * 1.25f));"
Sim/Abilities/GearSystem.cs,871,1.5f,vehicles.gearSystem.onDirectHitGapScale3,m,ban_kinh,02,1,inline,,"multiply: _world.Status.Mark(tv, t.A, MathF.Max(t.B, gap * 1.5f), v.Team, 0.1f);"
Sim/Abilities/GearSystem.cs,871,0.1f,vehicles.gearSystem.onDirectHitReach,m,ban_kinh,02,1,inline,,"arg:StatusSystem.Mark: _world.Status.Mark(tv, t.A, MathF.Max(t.B, gap * 1.5f), v.Team, 0.1f);"
Sim/Abilities/GearSystem.cs,886,0.05f,vehicles.gearSystem.onDirectHitEarnedFloor,x,nguong,02,1,inline,,"math_max: Ricochet(p, v, g, struck, 1f / MathF.Max(0.05f, earned));"
Sim/Abilities/GearSystem.cs,906,0.05f,vehicles.gearSystem.ricochetSqrtFloor,x,tan_suat,02,1,inline,,"math_max: var travel = MathF.Max(0.05f, MathF.Sqrt(best) / MathF.Max(1f, p.Weapon.ProjectileSpeed));"
Sim/Abilities/GearSystem.cs,959,0.3f,vehicles.gearSystem.outgoingMaxHpScale,count,sat_thuong,02,1,inline,,multiply: if (g.Has(TraitId.Executioner) && target is Vehicle && target.Hp < target.MaxHp * 0.3f)
Sim/Abilities/GearSystem.cs,980,31,vehicles.gearSystem.outgoingTeamMax,s,thoi_gian,02,1,inline,,compare: if (reveal.Until > now && hit.Team >= 0 && hit.Team < 31 && (reveal.Stacks & (1 << hit.Team)) != 0 && (hit.Weapon?.MinRange ?? 0f) > 0f &&
Sim/Abilities/GearSystem.cs,1005,3f,vehicles.gearSystem.fireLinkBFalse,s,thoi_gian,02,1,inline,,"conditional: if (mark.ByOther(tower.Id, now - (t.B > 0f ? t.B : 3f)))"
Sim/Abilities/GearSystem.cs,1033,30,vehicles.gearSystem.counterBatteryTeamMin,count,gioi_han_thuc_the,02,1,inline,,compare: if (hit.Attacker is not { } shooter || !shooter.IsAlive || shooter.Team == v.Team || v.Team < 0 || v.Team > 30) return;
Sim/Abilities/GearSystem.cs,1050,3f,vehicles.gearSystem.heavyFaceMin,x,sat_thuong,02,1,inline,,"compare: (target is Vehicle v ? v.ArmourOn(DamageSystem.FaceOf(v, hit)) : target.Armour.Front) >= 3f;"
Sim/Abilities/GearSystem.cs,1062,1.1f,vehicles.gearSystem.incomingM,s,thoi_gian,02,1,inline,,compound_assign: if (burn.Flag && burn.Until > now) m *= 1.1f;
Sim/Abilities/GearSystem.cs,1071,0.6f,vehicles.gearSystem.incomingCutMax,x,nguong,02,1,inline,,"math_clamp: if (hit.Kind == HitKind.Burn) return m * (1f - Math.Clamp(cut, 0f, 0.6f));"
Sim/Abilities/GearSystem.cs,1081,30.0,vehicles.gearSystem.incomingNowAdd,s,thoi_gian,02,1,inline,,add: g.Ready[(int)TraitId.MineSweep] = now + 30.0;
Sim/Abilities/GearSystem.cs,1089,2.0,vehicles.gearSystem.incomingNowMin,s,thoi_gian,02,1,inline,,compare: if (g.Has(TraitId.SetBulwark) && !v.IsMoving && now - v.StillSince >= 2.0) cut += g.Trait(TraitId.SetBulwark).A;
Sim/Abilities/GearSystem.cs,1090,0.2f,vehicles.gearSystem.incomingCut,s,thoi_gian,02,1,inline,,compound_assign: if (g.Has(TraitId.RapidDeployment) && now - g.SpawnedAt < g.Trait(TraitId.RapidDeployment).A) cut += 0.2f;
Sim/Abilities/GearSystem.cs,1092,0.7f,vehicles.gearSystem.incomingCutMax2,x,nguong,02,1,inline,,"math_clamp: m *= 1f - Math.Clamp(cut, 0f, 0.7f);"
Sim/Abilities/GearSystem.cs,1100,0.5f,vehicles.gearSystem.incomingM2,x,khac,02,1,inline,,compound_assign: m *= 0.5f;
Sim/Abilities/GearSystem.cs,1104,2,vehicles.gearSystem.incomingAFloor,x,nguong,02,1,inline,,"math_max: ++g.GlacisHits % Math.Max(2, (int)g.Trait(TraitId.AngledGlacis).A) == 0)"
Sim/Abilities/GearSystem.cs,1122,0.01f,vehicles.gearSystem.frontalLengthSquaredMax,m,ban_kinh,02,1,inline,,compare: if (to.LengthSquared() < 0.01f) return false;
Sim/Abilities/GearSystem.cs,1123,6f,vehicles.gearSystem.frontalPIDivisor,x,khac,02,1,inline,,divide: return MathF.Abs(SimMath.WrapAngle(SimMath.HeadingOf(to) - v.Heading)) <= MathF.PI / 6f;
Sim/Abilities/GearSystem.cs,1136,0.5f,vehicles.gearSystem.soakWithinScale,x,sat_thuong,02,1,inline,,multiply: return damage - within * 0.5f;
Sim/Abilities/GearSystem.cs,1146,100f,vehicles.gearSystem.redirectDistanceSquaredMin,m,ban_kinh,02,1,inline,,"compare: if (Vector2.DistanceSquared(guardian.Position, v.Position) > 100f) continue;"
Sim/Abilities/GearSystem.cs,1178,4,vehicles.gearSystem.afterDamagedAdaptCap,count,sat_thuong,02,1,inline,,"math_min: g.Adapt[i] = g.AdaptUntil[i] > now ? Math.Min(4, g.Adapt[i] + 1) : 1;"
Sim/Abilities/GearSystem.cs,1179,6.0,vehicles.gearSystem.afterDamagedNowAdd,x,sat_thuong,02,1,inline,,add: g.AdaptUntil[i] = now + 6.0;
Sim/Abilities/GearSystem.cs,1180,4,vehicles.gearSystem.afterDamagedAdaptIs,x,sat_thuong,02,1,inline,,"equals: if (g.Adapt[i] == 4) Proc(v, TraitId.AdaptivePlating);"
Sim/Abilities/GearSystem.cs,1202,4f,vehicles.gearSystem.onDeathHitIntervalFloor,s,sat_thuong,02,1,inline,,"math_max: kg.KillFireUntil = now + MathF.Max(4f, HitInterval(killer.Arms[0]) * 1.5f);"
Sim/Abilities/GearSystem.cs,1202,1.5f,vehicles.gearSystem.onDeathHitIntervalScale,s,sat_thuong,02,1,inline,,"multiply: kg.KillFireUntil = now + MathF.Max(4f, HitInterval(killer.Arms[0]) * 1.5f);"
Sim/Abilities/GearSystem.cs,1212,100f,vehicles.gearSystem.onDeathDistanceSquaredMin,m,sat_thuong,02,1,inline,,"compare: if (!self && Vector2.DistanceSquared(ally.Position, killer.Position) > 100f) continue;"
Sim/Abilities/GearSystem.cs,1213,0.5f,vehicles.gearSystem.onDeathSelfFalse,x,sat_thuong,02,1,inline,,"conditional: var amount = Heal(ally, ally.MaxHp * share * (self ? 1f : 0.5f) * RepairFactor(ally, now));"
Sim/Abilities/GearSystem.cs,1231,8f,vehicles.gearSystem.onDeathBFalse,x,sat_thuong,02,1,inline,,"conditional: _world.Damage.Queue(victim.Position, new ExplosionDef(blast, t.B > 0f ? t.B : 8f, 0f, ExplosionTier.Large), 0.15, victim.Team,"
Sim/Abilities/GearSystem.cs,1231,0.15,vehicles.gearSystem.onDeathDelay,x,sat_thuong,02,1,inline,,"arg:DamageSystem.Queue: _world.Damage.Queue(victim.Position, new ExplosionDef(blast, t.B > 0f ? t.B : 8f, 0f, ExplosionTier.Large), 0.15, victim.Team,"
Sim/Abilities/GearSystem.cs,1244,25f,vehicles.gearSystem.onDeathScale,m,ban_kinh,02,1,inline,,"multiply: if (Vector2.DistanceSquared(v.Position, victim.Position) > 25f * 25f) continue;"
Sim/Abilities/GearSystem.cs,1244,25f,vehicles.gearSystem.onDeathScale,m,ban_kinh,02,2,inline,,"multiply: if (Vector2.DistanceSquared(v.Position, victim.Position) > 25f * 25f) continue;"
Sim/Abilities/GearSystem.cs,1246,5,vehicles.gearSystem.onDeathCrownStacksCap,count,tran,02,1,inline,,"math_min: v.Gear.CrownStacks = Math.Min(5, v.Gear.CrownStacks + 1);"
Sim/Abilities/GearSystem.cs,1256,36f,vehicles.gearSystem.onDeathBest,x,khac,02,1,inline,,local_init: var best = 36f;
Sim/Abilities/GearSystem.cs,1265,4f,vehicles.gearSystem.onDeathSeconds,s,thoi_gian,02,1,inline,,"arg:StatusSystem.Burn: if (next != null) _world.Status.Burn(next, burn.Value, 4f, burn.Team, burn.Source, true);"
Sim/Abilities/GearSystem.cs,1272,10f,vehicles.gearSystem.empPayloadSpecialPower2False,m,ban_kinh,02,1,inline,,conditional: var radius = victim.SpecialPower2 > 0f ? victim.SpecialPower2 : 10f;
Sim/Abilities/SupplySystem.cs,75,6f,vehicles.supplySystem.margin,x,khac,02,1,const_to_property,,const_field: internal const float Margin = 6f;
Sim/Abilities/SupplySystem.cs,78,2.6f,vehicles.supplySystem.holdFlight,x,khac,02,1,const_to_property,,const_field: internal const float HoldFlight = 2.6f;
Sim/Abilities/SupplySystem.cs,92,5,vehicles.supplySystem.stepValueMod,s,thoi_gian,02,1,inline,,modulo: if (((v.Id.Value + tick) % 5) == 0)
Sim/Abilities/SupplySystem.cs,120,20,vehicles.supplySystem.decideValueMod,s,thoi_gian,02,1,inline,,modulo: if (v.RearmAt == RearmSite.Holding && ((v.Id.Value + _world.Tick) % 20) == 0) v.HoldPoint = HoldingPoint(v);
Sim/Abilities/SupplySystem.cs,134,20,vehicles.supplySystem.decideValueMod,s,thoi_gian,02,1,inline,,modulo: if (v.RearmAt == RearmSite.Holding && ((v.Id.Value + _world.Tick) % 20) == 0) v.HoldPoint = HoldingPoint(v);
Sim/Abilities/SupplySystem.cs,163,1.4f,vehicles.supplySystem.canBreakOffRangeScale,m,ban_kinh,02,1,inline,,multiply: return !(ahead > 0f && to.Length() < v.Arms[0].Range * 1.4f);
Sim/Abilities/SupplySystem.cs,175,0.999f,vehicles.supplySystem.readyToFightShareMin,x,nguong,02,1,inline,,compare: return share >= 0.999f && v.Order.Kind is OrderKind.Idle or OrderKind.Move or OrderKind.Retreat;
Sim/Abilities/SupplySystem.cs,184,50f,vehicles.supplySystem.hasWorkVisionRangeFloor,m,ban_kinh,02,1,inline,,"math_max: var reach = MathF.Max(v.Def.VisionRange, 50f) + (v.Def.Interceptor ? v.Def.Weapon.Range * 1.4f : 20f);"
Sim/Abilities/SupplySystem.cs,184,1.4f,vehicles.supplySystem.hasWorkRangeScale,m,ban_kinh,02,1,inline,,"multiply: var reach = MathF.Max(v.Def.VisionRange, 50f) + (v.Def.Interceptor ? v.Def.Weapon.Range * 1.4f : 20f);"
Sim/Abilities/SupplySystem.cs,184,20f,vehicles.supplySystem.hasWorkInterceptorFalse,m,ban_kinh,02,1,inline,,"conditional: var reach = MathF.Max(v.Def.VisionRange, 50f) + (v.Def.Interceptor ? v.Def.Weapon.Range * 1.4f : 20f);"
Sim/Abilities/SupplySystem.cs,218,8f,vehicles.supplySystem.arriveOrbitAdd,x,khac,02,1,inline,,add: private static float Arrive(Vehicle v) => v.Def.FixedWing ? Orbit(v) + 8f : 4f;
Sim/Abilities/SupplySystem.cs,218,4f,vehicles.supplySystem.arriveFixedWingFalse,x,khac,02,1,inline,,conditional: private static float Arrive(Vehicle v) => v.Def.FixedWing ? Orbit(v) + 8f : 4f;
Sim/Abilities/SupplySystem.cs,221,14f,vehicles.supplySystem.orbitSpeedFloor,m/s,tan_suat,02,1,inline,,"math_max: internal static float Orbit(Vehicle v) => v.Def.FixedWing ? MathF.Max(14f, v.Def.Speed / v.Def.TurnRate * 1.6f) : 0f;"
Sim/Abilities/SupplySystem.cs,221,1.6f,vehicles.supplySystem.orbitSpeedScale,m/s,tan_suat,02,1,inline,,"multiply: internal static float Orbit(Vehicle v) => v.Def.FixedWing ? MathF.Max(14f, v.Def.Speed / v.Def.TurnRate * 1.6f) : 0f;"
Sim/Abilities/SupplySystem.cs,232,4f,vehicles.supplySystem.chooseSiteSpeedFloor,m/s,tan_suat,02,1,inline,,"math_max: var speed = MathF.Max(4f, v.Def.Speed);"
Sim/Abilities/SupplySystem.cs,250,0.6f,vehicles.supplySystem.chooseSiteMaxHpScale,count,sat_thuong,02,1,inline,,multiply: var hurt = v.Hp < v.MaxHp * 0.6f;
Sim/Abilities/SupplySystem.cs,251,1.5f,vehicles.supplySystem.chooseSiteTimeScale,x,sat_thuong,02,1,inline,,multiply: var pick = hurt && healBest.time <= best.time * 1.5f + 5f ? healBest : best;
Sim/Abilities/SupplySystem.cs,251,5f,vehicles.supplySystem.chooseSiteTimeAdd,x,sat_thuong,02,1,inline,,add: var pick = hurt && healBest.time <= best.time * 1.5f + 5f ? healBest : best;
Sim/Abilities/SupplySystem.cs,297,40f,vehicles.supplySystem.carrierSpeedFloor,m/s,tan_suat,02,1,inline,,"math_max: var best = MathF.Max(40f, v.Def.Speed * 5f);"
Sim/Abilities/SupplySystem.cs,297,5f,vehicles.supplySystem.carrierSpeedScale,m/s,tan_suat,02,1,inline,,"multiply: var best = MathF.Max(40f, v.Def.Speed * 5f);"
Sim/Abilities/SupplySystem.cs,321,60f,vehicles.supplySystem.holdingPointNearest,x,khac,02,1,inline,,local_init: var nearest = 60f;
Sim/Abilities/SupplySystem.cs,332,25f,vehicles.supplySystem.holdingPointLengthSquaredMax,m,ban_kinh,02,1,inline,,compare: if (back.LengthSquared() < 25f)
Sim/Abilities/SupplySystem.cs,337,0.01f,vehicles.supplySystem.holdingPointLengthSquaredMin,m,ban_kinh,02,1,inline,,compare: back = back.LengthSquared() > 0.01f ? Vector2.Normalize(back) : -SimMath.Forward(v.Heading);
Sim/Abilities/SupplySystem.cs,339,30f,vehicles.supplySystem.holdingPointSpeedFloor,m/s,tan_suat,02,1,inline,,"math_max: var far = MathF.Max(30f, v.Def.Speed * HoldFlight);"
Sim/Abilities/SupplySystem.cs,340,1.3f,vehicles.supplySystem.holdingPointSpeedScale,m/s,tan_suat,02,1,inline,,multiply: var edge = orbit + (v.Def.FixedWing ? v.Def.Speed / v.Def.TurnRate * 1.3f + 4f : 6f);
Sim/Abilities/SupplySystem.cs,340,4f,vehicles.supplySystem.holdingPointSpeedAdd,m/s,tan_suat,02,1,inline,,add: var edge = orbit + (v.Def.FixedWing ? v.Def.Speed / v.Def.TurnRate * 1.3f + 4f : 6f);
Sim/Abilities/SupplySystem.cs,340,6f,vehicles.supplySystem.holdingPointFixedWingFalse,x,tan_suat,02,1,inline,,conditional: var edge = orbit + (v.Def.FixedWing ? v.Def.Speed / v.Def.TurnRate * 1.3f + 4f : 6f);
Sim/Abilities/SupplySystem.cs,343,2f,vehicles.supplySystem.holdingPointSpeedScale2,m/s,tan_suat,02,1,inline,,"multiply: var near = MathF.Min(far, anchor == from ? v.Def.Speed * 2f : MathF.Max(20f, v.Def.Speed * 1.2f));"
Sim/Abilities/SupplySystem.cs,343,20f,vehicles.supplySystem.holdingPointSpeedFloor2,m/s,tan_suat,02,1,inline,,"math_max: var near = MathF.Min(far, anchor == from ? v.Def.Speed * 2f : MathF.Max(20f, v.Def.Speed * 1.2f));"
Sim/Abilities/SupplySystem.cs,343,1.2f,vehicles.supplySystem.holdingPointSpeedScale3,m/s,tan_suat,02,1,inline,,"multiply: var near = MathF.Min(far, anchor == from ? v.Def.Speed * 2f : MathF.Max(20f, v.Def.Speed * 1.2f));"
Sim/Abilities/SupplySystem.cs,346,8f,vehicles.supplySystem.holdingPointD,x,khac,02,1,inline,,compound_assign: for (var d = near; d <= far + 0.1f; d += 8f)
Sim/Abilities/SupplySystem.cs,347,5,vehicles.supplySystem.holdingPointKMax,x,nguong,02,1,inline,,compare: for (var k = 0; k < 5; k++)
Sim/Abilities/SupplySystem.cs,350,6f,vehicles.supplySystem.holdingPointPIDivisor,x,khac,02,1,inline,,divide: var turn = ((k + 1) / 2) * (k % 2 == 1 ? 1f : -1f) * (MathF.PI / 6f);
Sim/Abilities/SupplySystem.cs,350,2,vehicles.supplySystem.holdingPointKMod,x,khac,02,2,inline,,modulo: var turn = ((k + 1) / 2) * (k % 2 == 1 ? 1f : -1f) * (MathF.PI / 6f);
Sim/Abilities/SupplySystem.cs,352,0.01f,vehicles.supplySystem.holdingPointKScale,x,khac,02,1,inline,,"multiply: var exposure = Exposure(v.Team, p, orbit, false) + (k > 0 ? 0.01f * k : 0f);"
Sim/Abilities/SupplySystem.cs,353,0.1f,vehicles.supplySystem.holdingPointExposureMax,x,nguong,02,1,inline,,compare: if (exposure < 0.1f) return p;
Sim/Abilities/SupplySystem.cs,396,1.2f,vehicles.supplySystem.airReachInterceptorTrue,m,ban_kinh,02,1,inline,,"conditional: reach = MathF.Max(reach, w.Range * (e.Def.Interceptor ? 1.2f : 1f));"
Sim/Abilities/SupplySystem.cs,448,2f,vehicles.supplySystem.siteRateAirReachAdd,m,ban_kinh,02,1,inline,,"add: return Pad(v.Team, out var pad, out var branch) && Vector2.Distance(pad.Position, v.Position) <= pad.Def.Utility!.AirReach + 2f ? PadRate * branch : 1f;"
Sim/Content/Catalog.Extra.cs,16,1.6f,vehicles.eliteRules.costScale,CP,khac,02,1,inline,,property_init: public float CostScale { get; internal set; } = 1.6f;
Sim/Content/Catalog.Extra.cs,22,1.25f,vehicles.eliteRules.damageScale,x,sat_thuong,02,1,inline,,property_init: public float DamageScale { get; internal set; } = 1.25f;
Sim/Content/Catalog.Extra.cs,25,0.5f,vehicles.eliteRules.otherShare,share,khac,02,1,inline,,property_init: public float OtherShare { get; internal set; } = 0.5f;
Sim/Content/Catalog.Extra.cs,28,4,vehicles.eliteRules.bountyCap,count,tran,02,1,inline,,property_init: public int BountyCap { get; internal set; } = 4;
Sim/Content/Catalog.Extra.cs,34,15,vehicles.eliteRules.coins,x,khac,02,1,inline,,property_init: public int Coins { get; internal set; } = 15;
Sim/Content/Catalog.Extra.cs,37,0.08f,vehicles.eliteRules.blueprintChance,share,xac_suat,02,1,inline,,property_init: public float BlueprintChance { get; internal set; } = 0.08f;
Sim/Content/Catalog.Extra.cs,44,2f,vehicles.eliteRules.powerRatio,share,khac,02,1,inline,,property_init: public float PowerRatio { get; internal set; } = 2f;
Sim/Content/Catalog.Extra.cs,48,0.1f,vehicles.eliteRules.budgetForTryGetValueFalse,x,nguong,02,1,inline,,"conditional: difficulty != null && Budget.TryGetValue(difficulty, out var share) ? share : Budget.TryGetValue(""Normal"", out var normal) ? normal : 0.1f;"
Sim/Content/Catalog.Extra.cs,52,2,vehicles.eliteRules.capForTryGetValueFalse,count,tran,02,1,inline,,"conditional: difficulty != null && Cap.TryGetValue(difficulty, out var cap) ? cap : Cap.TryGetValue(""Normal"", out var normal) ? normal : 2;"
Sim/Content/Catalog.Extra.cs,58,0.1f,vehicles.eliteRules.powerEdgeCostScaleFloor,CP,nguong,02,1,inline,,"math_max: public float PowerEdge(float share) => MathF.Max(0f, share) * MathF.Max(0f, PowerRatio / MathF.Max(0.1f, CostScale) - 1f);"
Sim/Content/Catalog.Extra.cs,339,2,vehicles.catalog.finishExtrasFallback,m,ban_kinh,02,1,inline,,"arg:JsonObject.Int: foreach (var key in cap.Keys) rules.Cap[key] = cap.Int(key, 2);"
Sim/Content/Catalog.Extra.cs,400,0.05f,vehicles.catalog.finishExtrasCooldownFloor,s,sat_thuong,02,1,inline,,"math_max: if (crush.Dps < 0f) crush.Dps = w.Damage / MathF.Max(0.05f, w.Cooldown);"
Sim/Content/Catalog.Extra.cs,401,0.5f,vehicles.catalog.finishExtrasRangeFloor,m,ban_kinh,02,1,inline,,"math_max: if (crush.Reach < 0f) crush.Reach = MathF.Max(0.5f, w.Range);"
Sim/Content/Catalog.P20.cs,57,3.5f,vehicles.bossRankDef.intro,x,khac,02,1,inline,,property_init: public float Intro { get; internal set; } = 3.5f;
Sim/Content/Catalog.P20.cs,63,1f,vehicles.bossRankDef.reward,x,khac,02,1,inline,,property_init: public float Reward { get; internal set; } = 1f;
Sim/Content/Catalog.P20.cs,72,1f,vehicles.bossRankDef.fireRate,x,tan_suat,02,1,inline,,property_init: public float FireRate { get; internal set; } = 1f;
Sim/Content/Catalog.P20.cs,75,1f,vehicles.bossRankDef.airDamage,x,sat_thuong,02,1,inline,,property_init: public float AirDamage { get; internal set; } = 1f;
Sim/Content/Catalog.P20.cs,87,10f,vehicles.bossRankDef.strikeWindow,x,khac,02,1,inline,,property_init: public float StrikeWindow { get; internal set; } = 10f;
Sim/Content/Catalog.P20.cs,89,0.2f,vehicles.bossRankDef.strikeOver,x,khac,02,1,inline,,property_init: public float StrikeOver { get; internal set; } = 0.2f;
Sim/Content/Catalog.P20.cs,100,12f,vehicles.factoryDef.first,x,khac,02,1,inline,,property_init: public float First { get; internal set; } = 12f;
Sim/Content/Catalog.P20.cs,101,20f,vehicles.factoryDef.every,x,tan_suat,02,1,inline,,property_init: public float Every { get; internal set; } = 20f;
Sim/Content/Catalog.P20.cs,102,1,vehicles.factoryDef.min,x,nguong,02,1,inline,,property_init: public int Min { get; internal set; } = 1;
Sim/Content/Catalog.P20.cs,103,2,vehicles.factoryDef.max,x,nguong,02,1,inline,,property_init: public int Max { get; internal set; } = 2;
Sim/Content/Catalog.P20.cs,104,60f,vehicles.factoryDef.grow,x,khac,02,1,inline,,property_init: public float Grow { get; internal set; } = 60f;
Sim/Content/Catalog.P20.cs,105,6,vehicles.factoryDef.cap,count,tran,02,1,inline,,property_init: public int Cap { get; internal set; } = 6;
Sim/Content/Catalog.P20.cs,125,600f,vehicles.crushDef.dps,x,khac,02,1,inline,,property_init: public float Dps { get; internal set; } = 600f;
Sim/Content/Catalog.P20.cs,126,3f,vehicles.crushDef.reach,m,ban_kinh,02,1,inline,,property_init: public float Reach { get; internal set; } = 3f;
Sim/Content/Catalog.P20.cs,132,0.2f,vehicles.crushDef.minSpeed,m/s,tan_suat,02,1,inline,,property_init: public float MinSpeed { get; internal set; } = 0.2f;
Sim/Content/Catalog.P20.cs,137,4f,vehicles.crushDef.debrisEvery,x,tan_suat,02,1,inline,,property_init: public float DebrisEvery { get; internal set; } = 4f;
Sim/Content/Catalog.P20.cs,138,16f,vehicles.crushDef.debrisRadius,m,ban_kinh,02,1,inline,,property_init: public float DebrisRadius { get; internal set; } = 16f;
Sim/Content/Catalog.P20.cs,139,120f,vehicles.crushDef.debrisDamage,x,sat_thuong,02,1,inline,,property_init: public float DebrisDamage { get; internal set; } = 120f;
Sim/Content/Catalog.P20.cs,209,15f,vehicles.guardRingDef.radius,m,ban_kinh,02,1,inline,,property_init: public float Radius { get; internal set; } = 15f;
Sim/Content/Catalog.P20.cs,212,4,vehicles.guardRingDef.count,count,gioi_han_thuc_the,02,1,inline,,property_init: public int Count { get; internal set; } = 4;
Sim/Content/Catalog.P20.cs,215,5f,vehicles.guardRingDef.every,x,tan_suat,02,1,inline,,property_init: public float Every { get; internal set; } = 5f;
Sim/Content/Catalog.P20.cs,220,6f,vehicles.guardRingDef.pad,x,khac,02,1,inline,,property_init: public float Pad { get; internal set; } = 6f;
Sim/Content/Catalog.P20.cs,321,0.25f,vehicles.catalog.finishP20FloatMin,x,sat_thuong,02,1,inline,,"math_clamp: FireRate = Math.Clamp(r.Float(""fireRate"", 1f), 0.25f, 4f), AirDamage = Math.Clamp(r.Float(""airDamage"", 1f), 0f, 5f),"
Sim/Content/Catalog.P20.cs,321,4f,vehicles.catalog.finishP20FloatMax,x,sat_thuong,02,1,inline,,"math_clamp: FireRate = Math.Clamp(r.Float(""fireRate"", 1f), 0.25f, 4f), AirDamage = Math.Clamp(r.Float(""airDamage"", 1f), 0f, 5f),"
Sim/Content/Catalog.P20.cs,321,5f,vehicles.catalog.finishP20FloatMax2,x,sat_thuong,02,1,inline,,"math_clamp: FireRate = Math.Clamp(r.Float(""fireRate"", 1f), 0.25f, 4f), AirDamage = Math.Clamp(r.Float(""airDamage"", 1f), 0f, 5f),"
Sim/Content/Catalog.P22.cs,28,5f,vehicles.duelDef.vanishSeconds,s,thoi_gian,02,1,inline,,property_init: public float VanishSeconds { get; internal set; } = 5f;
Sim/Content/Catalog.P25A.cs,13,8f,vehicles.blastWallDef.radius,m,ban_kinh,02,1,inline,,property_init: public float Radius { get; internal set; } = 8f;
Sim/Content/Catalog.P25A.cs,14,0.3f,vehicles.blastWallDef.cut,x,khac,02,1,inline,,property_init: public float Cut { get; internal set; } = 0.3f;
Sim/Content/Catalog.P25A.cs,17,50f,vehicles.blastWallDef.conePIScale,deg,khac,02,1,inline,,multiply: public float Cone { get; internal set; } = 50f * MathF.PI / 180f;
Sim/Content/Catalog.P25A.cs,29,30f,vehicles.fireControlDef.radius,m,ban_kinh,02,1,inline,,property_init: public float Radius { get; internal set; } = 30f;
Sim/Content/Catalog.P25A.cs,30,0.12f,vehicles.fireControlDef.damage,x,sat_thuong,02,1,inline,,property_init: public float Damage { get; internal set; } = 0.12f;
Sim/Content/Catalog.P25A.cs,33,2f,vehicles.fireControlDef.focus,x,khac,02,1,inline,,property_init: public float Focus { get; internal set; } = 2f;
Sim/Content/Catalog.P25A.cs,39,35f,vehicles.searchlightDef.radius,m,ban_kinh,02,1,inline,,property_init: public float Radius { get; internal set; } = 35f;
Sim/Content/Catalog.P25A.cs,40,0.2f,vehicles.searchlightDef.dazzle,x,khac,02,1,inline,,property_init: public float Dazzle { get; internal set; } = 0.2f;
Sim/Content/Catalog.P25A.cs,46,40f,vehicles.balloonDef.radius,m,ban_kinh,02,1,inline,,property_init: public float Radius { get; internal set; } = 40f;
Sim/Content/Catalog.P25A.cs,47,0.5f,vehicles.balloonDef.scatter,x,khac,02,1,inline,,property_init: public float Scatter { get; internal set; } = 0.5f;
Sim/Content/Catalog.P25A.cs,53,35f,vehicles.sightJammerDef.radius,m,ban_kinh,02,1,inline,,property_init: public float Radius { get; internal set; } = 35f;
Sim/Content/Catalog.P25A.cs,54,15f,vehicles.sightJammerDef.close,x,khac,02,1,inline,,property_init: public float Close { get; internal set; } = 15f;
Sim/Content/Catalog.P25A.cs,60,15f,vehicles.shelterDef.radius,m,ban_kinh,02,1,inline,,property_init: public float Radius { get; internal set; } = 15f;
Sim/Content/Catalog.P25A.cs,61,0.5f,vehicles.shelterDef.cut,x,khac,02,1,inline,,property_init: public float Cut { get; internal set; } = 0.5f;
Sim/Content/Catalog.P25A.cs,67,15f,vehicles.flareDef.every,x,tan_suat,02,1,inline,,property_init: public float Every { get; internal set; } = 15f;
Sim/Content/Catalog.P25A.cs,68,40f,vehicles.flareDef.range,m,ban_kinh,02,1,inline,,property_init: public float Range { get; internal set; } = 40f;
Sim/Content/Catalog.P25A.cs,69,30f,vehicles.flareDef.radius,m,ban_kinh,02,1,inline,,property_init: public float Radius { get; internal set; } = 30f;
Sim/Content/Catalog.P25A.cs,70,15f,vehicles.flareDef.seconds,s,thoi_gian,02,1,inline,,property_init: public float Seconds { get; internal set; } = 15f;
Sim/Content/Catalog.P25A.cs,76,30f,vehicles.microwaveDef.range,m,ban_kinh,02,1,inline,,property_init: public float Range { get; internal set; } = 30f;
Sim/Content/Catalog.P25A.cs,77,30f,vehicles.microwaveDef.arcPIScale,deg,khac,02,1,inline,,multiply: public float Arc { get; internal set; } = 30f * MathF.PI / 180f;
Sim/Content/Catalog.P25A.cs,78,8f,vehicles.microwaveDef.cooldown,s,thoi_gian,02,1,inline,,property_init: public float Cooldown { get; internal set; } = 8f;
Sim/Content/Catalog.P25A.cs,84,60f,vehicles.droneHuntDef.reach,m,ban_kinh,02,1,inline,,property_init: public float Reach { get; internal set; } = 60f;
Sim/Content/Catalog.P25A.cs,91,6f,vehicles.paradropDef.fall,x,khac,02,1,inline,,property_init: public float Fall { get; internal set; } = 6f;
Sim/Content/Catalog.P25A.cs,92,30f,vehicles.paradropDef.height,m,ban_kinh,02,1,inline,,property_init: public float Height { get; internal set; } = 30f;
Sim/Content/Catalog.P25A.cs,95,45f,vehicles.paradropDef.baseKeepOut,x,khac,02,1,inline,,property_init: public float BaseKeepOut { get; internal set; } = 45f;
Sim/Content/Catalog.P25A.cs,101,60f,vehicles.reconPassDef.width,m,ban_kinh,02,1,inline,,property_init: public float Width { get; internal set; } = 60f;
Sim/Content/Catalog.P25A.cs,102,20f,vehicles.reconPassDef.seconds,s,thoi_gian,02,1,inline,,property_init: public float Seconds { get; internal set; } = 20f;
Sim/Content/Catalog.P25A.cs,145,2f,vehicles.vehicleDef.stillAfter,x,khac,02,1,inline,,property_init: public float StillAfter { get; internal set; } = 2f;
Sim/Content/Catalog.cs,47,1f,vehicles.catalog.incomeScale,x,khac,02,1,inline,,property_init: public float IncomeScale { get; internal set; } = 1f;
Sim/Content/Catalog.cs,53,1f,vehicles.catalog.supplyScale,x,khac,02,1,inline,,property_init: public float SupplyScale { get; internal set; } = 1f;
Sim/Content/Catalog.cs,56,0.55f,vehicles.catalog.enemyScaling,x,khac,02,1,inline,,property_init: public float EnemyScaling { get; internal set; } = 0.55f;
Sim/Content/Catalog.cs,82,24,vehicles.catalog.armyCapForTryGetValueFalse,count,tran,02,1,inline,,"conditional: mode != null && ArmyCaps.TryGetValue(mode, out var cap) ? cap : ArmyCaps.TryGetValue(""default"", out var d) ? d : 24;"
Sim/Content/Catalog.cs,111,8.5f,vehicles.catalog.defaultRearmDefaultRearm,s,thoi_gian,02,1,inline,,return: if (!def.FixedWing || def.Drone) return 8.5f;
Sim/Content/Catalog.cs,112,11f,vehicles.catalog.defaultRearmDefaultRearm2,s,thoi_gian,02,1,inline,,return: if (def.Interceptor) return 11f;
Sim/Content/Catalog.cs,113,21f,vehicles.catalog.defaultRearmProjectileTrue,s,thoi_gian,02,1,inline,,conditional: return def.Weapon.Projectile == ProjectileKind.Bomb ? 21f : 14f;
Sim/Content/Catalog.cs,113,14f,vehicles.catalog.defaultRearmProjectileFalse,s,thoi_gian,02,1,inline,,conditional: return def.Weapon.Projectile == ProjectileKind.Bomb ? 21f : 14f;
Sim/Content/Catalog.cs,125,1400f,vehicles.catalog.inferClassMaxHpMin,count,sat_thuong,02,1,inline,,compare: if (def.Armor == ArmorClass.Heavy) return def.MaxHp >= 1400f ? UnitClass.Heavy : UnitClass.Tank;
Sim/Content/Catalog.cs,126,11f,vehicles.catalog.inferClassSpeedMin,m/s,tan_suat,02,1,inline,,compare: return def.Speed >= 11f ? UnitClass.Scout : UnitClass.Light;
Sim/Content/Catalog.cs,260,5f,vehicles.catalog.fromJsonFloatArrayMin,count,gioi_han_thuc_the,02,1,inline,,"math_clamp: ArcHalf = m.Has(""arc"") && m.FloatArray(""arc"").Count > 1 ? Math.Clamp(m.FloatArray(""arc"")[1], 5f, 180f) * MathF.PI / 180f : 0f,"
Sim/Content/Catalog.cs,282,2,vehicles.catalog.fromJsonLevel,x,sat_thuong,02,1,inline,,"arg:ArmourLevels.Uniform: else def.SetArmour(structure ? ArmourLevels.Uniform(2) : def.Armour, structure);"
Sim/Content/Catalog.cs,298,3,vehicles.catalog.fromJsonCountIs,count,gioi_han_thuc_the,02,1,inline,,equals: if (size.Count != 3 || size[0] <= 0f || size[1] <= 0f || size[2] <= 0f)
Sim/Content/Catalog.cs,364,0.9f,vehicles.catalog.fromJsonFloatMax,x,nguong,02,1,inline,,"math_clamp: def.StillCamouflage = Math.Clamp(v.Float(""stillCamo"", 0f), 0f, 0.9f);"
Sim/Content/Catalog.cs,508,32,vehicles.catalog.fromJsonFallback,count,tran,02,1,inline,,"arg:Catalog.ReadCaps: VehicleCaps = ReadCaps(root, ""vehicleCap"", 32),"
Sim/Content/Catalog.cs,540,4,vehicles.catalog.inheritedDepthMin,x,nguong,02,1,inline,,"compare: if (depth > 4) throw new FormatException($""{v.Path}: inherits too deep"");"
Sim/Content/Catalog.cs,587,2f,vehicles.catalog.readSharesFloatMax,share,ban_kinh,02,1,inline,,"math_clamp: foreach (var k in o.Keys) shares[k] = Math.Clamp(o.Float(k, 0f), 0f, 2f);"
Sim/Content/Catalog.cs,600,0.01f,vehicles.catalog.bankForAbsMax,x,nguong,02,1,inline,,"compare: mode != null && BankByMode.TryGetValue(mode, out var b) && MathF.Abs(bank - b.from) < 0.01f ? b.to : bank;"
Sim/Content/Catalog.cs,610,2,vehicles.catalog.readBanksCountIs,count,gioi_han_thuc_the,02,1,inline,,"equals: if (pair.Count != 2) throw new FormatException($""economy.bankByMode.{key}: expected [from, to]."");"
Sim/Content/Catalog.cs,621,24,vehicles.catalog.readArmyCapsFallback,m,ban_kinh,02,1,inline,,"arg:JsonObject.Int: foreach (var key in o.Keys) caps[key] = o.Int(key, 24);"
Sim/Content/Catalog.cs,632,2f,vehicles.catalog.withEdgeSplashRadiusMax,m,sat_thuong,02,1,inline,,compare: if (w.SplashEdge > 0f || w.SplashRadius < 2f || w.Beam || w.Flak || w.Targets == TargetLayers.Air) return w;
Sim/Content/Catalog.cs,634,2f,vehicles.catalog.withEdgeSplashRadiusScale,m,sat_thuong,02,1,inline,,"multiply: var edge = MathF.Min(WeaponDef.MaxEdge, w.SplashRadius * 2f);"
Sim/Content/Catalog.cs,690,4,vehicles.catalog.levelsCountIs,count,gioi_han_thuc_the,02,1,inline,,"equals: if (a.Count != 4) throw new FormatException($""{o.Path}.{key}: one level or four [front, side, rear, top]."");"
Sim/Content/CommanderDefs.cs,160,20f,vehicles.commanderDef.richAt,x,khac,02,1,inline,,property_init: public float RichAt { get; internal set; } = 20f;
Sim/Content/CommanderDefs.cs,165,90f,vehicles.commanderDef.earlySeconds,s,thoi_gian,02,1,inline,,property_init: public float EarlySeconds { get; internal set; } = 90f;
Sim/Content/CommanderDefs.cs,177,0.25f,vehicles.commanderDef.killRefund,x,sat_thuong,02,1,inline,,property_init: public float KillRefund { get; internal set; } = 0.25f;
Sim/Content/CommanderDefs.cs,186,1f,vehicles.commanderDef.strikeCooldown,s,thoi_gian,02,1,inline,,property_init: public float StrikeCooldown { get; internal set; } = 1f;
Sim/Content/CommanderDefs.cs,204,1f,vehicles.commanderDef.lowHpDamage,x,sat_thuong,02,1,inline,,property_init: public float LowHpDamage { get; internal set; } = 1f;
Sim/Content/Commanders.cs,36,0.05f,vehicles.commanders.allValue,x,sat_thuong,02,1,manual:static initializer is an expression,,"arg:Commanders.L: L(StatId.Damage, 0.05f, CommanderReach.Army), L(StatId.Health, 0.05f, CommanderReach.Army)),"
Sim/Content/Commanders.cs,36,0.05f,vehicles.commanders.allValue,x,sat_thuong,02,2,manual:static initializer is an expression,,"arg:Commanders.L: L(StatId.Damage, 0.05f, CommanderReach.Army), L(StatId.Health, 0.05f, CommanderReach.Army)),"
Sim/Content/Commanders.cs,39,1.25f,vehicles.commanders.allRepair,x,khac,02,1,manual:static initializer is an expression,,"object_init: Id = ""lind"", Family = CommanderFamily.Combat, Portrait = ""mai"", Unlock = ""c2"", Style = DeckStyle.Sustain, Repair = 1.25f,"
Sim/Content/Commanders.cs,40,0.8f,vehicles.commanders.allScale,m,ban_kinh,02,1,manual:static initializer is an expression,,"arg:Commanders.P: Prices = new[] { P(PriceReach.Engineers, 0.8f) },"
Sim/Content/Commanders.cs,41,0.10f,vehicles.commanders.allValue2,x,sat_thuong,02,1,manual:static initializer is an expression,,"arg:Commanders.L: Lines = new[] { L(StatId.Damage, -0.10f, CommanderReach.Aircraft) },"
Sim/Content/Commanders.cs,46,1.15f,vehicles.commanders.allAirRearm,s,thoi_gian,02,1,manual:static initializer is an expression,,"object_init: Id = ""reyes"", Family = CommanderFamily.Combat, Portrait = ""dieuhau"", Unlock = ""c3"", Style = DeckStyle.Air, AirRearm = 1.15f, AirCap = 1,"
Sim/Content/Commanders.cs,46,1,vehicles.commanders.allAirCap,count,thoi_gian,02,1,manual:static initializer is an expression,,"object_init: Id = ""reyes"", Family = CommanderFamily.Combat, Portrait = ""dieuhau"", Unlock = ""c3"", Style = DeckStyle.Air, AirRearm = 1.15f, AirCap = 1,"
Sim/Content/Commanders.cs,47,0.85f,vehicles.commanders.allStrikeCooldown,s,thoi_gian,02,1,manual:static initializer is an expression,,"object_init: StrikeCooldown = 0.85f,"
Sim/Content/Commanders.cs,50,0.10f,vehicles.commanders.allValue2,x,sat_thuong,02,1,manual:static initializer is an expression,,"arg:Commanders.L: L(StatId.Damage, 0.10f, CommanderReach.Aircraft), L(StatId.Health, 0.20f, CommanderReach.Aircraft),"
Sim/Content/Commanders.cs,50,0.20f,vehicles.commanders.allValue3,x,sat_thuong,02,1,manual:static initializer is an expression,,"arg:Commanders.L: L(StatId.Damage, 0.10f, CommanderReach.Aircraft), L(StatId.Health, 0.20f, CommanderReach.Aircraft),"
Sim/Content/Commanders.cs,51,0.15f,vehicles.commanders.allValue4,s,thoi_gian,02,1,manual:static initializer is an expression,,"arg:Commanders.L: L(StatId.MagazineReload, 0.15f, CommanderReach.Aircraft),"
Sim/Content/Commanders.cs,52,0.10f,vehicles.commanders.allValue2,x,sat_thuong,02,1,manual:static initializer is an expression,,"arg:Commanders.L: L(StatId.Health, -0.10f, CommanderReach.Towers),"
Sim/Content/Commanders.cs,57,1.25f,vehicles.commanders.allStealthSight,m,ban_kinh,02,1,manual:static initializer is an expression,,"object_init: Id = ""kerr"", Family = CommanderFamily.Combat, Portrait = ""linh"", Unlock = ""c4"", Style = DeckStyle.Recon, StealthSight = 1.25f, ExposedTaken = 1.05f,"
Sim/Content/Commanders.cs,57,1.05f,vehicles.commanders.allExposedTaken,m,ban_kinh,02,1,manual:static initializer is an expression,,"object_init: Id = ""kerr"", Family = CommanderFamily.Combat, Portrait = ""linh"", Unlock = ""c4"", Style = DeckStyle.Recon, StealthSight = 1.25f, ExposedTaken = 1.05f,"
Sim/Content/Commanders.cs,58,0.15f,vehicles.commanders.allValue4,x,sat_thuong,02,1,manual:static initializer is an expression,,"arg:Commanders.L: Lines = new[] { L(StatId.Vision, 0.15f, CommanderReach.Army), L(StatId.Health, -0.05f, CommanderReach.Heavy) },"
Sim/Content/Commanders.cs,58,0.05f,vehicles.commanders.allValue,x,sat_thuong,02,1,manual:static initializer is an expression,,"arg:Commanders.L: Lines = new[] { L(StatId.Vision, 0.15f, CommanderReach.Army), L(StatId.Health, -0.05f, CommanderReach.Heavy) },"
Sim/Content/Commanders.cs,62,0.3f,vehicles.commanders.allJamResist,x,khac,02,1,manual:static initializer is an expression,,"object_init: Id = ""venn"", Family = CommanderFamily.Combat, Portrait = ""sen"", Unlock = ""c5+"", Style = DeckStyle.Drones, JamResist = 0.3f,"
Sim/Content/Commanders.cs,65,0.15f,vehicles.commanders.allValue4,x,sat_thuong,02,1,manual:static initializer is an expression,,"arg:Commanders.L: L(StatId.Health, 0.15f, CommanderReach.DroneUnits), L(StatId.Damage, 0.10f, CommanderReach.Drones),"
Sim/Content/Commanders.cs,65,0.10f,vehicles.commanders.allValue2,x,sat_thuong,02,1,manual:static initializer is an expression,,"arg:Commanders.L: L(StatId.Health, 0.15f, CommanderReach.DroneUnits), L(StatId.Damage, 0.10f, CommanderReach.Drones),"
Sim/Content/Commanders.cs,67,0.10f,vehicles.commanders.allValue2,m,ban_kinh,02,1,manual:static initializer is an expression,,"arg:Commanders.L: L(StatId.SummonPower, 0.10f, CommanderReach.Army),"
Sim/Content/Commanders.cs,68,0.05f,vehicles.commanders.allValue,x,sat_thuong,02,1,manual:static initializer is an expression,,"arg:Commanders.L: L(StatId.Damage, -0.05f, CommanderReach.Tanks),"
Sim/Content/Commanders.cs,75,0.75f,vehicles.commanders.allDelivery,x,khac,02,1,manual:static initializer is an expression,,"object_init: Id = ""mendez"", Family = CommanderFamily.Combat, Portrait = ""mendez"", Unlock = ""i2"", Style = DeckStyle.Blitz, Delivery = 0.75f,"
Sim/Content/Commanders.cs,78,0.15f,vehicles.commanders.allValue4,x,sat_thuong,02,1,manual:static initializer is an expression,,"arg:Commanders.L: L(StatId.Speed, 0.15f, CommanderReach.Vehicles), L(StatId.Health, 0.15f, CommanderReach.Light),"
Sim/Content/Commanders.cs,78,0.15f,vehicles.commanders.allValue4,x,sat_thuong,02,2,manual:static initializer is an expression,,"arg:Commanders.L: L(StatId.Speed, 0.15f, CommanderReach.Vehicles), L(StatId.Health, 0.15f, CommanderReach.Light),"
Sim/Content/Commanders.cs,79,0.05f,vehicles.commanders.allValue,x,sat_thuong,02,1,manual:static initializer is an expression,,"arg:Commanders.L: L(StatId.Health, -0.05f, CommanderReach.Army),"
Sim/Content/Commanders.cs,85,0.8f,vehicles.commanders.allScale,m,ban_kinh,02,1,manual:static initializer is an expression,,"arg:Commanders.P: Prices = new[] { P(PriceReach.AirdropTowers, 0.8f) },"
Sim/Content/Commanders.cs,88,0.15f,vehicles.commanders.allValue4,x,sat_thuong,02,1,manual:static initializer is an expression,,"arg:Commanders.L: L(StatId.Health, 0.15f, CommanderReach.Towers), L(StatId.Damage, 0.10f, CommanderReach.Towers),"
Sim/Content/Commanders.cs,88,0.10f,vehicles.commanders.allValue2,x,sat_thuong,02,1,manual:static initializer is an expression,,"arg:Commanders.L: L(StatId.Health, 0.15f, CommanderReach.Towers), L(StatId.Damage, 0.10f, CommanderReach.Towers),"
Sim/Content/Commanders.cs,89,0.05f,vehicles.commanders.allValue,m,ban_kinh,02,1,manual:static initializer is an expression,,"arg:Commanders.L: L(StatId.Speed, -0.05f, CommanderReach.Vehicles),"
Sim/Content/Commanders.cs,94,0.15f,vehicles.commanders.allValue4,x,sat_thuong,02,1,manual:static initializer is an expression,,"arg:Commanders.L: L(StatId.Damage, 0.15f, CommanderReach.Artillery), L(StatId.Range, 0.10f, CommanderReach.Artillery),"
Sim/Content/Commanders.cs,94,0.10f,vehicles.commanders.allValue2,x,sat_thuong,02,1,manual:static initializer is an expression,,"arg:Commanders.L: L(StatId.Damage, 0.15f, CommanderReach.Artillery), L(StatId.Range, 0.10f, CommanderReach.Artillery),"
Sim/Content/Commanders.cs,95,0.25f,vehicles.commanders.allValue5,x,sat_thuong,02,1,manual:static initializer is an expression,,"arg:Commanders.L: L(StatId.Health, 0.25f, CommanderReach.Artillery),"
Sim/Content/Commanders.cs,96,0.10f,vehicles.commanders.allValue2,x,sat_thuong,02,1,manual:static initializer is an expression,,"arg:Commanders.L: L(StatId.Damage, -0.10f, CommanderReach.DirectFire)).With(d => d.StrikeCooldown = 0.75f),"
Sim/Content/Commanders.cs,96,0.75f,vehicles.commanders.allStrikeCooldown2,s,sat_thuong,02,1,inline,,"assign: L(StatId.Damage, -0.10f, CommanderReach.DirectFire)).With(d => d.StrikeCooldown = 0.75f),"
Sim/Content/Commanders.cs,103,1.15f,vehicles.commanders.allIncome,x,khac,02,1,manual:static initializer is an expression,,"object_init: Id = ""brenn"", Family = CommanderFamily.Economy, Portrait = ""brenn"", Unlock = ""i1"", Style = DeckStyle.LongGame, Income = 1.15f,"
Sim/Content/Commanders.cs,104,1.10f,vehicles.commanders.allSupply,x,khac,02,1,manual:static initializer is an expression,,"object_init: Supply = 1.10f,"
Sim/Content/Commanders.cs,105,0.05f,vehicles.commanders.allValue,x,sat_thuong,02,1,manual:static initializer is an expression,,"arg:Commanders.L: Lines = new[] { L(StatId.Damage, -0.05f, CommanderReach.Army) },"
Sim/Content/Commanders.cs,110,1.75f,vehicles.commanders.allPointIncome,x,khac,02,1,manual:static initializer is an expression,,"object_init: Id = ""adler"", Family = CommanderFamily.Economy, Portrait = ""adler"", Unlock = ""c4"", Style = DeckStyle.Points, PointIncome = 1.75f, NoPointsIncome = 0.95f,"
Sim/Content/Commanders.cs,110,0.95f,vehicles.commanders.allNoPointsIncome,x,khac,02,1,manual:static initializer is an expression,,"object_init: Id = ""adler"", Family = CommanderFamily.Economy, Portrait = ""adler"", Unlock = ""c4"", Style = DeckStyle.Points, PointIncome = 1.75f, NoPointsIncome = 0.95f,"
Sim/Content/Commanders.cs,111,0.30f,vehicles.commanders.allValue6,m,ban_kinh,02,1,manual:static initializer is an expression,,"arg:Commanders.L: Lines = new[] { L(StatId.CaptureRate, 0.30f, CommanderReach.Vehicles) },"
Sim/Content/Commanders.cs,115,1.15f,vehicles.commanders.allSupply2,x,khac,02,1,manual:static initializer is an expression,,"object_init: Id = ""varro"", Family = CommanderFamily.Economy, Portrait = ""varro"", Unlock = ""c8"", Style = DeckStyle.Swarm, Supply = 1.15f,"
Sim/Content/Commanders.cs,116,0.85f,vehicles.commanders.allScale2,m,ban_kinh,02,1,manual:static initializer is an expression,,"arg:Commanders.P: Prices = new[] { P(PriceReach.Cheap, 0.85f) },"
Sim/Content/Commanders.cs,118,0.05f,vehicles.commanders.allValue,x,sat_thuong,02,1,manual:static initializer is an expression,,"arg:Commanders.L: Lines = new[] { L(StatId.Health, -0.05f, CommanderReach.Army) },"
Sim/Content/Commanders.cs,125,1.10f,vehicles.commanders.allScale3,m,ban_kinh,02,1,manual:static initializer is an expression,,"arg:Commanders.P: Prices = new[] { P(PriceReach.Vehicles, 1.10f) },"
Sim/Content/Commanders.cs,126,0.20f,vehicles.commanders.allValue3,x,sat_thuong,02,1,manual:static initializer is an expression,,"arg:Commanders.L: Lines = new[] { L(StatId.Health, 0.20f, CommanderReach.ArmourOrDear), L(StatId.Damage, 0.15f, CommanderReach.Dear) },"
Sim/Content/Commanders.cs,126,0.15f,vehicles.commanders.allValue4,x,sat_thuong,02,1,manual:static initializer is an expression,,"arg:Commanders.L: Lines = new[] { L(StatId.Health, 0.20f, CommanderReach.ArmourOrDear), L(StatId.Damage, 0.15f, CommanderReach.Dear) },"
Sim/Content/Commanders.cs,130,0.35f,vehicles.commanders.allKillRefund,x,sat_thuong,02,1,inline,,assign: d.KillRefund = 0.35f;
Sim/Content/Commanders.cs,135,15f,vehicles.commanders.allBankBonus,x,khac,02,1,inline,,assign: d.BankBonus = 15f;
Sim/Content/Commanders.cs,136,1.10f,vehicles.commanders.allRichIncome,x,khac,02,1,inline,,assign: d.RichIncome = 1.10f;
Sim/Content/Commanders.cs,137,20f,vehicles.commanders.allRichAt,x,khac,02,1,inline,,assign: d.RichAt = 20f;
Sim/Content/Commanders.cs,138,0.90f,vehicles.commanders.allEarlyIncome,x,khac,02,1,inline,,assign: d.EarlyIncome = 0.90f;
Sim/Content/Commanders.cs,139,90f,vehicles.commanders.allEarlySeconds,s,thoi_gian,02,1,inline,,assign: d.EarlySeconds = 90f;
Sim/Content/Commanders.cs,146,0.15f,vehicles.commanders.generalsValue,x,sat_thuong,02,1,manual:static initializer is an expression,,"arg:Commanders.L: Gen(""brandt"", L(StatId.Health, 0.15f, CommanderReach.Towers), L(StatId.Speed, -0.05f, CommanderReach.Vehicles)),"
Sim/Content/Commanders.cs,146,0.05f,vehicles.commanders.generalsValue2,x,sat_thuong,02,1,manual:static initializer is an expression,,"arg:Commanders.L: Gen(""brandt"", L(StatId.Health, 0.15f, CommanderReach.Towers), L(StatId.Speed, -0.05f, CommanderReach.Vehicles)),"
Sim/Content/Commanders.cs,147,0.10f,vehicles.commanders.generalsValue3,x,sat_thuong,02,1,manual:static initializer is an expression,,"arg:Commanders.L: Gen(""varga"", L(StatId.Health, 0.10f, CommanderReach.Armour), L(StatId.Damage, -0.10f, CommanderReach.Aircraft)),"
Sim/Content/Commanders.cs,147,0.10f,vehicles.commanders.generalsValue3,x,sat_thuong,02,2,manual:static initializer is an expression,,"arg:Commanders.L: Gen(""varga"", L(StatId.Health, 0.10f, CommanderReach.Armour), L(StatId.Damage, -0.10f, CommanderReach.Aircraft)),"
Sim/Content/Commanders.cs,148,0.15f,vehicles.commanders.generalsValue,m,ban_kinh,02,1,manual:static initializer is an expression,,"arg:Commanders.L: Gen(""orlov"", L(StatId.Range, 0.15f, CommanderReach.Artillery), L(StatId.Spread, 0.20f, CommanderReach.Artillery),"
Sim/Content/Commanders.cs,148,0.20f,vehicles.commanders.generalsValue4,m,ban_kinh,02,1,manual:static initializer is an expression,,"arg:Commanders.L: Gen(""orlov"", L(StatId.Range, 0.15f, CommanderReach.Artillery), L(StatId.Spread, 0.20f, CommanderReach.Artillery),"
Sim/Content/Commanders.cs,149,0.05f,vehicles.commanders.generalsValue2,x,sat_thuong,02,1,manual:static initializer is an expression,,"arg:Commanders.L: L(StatId.Health, -0.05f, CommanderReach.Light)),"
Sim/Content/Commanders.cs,150,0.10f,vehicles.commanders.generalsValue3,x,sat_thuong,02,1,manual:static initializer is an expression,,"arg:Commanders.L: Gen(""kessler"", L(StatId.Health, 0.10f, CommanderReach.Ships), L(StatId.Health, -0.05f, CommanderReach.Towers))"
Sim/Content/Commanders.cs,150,0.05f,vehicles.commanders.generalsValue2,x,sat_thuong,02,1,manual:static initializer is an expression,,"arg:Commanders.L: Gen(""kessler"", L(StatId.Health, 0.10f, CommanderReach.Ships), L(StatId.Health, -0.05f, CommanderReach.Towers))"
Sim/Content/Commanders.cs,151,0.9f,vehicles.commanders.generalsScale,m,ban_kinh,02,1,inline,,"arg:Commanders.P: .With(d => d.Prices = new[] { P(PriceReach.Vehicles, 0.9f) }),"
Sim/Content/Commanders.cs,152,0.15f,vehicles.commanders.generalsValue,x,sat_thuong,02,1,manual:static initializer is an expression,,"arg:Commanders.L: Gen(""sen"", L(StatId.Health, 0.15f, CommanderReach.DroneUnits), L(StatId.Damage, -0.05f, CommanderReach.Tanks)),"
Sim/Content/Commanders.cs,152,0.05f,vehicles.commanders.generalsValue2,x,sat_thuong,02,1,manual:static initializer is an expression,,"arg:Commanders.L: Gen(""sen"", L(StatId.Health, 0.15f, CommanderReach.DroneUnits), L(StatId.Damage, -0.05f, CommanderReach.Tanks)),"
Sim/Content/Commanders.cs,153,0.10f,vehicles.commanders.generalsValue3,x,sat_thuong,02,1,manual:static initializer is an expression,,"arg:Commanders.L: Gen(""quaden"", L(StatId.Damage, 0.10f, CommanderReach.Aircraft), L(StatId.Damage, -0.05f, CommanderReach.Ground)).With(d => d.AirCap = 1),"
Sim/Content/Commanders.cs,153,0.05f,vehicles.commanders.generalsValue2,x,sat_thuong,02,1,manual:static initializer is an expression,,"arg:Commanders.L: Gen(""quaden"", L(StatId.Damage, 0.10f, CommanderReach.Aircraft), L(StatId.Damage, -0.05f, CommanderReach.Ground)).With(d => d.AirCap = 1),"
Sim/Content/Commanders.cs,154,0.05f,vehicles.commanders.generalsValue2,x,sat_thuong,02,1,manual:static initializer is an expression,,"arg:Commanders.L: Gen(""hung"", L(StatId.Damage, 0.05f, CommanderReach.Army)).With(d => d.LowHpDamage = 1.10f),"
Sim/Content/Commanders.cs,154,1.10f,vehicles.commanders.generalsLowHpDamage,x,sat_thuong,02,1,inline,,"assign: Gen(""hung"", L(StatId.Damage, 0.05f, CommanderReach.Army)).With(d => d.LowHpDamage = 1.10f),"
Sim/Content/Commanders.cs,155,0.15f,vehicles.commanders.generalsValue,x,sat_thuong,02,1,manual:static initializer is an expression,,"arg:Commanders.L: Gen(""aurel"", L(StatId.Damage, 0.15f, CommanderReach.Energy), L(StatId.Health, 0.10f, CommanderReach.Shielded),"
Sim/Content/Commanders.cs,155,0.10f,vehicles.commanders.generalsValue3,x,sat_thuong,02,1,manual:static initializer is an expression,,"arg:Commanders.L: Gen(""aurel"", L(StatId.Damage, 0.15f, CommanderReach.Energy), L(StatId.Health, 0.10f, CommanderReach.Shielded),"
Sim/Content/Commanders.cs,156,0.05f,vehicles.commanders.generalsValue2,x,sat_thuong,02,1,manual:static initializer is an expression,,"arg:Commanders.L: L(StatId.Health, -0.05f, CommanderReach.Light)),"
Sim/Content/Commanders.cs,189,5,vehicles.commanderRules.cheapAt,x,khac,02,1,const_to_property,,const_field: public const int CheapAt = 5;
Sim/Content/Commanders.cs,190,9,vehicles.commanderRules.dearAt,x,khac,02,1,const_to_property,,const_field: public const int DearAt = 9;
Sim/Content/Commanders.cs,201,0.25f,vehicles.commanderRules.buildCapsCaps,x,sat_thuong,02,1,inline,,assign: caps[(int)StatId.Damage] = 0.25f;
Sim/Content/Commanders.cs,202,0.15f,vehicles.commanderRules.buildCapsCaps2,x,tan_suat,02,1,inline,,assign: caps[(int)StatId.FireRate] = 0.15f;
Sim/Content/Commanders.cs,203,0.25f,vehicles.commanderRules.buildCapsCaps,x,sat_thuong,02,1,inline,,assign: caps[(int)StatId.Health] = 0.25f;
Sim/Content/Commanders.cs,204,0.15f,vehicles.commanderRules.buildCapsCaps2,x,tan_suat,02,1,inline,,assign: caps[(int)StatId.Speed] = 0.15f;
Sim/Content/Commanders.cs,205,0.12f,vehicles.commanderRules.buildCapsCaps3,m,ban_kinh,02,1,inline,,assign: caps[(int)StatId.Range] = 0.12f;
Sim/Content/Commanders.cs,206,0.25f,vehicles.commanderRules.buildCapsCaps,m,ban_kinh,02,1,inline,,assign: caps[(int)StatId.Vision] = 0.25f;
Sim/Content/Commanders.cs,207,0.3f,vehicles.commanderRules.buildCapsCaps4,x,khac,02,1,inline,,assign: caps[(int)StatId.Spread] = 0.3f;
Sim/Content/Commanders.cs,208,0.3f,vehicles.commanderRules.buildCapsCaps4,s,thoi_gian,02,1,inline,,assign: caps[(int)StatId.MagazineReload] = 0.3f;
Sim/Content/Commanders.cs,209,0.5f,vehicles.commanderRules.buildCapsCaps5,x,tan_suat,02,1,inline,,assign: caps[(int)StatId.CaptureRate] = 0.5f;
Sim/Content/Commanders.cs,210,0.15f,vehicles.commanderRules.buildCapsCaps2,x,khac,02,1,inline,,assign: caps[(int)StatId.SummonPower] = 0.15f;
Sim/Content/Commanders.cs,275,0.05f,vehicles.commanderRules.mergeStatFloor,x,nguong,02,1,inline,,"math_max: float Fold(StatId id, float multiplier) => multiplier * (1f + stats[(int)id]) / MathF.Max(0.05f, 1f + gear.Stat(id));"
Sim/Content/Commanders.cs,333,0.8f,vehicles.commanderRules.fitStatValue,m,ban_kinh,02,1,inline,,"switch_arm: StatId.Range => 0.8f,"
Sim/Content/Commanders.cs,334,0.6f,vehicles.commanderRules.fitStatValue2,x,tan_suat,02,1,inline,,"switch_arm: StatId.Speed => 0.6f,"
Sim/Content/Commanders.cs,335,0.4f,vehicles.commanderRules.fitStatValue3,s,thoi_gian,02,1,inline,,"switch_arm: StatId.MagazineReload or StatId.Spread => 0.4f,"
Sim/Content/Commanders.cs,336,0.3f,vehicles.commanderRules.fitStatValue4,m,ban_kinh,02,1,inline,,"switch_arm: StatId.Vision => 0.3f,"
Sim/Content/Commanders.cs,337,0.3f,vehicles.commanderRules.fitCaptureRateTrue,x,tan_suat,02,1,inline,,"conditional: StatId.CaptureRate => def.CaptureRate > 0f ? 0.3f : 0f,"
Sim/Content/Commanders.cs,341,1.5f,vehicles.commanderRules.fitPriceScaleScale,CP,khac,02,1,inline,,"multiply: fit += (1f - PriceScale(c, def)) * 1.5f;"
Sim/Content/Commanders.cs,343,0.05f,vehicles.commanderRules.fitFit,s,thoi_gian,02,1,inline,,compound_assign: if (air && (c.AirCap > 0 || c.AirRearm > 1f)) fit += 0.05f;
Sim/Content/Commanders.cs,344,0.1f,vehicles.commanderRules.fitFit2,x,khac,02,1,inline,,compound_assign: if (def.RepairAura != null && c.Repair > 1f) fit += 0.1f;
Sim/Content/Commanders.cs,345,0.05f,vehicles.commanderRules.fitFit,m,ban_kinh,02,1,inline,,"compound_assign: if (c.JamResist > 0f && Reaches(CommanderReach.Drones, def)) fit += 0.05f;"
Sim/Content/Commanders.cs,346,0.05f,vehicles.commanderRules.fitFit,m,ban_kinh,02,1,inline,,compound_assign: if (c.StealthSight > 1f && def.Class == UnitClass.Scout) fit += 0.05f;
Sim/Content/Commanders.cs,347,0.05f,vehicles.commanderRules.fitFit,x,khac,02,1,inline,,compound_assign: if (c.BankBonus > 0f && def.CpCost >= DearAt) fit += 0.05f;
Sim/Content/Commanders.cs,355,1.5f,vehicles.commanderRules.supportFitPriceScaleScale,CP,khac,02,1,inline,,"multiply: var fit = (1f - PriceScale(c, s)) * 1.5f;"
Sim/Content/Definitions.cs,13,0.1f,vehicles.weaponDef.ctorBurstInterval,s,thoi_gian,02,1,manual:parameter default,,"param_default: ProjectileKind projectile = ProjectileKind.Shell, int burst = 1, float burstInterval = 0.1f,"
Sim/Content/Definitions.cs,72,0.4f,vehicles.weaponDef.magazineReloadAmmoScale,s,thoi_gian,02,1,inline,,"multiply: public float MagazineReload => Reload > 0f ? Reload : Math.Clamp(Ammo * Cooldown * 0.4f, 10f, 28f);"
Sim/Content/Definitions.cs,72,10f,vehicles.weaponDef.magazineReloadAmmoMin,s,thoi_gian,02,1,inline,,"math_clamp: public float MagazineReload => Reload > 0f ? Reload : Math.Clamp(Ammo * Cooldown * 0.4f, 10f, 28f);"
Sim/Content/Definitions.cs,72,28f,vehicles.weaponDef.magazineReloadAmmoMax,s,thoi_gian,02,1,inline,,"math_clamp: public float MagazineReload => Reload > 0f ? Reload : Math.Clamp(Ammo * Cooldown * 0.4f, 10f, 28f);"
Sim/Content/Definitions.cs,75,1f,vehicles.weaponDef.impactScale,x,khac,02,1,inline,,property_init: public float ImpactScale { get; internal set; } = 1f;
Sim/Content/Definitions.cs,116,0.05f,vehicles.weaponDef.sustainedDpsCycleSecondsFloor,s,sat_thuong,02,1,inline,,"math_max: public float SustainedDps => Damage * RoundsPerCycle / MathF.Max(0.05f, CycleSeconds);"
Sim/Content/Definitions.cs,236,3,vehicles.weaponDef.antiArmourPenetrationMin,x,sat_thuong,02,1,inline,,compare: public bool AntiArmour => Penetration >= 3 && DamageType is DamageType.Kinetic or DamageType.ShapedCharge or DamageType.Energy;
Sim/Content/Definitions.cs,252,1f,vehicles.weaponDef.projectileScale,x,khac,02,1,inline,,property_init: public float ProjectileScale { get; internal set; } = 1f;
Sim/Content/Definitions.cs,286,0.01f,vehicles.weaponDef.tunedCooldownFloor,x,sat_thuong,02,1,inline,,"math_max: var copy = new WeaponDef(Id, DamageType, damage >= 0f ? damage : Damage, MathF.Max(0.01f, cooldown), MathF.Max(range, MinRange + 0.5f), MinRange,"
Sim/Content/Definitions.cs,286,0.5f,vehicles.weaponDef.tunedMinRangeAdd,m,sat_thuong,02,1,inline,,"add: var copy = new WeaponDef(Id, DamageType, damage >= 0f ? damage : Damage, MathF.Max(0.01f, cooldown), MathF.Max(range, MinRange + 0.5f), MinRange,"
Sim/Content/Definitions.cs,287,0.1f,vehicles.weaponDef.tunedProjectileSpeedFloor,m/s,sat_thuong,02,1,inline,,"math_max: MathF.Max(0.1f, projectileSpeed), MathF.Max(0f, splashRadius), MathF.Max(0f, spread), ImpactTier, projectile ?? Projectile,"
Sim/Content/Definitions.cs,377,2,vehicles.clusterDef.defaultPenetration,x,sat_thuong,02,1,const_to_property,,const_field: public const int DefaultPenetration = 2;
Sim/Content/Definitions.cs,399,0.4f,vehicles.explosionDef.edgeShare,share,khac,02,1,inline,,property_init: public float EdgeShare { get; set; } = 0.4f;
Sim/Content/Definitions.cs,403,2f,vehicles.explosionDef.twoLayerRadiusScale,x,sat_thuong,02,1,inline,,"multiply: new(damage, radius, 0f, tier) { Edge = MathF.Min(WeaponDef.MaxEdge, radius * 2f) is var edge && edge > radius ? edge : 0f };"
Sim/Content/Definitions.cs,446,3f,vehicles.bossPhaseDef.transform,x,khac,02,1,inline,,property_init: public float Transform { get; set; } = 3f;
Sim/Content/Definitions.cs,452,1f,vehicles.bossPhaseDef.damage,x,sat_thuong,02,1,inline,,property_init: public float Damage { get; set; } = 1f;
Sim/Content/Definitions.cs,454,1f,vehicles.bossPhaseDef.speed,m/s,tan_suat,02,1,inline,,property_init: public float Speed { get; set; } = 1f;
Sim/Content/Definitions.cs,456,1f,vehicles.bossPhaseDef.armor,x,sat_thuong,02,1,inline,,property_init: public float Armor { get; set; } = 1f;
Sim/Content/Definitions.cs,459,1f,vehicles.bossPhaseDef.fireRate,x,tan_suat,02,1,inline,,property_init: public float FireRate { get; set; } = 1f;
Sim/Content/Definitions.cs,476,1f,vehicles.vehicleDef.ctorCaptureRate,m,ban_kinh,02,1,manual:parameter default,,"param_default: bool flying = false, float altitude = 0f, float captureRate = 1f, string mainSlot = ""main"", bool fixedWing = false,"
Sim/Content/Definitions.cs,502,2f,vehicles.vehicleDef.ctorRadiusScale,m,ban_kinh,02,1,inline,,multiply: Width = flying ? radius * 2f : radius * 1.6f;
Sim/Content/Definitions.cs,502,1.6f,vehicles.vehicleDef.ctorRadiusScale2,m,ban_kinh,02,1,inline,,multiply: Width = flying ? radius * 2f : radius * 1.6f;
Sim/Content/Definitions.cs,503,2f,vehicles.vehicleDef.ctorRadiusScale,m,ban_kinh,02,1,inline,,multiply: Length = flying ? radius * 2f : radius * 2.7f;
Sim/Content/Definitions.cs,503,2.7f,vehicles.vehicleDef.ctorRadiusScale3,m,ban_kinh,02,1,inline,,multiply: Length = flying ? radius * 2f : radius * 2.7f;
Sim/Content/Definitions.cs,585,1f,vehicles.vehicleDef.droneArmor,x,sat_thuong,02,1,inline,,property_init: public float DroneArmor { get; internal set; } = 1f;
Sim/Content/Definitions.cs,612,1f,vehicles.vehicleDef.scale,x,khac,02,1,inline,,property_init: public float Scale { get; set; } = 1f;
Sim/Content/Definitions.cs,628,0.5f,vehicles.vehicleDef.hullHalfLengthScale,m,ban_kinh,02,1,inline,,"multiply: public float HullHalf => MathF.Max(0f, (Length - Width) * 0.5f);"
Sim/Content/Definitions.cs,631,0.46f,vehicles.vehicleDef.hullRadiusWidthScale,m,ban_kinh,02,1,inline,,multiply: public float HullRadius => Width * 0.46f;
Sim/Content/Definitions.cs,757,150f,vehicles.vehicleDef.powerMaxHpDivisor,count,nguong,02,1,inline,,divide: public float Power => Boss ? 0f : Elite ? MaxHp / 150f : CpCost > 0 ? CpCost : Fort is { } fort ? FortPower(fort) : Static ? MaxHp / 250f : MaxHp / 150f;
Sim/Content/Definitions.cs,757,250f,vehicles.vehicleDef.powerMaxHpDivisor2,count,nguong,02,1,inline,,divide: public float Power => Boss ? 0f : Elite ? MaxHp / 150f : CpCost > 0 ? CpCost : Fort is { } fort ? FortPower(fort) : Static ? MaxHp / 250f : MaxHp / 150f;
Sim/Content/Definitions.cs,757,150f,vehicles.vehicleDef.powerMaxHpDivisor,count,nguong,02,2,inline,,divide: public float Power => Boss ? 0f : Elite ? MaxHp / 150f : CpCost > 0 ? CpCost : Fort is { } fort ? FortPower(fort) : Static ? MaxHp / 250f : MaxHp / 150f;
Sim/Content/Definitions.cs,766,14f,vehicles.vehicleDef.fortPowerFortPower,x,khac,02,1,inline,,return: if (fort.Kind == FortKind.Hq) return 14f;
Sim/Content/Definitions.cs,768,11f,vehicles.vehicleDef.fortPowerSizeValue,count,gioi_han_thuc_the,02,1,inline,,"switch_arm: return fort.Size switch { SlotSize.Large => 11f, SlotSize.Medium => 7f, _ => 4f };"
Sim/Content/Definitions.cs,768,7f,vehicles.vehicleDef.fortPowerSizeValue2,count,gioi_han_thuc_the,02,1,inline,,"switch_arm: return fort.Size switch { SlotSize.Large => 11f, SlotSize.Medium => 7f, _ => 4f };"
Sim/Content/Definitions.cs,768,4f,vehicles.vehicleDef.fortPowerSizeValue3,count,gioi_han_thuc_the,02,1,inline,,"switch_arm: return fort.Size switch { SlotSize.Large => 11f, SlotSize.Medium => 7f, _ => 4f };"
Sim/Content/Definitions.cs,875,1f,vehicles.propDef.scale,x,khac,02,1,inline,,property_init: public float Scale { get; set; } = 1f;
Sim/Content/Definitions.cs,893,100000f,vehicles.propDef.indestructibleMaxHpMin,count,nguong,02,1,inline,,compare: public bool Indestructible => MaxHp >= 100000f;
Sim/Content/VehicleBoost.cs,59,1f,vehicles.vehicleBoost.noneFireRate,x,tan_suat,02,3,inline,,"ctor_arg:VehicleBoost: public static VehicleBoost None => new(1f, 1f, 1f, 1f, 1f, 0f, SpecialModule.None, 0f);"
Sim/Content/VehicleDef.Extra.cs,52,1f,vehicles.vehicleDef.damageScale,x,sat_thuong,02,1,inline,,property_init: public float DamageScale { get; internal set; } = 1f;
Sim/Content/VehicleDef.Extra.cs,61,1f,vehicles.vehicleDef.weaponDamage,x,sat_thuong,02,1,inline,,property_init: public float WeaponDamage { get; internal set; } = 1f;
Sim/Content/VehicleDef.Extra.cs,68,1f,vehicles.vehicleDef.outgoingDamageMult,x,sat_thuong,02,1,inline,,property_init: public float OutgoingDamageMult { get; internal set; } = 1f;
Sim/Content/VehicleDef.Extra.cs,100,1f,vehicles.vehicleDef.mineArmor,x,sat_thuong,02,1,inline,,property_init: public float MineArmor { get; internal set; } = 1f;
Sim/Content/VehicleDef.P17.cs,36,3f,vehicles.deployDef.seconds,s,thoi_gian,02,1,inline,,property_init: public float Seconds { get; internal set; } = 3f;
Sim/Content/VehicleDef.P17.cs,37,2,vehicles.deployDef.frontUp,x,khac,02,1,inline,,property_init: public int FrontUp { get; internal set; } = 2;
Sim/Content/VehicleDef.P17.cs,38,1.3f,vehicles.deployDef.range,m,ban_kinh,02,1,inline,,property_init: public float Range { get; internal set; } = 1.3f;
Sim/Content/VehicleDef.P17.cs,41,4f,vehicles.deployDef.arcPIDivisor,deg,khac,02,1,inline,,divide: public float Arc { get; internal set; } = MathF.PI / 4f;
Sim/Content/VehicleDef.P17.cs,63,120f,vehicles.wingmanDef.follow,x,khac,02,1,inline,,property_init: public float Follow { get; internal set; } = 120f;
Sim/Content/VehicleDef.P17.cs,64,25f,vehicles.wingmanDef.decoy,x,khac,02,1,inline,,property_init: public float Decoy { get; internal set; } = 25f;
Sim/Content/VehicleDef.P17.cs,65,0.4f,vehicles.wingmanDef.pull,x,khac,02,1,inline,,property_init: public float Pull { get; internal set; } = 0.4f;
Sim/Content/VehicleDef.P17.cs,75,0.1f,vehicles.relayDef.income,x,khac,02,1,inline,,property_init: public float Income { get; internal set; } = 0.1f;
Sim/Content/VehicleDef.P17.cs,76,0.06f,vehicles.relayDef.second,s,thoi_gian,02,1,inline,,property_init: public float Second { get; internal set; } = 0.06f;
Sim/Content/VehicleDef.P17.cs,77,5f,vehicles.relayDef.quiet,x,khac,02,1,inline,,property_init: public float Quiet { get; internal set; } = 5f;
Sim/Content/VehicleDef.P31.cs,28,1400f,vehicles.vehicleDef.inferWeightMaxHpMin,count,nguong,02,1,inline,,compare: return def.MaxHp >= 1400f ? WeightClass.Heavy : WeightClass.Medium;
Sim/Entities/IDamageable.cs,38,2,vehicles.teams.hostile,x,khac,02,1,const_to_property,,const_field: public const int Hostile = 2;
Sim/Entities/IDamageable.cs,41,2,vehicles.teams.environment,x,khac,02,1,manual:const used in a constant context (parameter default at Sim/Combat/DamageSystem.cs:843),,const_field: public const int Environment = -2;
Sim/Entities/Prop.cs,19,90,vehicles.prop.ctorRotationIs,x,khac,02,1,inline,,equals: var sideways = rotation == 90 || rotation == 270;
Sim/Entities/Prop.cs,19,270,vehicles.prop.ctorRotationIs2,x,khac,02,1,inline,,equals: var sideways = rotation == 90 || rotation == 270;
Sim/Entities/Prop.cs,23,90,vehicles.prop.ctorRotationMod,m,ban_kinh,02,1,inline,,modulo: if (rotation % 90 != 0) Width = Depth = (def.Width + def.Depth) * 0.70710677f;
Sim/Entities/Prop.cs,23,0.70710677f,vehicles.prop.ctorWidthScale,m,ban_kinh,02,1,inline,,multiply: if (rotation % 90 != 0) Width = Depth = (def.Width + def.Depth) * 0.70710677f;
Sim/Entities/Prop.cs,40,0.5f,vehicles.prop.radiusMaxScale,m,ban_kinh,02,1,inline,,"multiply: public float Radius => MathF.Max(Width, Depth) * 0.5f;"
Sim/Entities/Vehicle.Naval.cs,59,1f,vehicles.vehicle.escapeSeconds,s,thoi_gian,02,1,inline,,property_init: public float EscapeSeconds { get; internal set; } = -1f;
Sim/Entities/Vehicle.P20.cs,12,1f,vehicles.vehicle.podShare,share,khac,02,1,inline,,field_init: internal float PodShare = 1f;
Sim/Entities/Vehicle.P20.cs,17,1f,vehicles.vehicle.factoryShare,share,khac,02,1,inline,,field_init: internal float FactoryShare = 1f;
Sim/Entities/Vehicle.P25A.cs,16,31,vehicles.vehicle.decoyExposedToValue,x,khac,02,1,manual:pattern,,relational_pattern: public bool DecoyExposedTo(int team) => team is >= 0 and < 31 && (DecoyExposedMask & (1 << team)) != 0;
Sim/Entities/Vehicle.P25A.cs,22,1f,vehicles.vehicle.linkDamage,x,sat_thuong,02,1,inline,,field_init: internal float LinkDamage = 1f;
Sim/Entities/Vehicle.P28.cs,13,1f,vehicles.vehicle.flareRechargeScale,s,thoi_gian,02,1,inline,,field_init: internal float FlareRechargeScale = 1f;
Sim/Entities/Vehicle.P32.cs,15,1f,vehicles.vehicle.apsRate,x,tan_suat,02,1,inline,,field_init: internal float ApsRate = 1f;
Sim/Entities/Vehicle.cs,188,1f,vehicles.vehicle.speedGear,m/s,tan_suat,02,1,inline,,"field_init: internal float SpeedGear = 1f, FireGear = 1f;"
Sim/Entities/Vehicle.cs,191,1f,vehicles.vehicle.turnFactor,m,ban_kinh,02,1,inline,,"field_init: internal float TurnFactor = 1f, TurretFactor = 1f, VisionFactor = 1f, CaptureFactor = 1f;"
Sim/Entities/Vehicle.cs,191,1f,vehicles.vehicle.turretFactor,m,ban_kinh,02,2,inline,,"field_init: internal float TurnFactor = 1f, TurretFactor = 1f, VisionFactor = 1f, CaptureFactor = 1f;"
Sim/Entities/Vehicle.cs,191,1f,vehicles.vehicle.visionFactor,m,ban_kinh,02,3,inline,,"field_init: internal float TurnFactor = 1f, TurretFactor = 1f, VisionFactor = 1f, CaptureFactor = 1f;"
Sim/Entities/Vehicle.cs,191,1f,vehicles.vehicle.captureFactor,m,ban_kinh,02,4,inline,,"field_init: internal float TurnFactor = 1f, TurretFactor = 1f, VisionFactor = 1f, CaptureFactor = 1f;"
Sim/Entities/Vehicle.cs,194,1f,vehicles.vehicle.rangeFactor,m,ban_kinh,02,1,inline,,field_init: internal float RangeFactor = 1f;
Sim/Entities/Vehicle.cs,197,1f,vehicles.vehicle.towerRange,m,ban_kinh,02,1,inline,,field_init: internal float TowerRange = 1f;
Sim/Entities/Vehicle.cs,280,1f,vehicles.vehicle.overdriveSpeed,m/s,sat_thuong,02,1,inline,,"field_init: internal float ShieldAmount, OverdriveSpeed = 1f, BarrageRate = 1f, Healing, RearmProgress;"
Sim/Entities/Vehicle.cs,280,1f,vehicles.vehicle.barrageRate,x,sat_thuong,02,2,inline,,"field_init: internal float ShieldAmount, OverdriveSpeed = 1f, BarrageRate = 1f, Healing, RearmProgress;"
Sim/Entities/Vehicle.cs,345,1f,vehicles.vehicle.terrainSpeed,m/s,tan_suat,02,1,inline,,field_init: internal float TerrainSpeed = 1f;
Sim/Entities/Vehicle.cs,354,1f,vehicles.vehicle.phaseSpeed,m/s,tan_suat,02,1,inline,,field_init: internal float PhaseSpeed = 1f;
Sim/Entities/Vehicle.cs,360,1.3f,vehicles.vehicle.fireFactorOverdrivenTrue,x,tan_suat,02,1,inline,,conditional: internal float FireFactor => (Barraging ? BarrageRate : 1f) * (Overdriven ? 1.3f : 1f) * FireBoost * FireGear * CommandFire * RankFire;
Sim/Entities/Vehicle.cs,366,1f,vehicles.vehicle.commandDamage,x,sat_thuong,02,1,inline,,field_init: internal float CommandDamage = 1f;
Sim/Entities/Vehicle.cs,410,1f,vehicles.vehicle.hpScale,x,khac,02,1,inline,,field_init: internal float HpScale = 1f;
Sim/Entities/Vehicle.cs,414,1f,vehicles.vehicle.boostHp,x,khac,02,1,inline,,field_init: internal float BoostHp = 1f;
Sim/Entities/Vehicle.cs,415,1f,vehicles.vehicle.boostSpeed,m/s,tan_suat,02,1,inline,,field_init: internal float BoostSpeed = 1f;
Sim/Entities/Vehicle.cs,418,1f,vehicles.vehicle.damageBoost,x,sat_thuong,02,1,inline,,field_init: internal float DamageBoost = 1f;
Sim/Entities/Vehicle.cs,421,1f,vehicles.vehicle.damageTaken,x,sat_thuong,02,1,inline,,field_init: internal float DamageTaken = 1f;
Sim/Entities/Vehicle.cs,433,1f,vehicles.vehicle.speedScale,m/s,tan_suat,02,1,inline,,field_init: internal float SpeedScale = 1f;
Sim/Entities/Vehicle.cs,457,0.1f,vehicles.vehicle.isMovingSpeedMin,m/s,tan_suat,02,1,inline,,compare: public bool IsMoving => Speed > 0.1f;
Sim/Movement/MovementSystem.Ground.cs,32,0.4f,vehicles.movementSystem.clearGroundMaxScale,count,ban_kinh,02,1,inline,,"multiply: var reach = MathF.Max(defence.Def.Length, defence.Def.Width) * 0.4f + SimWorld.ObstacleClearance + _world.Grid.CellSize;"
Sim/Movement/MovementSystem.Ground.cs,94,2,vehicles.movementSystem.segmentHitsBoxAxisMax,x,nguong,02,1,inline,,compare: for (var axis = 0; axis < 2; axis++)
Sim/Movement/MovementSystem.Ground.cs,139,0.5f,vehicles.movementSystem.openTowardsHullHalfScale,x,khac,02,1,inline,,multiply: return grid.IsWalkable(v.Position + forward * (v.Def.HullHalf * 0.5f + 1f));
Sim/Movement/MovementSystem.P17.cs,17,9f,vehicles.movementSystem.wingSide,x,khac,02,1,manual:field declares several variables (split first),,"const_field: private const float WingSide = 9f, WingBack = 7f;"
Sim/Movement/MovementSystem.P17.cs,17,7f,vehicles.movementSystem.wingBack,x,khac,02,1,manual:field declares several variables (split first),,"const_field: private const float WingSide = 9f, WingBack = 7f;"
Sim/Movement/MovementSystem.P17.cs,20,0.4f,vehicles.movementSystem.circleSlowerThan,x,khac,02,1,const_to_property,,const_field: private const float CircleSlowerThan = 0.4f;
Sim/Movement/MovementSystem.P17.cs,23,0.45f,vehicles.movementSystem.slowCircle,x,khac,02,1,const_to_property,,const_field: private const float SlowCircle = 0.45f;
Sim/Movement/MovementSystem.P17.cs,62,2f,vehicles.movementSystem.flyWingDecoyScale,m,ban_kinh,02,1,inline,,"multiply: if (_world.TryGetVehicle(v.Engaged, out var engaged) && Vector2.Distance(engaged.Position, leader.Position) > wing.Decoy * 2f) v.Engaged = EntityId.None;"
Sim/Movement/MovementSystem.P17.cs,76,12f,vehicles.movementSystem.flyWingWantFloor,x,tan_suat,02,1,inline,,"math_max: goal = OrbitAround(v, leader.Position, MathF.Max(12f, want / def.TurnRate * 1.3f));"
Sim/Movement/MovementSystem.P17.cs,76,1.3f,vehicles.movementSystem.flyWingWantScale,x,tan_suat,02,1,inline,,"multiply: goal = OrbitAround(v, leader.Position, MathF.Max(12f, want / def.TurnRate * 1.3f));"
Sim/Movement/MovementSystem.P17.cs,81,14f,vehicles.movementSystem.flyWingGapMin,m,ban_kinh,02,1,inline,,compare: goal = gap > 14f ? slot : slot + forward * 20f + (slot - v.Position) * 0.5f;
Sim/Movement/MovementSystem.P17.cs,81,20f,vehicles.movementSystem.flyWingForwardScale,m,ban_kinh,02,1,inline,,multiply: goal = gap > 14f ? slot : slot + forward * 20f + (slot - v.Position) * 0.5f;
Sim/Movement/MovementSystem.P17.cs,81,0.5f,vehicles.movementSystem.flyWingSlotScale,m,ban_kinh,02,1,inline,,multiply: goal = gap > 14f ? slot : slot + forward * 20f + (slot - v.Position) * 0.5f;
Sim/Movement/MovementSystem.P17.cs,82,2f,vehicles.movementSystem.flyWingGapSub,m,ban_kinh,02,1,inline,,subtract: want = leader.Speed + (gap - 2f) * 0.8f;
Sim/Movement/MovementSystem.P17.cs,82,0.8f,vehicles.movementSystem.flyWingGapScale,m,ban_kinh,02,1,inline,,multiply: want = leader.Speed + (gap - 2f) * 0.8f;
Sim/Movement/MovementSystem.P17.cs,85,0.35f,vehicles.movementSystem.flyWingSpeedScale,m/s,tan_suat,02,1,inline,,"multiply: var speed = Math.Clamp(want, def.Speed * 0.35f, top);"
Sim/Movement/MovementSystem.P17.cs,87,0.8f,vehicles.movementSystem.flyWingSpeedScale2,m/s,tan_suat,02,1,inline,,"multiply: v.Speed = SimMath.MoveTowards(v.Speed, speed, def.Speed * 0.8f * dt);"
Sim/Movement/MovementSystem.P17.cs,101,1.2f,vehicles.movementSystem.chooseLeaderFollowScale,m,ban_kinh,02,1,inline,,"multiply: Vector2.Distance(current.Position, v.Position) <= wing.Follow * 1.2f) return current.Id;"
Sim/Movement/MovementSystem.P17.cs,112,40f,vehicles.movementSystem.chooseLeaderEscortsScale,x,khac,02,1,inline,,multiply: var score = d + 40f * escorts;
Sim/Movement/MovementSystem.P17.cs,152,30f,vehicles.movementSystem.frontPointNormalizeScale,m,ban_kinh,02,1,inline,,multiply: if (toward.LengthSquared() > 1f) return _world.ClampToMap(middle + Vector2.Normalize(toward) * 30f);
Sim/Movement/MovementSystem.P17.cs,169,1.5f,vehicles.movementSystem.seadTargetVisionRangeScale,m,ban_kinh,02,1,inline,,multiply: var bestDistance = v.Def.VisionRange * 1.5f;
Sim/Movement/MovementSystem.P25A.cs,11,0.75f,vehicles.movementSystem.glideBreak,x,khac,02,1,const_to_property,,const_field: internal const float GlideBreak = 0.75f;
Sim/Movement/MovementSystem.Rescue.cs,30,10.0,vehicles.movementSystem.rescueAfter,x,khac,02,1,const_to_property,,const_field: internal const double RescueAfter = 10.0;
Sim/Movement/MovementSystem.Rescue.cs,33,2.5f,vehicles.movementSystem.rescueMove,x,khac,02,1,const_to_property,,const_field: private const float RescueMove = 2.5f;
Sim/Movement/MovementSystem.Rescue.cs,36,6.0,vehicles.movementSystem.rescueGrace,x,khac,02,1,const_to_property,,const_field: private const double RescueGrace = 6.0;
Sim/Movement/MovementSystem.Rescue.cs,42,25.0,vehicles.movementSystem.rungMemory,x,khac,02,1,const_to_property,,const_field: private const double RungMemory = 25.0;
Sim/Movement/MovementSystem.Rescue.cs,85,10,vehicles.movementSystem.watchRescueTickMod,ticks,thoi_gian,02,1,inline,,modulo: if (!RescueEnabled || v.Flying || v.Def.Static || v.Scripted || ((_world.Tick + v.Id.Value) % 10) != 0) return;
Sim/Movement/MovementSystem.Rescue.cs,150,10,vehicles.movementSystem.tryFreeGroundRingMax,x,nguong,02,1,inline,,compare: for (var ring = 0; ring <= 10; ring++)
Sim/Movement/MovementSystem.Rescue.cs,183,9f,vehicles.movementSystem.tryHopLengthCap,count,ban_kinh,02,1,inline,,"math_min: for (var d = MathF.Min(9f, length); d >= 3f; d -= 1.5f)"
Sim/Movement/MovementSystem.Rescue.cs,183,3f,vehicles.movementSystem.tryHopDMin,m,ban_kinh,02,1,inline,,"compare: for (var d = MathF.Min(9f, length); d >= 3f; d -= 1.5f)"
Sim/Movement/MovementSystem.Rescue.cs,183,1.5f,vehicles.movementSystem.tryHopD,m,ban_kinh,02,1,inline,,"compound_assign: for (var d = MathF.Min(9f, length); d >= 3f; d -= 1.5f)"
Sim/Movement/MovementSystem.Traffic.cs,34,0.3,vehicles.movementSystem.parkedForAsk,x,khac,02,1,const_to_property,,const_field: private const double ParkedForAsk = 0.3;
Sim/Movement/MovementSystem.Traffic.cs,40,1.6f,vehicles.movementSystem.lateralStepsValue,x,khac,02,1,manual:static array table (FloatArray / IntArray entry),,"table: private static readonly float[] LateralSteps = { 1.0f, 1.6f, 2.4f };"
Sim/Movement/MovementSystem.Traffic.cs,40,2.4f,vehicles.movementSystem.lateralStepsValue2,x,khac,02,1,manual:static array table (FloatArray / IntArray entry),,"table: private static readonly float[] LateralSteps = { 1.0f, 1.6f, 2.4f };"
Sim/Movement/MovementSystem.Traffic.cs,42,4f,vehicles.movementSystem.alongStepsValue,x,khac,02,1,manual:static array table (FloatArray / IntArray entry),,"table: private static readonly float[] AlongSteps = { 0f, 4f, 8f, -4f };"
Sim/Movement/MovementSystem.Traffic.cs,42,8f,vehicles.movementSystem.alongStepsValue2,x,khac,02,1,manual:static array table (FloatArray / IntArray entry),,"table: private static readonly float[] AlongSteps = { 0f, 4f, 8f, -4f };"
Sim/Movement/MovementSystem.Traffic.cs,42,4f,vehicles.movementSystem.alongStepsValue,x,khac,02,2,manual:static array table (FloatArray / IntArray entry),,"table: private static readonly float[] AlongSteps = { 0f, 4f, 8f, -4f };"
Sim/Movement/MovementSystem.Traffic.cs,45,3f,vehicles.movementSystem.yieldTurnCost,CP,khac,02,1,const_to_property,,const_field: private const float YieldTurnCost = 3f;
Sim/Movement/MovementSystem.Traffic.cs,60,80,vehicles.movementSystem.overridePriority,x,khac,02,1,const_to_property,,const_field: private const int OverridePriority = 80;
Sim/Movement/MovementSystem.Traffic.cs,69,3.0,vehicles.movementSystem.costPathKeep,CP,khac,02,1,const_to_property,,const_field: private const double CostPathKeep = 3.0;
Sim/Movement/MovementSystem.Traffic.cs,83,120,vehicles.movementSystem.blockerCost,CP,khac,02,1,manual:field declares several variables (split first),,"const_field: private const int BlockerCost = 120, ImmovableBlockerCost = 250;"
Sim/Movement/MovementSystem.Traffic.cs,83,250,vehicles.movementSystem.immovableBlockerCost,CP,khac,02,1,manual:field declares several variables (split first),,"const_field: private const int BlockerCost = 120, ImmovableBlockerCost = 250;"
Sim/Movement/MovementSystem.Traffic.cs,89,3f,vehicles.movementSystem.detourCapLate,x,khac,02,1,const_to_property,,const_field: private const float DetourCapLate = 3f;
Sim/Movement/MovementSystem.Traffic.cs,91,8f,vehicles.movementSystem.detourSlack,x,khac,02,1,const_to_property,,const_field: private const float DetourSlack = 8f;
Sim/Movement/MovementSystem.Traffic.cs,112,4f,vehicles.movementSystem.offLaneLateralValue,x,khac,02,1,manual:static array table (FloatArray / IntArray entry),,"table: private static readonly float[] OffLaneLateral = { 4f, 7f, 10f };"
Sim/Movement/MovementSystem.Traffic.cs,112,7f,vehicles.movementSystem.offLaneLateralValue2,x,khac,02,1,manual:static array table (FloatArray / IntArray entry),,"table: private static readonly float[] OffLaneLateral = { 4f, 7f, 10f };"
Sim/Movement/MovementSystem.Traffic.cs,112,10f,vehicles.movementSystem.offLaneLateralValue3,x,khac,02,1,manual:static array table (FloatArray / IntArray entry),,"table: private static readonly float[] OffLaneLateral = { 4f, 7f, 10f };"
Sim/Movement/MovementSystem.Traffic.cs,114,4f,vehicles.movementSystem.offLaneAlongValue,x,khac,02,1,manual:static array table (FloatArray / IntArray entry),,"table: private static readonly float[] OffLaneAlong = { 0f, 4f };"
Sim/Movement/MovementSystem.Traffic.cs,169,100,vehicles.movementSystem.trafficPriorityTrafficPriority,x,khac,02,1,inline,,return: if (v.Scripted || v.Def.Boss) return 100;
Sim/Movement/MovementSystem.Traffic.cs,172,6f,vehicles.movementSystem.trafficPriorityMinRangeAdd,m,ban_kinh,02,1,inline,,"add: _world.FindNearestEnemy(v, weapon.MinRange + 6f, requireVisible: true, layers: TargetLayers.Ground) != null))"
Sim/Movement/MovementSystem.Traffic.cs,173,80,vehicles.movementSystem.trafficPriorityTrafficPriority2,x,khac,02,1,inline,,return: return 80;
Sim/Movement/MovementSystem.Traffic.cs,177,65,vehicles.movementSystem.trafficPriorityManualOrderTrue,x,khac,02,1,inline,,conditional: if (v.HasPath) return v.ManualOrder ? 65 : v.Engaged.IsValid ? 60 : 50;
Sim/Movement/MovementSystem.Traffic.cs,177,60,vehicles.movementSystem.trafficPriorityIsValidTrue,x,khac,02,1,inline,,conditional: if (v.HasPath) return v.ManualOrder ? 65 : v.Engaged.IsValid ? 60 : 50;
Sim/Movement/MovementSystem.Traffic.cs,177,50,vehicles.movementSystem.trafficPriorityIsValidFalse,x,khac,02,1,inline,,conditional: if (v.HasPath) return v.ManualOrder ? 65 : v.Engaged.IsValid ? 60 : 50;
Sim/Movement/MovementSystem.Traffic.cs,178,40,vehicles.movementSystem.trafficPriorityTrafficPriority3,x,khac,02,1,inline,,return: if (v.Traffic.YieldingTo.IsValid) return 40;
Sim/Movement/MovementSystem.Traffic.cs,179,15,vehicles.movementSystem.trafficPriorityTrafficPriority4,x,khac,02,1,inline,,return: if (v.OutOfAmmo) return 15;
Sim/Movement/MovementSystem.Traffic.cs,182,45f,vehicles.movementSystem.trafficPriorityRangeMin,m,ban_kinh,02,1,inline,,compare: var longRange = weapon.MinRange > 0f || weapon.Range >= 45f || v.Def.Class is UnitClass.TankHunter or UnitClass.Artillery;
Sim/Movement/MovementSystem.Traffic.cs,183,20,vehicles.movementSystem.trafficPriorityTrafficPriority5,m,ban_kinh,02,1,inline,,return: if (longRange) return 20;
Sim/Movement/MovementSystem.Traffic.cs,184,0.5f,vehicles.movementSystem.trafficPriorityRangeScale,m,ban_kinh,02,1,inline,,"multiply: return _world.FindNearestEnemy(v, weapon.Range * 0.5f, requireVisible: true, layers: TargetLayers.Ground) != null ? 45 : 30;"
Sim/Movement/MovementSystem.Traffic.cs,184,45,vehicles.movementSystem.trafficPriorityFindNearestEnemyTrue,m,ban_kinh,02,1,inline,,"conditional: return _world.FindNearestEnemy(v, weapon.Range * 0.5f, requireVisible: true, layers: TargetLayers.Ground) != null ? 45 : 30;"
Sim/Movement/MovementSystem.Traffic.cs,184,30,vehicles.movementSystem.trafficPriorityFindNearestEnemyFalse,m,ban_kinh,02,1,inline,,"conditional: return _world.FindNearestEnemy(v, weapon.Range * 0.5f, requireVisible: true, layers: TargetLayers.Ground) != null ? 45 : 30;"
Sim/Movement/MovementSystem.Traffic.cs,186,10,vehicles.movementSystem.trafficPriorityTrafficPriority6,x,khac,02,1,inline,,return: return 10;
Sim/Movement/MovementSystem.Traffic.cs,294,0.25f,vehicles.movementSystem.moverDirectionLengthSquaredMin,m,ban_kinh,02,1,inline,,compare: if (d.LengthSquared() > 0.25f) return Vector2.Normalize(d);
Sim/Movement/MovementSystem.Traffic.cs,296,0.01f,vehicles.movementSystem.moverDirectionLengthSquaredMin2,m,ban_kinh,02,1,inline,,compare: return toBlocker.LengthSquared() > 0.01f ? Vector2.Normalize(toBlocker) : SimMath.Forward(mover.Heading);
Sim/Movement/MovementSystem.Traffic.cs,332,0.3f,vehicles.movementSystem.tryYieldSpotAbsMin,x,nguong,02,1,inline,,compare: var mySide = MathF.Abs(lateralNow) > 0.3f ? MathF.Sign(lateralNow) : (b.Id.Value & 1) == 0 ? 1f : -1f;
Sim/Movement/MovementSystem.Traffic.cs,337,2,vehicles.movementSystem.tryYieldSpotPassMax,x,nguong,02,1,inline,,compare: for (var pass = 0; pass < 2; pass++)
Sim/Movement/MovementSystem.Traffic.cs,345,25f,vehicles.movementSystem.tryYieldSpotLookAhead,m,ban_kinh,02,1,inline,,"arg:MovementSystem.DistanceToRoute: if (DistanceToRoute(mover, p, 25f) < clear) continue;"
Sim/Movement/MovementSystem.Traffic.cs,349,6f,vehicles.movementSystem.tryYieldSpotPassTrue,m,ban_kinh,02,1,inline,,"conditional: var score = Vector2.Distance(b.Position, p) + turn * YieldTurnCost + (pass == 1 ? 6f : 0f) +"
Sim/Movement/MovementSystem.Traffic.cs,350,50f,vehicles.movementSystem.tryYieldSpotFTrue,x,khac,02,1,inline,,conditional: ((f & LaneFlags.NoPark) != 0 ? 50f : 0f) + ((f & LaneFlags.Route) != 0 ? 8f : 0f) +
Sim/Movement/MovementSystem.Traffic.cs,350,8f,vehicles.movementSystem.tryYieldSpotFTrue2,x,khac,02,1,inline,,conditional: ((f & LaneFlags.NoPark) != 0 ? 50f : 0f) + ((f & LaneFlags.Route) != 0 ? 8f : 0f) +
Sim/Movement/MovementSystem.Traffic.cs,351,10f,vehicles.movementSystem.tryYieldSpotKeepsTargetInReachFalse,m,ban_kinh,02,1,inline,,"conditional: (KeepsTargetInReach(b, p) ? 0f : 10f);"
Sim/Movement/MovementSystem.Traffic.cs,383,4f,vehicles.movementSystem.tryClearForwardAlong,x,khac,02,1,inline,,declarator: for (var along = 4f; along <= 24f; along += 2f)
Sim/Movement/MovementSystem.Traffic.cs,383,24f,vehicles.movementSystem.tryClearForwardAlongMax,x,nguong,02,1,inline,,compare: for (var along = 4f; along <= 24f; along += 2f)
Sim/Movement/MovementSystem.Traffic.cs,383,2f,vehicles.movementSystem.tryClearForwardAlong2,x,khac,02,1,inline,,compound_assign: for (var along = 4f; along <= 24f; along += 2f)
Sim/Movement/MovementSystem.Traffic.cs,389,2,vehicles.movementSystem.tryClearForwardS,x,khac,02,1,inline,,compound_assign: for (var s = -1; s <= 1; s += 2)
Sim/Movement/MovementSystem.Traffic.cs,393,30f,vehicles.movementSystem.tryClearForwardLookAhead,m,ban_kinh,02,1,inline,,"arg:MovementSystem.DistanceToRoute: if (HullAt(b, p) != null || DistanceToRoute(mover, p, 30f) < clear) continue;"
Sim/Movement/MovementSystem.Traffic.cs,416,0.3f,vehicles.movementSystem.hullAtHullRadiusAdd,m,ban_kinh,02,1,inline,,"add: if (Vector2.DistanceSquared(c1, c2) < Square(v.Def.HullRadius + o.Def.HullRadius + 0.3f)) return o;"
Sim/Movement/MovementSystem.Traffic.cs,461,0.95f,vehicles.movementSystem.keepsTargetInReachRangeScale,m,ban_kinh,02,1,inline,,multiply: return d >= weapon.MinRange && d - target.Radius <= weapon.Range * 0.95f;
Sim/Movement/MovementSystem.Traffic.cs,558,0.9f,vehicles.movementSystem.negotiateAbsScale,x,tan_suat,02,1,inline,,"multiply: slowFor = MathF.Min(slowFor, MathF.Abs(blocker.Speed) * 0.9f);"
Sim/Movement/MovementSystem.Traffic.cs,565,2f,vehicles.movementSystem.negotiateGapMin,m,ban_kinh,02,1,inline,,"compare: slowFor = MathF.Min(slowFor, gap > 2f ? MathF.Max(0f, blocker.Speed) : 0f);"
Sim/Movement/MovementSystem.Traffic.cs,572,0.25f,vehicles.movementSystem.negotiateSpeedScale,m/s,tan_suat,02,1,inline,,"multiply: slowFor = MathF.Min(slowFor, v.Def.Speed * 0.25f);"
Sim/Movement/MovementSystem.Traffic.cs,588,0.5f,vehicles.movementSystem.oncomingDotMin,x,nguong,02,1,inline,,"compare: if (!blocker.HasPath || Vector2.Dot(SimMath.Forward(blocker.Heading), forward) >= -0.5f) return false;"
Sim/Movement/MovementSystem.Traffic.cs,590,0.5f,vehicles.movementSystem.oncomingDotMax,m,ban_kinh,02,1,inline,,"compare: return towards.LengthSquared() > 1f && Vector2.Dot(Vector2.Normalize(towards), forward) < -0.5f &&"
Sim/Movement/MovementSystem.Traffic.cs,620,2f,vehicles.movementSystem.gateLookAhead,x,khac,02,1,const_to_property,,const_field: private const float GateLookAhead = 2f;
Sim/Movement/MovementSystem.Traffic.cs,660,0.3f,vehicles.movementSystem.gateSideAlongMin,x,nguong,02,1,inline,,compare: return along > 0.3f ? 1 : along < -0.3f ? -1 : 0;
Sim/Movement/MovementSystem.Traffic.cs,660,0.3f,vehicles.movementSystem.gateSideAlongMax,x,nguong,02,2,inline,,compare: return along > 0.3f ? 1 : along < -0.3f ? -1 : 0;
Sim/Movement/MovementSystem.Traffic.cs,663,2,vehicles.movementSystem.wayBitWayFalse,x,khac,02,1,inline,,conditional: private static int WayBit(int way) => way > 0 ? 1 : 2;
Sim/Movement/MovementSystem.Traffic.cs,724,3,vehicles.movementSystem.resolveGatesClaimsIs,x,khac,02,1,inline,,equals: var way = claims == 3 ? (_gateDir[id] > 0 ? -1 : 1) : claims == 1 ? 1 : claims == 2 ? -1 : 0;
Sim/Movement/MovementSystem.Traffic.cs,724,2,vehicles.movementSystem.resolveGatesClaimsIs2,x,khac,02,1,inline,,equals: var way = claims == 3 ? (_gateDir[id] > 0 ? -1 : 1) : claims == 1 ? 1 : claims == 2 ? -1 : 0;
Sim/Movement/MovementSystem.Traffic.cs,751,2,vehicles.movementSystem.tryGateWaitSpotS,s,thoi_gian,02,1,inline,,compound_assign: for (var s = -1; s <= 1; s += 2)
Sim/Movement/MovementSystem.Traffic.cs,758,0.5f,vehicles.movementSystem.tryGateWaitSpotBackScale,s,thoi_gian,02,1,inline,,multiply: var score = lateral + back * 0.5f + turn * YieldTurnCost + ((f & LaneFlags.Route) != 0 ? 8f * lanes.RouteCountAt(p) : 0f);
Sim/Movement/MovementSystem.Traffic.cs,758,8f,vehicles.movementSystem.tryGateWaitSpotRouteCountAtScale,s,thoi_gian,02,1,inline,,multiply: var score = lateral + back * 0.5f + turn * YieldTurnCost + ((f & LaneFlags.Route) != 0 ? 8f * lanes.RouteCountAt(p) : 0f);
Sim/Movement/MovementSystem.Traffic.cs,831,0.5f,vehicles.movementSystem.serveHeadOnsAbsMin,x,nguong,02,1,inline,,compare: else if (MathF.Abs(dv - d2) > 0.5f) loser = dv < d2 ? v : o;
Sim/Movement/MovementSystem.Traffic.cs,878,0.5f,vehicles.movementSystem.startReverseSpeedFloor,m/s,thoi_gian,02,1,inline,,"math_max: t.ReverseUntil = _world.Time + distance / MathF.Max(0.5f, v.Def.Speed * ReverseShare(v)) + 1.5;"
Sim/Movement/MovementSystem.Traffic.cs,878,1.5,vehicles.movementSystem.startReverseTimeAdd,s,thoi_gian,02,1,inline,,"add: t.ReverseUntil = _world.Time + distance / MathF.Max(0.5f, v.Def.Speed * ReverseShare(v)) + 1.5;"
Sim/Movement/MovementSystem.Traffic.cs,916,2f,vehicles.movementSystem.driveReverseSpeedScale,m/s,tan_suat,02,1,inline,,"multiply: v.Speed = SimMath.MoveTowards(v.Speed, -def.Speed * ReverseShare(v), def.Speed * 2f * dt);"
Sim/Movement/MovementSystem.Traffic.cs,959,2f,vehicles.movementSystem.onNoProgressHullBoundScale,m,ban_kinh,02,1,inline,,"multiply: Vector2.Distance(v.Position, v.PathGoal) < GatherReach + v.Def.HullBound * 2f)"
Sim/Movement/MovementSystem.Traffic.cs,968,2,vehicles.movementSystem.onNoProgressYieldEscalationsMax,x,nguong,02,1,inline,,compare: if (blocker != null && blocker.Team == v.Team && blocker.Traffic.YieldingTo != v.Id && t.YieldEscalations < 2 && Askable(blocker))
Sim/Movement/MovementSystem.Traffic.cs,971,10,vehicles.movementSystem.onNoProgressTrafficBoost,x,khac,02,1,inline,,compound_assign: t.TrafficBoost += 10;
Sim/Movement/MovementSystem.Traffic.cs,990,3.0,vehicles.movementSystem.onNoProgressMaxAge,x,khac,02,1,inline,,"arg:MovementSystem.RecentBlocker: RequestCostedPath(v, blocker ?? RecentBlocker(v, 3.0), aside: v.StuckStrikes >= 2);"
Sim/Movement/MovementSystem.Traffic.cs,990,2,vehicles.movementSystem.onNoProgressStuckStrikesMin,x,nguong,02,1,inline,,"compare: RequestCostedPath(v, blocker ?? RecentBlocker(v, 3.0), aside: v.StuckStrikes >= 2);"
Sim/Movement/MovementSystem.Traffic.cs,1047,0.5f,vehicles.movementSystem.runPathQueueHullRadiusAdd,m,ban_kinh,02,1,inline,,add: _costs.BlockerRadius = blocker.Def.HullRadius + v.Def.HullRadius + 0.5f;
Sim/Movement/MovementSystem.Traffic.cs,1081,2,vehicles.movementSystem.applyCostedPathStrikesMin,CP,tran,02,1,inline,,compare: var cap = request.Strikes >= 2 ? DetourCapLate : DetourCap;
Sim/Movement/MovementSystem.Traffic.cs,1156,64f,vehicles.movementSystem.keepCostedPathDistanceSquaredMax,m,thoi_gian,02,1,inline,,"compare: v.HasPath && _world.Time < v.Traffic.CostPathUntil && Vector2.DistanceSquared(goal, v.Traffic.CostGoal) < 64f;"
Sim/Movement/MovementSystem.Traffic.cs,1176,0.5f,vehicles.movementSystem.friendlyTrafficBehindSpeedMax,m/s,tan_suat,02,1,inline,,compare: if (o == v || o.Team != v.Team || !o.IsAlive || o.Def.Static || !o.HasPath || o.Speed < 0.5f) continue;
Sim/Movement/MovementSystem.Traffic.cs,1178,0.5f,vehicles.movementSystem.friendlyTrafficBehindHullRadiusAdd,m,ban_kinh,02,1,inline,,"add: if (DistanceToRoute(o, v.Position, TrafficBehindReach) < v.Def.HullRadius + o.Def.HullRadius + 0.5f) return true;"
Sim/Movement/MovementSystem.Traffic.cs,1202,2,vehicles.movementSystem.tryOffLaneSpotS,x,khac,02,1,inline,,compound_assign: for (var s = -1; s <= 1; s += 2)
Sim/Movement/MovementSystem.Traffic.cs,1211,0.95f,vehicles.movementSystem.tryOffLaneSpotRangeScale,m,ban_kinh,02,1,inline,,"multiply: if (reach > weapon.Range * 0.95f || Vector2.Distance(p, target.Position) < weapon.MinRange + 1f) continue;"
Sim/Movement/MovementSystem.Traffic.cs,1212,0.5f,vehicles.movementSystem.tryOffLaneSpotAlongScale,count,gioi_han_thuc_the,02,1,inline,,multiply: var score = lateral + along * 0.5f + ((f & LaneFlags.Road) != 0 ? 6f : 0f) + count * 8f -
Sim/Movement/MovementSystem.Traffic.cs,1212,6f,vehicles.movementSystem.tryOffLaneSpotFTrue,count,gioi_han_thuc_the,02,1,inline,,conditional: var score = lateral + along * 0.5f + ((f & LaneFlags.Road) != 0 ? 6f : 0f) + count * 8f -
Sim/Movement/MovementSystem.Traffic.cs,1212,8f,vehicles.movementSystem.tryOffLaneSpotCountScale,count,gioi_han_thuc_the,02,1,inline,,multiply: var score = lateral + along * 0.5f + ((f & LaneFlags.Road) != 0 ? 6f : 0f) + count * 8f -
Sim/Movement/MovementSystem.Traffic.cs,1213,4,vehicles.movementSystem.tryOffLaneSpotClearanceAtMin,x,nguong,02,1,inline,,compare: (lanes.ClearanceAt(p) >= 4 ? 3f : 0f);
Sim/Movement/MovementSystem.Traffic.cs,1213,3f,vehicles.movementSystem.tryOffLaneSpotClearanceAtTrue,x,khac,02,1,inline,,conditional: (lanes.ClearanceAt(p) >= 4 ? 3f : 0f);
Sim/Movement/MovementSystem.Traffic.cs,1225,0.6f,vehicles.movementSystem.clearShotFromRadiusScale,m,ban_kinh,02,1,inline,,"multiply: return !_world.Cover.TryFirstHit(p, target.Position, v.Radius * 0.6f, target is Vehicle ? target.Radius * 0.5f : 0f, target as Prop, out _);"
Sim/Movement/MovementSystem.Traffic.cs,1225,0.5f,vehicles.movementSystem.clearShotFromRadiusScale2,m,ban_kinh,02,1,inline,,"multiply: return !_world.Cover.TryFirstHit(p, target.Position, v.Radius * 0.6f, target is Vehicle ? target.Radius * 0.5f : 0f, target as Prop, out _);"
Sim/Movement/MovementSystem.Traffic.cs,1234,0.01f,vehicles.movementSystem.tryStandBesideLengthSquaredMax,m,ban_kinh,02,1,inline,,compare: if (away.LengthSquared() < 0.01f) return true;
Sim/Movement/MovementSystem.cs,19,1.6f,vehicles.movementSystem.arriveWaypoint,x,khac,02,1,const_to_property,,const_field: private const float ArriveWaypoint = 1.6f;
Sim/Movement/MovementSystem.cs,20,0.8f,vehicles.movementSystem.arriveFinal,x,khac,02,1,const_to_property,,const_field: private const float ArriveFinal = 0.8f;
Sim/Movement/MovementSystem.cs,22,1.5f,vehicles.movementSystem.stuckWindow,x,khac,02,1,const_to_property,,const_field: private const float StuckWindow = 1.5f;
Sim/Movement/MovementSystem.cs,32,4,vehicles.movementSystem.stuckStrikesToGiveUp,x,khac,02,1,const_to_property,,const_field: private const int StuckStrikesToGiveUp = 4;
Sim/Movement/MovementSystem.cs,39,6f,vehicles.movementSystem.hoverSlide,x,khac,02,1,const_to_property,,const_field: private const float HoverSlide = 6f;
Sim/Movement/MovementSystem.cs,44,0.8f,vehicles.movementSystem.avoidAngle,deg,khac,02,1,const_to_property,,const_field: private const float AvoidAngle = 0.8f;
Sim/Movement/MovementSystem.cs,47,0.04f,vehicles.movementSystem.headingDeadBand,x,khac,02,1,const_to_property,,const_field: private const float HeadingDeadBand = 0.04f;
Sim/Movement/MovementSystem.cs,238,0.85f,vehicles.movementSystem.blockerHullRadiusScale,m,ban_kinh,02,1,inline,,multiply: var width = v.Def.HullRadius * 0.85f;
Sim/Movement/MovementSystem.cs,312,16f,vehicles.movementSystem.updateGuardReach,s,thoi_gian,02,1,inline,,"arg:MovementSystem.TryStandBeside: if (!v.HasPath && v.RepathTimer <= 0f && lanes.NoParkAt(v.Position) && TryStandBeside(v.Position, 16f, out var aside))"
Sim/Movement/MovementSystem.cs,318,16f,vehicles.movementSystem.updateGuardReach,m,ban_kinh,02,1,inline,,"arg:MovementSystem.TryStandBeside: if (lanes.NoParkAt(v.GuardPoint) && TryStandBeside(v.GuardPoint, 16f, out var post)) v.GuardPoint = post;"
Sim/Movement/MovementSystem.cs,332,4f,vehicles.movementSystem.updateGuardGuardLeashAdd,m,ban_kinh,02,1,inline,,add: if (threat != null && fromPost <= GuardLeash + 4f)
Sim/Movement/MovementSystem.cs,340,2f,vehicles.movementSystem.updateGuardFromPostMin,s,thoi_gian,02,1,inline,,"compare: if (fromPost > 2f && !v.HasPath && v.RepathTimer <= 0f) _world.PathTo(v, v.GuardPoint);"
Sim/Movement/MovementSystem.cs,356,2.4f,vehicles.movementSystem.guardThreatInterceptorTrue,m,ban_kinh,02,1,inline,,conditional: var reach = GuardLeash + weapon.Range * (v.Def.Interceptor ? 2.4f : 0.9f);
Sim/Movement/MovementSystem.cs,356,0.9f,vehicles.movementSystem.guardThreatInterceptorFalse,m,ban_kinh,02,1,inline,,conditional: var reach = GuardLeash + weapon.Range * (v.Def.Interceptor ? 2.4f : 0.9f);
Sim/Movement/MovementSystem.cs,384,0.7f,vehicles.movementSystem.updateAttackMoveVisionRangeScale,m,ban_kinh,02,1,inline,,"multiply: _world.FindNearestEnemy(v, v.Def.VisionRange * 0.7f, requireVisible: true, layers: TargetLayers.Ground, mobileOnly: true) != null)"
Sim/Movement/MovementSystem.cs,436,60f,vehicles.movementSystem.bombTargetVisionRangeFloor,m,ban_kinh,02,1,inline,,"math_max: var reach = MathF.Max(v.Def.VisionRange, 60f);"
Sim/Movement/MovementSystem.cs,444,2f,vehicles.movementSystem.bombTargetWorthMin,x,nguong,02,1,inline,,"math_clamp: var score = _world.Combat.BombWorth(v.Team, e, weapon) * MathF.Sqrt(Math.Clamp(Combat.CombatSystem.Worth(e), 2f, 25f)) / (1f + d / 200f);"
Sim/Movement/MovementSystem.cs,444,25f,vehicles.movementSystem.bombTargetWorthMax,x,nguong,02,1,inline,,"math_clamp: var score = _world.Combat.BombWorth(v.Team, e, weapon) * MathF.Sqrt(Math.Clamp(Combat.CombatSystem.Worth(e), 2f, 25f)) / (1f + d / 200f);"
Sim/Movement/MovementSystem.cs,444,200f,vehicles.movementSystem.bombTargetDDivisor,x,khac,02,1,inline,,"divide: var score = _world.Combat.BombWorth(v.Team, e, weapon) * MathF.Sqrt(Math.Clamp(Combat.CombatSystem.Worth(e), 2f, 25f)) / (1f + d / 200f);"
Sim/Movement/MovementSystem.cs,460,30f,vehicles.movementSystem.stayBehindArmourNearest,x,sat_thuong,02,1,inline,,local_init: var nearest = 30f;
Sim/Movement/MovementSystem.cs,477,0.01f,vehicles.movementSystem.stayBehindArmourLengthSquaredMin,m,sat_thuong,02,1,inline,,compare: back = back.LengthSquared() > 0.01f ? Vector2.Normalize(back) : SimMath.Forward(escort.Heading + MathF.PI);
Sim/Movement/MovementSystem.cs,478,5f,vehicles.movementSystem.stayBehindArmourHullBoundAdd,x,sat_thuong,02,1,inline,,add: var spot = escort.Position + back * (escort.Def.HullBound + v.Def.HullBound + 5f);
Sim/Movement/MovementSystem.cs,479,10f,vehicles.movementSystem.stayBehindArmourReach,x,sat_thuong,02,1,inline,,"arg:MovementSystem.TryStandBeside: if (_world.Lanes.NoParkAt(spot) && TryStandBeside(spot, 10f, out var beside)) spot = beside;"
Sim/Movement/MovementSystem.cs,480,4f,vehicles.movementSystem.stayBehindArmourDistanceMax,m,sat_thuong,02,1,inline,,"compare: if (Vector2.Distance(spot, v.Position) < 4f)"
Sim/Movement/MovementSystem.cs,485,4f,vehicles.movementSystem.stayBehindArmourDistanceMin,m,sat_thuong,02,1,inline,,"compare: if (v.RepathTimer <= 0f && (!v.HasPath || Vector2.Distance(v.PathGoal, spot) > 4f))"
Sim/Movement/MovementSystem.cs,487,2f,vehicles.movementSystem.stayBehindArmourRepathIntervalScale,s,sat_thuong,02,1,inline,,multiply: v.RepathTimer = RepathInterval * 2f;
Sim/Movement/MovementSystem.cs,517,2,vehicles.movementSystem.standoffPenetrationMin,x,sat_thuong,02,1,inline,,compare: if (m.Weapon.CanTarget(true) && (Combat.CombatSystem.IsAntiAir(m.Weapon) || m.Weapon.Penetration >= 2))
Sim/Movement/MovementSystem.cs,520,2f,vehicles.movementSystem.standoffReachSub,m,ban_kinh,02,1,inline,,"subtract: if (aa > 0f && aa < reach - 2f) _shortAa.Add((e.Position, aa));"
Sim/Movement/MovementSystem.cs,541,0.01f,vehicles.movementSystem.standoffLengthSquaredMin,m,ban_kinh,02,1,inline,,compare: var close = target.Position + (toward.LengthSquared() > 0.01f ? Vector2.Normalize(toward) : Vector2.UnitX) * (gun * 0.85f + target.Radius);
Sim/Movement/MovementSystem.cs,541,0.85f,vehicles.movementSystem.standoffGunScale,m,ban_kinh,02,1,inline,,multiply: var close = target.Position + (toward.LengthSquared() > 0.01f ? Vector2.Normalize(toward) : Vector2.UnitX) * (gun * 0.85f + target.Radius);
Sim/Movement/MovementSystem.cs,555,4,vehicles.movementSystem.standoffK,x,khac,02,1,inline,,declarator: for (var k = -4; k <= 4; k++)
Sim/Movement/MovementSystem.cs,555,4,vehicles.movementSystem.standoffKMax,x,nguong,02,2,inline,,compare: for (var k = -4; k <= 4; k++)
Sim/Movement/MovementSystem.cs,557,22.5f,vehicles.movementSystem.standoffDegrees,x,khac,02,1,inline,,arg:SimMath.DegToRad: var spot = _world.ClampToMap(target.Position + SimMath.Forward(bearing + k * SimMath.DegToRad(22.5f)) * ring);
Sim/Movement/MovementSystem.cs,559,10f,vehicles.movementSystem.standoffExposureScale,x,khac,02,1,inline,,multiply: var score = exposure * 10f + MathF.Abs(k);
Sim/Movement/MovementSystem.cs,567,0.97f,vehicles.movementSystem.standoffReachScale,m,ban_kinh,02,1,inline,,multiply: if (distance <= reach * 0.97f && distance >= reach * 0.6f && Exposure(v.Position) <= bestExposure + 0.5f &&
Sim/Movement/MovementSystem.cs,567,0.6f,vehicles.movementSystem.standoffReachScale2,m,ban_kinh,02,1,inline,,multiply: if (distance <= reach * 0.97f && distance >= reach * 0.6f && Exposure(v.Position) <= bestExposure + 0.5f &&
Sim/Movement/MovementSystem.cs,567,0.5f,vehicles.movementSystem.standoffBestExposureAdd,m,ban_kinh,02,1,inline,,add: if (distance <= reach * 0.97f && distance >= reach * 0.6f && Exposure(v.Position) <= bestExposure + 0.5f &&
Sim/Movement/MovementSystem.cs,580,0.82f,vehicles.movementSystem.ringsValue,x,khac,02,1,manual:static array table (FloatArray / IntArray entry),,"table: private static readonly float[] Rings = { 0.82f, 0.95f };"
Sim/Movement/MovementSystem.cs,580,0.95f,vehicles.movementSystem.ringsValue2,x,khac,02,1,manual:static array table (FloatArray / IntArray entry),,"table: private static readonly float[] Rings = { 0.82f, 0.95f };"
Sim/Movement/MovementSystem.cs,583,6.0,vehicles.movementSystem.standoffOpening,x,khac,02,1,const_to_property,,const_field: private const double StandoffOpening = 6.0;
Sim/Movement/MovementSystem.cs,622,0.6f,vehicles.movementSystem.hoverReachMainScale,m,ban_kinh,02,1,inline,,"multiply: return v.Def.Standoff ? reach : MathF.Max(reach, main * 0.6f);"
Sim/Movement/MovementSystem.cs,626,5f,vehicles.movementSystem.standoffMargin,x,khac,02,1,const_to_property,,const_field: private const float StandoffMargin = 5f;
Sim/Movement/MovementSystem.cs,651,8f,vehicles.movementSystem.closeInMinRangeAdd,m,ban_kinh,02,1,inline,,"add: if (_world.EscapeRoute(v, target.Position, weapon.MinRange + 8f - distance) is { } escape) _world.PathTo(v, escape);"
Sim/Movement/MovementSystem.cs,661,0.9f,vehicles.movementSystem.closeInReachScale,m,ban_kinh,02,1,inline,,multiply: if (distance <= reach * 0.9f && clear)
Sim/Movement/MovementSystem.cs,672,3f,vehicles.movementSystem.closeInRepathIntervalScale,s,thoi_gian,02,1,inline,,multiply: v.RepathTimer = RepathInterval * 3f;
Sim/Movement/MovementSystem.cs,678,16f,vehicles.movementSystem.closeInReach,s,thoi_gian,02,1,inline,,"arg:MovementSystem.TryStandBeside: if (!v.HasPath && v.RepathTimer <= 0f && TryStandBeside(v.Position, 16f, out var beside))"
Sim/Movement/MovementSystem.cs,691,4f,vehicles.movementSystem.closeInRangeAdd,m,ban_kinh,02,1,inline,,add: if (!v.Flying && !v.HasPath && target is Vehicle { BlocksRoutes: true } && distance <= weapon.Range + 4f)
Sim/Movement/MovementSystem.cs,700,4f,vehicles.movementSystem.closeInGoalDriftMin,s,thoi_gian,02,1,inline,,compare: if (v.RepathTimer <= 0f && (!v.HasPath || goalDrift > 4f || (!clear && v.PathCompleted)))
Sim/Movement/MovementSystem.cs,704,10f,vehicles.movementSystem.closeInGoalDriftMax,x,nguong,02,1,inline,,"compare: if (goalDrift <= 10f && KeepCostedPath(v, v.PathGoal)) return;"
Sim/Movement/MovementSystem.cs,732,2f,vehicles.movementSystem.driveSpeedScale,m/s,tan_suat,02,1,inline,,"multiply: v.Speed = SimMath.MoveTowards(v.Speed, 0f, def.Speed * 2f * dt);"
Sim/Movement/MovementSystem.cs,741,2f,vehicles.movementSystem.driveSpeedScale,m/s,tan_suat,02,1,inline,,"multiply: v.Speed = SimMath.MoveTowards(v.Speed, 0f, def.Speed * 2f * dt);"
Sim/Movement/MovementSystem.cs,748,0.1f,vehicles.movementSystem.driveSpeedMax,m/s,tan_suat,02,1,inline,,compare: else if (!def.Flying && v.FaceHeading is { } face && v.Speed < 0.1f)
Sim/Movement/MovementSystem.cs,749,0.5f,vehicles.movementSystem.driveTurnRateScale,x,tan_suat,02,1,inline,,"multiply: v.Heading = SimMath.RotateTowards(v.Heading, face, def.TurnRate * v.TurnFactor * 0.5f * dt);"
Sim/Movement/MovementSystem.cs,759,0.9f,vehicles.movementSystem.driveRadiusScale,m,ban_kinh,02,1,inline,,"multiply: var arrive = isFinal ? (def.Flying && CrowdedInAir(v, waypoint) ? ArriveFinal + v.Radius * 0.9f : ArriveFinal) : ArriveWaypoint;"
Sim/Movement/MovementSystem.cs,771,1.2f,vehicles.movementSystem.driveDistanceScale,m,ban_kinh,02,1,inline,,"multiply: v.Speed = SimMath.MoveTowards(v.Speed, MathF.Min(def.Speed * v.SpeedFactor, MathF.Max(1f, distance * 1.2f)), def.Speed * 2f * dt);"
Sim/Movement/MovementSystem.cs,771,2f,vehicles.movementSystem.driveSpeedScale,m/s,ban_kinh,02,1,inline,,"multiply: v.Speed = SimMath.MoveTowards(v.Speed, MathF.Min(def.Speed * v.SpeedFactor, MathF.Max(1f, distance * 1.2f)), def.Speed * 2f * dt);"
Sim/Movement/MovementSystem.cs,781,1.5f,vehicles.movementSystem.driveDistanceMin,m,ban_kinh,02,1,inline,,compare: if (!def.Flying && distance > 1.5f)
Sim/Movement/MovementSystem.cs,788,1.2f,vehicles.movementSystem.driveSpeedAdd,m/s,tan_suat,02,1,inline,,"add: var blocker = Blocker(v, forward, 1.2f + v.Speed * 0.7f);"
Sim/Movement/MovementSystem.cs,788,0.7f,vehicles.movementSystem.driveSpeedScale2,m/s,tan_suat,02,1,inline,,"multiply: var blocker = Blocker(v, forward, 1.2f + v.Speed * 0.7f);"
Sim/Movement/MovementSystem.cs,799,0.4f,vehicles.movementSystem.driveDotMin,x,nguong,02,1,inline,,"compare: var sameWay = Vector2.Dot(SimMath.Forward(blocker.Heading), forward) > 0.4f;"
Sim/Movement/MovementSystem.cs,800,0.9f,vehicles.movementSystem.driveSpeedScale3,m/s,tan_suat,02,1,inline,,multiply: if (blocker.Team == v.Team && blocker.IsMoving && sameWay) slowFor = blocker.Speed * 0.9f;
Sim/Movement/MovementSystem.cs,810,0.5f,vehicles.movementSystem.driveDotMax,x,nguong,02,1,inline,,"compare: var oncoming = blocker.IsMoving && Vector2.Dot(SimMath.Forward(blocker.Heading), forward) < -0.5f;"
Sim/Movement/MovementSystem.cs,814,0.5f,vehicles.movementSystem.driveSpeedScale4,m/s,tan_suat,02,1,inline,,multiply: slowFor = def.Speed * 0.5f;
Sim/Movement/MovementSystem.cs,822,0.5,vehicles.movementSystem.driveAvoidSecondsScale,s,thoi_gian,02,1,inline,,"multiply: desired += AvoidTurn(v, desired, v.AvoidSide * AvoidAngle * (float)Math.Min(1.0, (v.AvoidUntil - _world.Time) / (AvoidSeconds * 0.5)));"
Sim/Movement/MovementSystem.cs,824,1.2f,vehicles.movementSystem.driveAbsMin,m,ban_kinh,02,1,inline,,compare: if (isFinal && distance < SettleDistance && MathF.Abs(SimMath.WrapAngle(SimMath.HeadingOf(toWaypoint) - v.Heading)) > 1.2f)
Sim/Movement/MovementSystem.cs,839,0.3f,vehicles.movementSystem.driveSpeedScale5,m/s,tan_suat,02,1,inline,,multiply: var cruising = v.Speed > def.Speed * 0.3f;
Sim/Movement/MovementSystem.cs,840,2.5f,vehicles.movementSystem.driveDistanceMin2,m,ban_kinh,02,1,inline,,compare: if ((!isFinal || distance > 2.5f || misalignment > 0.6f) && (def.Flying || !cruising || misalignment > HeadingDeadBand))
Sim/Movement/MovementSystem.cs,840,0.6f,vehicles.movementSystem.driveMisalignmentMin,m,ban_kinh,02,1,inline,,compare: if ((!isFinal || distance > 2.5f || misalignment > 0.6f) && (def.Flying || !cruising || misalignment > HeadingDeadBand))
Sim/Movement/MovementSystem.cs,844,0.5f,vehicles.movementSystem.drivePIScale,x,nguong,02,1,inline,,"multiply: var alignment = MathF.Cos(MathF.Min(misalignment, MathF.PI * 0.5f));"
Sim/Movement/MovementSystem.cs,845,0.4f,vehicles.movementSystem.driveFlyingTrue,x,tan_suat,02,1,inline,,"conditional: var targetSpeed = def.Speed * v.SpeedFactor * MathF.Max(alignment, def.Flying ? 0.4f : 0.15f);"
Sim/Movement/MovementSystem.cs,845,0.15f,vehicles.movementSystem.driveFlyingFalse,x,tan_suat,02,1,inline,,"conditional: var targetSpeed = def.Speed * v.SpeedFactor * MathF.Max(alignment, def.Flying ? 0.4f : 0.15f);"
Sim/Movement/MovementSystem.cs,847,0.6f,vehicles.movementSystem.driveMisalignmentMin,m,ban_kinh,02,1,inline,,"compare: if (isFinal) targetSpeed = MathF.Min(targetSpeed, MathF.Max(misalignment > 0.6f ? 0.3f : 1.5f, distance * 1.5f));"
Sim/Movement/MovementSystem.cs,847,0.3f,vehicles.movementSystem.driveMisalignmentTrue,m,ban_kinh,02,1,inline,,"conditional: if (isFinal) targetSpeed = MathF.Min(targetSpeed, MathF.Max(misalignment > 0.6f ? 0.3f : 1.5f, distance * 1.5f));"
Sim/Movement/MovementSystem.cs,847,1.5f,vehicles.movementSystem.driveMisalignmentFalse,m,ban_kinh,02,1,inline,,"conditional: if (isFinal) targetSpeed = MathF.Min(targetSpeed, MathF.Max(misalignment > 0.6f ? 0.3f : 1.5f, distance * 1.5f));"
Sim/Movement/MovementSystem.cs,847,1.5f,vehicles.movementSystem.driveDistanceScale2,m,ban_kinh,02,2,inline,,"multiply: if (isFinal) targetSpeed = MathF.Min(targetSpeed, MathF.Max(misalignment > 0.6f ? 0.3f : 1.5f, distance * 1.5f));"
Sim/Movement/MovementSystem.cs,849,1.2f,vehicles.movementSystem.driveTargetSpeedTrue,m/s,tan_suat,02,1,inline,,conditional: var acceleration = def.Speed / (targetSpeed > v.Speed ? 1.2f : 0.5f);
Sim/Movement/MovementSystem.cs,849,0.5f,vehicles.movementSystem.driveTargetSpeedFalse,m/s,tan_suat,02,1,inline,,conditional: var acceleration = def.Speed / (targetSpeed > v.Speed ? 1.2f : 0.5f);
Sim/Movement/MovementSystem.cs,889,0.5f,vehicles.movementSystem.driveAeroplaneWidthScale,m,ban_kinh,02,1,inline,,"multiply: float halfX = _world.Map.Width * 0.5f, halfZ = _world.Map.Length * 0.5f;"
Sim/Movement/MovementSystem.cs,889,0.5f,vehicles.movementSystem.driveAeroplaneLengthScale,m,ban_kinh,02,2,inline,,"multiply: float halfX = _world.Map.Width * 0.5f, halfZ = _world.Map.Length * 0.5f;"
Sim/Movement/MovementSystem.cs,890,1.3f,vehicles.movementSystem.driveAeroplaneTurnRadiusScale,m,ban_kinh,02,1,inline,,multiply: var margin = turnRadius * 1.3f + 4f;
Sim/Movement/MovementSystem.cs,890,4f,vehicles.movementSystem.driveAeroplaneTurnRadiusAdd,m,ban_kinh,02,1,inline,,add: var margin = turnRadius * 1.3f + 4f;
Sim/Movement/MovementSystem.cs,901,1.15f,vehicles.movementSystem.driveAeroplaneTurnRadiusScale2,m,ban_kinh,02,1,inline,,"multiply: var radius = MathF.Max(turnRadius * 1.15f, def.OrbitRadius > 0f ? def.OrbitRadius : def.Weapon.Range * 0.62f);"
Sim/Movement/MovementSystem.cs,901,0.62f,vehicles.movementSystem.driveAeroplaneRangeScale,m,ban_kinh,02,1,inline,,"multiply: var radius = MathF.Max(turnRadius * 1.15f, def.OrbitRadius > 0f ? def.OrbitRadius : def.Weapon.Range * 0.62f);"
Sim/Movement/MovementSystem.cs,902,4f,vehicles.movementSystem.driveAeroplaneHalfXSub,m,ban_kinh,02,1,inline,,"subtract: var limitX = MathF.Max(0f, halfX - radius - 4f);"
Sim/Movement/MovementSystem.cs,903,4f,vehicles.movementSystem.driveAeroplaneHalfZSub,m,ban_kinh,02,1,inline,,"subtract: var limitZ = MathF.Max(0f, halfZ - radius - 4f);"
Sim/Movement/MovementSystem.cs,936,10f,vehicles.movementSystem.driveAeroplaneAwayScale,x,khac,02,1,inline,,multiply: goal = v.Position + away * 10f;
Sim/Movement/MovementSystem.cs,946,6f,vehicles.movementSystem.driveAeroplaneRangeFloor,m,ban_kinh,02,1,inline,,"math_max: if (distance < MathF.Max(6f, range * 0.3f) || (tail == null && ahead < 0f && distance < range * 0.6f)) v.RunExtending = true;"
Sim/Movement/MovementSystem.cs,946,0.3f,vehicles.movementSystem.driveAeroplaneRangeScale2,m,ban_kinh,02,1,inline,,"multiply: if (distance < MathF.Max(6f, range * 0.3f) || (tail == null && ahead < 0f && distance < range * 0.6f)) v.RunExtending = true;"
Sim/Movement/MovementSystem.cs,946,0.6f,vehicles.movementSystem.driveAeroplaneRangeScale3,m,ban_kinh,02,1,inline,,"multiply: if (distance < MathF.Max(6f, range * 0.3f) || (tail == null && ahead < 0f && distance < range * 0.6f)) v.RunExtending = true;"
Sim/Movement/MovementSystem.cs,948,0.85f,vehicles.movementSystem.driveAeroplaneRangeScale4,m,ban_kinh,02,1,inline,,"multiply: else if (distance > MathF.Max(range * 0.85f, turnRadius * 2.2f))"
Sim/Movement/MovementSystem.cs,948,2.2f,vehicles.movementSystem.driveAeroplaneTurnRadiusScale3,m,ban_kinh,02,1,inline,,"multiply: else if (distance > MathF.Max(range * 0.85f, turnRadius * 2.2f))"
Sim/Movement/MovementSystem.cs,954,10f,vehicles.movementSystem.driveAeroplaneForwardScale,x,khac,02,1,inline,,multiply: goal = v.RunExtending ? v.Position + SimMath.Forward(v.BreakAway ? v.BreakHeading : v.Heading) * 10f : target.Position;
Sim/Movement/MovementSystem.cs,960,0.9f,vehicles.movementSystem.driveAeroplaneDistanceScale,m,ban_kinh,02,1,inline,,multiply: v.OnTail = tail != null && behind && !v.RunExtending && gap <= range && ahead > distance * 0.9f;
Sim/Movement/MovementSystem.cs,965,1.3f,vehicles.movementSystem.driveAeroplaneRangeScale5,m,ban_kinh,02,1,inline,,multiply: if (!v.RunExtending && mover != null && gap < range * 1.3f && ahead > distance * 0.6f)
Sim/Movement/MovementSystem.cs,965,0.6f,vehicles.movementSystem.driveAeroplaneDistanceScale2,m,ban_kinh,02,1,inline,,multiply: if (!v.RunExtending && mover != null && gap < range * 1.3f && ahead > distance * 0.6f)
Sim/Movement/MovementSystem.cs,969,1.5f,vehicles.movementSystem.driveAeroplaneGapScale,m,ban_kinh,02,1,inline,,"multiply: var want = (mover.Speed + (gap - range * ChaseShare) * 1.5f) / MathF.Max(1f, def.Speed * v.SpeedFactor);"
Sim/Movement/MovementSystem.cs,970,0.3f,vehicles.movementSystem.driveAeroplaneVtolTrue,x,khac,02,1,inline,,"conditional: throttle = Math.Clamp(want, def.Vtol ? 0.3f : 0.45f, 1f);"
Sim/Movement/MovementSystem.cs,970,0.45f,vehicles.movementSystem.driveAeroplaneVtolFalse,x,khac,02,1,inline,,"conditional: throttle = Math.Clamp(want, def.Vtol ? 0.3f : 0.45f, 1f);"
Sim/Movement/MovementSystem.cs,976,0.5f,vehicles.movementSystem.driveAeroplaneGapAdd,m,ban_kinh,02,1,inline,,"add: throttle = Math.Clamp((gap - range) / range + 0.5f, 0.5f, 1f);"
Sim/Movement/MovementSystem.cs,976,0.5f,vehicles.movementSystem.driveAeroplaneGapMin,m,ban_kinh,02,2,inline,,"math_clamp: throttle = Math.Clamp((gap - range) / range + 0.5f, 0.5f, 1f);"
Sim/Movement/MovementSystem.cs,980,1.1f,vehicles.movementSystem.driveAeroplaneRangeScale6,m,ban_kinh,02,1,inline,,multiply: else if (!v.RunExtending && distance < range * 1.1f) throttle = 0.8f;
Sim/Movement/MovementSystem.cs,980,0.8f,vehicles.movementSystem.driveAeroplaneThrottle,m,ban_kinh,02,1,inline,,assign: else if (!v.RunExtending && distance < range * 1.1f) throttle = 0.8f;
Sim/Movement/MovementSystem.cs,986,8f,vehicles.movementSystem.driveAeroplaneTurnRadiusFloor,m,ban_kinh,02,1,inline,,"math_max: if (Vector2.Distance(v.Position, goal) < MathF.Max(8f, turnRadius))"
Sim/Movement/MovementSystem.cs,994,14f,vehicles.movementSystem.driveAeroplaneTurnRadiusFloor2,m,ban_kinh,02,1,inline,,"math_max: goal = OrbitPoint(v, MathF.Max(14f, turnRadius * 1.6f));"
Sim/Movement/MovementSystem.cs,994,1.6f,vehicles.movementSystem.driveAeroplaneTurnRadiusScale4,m,ban_kinh,02,1,inline,,"multiply: goal = OrbitPoint(v, MathF.Max(14f, turnRadius * 1.6f));"
Sim/Movement/MovementSystem.cs,1006,0.8f,vehicles.movementSystem.driveAeroplaneSpeedScale,m/s,tan_suat,02,1,inline,,"multiply: v.Speed = SimMath.MoveTowards(v.Speed, def.Speed * v.SpeedFactor * throttle, def.Speed * 0.8f * dt);"
Sim/Movement/MovementSystem.cs,1011,6f,vehicles.movementSystem.orbitGlide,x,khac,02,1,const_to_property,,const_field: private const float OrbitGlide = 6f;
Sim/Movement/MovementSystem.cs,1014,1.5,vehicles.movementSystem.holdRest,x,khac,02,1,const_to_property,,const_field: private const double HoldRest = 1.5;
Sim/Movement/MovementSystem.cs,1017,0.15f,vehicles.movementSystem.hangSlowest,x,khac,02,1,manual:field declares several variables (split first),,"const_field: private const float HangSlowest = 0.15f, HangFastest = 0.5f;"
Sim/Movement/MovementSystem.cs,1017,0.5f,vehicles.movementSystem.hangFastest,x,khac,02,1,manual:field declares several variables (split first),,"const_field: private const float HangSlowest = 0.15f, HangFastest = 0.5f;"
Sim/Movement/MovementSystem.cs,1020,0.6f,vehicles.movementSystem.holdCone,deg,khac,02,1,const_to_property,,const_field: private const float HoldCone = 0.6f;
Sim/Movement/MovementSystem.cs,1030,0.5f,vehicles.movementSystem.tailCone,deg,khac,02,1,manual:field declares several variables (split first),,"const_field: private const float TailCone = 0.5f, TailClose = 1.4f;"
Sim/Movement/MovementSystem.cs,1030,1.4f,vehicles.movementSystem.tailClose,x,khac,02,1,manual:field declares several variables (split first),,"const_field: private const float TailCone = 0.5f, TailClose = 1.4f;"
Sim/Movement/MovementSystem.cs,1060,0.1f,vehicles.movementSystem.dogfightDistanceMin,m,ban_kinh,02,1,inline,,compare: var from = distance > 0.1f ? (v.Position - enemy.Position) / distance : -away;
Sim/Movement/MovementSystem.cs,1075,0.6f,vehicles.movementSystem.dogfightTheirsMin,m,ban_kinh,02,1,inline,,compare: if (distance > range * DefendOut || theirs > 0.6f) v.Defending = false;
Sim/Movement/MovementSystem.cs,1077,0.5f,vehicles.movementSystem.dogfightMineMin,m,ban_kinh,02,1,inline,,compare: else if (distance < range * DefendIn && !(mine > 0.5f && theirs > 0.5f) && !enemy.Defending &&
Sim/Movement/MovementSystem.cs,1077,0.5f,vehicles.movementSystem.dogfightTheirsMin2,m,ban_kinh,02,2,inline,,compare: else if (distance < range * DefendIn && !(mine > 0.5f && theirs > 0.5f) && !enemy.Defending &&
Sim/Movement/MovementSystem.cs,1082,1.6f,vehicles.movementSystem.dogfightTimeScale,s,thoi_gian,02,1,inline,,multiply: var weave = MathF.Sin((float)_world.Time * 1.6f + v.Id.Value) * 0.6f;
Sim/Movement/MovementSystem.cs,1082,0.6f,vehicles.movementSystem.dogfightSinScale,s,thoi_gian,02,1,inline,,multiply: var weave = MathF.Sin((float)_world.Time * 1.6f + v.Id.Value) * 0.6f;
Sim/Movement/MovementSystem.cs,1084,2f,vehicles.movementSystem.dogfightAwayScale,x,khac,02,1,inline,,multiply: away = Vector2.Normalize(away * 2f + from + side * weave);
Sim/Movement/MovementSystem.cs,1094,2.2f,vehicles.movementSystem.defendIn,x,khac,02,1,manual:field declares several variables (split first),,"const_field: private const float DefendIn = 2.2f, DefendOut = 2.6f, AspectMargin = 0.25f, DefendPower = 0.82f;"
Sim/Movement/MovementSystem.cs,1094,2.6f,vehicles.movementSystem.defendOut,x,khac,02,1,manual:field declares several variables (split first),,"const_field: private const float DefendIn = 2.2f, DefendOut = 2.6f, AspectMargin = 0.25f, DefendPower = 0.82f;"
Sim/Movement/MovementSystem.cs,1094,0.25f,vehicles.movementSystem.aspectMargin,x,khac,02,1,manual:field declares several variables (split first),,"const_field: private const float DefendIn = 2.2f, DefendOut = 2.6f, AspectMargin = 0.25f, DefendPower = 0.82f;"
Sim/Movement/MovementSystem.cs,1094,0.82f,vehicles.movementSystem.defendPower,x,khac,02,1,manual:field declares several variables (split first),,"const_field: private const float DefendIn = 2.2f, DefendOut = 2.6f, AspectMargin = 0.25f, DefendPower = 0.82f;"
Sim/Movement/MovementSystem.cs,1097,1.3f,vehicles.movementSystem.tailTurn,x,khac,02,1,const_to_property,,const_field: private const float TailTurn = 1.3f;
Sim/Movement/MovementSystem.cs,1100,1.1f,vehicles.movementSystem.breakTurn,x,khac,02,1,const_to_property,,const_field: private const float BreakTurn = 1.1f;
Sim/Movement/MovementSystem.cs,1123,5f,vehicles.movementSystem.attackHoldReachFloor,m,ban_kinh,02,1,inline,,"math_max: var pullThrough = MathF.Max(5f, reach * 0.2f);"
Sim/Movement/MovementSystem.cs,1123,0.2f,vehicles.movementSystem.attackHoldReachScale,m,ban_kinh,02,1,inline,,"multiply: var pullThrough = MathF.Max(5f, reach * 0.2f);"
Sim/Movement/MovementSystem.cs,1126,0.95f,vehicles.movementSystem.attackHoldReachScale2,s,thoi_gian,02,1,inline,,multiply: if (v.RunExtending || now < v.HoldReadyAt || gap > reach * 0.95f || distance < pullThrough + 3f ||
Sim/Movement/MovementSystem.cs,1126,3f,vehicles.movementSystem.attackHoldPullThroughAdd,s,thoi_gian,02,1,inline,,add: if (v.RunExtending || now < v.HoldReadyAt || gap > reach * 0.95f || distance < pullThrough + 3f ||
Sim/Movement/MovementSystem.cs,1132,1.25f,vehicles.movementSystem.attackHoldReachScale3,m,ban_kinh,02,1,inline,,multiply: if (gap > reach * 1.25f)
Sim/Movement/MovementSystem.cs,1141,0.5f,vehicles.movementSystem.attackHoldPIScale,m,ban_kinh,02,1,inline,,multiply: if (!hover && (distance < pullThrough || off > MathF.PI * 0.5f))
Sim/Movement/MovementSystem.cs,1148,1.5f,vehicles.movementSystem.attackHoldGapScale,m,ban_kinh,02,1,inline,,"multiply: if (hover) want = Math.Clamp((gap - reach * HoverShare) * 1.5f, 0f, cruise * 0.5f);"
Sim/Movement/MovementSystem.cs,1148,0.5f,vehicles.movementSystem.attackHoldCruiseScale,m,ban_kinh,02,1,inline,,"multiply: if (hover) want = Math.Clamp((gap - reach * HoverShare) * 1.5f, 0f, cruise * 0.5f);"
Sim/Movement/MovementSystem.cs,1152,0.3,vehicles.movementSystem.attackHoldHoldUntilFloor,s,thoi_gian,02,1,inline,,"math_max: var left = (float)Math.Max(0.3, v.HoldUntil - now);"
Sim/Movement/MovementSystem.cs,1155,1.1f,vehicles.movementSystem.attackHoldSpeedScale,m/s,tan_suat,02,1,inline,,"multiply: v.Speed = SimMath.MoveTowards(v.Speed, want, def.Speed * 1.1f * dt);"
Sim/Movement/MovementSystem.cs,1156,1.4f,vehicles.movementSystem.attackHoldTurnRateScale,x,tan_suat,02,1,inline,,"multiply: v.Heading = SimMath.RotateTowards(v.Heading, SimMath.HeadingOf(toTarget), def.TurnRate * v.TurnFactor * 1.4f * dt);"
Sim/Movement/MovementSystem.cs,1163,2f,vehicles.movementSystem.attackHoldPullThroughScale,m,ban_kinh,02,1,inline,,"multiply: if (target is Vehicle { Flying: true } && TailGun(v, flying: true) >= 0 && !flak && (hover || distance > pullThrough * 2f))"
Sim/Movement/MovementSystem.cs,1179,0.6f,vehicles.movementSystem.holdSecondsClipAdd,s,thoi_gian,02,1,inline,,"add: hold = MathF.Max(hold, (gun.Clip - 1) * gun.Cooldown + 0.6f);"
Sim/Movement/MovementSystem.cs,1215,0.35f,vehicles.movementSystem.fastMoverSpeedScale,m/s,tan_suat,02,1,inline,,multiply: target is Vehicle jet && jet.Def.FixedWing && jet.Speed > v.Def.Speed * 0.35f ? jet : null;
Sim/Movement/MovementSystem.cs,1228,6f,vehicles.movementSystem.underFlakRangeAdd,m,ban_kinh,02,1,inline,,add: var reach = w.Range + 6f;
Sim/Movement/MovementSystem.cs,1240,0.1f,vehicles.movementSystem.orbitAroundDistanceMin,m,ban_kinh,02,1,inline,,compare: var outward = distance > 0.1f ? from / distance : SimMath.Forward(v.Heading);
Sim/Movement/MovementSystem.cs,1242,1.4f,vehicles.movementSystem.orbitAroundClampScale,m,ban_kinh,02,1,inline,,"multiply: var pull = Math.Clamp((radius - distance) / radius, -1f, 1f) * 1.4f;"
Sim/Movement/MovementSystem.cs,1244,10f,vehicles.movementSystem.orbitAroundDirectionScale,x,khac,02,1,inline,,multiply: return v.Position + direction * 10f;
Sim/Movement/MovementSystem.cs,1259,2f,vehicles.movementSystem.steerToRearmOrbitScale,s,thoi_gian,02,1,inline,,multiply: var near = v.Def.FixedWing ? Abilities.SupplySystem.Orbit(v) * 2f + 10f : 2.5f;
Sim/Movement/MovementSystem.cs,1259,10f,vehicles.movementSystem.steerToRearmOrbitAdd,s,thoi_gian,02,1,inline,,add: var near = v.Def.FixedWing ? Abilities.SupplySystem.Orbit(v) * 2f + 10f : 2.5f;
Sim/Movement/MovementSystem.cs,1259,2.5f,vehicles.movementSystem.steerToRearmFixedWingFalse,s,thoi_gian,02,1,inline,,conditional: var near = v.Def.FixedWing ? Abilities.SupplySystem.Orbit(v) * 2f + 10f : 2.5f;
Sim/Movement/MovementSystem.cs,1262,4f,vehicles.movementSystem.steerToRearmOrbitAdd2,s,thoi_gian,02,1,inline,,add: if (v.HasPath && (!v.Def.FixedWing || distance < Abilities.SupplySystem.Orbit(v) + 4f)) v.ClearPath();
Sim/Movement/MovementSystem.cs,1265,8f,vehicles.movementSystem.steerToRearmDistanceMin,m,thoi_gian,02,1,inline,,"compare: if (!v.HasPath || Vector2.Distance(v.PathGoal, at) > 8f) _world.PathTo(v, at);"
Sim/Movement/MovementSystem.cs,1286,2.5f,vehicles.movementSystem.runTargetRangeScale,m,ban_kinh,02,1,inline,,"multiply: weapon.CanTarget(run.Flying) && Vector2.Distance(run.Position, v.Position) < weapon.Range * 2.5f && !OffPost(v, run))"
Sim/Movement/MovementSystem.cs,1312,0.1f,vehicles.movementSystem.orbitPointDistanceMin,m,ban_kinh,02,1,inline,,compare: var outward = distance > 0.1f ? from / distance : SimMath.Forward(v.Heading);
Sim/Movement/MovementSystem.cs,1314,1.2f,vehicles.movementSystem.orbitPointClampScale,m,ban_kinh,02,1,inline,,"multiply: var pull = Math.Clamp((radius - distance) / radius, -1f, 1f) * 1.2f;"
Sim/Movement/MovementSystem.cs,1316,10f,vehicles.movementSystem.orbitPointDirectionScale,x,khac,02,1,inline,,multiply: return v.Position + direction * 10f;
Sim/Movement/MovementSystem.cs,1328,0.6f,vehicles.movementSystem.sidestepAbsMin,x,nguong,02,1,inline,,compare: if (MathF.Abs(SimMath.WrapAngle(v.Heading - towards)) > 0.6f) return false;
Sim/Movement/MovementSystem.cs,1329,0.3f,vehicles.movementSystem.sidestepSpeedScale,m/s,tan_suat,02,1,inline,,"multiply: var step = MathF.Max(v.Speed, v.Def.Speed * 0.3f) * dt;"
Sim/Movement/MovementSystem.cs,1330,1.5f,vehicles.movementSystem.sidestepHullRadiusFloor,m,ban_kinh,02,1,inline,,"math_max: var probe = MathF.Max(1.5f, v.Def.HullRadius + 0.5f);"
Sim/Movement/MovementSystem.cs,1330,0.5f,vehicles.movementSystem.sidestepHullRadiusAdd,m,ban_kinh,02,1,inline,,"add: var probe = MathF.Max(1.5f, v.Def.HullRadius + 0.5f);"
Sim/Movement/MovementSystem.cs,1334,6,vehicles.movementSystem.sidestepKMax,x,nguong,02,1,inline,,compare: for (var k = 0; k <= 6; k++)
Sim/Movement/MovementSystem.cs,1336,2,vehicles.movementSystem.sidestepKFalse,x,khac,02,1,inline,,conditional: for (var side = 0; side < (k == 0 ? 1 : 2); side++)
Sim/Movement/MovementSystem.cs,1338,0.35f,vehicles.movementSystem.sidestepKScale,x,khac,02,1,inline,,multiply: var bearing = towards + (side == 0 ? lean : -lean) * k * 0.35f;
Sim/Movement/MovementSystem.cs,1343,0.3f,vehicles.movementSystem.sidestepSpeedScale,m/s,tan_suat,02,1,inline,,"multiply: v.Speed = MathF.Min(MathF.Max(v.Speed, v.Def.Speed * 0.3f), v.Def.Speed * 0.6f);"
Sim/Movement/MovementSystem.cs,1343,0.6f,vehicles.movementSystem.sidestepSpeedScale2,m/s,tan_suat,02,1,inline,,"multiply: v.Speed = MathF.Min(MathF.Max(v.Speed, v.Def.Speed * 0.3f), v.Def.Speed * 0.6f);"
Sim/Movement/MovementSystem.cs,1347,1.5,vehicles.movementSystem.sidestepTimeAdd,s,thoi_gian,02,1,inline,,add: v.SlideUntil = _world.Time + 1.5;
Sim/Movement/MovementSystem.cs,1381,2,vehicles.movementSystem.tryDetourRingMax,x,nguong,02,1,inline,,compare: for (var ring = 1; ring <= 2; ring++)
Sim/Movement/MovementSystem.cs,1382,16,vehicles.movementSystem.tryDetourKMax,x,nguong,02,1,inline,,compare: for (var k = 0; k < 16; k++)
Sim/Movement/MovementSystem.cs,1384,16f,vehicles.movementSystem.tryDetourKDivisor,m,ban_kinh,02,1,inline,,divide: var p = v.Position + SimMath.Forward(k * SimMath.Tau / 16f) * (2.5f * ring + v.Def.HullRadius);
Sim/Movement/MovementSystem.cs,1384,2.5f,vehicles.movementSystem.tryDetourRingScale,m,ban_kinh,02,1,inline,,multiply: var p = v.Position + SimMath.Forward(k * SimMath.Tau / 16f) * (2.5f * ring + v.Def.HullRadius);
Sim/Movement/MovementSystem.cs,1386,12f,vehicles.movementSystem.tryDetourLineOfSightFalse,m,ban_kinh,02,1,inline,,"conditional: var score = Vector2.Distance(p, next) + (grid.LineOfSight(p, next) ? 0f : 12f);"
Sim/Movement/MovementSystem.cs,1463,8f,vehicles.movementSystem.stillQueuedHullBoundAdd,m,ban_kinh,02,1,inline,,"add: Vector2.Distance(ahead.Position, v.Position) < ahead.Def.HullBound + v.Def.HullBound + 8f)"
Sim/Movement/MovementSystem.cs,1485,16f,vehicles.movementSystem.giveUpReach,m,ban_kinh,02,1,inline,,"arg:MovementSystem.TryStandBeside: if (_world.Lanes.NoParkAt(post) && TryStandBeside(post, 16f, out var beside)) post = beside;"
Sim/Movement/MovementSystem.cs,1492,2f,vehicles.movementSystem.crowdedHullBoundScale,m,ban_kinh,02,1,inline,,multiply: var reach = v.Def.HullBound * 2f + 1.5f;
Sim/Movement/MovementSystem.cs,1492,1.5f,vehicles.movementSystem.crowdedHullBoundAdd,m,ban_kinh,02,1,inline,,add: var reach = v.Def.HullBound * 2f + 1.5f;
Sim/Movement/MovementSystem.cs,1505,2.5f,vehicles.movementSystem.tryUnjamBestRoom,x,khac,02,1,inline,,local_init: var bestRoom = 2.5f;
Sim/Movement/MovementSystem.cs,1507,10,vehicles.movementSystem.tryUnjamKMax,x,nguong,02,1,inline,,compare: for (var k = 0; k < 10; k++)
Sim/Movement/MovementSystem.cs,1509,10f,vehicles.movementSystem.tryUnjamTauDivisor,x,khac,02,1,inline,,divide: var angle = start + k * (SimMath.Tau / 10f);
Sim/Movement/MovementSystem.cs,1510,3.5f,vehicles.movementSystem.tryUnjamNextDoubleAdd,m,ban_kinh,02,1,inline,,add: var reach = 3.5f + 2.5f * (float)_world.Random.NextDouble();
Sim/Movement/MovementSystem.cs,1510,2.5f,vehicles.movementSystem.tryUnjamNextDoubleScale,m,ban_kinh,02,1,inline,,multiply: var reach = 3.5f + 2.5f * (float)_world.Random.NextDouble();
Sim/Movement/MovementSystem.cs,1520,2.5f,vehicles.movementSystem.tryUnjamBestRoomMin,x,nguong,02,1,inline,,compare: return bestRoom > 2.5f;
Sim/Movement/MovementSystem.cs,1570,2.39996f,vehicles.movementSystem.pushValueScale,x,khac,02,1,inline,,multiply: normal = SimMath.Forward((a.Id.Value * 2.39996f) % SimMath.Tau);
Sim/Movement/MovementSystem.cs,1605,0.2f,vehicles.movementSystem.brakeShareMax,x,tan_suat,02,1,inline,,compare: if (v.Flying || v.Speed <= 0f || share < 0.2f) return;
Sim/Movement/MovementSystem.cs,1607,0.3f,vehicles.movementSystem.brakeAgainstMin,x,tan_suat,02,1,inline,,"compare: if (against > 0.3f) v.Speed *= 1f - 0.5f * MathF.Min(1f, against) * share;"
Sim/Movement/MovementSystem.cs,1607,0.5f,vehicles.movementSystem.brakeMinScale,x,tan_suat,02,1,inline,,"multiply: if (against > 0.3f) v.Speed *= 1f - 0.5f * MathF.Min(1f, against) * share;"
Sim/Movement/MovementSystem.cs,1615,0.3f,vehicles.movementSystem.yieldHasPathTrue,x,khac,02,1,inline,,conditional: var weight = v.HasPath ? 0.3f : 0.7f;
Sim/Movement/MovementSystem.cs,1615,0.7f,vehicles.movementSystem.yieldHasPathFalse,x,khac,02,1,inline,,conditional: var weight = v.HasPath ? 0.3f : 0.7f;
Sim/Movement/MovementSystem.cs,1616,0.1f,vehicles.movementSystem.yieldWeightScale,x,khac,02,1,inline,,multiply: return v.Def.Boss || v.Scripted ? weight * 0.1f : weight;
Sim/Movement/RailSystem.cs,120,4.5f,vehicles.railSystem.slowReference,x,khac,02,1,const_to_property,,const_field: public const float SlowReference = 4.5f;
Sim/Movement/RailSystem.cs,126,1.5f,vehicles.railSystem.closeLead,x,khac,02,1,const_to_property,,const_field: public const float CloseLead = 1.5f;
Sim/Movement/RailSystem.cs,127,3f,vehicles.railSystem.closeFloor,x,khac,02,1,const_to_property,,const_field: public const float CloseFloor = 3f;
Sim/Movement/RailSystem.cs,137,600f,vehicles.railSystem.crushDps,x,khac,02,1,const_to_property,,const_field: public const float CrushDps = 600f;
Sim/Movement/RailSystem.cs,141,12.5f,vehicles.railSystem.supportStopBack,x,khac,02,1,const_to_property,,const_field: public const float SupportStopBack = 12.5f;
Sim/Movement/RailSystem.cs,142,9f,vehicles.railSystem.supportTravel,x,khac,02,1,const_to_property,,const_field: public const float SupportTravel = 9f;
Sim/Movement/RailSystem.cs,144,110f,vehicles.railSystem.supportRun,x,khac,02,1,const_to_property,,const_field: public const float SupportRun = 110f;
Sim/Movement/RailSystem.cs,166,0.05f,vehicles.railSystem.dt,x,khac,02,1,inline,,field_init: private float _dt = 0.05f;
Sim/Movement/RailSystem.cs,225,0.5f,vehicles.railSystem.warningForLengthAdd,m,thoi_gian,02,1,inline,,"add: public static float WarningFor(RailCrossingDef c) => MathF.Max(MinWarning, c.Length / SlowReference + 0.5f);"
Sim/Movement/RailSystem.cs,275,16f,vehicles.railSystem.announcedBestD,x,khac,02,1,inline,,local_init: var bestD = 16f;
Sim/Movement/RailSystem.cs,279,4f,vehicles.railSystem.announcedKindTrue,x,khac,02,1,inline,,"conditional: var d = MathF.Abs(lateral) - (Lines[r].Kind == ""siege"" ? 4f : 0f);"
Sim/Movement/RailSystem.cs,288,0.5,vehicles.railSystem.announcedAbsMax,x,nguong,02,1,inline,,compare: if (run.Rail == best && Math.Abs(run.Due - due) < 0.5) return;
Sim/Movement/RailSystem.cs,307,0.5f,vehicles.railSystem.stepLengthScale,m,ban_kinh,02,1,inline,,"multiply: var half = MathF.Max(1f, v.Def.Length * 0.5f);"
Sim/Movement/RailSystem.cs,311,0.05f,vehicles.railSystem.stepSpeedFloor,m/s,tan_suat,02,1,inline,,"math_max: Top = MathF.Max(0.05f, v.Def.Speed * v.SpeedFactor), Boss = v.Def.Boss && !v.Def.Static, Team = v.Team,"
Sim/Movement/RailSystem.cs,312,1.2f,vehicles.railSystem.stepWidthFloor,m,ban_kinh,02,1,inline,,"math_max: HalfWidth = MathF.Max(1.2f, v.Def.Width * 0.5f), Vehicle = v,"
Sim/Movement/RailSystem.cs,312,0.5f,vehicles.railSystem.stepWidthScale,m,ban_kinh,02,1,inline,,"multiply: HalfWidth = MathF.Max(1.2f, v.Def.Width * 0.5f), Vehicle = v,"
Sim/Movement/RailSystem.cs,320,0.02f,vehicles.railSystem.stepSpeedMin,m/s,thoi_gian,02,1,inline,,"compare: if (t.Speed > 0.02f || t.Run != null) Push(t, dt, now);"
Sim/Movement/RailSystem.cs,330,0.05f,vehicles.railSystem.driveSpeedFloor,m/s,tan_suat,02,1,inline,,"math_max: var accel = MathF.Max(0.05f, v.Def.Speed) * dt;"
Sim/Movement/RailSystem.cs,332,0.05f,vehicles.railSystem.driveAbsMax,x,nguong,02,1,inline,,compare: var dir = MathF.Abs(left) < 0.05f ? 0 : MathF.Sign(left);
Sim/Movement/RailSystem.cs,335,2f,vehicles.railSystem.driveMaxScale,count,tan_suat,02,1,inline,,"multiply: var want = dir == 0 ? 0f : dir * MathF.Min(top, MathF.Sqrt(2f * MathF.Max(0.05f, v.Def.Speed) * MathF.Abs(left)));"
Sim/Movement/RailSystem.cs,335,0.05f,vehicles.railSystem.driveSpeedFloor,m/s,tan_suat,02,1,inline,,"math_max: var want = dir == 0 ? 0f : dir * MathF.Min(top, MathF.Sqrt(2f * MathF.Max(0.05f, v.Def.Speed) * MathF.Abs(left)));"
Sim/Movement/RailSystem.cs,340,0.01f,vehicles.railSystem.driveAbsMin,x,nguong,02,1,inline,,compare: if (MathF.Abs(along) > 0.01f) v.RailDir = along > 0f ? 1 : -1;
Sim/Movement/RailSystem.cs,344,0.01f,vehicles.railSystem.driveSpeedMax,m/s,tan_suat,02,1,inline,,compare: if (v.Order.Kind == OrderKind.Move && dir == 0 && v.Speed < 0.01f) v.SetOrder(Order.Idle);
Sim/Movement/RailSystem.cs,354,3f,vehicles.railSystem.stepRunsSupportTravelScale,s,thoi_gian,02,1,inline,,multiply: var inside = front >= line.PlayFrom && now - run.Due < SupportWait + 3f * SupportTravel;
Sim/Movement/RailSystem.cs,362,3f,vehicles.railSystem.stepRunsSupportTravelScale,s,thoi_gian,02,1,inline,,multiply: if (run.Done || now - run.Due > SupportWait + 3f * SupportTravel)
Sim/Movement/RailSystem.cs,366,16,vehicles.railSystem.stepRunsCountMin,count,gioi_han_thuc_the,02,1,inline,,compare: if (_finished.Count > 16) _finished.RemoveAt(0);
Sim/Movement/RailSystem.cs,375,2f,vehicles.railSystem.stepRunsSupportRunScale,m,ban_kinh,02,1,inline,,"multiply: Top = 2f * SupportRun / SupportTravel, Boss = false, Team = run.Team, HalfWidth = SupportHalfWidth, Run = run,"
Sim/Movement/RailSystem.cs,388,120,vehicles.railSystem.reachKMax,m,ban_kinh,02,1,inline,,compare: for (var k = 1; k <= 120; k++)
Sim/Movement/RailSystem.cs,390,0.1,vehicles.railSystem.reachKScale,m,thoi_gian,02,1,inline,,multiply: var time = now + 0.1 * k;
Sim/Movement/RailSystem.cs,471,20.0,vehicles.railSystem.setTimeMin,s,thoi_gian,02,1,inline,,compare: if (state == CrossingState.Warning && c.Boss && _world.Time - _bossAlertAt >= 20.0)
Sim/Movement/RailSystem.cs,491,11,vehicles.railSystem.markDangersKMax,x,nguong,02,1,inline,,compare: for (var k = 1; k <= 11; k++)
Sim/Movement/RailSystem.cs,493,0.5,vehicles.railSystem.markDangersKScale,s,thoi_gian,02,1,inline,,multiply: var f = run.FrontAt(now + 0.5 * k);
Sim/Movement/RailSystem.cs,500,0.02f,vehicles.railSystem.markDangersSpeedMax,m/s,tan_suat,02,1,inline,,compare: if (t.Speed < 0.02f && (t.Vehicle == null || t.Vehicle.Order.Kind == OrderKind.Idle)) continue;
Sim/Movement/RailSystem.cs,522,10f,vehicles.railSystem.markDangersS,x,khac,02,1,inline,,compound_assign: for (var s = from; s < to; s += 10f)
Sim/Movement/RailSystem.cs,524,10f,vehicles.railSystem.markDangersSAdd,x,nguong,02,1,inline,,"add: var e = MathF.Min(to, s + 10f);"
Sim/Movement/RailSystem.cs,530,6f,vehicles.railSystem.markDangersS2,x,nguong,02,1,inline,,"compound_assign: for (var s = from; s <= to + 0.01f; s += 6f) _dangers.Add((line.At(MathF.Min(s, to)), RailSpline.BandHalf + 3f, due));"
Sim/Movement/RailSystem.cs,530,3f,vehicles.railSystem.markDangersBandHalfAdd,x,nguong,02,1,inline,,"add: for (var s = from; s <= to + 0.01f; s += 6f) _dangers.Add((line.At(MathF.Min(s, to)), RailSpline.BandHalf + 3f, due));"
Sim/Movement/RailSystem.cs,535,0.5f,vehicles.railSystem.markDangersWidthScale,m,ban_kinh,02,1,inline,,"multiply: var half = new Vector2(c.Def.Width * 0.5f, c.Def.Depth * 0.5f);"
Sim/Movement/RailSystem.cs,535,0.5f,vehicles.railSystem.markDangersDepthScale,m,ban_kinh,02,2,inline,,"multiply: var half = new Vector2(c.Def.Width * 0.5f, c.Def.Depth * 0.5f);"
Sim/Movement/RailSystem.cs,537,3f,vehicles.railSystem.markDangersHalfAdd,s,thoi_gian,02,1,inline,,"add: _dangers.Add((c.Def.Position, c.Def.Half + 3f, now + c.WarnSeconds));"
Sim/Movement/RailSystem.cs,554,3f,vehicles.railSystem.tellBandHalfAdd,m,ban_kinh,02,1,inline,,add: var exit = line.At(s) + line.Left(s) * side * (RailSpline.BandHalf + v.Radius + 3f);
Sim/Movement/RailSystem.cs,555,3f,vehicles.railSystem.tellBandHalfAdd,m,ban_kinh,02,1,inline,,add: if (!_world.Grid.IsWalkable(exit)) exit = line.At(s) - line.Left(s) * side * (RailSpline.BandHalf + v.Radius + 3f);
Sim/Movement/RailSystem.cs,556,4,vehicles.railSystem.tellMaxRings,x,khac,02,1,inline,,"arg:NavGrid.TryNearestWalkable: if (!_world.Grid.IsWalkable(exit) && !_world.Grid.TryNearestWalkable(exit, 4, out exit)) continue;"
Sim/Movement/RailSystem.cs,607,2f,vehicles.railSystem.pushSpeedScale,m/s,ban_kinh,02,1,inline,,multiply: var reach = t.Speed * dt * 2f + 0.5f;
Sim/Movement/RailSystem.cs,607,0.5f,vehicles.railSystem.pushSpeedAdd,m/s,ban_kinh,02,1,inline,,add: var reach = t.Speed * dt * 2f + 0.5f;
Sim/Movement/RailSystem.cs,623,2.0,vehicles.railSystem.pushNowMin,s,thoi_gian,02,1,inline,,compare: if (t.Boss && t.Vehicle is { } ram && v.Team != t.Team && !v.Invulnerable && now - v.RailPushedAt >= 2.0)
Sim/Movement/RailSystem.cs,641,12,vehicles.railSystem.putBesideMaxRings,x,khac,02,1,inline,,"arg:NavGrid.TryNearestInRegion: if (!_world.Grid.TryNearestInRegion(at + left * side * out_, _world.Grid.MainRegion, 12, out spot)) return false;"
Sim/Movement/RailSystem.cs,681,0.3f,vehicles.railSystem.offRailAbsMin,x,nguong,02,1,inline,,compare: var side = MathF.Abs(mine) > 0.3f ? MathF.Sign(mine) : lateral >= 0f ? 1f : -1f;
Sim/Navigation/RailSpline.cs,41,0.5f,vehicles.railCrossingDef.halfMaxScale,count,ban_kinh,02,1,inline,,"multiply: public float Half => MathF.Max(Width, Depth) * 0.5f;"
Sim/Navigation/RailSpline.cs,55,3.5f,vehicles.railSpline.bandHalf,x,khac,02,1,const_to_property,,const_field: public const float BandHalf = 3.5f;
Sim/Navigation/RailSpline.cs,63,2,vehicles.railSpline.ctorCountMax,count,gioi_han_thuc_the,02,1,inline,,"compare: if (points.Count < 2) throw new FormatException($""rail {id}: needs two points at least."");"
Sim/Navigation/RailSpline.cs,100,2,vehicles.railSpline.segmentAtLengthSub,m,ban_kinh,02,1,inline,,subtract: if (s >= Length) return _points.Length - 2;
Sim/SimWorld.Commanders.cs,102,0.5f,vehicles.simWorld.commanderOutgoingMaxHpScale,count,sat_thuong,02,1,inline,,multiply: if (c.LowHpDamage != 1f && attacker != null && attacker.Team == team && attacker.Hp < attacker.MaxHp * 0.5f && CommanderRules.Fields(attacker.Def))
Sim/SimWorld.Intel.cs,24,1f,vehicles.simWorld.pointScale,x,khac,02,1,inline,,property_init: public float PointScale { get; internal set; } = 1f;
Sim/SimWorld.Intel.cs,31,7919,vehicles.simWorld.aiRandomSeedScale,share,xac_suat,02,1,inline,,"multiply: public Random AiRandom(int team, int layer) => new(unchecked(Seed * 7919 + (team + 3) * 104729 + layer * 1299709));"
Sim/SimWorld.Intel.cs,31,3,vehicles.simWorld.aiRandomTeamAdd,share,xac_suat,02,1,inline,,"add: public Random AiRandom(int team, int layer) => new(unchecked(Seed * 7919 + (team + 3) * 104729 + layer * 1299709));"
Sim/SimWorld.Intel.cs,31,104729,vehicles.simWorld.aiRandomTeamScale,share,xac_suat,02,1,inline,,"multiply: public Random AiRandom(int team, int layer) => new(unchecked(Seed * 7919 + (team + 3) * 104729 + layer * 1299709));"
Sim/SimWorld.Intel.cs,31,1299709,vehicles.simWorld.aiRandomLayerScale,share,xac_suat,02,1,inline,,"multiply: public Random AiRandom(int team, int layer) => new(unchecked(Seed * 7919 + (team + 3) * 104729 + layer * 1299709));"
