file,line,literal,key,unit,kind,linh_vuc,occurrence,mode,note,context
Game/Match/DailyMissions.cs,31,40,campaign.dailyMissions.poolSat,x,sat_thuong,07,1,manual:static array table (FloatArray / IntArray entry),,"table: (""kills"", new[] { 40, 60, 90 }, 150),"
Game/Match/DailyMissions.cs,31,60,campaign.dailyMissions.poolSat2,x,sat_thuong,07,1,manual:static array table (FloatArray / IntArray entry),,"table: (""kills"", new[] { 40, 60, 90 }, 150),"
Game/Match/DailyMissions.cs,31,90,campaign.dailyMissions.poolSat3,x,sat_thuong,07,1,manual:static array table (FloatArray / IntArray entry),,"table: (""kills"", new[] { 40, 60, 90 }, 150),"
Game/Match/DailyMissions.cs,31,150,campaign.dailyMissions.poolSat4,x,sat_thuong,07,1,manual:static array table (FloatArray / IntArray entry),,"tuple: (""kills"", new[] { 40, 60, 90 }, 150),"
Game/Match/DailyMissions.cs,32,2,campaign.dailyMissions.poolGioi,count,gioi_han_thuc_the,07,1,manual:static array table (FloatArray / IntArray entry),,"table: (""wins"", new[] { 1, 2, 3 }, 180),"
Game/Match/DailyMissions.cs,32,3,campaign.dailyMissions.poolGioi2,count,gioi_han_thuc_the,07,1,manual:static array table (FloatArray / IntArray entry),,"table: (""wins"", new[] { 1, 2, 3 }, 180),"
Game/Match/DailyMissions.cs,32,180,campaign.dailyMissions.poolGioi3,count,gioi_han_thuc_the,07,1,manual:static array table (FloatArray / IntArray entry),,"tuple: (""wins"", new[] { 1, 2, 3 }, 180),"
Game/Match/DailyMissions.cs,33,6,campaign.dailyMissions.poolGioi4,count,gioi_han_thuc_the,07,1,manual:static array table (FloatArray / IntArray entry),,"table: (""strikes"", new[] { 6, 10, 15 }, 120),"
Game/Match/DailyMissions.cs,33,10,campaign.dailyMissions.poolGioi5,count,gioi_han_thuc_the,07,1,manual:static array table (FloatArray / IntArray entry),,"table: (""strikes"", new[] { 6, 10, 15 }, 120),"
Game/Match/DailyMissions.cs,33,15,campaign.dailyMissions.poolGioi6,count,gioi_han_thuc_the,07,1,manual:static array table (FloatArray / IntArray entry),,"table: (""strikes"", new[] { 6, 10, 15 }, 120),"
Game/Match/DailyMissions.cs,33,120,campaign.dailyMissions.poolGioi7,count,gioi_han_thuc_the,07,1,manual:static array table (FloatArray / IntArray entry),,"tuple: (""strikes"", new[] { 6, 10, 15 }, 120),"
Game/Match/DailyMissions.cs,34,12,campaign.dailyMissions.poolGioi8,count,gioi_han_thuc_the,07,1,manual:static array table (FloatArray / IntArray entry),,"table: (""buildings"", new[] { 12, 20, 30 }, 120),"
Game/Match/DailyMissions.cs,34,20,campaign.dailyMissions.poolGioi9,count,gioi_han_thuc_the,07,1,manual:static array table (FloatArray / IntArray entry),,"table: (""buildings"", new[] { 12, 20, 30 }, 120),"
Game/Match/DailyMissions.cs,34,30,campaign.dailyMissions.poolGioi10,count,gioi_han_thuc_the,07,1,manual:static array table (FloatArray / IntArray entry),,"table: (""buildings"", new[] { 12, 20, 30 }, 120),"
Game/Match/DailyMissions.cs,34,120,campaign.dailyMissions.poolGioi7,count,gioi_han_thuc_the,07,1,manual:static array table (FloatArray / IntArray entry),,"tuple: (""buildings"", new[] { 12, 20, 30 }, 120),"
Game/Match/DailyMissions.cs,35,4,campaign.dailyMissions.poolGioi11,count,gioi_han_thuc_the,07,1,manual:static array table (FloatArray / IntArray entry),,"table: (""captures"", new[] { 4, 8, 12 }, 130),"
Game/Match/DailyMissions.cs,35,8,campaign.dailyMissions.poolGioi12,count,gioi_han_thuc_the,07,1,manual:static array table (FloatArray / IntArray entry),,"table: (""captures"", new[] { 4, 8, 12 }, 130),"
Game/Match/DailyMissions.cs,35,12,campaign.dailyMissions.poolGioi8,count,gioi_han_thuc_the,07,1,manual:static array table (FloatArray / IntArray entry),,"table: (""captures"", new[] { 4, 8, 12 }, 130),"
Game/Match/DailyMissions.cs,35,130,campaign.dailyMissions.poolGioi13,count,gioi_han_thuc_the,07,1,manual:static array table (FloatArray / IntArray entry),,"tuple: (""captures"", new[] { 4, 8, 12 }, 130),"
Game/Match/DailyMissions.cs,36,2,campaign.dailyMissions.poolGioi,count,gioi_han_thuc_the,07,1,manual:static array table (FloatArray / IntArray entry),,"table: (""bosses"", new[] { 1, 1, 2 }, 250),"
Game/Match/DailyMissions.cs,36,250,campaign.dailyMissions.poolGioi14,count,gioi_han_thuc_the,07,1,manual:static array table (FloatArray / IntArray entry),,"tuple: (""bosses"", new[] { 1, 1, 2 }, 250),"
Game/Match/DailyMissions.cs,37,3,campaign.dailyMissions.poolGioi2,count,gioi_han_thuc_the,07,1,manual:static array table (FloatArray / IntArray entry),,"table: (""elites"", new[] { 3, 5, 8 }, 160),"
Game/Match/DailyMissions.cs,37,5,campaign.dailyMissions.poolGioi15,count,gioi_han_thuc_the,07,1,manual:static array table (FloatArray / IntArray entry),,"table: (""elites"", new[] { 3, 5, 8 }, 160),"
Game/Match/DailyMissions.cs,37,8,campaign.dailyMissions.poolGioi12,count,gioi_han_thuc_the,07,1,manual:static array table (FloatArray / IntArray entry),,"table: (""elites"", new[] { 3, 5, 8 }, 160),"
Game/Match/DailyMissions.cs,37,160,campaign.dailyMissions.poolGioi16,count,gioi_han_thuc_the,07,1,manual:static array table (FloatArray / IntArray entry),,"tuple: (""elites"", new[] { 3, 5, 8 }, 160),"
Game/Match/DailyMissions.cs,38,2,campaign.dailyMissions.poolGioi,count,gioi_han_thuc_the,07,1,manual:static array table (FloatArray / IntArray entry),,"table: (""items"", new[] { 1, 2, 3 }, 100),"
Game/Match/DailyMissions.cs,38,3,campaign.dailyMissions.poolGioi2,count,gioi_han_thuc_the,07,1,manual:static array table (FloatArray / IntArray entry),,"table: (""items"", new[] { 1, 2, 3 }, 100),"
Game/Match/DailyMissions.cs,38,100,campaign.dailyMissions.poolGioi17,count,gioi_han_thuc_the,07,1,manual:static array table (FloatArray / IntArray entry),,"tuple: (""items"", new[] { 1, 2, 3 }, 100),"
Game/Match/DailyMissions.cs,47,31,campaign.dailyMissions.forDayScale,share,xac_suat,07,1,inline,,multiply: var rng = new Random(day * 31 + 7);
Game/Match/DailyMissions.cs,47,7,campaign.dailyMissions.forDayAdd,share,xac_suat,07,1,inline,,add: var rng = new Random(day * 31 + 7);
Game/Match/DailyMissions.cs,51,3,campaign.dailyMissions.forNMax,x,nguong,07,1,inline,,compare: for (var n = 0; n < 3; n++)
Game/Match/DailyMissions.cs,57,2,campaign.dailyMissions.forSizeDivisor,x,khac,07,1,inline,,"divide: tasks.Add(new DailyTask(kind, targets[size], reward + size * reward / 2));"
Game/Match/MatchRunner.Elites.cs,16,60f,modes.matchRunner.eliteRadioGap,m,ban_kinh,05,1,const_to_property,,const_field: private const float EliteRadioGap = 60f;
Game/Match/MatchRunner.Elites.cs,31,3f,modes.matchRunner.eliteArrivedSeconds,s,thoi_gian,05,1,inline,,"arg:BattleHud.Toast: _hud.Toast(Strings.Format(""toast.elite"", card), error: true, seconds: 3f, kind: NoticeKind.Elite);"
Game/Match/MatchRunner.Ending.cs,42,0.4f,modes.matchRunner.chainGap,m,ban_kinh,05,1,const_to_property,,const_field: private const float ChainGap = 0.4f;
Game/Match/MatchRunner.Ending.cs,45,6.0,modes.matchRunner.endTargetWindow,x,khac,05,1,const_to_property,,const_field: private const double EndTargetWindow = 6.0;
Game/Match/MatchRunner.Ending.cs,77,2.0,modes.matchRunner.noteEndTargetTimeMax,s,thoi_gian,05,1,inline,,compare: if (_lastEnemyBoss && !def.Boss && _world.Time - _lastEnemyDownAt < 2.0) return;
Game/Match/MatchRunner.Ending.cs,84,6,modes.matchRunner.noteEndTargetCountCap,count,tran,05,1,inline,,"math_min: var parts = Mathf.Min(def.Parts.Count, 6);"
Game/Match/MatchRunner.Ending.cs,88,1.5f,modes.matchRunner.noteEndTargetY,x,khac,05,1,inline,,"ctor_arg:Vector3: else if (_world.TryGetVehicle(e.Entity, out var boss)) _lastBossParts.Add(new Vector3(boss.PartPosition(i).X, 1.5f, boss.PartPosition(i).Y));"
Game/Match/MatchRunner.Ending.cs,92,3f,modes.matchRunner.noteEndTargetRadiusFloor,m,ban_kinh,05,1,inline,,"math_max: var r = Mathf.Max(3f, def.Radius * 0.6f);"
Game/Match/MatchRunner.Ending.cs,92,0.6f,modes.matchRunner.noteEndTargetRadiusScale,m,ban_kinh,05,1,inline,,"multiply: var r = Mathf.Max(3f, def.Radius * 0.6f);"
Game/Match/MatchRunner.Ending.cs,93,4,modes.matchRunner.noteEndTargetIMax,x,nguong,05,1,inline,,compare: for (var i = 0; i < 4; i++)
Game/Match/MatchRunner.Ending.cs,95,0.5f,modes.matchRunner.noteEndTargetIScale,x,khac,05,1,inline,,multiply: var a = i * Mathf.PI * 0.5f + 0.4f;
Game/Match/MatchRunner.Ending.cs,95,0.4f,modes.matchRunner.noteEndTargetIAdd,x,khac,05,1,inline,,add: var a = i * Mathf.PI * 0.5f + 0.4f;
Game/Match/MatchRunner.Ending.cs,96,1.5f,modes.matchRunner.noteEndTargetY,x,khac,05,1,inline,,"ctor_arg:Vector3: _lastBossParts.Add(new Vector3(e.Position.X + Mathf.Cos(a) * r, 1.5f, e.Position.Y + Mathf.Sin(a) * r));"
Game/Match/MatchRunner.Ending.cs,122,120,modes.matchRunner.beginEndingResultTrue,x,khac,05,1,inline,,"conditional: Haptics.Pulse(outcome.Result > 0 ? 120 : 90, 200);"
Game/Match/MatchRunner.Ending.cs,122,90,modes.matchRunner.beginEndingResultFalse,x,khac,05,1,inline,,"conditional: Haptics.Pulse(outcome.Result > 0 ? 120 : 90, 200);"
Game/Match/MatchRunner.Ending.cs,122,200,modes.matchRunner.beginEndingStrength,x,khac,05,1,inline,,"arg:Haptics.Pulse: Haptics.Pulse(outcome.Result > 0 ? 120 : 90, 200);"
Game/Match/MatchRunner.Ending.cs,174,0.9f,modes.matchRunner.planEndShotZoomScale,x,khac,05,1,inline,,multiply: _endZoom = _camera.Zoom * 0.9f;
Game/Match/MatchRunner.Ending.cs,184,0.6f,modes.matchRunner.planEndShotSat,x,sat_thuong,05,1,inline,,"tuple: _endBlasts.Add((_endFocus + Vector3.up, 0.6f, ExplosionTier.Large));"
Game/Match/MatchRunner.Ending.cs,193,0.3f,modes.matchRunner.planEndShotWhen,x,khac,05,1,inline,,local_init: var when = 0.3f;
Game/Match/MatchRunner.Ending.cs,199,1.5f,modes.matchRunner.planEndShotUpScale,x,sat_thuong,05,1,inline,,"multiply: _endBlasts.Add((_endFocus + Vector3.up * 1.5f, when + 0.1f, ExplosionTier.Huge));"
Game/Match/MatchRunner.Ending.cs,199,0.1f,modes.matchRunner.planEndShotWhenAdd,x,sat_thuong,05,1,inline,,"add: _endBlasts.Add((_endFocus + Vector3.up * 1.5f, when + 0.1f, ExplosionTier.Huge));"
Game/Match/MatchRunner.Ending.cs,272,4f,modes.matchRunner.continueEndlessSeconds,s,thoi_gian,05,1,inline,,"arg:BattleHud.Toast: _hud.Toast(Strings.Get(""result.endlessKept""), seconds: 4f, kind: NoticeKind.Reward);"
Game/Match/MatchRunner.MissionEvents.cs,32,4f,campaign.matchRunner.missionEventNoticeWarningTrue,s,thoi_gian,07,1,inline,,"conditional: _hud.Toast(text, error: e.Team == EnemyTeam, seconds: warning ? 4f : 3f, kind: NoticeKindOf(e.DefId),"
Game/Match/MatchRunner.MissionEvents.cs,32,3f,campaign.matchRunner.missionEventNoticeWarningFalse,s,thoi_gian,07,1,inline,,"conditional: _hud.Toast(text, error: e.Team == EnemyTeam, seconds: warning ? 4f : 3f, kind: NoticeKindOf(e.DefId),"
Game/Match/MatchRunner.MissionEvents.cs,33,0.01f,campaign.matchRunner.missionEventNoticeLengthSquaredMin,m,ban_kinh,07,1,inline,,compare: direction: way.LengthSquared() > 0.01f ? way : (System.Numerics.Vector2?)null);
Game/Match/MatchRunner.MissionEvents.cs,34,60,campaign.matchRunner.missionEventNoticeMilliseconds,s,thoi_gian,07,1,inline,,"arg:Haptics.Pulse: if (warning) Haptics.Pulse(60, 160);"
Game/Match/MatchRunner.MissionEvents.cs,34,160,campaign.matchRunner.missionEventNoticeStrength,s,thoi_gian,07,1,inline,,"arg:Haptics.Pulse: if (warning) Haptics.Pulse(60, 160);"
Game/Match/MatchRunner.MissionEvents.cs,40,6,campaign.matchRunner.noticeKindOfStartIndex,x,khac,07,1,inline,,"arg:String.Substring: var group = key.StartsWith(""event."") ? key.Substring(6).Split('.')[0] : """";"
Game/Match/ModeSession.Tactics.cs,42,16,modes.modeSession.preparePlayerAiIdMax,x,nguong,05,1,inline,,compare: for (var id = 0; id <= 16; id++)
Game/Match/ModeSessions.cs,140,2,modes.modeSession.addPlayerCommanderSeedAdd,x,khac,05,1,inline,,"add: PlayerAi = new ConquestAi(objectives, PlayerTeam, EnemyTeam, AiDifficulty.Hard, seed + 2)"
Game/Match/ModeSessions.cs,231,60,modes.modeSession.clockSDivisor,x,khac,05,1,inline,,"divide: return $""{s / 60}:{s % 60:00}"";"
Game/Match/ModeSessions.cs,231,60,modes.modeSession.clockSMod,x,khac,05,2,inline,,"modulo: return $""{s / 60}:{s % 60:00}"";"
Game/Match/ModeSessions.cs,279,5,modes.modeSession.basesSeedAdd,x,khac,05,1,inline,,"add: var playerLoadout = menu ? BaseLoadout.ForAi(world.Catalog, ""Normal"", ""default"", seed + 5) : PlayerProfile.BaseLoadoutOn(world.Map, PlayerTeam);"
Game/Match/ModeSessions.cs,473,0.5f,modes.conquestSession.buildBleed,x,khac,05,1,inline,,"object_init: Bleed = 0.5f, PointIncome = 0.15f,"
Game/Match/ModeSessions.cs,473,0.15f,modes.conquestSession.buildPointIncome,x,khac,05,1,inline,,"object_init: Bleed = 0.5f, PointIncome = 0.15f,"
Game/Match/ModeSessions.cs,480,1.18f,modes.conquestSession.buildFactor,x,khac,05,1,inline,,"arg:TeamEconomy.ScaleIncome: if (world.TryGetEconomy(EnemyTeam, out var enemy)) enemy.ScaleIncome(1.18f);"
Game/Match/ModeSessions.cs,498,60f,modes.conquestSession.outcomeTimeDivisor,s,sat_thuong,05,1,inline,,"divide: outcome.Reward = Rewards.Quick(Difficulty, outcome.Result, kills, (float)world.Time / 60f);"
Game/Match/ModeSessions.cs,517,18f,modes.deathmatchSession.buildCp,x,khac,05,1,inline,,"arg:ModeSession.PlayerSide: Player = PlayerSide(18f, 1.35f), Enemy = EnemySide(18f, 1.2f, Difficulty, world.Catalog, seed),"
Game/Match/ModeSessions.cs,517,1.35f,modes.deathmatchSession.buildIncome,x,khac,05,1,inline,,"arg:ModeSession.PlayerSide: Player = PlayerSide(18f, 1.35f), Enemy = EnemySide(18f, 1.2f, Difficulty, world.Catalog, seed),"
Game/Match/ModeSessions.cs,517,1.2f,modes.deathmatchSession.buildIncome2,x,khac,05,1,inline,,"arg:ModeSession.EnemySide: Player = PlayerSide(18f, 1.35f), Enemy = EnemySide(18f, 1.2f, Difficulty, world.Catalog, seed),"
Game/Match/ModeSessions.cs,517,18f,modes.deathmatchSession.buildCp,x,khac,05,2,inline,,"arg:ModeSession.EnemySide: Player = PlayerSide(18f, 1.35f), Enemy = EnemySide(18f, 1.2f, Difficulty, world.Catalog, seed),"
Game/Match/ModeSessions.cs,541,60f,modes.deathmatchSession.outcomeTimeDivisor,s,sat_thuong,05,1,inline,,"divide: outcome.Reward = Rewards.Quick(Difficulty, outcome.Result, kills, (float)world.Time / 60f);"
Game/Match/ModeSessions.cs,560,16f,modes.hillSession.buildCp,x,khac,05,1,inline,,"arg:ModeSession.PlayerSide: Player = PlayerSide(16f, 1.2f), Enemy = EnemySide(16f, 1.1f, Difficulty, world.Catalog, seed),"
Game/Match/ModeSessions.cs,560,1.2f,modes.hillSession.buildIncome,x,khac,05,1,inline,,"arg:ModeSession.PlayerSide: Player = PlayerSide(16f, 1.2f), Enemy = EnemySide(16f, 1.1f, Difficulty, world.Catalog, seed),"
Game/Match/ModeSessions.cs,560,1.1f,modes.hillSession.buildIncome2,x,khac,05,1,inline,,"arg:ModeSession.EnemySide: Player = PlayerSide(16f, 1.2f), Enemy = EnemySide(16f, 1.1f, Difficulty, world.Catalog, seed),"
Game/Match/ModeSessions.cs,560,16f,modes.hillSession.buildCp,x,khac,05,2,inline,,"arg:ModeSession.EnemySide: Player = PlayerSide(16f, 1.2f), Enemy = EnemySide(16f, 1.1f, Difficulty, world.Catalog, seed),"
Game/Match/ModeSessions.cs,562,170f,modes.hillSession.buildScoreTarget,x,khac,05,1,inline,,"object_init: ScoreTarget = 170f,"
Game/Match/ModeSessions.cs,585,60f,modes.hillSession.outcomeTimeDivisor,s,sat_thuong,05,1,inline,,"divide: outcome.Reward = Rewards.Quick(Difficulty, outcome.Result, kills, (float)world.Time / 60f);"
Game/Match/ModeSessions.cs,602,255f,modes.assaultSession.buildDifficultyValue,x,khac,05,1,inline,,"switch_arm: var start = Difficulty switch { AiDifficulty.VeryHard => 255f, AiDifficulty.Hard => 270f, AiDifficulty.Easy => 360f, _ => 300f };"
Game/Match/ModeSessions.cs,602,270f,modes.assaultSession.buildDifficultyValue2,x,khac,05,1,inline,,"switch_arm: var start = Difficulty switch { AiDifficulty.VeryHard => 255f, AiDifficulty.Hard => 270f, AiDifficulty.Easy => 360f, _ => 300f };"
Game/Match/ModeSessions.cs,602,360f,modes.assaultSession.buildDifficultyValue3,x,khac,05,1,inline,,"switch_arm: var start = Difficulty switch { AiDifficulty.VeryHard => 255f, AiDifficulty.Hard => 270f, AiDifficulty.Easy => 360f, _ => 300f };"
Game/Match/ModeSessions.cs,602,300f,modes.assaultSession.buildDifficultyValue4,x,khac,05,1,inline,,"switch_arm: var start = Difficulty switch { AiDifficulty.VeryHard => 255f, AiDifficulty.Hard => 270f, AiDifficulty.Easy => 360f, _ => 300f };"
Game/Match/ModeSessions.cs,606,20f,modes.assaultSession.buildCp,s,thoi_gian,05,1,inline,,"arg:ModeSession.PlayerSide: StartSeconds = start, Attacker = PlayerSide(20f, 1.45f), Defender = EnemySide(32f, 1.3f, Difficulty, world.Catalog, seed), SectorCp = 8f,"
Game/Match/ModeSessions.cs,606,1.45f,modes.assaultSession.buildIncome,s,thoi_gian,05,1,inline,,"arg:ModeSession.PlayerSide: StartSeconds = start, Attacker = PlayerSide(20f, 1.45f), Defender = EnemySide(32f, 1.3f, Difficulty, world.Catalog, seed), SectorCp = 8f,"
Game/Match/ModeSessions.cs,606,32f,modes.assaultSession.buildCp2,s,thoi_gian,05,1,inline,,"arg:ModeSession.EnemySide: StartSeconds = start, Attacker = PlayerSide(20f, 1.45f), Defender = EnemySide(32f, 1.3f, Difficulty, world.Catalog, seed), SectorCp = 8f,"
Game/Match/ModeSessions.cs,606,1.3f,modes.assaultSession.buildIncome2,s,thoi_gian,05,1,inline,,"arg:ModeSession.EnemySide: StartSeconds = start, Attacker = PlayerSide(20f, 1.45f), Defender = EnemySide(32f, 1.3f, Difficulty, world.Catalog, seed), SectorCp = 8f,"
Game/Match/ModeSessions.cs,606,8f,modes.assaultSession.buildSectorCp,CP,thoi_gian,05,1,inline,,"object_init: StartSeconds = start, Attacker = PlayerSide(20f, 1.45f), Defender = EnemySide(32f, 1.3f, Difficulty, world.Catalog, seed), SectorCp = 8f,"
Game/Match/ModeSessions.cs,631,60f,modes.assaultSession.outcomeTimeDivisor,s,sat_thuong,05,1,inline,,"divide: outcome.Reward = Rewards.Quick(Difficulty, outcome.Result, kills, (float)world.Time / 60f);"
Game/Match/ModeSessions.cs,682,30f,modes.defendSession.buildCp,x,khac,05,1,inline,,"arg:ModeSession.PlayerSide: var defender = PlayerSide(30f, 1.35f);"
Game/Match/ModeSessions.cs,682,1.35f,modes.defendSession.buildIncome,x,khac,05,1,inline,,"arg:ModeSession.PlayerSide: var defender = PlayerSide(30f, 1.35f);"
Game/Match/ModeSessions.cs,683,38,modes.defendSession.buildArmyCap,count,tran,05,1,inline,,assign: defender.ArmyCap = 38;
Game/Match/ModeSessions.cs,685,22f,modes.defendSession.buildCp2,x,khac,05,1,inline,,"arg:ModeSession.EnemySide: var attacker = EnemySide(22f, 1.1f, Difficulty, world.Catalog, seed);"
Game/Match/ModeSessions.cs,685,1.1f,modes.defendSession.buildIncome2,x,khac,05,1,inline,,"arg:ModeSession.EnemySide: var attacker = EnemySide(22f, 1.1f, Difficulty, world.Catalog, seed);"
Game/Match/ModeSessions.cs,686,40,modes.defendSession.buildArmyCap2,count,tran,05,1,inline,,assign: attacker.ArmyCap = 40;
Game/Match/ModeSessions.cs,691,540f,modes.defendSession.buildHardTrue,s,thoi_gian,05,1,inline,,"conditional: StartSeconds = hard ? 540f : easy ? 420f : 480f, StageBonus = new[] { 60f, 90f }, MaxBank = 900f,"
Game/Match/ModeSessions.cs,691,420f,modes.defendSession.buildEasyTrue,s,thoi_gian,05,1,inline,,"conditional: StartSeconds = hard ? 540f : easy ? 420f : 480f, StageBonus = new[] { 60f, 90f }, MaxBank = 900f,"
Game/Match/ModeSessions.cs,691,480f,modes.defendSession.buildEasyFalse,s,thoi_gian,05,1,inline,,"conditional: StartSeconds = hard ? 540f : easy ? 420f : 480f, StageBonus = new[] { 60f, 90f }, MaxBank = 900f,"
Game/Match/ModeSessions.cs,691,60f,modes.defendSession.buildThoi,s,thoi_gian,05,1,inline,,"table: StartSeconds = hard ? 540f : easy ? 420f : 480f, StageBonus = new[] { 60f, 90f }, MaxBank = 900f,"
Game/Match/ModeSessions.cs,691,90f,modes.defendSession.buildThoi2,s,thoi_gian,05,1,inline,,"table: StartSeconds = hard ? 540f : easy ? 420f : 480f, StageBonus = new[] { 60f, 90f }, MaxBank = 900f,"
Game/Match/ModeSessions.cs,691,900f,modes.defendSession.buildMaxBank,count,thoi_gian,05,1,inline,,"object_init: StartSeconds = hard ? 540f : easy ? 420f : 480f, StageBonus = new[] { 60f, 90f }, MaxBank = 900f,"
Game/Match/ModeSessions.cs,694,480f,modes.defendSession.buildNormalStartSeconds,s,thoi_gian,05,1,inline,,"object_init: NormalStartSeconds = 480f,"
Game/Match/ModeSessions.cs,695,55f,modes.defendSession.buildEndlessTrue,s,thoi_gian,05,1,inline,,"conditional: WaveSeconds = _endless ? 55f : 70f, StageCp = 12f, Hardening = 4.5f, LineHardening = 2f, RetreatCp = new[] { 24f, 32f },"
Game/Match/ModeSessions.cs,695,70f,modes.defendSession.buildEndlessFalse,s,thoi_gian,05,1,inline,,"conditional: WaveSeconds = _endless ? 55f : 70f, StageCp = 12f, Hardening = 4.5f, LineHardening = 2f, RetreatCp = new[] { 24f, 32f },"
Game/Match/ModeSessions.cs,695,12f,modes.defendSession.buildStageCp,CP,thoi_gian,05,1,inline,,"object_init: WaveSeconds = _endless ? 55f : 70f, StageCp = 12f, Hardening = 4.5f, LineHardening = 2f, RetreatCp = new[] { 24f, 32f },"
Game/Match/ModeSessions.cs,695,4.5f,modes.defendSession.buildHardening,s,thoi_gian,05,1,inline,,"object_init: WaveSeconds = _endless ? 55f : 70f, StageCp = 12f, Hardening = 4.5f, LineHardening = 2f, RetreatCp = new[] { 24f, 32f },"
Game/Match/ModeSessions.cs,695,2f,modes.defendSession.buildLineHardening,s,thoi_gian,05,1,inline,,"object_init: WaveSeconds = _endless ? 55f : 70f, StageCp = 12f, Hardening = 4.5f, LineHardening = 2f, RetreatCp = new[] { 24f, 32f },"
Game/Match/ModeSessions.cs,695,24f,modes.defendSession.buildThoi3,s,thoi_gian,05,1,inline,,"table: WaveSeconds = _endless ? 55f : 70f, StageCp = 12f, Hardening = 4.5f, LineHardening = 2f, RetreatCp = new[] { 24f, 32f },"
Game/Match/ModeSessions.cs,695,32f,modes.defendSession.buildThoi4,s,thoi_gian,05,1,inline,,"table: WaveSeconds = _endless ? 55f : 70f, StageCp = 12f, Hardening = 4.5f, LineHardening = 2f, RetreatCp = new[] { 24f, 32f },"
Game/Match/ModeSessions.cs,701,1.2f,modes.defendSession.buildSat,x,sat_thuong,05,1,inline,,"table: LineHealth = _endless ? new[] { 1.2f, 1.3f, 1.5f } : new[] { 2.0f, 1.25f, 1.4f },"
Game/Match/ModeSessions.cs,701,1.3f,modes.defendSession.buildSat2,x,sat_thuong,05,1,inline,,"table: LineHealth = _endless ? new[] { 1.2f, 1.3f, 1.5f } : new[] { 2.0f, 1.25f, 1.4f },"
Game/Match/ModeSessions.cs,701,1.5f,modes.defendSession.buildSat3,x,sat_thuong,05,1,inline,,"table: LineHealth = _endless ? new[] { 1.2f, 1.3f, 1.5f } : new[] { 2.0f, 1.25f, 1.4f },"
Game/Match/ModeSessions.cs,701,2.0f,modes.defendSession.buildSat4,x,sat_thuong,05,1,inline,,"table: LineHealth = _endless ? new[] { 1.2f, 1.3f, 1.5f } : new[] { 2.0f, 1.25f, 1.4f },"
Game/Match/ModeSessions.cs,701,1.25f,modes.defendSession.buildSat5,x,sat_thuong,05,1,inline,,"table: LineHealth = _endless ? new[] { 1.2f, 1.3f, 1.5f } : new[] { 2.0f, 1.25f, 1.4f },"
Game/Match/ModeSessions.cs,701,1.4f,modes.defendSession.buildSat6,x,sat_thuong,05,1,inline,,"table: LineHealth = _endless ? new[] { 1.2f, 1.3f, 1.5f } : new[] { 2.0f, 1.25f, 1.4f },"
Game/Match/ModeSessions.cs,702,1.05f,modes.defendSession.buildSat7,x,sat_thuong,05,1,inline,,"table: LineDamage = _endless ? new[] { 1.05f, 1.15f, 1.25f } : new[] { 1.3f, 1.1f, 1.2f },"
Game/Match/ModeSessions.cs,702,1.15f,modes.defendSession.buildSat8,x,sat_thuong,05,1,inline,,"table: LineDamage = _endless ? new[] { 1.05f, 1.15f, 1.25f } : new[] { 1.3f, 1.1f, 1.2f },"
Game/Match/ModeSessions.cs,702,1.25f,modes.defendSession.buildSat5,x,sat_thuong,05,1,inline,,"table: LineDamage = _endless ? new[] { 1.05f, 1.15f, 1.25f } : new[] { 1.3f, 1.1f, 1.2f },"
Game/Match/ModeSessions.cs,702,1.3f,modes.defendSession.buildSat2,x,sat_thuong,05,1,inline,,"table: LineDamage = _endless ? new[] { 1.05f, 1.15f, 1.25f } : new[] { 1.3f, 1.1f, 1.2f },"
Game/Match/ModeSessions.cs,702,1.1f,modes.defendSession.buildSat9,x,sat_thuong,05,1,inline,,"table: LineDamage = _endless ? new[] { 1.05f, 1.15f, 1.25f } : new[] { 1.3f, 1.1f, 1.2f },"
Game/Match/ModeSessions.cs,702,1.2f,modes.defendSession.buildSat,x,sat_thuong,05,1,inline,,"table: LineDamage = _endless ? new[] { 1.05f, 1.15f, 1.25f } : new[] { 1.3f, 1.1f, 1.2f },"
Game/Match/ModeSessions.cs,707,3,modes.defendSession.buildHeavyEvery,x,tan_suat,05,1,inline,,"object_init: WaveCompound = SiegeMode.DefendWaveCompound(_endless), WaveMax = SiegeMode.DefendWaveMax, HeavyEvery = 3,"
Game/Match/ModeSessions.cs,708,6,modes.defendSession.buildEndlessTrue2,count,gioi_han_thuc_the,05,1,inline,,"conditional: EliteFrom = _endless ? 6 : 99, WaveSeed = seed,"
Game/Match/ModeSessions.cs,708,99,modes.defendSession.buildEndlessFalse2,count,gioi_han_thuc_the,05,1,inline,,"conditional: EliteFrom = _endless ? 6 : 99, WaveSeed = seed,"
Game/Match/ModeSessions.cs,710,2,modes.defendSession.buildBreachFrom,m,ban_kinh,05,1,inline,,"object_init: ScaleToBase = true, CounterBase = true, BreachWave = true, WaveBreachers = Available(world, Breachers), BreachFrom = 2, BreachEvery = 3,"
Game/Match/ModeSessions.cs,710,3,modes.defendSession.buildBreachEvery,m,ban_kinh,05,1,inline,,"object_init: ScaleToBase = true, CounterBase = true, BreachWave = true, WaveBreachers = Available(world, Breachers), BreachFrom = 2, BreachEvery = 3,"
Game/Match/ModeSessions.cs,737,3,modes.defendSession.updateHudStageCap,count,tran,05,1,inline,,"math_min: var goal = Strings.Format(""base.line"", (""stage"", UnityEngine.Mathf.Min(3, _mode.Stage)),"
Game/Match/ModeSessions.cs,766,60f,modes.defendSession.outcomeTimeDivisor,s,sat_thuong,05,1,inline,,"divide: outcome.Reward = Rewards.Quick(Difficulty, outcome.Result, kills, (float)world.Time / 60f);"
Game/Match/ModeSessions.cs,767,120,modes.defendSession.outcomeCoins,x,khac,05,1,inline,,compound_assign: if (outcome.Result > 0) outcome.Reward.Coins += 120;
Game/Match/ModeSessions.cs,793,26f,modes.weeklySession.buildCp,x,khac,05,1,inline,,"arg:ModeSession.PlayerSide: var attacker = PlayerSide(26f, 1.5f);"
Game/Match/ModeSessions.cs,793,1.5f,modes.weeklySession.buildIncome,x,khac,05,1,inline,,"arg:ModeSession.PlayerSide: var attacker = PlayerSide(26f, 1.5f);"
Game/Match/ModeSessions.cs,794,34,modes.weeklySession.buildArmyCap,count,tran,05,1,inline,,assign: attacker.ArmyCap = 34;
Game/Match/ModeSessions.cs,797,300f,modes.weeklySession.buildStartSeconds,s,thoi_gian,05,1,inline,,"object_init: StartSeconds = 300f, StartStage = _startStage,"
Game/Match/ModeSessions.cs,798,22f,modes.weeklySession.buildCp2,x,khac,05,1,inline,,"arg:ModeSession.EnemySide: Attacker = attacker, Defender = EnemySide(22f, 1.15f, Difficulty, world.Catalog, seed),"
Game/Match/ModeSessions.cs,798,1.15f,modes.weeklySession.buildIncome2,x,khac,05,1,inline,,"arg:ModeSession.EnemySide: Attacker = attacker, Defender = EnemySide(22f, 1.15f, Difficulty, world.Catalog, seed),"
Game/Match/ModeSessions.cs,820,3,modes.weeklySession.updateHudStageCap,count,tran,05,1,inline,,"math_min: var goal = Strings.Format(""mode.siege.stage"", (""stage"", UnityEngine.Mathf.Min(3, _mode.Stage)),"
Game/Match/ModeSessions.cs,834,60f,modes.weeklySession.outcomeTimeDivisor,s,sat_thuong,05,1,inline,,"divide: outcome.Reward = Rewards.Quick(Difficulty, outcome.Result, kills, (float)world.Time / 60f);"
Game/Match/ModeSessions.cs,836,3,modes.weeklySession.outcomeStageCap,count,tran,05,1,inline,,"math_min: if (PlayerProfile.RecordWeekly(_week, UnityEngine.Mathf.Min(3, _mode.Stage), outcome.Result > 0))"
Game/Match/ModeSessions.cs,848,12,modes.siegeSession.siegeBountyCoins,x,khac,05,1,const_to_property,,const_field: public const int SiegeBountyCoins = 12;
Game/Match/ModeSessions.cs,851,100,modes.siegeSession.superGunCoins,x,khac,05,1,const_to_property,,const_field: public const int SuperGunCoins = 100;
Game/Match/ModeSessions.cs,863,38f,modes.siegeSession.buildCp,x,khac,05,1,inline,,"arg:ModeSession.PlayerSide: var attacker = PlayerSide(38f, 2.4f);"
Game/Match/ModeSessions.cs,863,2.4f,modes.siegeSession.buildIncome,x,khac,05,1,inline,,"arg:ModeSession.PlayerSide: var attacker = PlayerSide(38f, 2.4f);"
Game/Match/ModeSessions.cs,864,44,modes.siegeSession.buildArmyCap,count,tran,05,1,inline,,assign: attacker.ArmyCap = 44;
Game/Match/ModeSessions.cs,865,40f,modes.siegeSession.buildBank,x,khac,05,1,inline,,assign: attacker.Bank = 40f;
Game/Match/ModeSessions.cs,871,24f,modes.siegeSession.buildHardTrue,x,khac,05,1,inline,,"conditional: var defender = EnemySide(hard ? 24f : 20f, 0.8f, Difficulty, world.Catalog, seed);"
Game/Match/ModeSessions.cs,871,20f,modes.siegeSession.buildHardFalse,x,khac,05,1,inline,,"conditional: var defender = EnemySide(hard ? 24f : 20f, 0.8f, Difficulty, world.Catalog, seed);"
Game/Match/ModeSessions.cs,871,0.8f,modes.siegeSession.buildIncome2,x,khac,05,1,inline,,"arg:ModeSession.EnemySide: var defender = EnemySide(hard ? 24f : 20f, 0.8f, Difficulty, world.Catalog, seed);"
Game/Match/ModeSessions.cs,872,34,modes.siegeSession.buildHardTrue2,count,tran,05,1,inline,,conditional: defender.ArmyCap = hard ? 34 : 26;
Game/Match/ModeSessions.cs,872,26,modes.siegeSession.buildHardFalse2,count,tran,05,1,inline,,conditional: defender.ArmyCap = hard ? 34 : 26;
Game/Match/ModeSessions.cs,874,400f,modes.siegeSession.buildDifficultyValue,x,khac,05,1,inline,,"switch_arm: var start = Difficulty switch { AiDifficulty.VeryHard => 400f, AiDifficulty.Hard => 420f, AiDifficulty.Easy => 540f, _ => 480f };"
Game/Match/ModeSessions.cs,874,420f,modes.siegeSession.buildDifficultyValue2,x,khac,05,1,inline,,"switch_arm: var start = Difficulty switch { AiDifficulty.VeryHard => 400f, AiDifficulty.Hard => 420f, AiDifficulty.Easy => 540f, _ => 480f };"
Game/Match/ModeSessions.cs,874,540f,modes.siegeSession.buildDifficultyValue3,x,khac,05,1,inline,,"switch_arm: var start = Difficulty switch { AiDifficulty.VeryHard => 400f, AiDifficulty.Hard => 420f, AiDifficulty.Easy => 540f, _ => 480f };"
Game/Match/ModeSessions.cs,874,480f,modes.siegeSession.buildDifficultyValue4,x,khac,05,1,inline,,"switch_arm: var start = Difficulty switch { AiDifficulty.VeryHard => 400f, AiDifficulty.Hard => 420f, AiDifficulty.Easy => 540f, _ => 480f };"
Game/Match/ModeSessions.cs,879,300f,modes.siegeSession.buildThoi,s,thoi_gian,05,1,inline,,"table: StartSeconds = start, StageBonus = new[] { 300f, 300f }, MaxBank = 900f, SuperGunFirst = 150f, SuperGunSeconds = 90f,"
Game/Match/ModeSessions.cs,879,900f,modes.siegeSession.buildMaxBank,count,thoi_gian,05,1,inline,,"object_init: StartSeconds = start, StageBonus = new[] { 300f, 300f }, MaxBank = 900f, SuperGunFirst = 150f, SuperGunSeconds = 90f,"
Game/Match/ModeSessions.cs,879,150f,modes.siegeSession.buildSuperGunFirst,s,thoi_gian,05,1,inline,,"object_init: StartSeconds = start, StageBonus = new[] { 300f, 300f }, MaxBank = 900f, SuperGunFirst = 150f, SuperGunSeconds = 90f,"
Game/Match/ModeSessions.cs,879,90f,modes.siegeSession.buildSuperGunSeconds,s,thoi_gian,05,1,inline,,"object_init: StartSeconds = start, StageBonus = new[] { 300f, 300f }, MaxBank = 900f, SuperGunFirst = 150f, SuperGunSeconds = 90f,"
Game/Match/ModeSessions.cs,879,300f,modes.siegeSession.buildThoi,s,thoi_gian,05,2,inline,,"table: StartSeconds = start, StageBonus = new[] { 300f, 300f }, MaxBank = 900f, SuperGunFirst = 150f, SuperGunSeconds = 90f,"
Game/Match/ModeSessions.cs,881,2.1f,modes.siegeSession.buildHardening,x,sat_thuong,05,1,inline,,"object_init: Hardening = 2.1f, LineHealth = new[] { 1.1f, 1.25f, 1.4f }, LineDamage = new[] { 1.05f, 1.15f, 1.25f },"
Game/Match/ModeSessions.cs,881,1.1f,modes.siegeSession.buildSat,x,sat_thuong,05,1,inline,,"table: Hardening = 2.1f, LineHealth = new[] { 1.1f, 1.25f, 1.4f }, LineDamage = new[] { 1.05f, 1.15f, 1.25f },"
Game/Match/ModeSessions.cs,881,1.25f,modes.siegeSession.buildSat2,x,sat_thuong,05,1,inline,,"table: Hardening = 2.1f, LineHealth = new[] { 1.1f, 1.25f, 1.4f }, LineDamage = new[] { 1.05f, 1.15f, 1.25f },"
Game/Match/ModeSessions.cs,881,1.4f,modes.siegeSession.buildSat3,x,sat_thuong,05,1,inline,,"table: Hardening = 2.1f, LineHealth = new[] { 1.1f, 1.25f, 1.4f }, LineDamage = new[] { 1.05f, 1.15f, 1.25f },"
Game/Match/ModeSessions.cs,881,1.05f,modes.siegeSession.buildSat4,x,sat_thuong,05,1,inline,,"table: Hardening = 2.1f, LineHealth = new[] { 1.1f, 1.25f, 1.4f }, LineDamage = new[] { 1.05f, 1.15f, 1.25f },"
Game/Match/ModeSessions.cs,881,1.15f,modes.siegeSession.buildSat5,x,sat_thuong,05,1,inline,,"table: Hardening = 2.1f, LineHealth = new[] { 1.1f, 1.25f, 1.4f }, LineDamage = new[] { 1.05f, 1.15f, 1.25f },"
Game/Match/ModeSessions.cs,881,1.25f,modes.siegeSession.buildSat2,x,sat_thuong,05,2,inline,,"table: Hardening = 2.1f, LineHealth = new[] { 1.1f, 1.25f, 1.4f }, LineDamage = new[] { 1.05f, 1.15f, 1.25f },"
Game/Match/ModeSessions.cs,883,0.6f,modes.siegeSession.buildDifficultyValue5,x,khac,05,1,inline,,"switch_arm: Manning = Difficulty switch { >= AiDifficulty.Normal => 1f, _ => 0.6f },"
Game/Match/ModeSessions.cs,912,3,modes.siegeSession.updateHudStageCap,count,tran,05,1,inline,,"math_min: var goal = Strings.Format(""mode.siege.stage"", (""stage"", UnityEngine.Mathf.Min(3, _mode.Stage)),"
Game/Match/ModeSessions.cs,927,60f,modes.siegeSession.outcomeTimeDivisor,s,sat_thuong,05,1,inline,,"divide: outcome.Reward = Rewards.Quick(Difficulty, outcome.Result, kills, (float)world.Time / 60f);"
Game/Match/ModeSessions.cs,929,150,modes.siegeSession.outcomeCoins,x,khac,05,1,inline,,compound_assign: if (outcome.Result > 0) outcome.Reward.Coins += 150;
Game/Match/ModeSessions.cs,979,40f,modes.bossRushSession.buildCp,x,khac,05,1,inline,,"arg:ModeSession.PlayerSide: var player = PlayerSide(40f, Difficulty switch { AiDifficulty.VeryHard => 1.45f, AiDifficulty.Hard => 1.6f, _ => 1.8f });"
Game/Match/ModeSessions.cs,979,1.45f,modes.bossRushSession.buildDifficultyValue,x,khac,05,1,inline,,"switch_arm: var player = PlayerSide(40f, Difficulty switch { AiDifficulty.VeryHard => 1.45f, AiDifficulty.Hard => 1.6f, _ => 1.8f });"
Game/Match/ModeSessions.cs,979,1.6f,modes.bossRushSession.buildDifficultyValue2,x,khac,05,1,inline,,"switch_arm: var player = PlayerSide(40f, Difficulty switch { AiDifficulty.VeryHard => 1.45f, AiDifficulty.Hard => 1.6f, _ => 1.8f });"
Game/Match/ModeSessions.cs,979,1.8f,modes.bossRushSession.buildDifficultyValue3,x,khac,05,1,inline,,"switch_arm: var player = PlayerSide(40f, Difficulty switch { AiDifficulty.VeryHard => 1.45f, AiDifficulty.Hard => 1.6f, _ => 1.8f });"
Game/Match/ModeSessions.cs,980,36,modes.bossRushSession.buildArmyCap,count,tran,05,1,inline,,assign: player.ArmyCap = 36;
Game/Match/ModeSessions.cs,981,45f,modes.bossRushSession.buildBank,x,khac,05,1,inline,,assign: player.Bank = 45f;
Game/Match/ModeSessions.cs,991,12f,modes.bossRushSession.buildBounty,x,khac,05,1,inline,,"object_init: Player = player, Bounty = 12f, StepBounty = 6f, Bosses = _roster,"
Game/Match/ModeSessions.cs,991,6f,modes.bossRushSession.buildStepBounty,x,khac,05,1,inline,,"object_init: Player = player, Bounty = 12f, StepBounty = 6f, Bosses = _roster,"
Game/Match/ModeSessions.cs,996,0.3f,modes.bossRushSession.buildFullFalse,x,khac,05,1,inline,,"conditional: Seed = _full ? BossHunts.FullSeed : _week, Ramp = true, FullRamp = _full, RestRepair = _full ? 0f : 0.3f,"
Game/Match/ModeSessions.cs,1000,15f,modes.bossRushSession.buildBreather,s,thoi_gian,05,1,inline,,object_init: MainSeconds = _full ? global::MachineBrigade.Sim.Content.SimTunables.Bosses.BossRushRules.FullMainSeconds : global::MachineBrigade.Sim.Content.SimTunables.Bosse
Game/Match/ModeSessions.cs,1001,0.5f,modes.bossRushSession.buildFullFalse2,x,khac,05,1,inline,,"conditional: CpKept = _full ? 1f : 0.5f, Fresh = _full,"
Game/Match/ModeSessions.cs,1022,0.8f,modes.bossRushSession.bossStrengthValue,x,khac,05,1,inline,,"tuple: AiDifficulty.Easy => (0.8f, 0.9f),"
Game/Match/ModeSessions.cs,1022,0.9f,modes.bossRushSession.bossStrengthValue2,x,khac,05,1,inline,,"tuple: AiDifficulty.Easy => (0.8f, 0.9f),"
Game/Match/ModeSessions.cs,1023,1.3f,modes.bossRushSession.bossStrengthValue3,x,khac,05,1,inline,,"tuple: AiDifficulty.Hard => (1.3f, 1.15f),"
Game/Match/ModeSessions.cs,1023,1.15f,modes.bossRushSession.bossStrengthValue4,x,khac,05,1,inline,,"tuple: AiDifficulty.Hard => (1.3f, 1.15f),"
Game/Match/ModeSessions.cs,1024,1.6f,modes.bossRushSession.bossStrengthValue5,x,khac,05,1,inline,,"tuple: AiDifficulty.VeryHard => (1.6f, 1.3f),"
Game/Match/ModeSessions.cs,1024,1.3f,modes.bossRushSession.bossStrengthValue3,x,khac,05,1,inline,,"tuple: AiDifficulty.VeryHard => (1.6f, 1.3f),"
Game/Match/ModeSessions.cs,1054,100f,modes.bossRushSession.updateHudRestRepairShareScale,share,khac,05,1,inline,,"multiply: hud.SetHuntRest(rest < 0f ? null : _mode.RestRepairShare <= 0f ? Strings.Get(""hunt.restFresh"") : Strings.Format(""hunt.restTitle"", UnityEngine.Mathf.RoundToInt(_"
Game/Match/ModeSessions.cs,1150,60f,modes.bossRushSession.outcomeTimeDivisor,s,sat_thuong,05,1,inline,,"divide: outcome.Reward = Rewards.Quick(Difficulty, outcome.Result, kills, (float)world.Time / 60f);"
Game/Match/ModeSessions.cs,1152,120,modes.bossRushSession.outcomeMaxScale,count,nguong,05,1,inline,,"multiply: outcome.Reward.Coins += 120 * System.Math.Max(0, _mode.Defeated - _mode.PaidBefore);"
Game/Match/ModeSessions.cs,1194,0.75f,modes.survivalSession.buildDifficultyValue,x,khac,05,1,inline,,"switch_arm: Intensity = Difficulty switch { AiDifficulty.Easy => 0.75f, AiDifficulty.Hard => 1.35f, AiDifficulty.VeryHard => 1.6f, _ => 1f },"
Game/Match/ModeSessions.cs,1194,1.35f,modes.survivalSession.buildDifficultyValue2,x,khac,05,1,inline,,"switch_arm: Intensity = Difficulty switch { AiDifficulty.Easy => 0.75f, AiDifficulty.Hard => 1.35f, AiDifficulty.VeryHard => 1.6f, _ => 1f },"
Game/Match/ModeSessions.cs,1194,1.6f,modes.survivalSession.buildDifficultyValue3,x,khac,05,1,inline,,"switch_arm: Intensity = Difficulty switch { AiDifficulty.Easy => 0.75f, AiDifficulty.Hard => 1.35f, AiDifficulty.VeryHard => 1.6f, _ => 1f },"
Game/Match/ModeSessions.cs,1197,100f,modes.survivalSession.buildPowerDivisor,x,khac,05,1,inline,,"divide: id => PlayerProfile.BoostFor(world.Catalog.Vehicles[id]))) / 100f,"
Game/Match/ModeSessions.cs,1202,16f,modes.survivalSession.buildStartCp,CP,khac,05,1,inline,,"ctor_arg:TeamEconomy: world.EnableEconomy(new Sim.Economy.TeamEconomy(PlayerTeam, 16f, income: 0.9f,"
Game/Match/ModeSessions.cs,1202,0.9f,modes.survivalSession.buildIncome,x,khac,05,1,inline,,"ctor_arg:TeamEconomy: world.EnableEconomy(new Sim.Economy.TeamEconomy(PlayerTeam, 16f, income: 0.9f,"
Game/Match/ModeSessions.cs,1208,0.33f,modes.survivalSession.buildHomeLerp,x,khac,05,1,inline,,"math_lerp: AddPlayerCommander(null, seed).DefendPoint = Vector2.Lerp(home, threat, 0.33f);"
Game/Match/ModeSessions.cs,1226,5.0,modes.survivalSession.outcomeTimeMax,s,thoi_gian,05,1,inline,,compare: if (_over || !won && (world.Time <= 5.0 || !Lost(world))) return null;
Game/Match/ModeSessions.cs,1254,18f,modes.survivalSession.lostDistanceMax,m,ban_kinh,05,1,inline,,compare: if (v.Team == EnemyTeam && distance < 18f) attackers++;
Game/Match/ModeSessions.cs,1255,26f,modes.survivalSession.lostDistanceMax2,m,ban_kinh,05,1,inline,,compare: else if (v.Team == PlayerTeam && distance < 26f) defenders++;
Game/Match/ModeSessions.cs,1259,4,modes.survivalSession.lostAttackersMin,x,nguong,05,1,inline,,compare: var overrun = attackers > 0 && (defenders == 0 || attackers >= 4 && attackers >= defenders * 2);
Game/Match/ModeSessions.cs,1259,2,modes.survivalSession.lostDefendersScale,x,khac,05,1,inline,,multiply: var overrun = attackers > 0 && (defenders == 0 || attackers >= 4 && attackers >= defenders * 2);
Game/Match/ModeSessions.cs,1261,10.0,modes.survivalSession.lostNowMin,s,thoi_gian,05,1,inline,,compare: return (_wipedSince >= 0 && now - _wipedSince > 10.0) || (_overrunSince >= 0 && now - _overrunSince > 15.0);
Game/Match/ModeSessions.cs,1261,15.0,modes.survivalSession.lostNowMin2,s,thoi_gian,05,1,inline,,compare: return (_wipedSince >= 0 && now - _wipedSince > 10.0) || (_overrunSince >= 0 && now - _overrunSince > 15.0);
Game/Match/ModeSessions.cs,1359,2,modes.missionSession.buildRunFalse,x,sat_thuong,05,1,inline,,"conditional: _tier = System.Math.Clamp(MatchSettings.MissionTier, 0, _run != null && Operations.LegendOpen ? Operations.Legend : 2);"
Game/Match/ModeSessions.cs,1364,0.8333f,modes.missionSession.buildEnemyScale,x,khac,05,1,inline,,multiply: enemy.Income *= 1f + (tier.Enemy - 1f) * 0.8333f;
Game/Match/ModeSessions.cs,1404,1e-3f,modes.missionSession.buildAbsMin,x,sat_thuong,05,1,inline,,compare: if (_def.Goal == MissionGoal.Duel && System.Math.Abs(_def.TargetHealth - 1f) > 1e-3f)
Game/Match/ModeSessions.cs,1439,2,modes.missionSession.buildTierIs,x,khac,05,1,inline,,equals: if (_tier == 2) player.AutoStrike = false;
Game/Match/ModeSessions.cs,1453,11,modes.missionSession.buildSeedAdd,x,khac,05,1,inline,,"add: AllyAi = new TacticalAi(PlayerTeam, EnemyTeam, seed + 11)"
Game/Match/ModeSessions.cs,1473,180.0,modes.missionSession.anomalyFrom,x,khac,05,1,manual:field declares several variables (split first),,"const_field: private const double AnomalyFrom = 180.0, AnomalyUntil = 270.0;"
Game/Match/ModeSessions.cs,1473,270.0,modes.missionSession.anomalyUntil,s,khac,05,1,manual:field declares several variables (split first),,"const_field: private const double AnomalyFrom = 180.0, AnomalyUntil = 270.0;"
Game/Match/ModeSessions.cs,1551,32f,modes.missionSession.configureTrue,m,ban_kinh,05,1,inline,,conditional: player.Leash = def.Goal is MissionGoal.Hold or MissionGoal.Outpost ? 32f : null;
Game/Match/ModeSessions.cs,1558,0.33f,modes.missionSession.configureHomeLerp,x,khac,05,1,inline,,"math_lerp: player.DefendPoint = Vector2.Lerp(home, threat, 0.33f);"
Game/Match/ModeSessions.cs,1711,2,modes.missionSession.outcomeTierCap,count,thoi_gian,05,1,inline,,"math_min: outcome.Reward = Rewards.Mission(_def, won, (float)world.Time, Losses, ChallengeMet(world), System.Math.Min(_tier, 2),"
Game/Match/Narrative.Data.cs,11,2,campaign.narrative.intelChapter,x,khac,07,1,manual:static array table (FloatArray / IntArray entry),,"ctor_arg:IntelFile: new(""c2.order"", 2, false, ""c2s1"", ""varga"", false),"
Game/Match/Narrative.Data.cs,12,2,campaign.narrative.intelChapter,x,khac,07,1,manual:static array table (FloatArray / IntArray entry),,"ctor_arg:IntelFile: new(""c2.drawings"", 2, false, ""c2s2"", ""mai"", false),"
Game/Match/Narrative.Data.cs,13,3,campaign.narrative.intelChapter2,x,khac,07,1,manual:static array table (FloatArray / IntArray entry),,"ctor_arg:IntelFile: new(""c3.tables"", 3, false, ""c3s1"", ""orlov"", false),"
Game/Match/Narrative.Data.cs,14,3,campaign.narrative.intelChapter2,x,khac,07,1,manual:static array table (FloatArray / IntArray entry),,"ctor_arg:IntelFile: new(""c3.snow"", 3, false, ""c3s2"", ""hq"", false),"
Game/Match/Narrative.Data.cs,15,13,campaign.narrative.intelChapter3,x,khac,07,1,manual:static array table (FloatArray / IntArray entry),,"ctor_arg:IntelFile: new(""i1.ledger"", 13, true, ""i1m02"", ""brenn"", false),"
Game/Match/Narrative.Data.cs,16,13,campaign.narrative.intelChapter3,x,khac,07,1,manual:static array table (FloatArray / IntArray entry),,"ctor_arg:IntelFile: new(""i1.initials"", 13, true, ""i1m03"", ""mai"", false),"
Game/Match/Narrative.Data.cs,17,4,campaign.narrative.intelChapter4,x,khac,07,1,manual:static array table (FloatArray / IntArray entry),,"ctor_arg:IntelFile: new(""c4.prisoner"", 4, false, ""c4s1"", ""hq"", false),"
Game/Match/Narrative.Data.cs,18,4,campaign.narrative.intelChapter4,x,khac,07,1,manual:static array table (FloatArray / IntArray entry),,"ctor_arg:IntelFile: new(""c4.balance"", 4, false, ""c4s2"", ""kessler"", false),"
Game/Match/Narrative.Data.cs,19,4,campaign.narrative.intelChapter4,x,khac,07,1,manual:static array table (FloatArray / IntArray entry),,"ctor_arg:IntelFile: new(""c4.flank"", 4, true, ""c4m13"", ""linh"", true),"
Game/Match/Narrative.Data.cs,20,5,campaign.narrative.intelChapter5,x,khac,07,1,manual:static array table (FloatArray / IntArray entry),,"ctor_arg:IntelFile: new(""c5.notebook"", 5, false, ""c5s1"", ""sen"", false),"
Game/Match/Narrative.Data.cs,21,5,campaign.narrative.intelChapter5,x,khac,07,1,manual:static array table (FloatArray / IntArray entry),,"ctor_arg:IntelFile: new(""c5.village"", 5, false, ""c5s2"", ""hq"", false),"
Game/Match/Narrative.Data.cs,22,5,campaign.narrative.intelChapter5,x,khac,07,1,manual:static array table (FloatArray / IntArray entry),,"ctor_arg:IntelFile: new(""c5.titan"", 5, true, ""c5m09"", ""linh"", true),"
Game/Match/Narrative.Data.cs,23,6,campaign.narrative.intelChapter6,x,khac,07,1,manual:static array table (FloatArray / IntArray entry),,"ctor_arg:IntelFile: new(""c6.raiders"", 6, false, ""c6s1"", ""hq"", false),"
Game/Match/Narrative.Data.cs,24,6,campaign.narrative.intelChapter6,x,khac,07,1,manual:static array table (FloatArray / IntArray entry),,"ctor_arg:IntelFile: new(""c6.board"", 6, false, ""c6s2"", ""aurel"", false),"
Game/Match/Narrative.Data.cs,25,6,campaign.narrative.intelChapter6,x,khac,07,1,manual:static array table (FloatArray / IntArray entry),,"ctor_arg:IntelFile: new(""c6.band"", 6, true, ""c6m15"", ""linh"", true),"
Game/Match/Narrative.Data.cs,26,14,campaign.narrative.intelChapter7,x,khac,07,1,manual:static array table (FloatArray / IntArray entry),,"ctor_arg:IntelFile: new(""i2.escort"", 14, true, ""i2m02"", ""mendez"", false),"
Game/Match/Narrative.Data.cs,27,14,campaign.narrative.intelChapter7,x,khac,07,1,manual:static array table (FloatArray / IntArray entry),,"ctor_arg:IntelFile: new(""i2.stay"", 14, true, ""i2m04"", ""sen"", false),"
Game/Match/Narrative.Data.cs,28,7,campaign.narrative.intelChapter8,x,khac,07,1,manual:static array table (FloatArray / IntArray entry),,"ctor_arg:IntelFile: new(""c7.letters"", 7, false, ""c7s1"", ""hq"", false),"
Game/Match/Narrative.Data.cs,29,7,campaign.narrative.intelChapter8,x,khac,07,1,manual:static array table (FloatArray / IntArray entry),,"ctor_arg:IntelFile: new(""c7.turn"", 7, true, ""c7m10"", ""linh"", false),"
Game/Match/Narrative.Data.cs,30,8,campaign.narrative.intelChapter9,x,khac,07,1,manual:static array table (FloatArray / IntArray entry),,"ctor_arg:IntelFile: new(""c8.fortress"", 8, false, ""c8s1"", ""mai"", false),"
Game/Match/Narrative.Data.cs,31,8,campaign.narrative.intelChapter9,x,khac,07,1,manual:static array table (FloatArray / IntArray entry),,"ctor_arg:IntelFile: new(""c8.letter"", 8, false, ""c8s2"", ""hung"", false),"
Game/Match/Narrative.Data.cs,32,9,campaign.narrative.intelChapter10,s,thoi_gian,07,1,manual:static array table (FloatArray / IntArray entry),,"ctor_arg:IntelFile: new(""c9.timetable"", 9, false, ""c9s1"", ""kessler"", false),"
Game/Match/Narrative.Data.cs,33,9,campaign.narrative.intelChapter10,x,khac,07,1,manual:static array table (FloatArray / IntArray entry),,"ctor_arg:IntelFile: new(""c9.buoy"", 9, false, ""c9s2"", ""linh"", false),"
Game/Match/Narrative.Data.cs,34,15,campaign.narrative.intelChapter11,x,khac,07,1,manual:static array table (FloatArray / IntArray entry),,"ctor_arg:IntelFile: new(""i3.log"", 15, true, ""i3m01"", ""dieuhau"", false),"
Game/Match/Narrative.Data.cs,35,15,campaign.narrative.intelChapter11,x,khac,07,1,manual:static array table (FloatArray / IntArray entry),,"ctor_arg:IntelFile: new(""i3.crown"", 15, true, ""i3m03"", ""reyn"", false),"
Game/Match/Narrative.Data.cs,36,10,campaign.narrative.intelChapter12,x,khac,07,1,manual:static array table (FloatArray / IntArray entry),,"ctor_arg:IntelFile: new(""c10.home"", 10, false, ""c10s1"", ""quaden"", false),"
Game/Match/Narrative.Data.cs,37,10,campaign.narrative.intelChapter12,x,khac,07,1,manual:static array table (FloatArray / IntArray entry),,"ctor_arg:IntelFile: new(""c10.test"", 10, false, ""c10s2"", ""aurel"", false),"
Game/Match/Narrative.Data.cs,38,11,campaign.narrative.intelChapter13,x,khac,07,1,manual:static array table (FloatArray / IntArray entry),,"ctor_arg:IntelFile: new(""c11.memo"", 11, false, ""c11s1"", ""aurel"", false),"
Game/Match/Narrative.Data.cs,39,11,campaign.narrative.intelChapter13,x,khac,07,1,manual:static array table (FloatArray / IntArray entry),,"ctor_arg:IntelFile: new(""c11.orlov"", 11, true, ""c11m05"", ""orlov"", false),"
Game/Match/Narrative.Data.cs,40,12,campaign.narrative.intelChapter14,x,khac,07,1,manual:static array table (FloatArray / IntArray entry),,"ctor_arg:IntelFile: new(""c12.bargain"", 12, true, ""c12m02"", ""kessler"", false),"
Game/Match/Narrative.Data.cs,41,12,campaign.narrative.intelChapter14,x,khac,07,1,manual:static array table (FloatArray / IntArray entry),,"ctor_arg:IntelFile: new(""c12.last"", 12, true, ""c12m09"", ""hq"", false),"
Game/Match/Narrative.cs,87,9,campaign.narrative.playerCpBonusChapterIs,CP,nguong,07,1,inline,,"equals: m != null && m.Chapter == 9 && Campaign.Chosen(""c8.miners"") == ""rescue"" ? MinersCp : 0f;"
Game/Match/Narrative.cs,90,12,campaign.narrative.enemyVisionChapterIs,m,ban_kinh,07,1,inline,,"equals: m != null && m.Chapter == 12 && Campaign.Chosen(""c11.radar"") == ""radar"" ? RadarVision : 1f;"
Game/Match/Narrative.cs,162,3,campaign.narrative.foundStarsMin,x,nguong,07,1,inline,,compare: PlayerProfile.IntelRecovered(f.Id) || (f.ThreeStars ? PlayerProfile.Stars(f.Mission) >= 3 : PlayerProfile.Completed(f.Mission));
Game/Match/Narrative.cs,190,3,campaign.narrative.foundByThreeStarsTrue,x,khac,07,1,inline,,conditional: if (f.Mission == missionId && !Found(f) && stars >= (f.ThreeStars ? 3 : 1)) list.Add(f);
Game/Match/Operations.cs,40,3,campaign.operations.legend,x,khac,07,1,const_to_property,,const_field: public const int Legend = 3;
Game/Match/Rewards.cs,65,17,modes.matchReward.claimSeed,x,khac,05,1,inline,,local_init: var seed = 17;
Game/Match/Rewards.cs,66,31,modes.matchReward.claimSeedScale,m,ban_kinh,05,1,inline,,"multiply: foreach (var c in MissionId ?? """") seed = seed * 31 + c;"
Game/Match/Rewards.cs,85,0.7f,modes.rewards.difficultyFactorDifficultyValue,x,khac,05,1,inline,,"switch_arm: AiDifficulty.Easy => 0.7f,"
Game/Match/Rewards.cs,86,1.45f,modes.rewards.difficultyFactorDifficultyValue2,x,khac,05,1,inline,,"switch_arm: AiDifficulty.Hard => 1.45f,"
Game/Match/Rewards.cs,87,1.8f,modes.rewards.difficultyFactorDifficultyValue3,x,khac,05,1,inline,,"switch_arm: AiDifficulty.VeryHard => 1.8f,"
Game/Match/Rewards.cs,94,120f,modes.rewards.quickOutcomeTrue,x,khac,05,1,inline,,conditional: var coins = outcome > 0 ? 120f : outcome == 0 ? 70f : 40f;
Game/Match/Rewards.cs,94,70f,modes.rewards.quickOutcomeTrue2,x,khac,05,1,inline,,conditional: var coins = outcome > 0 ? 120f : outcome == 0 ? 70f : 40f;
Game/Match/Rewards.cs,94,40f,modes.rewards.quickOutcomeFalse,x,khac,05,1,inline,,conditional: var coins = outcome > 0 ? 120f : outcome == 0 ? 70f : 40f;
Game/Match/Rewards.cs,95,120,modes.rewards.quickKillsCap,count,sat_thuong,05,1,inline,,"math_min: coins += Mathf.Min(kills, 120) * 1.5f;"
Game/Match/Rewards.cs,95,1.5f,modes.rewards.quickMinScale,x,sat_thuong,05,1,inline,,"multiply: coins += Mathf.Min(kills, 120) * 1.5f;"
Game/Match/Rewards.cs,97,15f,modes.rewards.quickMinutesMax,x,nguong,05,1,inline,,"math_clamp: coins += Mathf.Clamp(minutes, 0f, 15f) * 4f;"
Game/Match/Rewards.cs,97,4f,modes.rewards.quickClampScale,x,khac,05,1,inline,,"multiply: coins += Mathf.Clamp(minutes, 0f, 15f) * 4f;"
Game/Match/Rewards.cs,99,0.8f,modes.rewards.quickCoinsScale,x,khac,05,1,inline,,"multiply: return new MatchReward { Coins = Mathf.RoundToInt(coins), Xp = Mathf.RoundToInt(coins * 0.8f) };"
Game/Match/Rewards.cs,104,30f,modes.rewards.survivalWavesAdd,x,sat_thuong,05,1,inline,,"add: var coins = (30f + waves * 18f + Mathf.Min(kills, 150) * 1.5f) * DifficultyFactor(difficulty);"
Game/Match/Rewards.cs,104,18f,modes.rewards.survivalWavesScale,x,sat_thuong,05,1,inline,,"multiply: var coins = (30f + waves * 18f + Mathf.Min(kills, 150) * 1.5f) * DifficultyFactor(difficulty);"
Game/Match/Rewards.cs,104,150,modes.rewards.survivalKillsCap,count,sat_thuong,05,1,inline,,"math_min: var coins = (30f + waves * 18f + Mathf.Min(kills, 150) * 1.5f) * DifficultyFactor(difficulty);"
Game/Match/Rewards.cs,104,1.5f,modes.rewards.survivalMinScale,x,sat_thuong,05,1,inline,,"multiply: var coins = (30f + waves * 18f + Mathf.Min(kills, 150) * 1.5f) * DifficultyFactor(difficulty);"
Game/Match/Rewards.cs,105,0.8f,modes.rewards.survivalCoinsScale,x,khac,05,1,inline,,"multiply: return new MatchReward { Coins = Mathf.RoundToInt(coins), Xp = Mathf.RoundToInt(coins * 0.8f) };"
Game/Match/Rewards.cs,144,1.5f,modes.rewards.tierPayTierValue,x,khac,05,1,inline,,"switch_arm: public static float TierPay(int tier) => tier switch { 1 => 1.5f, 2 => 2f, _ => 1f };"
Game/Match/Rewards.cs,144,2f,modes.rewards.tierPayTierValue2,x,khac,05,1,inline,,"switch_arm: public static float TierPay(int tier) => tier switch { 1 => 1.5f, 2 => 2f, _ => 1f };"
Game/Match/Rewards.cs,155,30,modes.rewards.missionCoins,x,khac,05,1,inline,,assign: reward.Coins = 30;
Game/Match/Rewards.cs,156,40,modes.rewards.missionXp,x,khac,05,1,inline,,assign: reward.Xp = 40;
Game/Match/Rewards.cs,159,0.35f,modes.rewards.missionFirstFalse,x,nguong,05,1,inline,,conditional: var share = first ? 1f : 0.35f;
Game/Match/Rewards.cs,160,50,modes.rewards.missionStarsScale,x,nguong,05,1,inline,,multiply: reward.Coins = Mathf.RoundToInt((mission.RewardCoins * share + 50 * stars) * TierPay(tier));
Game/Match/Rewards.cs,161,30,modes.rewards.missionStarsScale2,x,nguong,05,1,inline,,multiply: reward.Xp = Mathf.RoundToInt((mission.RewardXp * share + 30 * stars) * TierPay(tier));
Game/Match/Rewards.cs,166,3,modes.rewards.missionPrintsDivisor,x,khac,05,1,inline,,divide: reward.Prints = firstEver ? mission.Prints : mission.Prints / 3;
Game/Match/ShowdownSession.cs,48,18f,modes.showdownSession.buildCp,x,khac,05,1,inline,,"arg:ModeSession.PlayerSide: Player = PlayerSide(18f, 1.35f), Enemy = EnemySide(18f, 1.35f, Difficulty, world.Catalog, seed),"
Game/Match/ShowdownSession.cs,48,1.35f,modes.showdownSession.buildIncome,x,khac,05,1,inline,,"arg:ModeSession.PlayerSide: Player = PlayerSide(18f, 1.35f), Enemy = EnemySide(18f, 1.35f, Difficulty, world.Catalog, seed),"
Game/Match/ShowdownSession.cs,48,18f,modes.showdownSession.buildCp,x,khac,05,2,inline,,"arg:ModeSession.EnemySide: Player = PlayerSide(18f, 1.35f), Enemy = EnemySide(18f, 1.35f, Difficulty, world.Catalog, seed),"
Game/Match/ShowdownSession.cs,48,1.35f,modes.showdownSession.buildIncome,x,khac,05,2,inline,,"arg:ModeSession.EnemySide: Player = PlayerSide(18f, 1.35f), Enemy = EnemySide(18f, 1.35f, Difficulty, world.Catalog, seed),"
Game/Match/ShowdownSession.cs,82,4f,modes.showdownSession.announceSeconds,s,thoi_gian,05,1,inline,,"arg:BattleHud.Toast: seconds: 4f, kind: NoticeKind.Reward);"
Game/Match/ShowdownSession.cs,87,4f,modes.showdownSession.announceSeconds,s,thoi_gian,05,1,inline,,"arg:BattleHud.Toast: hud.Toast(Strings.Get(""mode.showdown.cutoff""), seconds: 4f, kind: NoticeKind.Objective);"
Game/Match/ShowdownSession.cs,92,5f,modes.showdownSession.announceSeconds2,s,thoi_gian,05,1,inline,,"arg:BattleHud.Toast: hud.Toast(Strings.Format(""mode.showdown.sudden"", (""seconds"", Math.Round(rules.SuddenDeath))), error: true, seconds: 5f,"
Game/Match/ShowdownSession.cs,105,60f,modes.showdownSession.outcomeTimeDivisor,s,sat_thuong,05,1,inline,,"divide: outcome.Reward = Rewards.Quick(Difficulty, outcome.Result, kills, (float)world.Time / 60f);"
Sim/AI/ConquestAi.P17.cs,14,1.2f,modes.conquestAi.newCardScoreOwnMannedTrue,x,khac,05,1,inline,,conditional: if (def.Wingman != null) score += ownManned > 0 ? 1.2f : -4f;
Sim/AI/ConquestAi.P17.cs,14,4f,modes.conquestAi.newCardScoreOwnMannedFalse,x,khac,05,1,inline,,conditional: if (def.Wingman != null) score += ownManned > 0 ? 1.2f : -4f;
Sim/AI/ConquestAi.P17.cs,16,5,modes.conquestAi.newCardScoreOwnTotalMin,x,nguong,05,1,inline,,compare: if (def.Dome != null && !def.Static) score += ownTotal >= 5 && (!owned || ownTotal >= 12) ? 1.4f : -2f;
Sim/AI/ConquestAi.P17.cs,16,12,modes.conquestAi.newCardScoreOwnTotalMin2,x,nguong,05,1,inline,,compare: if (def.Dome != null && !def.Static) score += ownTotal >= 5 && (!owned || ownTotal >= 12) ? 1.4f : -2f;
Sim/AI/ConquestAi.P17.cs,16,1.4f,modes.conquestAi.newCardScoreOwnTotalTrue,x,khac,05,1,inline,,conditional: if (def.Dome != null && !def.Static) score += ownTotal >= 5 && (!owned || ownTotal >= 12) ? 1.4f : -2f;
Sim/AI/ConquestAi.P17.cs,16,2f,modes.conquestAi.newCardScoreOwnTotalFalse,x,khac,05,1,inline,,conditional: if (def.Dome != null && !def.Static) score += ownTotal >= 5 && (!owned || ownTotal >= 12) ? 1.4f : -2f;
Sim/AI/ConquestAi.P17.cs,18,0.8f,modes.conquestAi.newCardScoreScore,x,khac,05,1,inline,,compound_assign: if (def.Deploy != null && (Stance == CommanderStance.Defend || neutral == 0)) score += 0.8f;
Sim/AI/ConquestAi.P17.cs,22,3f,modes.conquestAi.newCardScoreAntiAirCap,count,tran,05,1,inline,,"math_min: score += MathF.Min(3f, enemy.AntiAir / MathF.Max(8f, enemy.Total) * 6f + towers.antiAir * 0.5f);"
Sim/AI/ConquestAi.P17.cs,22,8f,modes.conquestAi.newCardScoreTotalFloor,x,nguong,05,1,inline,,"math_max: score += MathF.Min(3f, enemy.AntiAir / MathF.Max(8f, enemy.Total) * 6f + towers.antiAir * 0.5f);"
Sim/AI/ConquestAi.P17.cs,22,6f,modes.conquestAi.newCardScoreAntiAirScale,x,nguong,05,1,inline,,"multiply: score += MathF.Min(3f, enemy.AntiAir / MathF.Max(8f, enemy.Total) * 6f + towers.antiAir * 0.5f);"
Sim/AI/ConquestAi.P17.cs,22,0.5f,modes.conquestAi.newCardScoreAntiAirScale2,x,nguong,05,1,inline,,"multiply: score += MathF.Min(3f, enemy.AntiAir / MathF.Max(8f, enemy.Total) * 6f + towers.antiAir * 0.5f);"
Sim/AI/ConquestAi.P25A.cs,24,2.5f,modes.conquestAi.p25CardScoreDronesCap,count,tran,05,1,inline,,"math_min: score += drones > 0 ? MathF.Min(2.5f, drones * 0.8f) - 0.4f : -1.5f;"
Sim/AI/ConquestAi.P25A.cs,24,0.8f,modes.conquestAi.p25CardScoreDronesScale,x,nguong,05,1,inline,,"multiply: score += drones > 0 ? MathF.Min(2.5f, drones * 0.8f) - 0.4f : -1.5f;"
Sim/AI/ConquestAi.P25A.cs,24,0.4f,modes.conquestAi.p25CardScoreMinSub,x,nguong,05,1,inline,,"subtract: score += drones > 0 ? MathF.Min(2.5f, drones * 0.8f) - 0.4f : -1.5f;"
Sim/AI/ConquestAi.P25A.cs,24,1.5f,modes.conquestAi.p25CardScoreDronesFalse,x,nguong,05,1,inline,,"conditional: score += drones > 0 ? MathF.Min(2.5f, drones * 0.8f) - 0.4f : -1.5f;"
Sim/AI/ConquestAi.P25A.cs,30,2f,modes.conquestAi.p25CardScoreJammersCap,count,tran,05,1,inline,,"math_min: score += enemy.Jammers > 0f ? MathF.Min(2f, enemy.Jammers / MathF.Max(8f, enemy.Total) * 6f + 0.6f) : 0f;"
Sim/AI/ConquestAi.P25A.cs,30,8f,modes.conquestAi.p25CardScoreTotalFloor,x,nguong,05,1,inline,,"math_max: score += enemy.Jammers > 0f ? MathF.Min(2f, enemy.Jammers / MathF.Max(8f, enemy.Total) * 6f + 0.6f) : 0f;"
Sim/AI/ConquestAi.P25A.cs,30,6f,modes.conquestAi.p25CardScoreJammersScale,x,nguong,05,1,inline,,"multiply: score += enemy.Jammers > 0f ? MathF.Min(2f, enemy.Jammers / MathF.Max(8f, enemy.Total) * 6f + 0.6f) : 0f;"
Sim/AI/ConquestAi.P25A.cs,30,0.6f,modes.conquestAi.p25CardScoreJammersAdd,x,nguong,05,1,inline,,"add: score += enemy.Jammers > 0f ? MathF.Min(2f, enemy.Jammers / MathF.Max(8f, enemy.Total) * 6f + 0.6f) : 0f;"
Sim/AI/ConquestAi.P25A.cs,33,1.6f,modes.conquestAi.p25CardScoreSmokeCap,count,ban_kinh,05,1,inline,,"math_min: if (def.SmokeSight && enemy.Smoke > 0f) score += MathF.Min(1.6f, enemy.Smoke / MathF.Max(8f, enemy.Total) * 5f + 0.4f);"
Sim/AI/ConquestAi.P25A.cs,33,8f,modes.conquestAi.p25CardScoreTotalFloor,m,ban_kinh,05,1,inline,,"math_max: if (def.SmokeSight && enemy.Smoke > 0f) score += MathF.Min(1.6f, enemy.Smoke / MathF.Max(8f, enemy.Total) * 5f + 0.4f);"
Sim/AI/ConquestAi.P25A.cs,33,5f,modes.conquestAi.p25CardScoreSmokeScale,m,ban_kinh,05,1,inline,,"multiply: if (def.SmokeSight && enemy.Smoke > 0f) score += MathF.Min(1.6f, enemy.Smoke / MathF.Max(8f, enemy.Total) * 5f + 0.4f);"
Sim/AI/ConquestAi.P25A.cs,33,0.4f,modes.conquestAi.p25CardScoreSmokeAdd,m,ban_kinh,05,1,inline,,"add: if (def.SmokeSight && enemy.Smoke > 0f) score += MathF.Min(1.6f, enemy.Smoke / MathF.Max(8f, enemy.Total) * 5f + 0.4f);"
Sim/AI/ConquestAi.P25A.cs,35,4f,modes.conquestAi.p25CardScoreOwnedTrue,count,gioi_han_thuc_the,05,1,inline,,conditional: if (def.ReconPass != null) score += owned ? -4f : _tactics.KnownEnemies.Count < 3 ? 1.2f : -1.5f;
Sim/AI/ConquestAi.P25A.cs,35,3,modes.conquestAi.p25CardScoreCountMax,count,gioi_han_thuc_the,05,1,inline,,compare: if (def.ReconPass != null) score += owned ? -4f : _tactics.KnownEnemies.Count < 3 ? 1.2f : -1.5f;
Sim/AI/ConquestAi.P25A.cs,35,1.2f,modes.conquestAi.p25CardScoreCountTrue,count,gioi_han_thuc_the,05,1,inline,,conditional: if (def.ReconPass != null) score += owned ? -4f : _tactics.KnownEnemies.Count < 3 ? 1.2f : -1.5f;
Sim/AI/ConquestAi.P25A.cs,35,1.5f,modes.conquestAi.p25CardScoreCountFalse,count,gioi_han_thuc_the,05,1,inline,,conditional: if (def.ReconPass != null) score += owned ? -4f : _tactics.KnownEnemies.Count < 3 ? 1.2f : -1.5f;
Sim/AI/ConquestAi.P25A.cs,37,0.4f,modes.conquestAi.p25CardScoreScore,x,khac,05,1,inline,,compound_assign: if (def.Paradrop != null && neutral > 0) score += 0.4f;
Sim/AI/ConquestAi.P25A.cs,56,8f,modes.conquestAi.deployOrDropNormalizeScale,m,ban_kinh,05,1,inline,,multiply: var at = toHome.LengthSquared() > 1f ? p.Def.Position + Vector2.Normalize(toHome) * 8f : p.Def.Position;
Sim/AI/ConquestAi.cs,65,3f,modes.buyProfile.forNoise,x,khac,05,1,inline,,"ctor_arg:BuyProfile: AiDifficulty.Easy => new BuyProfile(3f, 0f, 0f, 0f, 0f, false, 0.8f),"
Sim/AI/ConquestAi.cs,65,0.8f,modes.buyProfile.forIncome,x,khac,05,1,inline,,"ctor_arg:BuyProfile: AiDifficulty.Easy => new BuyProfile(3f, 0f, 0f, 0f, 0f, false, 0.8f),"
Sim/AI/ConquestAi.cs,67,0.8f,modes.buyProfile.forNoise2,x,khac,05,1,inline,,"ctor_arg:BuyProfile: AiDifficulty.Normal => new BuyProfile(0.8f, 1f, 0.5f, 0.6f, 0.04f, false, 0.7f),"
Sim/AI/ConquestAi.cs,67,0.5f,modes.buyProfile.forMix,x,khac,05,1,inline,,"ctor_arg:BuyProfile: AiDifficulty.Normal => new BuyProfile(0.8f, 1f, 0.5f, 0.6f, 0.04f, false, 0.7f),"
Sim/AI/ConquestAi.cs,67,0.6f,modes.buyProfile.forValue,x,khac,05,1,inline,,"ctor_arg:BuyProfile: AiDifficulty.Normal => new BuyProfile(0.8f, 1f, 0.5f, 0.6f, 0.04f, false, 0.7f),"
Sim/AI/ConquestAi.cs,67,0.04f,modes.buyProfile.forSave,x,khac,05,1,inline,,"ctor_arg:BuyProfile: AiDifficulty.Normal => new BuyProfile(0.8f, 1f, 0.5f, 0.6f, 0.04f, false, 0.7f),"
Sim/AI/ConquestAi.cs,67,0.7f,modes.buyProfile.forIncome2,x,khac,05,1,inline,,"ctor_arg:BuyProfile: AiDifficulty.Normal => new BuyProfile(0.8f, 1f, 0.5f, 0.6f, 0.04f, false, 0.7f),"
Sim/AI/ConquestAi.cs,68,0.6f,modes.buyProfile.forNoise3,x,khac,05,1,inline,,"ctor_arg:BuyProfile: AiDifficulty.Hard => new BuyProfile(0.6f, 1.25f, 1f, 1f, 0.1f, false, 1.2f),"
Sim/AI/ConquestAi.cs,68,1.25f,modes.buyProfile.forCounter,count,gioi_han_thuc_the,05,1,inline,,"ctor_arg:BuyProfile: AiDifficulty.Hard => new BuyProfile(0.6f, 1.25f, 1f, 1f, 0.1f, false, 1.2f),"
Sim/AI/ConquestAi.cs,68,0.1f,modes.buyProfile.forSave2,x,khac,05,1,inline,,"ctor_arg:BuyProfile: AiDifficulty.Hard => new BuyProfile(0.6f, 1.25f, 1f, 1f, 0.1f, false, 1.2f),"
Sim/AI/ConquestAi.cs,68,1.2f,modes.buyProfile.forIncome3,x,khac,05,1,inline,,"ctor_arg:BuyProfile: AiDifficulty.Hard => new BuyProfile(0.6f, 1.25f, 1f, 1f, 0.1f, false, 1.2f),"
Sim/AI/ConquestAi.cs,69,0.4f,modes.buyProfile.forNoise4,x,khac,05,1,inline,,"ctor_arg:BuyProfile: _ => new BuyProfile(0.4f, 1.4f, 1f, 1.2f, 0.12f, true, 1.4f),"
Sim/AI/ConquestAi.cs,69,1.4f,modes.buyProfile.forCounter2,count,gioi_han_thuc_the,05,1,inline,,"ctor_arg:BuyProfile: _ => new BuyProfile(0.4f, 1.4f, 1f, 1.2f, 0.12f, true, 1.4f),"
Sim/AI/ConquestAi.cs,69,1.2f,modes.buyProfile.forValue2,x,khac,05,1,inline,,"ctor_arg:BuyProfile: _ => new BuyProfile(0.4f, 1.4f, 1f, 1.2f, 0.12f, true, 1.4f),"
Sim/AI/ConquestAi.cs,69,0.12f,modes.buyProfile.forSave3,x,khac,05,1,inline,,"ctor_arg:BuyProfile: _ => new BuyProfile(0.4f, 1.4f, 1f, 1.2f, 0.12f, true, 1.4f),"
Sim/AI/ConquestAi.cs,69,1.4f,modes.buyProfile.forIncome4,x,khac,05,2,inline,,"ctor_arg:BuyProfile: _ => new BuyProfile(0.4f, 1.4f, 1f, 1.2f, 0.12f, true, 1.4f),"
Sim/AI/ConquestAi.cs,99,3,modes.conquestAi.clusterSize,x,khac,05,1,const_to_property,,const_field: private const int ClusterSize = 3;
Sim/AI/ConquestAi.cs,140,11f,modes.conquestAi.roleOfSpeedMin,m/s,tan_suat,05,1,inline,,compare: : def.Speed >= 11f ? Role.Fast
Sim/AI/ConquestAi.cs,182,11,modes.conquestAi.ctorSeed,x,khac,05,1,manual:parameter default,,"param_default: public ConquestAi(IObjectiveMode? mode, int team, int enemyTeam, AiDifficulty difficulty = AiDifficulty.Normal, int seed = 11)"
Sim/AI/ConquestAi.cs,224,2.2f,modes.conquestAi.intervalDifficultyValue,s,thoi_gian,05,1,inline,,"switch_arm: AiDifficulty.Easy => 2.2f,"
Sim/AI/ConquestAi.cs,225,0.6f,modes.conquestAi.intervalDifficultyValue2,s,thoi_gian,05,1,inline,,"switch_arm: AiDifficulty.Hard => 0.6f,"
Sim/AI/ConquestAi.cs,226,0.45f,modes.conquestAi.intervalDifficultyValue3,s,thoi_gian,05,1,inline,,"switch_arm: AiDifficulty.VeryHard => 0.45f,"
Sim/AI/ConquestAi.cs,227,1.1f,modes.conquestAi.intervalDifficultyValue4,s,thoi_gian,05,1,inline,,"switch_arm: _ => 1.1f,"
Sim/AI/ConquestAi.cs,250,31,modes.conquestAi.pickDeckSeedScale,share,xac_suat,05,1,inline,,multiply: var random = new Random(seed * 31 + 7);
Sim/AI/ConquestAi.cs,250,7,modes.conquestAi.pickDeckSeedAdd,share,xac_suat,05,1,inline,,add: var random = new Random(seed * 31 + 7);
Sim/AI/ConquestAi.cs,251,8,modes.conquestAi.pickDeckDifficultyValue,x,khac,05,1,inline,,"switch_arm: var size = difficulty switch { AiDifficulty.Easy => 8, AiDifficulty.Normal => 8, AiDifficulty.Hard => 10, _ => 12 };"
Sim/AI/ConquestAi.cs,251,10,modes.conquestAi.pickDeckDifficultyValue2,x,khac,05,1,inline,,"switch_arm: var size = difficulty switch { AiDifficulty.Easy => 8, AiDifficulty.Normal => 8, AiDifficulty.Hard => 10, _ => 12 };"
Sim/AI/ConquestAi.cs,251,12,modes.conquestAi.pickDeckDifficultyValue3,x,khac,05,1,inline,,"switch_arm: var size = difficulty switch { AiDifficulty.Easy => 8, AiDifficulty.Normal => 8, AiDifficulty.Hard => 10, _ => 12 };"
Sim/AI/ConquestAi.cs,251,8,modes.conquestAi.pickDeckDifficultyValue,x,khac,05,2,inline,,"switch_arm: var size = difficulty switch { AiDifficulty.Easy => 8, AiDifficulty.Normal => 8, AiDifficulty.Hard => 10, _ => 12 };"
Sim/AI/ConquestAi.cs,291,11f,modes.conquestAi.pickDeckSpeedMin,m/s,tan_suat,05,1,inline,,"compare: ""fast"" => fights && !c.Flying && c.Speed >= 11f && c.Class != UnitClass.Support,"
Sim/AI/ConquestAi.cs,296,0.5f,modes.conquestAi.pickDeckDifficultyTrue,share,xac_suat,05,1,inline,,conditional: var score = (float)random.NextDouble() * (difficulty == AiDifficulty.Normal ? 0.5f : 0.4f);
Sim/AI/ConquestAi.cs,296,0.4f,modes.conquestAi.pickDeckDifficultyFalse,share,xac_suat,05,1,inline,,conditional: var score = (float)random.NextDouble() * (difficulty == AiDifficulty.Normal ? 0.5f : 0.4f);
Sim/AI/ConquestAi.cs,300,1.2f,modes.conquestAi.pickDeckAbsScale,x,khac,05,1,inline,,multiply: if (difficulty == AiDifficulty.Normal) score -= MathF.Abs(c.CombatValue - 1f) * 1.2f;
Sim/AI/ConquestAi.cs,302,1.5f,modes.conquestAi.pickDeckCombatValueScale,x,khac,05,1,inline,,multiply: if (difficulty >= AiDifficulty.Hard) score += c.CombatValue * 1.5f * BuyProfile.For(difficulty).Value;
Sim/AI/ConquestAi.cs,308,1.5f,modes.conquestAi.pickDeckPlayerAaScale,count,gioi_han_thuc_the,05,1,inline,,multiply: if (c.Flying) score += 1.5f * (1f - playerAa / playerCount);
Sim/AI/ConquestAi.cs,314,64,modes.conquestAi.pickDeckGuardMax,count,gioi_han_thuc_the,05,1,inline,,"compare: for (var guard = 0; deck.Count < size && guard < 64; guard++, r++)"
Sim/AI/ConquestAi.cs,371,12,modes.conquestAi.tryRebuildArmyCpMin,CP,gioi_han_thuc_the,05,1,inline,,compare: if (callable.Count > 0 && economy.ArmyCp >= 12)
Sim/AI/ConquestAi.cs,395,6f,modes.conquestAi.tryRebuildOutpostCpAdd,CP,khac,05,1,inline,,add: if (economy.Cp >= world.Catalog.Base.OutpostCp + 6f &&
Sim/AI/ConquestAi.cs,399,16,modes.conquestAi.tryRebuildArmyCpMin2,CP,nguong,05,1,inline,,compare: if (economy.ArmyCp >= 16) return true;
Sim/AI/ConquestAi.cs,418,4f,modes.conquestAi.tryRebuildRebuildCostAdd,CP,khac,05,1,inline,,add: if (economy.Cp < world.Catalog.Base.RebuildCost(def) + 4f) return false;
Sim/AI/ConquestAi.cs,444,4f,modes.conquestAi.cheapestCardCheapestTrue,x,nguong,05,1,inline,,conditional: return cheapest == float.MaxValue ? 4f : cheapest;
Sim/AI/ConquestAi.cs,479,3f,modes.conquestAi.chooseObjectiveOursTrue,x,khac,05,1,inline,,conditional: score = ours ? 3f : point.Owner == -1 ? 1f : 0.5f;
Sim/AI/ConquestAi.cs,479,0.5f,modes.conquestAi.chooseObjectiveOwnerFalse,x,khac,05,1,inline,,conditional: score = ours ? 3f : point.Owner == -1 ? 1f : 0.5f;
Sim/AI/ConquestAi.cs,480,0.99f,modes.conquestAi.chooseObjectiveProgressMax,x,nguong,05,1,inline,,"compare: if (point.Contested || (ours && (point.Progress * (_team == 0 ? 1f : -1f) < 0.99f || EnemyNear(world, point)))) score += 2f;"
Sim/AI/ConquestAi.cs,480,2f,modes.conquestAi.chooseObjectiveScore,x,khac,05,1,inline,,"compound_assign: if (point.Contested || (ours && (point.Progress * (_team == 0 ? 1f : -1f) < 0.99f || EnemyNear(world, point)))) score += 2f;"
Sim/AI/ConquestAi.cs,481,120f,modes.conquestAi.chooseObjectiveDistanceDivisor,m,ban_kinh,05,1,inline,,"divide: if (ours) score -= Vector2.Distance(point.Def.Position, enemyCamp) / 120f;"
Sim/AI/ConquestAi.cs,489,2.2f,modes.conquestAi.chooseObjectiveOwnerTrue,x,khac,05,1,inline,,conditional: score = ours ? 0f : point.Owner == _enemyTeam ? 2.2f : 3f;
Sim/AI/ConquestAi.cs,489,3f,modes.conquestAi.chooseObjectiveOwnerFalse2,x,khac,05,1,inline,,conditional: score = ours ? 0f : point.Owner == _enemyTeam ? 2.2f : 3f;
Sim/AI/ConquestAi.cs,490,1.5f,modes.conquestAi.chooseObjectiveScore2,x,khac,05,1,inline,,compound_assign: if (point.Contested) score += 1.5f;
Sim/AI/ConquestAi.cs,491,2.5f,modes.conquestAi.chooseObjectiveThreatenedTrue,x,khac,05,1,inline,,conditional: if (ours) score += threatened ? 2.5f : -2f;
Sim/AI/ConquestAi.cs,491,2f,modes.conquestAi.chooseObjectiveThreatenedFalse,x,khac,05,1,inline,,conditional: if (ours) score += threatened ? 2.5f : -2f;
Sim/AI/ConquestAi.cs,494,2f,modes.conquestAi.chooseObjectiveGuardCap,count,tran,05,1,inline,,"math_min: else if (choices > 1) score -= MathF.Min(2f, Guard(point) / MathF.Max(3f, ownPower)) * (_difficulty == AiDifficulty.VeryHard ? 2f : 1.2f);"
Sim/AI/ConquestAi.cs,494,3f,modes.conquestAi.chooseObjectiveOwnPowerFloor,x,nguong,05,1,inline,,"math_max: else if (choices > 1) score -= MathF.Min(2f, Guard(point) / MathF.Max(3f, ownPower)) * (_difficulty == AiDifficulty.VeryHard ? 2f : 1.2f);"
Sim/AI/ConquestAi.cs,494,1.2f,modes.conquestAi.chooseObjectiveDifficultyFalse,x,nguong,05,1,inline,,"conditional: else if (choices > 1) score -= MathF.Min(2f, Guard(point) / MathF.Max(3f, ownPower)) * (_difficulty == AiDifficulty.VeryHard ? 2f : 1.2f);"
Sim/AI/ConquestAi.cs,494,2f,modes.conquestAi.chooseObjectiveDifficultyTrue,x,nguong,05,2,inline,,"conditional: else if (choices > 1) score -= MathF.Min(2f, Guard(point) / MathF.Max(3f, ownPower)) * (_difficulty == AiDifficulty.VeryHard ? 2f : 1.2f);"
Sim/AI/ConquestAi.cs,496,60f,modes.conquestAi.chooseObjectiveDistanceDivisor2,m,ban_kinh,05,1,inline,,"divide: score -= Vector2.Distance(front, point.Def.Position) / 60f;"
Sim/AI/ConquestAi.cs,501,1.5f,modes.conquestAi.chooseObjectiveBestScoreMax,x,nguong,05,1,inline,,compare: if (best == null || bestScore <= -1.5f) return null;
Sim/AI/ConquestAi.cs,509,18f,modes.conquestAi.guardRadiusAdd,m,ban_kinh,05,1,inline,,add: var reach = point.Def.Radius + 18f;
Sim/AI/ConquestAi.cs,539,15f,modes.conquestAi.safePointDistanceMax,m,ban_kinh,05,1,inline,,"compare: if (distance < 15f || Vector2.Distance(p, home) > frontToHome) continue;"
Sim/AI/ConquestAi.cs,550,0.001f,modes.conquestAi.drainingBeforeSub,x,khac,05,1,inline,,"subtract: var draining = _lastHold.TryGetValue(point.Def.Id, out var before) && hold < before - 0.001f;"
Sim/AI/ConquestAi.cs,557,8f,modes.conquestAi.enemyNearRadiusAdd,m,ban_kinh,05,1,inline,,add: var reach = point.Def.Radius + 8f;
Sim/AI/ConquestAi.cs,566,0.6,modes.conquestAi.tryStrikeNextDoubleMax,share,xac_suat,05,1,inline,,compare: if (_difficulty == AiDifficulty.Easy && _random.NextDouble() < 0.6) return false;
Sim/AI/ConquestAi.cs,568,0.7,modes.conquestAi.tryStrikeNextDoubleMax2,share,xac_suat,05,1,inline,,compare: if (_difficulty >= AiDifficulty.Hard && _tactics.HoldingBack && _random.NextDouble() < 0.7) return false;
Sim/AI/ConquestAi.cs,589,16f,modes.conquestAi.tryStrikeRadiusAdd,m,ban_kinh,05,1,inline,,"add: if (OwnCentroid(world, e.Position, e.Radius + 16f, out var own))"
Sim/AI/ConquestAi.cs,592,0.01f,modes.conquestAi.tryStrikeLengthSquaredMin,m,ban_kinh,05,1,inline,,compare: if (away.LengthSquared() > 0.01f) cluster = e.Position + Vector2.Normalize(away) * (e.Radius + 3f);
Sim/AI/ConquestAi.cs,592,3f,modes.conquestAi.tryStrikeRadiusAdd2,m,ban_kinh,05,1,inline,,add: if (away.LengthSquared() > 0.01f) cluster = e.Position + Vector2.Normalize(away) * (e.Radius + 3f);
Sim/AI/ConquestAi.cs,594,2,modes.conquestAi.tryStrikeClusterSizeAdd,x,khac,05,1,inline,,add: size = ClusterSize + 2;
Sim/AI/ConquestAi.cs,622,0.5f,modes.conquestAi.tryStrikeLengthScale,m,ban_kinh,05,1,inline,,"multiply: if (world.InConvoySafeZone(cluster, pick.IsLine ? pick.Length * 0.5f + pick.Radius : pick.Radius)) return false;"
Sim/AI/ConquestAi.cs,623,0.5f,modes.conquestAi.tryStrikeLengthScale,m,ban_kinh,05,1,inline,,multiply: var start = pick.IsLine ? cluster - along * (pick.Length * 0.5f) : cluster;
Sim/AI/ConquestAi.cs,656,45f,modes.conquestAi.tryUtilityStrikeDistanceMax,m,ban_kinh,05,1,inline,,"compare: if (e.IsAlive && !e.Flying && !e.Def.Static && Vector2.Distance(e.Position, p.Def.Position) < 45f) threat++;"
Sim/AI/ConquestAi.cs,658,2,modes.conquestAi.tryUtilityStrikeSupportFitFalse,x,khac,05,1,inline,,"conditional: if (threat < (CommanderRules.SupportFit(economy.Commander, s) > 0f ? 1 : 2)) continue;"
Sim/AI/ConquestAi.cs,661,5f,modes.conquestAi.tryUtilityStrikeScale,m,ban_kinh,05,1,inline,,multiply: var at = world.ClampToMap(p.Def.Position + (back.LengthSquared() > 1f ? Vector2.Normalize(back) : Vector2.Zero) * 5f);
Sim/AI/ConquestAi.cs,667,55f,modes.conquestAi.tryUtilityStrikeReach,m,ban_kinh,05,1,inline,,"arg:ConquestAi.OwnCentroid: if (FindCluster(world, out var group, out _) && OwnCentroid(world, group, 55f, out var line))"
Sim/AI/ConquestAi.cs,670,22f,modes.conquestAi.tryUtilityStrikeGapMax,m,ban_kinh,05,1,inline,,compare: if (gap < 22f) break;
Sim/AI/ConquestAi.cs,671,14f,modes.conquestAi.tryUtilityStrikeGapCap,count,ban_kinh,05,1,inline,,"math_min: var at = group + Vector2.Normalize(line - group) * MathF.Min(14f, gap * 0.4f);"
Sim/AI/ConquestAi.cs,671,0.4f,modes.conquestAi.tryUtilityStrikeGapScale,m,ban_kinh,05,1,inline,,"multiply: var at = group + Vector2.Normalize(line - group) * MathF.Min(14f, gap * 0.4f);"
Sim/AI/ConquestAi.cs,672,3f,modes.conquestAi.tryUtilityStrikeRadiusAdd,m,ban_kinh,05,1,inline,,"add: if (OwnWithin(world, at, s.Radius + 3f)) break;"
Sim/AI/ConquestAi.cs,683,60f,modes.conquestAi.tryUtilityStrikeReach2,m,ban_kinh,05,1,inline,,"arg:ConquestAi.OwnCentroid: case SupportKind.Reinforce when FindCluster(world, out var enemyAt, out _) && OwnCentroid(world, enemyAt, 60f, out var ownAt):"
Sim/AI/ConquestAi.cs,686,10f,modes.conquestAi.tryUtilityStrikeScale2,m,ban_kinh,05,1,inline,,multiply: var at = ownAt + (toward.LengthSquared() > 1f ? Vector2.Normalize(toward) : Vector2.UnitX) * 10f;
Sim/AI/ConquestAi.cs,729,2,modes.conquestAi.baseCounterCannonMin,count,gioi_han_thuc_the,05,1,inline,,compare: if (towers.cannon >= 2)
Sim/AI/ConquestAi.cs,731,11f,modes.conquestAi.baseCounterSpeedMin,m/s,sat_thuong,05,1,inline,,compare: if (def.Speed >= 11f && def.Armor == ArmorClass.Light) score += 1.6f * Share(towers.cannon);
Sim/AI/ConquestAi.cs,731,1.6f,modes.conquestAi.baseCounterShareScale,share,sat_thuong,05,1,inline,,multiply: if (def.Speed >= 11f && def.Armor == ArmorClass.Light) score += 1.6f * Share(towers.cannon);
Sim/AI/ConquestAi.cs,732,1.6f,modes.conquestAi.baseCounterShareScale,share,gioi_han_thuc_the,05,1,inline,,multiply: if (drones) score += 1.6f * Share(towers.cannon);
Sim/AI/ConquestAi.cs,733,5f,modes.conquestAi.baseCounterCannonReachAdd,m,ban_kinh,05,1,inline,,add: if (def.Weapon.MinRange > 0f && def.Weapon.Range > cannonReach + 5f) score += 1.4f * Share(towers.cannon);
Sim/AI/ConquestAi.cs,733,1.4f,modes.conquestAi.baseCounterShareScale2,share,ban_kinh,05,1,inline,,multiply: if (def.Weapon.MinRange > 0f && def.Weapon.Range > cannonReach + 5f) score += 1.4f * Share(towers.cannon);
Sim/AI/ConquestAi.cs,735,2,modes.conquestAi.baseCounterMachineGunMin,count,sat_thuong,05,1,inline,,compare: if (towers.machineGun >= 2 && def.Armor == ArmorClass.Heavy && !def.Flying) score += 1.8f * Share(towers.machineGun);
Sim/AI/ConquestAi.cs,735,1.8f,modes.conquestAi.baseCounterShareScale3,share,sat_thuong,05,1,inline,,multiply: if (towers.machineGun >= 2 && def.Armor == ArmorClass.Heavy && !def.Flying) score += 1.8f * Share(towers.machineGun);
Sim/AI/ConquestAi.cs,736,2,modes.conquestAi.baseCounterAntiAirMin,count,gioi_han_thuc_the,05,1,inline,,compare: if (towers.antiAir >= 2)
Sim/AI/ConquestAi.cs,738,2.2f,modes.conquestAi.baseCounterShareScale4,share,gioi_han_thuc_the,05,1,inline,,multiply: if (def.Flying) score -= 2.2f * Share(towers.antiAir);
Sim/AI/ConquestAi.cs,739,1.2f,modes.conquestAi.baseCounterShareScale5,share,ban_kinh,05,1,inline,,multiply: if (def.Weapon.MinRange > 0f) score += 1.2f * Share(towers.antiAir);
Sim/AI/ConquestAi.cs,750,0.6f,modes.conquestAi.flyingOrWillFlyCpCostScale,CP,khac,05,1,inline,,"multiply: if (world.Catalog.Vehicles.TryGetValue(id, out var def) && def.Flying && economy.Cp >= def.CpCost * 0.6f) return true;"
Sim/AI/ConquestAi.cs,763,2.0,modes.conquestAi.scanTargetTimeMin,s,thoi_gian,05,1,inline,,compare: if (!v.IsAlive || v.Team != _team || v.Flying || world.Time - v.LastHitTime > 2.0) continue;
Sim/AI/ConquestAi.cs,765,0.6f,modes.conquestAi.scanTargetPositionScale,x,khac,05,1,inline,,multiply: at = world.ClampToMap(v.Position + (shooter.Position - v.Position) * 0.6f);
Sim/AI/ConquestAi.cs,768,1000f,modes.conquestAi.scanTargetReach,m,ban_kinh,05,1,inline,,"arg:ConquestAi.OwnCentroid: if (_mode == null || !OwnCentroid(world, world.ClampToMap(Vector2.Zero), 1000f, out var army)) return false;"
Sim/AI/ConquestAi.cs,773,45f,modes.conquestAi.scanTargetDMin,x,nguong,05,1,inline,,compare: if (d > 45f || d < 12f) continue;
Sim/AI/ConquestAi.cs,773,12f,modes.conquestAi.scanTargetDMax,x,nguong,05,1,inline,,compare: if (d > 45f || d < 12f) continue;
Sim/AI/ConquestAi.cs,776,25f,modes.conquestAi.scanTargetDistanceMax,m,ban_kinh,05,1,inline,,"compare: if (e.IsAlive && Vector2.Distance(e.Position, p.Def.Position) < 25f) seen = true;"
Sim/AI/ConquestAi.cs,785,5f,modes.conquestAi.strikeMargin,x,khac,05,1,const_to_property,,const_field: private const float StrikeMargin = 5f;
Sim/AI/ConquestAi.cs,790,8f,modes.conquestAi.bossRadiusAdd,m,ban_kinh,05,1,inline,,"add: if (e.Def.Boss && Vector2.Distance(e.Position, at) < e.Radius + 8f) return true;"
Sim/AI/ConquestAi.cs,821,8,modes.conquestAi.clearRunTurnMax,x,nguong,05,1,inline,,compare: for (var turn = 0; turn < 8; turn++)
Sim/AI/ConquestAi.cs,824,4f,modes.conquestAi.clearRunPIDivisor,x,khac,05,1,inline,,divide: var angle = (turn + 1) / 2 * (MathF.PI / 4f) * (turn % 2 == 1 ? 1f : -1f);
Sim/AI/ConquestAi.cs,824,2,modes.conquestAi.clearRunTurnMod,x,khac,05,2,inline,,modulo: var angle = (turn + 1) / 2 * (MathF.PI / 4f) * (turn % 2 == 1 ? 1f : -1f);
Sim/AI/ConquestAi.cs,827,4,modes.conquestAi.clearRunS,x,khac,05,1,inline,,declarator: for (var s = -4; s <= 4 && clear; s++)
Sim/AI/ConquestAi.cs,827,4,modes.conquestAi.clearRunSMax,x,nguong,05,2,inline,,compare: for (var s = -4; s <= 4 && clear; s++)
Sim/AI/ConquestAi.cs,828,0.5f,modes.conquestAi.clearRunLengthScale,m,ban_kinh,05,1,inline,,"multiply: if (OwnWithin(world, centre + direction * (strike.Length * 0.5f * s / 4f), reach)) clear = false;"
Sim/AI/ConquestAi.cs,828,4f,modes.conquestAi.clearRunLengthDivisor,m,ban_kinh,05,1,inline,,"divide: if (OwnWithin(world, centre + direction * (strike.Length * 0.5f * s / 4f), reach)) clear = false;"
Sim/AI/ConquestAi.cs,839,5,modes.conquestAi.tryDeployVehicleCountMin,count,gioi_han_thuc_the,05,1,inline,,compare: if (_difficulty == AiDifficulty.VeryHard && !_massing && economy.VehicleCount >= 5 && _tactics.KnownEnemies.Count > 0 &&
Sim/AI/ConquestAi.cs,840,0.66f,modes.conquestAi.tryDeployBankScale,x,khac,05,1,inline,,multiply: economy.Cp < economy.Bank * 0.66f && !UnderFire(world))
Sim/AI/ConquestAi.cs,844,6f,modes.conquestAi.tryDeployCpMin,CP,nguong,05,1,inline,,compare: _massing = economy.Cp >= 6f && _difficulty == AiDifficulty.VeryHard && (_massing || economy.Cp >= economy.Bank * 0.66f);
Sim/AI/ConquestAi.cs,844,0.66f,modes.conquestAi.tryDeployBankScale,x,khac,05,1,inline,,multiply: _massing = economy.Cp >= 6f && _difficulty == AiDifficulty.VeryHard && (_massing || economy.Cp >= economy.Bank * 0.66f);
Sim/AI/ConquestAi.cs,915,7,modes.conquestAi.tryDeployOwnAirScale,x,khac,05,1,inline,,multiply: if (def.Flying) score += (ownAir * 7 < ownTotal + 2 ? 1.2f : -2f) + heavy * 0.25f - air * 0.3f;
Sim/AI/ConquestAi.cs,915,2,modes.conquestAi.tryDeployOwnTotalAdd,x,khac,05,1,inline,,add: if (def.Flying) score += (ownAir * 7 < ownTotal + 2 ? 1.2f : -2f) + heavy * 0.25f - air * 0.3f;
Sim/AI/ConquestAi.cs,915,1.2f,modes.conquestAi.tryDeployOwnAirTrue,x,khac,05,1,inline,,conditional: if (def.Flying) score += (ownAir * 7 < ownTotal + 2 ? 1.2f : -2f) + heavy * 0.25f - air * 0.3f;
Sim/AI/ConquestAi.cs,915,2f,modes.conquestAi.tryDeployOwnAirFalse,x,khac,05,1,inline,,conditional: if (def.Flying) score += (ownAir * 7 < ownTotal + 2 ? 1.2f : -2f) + heavy * 0.25f - air * 0.3f;
Sim/AI/ConquestAi.cs,915,0.25f,modes.conquestAi.tryDeployHeavyScale,x,khac,05,1,inline,,multiply: if (def.Flying) score += (ownAir * 7 < ownTotal + 2 ? 1.2f : -2f) + heavy * 0.25f - air * 0.3f;
Sim/AI/ConquestAi.cs,915,0.3f,modes.conquestAi.tryDeployAirScale,x,khac,05,1,inline,,multiply: if (def.Flying) score += (ownAir * 7 < ownTotal + 2 ? 1.2f : -2f) + heavy * 0.25f - air * 0.3f;
Sim/AI/ConquestAi.cs,917,2.5f,modes.conquestAi.tryDeployScore,x,khac,05,1,inline,,compound_assign: if (def.Flying && def.Weapon.Targets == TargetLayers.Air && air <= 0) score -= 2.5f;
Sim/AI/ConquestAi.cs,918,5,modes.conquestAi.tryDeployOwnArtilleryScale,m,ban_kinh,05,1,inline,,multiply: if (main.MinRange > 0f) score += ownArtillery * 5 < ownTotal ? 1.2f : -2f;
Sim/AI/ConquestAi.cs,918,1.2f,modes.conquestAi.tryDeployOwnArtilleryTrue,m,ban_kinh,05,1,inline,,conditional: if (main.MinRange > 0f) score += ownArtillery * 5 < ownTotal ? 1.2f : -2f;
Sim/AI/ConquestAi.cs,918,2f,modes.conquestAi.tryDeployOwnArtilleryFalse,m,ban_kinh,05,1,inline,,conditional: if (main.MinRange > 0f) score += ownArtillery * 5 < ownTotal ? 1.2f : -2f;
Sim/AI/ConquestAi.cs,919,0.35f,modes.conquestAi.tryDeployCaptureRateScale,x,tan_suat,05,1,inline,,multiply: score += def.CaptureRate * neutral * 0.35f;
Sim/AI/ConquestAi.cs,921,0.7f,modes.conquestAi.tryDeployAirScale2,x,nguong,05,1,inline,,"multiply: if (def.Class == UnitClass.AntiAir) score -= MathF.Max(0f, ownAa - air * 0.7f - 1f) * 1.2f;"
Sim/AI/ConquestAi.cs,921,1.2f,modes.conquestAi.tryDeployMaxScale,count,nguong,05,1,inline,,"multiply: if (def.Class == UnitClass.AntiAir) score -= MathF.Max(0f, ownAa - air * 0.7f - 1f) * 1.2f;"
Sim/AI/ConquestAi.cs,923,4,modes.conquestAi.tryDeployCapturersMax,x,tan_suat,05,1,inline,,compare: if (neutral > 0 && capturers < 4) score += def.Flying || def.CaptureRate <= 0f ? -2.5f : 1.2f;
Sim/AI/ConquestAi.cs,923,2.5f,modes.conquestAi.tryDeployFlyingTrue,x,tan_suat,05,1,inline,,conditional: if (neutral > 0 && capturers < 4) score += def.Flying || def.CaptureRate <= 0f ? -2.5f : 1.2f;
Sim/AI/ConquestAi.cs,923,1.2f,modes.conquestAi.tryDeployFlyingFalse,x,tan_suat,05,1,inline,,conditional: if (neutral > 0 && capturers < 4) score += def.Flying || def.CaptureRate <= 0f ? -2.5f : 1.2f;
Sim/AI/ConquestAi.cs,926,1.6f,modes.conquestAi.tryDeployScore2,x,sat_thuong,05,1,inline,,compound_assign: if (main.DamageType == DamageType.HighExplosive) score += 1.6f;
Sim/AI/ConquestAi.cs,927,1.5f,modes.conquestAi.tryDeployScore3,x,khac,05,1,inline,,compound_assign: if (def.Class == UnitClass.AntiAir) score -= 1.5f;
Sim/AI/ConquestAi.cs,931,5,modes.conquestAi.tryDeployOwnTotalMin,x,nguong,05,1,inline,,compare: if (def.CommandAura != null) score += ownTotal >= 5 ? 1.4f : -2f;
Sim/AI/ConquestAi.cs,931,1.4f,modes.conquestAi.tryDeployOwnTotalTrue,x,khac,05,1,inline,,conditional: if (def.CommandAura != null) score += ownTotal >= 5 ? 1.4f : -2f;
Sim/AI/ConquestAi.cs,931,2f,modes.conquestAi.tryDeployOwnTotalFalse,x,khac,05,1,inline,,conditional: if (def.CommandAura != null) score += ownTotal >= 5 ? 1.4f : -2f;
Sim/AI/ConquestAi.cs,934,2,modes.conquestAi.tryDeployCannonMin,m,ban_kinh,05,1,inline,,compare: if (def.Breacher) score += towers.cannon + towers.machineGun + towers.antiAir + enemyObstacles >= 2 || demolishing ? 1.8f : -1.5f;
Sim/AI/ConquestAi.cs,934,1.8f,modes.conquestAi.tryDeployCannonTrue,m,ban_kinh,05,1,inline,,conditional: if (def.Breacher) score += towers.cannon + towers.machineGun + towers.antiAir + enemyObstacles >= 2 || demolishing ? 1.8f : -1.5f;
Sim/AI/ConquestAi.cs,934,1.5f,modes.conquestAi.tryDeployCannonFalse,m,ban_kinh,05,1,inline,,conditional: if (def.Breacher) score += towers.cannon + towers.machineGun + towers.antiAir + enemyObstacles >= 2 || demolishing ? 1.8f : -1.5f;
Sim/AI/ConquestAi.cs,936,2f,modes.conquestAi.tryDeployEnemyBreachersCap,count,sat_thuong,05,1,inline,,"math_min: if (enemyBreachers > 0 && KillsArmour(def) && !def.Flying) score += MathF.Min(2f, enemyBreachers * 0.7f);"
Sim/AI/ConquestAi.cs,936,0.7f,modes.conquestAi.tryDeployEnemyBreachersScale,x,sat_thuong,05,1,inline,,"multiply: if (enemyBreachers > 0 && KillsArmour(def) && !def.Flying) score += MathF.Min(2f, enemyBreachers * 0.7f);"
Sim/AI/ConquestAi.cs,938,2.4f,modes.conquestAi.tryDeployEnemyGunsCap,count,tran,05,1,inline,,"math_min: if (def.CounterBattery != null) score += enemyGuns > 0 ? MathF.Min(2.4f, enemyGuns * 0.8f) - 0.6f : -2.5f;"
Sim/AI/ConquestAi.cs,938,0.8f,modes.conquestAi.tryDeployEnemyGunsScale,count,gioi_han_thuc_the,05,1,inline,,"multiply: if (def.CounterBattery != null) score += enemyGuns > 0 ? MathF.Min(2.4f, enemyGuns * 0.8f) - 0.6f : -2.5f;"
Sim/AI/ConquestAi.cs,938,0.6f,modes.conquestAi.tryDeployMinSub,count,gioi_han_thuc_the,05,1,inline,,"subtract: if (def.CounterBattery != null) score += enemyGuns > 0 ? MathF.Min(2.4f, enemyGuns * 0.8f) - 0.6f : -2.5f;"
Sim/AI/ConquestAi.cs,938,2.5f,modes.conquestAi.tryDeployEnemyGunsFalse,count,gioi_han_thuc_the,05,1,inline,,"conditional: if (def.CounterBattery != null) score += enemyGuns > 0 ? MathF.Min(2.4f, enemyGuns * 0.8f) - 0.6f : -2.5f;"
Sim/AI/ConquestAi.cs,940,3,modes.conquestAi.tryDeployOwnResuppliedMin,s,thoi_gian,05,1,inline,,compare: if (def.RearmAura != null || def.AirRearm != null) score += ownResupplied >= 3 && !owned.ContainsKey(id) ? 1.6f + ownResupplied * 0.2f : -3f;
Sim/AI/ConquestAi.cs,940,1.6f,modes.conquestAi.tryDeployOwnResuppliedAdd,s,thoi_gian,05,1,inline,,add: if (def.RearmAura != null || def.AirRearm != null) score += ownResupplied >= 3 && !owned.ContainsKey(id) ? 1.6f + ownResupplied * 0.2f : -3f;
Sim/AI/ConquestAi.cs,940,0.2f,modes.conquestAi.tryDeployOwnResuppliedScale,s,thoi_gian,05,1,inline,,multiply: if (def.RearmAura != null || def.AirRearm != null) score += ownResupplied >= 3 && !owned.ContainsKey(id) ? 1.6f + ownResupplied * 0.2f : -3f;
Sim/AI/ConquestAi.cs,940,3f,modes.conquestAi.tryDeployOwnResuppliedFalse,s,thoi_gian,05,1,inline,,conditional: if (def.RearmAura != null || def.AirRearm != null) score += ownResupplied >= 3 && !owned.ContainsKey(id) ? 1.6f + ownResupplied * 0.2f : -3f;
Sim/AI/ConquestAi.cs,948,0.5f,modes.conquestAi.tryDeployMixFloor,x,nguong,05,1,inline,,"math_max: if (Commander != null) score += Commander.BuyScore(world, economy, def) * MathF.Max(0.5f, profile.Mix);"
Sim/AI/ConquestAi.cs,950,5f,modes.conquestAi.tryDeployMixScale,x,khac,05,1,inline,,multiply: score += (mix[(int)RoleOf(def)] - _have[(int)RoleOf(def)] / armyValue) * 5f * profile.Mix;
Sim/AI/ConquestAi.cs,952,0.45f,modes.conquestAi.tryDeployCopiesScale,x,khac,05,1,inline,,"multiply: if (owned.TryGetValue(id, out var copies)) score -= copies * 0.45f;"
Sim/AI/ConquestAi.cs,979,4,modes.conquestAi.tryDeployOwnTotalMax,x,nguong,05,1,inline,,compare: if (bestAffordable != null && (ownTotal < 4 || economy.Cp >= economy.Bank - 3f || _difficulty == AiDifficulty.Easy))
Sim/AI/ConquestAi.cs,979,3f,modes.conquestAi.tryDeployBankSub,x,khac,05,1,inline,,subtract: if (bestAffordable != null && (ownTotal < 4 || economy.Cp >= economy.Bank - 3f || _difficulty == AiDifficulty.Easy))
Sim/AI/ConquestAi.cs,993,3.0,modes.conquestAi.underFireTimeMax,s,thoi_gian,05,1,inline,,compare: if (v.IsAlive && v.Team == _team && world.Time - v.LastHitTime < 3.0) return true;
Sim/AI/ConquestAi.cs,1011,4f,modes.conquestAi.commanderFitWeight,x,khac,05,1,const_to_property,,const_field: internal const float CommanderFitWeight = 4f;
Sim/AI/ConquestAi.cs,1015,0.35f,modes.conquestAi.strikeValueSupportFitCap,count,tran,05,1,inline,,"math_min: s.CpCost * (1f + MathF.Min(0.35f, CommanderRules.SupportFit(economy.Commander, s) * 2.5f));"
Sim/AI/ConquestAi.cs,1015,2.5f,modes.conquestAi.strikeValueSupportFitScale,x,nguong,05,1,inline,,"multiply: s.CpCost * (1f + MathF.Min(0.35f, CommanderRules.SupportFit(economy.Commander, s) * 2.5f));"
Sim/AI/ConquestAi.cs,1058,0.5f,modes.conquestAi.findDamagedGroupHpMin,x,sat_thuong,05,1,inline,,compare: if (!v.IsAlive || v.Team != _team || v.Hp / v.MaxHp > 0.5f) continue;
Sim/AI/ConquestAi.cs,1063,0.6f,modes.conquestAi.findDamagedGroupHpMin2,x,sat_thuong,05,1,inline,,compare: if (!other.IsAlive || other.Team != _team || other.Hp / other.MaxHp > 0.6f ||
Sim/AI/ConquestAi.cs,1064,10f,modes.conquestAi.findDamagedGroupDistanceMin,m,sat_thuong,05,1,inline,,"compare: Vector2.Distance(other.Position, v.Position) > 10f) continue;"
Sim/AI/ConquestAi.cs,1068,2,modes.conquestAi.findDamagedGroupNearMax,x,sat_thuong,05,1,inline,,compare: if (near < 2 || near <= best) continue;
Sim/AI/ConquestAi.cs,1072,2,modes.conquestAi.findDamagedGroupBestMin,x,sat_thuong,05,1,inline,,compare: return best >= 2;
Sim/AI/ConquestAi.cs,1147,0.5f,modes.conquestAi.fitEffectScale,x,nguong,05,1,inline,,"multiply: best = MathF.Max(best, k == 0 ? effect : effect * 0.5f);"
Sim/AI/ConquestAi.cs,1205,11f,modes.conquestAi.ownAnswersSpeedMin,m/s,tan_suat,05,1,inline,,compare: if (v.Def.Flying || v.Def.Speed >= 11f) mix.Artillery += value;
Sim/AI/ConquestAi.cs,1237,8f,modes.conquestAi.counterScoreTotalFloor,count,gioi_han_thuc_the,05,1,inline,,"math_max: var ours = MathF.Max(8f, own.Total);"
Sim/AI/ConquestAi.cs,1238,0.85f,modes.conquestAi.counterScoreAnsweringScale,count,gioi_han_thuc_the,05,1,inline,,"multiply: float Short(float theirs, float answering) => theirs / enemy.Total - answering / ours * 0.85f;"
Sim/AI/ConquestAi.cs,1243,8f,modes.conquestAi.counterScoreShortScale,count,gioi_han_thuc_the,05,1,inline,,"multiply: score += Short(enemy.Air, own.Air) * 8f;"
Sim/AI/ConquestAi.cs,1245,2f,modes.conquestAi.counterScoreScore,count,gioi_han_thuc_the,05,1,inline,,compound_assign: if (enemy.Air > 0f && own.Air <= 0f) score += 2f;
Sim/AI/ConquestAi.cs,1247,2.5f,modes.conquestAi.counterScoreScore2,count,gioi_han_thuc_the,05,1,inline,,compound_assign: if (enemy.Air <= 0f && def.Class == UnitClass.AntiAir) score -= 2.5f;
Sim/AI/ConquestAi.cs,1255,0.85f,modes.conquestAi.counterScoreOwnFitScale,count,gioi_han_thuc_the,05,1,inline,,multiply: score += enemy.Ground / enemy.Total * (fit - ownFit * 0.85f) * 8f;
Sim/AI/ConquestAi.cs,1255,8f,modes.conquestAi.counterScoreGroundScale,count,gioi_han_thuc_the,05,1,inline,,multiply: score += enemy.Ground / enemy.Total * (fit - ownFit * 0.85f) * 8f;
Sim/AI/ConquestAi.cs,1257,11f,modes.conquestAi.counterScoreSpeedMin,m/s,tan_suat,05,1,inline,,"compare: if (def.Flying || def.Speed >= 11f) score += Short(enemy.Artillery, own.Artillery) * 4f;"
Sim/AI/ConquestAi.cs,1257,4f,modes.conquestAi.counterScoreShortScale2,count,tan_suat,05,1,inline,,"multiply: if (def.Flying || def.Speed >= 11f) score += Short(enemy.Artillery, own.Artillery) * 4f;"
Sim/AI/ConquestAi.cs,1258,4f,modes.conquestAi.counterScoreAntiAirScale,count,gioi_han_thuc_the,05,1,inline,,multiply: if (def.Flying && !antiAir) score -= enemy.AntiAir / enemy.Total * 4f;
Sim/AI/ConquestAi.cs,1265,2.5f,modes.conquestAi.counterScoreMinScale,count,gioi_han_thuc_the,05,1,inline,,"multiply: score -= MathF.Min(1f, enemy.Aps / ground) * 2.5f;"
Sim/AI/ConquestAi.cs,1266,2f,modes.conquestAi.counterScoreMinScale2,count,sat_thuong,05,1,inline,,"multiply: if (main.DamageType == DamageType.ShapedCharge) score -= MathF.Min(1f, enemy.Reactive / ground) * 2f;"
Sim/AI/ConquestAi.cs,1267,2f,modes.conquestAi.counterScoreMinScale2,count,sat_thuong,05,1,inline,,"multiply: if (main.DamageType == DamageType.Energy) score -= MathF.Min(1f, enemy.Smoke / enemy.Total) * 2f;"
Sim/AI/ConquestAi.cs,1269,8f,modes.conquestAi.counterScoreTotalFloor,count,sat_thuong,05,1,inline,,"math_max: if (main.DamageType == DamageType.Energy && main.CanTarget(false)) score += MathF.Min(1f, enemy.Domes / MathF.Max(8f, enemy.Total)) * 2.5f;"
Sim/AI/ConquestAi.cs,1269,2.5f,modes.conquestAi.counterScoreMinScale,count,sat_thuong,05,1,inline,,"multiply: if (main.DamageType == DamageType.Energy && main.CanTarget(false)) score += MathF.Min(1f, enemy.Domes / MathF.Max(8f, enemy.Total)) * 2.5f;"
Sim/AI/ConquestAi.cs,1270,2f,modes.conquestAi.counterScoreMinScale2,count,gioi_han_thuc_the,05,1,inline,,"multiply: if (main.Guided) score -= MathF.Min(1f, enemy.Jammers / enemy.Total) * 2f;"
Sim/Content/CampaignDefs.cs,189,4,campaign.campaignRelease.everythingLastAct,x,tan_suat,07,1,inline,,arg:CampaignRelease.UpTo: public static CampaignRelease Everything() => UpTo(4);
Sim/Content/CampaignDefs.cs,207,4,campaign.campaignRelease.fromJsonAMax,x,nguong,07,1,inline,,compare: for (var a = 1; a <= 4; a++) r.Acts.Add(a);
Sim/Content/MissionDef.cs,169,30f,campaign.waveDef.first,x,khac,07,1,inline,,property_init: public float First { get; set; } = 30f;
Sim/Content/MissionDef.cs,170,40f,campaign.waveDef.interval,s,thoi_gian,07,1,inline,,property_init: public float Interval { get; set; } = 40f;
Sim/Content/MissionDef.cs,171,3,campaign.waveDef.size,x,khac,07,1,inline,,property_init: public int Size { get; set; } = 3;
Sim/Content/MissionDef.cs,174,0.5f,campaign.waveDef.grow,x,khac,07,1,inline,,property_init: public float Grow { get; set; } = 0.5f;
Sim/Content/MissionDef.cs,176,8,campaign.waveDef.maxSize,count,nguong,07,1,inline,,property_init: public int MaxSize { get; set; } = 8;
Sim/Content/MissionDef.cs,179,18,campaign.waveDef.maxAlive,count,nguong,07,1,inline,,property_init: public int MaxAlive { get; set; } = 18;
Sim/Content/MissionDef.cs,197,1f,campaign.scriptedUnitDef.health,x,sat_thuong,07,1,inline,,property_init: public float Health { get; set; } = 1f;
Sim/Content/MissionDef.cs,211,1f,campaign.scriptedUnitDef.fallbackHealth,x,sat_thuong,07,1,inline,,property_init: public float FallbackHealth { get; set; } = 1f;
Sim/Content/MissionDef.cs,429,180f,campaign.missionDef.holdSeconds,s,thoi_gian,07,1,inline,,property_init: public float HoldSeconds { get; set; } = 180f;
Sim/Content/MissionDef.cs,441,10,campaign.missionDef.killsNeeded,x,sat_thuong,07,1,inline,,property_init: public int KillsNeeded { get; set; } = 10;
Sim/Content/MissionDef.cs,442,300f,campaign.missionDef.surviveSeconds,s,thoi_gian,07,1,inline,,property_init: public float SurviveSeconds { get; set; } = 300f;
Sim/Content/MissionDef.cs,458,4,campaign.missionDef.convoyCount,count,gioi_han_thuc_the,07,1,inline,,property_init: public int ConvoyCount { get; set; } = 4;
Sim/Content/MissionDef.cs,459,2,campaign.missionDef.convoyNeeded,x,khac,07,1,inline,,property_init: public int ConvoyNeeded { get; set; } = 2;
Sim/Content/MissionDef.cs,466,14f,campaign.missionDef.enemyCp,CP,khac,07,1,inline,,property_init: public float EnemyCp { get; set; } = 14f;
Sim/Content/MissionDef.cs,475,3,campaign.missionDef.reinforcements,x,khac,07,1,inline,,property_init: public int Reinforcements { get; set; } = 3;
Sim/Content/MissionDef.cs,477,3,campaign.missionDef.reinforceSize,x,khac,07,1,inline,,property_init: public int ReinforceSize { get; set; } = 3;
Sim/Content/MissionDef.cs,479,16f,campaign.missionDef.playerCp,CP,khac,07,1,inline,,property_init: public float PlayerCp { get; set; } = 16f;
Sim/Content/MissionDef.cs,486,30,campaign.missionDef.playerCap,count,tran,07,1,inline,,property_init: public int PlayerCap { get; set; } = 30;
Sim/Content/MissionDef.cs,489,1f,campaign.missionDef.targetHealth,x,sat_thuong,07,1,inline,,property_init: public float TargetHealth { get; set; } = 1f;
Sim/Content/MissionDef.cs,494,200,campaign.missionDef.rewardCoins,x,khac,07,1,inline,,property_init: public int RewardCoins { get; set; } = 200;
Sim/Content/MissionDef.cs,495,150,campaign.missionDef.rewardXp,x,khac,07,1,inline,,property_init: public int RewardXp { get; set; } = 150;
Sim/Content/MissionDef.cs,565,4f,campaign.missionDef.convoyInterval,s,thoi_gian,07,1,inline,,property_init: public float ConvoyInterval { get; set; } = 4f;
Sim/Content/MissionDef.cs,589,40f,campaign.missionDef.targetRadius,m,ban_kinh,07,1,inline,,property_init: public float TargetRadius { get; set; } = 40f;
Sim/Content/MissionDef.cs,620,0.8f,campaign.missionDef.harderEnemyScale,x,khac,07,1,inline,,multiply: copy.EnemyIncome = EnemyIncome * (1f + (enemy - 1f) * 0.8f);
Sim/Content/MissionDef.cs,877,2,campaign.missionDef.points2I,count,gioi_han_thuc_the,07,1,inline,,"compound_assign: for (var i = 0; i + 1 < flat.Count; i += 2) list.Add(new Vector2(flat[i], flat[i + 1]));"
Sim/Content/OperationsData.cs,32,1f,campaign.mutatorDef.enemyCp,CP,khac,07,1,inline,,property_init: public float EnemyCp { get; set; } = 1f;
Sim/Content/OperationsData.cs,50,1f,campaign.mutatorDef.towerHp,x,khac,07,1,inline,,property_init: public float TowerHp { get; set; } = 1f;
Sim/Content/OperationsData.cs,51,1f,campaign.mutatorDef.towerDamage,x,sat_thuong,07,1,inline,,property_init: public float TowerDamage { get; set; } = 1f;
Sim/Content/OperationsData.cs,52,1f,campaign.mutatorDef.enemyHp,x,khac,07,1,inline,,property_init: public float EnemyHp { get; set; } = 1f;
Sim/Content/OperationsData.cs,53,1f,campaign.mutatorDef.bothDamage,x,sat_thuong,07,1,inline,,property_init: public float BothDamage { get; set; } = 1f;
Sim/Content/OperationsData.cs,54,1f,campaign.mutatorDef.bothHp,x,khac,07,1,inline,,property_init: public float BothHp { get; set; } = 1f;
Sim/Content/OperationsData.cs,57,1f,campaign.mutatorDef.timeScale,s,thoi_gian,07,1,inline,,property_init: public float TimeScale { get; set; } = 1f;
Sim/Content/OperationsData.cs,92,5000f,campaign.operationScoring.win,x,khac,07,1,inline,,property_init: public float Win { get; set; } = 5000f;
Sim/Content/OperationsData.cs,93,3000f,campaign.operationScoring.time,s,thoi_gian,07,1,inline,,property_init: public float Time { get; set; } = 3000f;
Sim/Content/OperationsData.cs,94,1500f,campaign.operationScoring.par,x,khac,07,1,inline,,property_init: public float Par { get; set; } = 1500f;
Sim/Content/OperationsData.cs,95,2000f,campaign.operationScoring.losses,x,khac,07,1,inline,,property_init: public float Losses { get; set; } = 2000f;
Sim/Content/OperationsData.cs,97,150f,campaign.operationScoring.lossesAtZero,x,khac,07,1,inline,,property_init: public float LossesAtZero { get; set; } = 150f;
Sim/Content/OperationsData.cs,98,2000f,campaign.operationScoring.hq,x,khac,07,1,inline,,property_init: public float Hq { get; set; } = 2000f;
Sim/Content/OperationsData.cs,123,600,campaign.operationsData.weeklyFortressReward,x,khac,07,1,inline,,property_init: public int WeeklyFortressReward { get; set; } = 600;
Sim/Content/OperationsData.cs,124,800,campaign.operationsData.weeklyOperationReward,x,nguong,07,1,inline,,property_init: public int WeeklyOperationReward { get; set; } = 800;
Sim/Content/OperationsData.cs,222,0.1f,campaign.operationsData.fromJsonFloatMin,m,ban_kinh,07,1,inline,,"math_clamp: SeaSight = Math.Clamp(m.Float(""seaSight"", 1f), 0.1f, 1f), ExtraEscorts = m.Int(""extraEscorts"", 0), ExtraRaiders = m.Int(""extraRaiders"", 0),"
Sim/Content/OperationsData.cs,260,1500f,campaign.mutators.applyTimeLimitFalse,s,thoi_gian,07,1,inline,,conditional: copy.TimeLimit = (copy.TimeLimit > 0f ? copy.TimeLimit : 1500f) * m.TimeScale;
Sim/Content/OperationsData.cs,261,2,campaign.mutators.applyReinforceSize,x,khac,07,1,inline,,compound_assign: if (m.Swarm) copy.ReinforceSize *= 2;
Sim/Content/OperationsData.cs,301,4,campaign.mutators.applyCountMax,count,gioi_han_thuc_the,07,1,inline,,compare: if (kept.Count < 4)
Sim/Content/OperationsData.cs,305,8,campaign.mutators.applyCountMax2,count,gioi_han_thuc_the,07,1,inline,,compare: if (more.Count < 8 && !more.Contains(id) && Allowed(id)) more.Add(id);
Sim/Economy/EconomySystem.Assist.cs,16,240f,modes.underdogRules.after,x,khac,05,1,inline,,property_init: public float After { get; set; } = 240f;
Sim/Economy/EconomySystem.Assist.cs,17,1.6f,modes.underdogRules.ratio,share,khac,05,1,inline,,property_init: public float Ratio { get; set; } = 1.6f;
Sim/Economy/EconomySystem.Assist.cs,18,1.25f,modes.underdogRules.income,x,khac,05,1,inline,,property_init: public float Income { get; set; } = 1.25f;
Sim/Economy/EconomySystem.Assist.cs,21,14,modes.underdogRules.minimumArmy,x,nguong,05,1,inline,,property_init: public int MinimumArmy { get; set; } = 14;
Sim/Economy/EconomySystem.Assist.cs,40,2,modes.economySystem.stepUnderdogCountIs,count,thoi_gian,05,1,inline,,equals: if (Underdog is not { } rules || UnderdogTeam >= 0 || _world.Time < rules.After || _teams.Count != 2) return;
Sim/Economy/EconomySystem.Assist.cs,75,6f,modes.economySystem.stepUnderdogAverageMax,count,gioi_han_thuc_the,05,1,inline,,compare: var count = average <= 6f ? 3 : 2;
Sim/Economy/EconomySystem.Assist.cs,75,3,modes.economySystem.stepUnderdogAverageTrue,count,gioi_han_thuc_the,05,1,inline,,conditional: var count = average <= 6f ? 3 : 2;
Sim/Economy/EconomySystem.Assist.cs,75,2,modes.economySystem.stepUnderdogAverageFalse,count,gioi_han_thuc_the,05,1,inline,,conditional: var count = average <= 6f ? 3 : 2;
Sim/Economy/EconomySystem.Elites.cs,51,0f,modes.economySystem.eliteRoomMinShare,share,tran,05,1,manual:parameter default,,"param_default: private VehicleDef? EliteRoom(int team, VehicleDef def, float minShare = 0f, int extraCap = 0)"
Sim/Economy/EconomySystem.Elites.cs,51,0,modes.economySystem.eliteRoomExtraCap,count,tran,05,1,manual:parameter default,,"param_default: private VehicleDef? EliteRoom(int team, VehicleDef def, float minShare = 0f, int extraCap = 0)"
Sim/Economy/EconomySystem.Elites.cs,59,0.001f,modes.economySystem.eliteRoomShareAdd,x,nguong,05,1,inline,,add: if (budget.EliteSpent + price > share * (budget.Spent + price) + 0.001f) return null;
Sim/Economy/EconomySystem.Elites.cs,98,0f,modes.economySystem.forWaveMinShare,share,gioi_han_thuc_the,05,1,manual:parameter default,,"param_default: public string ForWave(int team, string defId, float minShare = 0f)"
Sim/Economy/EconomySystem.Elites.cs,101,10f,modes.economySystem.forWaveMinShareScale,share,tran,05,1,inline,,multiply: var extraCap = minShare > 0f ? (int)MathF.Ceiling(minShare * 10f) : 0;
Sim/Economy/EconomySystem.cs,27,12f,modes.teamEconomy.ctorStartCp,CP,tran,05,1,manual:parameter default,,"param_default: public TeamEconomy(int team, float startCp = 12f, float income = 1f, float bank = 30f, int armyCap = 0,"
Sim/Economy/EconomySystem.cs,27,30f,modes.teamEconomy.ctorBank,count,tran,05,1,manual:parameter default,,"param_default: public TeamEconomy(int team, float startCp = 12f, float income = 1f, float bank = 30f, int armyCap = 0,"
Sim/Economy/EconomySystem.cs,27,0,modes.teamEconomy.ctorArmyCap,count,tran,05,1,manual:parameter default,,"param_default: public TeamEconomy(int team, float startCp = 12f, float income = 1f, float bank = 30f, int armyCap = 0,"
Sim/Economy/EconomySystem.cs,46,1f,modes.teamEconomy.incomeScale,x,khac,05,1,inline,,property_init: public float IncomeScale { get; internal set; } = 1f;
Sim/Economy/EconomySystem.cs,49,1f,modes.teamEconomy.strikeScale,x,khac,05,1,inline,,property_init: public float StrikeScale { get; internal set; } = 1f;
Sim/Economy/EconomySystem.cs,52,1f,modes.teamEconomy.supplyScale,x,khac,05,1,inline,,property_init: public float SupplyScale { get; internal set; } = 1f;
Sim/Economy/EconomySystem.cs,247,6,modes.economySystem.routedIndexMod,x,khac,05,1,inline,,modulo: var k = index % 6;
Sim/Economy/EconomySystem.cs,248,2,modes.economySystem.routedKMod,x,khac,05,1,inline,,modulo: landing = route.at + route.along * ((k % 2 == 0 ? 1f : -1f) * (2f + (k / 2) * 5f));
Sim/Economy/EconomySystem.cs,248,2f,modes.economySystem.routedKAdd,x,khac,05,1,inline,,add: landing = route.at + route.along * ((k % 2 == 0 ? 1f : -1f) * (2f + (k / 2) * 5f));
Sim/Economy/EconomySystem.cs,248,5f,modes.economySystem.routedKScale,x,khac,05,1,inline,,multiply: landing = route.at + route.along * ((k % 2 == 0 ? 1f : -1f) * (2f + (k / 2) * 5f));
Sim/Economy/EconomySystem.cs,248,2,modes.economySystem.routedKDivisor,x,khac,05,2,inline,,divide: landing = route.at + route.along * ((k % 2 == 0 ? 1f : -1f) * (2f + (k / 2) * 5f));
Sim/Economy/EconomySystem.cs,290,2.39996f,modes.economySystem.deployIndexScale,x,khac,05,1,inline,,multiply: var angle = index * 2.39996f;
Sim/Economy/EconomySystem.cs,291,2f,modes.economySystem.deployIndexAdd,x,khac,05,1,inline,,"add: var landing = zone + new Vector2(MathF.Sin(angle), MathF.Cos(angle)) * (2f + (index % 5) * 1.5f);"
Sim/Economy/EconomySystem.cs,291,5,modes.economySystem.deployIndexMod,x,khac,05,1,inline,,"modulo: var landing = zone + new Vector2(MathF.Sin(angle), MathF.Cos(angle)) * (2f + (index % 5) * 1.5f);"
Sim/Economy/EconomySystem.cs,291,1.5f,modes.economySystem.deployIndexScale2,x,khac,05,1,inline,,"multiply: var landing = zone + new Vector2(MathF.Sin(angle), MathF.Cos(angle)) * (2f + (index % 5) * 1.5f);"
Sim/Economy/EconomySystem.cs,320,2.39996f,modes.economySystem.deployOpeningIndexScale,x,khac,05,1,inline,,multiply: var angle = index * 2.39996f;
Sim/Economy/EconomySystem.cs,321,2f,modes.economySystem.deployOpeningIndexAdd,x,khac,05,1,inline,,"add: var landing = zone + new Vector2(MathF.Sin(angle), MathF.Cos(angle)) * (2f + (index % 5) * 1.5f);"
Sim/Economy/EconomySystem.cs,321,5,modes.economySystem.deployOpeningIndexMod,x,khac,05,1,inline,,"modulo: var landing = zone + new Vector2(MathF.Sin(angle), MathF.Cos(angle)) * (2f + (index % 5) * 1.5f);"
Sim/Economy/EconomySystem.cs,321,1.5f,modes.economySystem.deployOpeningIndexScale2,x,khac,05,1,inline,,"multiply: var landing = zone + new Vector2(MathF.Sin(angle), MathF.Cos(angle)) * (2f + (index % 5) * 1.5f);"
Sim/Economy/EconomySystem.cs,356,2.39996f,modes.economySystem.airliftIndexScale,x,khac,05,1,inline,,multiply: var angle = index * 2.39996f;
Sim/Economy/EconomySystem.cs,357,3f,modes.economySystem.airliftIndexAdd,x,khac,05,1,inline,,"add: var landing = _world.ClampToMap(near + new Vector2(MathF.Sin(angle), MathF.Cos(angle)) * (3f + (index % 5) * 2f));"
Sim/Economy/EconomySystem.cs,357,5,modes.economySystem.airliftIndexMod,x,khac,05,1,inline,,"modulo: var landing = _world.ClampToMap(near + new Vector2(MathF.Sin(angle), MathF.Cos(angle)) * (3f + (index % 5) * 2f));"
Sim/Economy/EconomySystem.cs,357,2f,modes.economySystem.airliftIndexScale2,x,khac,05,1,inline,,"multiply: var landing = _world.ClampToMap(near + new Vector2(MathF.Sin(angle), MathF.Cos(angle)) * (3f + (index % 5) * 2f));"
Sim/Economy/EconomySystem.cs,520,2,modes.economySystem.tryGetRivalCountIs,count,gioi_han_thuc_the,05,1,inline,,equals: if (_teams.Count != 2) return false;
Sim/Economy/EconomySystem.cs,527,0.01f,modes.economySystem.inwardLengthSquaredMin,m,ban_kinh,05,1,inline,,compare: private static Vector2 Inward(Vector2 zone) => zone.LengthSquared() > 0.01f ? Vector2.Normalize(-zone) : Vector2.UnitY;
Sim/Economy/EconomySystem.cs,550,40,modes.economySystem.edgeBehindStepMax,m,ban_kinh,05,1,inline,,compare: for (var step = 0; step < 40 && map.EdgeDistance(p - inward * 4f) >= 2f; step++)
Sim/Economy/EconomySystem.cs,550,4f,modes.economySystem.edgeBehindInwardScale,m,ban_kinh,05,1,inline,,multiply: for (var step = 0; step < 40 && map.EdgeDistance(p - inward * 4f) >= 2f; step++)
Sim/Economy/EconomySystem.cs,550,2f,modes.economySystem.edgeBehindEdgeDistanceMin,m,ban_kinh,05,1,inline,,compare: for (var step = 0; step < 40 && map.EdgeDistance(p - inward * 4f) >= 2f; step++)
Sim/Economy/EconomySystem.cs,551,4f,modes.economySystem.edgeBehindInwardScale,x,khac,05,1,inline,,multiply: p -= inward * 4f;
Sim/Events/SimEvent.cs,451,0.01f,modes.simEvent.eventNoticeLengthSquaredMin,m,ban_kinh,05,1,inline,,"compare: airborne: direction.LengthSquared() > 0.01f, offset: direction);"
Sim/Events/SimEvent.cs,464,0.5f,modes.simEvent.priorityValueMin,x,nguong,05,1,inline,,"compare: ? Value > 0.5f ? (LinePriority)Math.Clamp((int)MathF.Round(Value) - 1, 0, 3) : LinePriority.Event"
Sim/Events/SimEvent.cs,464,3,modes.simEvent.priorityRoundMax,x,nguong,05,1,inline,,"math_clamp: ? Value > 0.5f ? (LinePriority)Math.Clamp((int)MathF.Round(Value) - 1, 0, 3) : LinePriority.Event"
Sim/Modes/BattleEvents.P28.cs,58,4,modes.battleEvents.escalateIMax,x,nguong,05,1,inline,,compare: for (var i = 0; i < 4; i++)
Sim/Modes/BattleEvents.P28.cs,59,30f,modes.battleEvents.escalateIAdd,x,khac,05,1,inline,,"add: if (quiet >= ai.Get($""economy.escalation.{i}"", 30f + 20f * i)) tier = i + 1;"
Sim/Modes/BattleEvents.P28.cs,59,20f,modes.battleEvents.escalateIScale,x,khac,05,1,inline,,"multiply: if (quiet >= ai.Get($""economy.escalation.{i}"", 30f + 20f * i)) tier = i + 1;"
Sim/Modes/BattleEvents.P28.cs,72,4,modes.battleEvents.maxTierStallValue,count,nguong,05,1,inline,,"switch_arm: _ => 4,"
Sim/Modes/BattleEvents.P28.cs,100,45f,modes.battleEvents.setTierRadius,m,ban_kinh,05,1,inline,,"arg:StrikeSystem.AddScan: if (team != world.DefenderTeam && ArmyCentre(world, team) is { } at) world.Strikes.AddScan(1 - team, at, 45f, 15f);"
Sim/Modes/BattleEvents.P28.cs,100,15f,modes.battleEvents.setTierSeconds,s,thoi_gian,05,1,inline,,"arg:StrikeSystem.AddScan: if (team != world.DefenderTeam && ArmyCentre(world, team) is { } at) world.Strikes.AddScan(1 - team, at, 45f, 15f);"
Sim/Modes/BattleEvents.cs,35,7919,modes.battleEvents.ctorSeedScale,share,xac_suat,05,1,inline,,multiply: _random = new Random(seed * 7919 + 13);
Sim/Modes/BattleEvents.cs,35,13,modes.battleEvents.ctorSeedAdd,share,xac_suat,05,1,inline,,add: _random = new Random(seed * 7919 + 13);
Sim/Modes/BattleEvents.cs,37,45,modes.battleEvents.ctorNextDoubleAdd,share,xac_suat,05,1,inline,,add: _nextCrate = 45 + _random.NextDouble() * 30;
Sim/Modes/BattleEvents.cs,37,30,modes.battleEvents.ctorNextDoubleScale,share,xac_suat,05,1,inline,,multiply: _nextCrate = 45 + _random.NextDouble() * 30;
Sim/Modes/BattleEvents.cs,38,80,modes.battleEvents.ctorNextDoubleAdd2,share,xac_suat,05,1,inline,,add: _nextRaid = 80 + _random.NextDouble() * 45;
Sim/Modes/BattleEvents.cs,38,45,modes.battleEvents.ctorNextDoubleScale2,share,xac_suat,05,1,inline,,multiply: _nextRaid = 80 + _random.NextDouble() * 45;
Sim/Modes/BattleEvents.cs,47,70,modes.battleEvents.tickNowAdd,ticks,thoi_gian,05,1,inline,,add: _nextCrate = now + 70 + _random.NextDouble() * 40;
Sim/Modes/BattleEvents.cs,47,40,modes.battleEvents.tickNextDoubleScale,ticks,thoi_gian,05,1,inline,,multiply: _nextCrate = now + 70 + _random.NextDouble() * 40;
Sim/Modes/BattleEvents.cs,53,120,modes.battleEvents.tickNowAdd2,ticks,thoi_gian,05,1,inline,,add: _nextRaid = Raid(world) ? now + 120 + _random.NextDouble() * 70 : now + 20;
Sim/Modes/BattleEvents.cs,53,70,modes.battleEvents.tickNextDoubleScale2,ticks,thoi_gian,05,1,inline,,multiply: _nextRaid = Raid(world) ? now + 120 + _random.NextDouble() * 70 : now + 20;
Sim/Modes/BattleEvents.cs,53,20,modes.battleEvents.tickNowAdd3,ticks,thoi_gian,05,1,inline,,add: _nextRaid = Raid(world) ? now + 120 + _random.NextDouble() * 70 : now + 20;
Sim/Modes/BattleEvents.cs,66,20,modes.battleEvents.dropCrateAttemptMax,x,tan_suat,05,1,inline,,compare: for (var attempt = 0; attempt < 20; attempt++)
Sim/Modes/BattleEvents.cs,69,10,modes.battleEvents.dropCrateAttemptMax2,x,tan_suat,05,1,inline,,compare: var spread = attempt < 10 ? 0.1f : 0.225f;
Sim/Modes/BattleEvents.cs,69,0.1f,modes.battleEvents.dropCrateAttemptTrue,x,tan_suat,05,1,inline,,conditional: var spread = attempt < 10 ? 0.1f : 0.225f;
Sim/Modes/BattleEvents.cs,69,0.225f,modes.battleEvents.dropCrateAttemptFalse,x,tan_suat,05,1,inline,,conditional: var spread = attempt < 10 ? 0.1f : 0.225f;
Sim/Modes/BattleEvents.cs,70,10,modes.battleEvents.dropCrateAttemptMax2,m,ban_kinh,05,1,inline,,"compare: var at = (attempt < 10 ? middle : map.Centre) + new Vector2((float)(_random.NextDouble() * 2 - 1) * map.Width * spread,"
Sim/Modes/BattleEvents.cs,70,2,modes.battleEvents.dropCrateNextDoubleScale,m,ban_kinh,05,1,inline,,"multiply: var at = (attempt < 10 ? middle : map.Centre) + new Vector2((float)(_random.NextDouble() * 2 - 1) * map.Width * spread,"
Sim/Modes/BattleEvents.cs,71,2,modes.battleEvents.dropCrateNextDoubleScale,m,ban_kinh,05,1,inline,,multiply: (float)(_random.NextDouble() * 2 - 1) * map.Length * spread);
Sim/Modes/BattleEvents.cs,75,40f,modes.battleEvents.dropCrateDistanceMax,m,ban_kinh,05,1,inline,,"compare: if (Vector2.Distance(team.Rally, at) < 40f) clear = false;"
Sim/Modes/BattleEvents.cs,122,25f,modes.battleEvents.updateCratesDistanceMin,m,ban_kinh,05,1,inline,,"compare: if (!v.IsAlive || v.Team != holder || v.Def.Boss || Vector2.Distance(v.Position, crate.Position) > 25f) continue;"
Sim/Modes/BattleEvents.cs,142,35f,modes.battleEvents.raidDistanceMax,m,ban_kinh,05,1,inline,,"compare: if (b.IsAlive && !b.Flying && b.Team == 1 && Vector2.Distance(a.Position, b.Position) < 35f) score++;"
Sim/Modes/BattleEvents.cs,150,2,modes.battleEvents.raidMost,x,khac,05,1,inline,,local_init: var most = 2;
Sim/Modes/BattleEvents.cs,156,25f,modes.battleEvents.raidDistanceMax2,m,ban_kinh,05,1,inline,,"compare: if (b.IsAlive && !b.Flying && b.Team >= 0 && Vector2.Distance(a.Position, b.Position) < 25f) count++;"
Sim/Modes/BattleEvents.cs,165,0.5f,modes.battleEvents.raidLengthScale,m,ban_kinh,05,1,inline,,multiply: var start = best.Value - along * (support.Length * 0.5f);
Sim/Modes/BranchChoice.cs,64,100f,modes.branchChoice.scoreDpsDivisor,count,gioi_han_thuc_the,05,1,inline,,divide: score += dps / t.Cards.Count / 100f;
Sim/Modes/BranchChoice.cs,70,0.6f,modes.branchChoice.scoreArmorTrue,x,sat_thuong,05,1,inline,,"conditional: if (!card.Flying) hit += mines.Max * mines.Blast.Damage * (card.Armor == ArmorClass.Heavy ? 0.6f : 1f) / MathF.Max(1f, mines.Interval);"
Sim/Modes/BranchChoice.cs,71,100f,modes.branchChoice.scoreHitDivisor,count,gioi_han_thuc_the,05,1,inline,,divide: score += hit / t.Cards.Count / 100f;
Sim/Modes/BranchChoice.cs,75,3f,modes.branchChoice.scoreHeavyMissilesScale,x,khac,05,1,inline,,multiply: score += (aps.Heavy ? 3f * t.HeavyMissiles : !aps.Direct ? 2f * (t.Artillery + t.Drones) : 2f * t.Straight) + aps.Charges * 0.02f;
Sim/Modes/BranchChoice.cs,75,0.02f,modes.branchChoice.scoreChargesScale,x,khac,05,1,inline,,multiply: score += (aps.Heavy ? 3f * t.HeavyMissiles : !aps.Direct ? 2f * (t.Artillery + t.Drones) : 2f * t.Straight) + aps.Charges * 0.02f;
Sim/Modes/BranchChoice.cs,75,2f,modes.branchChoice.scoreStraightScale,x,khac,05,2,inline,,multiply: score += (aps.Heavy ? 3f * t.HeavyMissiles : !aps.Direct ? 2f * (t.Artillery + t.Drones) : 2f * t.Straight) + aps.Charges * 0.02f;
Sim/Modes/BranchChoice.cs,76,1.5f,modes.branchChoice.scoreArtilleryScale,x,khac,05,1,inline,,multiply: if (b.Dome != null) score += 1f + 1.5f * (t.Artillery + t.Drones);
Sim/Modes/BranchChoice.cs,77,1.5f,modes.branchChoice.scoreHeavyScale,x,nguong,05,1,inline,,"multiply: if (b.Wards != null) score += 1f + 1.5f * (t.Heavy + t.Straight) + MathF.Min(1f, towers / 10f);"
Sim/Modes/BranchChoice.cs,77,10f,modes.branchChoice.scoreTowersDivisor,x,nguong,05,1,inline,,"divide: if (b.Wards != null) score += 1f + 1.5f * (t.Heavy + t.Straight) + MathF.Min(1f, towers / 10f);"
Sim/Modes/BranchChoice.cs,79,0.6f,modes.branchChoice.scoreLightAdd,x,khac,05,1,inline,,add: if (b.Loot != null) score += 0.6f + 1.2f * t.Light;
Sim/Modes/BranchChoice.cs,79,1.2f,modes.branchChoice.scoreLightScale,x,khac,05,1,inline,,multiply: if (b.Loot != null) score += 0.6f + 1.2f * t.Light;
Sim/Modes/BranchChoice.cs,80,2f,modes.branchChoice.scoreAirScale,x,khac,05,1,inline,,multiply: if (b.RevealAir > 0f) score += 2f * t.Air + t.Stealth;
Sim/Modes/BranchChoice.cs,81,2f,modes.branchChoice.scoreArtilleryScale2,count,gioi_han_thuc_the,05,1,inline,,multiply: if (b.CounterBattery != null) score += 2f * t.Artillery;
Sim/Modes/BranchChoice.cs,82,30f,modes.branchChoice.scoreJammerDivisor,x,khac,05,1,inline,,divide: if (b.Jammer > 0f) score += b.Jammer / 30f * 1.5f * (t.Drones + t.Straight);
Sim/Modes/BranchChoice.cs,82,1.5f,modes.branchChoice.scoreJammerScale,x,khac,05,1,inline,,multiply: if (b.Jammer > 0f) score += b.Jammer / 30f * 1.5f * (t.Drones + t.Straight);
Sim/Modes/BranchChoice.cs,84,0.3f,modes.branchChoice.scoreStealthAdd,m,ban_kinh,05,1,inline,,add: if (b.TowerRangeAura != null) score += 0.3f + 2f * t.Stealth + (towers >= 6 ? 0.3f : 0f);
Sim/Modes/BranchChoice.cs,84,2f,modes.branchChoice.scoreStealthScale,m,ban_kinh,05,1,inline,,multiply: if (b.TowerRangeAura != null) score += 0.3f + 2f * t.Stealth + (towers >= 6 ? 0.3f : 0f);
Sim/Modes/BranchChoice.cs,84,6,modes.branchChoice.scoreTowersMin,m,ban_kinh,05,1,inline,,compare: if (b.TowerRangeAura != null) score += 0.3f + 2f * t.Stealth + (towers >= 6 ? 0.3f : 0f);
Sim/Modes/BranchChoice.cs,84,0.3f,modes.branchChoice.scoreTowersTrue,m,ban_kinh,05,2,inline,,conditional: if (b.TowerRangeAura != null) score += 0.3f + 2f * t.Stealth + (towers >= 6 ? 0.3f : 0f);
Sim/Modes/BranchChoice.cs,105,16,modes.branchChoice.referenceSeedMax,x,nguong,05,1,inline,,compare: for (var seed = 1; seed <= 16; seed++)
Sim/Modes/BranchChoice.cs,124,0.1f,modes.branchChoice.pickScoreAdd,x,khac,05,1,inline,,"add: var s = (Score(catalog, def, t, towers) + 0.1f) / (Score(catalog, def, reference, towers) + 0.1f);"
Sim/Modes/BranchChoice.cs,124,0.1f,modes.branchChoice.pickScoreAdd,x,khac,05,2,inline,,"add: var s = (Score(catalog, def, t, towers) + 0.1f) / (Score(catalog, def, reference, towers) + 0.1f);"
Sim/Modes/ConquestMode.cs,35,400,modes.conquestRules.tickets,s,thoi_gian,05,1,inline,,property_init: public int Tickets { get; set; } = 400;
Sim/Modes/ConquestMode.cs,38,0.5f,modes.conquestRules.killTicketFactor,x,sat_thuong,05,1,inline,,property_init: public float KillTicketFactor { get; set; } = 0.5f;
Sim/Modes/ConquestMode.cs,41,10f,modes.conquestRules.captureSeconds,s,thoi_gian,05,1,inline,,property_init: public float CaptureSeconds { get; set; } = 10f;
Sim/Modes/ConquestMode.cs,44,0.6f,modes.conquestRules.bleed,x,khac,05,1,inline,,property_init: public float Bleed { get; set; } = 0.6f;
Sim/Modes/ConquestMode.cs,46,0.3f,modes.conquestRules.pointIncome,x,khac,05,1,inline,,property_init: public float PointIncome { get; set; } = 0.3f;
Sim/Modes/ConquestMode.cs,61,100,modes.conquestRules.comebackGap,m,ban_kinh,05,1,inline,,property_init: public int ComebackGap { get; set; } = 100;
Sim/Modes/ConquestMode.cs,64,14f,modes.conquestRules.startCp,CP,khac,05,1,inline,,property_init: public float StartCp { get; set; } = 14f;
Sim/Modes/ConquestMode.cs,67,240f,modes.conquestRules.underdogAfter,x,khac,05,1,inline,,property_init: public float UnderdogAfter { get; set; } = 240f;
Sim/Modes/ConquestMode.cs,80,120f,modes.conquestRules.finalPhaseSeconds,s,thoi_gian,05,1,inline,,property_init: public float FinalPhaseSeconds { get; set; } = 120f;
Sim/Modes/ConquestMode.cs,82,2f,modes.conquestRules.finalScale,x,khac,05,1,inline,,property_init: public float FinalScale { get; set; } = 2f;
Sim/Modes/ConquestMode.cs,85,60f,modes.conquestRules.overtime,s,thoi_gian,05,1,inline,,property_init: public float Overtime { get; set; } = 60f;
Sim/Modes/ConquestMode.cs,149,0.01f,modes.conquestMode.finalPhaseBleedFloor,x,nguong,05,1,inline,,"math_max: var eta = low / MathF.Max(0.01f, _rules.Bleed * world.PointScale * Math.Abs(held0 - held1));"
Sim/Modes/ConquestMode.cs,248,2,modes.conquestMode.comebackTeamMax,x,nguong,05,1,inline,,compare: for (var team = 0; team < 2; team++)
Sim/Modes/ConquestMode.cs,254,6f,modes.conquestMode.comebackTowardScale,x,khac,05,1,inline,,"multiply: world.SpawnVehicle(_rules.ComebackBoss, team, rally + toward * 6f, SimMath.HeadingOf(toward));"
Sim/Modes/Endless.cs,73,2,modes.endlessRules.bossOfWaveWaveTrue,count,tan_suat,05,1,inline,,conditional: public static int BossOfWave(int wave) => wave <= 0 ? 0 : wave % BossEvery == 0 ? 2 : wave % MiniBossEvery == 0 ? 1 : 0;
Sim/Modes/MissionEvents.Ingress.cs,24,0.025,campaign.missionEventSystem.halfTick,ticks,thoi_gian,07,1,const_to_property,,const_field: private const double HalfTick = 0.025;
Sim/Modes/MissionEvents.Ingress.cs,33,4,campaign.missionEventSystem.gateSpotIndexMod,x,khac,07,1,inline,,modulo: return world.ClampToMap(gate + across * ((index % 4) - 1.5f) * 5f);
Sim/Modes/MissionEvents.Ingress.cs,33,1.5f,campaign.missionEventSystem.gateSpotIndexSub,x,khac,07,1,inline,,subtract: return world.ClampToMap(gate + across * ((index % 4) - 1.5f) * 5f);
Sim/Modes/MissionEvents.Ingress.cs,33,5f,campaign.missionEventSystem.gateSpotAcrossScale,x,khac,07,1,inline,,multiply: return world.ClampToMap(gate + across * ((index % 4) - 1.5f) * 5f);
Sim/Modes/MissionEvents.Ingress.cs,48,12f,campaign.missionEventSystem.ingressLengthScale,m,ban_kinh,07,1,inline,,"multiply: if (Vector2.DistanceSquared(g.Position, spot) < 12f * 12f) return g.VisualIngressLength;"
Sim/Modes/MissionEvents.Ingress.cs,48,12f,campaign.missionEventSystem.ingressLengthScale,m,ban_kinh,07,2,inline,,"multiply: if (Vector2.DistanceSquared(g.Position, spot) < 12f * 12f) return g.VisualIngressLength;"
Sim/Modes/MissionEvents.Ingress.cs,68,4,campaign.missionEventSystem.announceIngressIMax,count,gioi_han_thuc_the,07,1,inline,,compare: for (var i = 0; i < g.Units.Count && i < 4; i++)
Sim/Modes/MissionEvents.Kinds.cs,67,25f,campaign.weatherPlan.seconds,s,thoi_gian,07,1,inline,,field_init: public float Seconds = 25f;
Sim/Modes/MissionEvents.Kinds.cs,153,20f,campaign.missionEventSystem.prepareNumberMin,s,thoi_gian,07,1,inline,,"math_clamp: s.Plan = new WeatherPlan { To = to, Seconds = Math.Clamp(e.Number(""seconds"", 25f), 20f, 30f) };"
Sim/Modes/MissionEvents.Kinds.cs,153,30f,campaign.missionEventSystem.prepareNumberMax,s,thoi_gian,07,1,inline,,"math_clamp: s.Plan = new WeatherPlan { To = to, Seconds = Math.Clamp(e.Number(""seconds"", 25f), 20f, 30f) };"
Sim/Modes/MissionEvents.Kinds.cs,197,3,campaign.missionEventSystem.composeIndexScale,count,gioi_han_thuc_the,07,1,inline,,multiply: var id = roster[(s.Index * 3 + s.Fired * 5 + k) % roster.Count];
Sim/Modes/MissionEvents.Kinds.cs,197,5,campaign.missionEventSystem.composeFiredScale,count,gioi_han_thuc_the,07,1,inline,,multiply: var id = roster[(s.Index * 3 + s.Fired * 5 + k) % roster.Count];
Sim/Modes/MissionEvents.Kinds.cs,198,3,campaign.missionEventSystem.composeKMod,x,khac,07,1,inline,,modulo: if (Difficulty.Elites && k % 3 == 2 && world.Catalog.EliteVariant(id) is { } elite) id = elite;
Sim/Modes/MissionEvents.Kinds.cs,198,2,campaign.missionEventSystem.composeKIs,x,khac,07,1,inline,,equals: if (Difficulty.Elites && k % 3 == 2 && world.Catalog.EliteVariant(id) is { } elite) id = elite;
Sim/Modes/MissionEvents.Kinds.cs,210,6f,campaign.missionEventSystem.prepareWaveFallback,count,gioi_han_thuc_the,07,1,inline,,"arg:MissionEventSystem.WaveSize: var size = Math.Min(WaveSize(e, 6f), Room(world, Enemy));"
Sim/Modes/MissionEvents.Kinds.cs,213,2,campaign.missionEventSystem.prepareWaveFallback2,count,xac_suat,07,1,inline,,"arg:MissionEventDef.Whole: var count = e.Has(""directions"") ? Math.Max(1, e.Whole(""directions"", 2)) : d.MinDirections + _random.Next(d.MaxDirections - d.MinDirections + 1);"
Sim/Modes/MissionEvents.Kinds.cs,219,2,campaign.missionEventSystem.prepareWaveMaxValue,count,xac_suat,07,1,inline,,"arg:Random.Next: var flanks = _random.Next(2) == 0 ? new[] { SpawnBearing.Left, SpawnBearing.Right } : new[] { SpawnBearing.Right, SpawnBearing.Left };"
Sim/Modes/MissionEvents.Kinds.cs,291,4f,campaign.missionEventSystem.prepareRaidFallback,count,gioi_han_thuc_the,07,1,inline,,"arg:MissionEventSystem.WaveSize: var size = Math.Min(WaveSize(s.Def, 4f), Room(world, Enemy));"
Sim/Modes/MissionEvents.Kinds.cs,320,12,campaign.missionEventSystem.prepareAlliesFallback,count,tran,07,1,inline,,"arg:MissionEventDef.Whole: var room = Math.Min(e.Whole(""max"", 12), Room(world, Player, e.Whole(""cap"", Rules.AllyCap)));"
Sim/Modes/MissionEvents.Kinds.cs,432,0.5f,campaign.missionEventSystem.prepareLineCountScale,count,ban_kinh,07,1,inline,,multiply: var spot = world.ClampToMap(line + across * ((k - (towers.Count - 1) * 0.5f) * spacing));
Sim/Modes/MissionEvents.Kinds.cs,451,6f,campaign.missionEventSystem.estimateFallback,count,gioi_han_thuc_the,07,1,inline,,"arg:MissionEventSystem.WaveSize: private float Estimate(SimWorld world, EventState s) => Strength(world.Catalog, Compose(world, s, RosterFor(world, s.Def), WaveSize(s.Def, 6f)));"
Sim/Modes/MissionEvents.Kinds.cs,466,0.5f,campaign.missionEventSystem.fillValueScale,x,khac,07,1,inline,,multiply: if (sum + value <= target + value * 0.5f)
Sim/Modes/MissionEvents.Kinds.cs,480,2,campaign.missionEventSystem.storyOrderValue,x,khac,07,1,manual:static array table (FloatArray / IntArray entry),,"table: private static readonly int[] StoryOrder = { 1, 2, 3, 13, 4, 5, 6, 14, 7, 8, 9, 15, 10, 11, 12 };"
Sim/Modes/MissionEvents.Kinds.cs,480,3,campaign.missionEventSystem.storyOrderValue2,x,khac,07,1,manual:static array table (FloatArray / IntArray entry),,"table: private static readonly int[] StoryOrder = { 1, 2, 3, 13, 4, 5, 6, 14, 7, 8, 9, 15, 10, 11, 12 };"
Sim/Modes/MissionEvents.Kinds.cs,480,13,campaign.missionEventSystem.storyOrderValue3,x,khac,07,1,manual:static array table (FloatArray / IntArray entry),,"table: private static readonly int[] StoryOrder = { 1, 2, 3, 13, 4, 5, 6, 14, 7, 8, 9, 15, 10, 11, 12 };"
Sim/Modes/MissionEvents.Kinds.cs,480,4,campaign.missionEventSystem.storyOrderValue4,x,khac,07,1,manual:static array table (FloatArray / IntArray entry),,"table: private static readonly int[] StoryOrder = { 1, 2, 3, 13, 4, 5, 6, 14, 7, 8, 9, 15, 10, 11, 12 };"
Sim/Modes/MissionEvents.Kinds.cs,480,5,campaign.missionEventSystem.storyOrderValue5,x,khac,07,1,manual:static array table (FloatArray / IntArray entry),,"table: private static readonly int[] StoryOrder = { 1, 2, 3, 13, 4, 5, 6, 14, 7, 8, 9, 15, 10, 11, 12 };"
Sim/Modes/MissionEvents.Kinds.cs,480,6,campaign.missionEventSystem.storyOrderValue6,x,khac,07,1,manual:static array table (FloatArray / IntArray entry),,"table: private static readonly int[] StoryOrder = { 1, 2, 3, 13, 4, 5, 6, 14, 7, 8, 9, 15, 10, 11, 12 };"
Sim/Modes/MissionEvents.Kinds.cs,480,14,campaign.missionEventSystem.storyOrderValue7,x,khac,07,1,manual:static array table (FloatArray / IntArray entry),,"table: private static readonly int[] StoryOrder = { 1, 2, 3, 13, 4, 5, 6, 14, 7, 8, 9, 15, 10, 11, 12 };"
Sim/Modes/MissionEvents.Kinds.cs,480,7,campaign.missionEventSystem.storyOrderValue8,x,khac,07,1,manual:static array table (FloatArray / IntArray entry),,"table: private static readonly int[] StoryOrder = { 1, 2, 3, 13, 4, 5, 6, 14, 7, 8, 9, 15, 10, 11, 12 };"
Sim/Modes/MissionEvents.Kinds.cs,480,8,campaign.missionEventSystem.storyOrderValue9,x,khac,07,1,manual:static array table (FloatArray / IntArray entry),,"table: private static readonly int[] StoryOrder = { 1, 2, 3, 13, 4, 5, 6, 14, 7, 8, 9, 15, 10, 11, 12 };"
Sim/Modes/MissionEvents.Kinds.cs,480,9,campaign.missionEventSystem.storyOrderValue10,x,khac,07,1,manual:static array table (FloatArray / IntArray entry),,"table: private static readonly int[] StoryOrder = { 1, 2, 3, 13, 4, 5, 6, 14, 7, 8, 9, 15, 10, 11, 12 };"
Sim/Modes/MissionEvents.Kinds.cs,480,15,campaign.missionEventSystem.storyOrderValue11,x,khac,07,1,manual:static array table (FloatArray / IntArray entry),,"table: private static readonly int[] StoryOrder = { 1, 2, 3, 13, 4, 5, 6, 14, 7, 8, 9, 15, 10, 11, 12 };"
Sim/Modes/MissionEvents.Kinds.cs,480,10,campaign.missionEventSystem.storyOrderValue12,x,khac,07,1,manual:static array table (FloatArray / IntArray entry),,"table: private static readonly int[] StoryOrder = { 1, 2, 3, 13, 4, 5, 6, 14, 7, 8, 9, 15, 10, 11, 12 };"
Sim/Modes/MissionEvents.Kinds.cs,480,11,campaign.missionEventSystem.storyOrderValue13,x,khac,07,1,manual:static array table (FloatArray / IntArray entry),,"table: private static readonly int[] StoryOrder = { 1, 2, 3, 13, 4, 5, 6, 14, 7, 8, 9, 15, 10, 11, 12 };"
Sim/Modes/MissionEvents.Kinds.cs,480,12,campaign.missionEventSystem.storyOrderValue14,x,khac,07,1,manual:static array table (FloatArray / IntArray entry),,"table: private static readonly int[] StoryOrder = { 1, 2, 3, 13, 4, 5, 6, 14, 7, 8, 9, 15, 10, 11, 12 };"
Sim/Modes/MissionEvents.Kinds.cs,489,2,campaign.missionEventSystem.actOfChapterValue,x,khac,07,1,inline,,"switch_arm: public static int ActOf(int chapter) => chapter switch { 13 => 1, 14 => 2, 15 => 3, <= 0 => 1, _ => Math.Clamp((chapter - 1) / 3 + 1, 1, 4) };"
Sim/Modes/MissionEvents.Kinds.cs,489,3,campaign.missionEventSystem.actOfChapterValue2,x,khac,07,1,inline,,"switch_arm: public static int ActOf(int chapter) => chapter switch { 13 => 1, 14 => 2, 15 => 3, <= 0 => 1, _ => Math.Clamp((chapter - 1) / 3 + 1, 1, 4) };"
Sim/Modes/MissionEvents.Kinds.cs,489,4,campaign.missionEventSystem.actOfChapterMax,x,nguong,07,1,inline,,"math_clamp: public static int ActOf(int chapter) => chapter switch { 13 => 1, 14 => 2, 15 => 3, <= 0 => 1, _ => Math.Clamp((chapter - 1) / 3 + 1, 1, 4) };"
Sim/Modes/MissionEvents.Kinds.cs,489,3,campaign.missionEventSystem.actOfChapterDivisor,x,khac,07,2,inline,,"divide: public static int ActOf(int chapter) => chapter switch { 13 => 1, 14 => 2, 15 => 3, <= 0 => 1, _ => Math.Clamp((chapter - 1) / 3 + 1, 1, 4) };"
Sim/Modes/MissionEvents.Kinds.cs,585,3,campaign.missionEventSystem.surfaceSpotK,x,khac,07,1,inline,,declarator: for (var k = 3; k <= 9; k++)
Sim/Modes/MissionEvents.Kinds.cs,585,9,campaign.missionEventSystem.surfaceSpotKMax,x,nguong,07,1,inline,,compare: for (var k = 3; k <= 9; k++)
Sim/Modes/MissionEvents.Kinds.cs,587,0.1f,campaign.missionEventSystem.surfaceSpotKScale,x,khac,07,1,inline,,"multiply: if (!SpawnPoints.Snap(world, Vector2.Lerp(to, from, k * 0.1f), world.Grid.MainRegion, out var spot)) continue;"
Sim/Modes/MissionEvents.Kinds.cs,598,4,campaign.missionEventSystem.prepareCeasefireFallback,x,nguong,07,1,inline,,"arg:MissionEventDef.Whole: var size = Math.Min(Math.Max(1, e.Whole(""size"", 4)), Room(world, Enemy));"
Sim/Modes/MissionEvents.Kinds.cs,619,0.55f,campaign.missionEventSystem.prepareObjectiveCentreLerp,x,khac,07,1,inline,,"math_lerp: if (!SpawnPoints.Snap(world, Vector2.Lerp(world.Map.Centre, flank.Position, 0.55f), world.Grid.MainRegion, out var spot)) return false;"
Sim/Modes/MissionEvents.Kinds.cs,622,0.01f,campaign.missionEventSystem.prepareObjectiveX,x,khac,07,1,inline,,"ctor_arg:Vector2: s.Arrows.Add((spot, Vector2.Normalize(world.Map.Centre - spot + new Vector2(0.01f, 0f)), Spawns!.BearingOf(spot, world.Map.Centre)));"
Sim/Modes/MissionEvents.Kinds.cs,641,2,campaign.missionEventSystem.prepareCrossingMaxValue,share,xac_suat,07,1,inline,,"arg:Random.Next: if (_random.Next(2) == 0) (from, to) = (to, from);"
Sim/Modes/MissionEvents.Kinds.cs,652,24,campaign.missionEventSystem.prepareCrateAttemptMax,x,tan_suat,07,1,inline,,compare: for (var attempt = 0; attempt < 24; attempt++)
Sim/Modes/MissionEvents.Kinds.cs,654,2,campaign.missionEventSystem.prepareCrateNextDoubleScale,m,ban_kinh,07,1,inline,,"multiply: var at = map.Centre + new Vector2((float)(_random.NextDouble() * 2 - 1) * map.Width * 0.2f, (float)(_random.NextDouble() * 2 - 1) * map.Length * 0.2f);"
Sim/Modes/MissionEvents.Kinds.cs,654,0.2f,campaign.missionEventSystem.prepareCrateNextDoubleScale2,m,ban_kinh,07,1,inline,,"multiply: var at = map.Centre + new Vector2((float)(_random.NextDouble() * 2 - 1) * map.Width * 0.2f, (float)(_random.NextDouble() * 2 - 1) * map.Length * 0.2f);"
Sim/Modes/MissionEvents.Kinds.cs,654,2,campaign.missionEventSystem.prepareCrateNextDoubleScale,m,ban_kinh,07,2,inline,,"multiply: var at = map.Centre + new Vector2((float)(_random.NextDouble() * 2 - 1) * map.Width * 0.2f, (float)(_random.NextDouble() * 2 - 1) * map.Length * 0.2f);"
Sim/Modes/MissionEvents.Kinds.cs,654,0.2f,campaign.missionEventSystem.prepareCrateNextDoubleScale2,m,ban_kinh,07,2,inline,,"multiply: var at = map.Centre + new Vector2((float)(_random.NextDouble() * 2 - 1) * map.Width * 0.2f, (float)(_random.NextDouble() * 2 - 1) * map.Length * 0.2f);"
Sim/Modes/MissionEvents.Kinds.cs,658,40f,campaign.missionEventSystem.prepareCrateDistanceMax,m,ban_kinh,07,1,inline,,"compare: if (Vector2.Distance(team.Rally, at) < 40f) clear = false;"
Sim/Modes/MissionEvents.Kinds.cs,675,5,campaign.missionEventSystem.happenTriesMax,x,sat_thuong,07,1,inline,,"compare: if (Seen(world, up.At) && s.Tries < 5) return Outcome.Retry;"
Sim/Modes/MissionEvents.Kinds.cs,688,5,campaign.missionEventSystem.happenTriesMax,x,sat_thuong,07,1,inline,,"compare: if (!Spawns!.TryPlace(world, g.Point, Rules.NearSight, Player, out var at) && s.Tries < 5) return Outcome.Retry;"
Sim/Modes/MissionEvents.Kinds.cs,727,3,campaign.missionEventSystem.happenFallback,x,sat_thuong,07,1,inline,,"arg:MissionEventDef.Whole: var salvos = Math.Max(1, e.Whole(""salvos"", 3));"
Sim/Modes/MissionEvents.Kinds.cs,733,1.5,campaign.missionEventSystem.happenKScale,x,sat_thuong,07,1,inline,,"multiply: _strikes.Add((world.Time + k * 1.5, support, Enemy, at, at + Vector2.UnitX));"
Sim/Modes/MissionEvents.Kinds.cs,742,0.5f,campaign.missionEventSystem.happenLengthScale,m,sat_thuong,07,1,inline,,multiply: var start = s.Where - along * (raid.Length * 0.5f);
Sim/Modes/MissionEvents.Kinds.cs,752,0.5f,campaign.missionEventSystem.happenLengthScale,m,sat_thuong,07,1,inline,,"multiply: var at = OperationMode.StrikeTarget(world, Player, support.IsLine ? support.Length * 0.5f : support.Radius) ?? s.Where;"
Sim/Modes/MissionEvents.Kinds.cs,757,3,campaign.missionEventSystem.happenAirFalse,x,sat_thuong,07,1,inline,,"conditional: var count = Math.Max(1, e.Whole(air ? ""passes"" : ""salvos"", air ? 1 : 3));"
Sim/Modes/MissionEvents.Kinds.cs,760,0.5f,campaign.missionEventSystem.happenLengthScale,m,sat_thuong,07,1,inline,,"multiply: var start = support.IsLine ? at - along * (support.Length * 0.5f) : at + new Vector2((k % 2) * 6f - 3f, (k / 2) * 6f - 3f) * (k > 0 ? 1f : 0f);"
Sim/Modes/MissionEvents.Kinds.cs,760,2,campaign.missionEventSystem.happenKMod,x,sat_thuong,07,1,inline,,"modulo: var start = support.IsLine ? at - along * (support.Length * 0.5f) : at + new Vector2((k % 2) * 6f - 3f, (k / 2) * 6f - 3f) * (k > 0 ? 1f : 0f);"
Sim/Modes/MissionEvents.Kinds.cs,760,6f,campaign.missionEventSystem.happenKScale2,x,sat_thuong,07,1,inline,,"multiply: var start = support.IsLine ? at - along * (support.Length * 0.5f) : at + new Vector2((k % 2) * 6f - 3f, (k / 2) * 6f - 3f) * (k > 0 ? 1f : 0f);"
Sim/Modes/MissionEvents.Kinds.cs,760,3f,campaign.missionEventSystem.happenKSub,x,sat_thuong,07,1,inline,,"subtract: var start = support.IsLine ? at - along * (support.Length * 0.5f) : at + new Vector2((k % 2) * 6f - 3f, (k / 2) * 6f - 3f) * (k > 0 ? 1f : 0f);"
Sim/Modes/MissionEvents.Kinds.cs,760,2,campaign.missionEventSystem.happenKDivisor,x,sat_thuong,07,2,inline,,"divide: var start = support.IsLine ? at - along * (support.Length * 0.5f) : at + new Vector2((k % 2) * 6f - 3f, (k / 2) * 6f - 3f) * (k > 0 ? 1f : 0f);"
Sim/Modes/MissionEvents.Kinds.cs,760,6f,campaign.missionEventSystem.happenKScale2,x,sat_thuong,07,2,inline,,"multiply: var start = support.IsLine ? at - along * (support.Length * 0.5f) : at + new Vector2((k % 2) * 6f - 3f, (k / 2) * 6f - 3f) * (k > 0 ? 1f : 0f);"
Sim/Modes/MissionEvents.Kinds.cs,760,3f,campaign.missionEventSystem.happenKSub,x,sat_thuong,07,2,inline,,"subtract: var start = support.IsLine ? at - along * (support.Length * 0.5f) : at + new Vector2((k % 2) * 6f - 3f, (k / 2) * 6f - 3f) * (k > 0 ? 1f : 0f);"
Sim/Modes/MissionEvents.Kinds.cs,761,3.0,campaign.missionEventSystem.happenAirTrue,x,sat_thuong,07,1,inline,,"conditional: _strikes.Add((world.Time + k * (air ? 3.0 : 1.5), id, Player, world.ClampToMap(start), start + along));"
Sim/Modes/MissionEvents.Kinds.cs,761,1.5,campaign.missionEventSystem.happenAirFalse2,x,sat_thuong,07,1,inline,,"conditional: _strikes.Add((world.Time + k * (air ? 3.0 : 1.5), id, Player, world.ClampToMap(start), start + along));"
Sim/Modes/MissionEvents.Kinds.cs,777,900000,campaign.missionEventSystem.happenAdd,x,sat_thuong,07,1,inline,,"add: var crate = new Crate(new EntityId(900000 + _crateIds++), s.Where, world.Time + 5.0, world.Time + 55.0);"
Sim/Modes/MissionEvents.Kinds.cs,777,5.0,campaign.missionEventSystem.happenTimeAdd,s,sat_thuong,07,1,inline,,"add: var crate = new Crate(new EntityId(900000 + _crateIds++), s.Where, world.Time + 5.0, world.Time + 55.0);"
Sim/Modes/MissionEvents.Kinds.cs,777,55.0,campaign.missionEventSystem.happenTimeAdd2,s,sat_thuong,07,1,inline,,"add: var crate = new Crate(new EntityId(900000 + _crateIds++), s.Where, world.Time + 5.0, world.Time + 55.0);"
Sim/Modes/MissionEvents.Kinds.cs,780,5f,campaign.missionEventSystem.happenSeconds,x,sat_thuong,07,1,inline,,"arg:SimEvent.CrateIncoming: world.Emit(SimEvent.CrateIncoming(crate, 5f));"
Sim/Modes/MissionEvents.Kinds.cs,781,5f,campaign.missionEventSystem.happenSeconds,x,sat_thuong,07,1,inline,,"arg:MissionEventSystem.Notice: Notice(world, s, ""start"", 5f);"
Sim/Modes/MissionEvents.Kinds.cs,790,0.5,campaign.missionEventSystem.happenTimeAdd3,s,sat_thuong,07,1,inline,,add: s.EndsAt = world.Time + drop.Delay + 0.5;
Sim/Modes/MissionEvents.Kinds.cs,826,0.5f,campaign.missionEventSystem.happenNumberFloor,x,sat_thuong,07,1,inline,,"math_max: var fall = MathF.Max(0.5f, e.Number(""fall"", 4f));"
Sim/Modes/MissionEvents.Kinds.cs,836,0.1f,campaign.missionEventSystem.happenFloor,x,sat_thuong,07,1,inline,,"math_max: var ratio = (sight.TryGetValue(plan.To, out var to) ? to : 1f) / MathF.Max(0.1f, sight.TryGetValue(from, out var was) ? was : 1f);"
Sim/Modes/MissionEvents.Kinds.cs,838,0.5f,campaign.missionEventSystem.happenWeatherSightMin,x,sat_thuong,07,1,inline,,"math_clamp: plan.Target = Math.Clamp(world.WeatherSight * ratio, 0.5f, 1.3f);"
Sim/Modes/MissionEvents.Kinds.cs,838,1.3f,campaign.missionEventSystem.happenWeatherSightMax,x,sat_thuong,07,1,inline,,"math_clamp: plan.Target = Math.Clamp(world.WeatherSight * ratio, 0.5f, 1.3f);"
Sim/Modes/MissionEvents.Kinds.cs,860,5,campaign.missionEventSystem.fieldGeneralTriesMax,m,ban_kinh,07,1,inline,,"compare: if (!Spawns!.TryPlace(world, plan.Point, Rules.NearSight, Player, out var at) && s.Tries < 5) return Outcome.Retry;"
Sim/Modes/MissionEvents.Kinds.cs,874,2,campaign.missionEventSystem.fieldGeneralKMod,x,khac,07,1,inline,,modulo: var spot = world.ClampToMap(at + across * ((k % 2 == 0 ? 1f : -1f) * (6f + 4f * (k / 2))) - plan.Point.Inward * 4f);
Sim/Modes/MissionEvents.Kinds.cs,874,6f,campaign.missionEventSystem.fieldGeneralKAdd,x,khac,07,1,inline,,add: var spot = world.ClampToMap(at + across * ((k % 2 == 0 ? 1f : -1f) * (6f + 4f * (k / 2))) - plan.Point.Inward * 4f);
Sim/Modes/MissionEvents.Kinds.cs,874,4f,campaign.missionEventSystem.fieldGeneralKScale,x,khac,07,1,inline,,multiply: var spot = world.ClampToMap(at + across * ((k % 2 == 0 ? 1f : -1f) * (6f + 4f * (k / 2))) - plan.Point.Inward * 4f);
Sim/Modes/MissionEvents.Kinds.cs,874,2,campaign.missionEventSystem.fieldGeneralKDivisor,x,khac,07,2,inline,,divide: var spot = world.ClampToMap(at + across * ((k % 2 == 0 ? 1f : -1f) * (6f + 4f * (k / 2))) - plan.Point.Inward * 4f);
Sim/Modes/MissionEvents.Kinds.cs,874,4f,campaign.missionEventSystem.fieldGeneralInwardScale,x,khac,07,2,inline,,multiply: var spot = world.ClampToMap(at + across * ((k % 2 == 0 ? 1f : -1f) * (6f + 4f * (k / 2))) - plan.Point.Inward * 4f);
Sim/Modes/MissionEvents.Kinds.cs,888,3,campaign.missionEventSystem.startConvoyFallback,count,gioi_han_thuc_the,07,1,inline,,"arg:MissionEventDef.Whole: var count = Math.Max(1, e.Whole(""count"", 3));"
Sim/Modes/MissionEvents.Kinds.cs,897,5,campaign.missionEventSystem.startConvoyTriesMax,x,nguong,07,1,inline,,"compare: if (Seen(world, plan.From) && s.Tries < 5) return Outcome.Retry;"
Sim/Modes/MissionEvents.Kinds.cs,905,3,campaign.missionEventSystem.startConvoyKMod,x,khac,07,1,inline,,"modulo: var v = world.SpawnVehicle(id, Player, world.ClampToMap(plan.From + new Vector2((k % 3 - 1) * 5f, (k / 3) * 5f)), 0f);"
Sim/Modes/MissionEvents.Kinds.cs,905,5f,campaign.missionEventSystem.startConvoyKScale,x,khac,07,1,inline,,"multiply: var v = world.SpawnVehicle(id, Player, world.ClampToMap(plan.From + new Vector2((k % 3 - 1) * 5f, (k / 3) * 5f)), 0f);"
Sim/Modes/MissionEvents.Kinds.cs,905,3,campaign.missionEventSystem.startConvoyKDivisor,x,khac,07,2,inline,,"divide: var v = world.SpawnVehicle(id, Player, world.ClampToMap(plan.From + new Vector2((k % 3 - 1) * 5f, (k / 3) * 5f)), 0f);"
Sim/Modes/MissionEvents.Kinds.cs,905,5f,campaign.missionEventSystem.startConvoyKScale,x,khac,07,2,inline,,"multiply: var v = world.SpawnVehicle(id, Player, world.ClampToMap(plan.From + new Vector2((k % 3 - 1) * 5f, (k / 3) * 5f)), 0f);"
Sim/Modes/MissionEvents.Kinds.cs,910,4f,campaign.missionEventSystem.startConvoyFallback2,count,gioi_han_thuc_the,07,1,inline,,"arg:MissionEventSystem.WaveSize: var size = Math.Min(WaveSize(e, 4f), Room(world, Enemy));"
Sim/Modes/MissionEvents.Kinds.cs,916,0.5f,campaign.missionEventSystem.startConvoyCountScale,count,gioi_han_thuc_the,07,1,inline,,multiply: var angle = (k - (besiegers.Count - 1) * 0.5f) * 0.45f;
Sim/Modes/MissionEvents.Kinds.cs,916,0.45f,campaign.missionEventSystem.startConvoyKScale2,count,gioi_han_thuc_the,07,1,inline,,multiply: var angle = (k - (besiegers.Count - 1) * 0.5f) * 0.45f;
Sim/Modes/MissionEvents.Kinds.cs,918,24f,campaign.missionEventSystem.startConvoyOffScale,count,gioi_han_thuc_the,07,1,inline,,"multiply: var v = world.SpawnVehicle(world.Economy.ForWave(Enemy, besiegers[k]), Enemy, world.ClampToMap(plan.From + off * 24f), SimMath.HeadingOf(-off));"
Sim/Modes/MissionEvents.Kinds.cs,931,5,campaign.missionEventSystem.startConvoyTriesMax,x,nguong,07,1,inline,,"compare: if (team != Player && Seen(world, plan.From) && s.Tries < 5) return Outcome.Retry;"
Sim/Modes/MissionEvents.Kinds.cs,934,9f,campaign.missionEventSystem.startConvoyKScale3,x,khac,07,1,inline,,"multiply: var v = world.SpawnVehicle(Truck, team, world.ClampToMap(plan.From - dir * (k * 9f)), SimMath.HeadingOf(dir));"
Sim/Modes/MissionEvents.Kinds.cs,1005,0.1,campaign.missionEventSystem.updateSecondsFloor,s,thoi_gian,07,1,inline,,"math_max: var t = (float)Math.Clamp((world.Time - s.StartAt) / Math.Max(0.1, plan.Seconds), 0.0, 1.0);"
Sim/Modes/MissionEvents.Kinds.cs,1045,2,campaign.missionEventSystem.counterBatteryFallback,count,thoi_gian,07,1,inline,,"arg:MissionEventDef.Whole: for (var k = 0; k < Math.Max(1, e.Whole(""salvos"", 2)); k++) _strikes.Add((world.Time + k * 1.2, support, Enemy, plan.At, plan.At + Vector2.UnitX));"
Sim/Modes/MissionEvents.Kinds.cs,1045,1.2,campaign.missionEventSystem.counterBatteryKScale,count,thoi_gian,07,1,inline,,"multiply: for (var k = 0; k < Math.Max(1, e.Whole(""salvos"", 2)); k++) _strikes.Add((world.Time + k * 1.2, support, Enemy, plan.At, plan.At + Vector2.UnitX));"
Sim/Modes/MissionEvents.Kinds.cs,1050,10,campaign.missionEventSystem.counterBatteryTickMod,ticks,thoi_gian,07,1,inline,,modulo: if (world.Time < plan.NextAllowed || world.Tick % 10 != 0) return;
Sim/Modes/MissionEvents.Kinds.cs,1055,3.0,campaign.missionEventSystem.counterBatteryTimeMin,s,thoi_gian,07,1,inline,,compare: if (world.Time - v.StillSince < still || world.Time - v.LastFiredAt > 3.0) continue;
Sim/Modes/MissionEvents.Kinds.cs,1085,8.0,campaign.missionEventSystem.watchGeneralTimeAdd,s,thoi_gian,07,1,inline,,add: alive.ExpiresAt = world.Time + 8.0;
Sim/Modes/MissionEvents.Kinds.cs,1091,8f,campaign.missionEventSystem.watchGeneralSeconds,s,thoi_gian,07,1,inline,,"arg:MissionEventSystem.Notice: Notice(world, s, ""retreat"", 8f, alive.Id);"
Sim/Modes/MissionEvents.Kinds.cs,1122,0.1,campaign.missionEventSystem.watchConvoyNowAdd,s,thoi_gian,07,1,inline,,"add: if (world.TryGetVehicle(id, out var v) && v.IsAlive) v.ExpiresAt = now + 0.1;"
Sim/Modes/MissionEvents.Kinds.cs,1134,8f,campaign.missionEventSystem.watchConvoyDistanceMin,m,ban_kinh,07,1,inline,,"compare: if (Vector2.Distance(truck.Position, plan.To) > 8f)"
Sim/Modes/MissionEvents.Kinds.cs,1159,8,campaign.missionEventSystem.watchConvoyFallback,x,khac,07,1,inline,,"arg:MissionEventDef.Whole: var cp = s.Def.Whole(""cp"", 8);"
Sim/Modes/MissionEvents.Kinds.cs,1220,6f,campaign.missionEventSystem.watchCratesHullRadiusAdd,m,ban_kinh,07,1,inline,,"add: if (!v.IsAlive || v.Flying || v.Team is < 0 or > 1 || Vector2.Distance(v.Position, crate.Position) > 6f + v.Def.HullRadius) continue;"
Sim/Modes/MissionEvents.Kinds.cs,1226,2f,campaign.missionEventSystem.watchCratesDtDivisor,x,tan_suat,07,1,inline,,"divide: crate.Claim = MathF.Max(0f, crate.Claim - dt / 2f);"
Sim/Modes/MissionEvents.Kinds.cs,1231,2f,campaign.missionEventSystem.watchCratesDtDivisor,x,tan_suat,07,1,inline,,divide: crate.Claim += dt / 2f;
Sim/Modes/MissionEvents.Kinds.cs,1241,25f,campaign.missionEventSystem.watchCratesDistanceMax,m,ban_kinh,07,1,inline,,"compare: if (v.IsAlive && v.Team == holder && !v.Def.Boss && Vector2.Distance(v.Position, crate.Position) < 25f)"
Sim/Modes/MissionEvents.Kinds.cs,1247,12,campaign.missionEventSystem.watchCratesFallback,x,tan_suat,07,1,inline,,"arg:MissionEventDef.Whole: else if (world.TryGetEconomy(holder, out var economy)) economy.Cp = MathF.Min(economy.Bank, economy.Cp + s.Def.Whole(""cp"", 12));"
Sim/Modes/MissionEvents.Kinds.cs,1281,4f,campaign.missionEventSystem.stepRodsPen,x,sat_thuong,07,1,inline,,"arg:HitInfo.WithPen: info: new HitInfo(null, Enemy, null, r.at, HitKind.Direct, true).WithPen(4f, true));"
Sim/Modes/MissionEvents.Kinds.cs,1292,5,campaign.missionEventSystem.startCeasefireTriesMax,m,ban_kinh,07,1,inline,,"compare: if (!Spawns!.TryPlace(world, plan.Point, Rules.NearSight, Player, out var at) && s.Tries < 5) return Outcome.Retry;"
Sim/Modes/MissionEvents.Kinds.cs,1297,3,campaign.missionEventSystem.startCeasefireKMod,x,khac,07,1,inline,,modulo: var spot = world.ClampToMap(at + across * ((k % 3) - 1f) * 7f - plan.Point.Inward * (k / 3) * 7f);
Sim/Modes/MissionEvents.Kinds.cs,1297,7f,campaign.missionEventSystem.startCeasefireAcrossScale,x,khac,07,1,inline,,multiply: var spot = world.ClampToMap(at + across * ((k % 3) - 1f) * 7f - plan.Point.Inward * (k / 3) * 7f);
Sim/Modes/MissionEvents.Kinds.cs,1297,3,campaign.missionEventSystem.startCeasefireKDivisor,x,khac,07,2,inline,,divide: var spot = world.ClampToMap(at + across * ((k % 3) - 1f) * 7f - plan.Point.Inward * (k / 3) * 7f);
Sim/Modes/MissionEvents.Kinds.cs,1297,7f,campaign.missionEventSystem.startCeasefireInwardScale,x,khac,07,2,inline,,multiply: var spot = world.ClampToMap(at + across * ((k % 3) - 1f) * 7f - plan.Point.Inward * (k / 3) * 7f);
Sim/Modes/MissionEvents.Kinds.cs,1360,20,campaign.missionEventSystem.payEnemyFallback,x,nguong,07,1,inline,,"arg:MissionEventDef.Whole: if (world.TryGetEconomy(Enemy, out var foe)) foe.Cp = MathF.Min(foe.Bank, foe.Cp + s.Def.Whole(""enemyCp"", 20));"
Sim/Modes/MissionEvents.P31.cs,44,0.6f,campaign.stormPlan.inside,s,thoi_gian,07,1,inline,,"field_init: public float Inside = 0.6f, Outside = 1f, Seconds = 25f, Hold = 150f;"
Sim/Modes/MissionEvents.P31.cs,44,25f,campaign.stormPlan.seconds,s,thoi_gian,07,1,inline,,"field_init: public float Inside = 0.6f, Outside = 1f, Seconds = 25f, Hold = 150f;"
Sim/Modes/MissionEvents.P31.cs,44,150f,campaign.stormPlan.hold,s,thoi_gian,07,1,inline,,"field_init: public float Inside = 0.6f, Outside = 1f, Seconds = 25f, Hold = 150f;"
Sim/Modes/MissionEvents.P31.cs,52,90f,campaign.powerPlan.outage,x,khac,07,1,inline,,field_init: public float Outage = 90f;
Sim/Modes/MissionEvents.P31.cs,66,30f,campaign.icePlan.radius,m,thoi_gian,07,1,inline,,"field_init: public float Radius = 30f, Seconds = 10f, Slow = 0.4f, SlowFor = 8f;"
Sim/Modes/MissionEvents.P31.cs,66,10f,campaign.icePlan.seconds,s,thoi_gian,07,1,inline,,"field_init: public float Radius = 30f, Seconds = 10f, Slow = 0.4f, SlowFor = 8f;"
Sim/Modes/MissionEvents.P31.cs,66,0.4f,campaign.icePlan.slow,s,thoi_gian,07,1,inline,,"field_init: public float Radius = 30f, Seconds = 10f, Slow = 0.4f, SlowFor = 8f;"
Sim/Modes/MissionEvents.P31.cs,66,8f,campaign.icePlan.slowFor,s,thoi_gian,07,1,inline,,"field_init: public float Radius = 30f, Seconds = 10f, Slow = 0.4f, SlowFor = 8f;"
Sim/Modes/MissionEvents.P31.cs,84,30f,campaign.firePlan.every,x,tan_suat,07,1,inline,,"field_init: public float Every = 30f, Dps = 40f, Burn = 6f;"
Sim/Modes/MissionEvents.P31.cs,84,40f,campaign.firePlan.dps,x,tan_suat,07,1,inline,,"field_init: public float Every = 30f, Dps = 40f, Burn = 6f;"
Sim/Modes/MissionEvents.P31.cs,84,6f,campaign.firePlan.burn,x,tan_suat,07,1,inline,,"field_init: public float Every = 30f, Dps = 40f, Burn = 6f;"
Sim/Modes/MissionEvents.P31.cs,107,8f,campaign.missionEventSystem.propDownScale,x,khac,07,1,inline,,multiply: var best = 8f * 8f;
Sim/Modes/MissionEvents.P31.cs,107,8f,campaign.missionEventSystem.propDownScale,x,khac,07,2,inline,,multiply: var best = 8f * 8f;
Sim/Modes/MissionEvents.P31.cs,139,0.5f,campaign.missionEventSystem.prepareP31MaxScale,count,ban_kinh,07,1,inline,,"multiply: foreach (var b in to.Blocks) s.Marks.Add((b.Center, MathF.Max(b.Width, b.Depth) * 0.5f + 6f));"
Sim/Modes/MissionEvents.P31.cs,139,6f,campaign.missionEventSystem.prepareP31MaxAdd,count,ban_kinh,07,1,inline,,"add: foreach (var b in to.Blocks) s.Marks.Add((b.Center, MathF.Max(b.Width, b.Depth) * 0.5f + 6f));"
Sim/Modes/MissionEvents.P31.cs,145,0.5f,campaign.missionEventSystem.prepareP31MaxScale,count,ban_kinh,07,1,inline,,"multiply: if (!kept) s.Marks.Add((b.Center, MathF.Max(b.Width, b.Depth) * 0.5f + 6f));"
Sim/Modes/MissionEvents.P31.cs,145,6f,campaign.missionEventSystem.prepareP31MaxAdd,count,ban_kinh,07,1,inline,,"add: if (!kept) s.Marks.Add((b.Center, MathF.Max(b.Width, b.Depth) * 0.5f + 6f));"
Sim/Modes/MissionEvents.P31.cs,159,20f,campaign.missionEventSystem.prepareP31NumberMin,s,thoi_gian,07,1,inline,,"math_clamp: Seconds = Math.Clamp(e.Number(""seconds"", 25f), 20f, 30f),"
Sim/Modes/MissionEvents.P31.cs,159,30f,campaign.missionEventSystem.prepareP31NumberMax,s,thoi_gian,07,1,inline,,"math_clamp: Seconds = Math.Clamp(e.Number(""seconds"", 25f), 20f, 30f),"
Sim/Modes/MissionEvents.P31.cs,162,0.5f,campaign.missionEventSystem.prepareP31HalfSizeScale,x,khac,07,1,inline,,multiply: var quarter = world.Map.HalfSize * 0.5f;
Sim/Modes/MissionEvents.P31.cs,164,1.2f,campaign.missionEventSystem.prepareP31KScale,x,khac,07,1,inline,,"multiply: for (var k = -1; k <= 1; k++) s.Marks.Add((plan.Origin + plan.Normal * quarter + across * (k * quarter * 1.2f), quarter * 0.6f));"
Sim/Modes/MissionEvents.P31.cs,164,0.6f,campaign.missionEventSystem.prepareP31QuarterScale,x,khac,07,1,inline,,"multiply: for (var k = -1; k <= 1; k++) s.Marks.Add((plan.Origin + plan.Normal * quarter + across * (k * quarter * 1.2f), quarter * 0.6f));"
Sim/Modes/MissionEvents.P31.cs,171,30f,campaign.missionEventSystem.prepareP31NumberFloor,x,nguong,07,1,inline,,"math_max: var plan = new PowerPlan { Outage = MathF.Max(30f, e.Number(""outage"", 90f)) };"
Sim/Modes/MissionEvents.P31.cs,172,20f,campaign.missionEventSystem.prepareP31NumberMin,s,thoi_gian,07,1,inline,,"math_clamp: plan.Weather.Seconds = Math.Clamp(e.Number(""seconds"", 25f), 20f, 30f);"
Sim/Modes/MissionEvents.P31.cs,172,30f,campaign.missionEventSystem.prepareP31NumberMax,s,thoi_gian,07,1,inline,,"math_clamp: plan.Weather.Seconds = Math.Clamp(e.Number(""seconds"", 25f), 20f, 30f);"
Sim/Modes/MissionEvents.P31.cs,180,8,campaign.missionEventSystem.prepareP31CountMax,count,gioi_han_thuc_the,07,1,inline,,"compare: if (s.Marks.Count < 8) s.Marks.Add((v.Position, 8f));"
Sim/Modes/MissionEvents.P31.cs,180,8f,campaign.missionEventSystem.prepareP31Gioi,count,gioi_han_thuc_the,07,1,inline,,"tuple: if (s.Marks.Count < 8) s.Marks.Add((v.Position, 8f));"
Sim/Modes/MissionEvents.P31.cs,194,20f,campaign.missionEventSystem.prepareP31Scale,m,ban_kinh,07,1,inline,,"multiply: if (Vector2.DistanceSquared(at, v.Position) < 20f * 20f) near = true;"
Sim/Modes/MissionEvents.P31.cs,194,20f,campaign.missionEventSystem.prepareP31Scale,m,ban_kinh,07,2,inline,,"multiply: if (Vector2.DistanceSquared(at, v.Position) < 20f * 20f) near = true;"
Sim/Modes/MissionEvents.P31.cs,195,6,campaign.missionEventSystem.prepareP31CountMax2,count,gioi_han_thuc_the,07,1,inline,,"compare: if (!near && s.Marks.Count < 6) s.Marks.Add((v.Position, 12f));"
Sim/Modes/MissionEvents.P31.cs,195,12f,campaign.missionEventSystem.prepareP31Gioi2,count,gioi_han_thuc_the,07,1,inline,,"tuple: if (!near && s.Marks.Count < 6) s.Marks.Add((v.Position, 12f));"
Sim/Modes/MissionEvents.P31.cs,206,4f,campaign.missionEventSystem.prepareP31NumberFloor2,m,ban_kinh,07,1,inline,,"math_max: Radius = MathF.Max(4f, e.Number(""radius"", 30f)),"
Sim/Modes/MissionEvents.P31.cs,208,0.05f,campaign.missionEventSystem.prepareP31NumberMin2,x,nguong,07,1,inline,,"math_clamp: Slow = Math.Clamp(e.Number(""slow"", 0.4f), 0.05f, 0.9f),"
Sim/Modes/MissionEvents.P31.cs,208,0.9f,campaign.missionEventSystem.prepareP31NumberMax2,x,nguong,07,1,inline,,"math_clamp: Slow = Math.Clamp(e.Number(""slow"", 0.4f), 0.05f, 0.9f),"
Sim/Modes/MissionEvents.P31.cs,223,12f,campaign.missionEventSystem.prepareP31NumberMin3,x,tan_suat,07,1,inline,,"math_clamp: Every = Math.Clamp(e.Number(""every"", 30f), 12f, 90f),"
Sim/Modes/MissionEvents.P31.cs,223,90f,campaign.missionEventSystem.prepareP31NumberMax3,x,tan_suat,07,1,inline,,"math_clamp: Every = Math.Clamp(e.Number(""every"", 30f), 12f, 90f),"
Sim/Modes/MissionEvents.P31.cs,228,0.01f,campaign.missionEventSystem.prepareP31LengthSquaredMin,m,ban_kinh,07,1,inline,,compare: plan.Wind = wind.LengthSquared() > 0.01f ? Vector2.Normalize(wind) : Vector2.UnitY;
Sim/Modes/MissionEvents.P31.cs,249,10f,campaign.missionEventSystem.prepareP31Value,x,khac,07,1,inline,,"tuple: s.Marks.Add((at, 10f));"
Sim/Modes/MissionEvents.P31.cs,324,0.75f,campaign.missionEventSystem.happenP31TryGetValueFalse,m,ban_kinh,07,1,inline,,"conditional: var ratio = (sight.TryGetValue(""Night"", out var to) ? to : 0.75f) / MathF.Max(0.1f, sight.TryGetValue(from, out var was) ? was : 1f);"
Sim/Modes/MissionEvents.P31.cs,324,0.1f,campaign.missionEventSystem.happenP31Floor,m,ban_kinh,07,1,inline,,"math_max: var ratio = (sight.TryGetValue(""Night"", out var to) ? to : 0.75f) / MathF.Max(0.1f, sight.TryGetValue(from, out var was) ? was : 1f);"
Sim/Modes/MissionEvents.P31.cs,326,0.5f,campaign.missionEventSystem.happenP31WeatherSightMin,m,ban_kinh,07,1,inline,,"math_clamp: plan.Weather.Target = Math.Clamp(world.WeatherSight * ratio, 0.5f, 1.3f);"
Sim/Modes/MissionEvents.P31.cs,326,1.3f,campaign.missionEventSystem.happenP31WeatherSightMax,m,ban_kinh,07,1,inline,,"math_clamp: plan.Weather.Target = Math.Clamp(world.WeatherSight * ratio, 0.5f, 1.3f);"
Sim/Modes/MissionEvents.P31.cs,348,2f,campaign.missionEventSystem.happenP31NumberFloor,x,nguong,07,1,inline,,"math_max: var fall = MathF.Max(2f, s.Def.Number(""fall"", 6f));"
Sim/Modes/MissionEvents.P31.cs,354,0.6,campaign.missionEventSystem.happenP31KScale,s,thoi_gian,07,1,inline,,"multiply: plan.Falling.Add((world.Time + fall + k * 0.6, k));"
Sim/Modes/MissionEvents.P31.cs,374,0.1,campaign.missionEventSystem.updateP31SecondsFloor,s,thoi_gian,07,1,inline,,"math_max: var t = (float)Math.Clamp((world.Time - s.StartAt) / Math.Max(0.1, plan.Seconds), 0.0, 1.0);"
Sim/Modes/MissionEvents.P31.cs,383,0.1,campaign.missionEventSystem.updateP31SecondsFloor,s,thoi_gian,07,1,inline,,"math_max: var c = (float)Math.Clamp((world.Time - plan.ClearFrom) / Math.Max(0.1, plan.Seconds), 0.0, 1.0);"
Sim/Modes/MissionEvents.P31.cs,393,0.1,campaign.missionEventSystem.updateP31SecondsFloor,s,thoi_gian,07,1,inline,,"math_max: var t = (float)Math.Clamp((world.Time - s.StartAt) / Math.Max(0.1, plan.Weather.Seconds), 0.0, 1.0);"
Sim/Modes/MissionEvents.P31.cs,440,20.0,campaign.missionEventSystem.stepIceTimeAdd,s,thoi_gian,07,1,inline,,add: plan.QuietUntil = world.Time + 20.0;
Sim/Modes/MissionEvents.P31.cs,449,0.5f,campaign.missionEventSystem.markStripMaxScale,count,ban_kinh,07,1,inline,,"multiply: foreach (var b in site.Def.States[site.Def.IndexOf(state)].Blocks) s.Marks.Add((b.Center, MathF.Max(b.Width, b.Depth) * 0.5f + 4f));"
Sim/Modes/MissionEvents.P31.cs,449,4f,campaign.missionEventSystem.markStripMaxAdd,count,ban_kinh,07,1,inline,,"add: foreach (var b in site.Def.States[site.Def.IndexOf(state)].Blocks) s.Marks.Add((b.Center, MathF.Max(b.Width, b.Depth) * 0.5f + 4f));"
Sim/Modes/MissionEvents.P31.cs,467,10.0,campaign.missionEventSystem.stepFireNextAtSub,s,thoi_gian,07,1,inline,,subtract: if (next != null && next.Blocks.Count > 0 && plan.Next > 0 && !plan.Warned && world.Time >= plan.NextAt - 10.0)
Sim/Modes/MissionEvents.P31.cs,486,0.5f,campaign.missionEventSystem.stepFireWidthScale,m,ban_kinh,07,1,inline,,multiply: var hx = b.Width * 0.5f;
Sim/Modes/MissionEvents.P31.cs,487,0.5f,campaign.missionEventSystem.stepFireDepthScale,x,tan_suat,07,1,inline,,multiply: var hz = b.Depth * 0.5f;
Sim/Modes/MissionEvents.P31.cs,488,4f,campaign.missionEventSystem.stepFireHxAdd,x,khac,07,1,inline,,add: for (var x = -hx + 4f; x <= hx; x += 8f)
Sim/Modes/MissionEvents.P31.cs,488,8f,campaign.missionEventSystem.stepFireX,x,khac,07,1,inline,,compound_assign: for (var x = -hx + 4f; x <= hx; x += 8f)
Sim/Modes/MissionEvents.P31.cs,489,4f,campaign.missionEventSystem.stepFireHzAdd,x,tan_suat,07,1,inline,,add: for (var z = -hz + 4f; z <= hz; z += 8f)
Sim/Modes/MissionEvents.P31.cs,489,8f,campaign.missionEventSystem.stepFireZ,x,tan_suat,07,1,inline,,compound_assign: for (var z = -hz + 4f; z <= hz; z += 8f)
Sim/Modes/MissionEvents.P31.cs,490,1.2f,campaign.missionEventSystem.stepFireEveryScale,x,tan_suat,07,1,inline,,"multiply: world.Emit(SimEvent.GroundFire(b.Center + new Vector2(x, z), plan.Every * 1.2f, 5f));"
Sim/Modes/MissionEvents.P31.cs,490,5f,campaign.missionEventSystem.stepFireRadius,m,ban_kinh,07,1,inline,,"arg:SimEvent.GroundFire: world.Emit(SimEvent.GroundFire(b.Center + new Vector2(x, z), plan.Every * 1.2f, 5f));"
Sim/Modes/MissionEvents.P31.cs,491,0.25f,campaign.missionEventSystem.stepFireMaxScale,count,ban_kinh,07,1,inline,,"multiply: var across = new Vector2(-plan.Wind.Y, plan.Wind.X) * (MathF.Max(b.Width, b.Depth) * 0.25f);"
Sim/Modes/MissionEvents.P31.cs,492,0.5f,campaign.missionEventSystem.stepFireMinScale,m,ban_kinh,07,1,inline,,"multiply: var downwind = b.Center + plan.Wind * (MathF.Min(b.Width, b.Depth) * 0.5f + 8f);"
Sim/Modes/MissionEvents.P31.cs,492,8f,campaign.missionEventSystem.stepFireMinAdd,m,ban_kinh,07,1,inline,,"add: var downwind = b.Center + plan.Wind * (MathF.Min(b.Width, b.Depth) * 0.5f + 8f);"
Sim/Modes/MissionEvents.P31.cs,493,6f,campaign.missionEventSystem.stepFireMaxFloor,count,ban_kinh,07,1,inline,,"math_max: var cloud = MathF.Max(6f, MathF.Max(b.Width, b.Depth) * 0.25f);"
Sim/Modes/MissionEvents.P31.cs,493,0.25f,campaign.missionEventSystem.stepFireMaxScale,count,ban_kinh,07,1,inline,,"multiply: var cloud = MathF.Max(6f, MathF.Max(b.Width, b.Depth) * 0.25f);"
Sim/Modes/MissionEvents.P31.cs,494,1.5f,campaign.missionEventSystem.stepFireEveryScale2,x,tan_suat,07,1,inline,,"multiply: world.Strikes.AddSmoke(Teams.Environment, downwind + across, cloud, plan.Every * 1.5f);"
Sim/Modes/MissionEvents.P31.cs,495,1.5f,campaign.missionEventSystem.stepFireEveryScale2,x,tan_suat,07,1,inline,,"multiply: world.Strikes.AddSmoke(Teams.Environment, downwind - across, cloud, plan.Every * 1.5f);"
Sim/Modes/MissionEvents.P31.cs,500,2f,campaign.missionEventSystem.stepFireHxAdd2,x,tan_suat,07,1,inline,,add: if (MathF.Abs(d.X) > hx + 2f || MathF.Abs(d.Y) > hz + 2f) continue;
Sim/Modes/MissionEvents.P31.cs,500,2f,campaign.missionEventSystem.stepFireHzAdd2,x,tan_suat,07,2,inline,,add: if (MathF.Abs(d.X) > hx + 2f || MathF.Abs(d.Y) > hz + 2f) continue;
Sim/Modes/MissionEvents.cs,135,7349,campaign.missionEventSystem.ctorSeedScale,share,xac_suat,07,1,inline,,multiply: _random = new Random(unchecked(world.Seed * 7349 + Stable(host.Def.Id) + events.Count * 31));
Sim/Modes/MissionEvents.cs,135,31,campaign.missionEventSystem.ctorCountScale,count,xac_suat,07,1,inline,,multiply: _random = new Random(unchecked(world.Seed * 7349 + Stable(host.Def.Id) + events.Count * 31));
Sim/Modes/MissionEvents.cs,242,0.01f,campaign.missionEventSystem.beginLeadMin,x,nguong,07,1,inline,,compare: if (lead > 0.01f)
Sim/Modes/MissionEvents.cs,260,8f,campaign.missionEventSystem.leadLeadMin,x,nguong,07,1,inline,,"math_clamp: if (ChangesGround(s.Def.Kind)) return Math.Clamp(s.Def.Lead ?? table, 8f, 12f);"
Sim/Modes/MissionEvents.cs,260,12f,campaign.missionEventSystem.leadLeadMax,x,nguong,07,1,inline,,"math_clamp: if (ChangesGround(s.Def.Kind)) return Math.Clamp(s.Def.Lead ?? table, 8f, 12f);"
Sim/Modes/MissionEvents.cs,266,6f,campaign.missionEventSystem.leadTableCap,count,tran,07,1,inline,,"math_min: MissionEventKind.AirRaid => MathF.Min(table, 6f),"
Sim/Modes/MissionEvents.cs,277,3.0,campaign.missionEventSystem.startTimeAdd,s,thoi_gian,07,1,inline,,add: s.NextTry = world.Time + 3.0;
Sim/Modes/MissionEvents.cs,321,30f,campaign.missionEventSystem.payDistanceMax,m,ban_kinh,07,1,inline,,"compare: if (v.IsAlive && v.Team == MissionMode.PlayerTeam && !v.Def.Boss && Vector2.Distance(v.Position, s.Where) < 30f)"
Sim/Modes/MissionEvents.cs,479,0.1f,campaign.missionEventSystem.strengthCombatValueFloor,x,nguong,07,1,inline,,"math_max: public static float Strength(VehicleDef def) => MathF.Max(1f, def.ArmyCost > 0 ? def.ArmyCost : def.CpCost) * MathF.Max(0.1f, def.CombatValue);"
Sim/Modes/MissionEvents.cs,501,14f,campaign.missionEventSystem.groupScale,m,ban_kinh,07,1,inline,,"multiply: if (b.IsAlive && b.Team == team && !b.Flying && !b.Def.Static && Vector2.DistanceSquared(a.Position, b.Position) < 14f * 14f)"
Sim/Modes/MissionEvents.cs,501,14f,campaign.missionEventSystem.groupScale,m,ban_kinh,07,2,inline,,"multiply: if (b.IsAlive && b.Team == team && !b.Flying && !b.Def.Static && Vector2.DistanceSquared(a.Position, b.Position) < 14f * 14f)"
Sim/Modes/MissionEvents.cs,568,2166136261,campaign.missionEventSystem.stableH,x,khac,07,1,inline,,local_init: var h = (int)2166136261;
Sim/Modes/MissionEvents.cs,569,16777619,campaign.missionEventSystem.stableHScale,m,ban_kinh,07,1,inline,,multiply: foreach (var c in text) h = (h ^ c) * 16777619;
Sim/Modes/MissionEvents.cs,622,4,campaign.missionEventSystem.deliverIMod,x,khac,07,1,inline,,"modulo: var spot = drives ? GateSpot(world, at, inward, i) : world.ClampToMap(at + across * ((i % 4) - 1.5f) * 5f - inward * (i / 4) * 6f);"
Sim/Modes/MissionEvents.cs,622,1.5f,campaign.missionEventSystem.deliverISub,x,khac,07,1,inline,,"subtract: var spot = drives ? GateSpot(world, at, inward, i) : world.ClampToMap(at + across * ((i % 4) - 1.5f) * 5f - inward * (i / 4) * 6f);"
Sim/Modes/MissionEvents.cs,622,5f,campaign.missionEventSystem.deliverAcrossScale,x,khac,07,1,inline,,"multiply: var spot = drives ? GateSpot(world, at, inward, i) : world.ClampToMap(at + across * ((i % 4) - 1.5f) * 5f - inward * (i / 4) * 6f);"
Sim/Modes/MissionEvents.cs,622,6f,campaign.missionEventSystem.deliverInwardScale,x,khac,07,1,inline,,"multiply: var spot = drives ? GateSpot(world, at, inward, i) : world.ClampToMap(at + across * ((i % 4) - 1.5f) * 5f - inward * (i / 4) * 6f);"
Sim/Modes/MissionEvents.cs,622,4,campaign.missionEventSystem.deliverIDivisor,x,khac,07,2,inline,,"divide: var spot = drives ? GateSpot(world, at, inward, i) : world.ClampToMap(at + across * ((i % 4) - 1.5f) * 5f - inward * (i / 4) * 6f);"
Sim/Modes/MissionEvents.cs,625,4,campaign.missionEventSystem.deliverIMod,x,khac,07,1,inline,,modulo: if (def.Flying && from is { } edge && kind is SpawnKind.Landing or SpawnKind.Air) spot = world.ClampToMap(edge + across * ((i % 4) - 1.5f) * 6f);
Sim/Modes/MissionEvents.cs,625,1.5f,campaign.missionEventSystem.deliverISub,x,khac,07,1,inline,,subtract: if (def.Flying && from is { } edge && kind is SpawnKind.Landing or SpawnKind.Air) spot = world.ClampToMap(edge + across * ((i % 4) - 1.5f) * 6f);
Sim/Modes/MissionEvents.cs,625,6f,campaign.missionEventSystem.deliverAcrossScale2,x,khac,07,1,inline,,multiply: if (def.Flying && from is { } edge && kind is SpawnKind.Landing or SpawnKind.Air) spot = world.ClampToMap(edge + across * ((i % 4) - 1.5f) * 6f);
Sim/Modes/MissionEvents.cs,628,6f,campaign.missionEventSystem.deliverSeconds,s,thoi_gian,07,1,inline,,"arg:SimEvent.StrikeWarning: if (world.Catalog.TryGetSupport(""pod_drop"", out var pod)) world.Emit(SimEvent.StrikeWarning(team, pod, spot, spot, 6f));"
Sim/Modes/MissionEvents.cs,629,6.0,campaign.missionEventSystem.deliverTimeAdd,s,thoi_gian,07,1,inline,,"add: _drops.Add((world.Time + 6.0, units[i], team, spot, inward, s.Index, ally));"
Sim/Modes/MissionEvents.cs,636,4,campaign.missionEventSystem.deliverIMin,count,gioi_han_thuc_the,07,1,inline,,"compare: else if (drives && !def.Flying && i >= 4) Enter(world, s, units[i], team, spot, inward, ally, i / 4);"
Sim/Modes/MissionEvents.cs,636,4,campaign.missionEventSystem.deliverIDivisor,count,gioi_han_thuc_the,07,2,inline,,"divide: else if (drives && !def.Flying && i >= 4) Enter(world, s, units[i], team, spot, inward, ally, i / 4);"
Sim/Modes/MissionMode.cs,64,12.0,campaign.missionMode.bossStall,x,khac,07,1,const_to_property,,const_field: private const double BossStall = 12.0;
Sim/Modes/MissionMode.cs,373,1e-3f,campaign.missionMode.setupStageAbsMin,x,sat_thuong,07,1,inline,,compare: if (MathF.Abs(health - 1f) > 1e-3f && health > 0f)
Sim/Modes/MissionMode.cs,457,0.25f,campaign.missionMode.tickHeldScale,ticks,thoi_gian,07,1,inline,,"multiply: if (world.TryGetEconomy(PlayerTeam, out var e0)) e0.Bonus = 0.25f * PointCapture.Held(_points, PlayerTeam);"
Sim/Modes/MissionMode.cs,459,20,campaign.missionMode.tickTickMod,ticks,thoi_gian,07,1,inline,,modulo: if (world.Tick % 20 == 0) CallReinforcements(world);
Sim/Modes/MissionMode.cs,560,25.0,campaign.missionMode.lostTimeMin,s,thoi_gian,07,1,inline,,compare: if (_heldByEnemySince >= 0 && world.Time - _heldByEnemySince > 25.0) return true;
Sim/Modes/MissionMode.cs,586,5.0,campaign.missionMode.lostNowMin,s,thoi_gian,07,1,inline,,"compare: var wiped = world.TryGetEconomy(PlayerTeam, out var economy) && economy.ArmyCp == 0 && Now(world) > 5.0;"
Sim/Modes/MissionMode.cs,588,12.0,campaign.missionMode.lostTimeMin2,s,thoi_gian,07,1,inline,,compare: return _wipedSince >= 0 && world.Time - _wipedSince > 12.0;
Sim/Modes/MissionMode.cs,612,3,campaign.missionMode.spawnWavesWaveScale,count,gioi_han_thuc_the,07,1,inline,,"multiply: var def = world.Economy.ForWave(EnemyTeam, waves.Roster[(_wave * 3 + i) % waves.Roster.Count]);"
Sim/Modes/MissionMode.cs,614,8f,campaign.missionMode.spawnWavesScale,count,gioi_han_thuc_the,07,1,inline,,"multiply: var at = world.ClampToMap(origin + new Vector2(MathF.Cos(angle), MathF.Sin(angle)) * 8f);"
Sim/Modes/MissionMode.cs,615,225f,campaign.missionMode.spawnWavesDegrees,count,gioi_han_thuc_the,07,1,inline,,"arg:SimMath.DegToRad: world.SpawnVehicle(def, EnemyTeam, at, SimMath.DegToRad(225f));"
Sim/Modes/MissionMode.cs,631,0.3f,campaign.missionMode.callReinforcementsReinforcedAdd,x,khac,07,1,inline,,add: var pressed = Progress(world) >= 0.3f + 0.25f * _reinforced;
Sim/Modes/MissionMode.cs,631,0.25f,campaign.missionMode.callReinforcementsReinforcedScale,x,khac,07,1,inline,,multiply: var pressed = Progress(world) >= 0.3f + 0.25f * _reinforced;
Sim/Modes/MissionMode.cs,636,8,campaign.missionMode.callReinforcementsReinforceSizeCap,count,tran,07,1,inline,,"math_min: var count = Math.Min(8, _def.ReinforceSize + _reinforced);"
Sim/Modes/MissionMode.cs,637,0.25f,campaign.missionMode.callReinforcementsPlayerAirShareMin,share,nguong,07,1,inline,,compare: var answerAir = PlayerAirShare(world) > 0.25f;
Sim/Modes/MissionMode.cs,640,5,campaign.missionMode.callReinforcementsReinforcedScale2,count,gioi_han_thuc_the,07,1,inline,,multiply: var id = roster[(_reinforced * 5 + i * 3) % roster.Count];
Sim/Modes/MissionMode.cs,640,3,campaign.missionMode.callReinforcementsIScale,count,gioi_han_thuc_the,07,1,inline,,multiply: var id = roster[(_reinforced * 5 + i * 3) % roster.Count];
Sim/Modes/MissionMode.cs,703,1e-3f,campaign.missionMode.driveConvoyAbsMin,x,sat_thuong,07,1,inline,,compare: if (MathF.Abs(convoy.Health - 1f) > 1e-3f && convoy.Health > 0f)
Sim/Modes/MissionMode.cs,866,0.5f,campaign.missionMode.scoutDtScale,s,thoi_gian,07,1,inline,,"multiply: seconds = there ? seconds + dt : MathF.Max(0f, seconds - dt * 0.5f);"
Sim/Modes/MissionMode.cs,946,0.5f,campaign.missionMode.checkFleeOutwardScale,x,khac,07,1,inline,,"multiply: world.Submit(new Command(CommandType.Move, v.Team, new[] { v.Id }, world.ClampToMap(away + outward * world.Map.Size * 0.5f)));"
Sim/Modes/MissionMode.cs,1026,8f,campaign.missionMode.convoyFrontNormalizeScale,m,ban_kinh,07,1,inline,,multiply: return ahead.LengthSquared() > 1f ? truck.Position + Vector2.Normalize(ahead) * 8f : truck.Position;
Sim/Modes/ModeSupport.cs,55,3f,modes.pointCapture.tickCaptureSecondsScale,ticks,thoi_gian,05,1,inline,,"multiply: point.Progress = SimMath.MoveTowards(point.Progress, rest, dt / (captureSeconds * 3f));"
Sim/Modes/ModeSupport.cs,125,10f,modes.baseDefences.buildTowardScale,x,khac,05,1,inline,,"multiply: var bastion = world.SpawnVehicle(Bastion, team, rally + toward * 10f + side * (18f * s), SimMath.HeadingOf(toward));"
Sim/Modes/ModeSupport.cs,125,18f,modes.baseDefences.buildSScale,x,khac,05,1,inline,,"multiply: var bastion = world.SpawnVehicle(Bastion, team, rally + toward * 10f + side * (18f * s), SimMath.HeadingOf(toward));"
Sim/Modes/ModeSupport.cs,216,36f,modes.outposts.tickNeutralDistanceSquaredMax,ticks,thoi_gian,05,1,inline,,"compare: if (v.IsAlive && !v.Flying && Vector2.DistanceSquared(v.Position, site.Spot) < 36f) return;"
Sim/Modes/ModeSupport.cs,227,1e7f,modes.outposts.tickHolderAmount,ticks,sat_thuong,05,1,inline,,"arg:DamageSystem.Apply: world.Damage.Apply(tower!, 1e7f, DamageType.HighExplosive);"
Sim/Modes/ModeSupport.cs,281,3f,modes.outposts.spotForRadiusAdd,m,ban_kinh,05,1,inline,,add: var reach = point.Def.Radius + 3f;
Sim/Modes/ModeSupport.cs,283,3,modes.outposts.spotForRingMax,x,nguong,05,1,inline,,compare: for (var ring = 0; ring < 3; ring++)
Sim/Modes/ModeSupport.cs,284,16,modes.outposts.spotForIMax,x,nguong,05,1,inline,,compare: for (var i = 0; i < 16; i++)
Sim/Modes/ModeSupport.cs,287,2,modes.outposts.spotForIMod,x,khac,05,2,inline,,modulo: var step = (i + 1) / 2 * (i % 2 == 0 ? 1 : -1);
Sim/Modes/ModeSupport.cs,288,4,modes.outposts.spotForIMod2,x,khac,05,1,inline,,modulo: var angle = start + (i % 4 < 2 ? 0f : MathF.PI) + step * (MathF.PI / 8f);
Sim/Modes/ModeSupport.cs,288,2,modes.outposts.spotForIMax2,x,nguong,05,1,inline,,compare: var angle = start + (i % 4 < 2 ? 0f : MathF.PI) + step * (MathF.PI / 8f);
Sim/Modes/ModeSupport.cs,288,8f,modes.outposts.spotForPIDivisor,x,khac,05,1,inline,,divide: var angle = start + (i % 4 < 2 ? 0f : MathF.PI) + step * (MathF.PI / 8f);
Sim/Modes/ModeSupport.cs,289,3f,modes.outposts.spotForRingScale,m,ban_kinh,05,1,inline,,"multiply: var at = centre + new Vector2(MathF.Cos(angle), MathF.Sin(angle)) * (reach + ring * 3f);"
Sim/Modes/ModeSupport.cs,290,3f,modes.outposts.spotForRoom,x,sat_thuong,05,1,inline,,"arg:Outposts.Open: if (Open(world, at, 3f)) return at;"
Sim/Modes/ModeSupport.cs,389,14f,modes.sideSetup.startCp,CP,khac,05,1,inline,,property_init: public float StartCp { get; set; } = 14f;
Sim/Modes/ModeSupport.cs,398,30f,modes.sideSetup.bank,x,khac,05,1,inline,,property_init: public float Bank { get; set; } = 30f;
Sim/Modes/Neutrals.cs,84,81f,modes.neutralSystem.readyDMax,x,nguong,05,1,inline,,compare: if (building != null && p.Def.Id == building && d < 81f && d < best)
Sim/Modes/Neutrals.cs,126,45f,modes.neutralSystem.stepFallback,s,thoi_gian,05,1,inline,,"arg:NeutralSystem.N: _world.Strikes.AddScan(s.Team, s.Def.At, N(""radar.radius"", 45f), Interval * 2f);"
Sim/Modes/Neutrals.cs,126,2f,modes.neutralSystem.stepIntervalScale,s,thoi_gian,05,1,inline,,"multiply: _world.Strikes.AddScan(s.Team, s.Def.At, N(""radar.radius"", 45f), Interval * 2f);"
Sim/Modes/Neutrals.cs,160,60f,modes.neutralSystem.captureFallback,s,thoi_gian,05,1,inline,,"arg:NeutralSystem.N: s.RebuildAt = _world.Time + N(""aa.rebuild"", 60f);"
Sim/Modes/Neutrals.cs,163,10f,modes.neutralSystem.captureFallback2,m,ban_kinh,05,1,inline,,"arg:NeutralSystem.N: var side = Holder(s.Def.At, N(""captureRadius"", 10f));"
Sim/Modes/Neutrals.cs,169,8f,modes.neutralSystem.captureFallback3,s,thoi_gian,05,1,inline,,"arg:NeutralSystem.N: s.Progress = s.ProgressTeam == side ? s.Progress + dt / N(""captureSeconds"", 8f) : dt / N(""captureSeconds"", 8f);"
Sim/Modes/Neutrals.cs,169,8f,modes.neutralSystem.captureFallback3,s,thoi_gian,05,2,inline,,"arg:NeutralSystem.N: s.Progress = s.ProgressTeam == side ? s.Progress + dt / N(""captureSeconds"", 8f) : dt / N(""captureSeconds"", 8f);"
Sim/Modes/Neutrals.cs,189,14f,modes.neutralSystem.mendFallback,m,ban_kinh,05,1,inline,,"arg:NeutralSystem.N: var radius = N(""workshop.radius"", 14f);"
Sim/Modes/Neutrals.cs,190,0.015f,modes.neutralSystem.mendFallback2,x,tan_suat,05,1,inline,,"arg:NeutralSystem.N: var rate = N(""workshop.repair"", 0.015f);"
Sim/Modes/Neutrals.cs,203,14f,modes.neutralSystem.resupplyFallback,m,ban_kinh,05,1,inline,,"arg:NeutralSystem.N: var radius = N(""ammo.radius"", 14f);"
Sim/Modes/Neutrals.cs,204,6f,modes.neutralSystem.resupplyFallback2,s,thoi_gian,05,1,inline,,"arg:NeutralSystem.N: var every = N(""ammo.seconds"", 6f);"
Sim/Modes/Neutrals.cs,219,14f,modes.neutralSystem.blowFallback,x,sat_thuong,05,1,inline,,"arg:NeutralSystem.N: _world.Damage.Splash(s.Def.At, N(""ammo.blast"", 14f), N(""ammo.damage"", 300f), DamageType.HighExplosive, Teams.Environment, EntityId.None);"
Sim/Modes/Neutrals.cs,219,300f,modes.neutralSystem.blowFallback2,x,sat_thuong,05,1,inline,,"arg:NeutralSystem.N: _world.Damage.Splash(s.Def.At, N(""ammo.blast"", 14f), N(""ammo.damage"", 300f), DamageType.HighExplosive, Teams.Environment, EntityId.None);"
Sim/Modes/OperationMode.cs,355,0.5f,campaign.operationMode.strikeLengthScale,m,ban_kinh,07,1,inline,,"multiply: var target = e.Position ?? StrikeTarget(world, e.Team, support.IsLine ? support.Length * 0.5f : support.Radius);"
Sim/Modes/OperationMode.cs,360,0.5f,campaign.operationMode.strikeLengthScale,m,ban_kinh,07,1,inline,,multiply: var start = support.IsLine ? at - along * (support.Length * 0.5f) : at;
Sim/Modes/OperationMode.cs,380,12f,campaign.operationMode.strikeTargetScale,count,gioi_han_thuc_the,07,1,inline,,multiply: if (o.Team == foe && d < 12f * 12f) count++;
Sim/Modes/OperationMode.cs,380,12f,campaign.operationMode.strikeTargetScale,count,gioi_han_thuc_the,07,2,inline,,multiply: if (o.Team == foe && d < 12f * 12f) count++;
Sim/Modes/OperationMode.cs,381,4f,campaign.operationMode.strikeTargetReachAdd,m,ban_kinh,07,1,inline,,add: else if (o.Team == team && d < (reach + 4f) * (reach + 4f))
Sim/Modes/OperationMode.cs,381,4f,campaign.operationMode.strikeTargetReachAdd,m,ban_kinh,07,2,inline,,add: else if (o.Team == team && d < (reach + 4f) * (reach + 4f))
Sim/Modes/QuickModes.cs,18,480,modes.deathmatchRules.scoreTarget,x,khac,05,1,inline,,property_init: public int ScoreTarget { get; set; } = 480;
Sim/Modes/QuickModes.cs,21,240f,modes.deathmatchRules.underdogAfter,x,khac,05,1,inline,,property_init: public float UnderdogAfter { get; set; } = 240f;
Sim/Modes/QuickModes.cs,24,12,modes.deathmatchRules.timeLimitScale,s,thoi_gian,05,1,inline,,multiply: public float TimeLimit { get; set; } = 12 * 60f;
Sim/Modes/QuickModes.cs,24,60f,modes.deathmatchRules.timeLimitScale2,s,thoi_gian,05,1,inline,,multiply: public float TimeLimit { get; set; } = 12 * 60f;
Sim/Modes/QuickModes.cs,26,18f,modes.deathmatchRules.playerStartCp,CP,khac,05,1,inline,,"object_init: public SideSetup Player { get; set; } = new() { StartCp = 18f, Income = 1.35f };"
Sim/Modes/QuickModes.cs,26,1.35f,modes.deathmatchRules.playerIncome,x,khac,05,1,inline,,"object_init: public SideSetup Player { get; set; } = new() { StartCp = 18f, Income = 1.35f };"
Sim/Modes/QuickModes.cs,27,18f,modes.deathmatchRules.enemyStartCp,CP,khac,05,1,inline,,"object_init: public SideSetup Enemy { get; set; } = new() { StartCp = 18f, Income = 1.35f };"
Sim/Modes/QuickModes.cs,27,1.35f,modes.deathmatchRules.enemyIncome,x,khac,05,1,inline,,"object_init: public SideSetup Enemy { get; set; } = new() { StartCp = 18f, Income = 1.35f };"
Sim/Modes/QuickModes.cs,33,18,modes.deathmatchRules.killCap,count,sat_thuong,05,1,inline,,property_init: public int KillCap { get; set; } = 18;
Sim/Modes/QuickModes.cs,36,60f,modes.deathmatchRules.overtime,s,thoi_gian,05,1,inline,,property_init: public float Overtime { get; set; } = 60f;
Sim/Modes/QuickModes.cs,137,100f,modes.kingOfTheHillRules.scoreTarget,x,khac,05,1,inline,,property_init: public float ScoreTarget { get; set; } = 100f;
Sim/Modes/QuickModes.cs,140,240f,modes.kingOfTheHillRules.underdogAfter,x,khac,05,1,inline,,property_init: public float UnderdogAfter { get; set; } = 240f;
Sim/Modes/QuickModes.cs,142,0.75f,modes.kingOfTheHillRules.scorePerSecond,s,thoi_gian,05,1,inline,,property_init: public float ScorePerSecond { get; set; } = 0.75f;
Sim/Modes/QuickModes.cs,143,8f,modes.kingOfTheHillRules.captureSeconds,s,thoi_gian,05,1,inline,,property_init: public float CaptureSeconds { get; set; } = 8f;
Sim/Modes/QuickModes.cs,146,15,modes.kingOfTheHillRules.timeLimitScale,s,thoi_gian,05,1,inline,,multiply: public float TimeLimit { get; set; } = 15 * 60f;
Sim/Modes/QuickModes.cs,146,60f,modes.kingOfTheHillRules.timeLimitScale2,s,thoi_gian,05,1,inline,,multiply: public float TimeLimit { get; set; } = 15 * 60f;
Sim/Modes/QuickModes.cs,152,60f,modes.kingOfTheHillRules.overtime,s,thoi_gian,05,1,inline,,property_init: public float Overtime { get; set; } = 60f;
Sim/Modes/QuickModes.cs,166,16f,modes.kingOfTheHillRules.playerStartCp,CP,khac,05,1,inline,,"object_init: public SideSetup Player { get; set; } = new() { StartCp = 16f, Income = 1.2f };"
Sim/Modes/QuickModes.cs,166,1.2f,modes.kingOfTheHillRules.playerIncome,x,khac,05,1,inline,,"object_init: public SideSetup Player { get; set; } = new() { StartCp = 16f, Income = 1.2f };"
Sim/Modes/QuickModes.cs,167,16f,modes.kingOfTheHillRules.enemyStartCp,CP,khac,05,1,inline,,"object_init: public SideSetup Enemy { get; set; } = new() { StartCp = 16f, Income = 1.2f };"
Sim/Modes/QuickModes.cs,167,1.2f,modes.kingOfTheHillRules.enemyIncome,x,khac,05,1,inline,,"object_init: public SideSetup Enemy { get; set; } = new() { StartCp = 16f, Income = 1.2f };"
Sim/Modes/QuickModes.cs,251,0.35f,modes.kingOfTheHillMode.tickOwnerTrue,ticks,thoi_gian,05,1,inline,,"conditional: if (world.TryGetEconomy(PlayerTeam, out var e0)) e0.Bonus = hill.Owner == PlayerTeam ? 0.35f : 0f;"
Sim/Modes/QuickModes.cs,252,0.35f,modes.kingOfTheHillMode.tickOwnerTrue,ticks,thoi_gian,05,1,inline,,"conditional: if (world.TryGetEconomy(EnemyTeam, out var e1)) e1.Bonus = hill.Owner == EnemyTeam ? 0.35f : 0f;"
Sim/Modes/QuickModes.cs,265,300f,modes.assaultRules.startSeconds,s,thoi_gian,05,1,inline,,property_init: public float StartSeconds { get; set; } = 300f;
Sim/Modes/QuickModes.cs,267,240f,modes.assaultRules.sectorBonus,x,khac,05,1,inline,,property_init: public float SectorBonus { get; set; } = 240f;
Sim/Modes/QuickModes.cs,268,480f,modes.assaultRules.maxBank,count,nguong,05,1,inline,,property_init: public float MaxBank { get; set; } = 480f;
Sim/Modes/QuickModes.cs,271,60f,modes.assaultRules.overtime,s,thoi_gian,05,1,inline,,property_init: public float Overtime { get; set; } = 60f;
Sim/Modes/QuickModes.cs,273,12f,modes.assaultRules.captureSeconds,s,thoi_gian,05,1,inline,,property_init: public float CaptureSeconds { get; set; } = 12f;
Sim/Modes/QuickModes.cs,276,12f,modes.assaultRules.sectorCp,CP,khac,05,1,inline,,property_init: public float SectorCp { get; set; } = 12f;
Sim/Modes/QuickModes.cs,279,240f,modes.assaultRules.underdogAfter,x,khac,05,1,inline,,property_init: public float UnderdogAfter { get; set; } = 240f;
Sim/Modes/QuickModes.cs,285,20f,modes.assaultRules.attackerStartCp,CP,khac,05,1,inline,,"object_init: public SideSetup Attacker { get; set; } = new() { StartCp = 20f, Income = 1.45f };"
Sim/Modes/QuickModes.cs,285,1.45f,modes.assaultRules.attackerIncome,x,khac,05,1,inline,,"object_init: public SideSetup Attacker { get; set; } = new() { StartCp = 20f, Income = 1.45f };"
Sim/Modes/QuickModes.cs,287,26f,modes.assaultRules.defenderStartCp,CP,khac,05,1,inline,,"object_init: public SideSetup Defender { get; set; } = new() { StartCp = 26f, Income = 1.05f };"
Sim/Modes/QuickModes.cs,287,1.05f,modes.assaultRules.defenderIncome,x,khac,05,1,inline,,"object_init: public SideSetup Defender { get; set; } = new() { StartCp = 26f, Income = 1.05f };"
Sim/Modes/QuickModes.cs,301,300f,modes.assaultRules.applyStartSecondsDivisor,s,thoi_gian,05,2,inline,,"divide: StartSeconds = r.Get(""start"", 300f) * (StartSeconds / 300f);"
Sim/Modes/QuickModes.cs,390,0.25f,modes.assaultMode.tickSectorScale,ticks,thoi_gian,05,1,inline,,"multiply: if (world.TryGetEconomy(Attacker, out var e0)) e0.Bonus = 0.25f * Sector;"
Sim/Modes/QuickModes.cs,399,0.999f,modes.assaultMode.tickProgressMax,ticks,thoi_gian,05,1,inline,,"compare: fighting |= point.Contested || (point.Owner != Attacker && point.Progress * (Defender == Attacker ? 1f : -1f) < 0.999f && Pushing(world, point));"
Sim/Modes/QuickModes.cs,420,1e7f,modes.assaultMode.advanceAmount,x,sat_thuong,05,1,inline,,"arg:DamageSystem.Apply: if (world.TryGetVehicle(id, out var gun) && gun.IsAlive) world.Damage.Apply(gun, 1e7f, DamageType.HighExplosive);"
Sim/Modes/QuickModes.cs,430,14f,modes.assaultMode.advanceAxisScale,x,sat_thuong,05,1,inline,,"multiply: world.SetRally(Attacker, Open(world, centre - _axis * 14f, 10f));"
Sim/Modes/QuickModes.cs,430,10f,modes.assaultMode.advanceSearch,x,sat_thuong,05,1,inline,,"arg:AssaultMode.Open: world.SetRally(Attacker, Open(world, centre - _axis * 14f, 10f));"
Sim/Modes/QuickModes.cs,450,52f,modes.assaultMode.buildSectorsLengthFloor,m,ban_kinh,05,1,inline,,"math_max: var cSpot = to - _axis * MathF.Max(52f, length * 0.26f);"
Sim/Modes/QuickModes.cs,450,0.26f,modes.assaultMode.buildSectorsLengthScale,m,ban_kinh,05,1,inline,,"multiply: var cSpot = to - _axis * MathF.Max(52f, length * 0.26f);"
Sim/Modes/QuickModes.cs,453,0.36f,modes.assaultMode.buildSectorsLengthScale2,m,ban_kinh,05,1,inline,,"multiply: new[] { (""a"", ""sector_a"", from + _axis * (length * 0.36f)) },"
Sim/Modes/QuickModes.cs,454,0.56f,modes.assaultMode.buildSectorsLengthScale3,m,ban_kinh,05,1,inline,,"multiply: new[] { (""b1"", ""sector_b"", from + _axis * (length * 0.56f) + across * 24f), (""b2"", ""sector_b"", from + _axis * (length * 0.56f) - across * 24f) },"
Sim/Modes/QuickModes.cs,454,24f,modes.assaultMode.buildSectorsAcrossScale,m,ban_kinh,05,1,inline,,"multiply: new[] { (""b1"", ""sector_b"", from + _axis * (length * 0.56f) + across * 24f), (""b2"", ""sector_b"", from + _axis * (length * 0.56f) - across * 24f) },"
Sim/Modes/QuickModes.cs,454,0.56f,modes.assaultMode.buildSectorsLengthScale3,m,ban_kinh,05,2,inline,,"multiply: new[] { (""b1"", ""sector_b"", from + _axis * (length * 0.56f) + across * 24f), (""b2"", ""sector_b"", from + _axis * (length * 0.56f) - across * 24f) },"
Sim/Modes/QuickModes.cs,454,24f,modes.assaultMode.buildSectorsAcrossScale,m,ban_kinh,05,2,inline,,"multiply: new[] { (""b1"", ""sector_b"", from + _axis * (length * 0.56f) + across * 24f), (""b2"", ""sector_b"", from + _axis * (length * 0.56f) - across * 24f) },"
Sim/Modes/QuickModes.cs,462,14f,modes.assaultMode.buildSectorsSearch,x,sat_thuong,05,1,inline,,"arg:AssaultMode.Open: var point = new ObjectiveState(new CapturePointDef(id, name, Open(world, spot, 14f), s == 2 ? 13f : 12f));"
Sim/Modes/QuickModes.cs,462,2,modes.assaultMode.buildSectorsSIs,x,sat_thuong,05,1,inline,,"equals: var point = new ObjectiveState(new CapturePointDef(id, name, Open(world, spot, 14f), s == 2 ? 13f : 12f));"
Sim/Modes/QuickModes.cs,462,13f,modes.assaultMode.buildSectorsSTrue,x,sat_thuong,05,1,inline,,"conditional: var point = new ObjectiveState(new CapturePointDef(id, name, Open(world, spot, 14f), s == 2 ? 13f : 12f));"
Sim/Modes/QuickModes.cs,462,12f,modes.assaultMode.buildSectorsSFalse,x,sat_thuong,05,1,inline,,"conditional: var point = new ObjectiveState(new CapturePointDef(id, name, Open(world, spot, 14f), s == 2 ? 13f : 12f));"
Sim/Modes/QuickModes.cs,491,2,modes.assaultMode.fortifyIMod,count,gioi_han_thuc_the,05,1,inline,,modulo: var side = (i % 2 == 0 ? 1f : -1f) * (sector.Count > 1 ? 6f : 9f);
Sim/Modes/QuickModes.cs,491,6f,modes.assaultMode.fortifyCountTrue,count,gioi_han_thuc_the,05,1,inline,,conditional: var side = (i % 2 == 0 ? 1f : -1f) * (sector.Count > 1 ? 6f : 9f);
Sim/Modes/QuickModes.cs,491,9f,modes.assaultMode.fortifyCountFalse,count,gioi_han_thuc_the,05,1,inline,,conditional: var side = (i % 2 == 0 ? 1f : -1f) * (sector.Count > 1 ? 6f : 9f);
Sim/Modes/QuickModes.cs,492,4f,modes.assaultMode.fortifyRadiusAdd,m,ban_kinh,05,1,inline,,add: var spot = point.Def.Position + _axis * (point.Def.Radius + 4f) + across * side;
Sim/Modes/QuickModes.cs,493,6f,modes.assaultMode.fortifySearch,x,sat_thuong,05,1,inline,,"arg:AssaultMode.Open: var gun = world.SpawnVehicle(kinds[s][i], Defender, Open(world, spot, 6f), heading);"
Sim/Modes/QuickModes.cs,505,2f,modes.assaultMode.openDx,x,sat_thuong,05,1,inline,,compound_assign: for (var dx = -search; dx <= search; dx += 2f)
Sim/Modes/QuickModes.cs,506,2f,modes.assaultMode.openDy,x,sat_thuong,05,1,inline,,compound_assign: for (var dy = -search; dy <= search; dy += 2f)
Sim/Modes/QuickModes.cs,511,6f,modes.assaultMode.openOx,x,sat_thuong,05,1,inline,,declarator: for (var ox = -6f; ox <= 6f; ox += 3f)
Sim/Modes/QuickModes.cs,511,3f,modes.assaultMode.openOx2,x,sat_thuong,05,1,inline,,compound_assign: for (var ox = -6f; ox <= 6f; ox += 3f)
Sim/Modes/QuickModes.cs,511,6f,modes.assaultMode.openOxMax,x,sat_thuong,05,2,inline,,compare: for (var ox = -6f; ox <= 6f; ox += 3f)
Sim/Modes/QuickModes.cs,512,6f,modes.assaultMode.openOy,x,sat_thuong,05,1,inline,,declarator: for (var oy = -6f; oy <= 6f; oy += 3f)
Sim/Modes/QuickModes.cs,512,3f,modes.assaultMode.openOy2,x,sat_thuong,05,1,inline,,compound_assign: for (var oy = -6f; oy <= 6f; oy += 3f)
Sim/Modes/QuickModes.cs,512,6f,modes.assaultMode.openOyMax,x,sat_thuong,05,2,inline,,compare: for (var oy = -6f; oy <= 6f; oy += 3f)
Sim/Modes/QuickModes.cs,515,100,modes.assaultMode.openOpenScale,x,sat_thuong,05,1,inline,,multiply: var score = open * 100 - (int)(dx * dx + dy * dy);
Sim/Modes/SandboxMode.cs,43,0.5f,modes.sandboxMode.continueEndlessIntensityFloor,s,thoi_gian,05,1,inline,,"math_max: _waveTimer = WaveInterval / MathF.Max(0.5f, Intensity);"
Sim/Modes/SandboxMode.cs,61,2,modes.sandboxMode.spawnBossKindIs,x,nguong,05,1,inline,,equals: var id = kind == 2 ? main : def.MiniVariant;
Sim/Modes/SandboxMode.cs,63,225f,modes.sandboxMode.spawnBossDegrees,x,khac,05,1,inline,,"arg:SimMath.DegToRad: world.SpawnVehicle(id, EnemyTeam, rally, SimMath.DegToRad(225f));"
Sim/Modes/SandboxMode.cs,73,48,modes.sandboxMode.maxEnemiesWaveCap,count,tran,05,1,inline,,"math_min: private int MaxEnemies => Math.Min(48, 14 + Wave * 3 / 2);"
Sim/Modes/SandboxMode.cs,73,14,modes.sandboxMode.maxEnemiesWaveAdd,count,gioi_han_thuc_the,05,1,inline,,"add: private int MaxEnemies => Math.Min(48, 14 + Wave * 3 / 2);"
Sim/Modes/SandboxMode.cs,73,3,modes.sandboxMode.maxEnemiesWaveScale,count,gioi_han_thuc_the,05,1,inline,,"multiply: private int MaxEnemies => Math.Min(48, 14 + Wave * 3 / 2);"
Sim/Modes/SandboxMode.cs,73,2,modes.sandboxMode.maxEnemiesWaveDivisor,count,gioi_han_thuc_the,05,1,inline,,"divide: private int MaxEnemies => Math.Min(48, 14 + Wave * 3 / 2);"
Sim/Modes/SandboxMode.cs,95,1f,modes.sandboxMode.deckScale,x,khac,05,1,inline,,property_init: public float DeckScale { get; set; } = 1f;
Sim/Modes/SandboxMode.cs,118,0.5f,modes.sandboxMode.tickIntensityFloor,ticks,thoi_gian,05,1,inline,,"math_max: _waveTimer = WaveInterval / MathF.Max(0.5f, Intensity);"
Sim/Modes/SandboxMode.cs,154,3f,modes.sandboxMode.spawnWaveWaveAdd,count,gioi_han_thuc_the,05,1,inline,,"add: var count = Math.Min(room, Math.Max(1, (int)MathF.Round((3f + 0.9f * (Wave - 1)) * Intensity * DeckScale)));"
Sim/Modes/SandboxMode.cs,154,0.9f,modes.sandboxMode.spawnWaveWaveScale,count,gioi_han_thuc_the,05,1,inline,,"multiply: var count = Math.Min(room, Math.Max(1, (int)MathF.Round((3f + 0.9f * (Wave - 1)) * Intensity * DeckScale)));"
Sim/Modes/SandboxMode.cs,157,4,modes.sandboxMode.spawnWaveWaveAdd2,count,ban_kinh,05,1,inline,,"add: var reach = Math.Clamp(4 + Wave, 4, WaveRoster.Length);"
Sim/Modes/SandboxMode.cs,157,4,modes.sandboxMode.spawnWaveWaveMin,count,ban_kinh,05,2,inline,,"math_clamp: var reach = Math.Clamp(4 + Wave, 4, WaveRoster.Length);"
Sim/Modes/SandboxMode.cs,158,7,modes.sandboxMode.spawnWaveWaveSub,count,gioi_han_thuc_the,05,1,inline,,"subtract: var elite = MathF.Min(1f, (Wave - 7) * 0.06f);"
Sim/Modes/SandboxMode.cs,158,0.06f,modes.sandboxMode.spawnWaveWaveScale2,count,gioi_han_thuc_the,05,1,inline,,"multiply: var elite = MathF.Min(1f, (Wave - 7) * 0.06f);"
Sim/Modes/SandboxMode.cs,161,3,modes.sandboxMode.spawnWaveWaveScale3,count,ban_kinh,05,1,inline,,multiply: var def = WaveRoster[(Wave * 3 + i) % reach];
Sim/Modes/SandboxMode.cs,162,10,modes.sandboxMode.spawnWaveWaveMod,count,gioi_han_thuc_the,05,1,inline,,modulo: if (elite > 0f && (Wave + i) % 10 < elite * 10f && world.Catalog.EliteVariant(def) is { } better) def = better;
Sim/Modes/SandboxMode.cs,162,10f,modes.sandboxMode.spawnWaveEliteScale,count,gioi_han_thuc_the,05,1,inline,,multiply: if (elite > 0f && (Wave + i) % 10 < elite * 10f && world.Catalog.EliteVariant(def) is { } better) def = better;
Sim/Modes/SandboxMode.cs,163,9f,modes.sandboxMode.spawnWaveRadius,count,ban_kinh,05,1,inline,,"arg:SandboxMode.Offset: world.SpawnVehicle(def, EnemyTeam, rally + Offset(i, count, 9f), SimMath.DegToRad(225f));"
Sim/Modes/SandboxMode.cs,163,225f,modes.sandboxMode.spawnWaveDegrees,count,ban_kinh,05,1,inline,,"arg:SimMath.DegToRad: world.SpawnVehicle(def, EnemyTeam, rally + Offset(i, count, 9f), SimMath.DegToRad(225f));"
Sim/Modes/ShowdownMode.cs,16,720f,modes.showdownRules.timeLimit,s,thoi_gian,05,1,inline,,property_init: public float TimeLimit { get; set; } = 720f;
Sim/Modes/ShowdownMode.cs,19,0.25f,modes.showdownRules.antiSnipeShare,share,khac,05,1,inline,,property_init: public float AntiSnipeShare { get; set; } = 0.25f;
Sim/Modes/ShowdownMode.cs,21,60f,modes.showdownRules.antiSnipeRange,m,ban_kinh,05,1,inline,,property_init: public float AntiSnipeRange { get; set; } = 60f;
Sim/Modes/ShowdownMode.cs,24,360f,modes.showdownRules.escalationAt,x,khac,05,1,inline,,property_init: public float EscalationAt { get; set; } = 360f;
Sim/Modes/ShowdownMode.cs,26,1.5f,modes.showdownRules.escalationIncome,x,khac,05,1,inline,,property_init: public float EscalationIncome { get; set; } = 1.5f;
Sim/Modes/ShowdownMode.cs,29,600f,modes.showdownRules.rebuildCutoff,x,khac,05,1,inline,,property_init: public float RebuildCutoff { get; set; } = 600f;
Sim/Modes/ShowdownMode.cs,32,0.05f,modes.showdownRules.overtimeLead,s,thoi_gian,05,1,inline,,property_init: public float OvertimeLead { get; set; } = 0.05f;
Sim/Modes/ShowdownMode.cs,35,90f,modes.showdownRules.suddenDeath,x,khac,05,1,inline,,property_init: public float SuddenDeath { get; set; } = 90f;
Sim/Modes/ShowdownMode.cs,37,2f,modes.showdownRules.suddenDeathIncome,x,khac,05,1,inline,,property_init: public float SuddenDeathIncome { get; set; } = 2f;
Sim/Modes/ShowdownMode.cs,40,0.25f,modes.showdownRules.catchUpMax,x,nguong,05,1,inline,,property_init: public float CatchUpMax { get; set; } = 0.25f;
Sim/Modes/ShowdownMode.cs,43,46f,modes.showdownRules.baseRadius,m,ban_kinh,05,1,inline,,property_init: public float BaseRadius { get; set; } = 46f;
Sim/Modes/ShowdownMode.cs,45,18f,modes.showdownRules.playerStartCp,CP,khac,05,1,inline,,"object_init: public SideSetup Player { get; set; } = new() { StartCp = 18f, Income = 1.35f };"
Sim/Modes/ShowdownMode.cs,45,1.35f,modes.showdownRules.playerIncome,x,khac,05,1,inline,,"object_init: public SideSetup Player { get; set; } = new() { StartCp = 18f, Income = 1.35f };"
Sim/Modes/ShowdownMode.cs,46,18f,modes.showdownRules.enemyStartCp,CP,khac,05,1,inline,,"object_init: public SideSetup Enemy { get; set; } = new() { StartCp = 18f, Income = 1.35f };"
Sim/Modes/ShowdownMode.cs,46,1.35f,modes.showdownRules.enemyIncome,x,khac,05,1,inline,,"object_init: public SideSetup Enemy { get; set; } = new() { StartCp = 18f, Income = 1.35f };"
Sim/Modes/ShowdownMode.cs,145,18f,modes.showdownMode.setupRadius,m,ban_kinh,05,1,inline,,"ctor_arg:CapturePointDef: _points.Add(new ObjectiveState(new CapturePointDef(""hq"" + team, ""hq"", at, 18f)) { Owner = team, Progress = team == PlayerTeam ? 1f : -1f });"
Sim/Modes/ShowdownMode.cs,186,0.5,modes.showdownMode.tickNowAdd,ticks,thoi_gian,05,1,inline,,add: _nextLook = now + 0.5;
Sim/Modes/ShowdownMode.cs,213,0.5f,modes.showdownMode.tickAbsMax,ticks,thoi_gian,05,1,inline,,"compare: End(world, MathF.Abs(a - b) < 0.5f ? -1 : a > b ? PlayerTeam : EnemyTeam);"
Sim/Modes/SiegeModes.cs,36,60f,modes.siegeRules.applyValueFloor,s,thoi_gian,05,1,inline,,"math_max: StartSeconds = MathF.Max(60f, _codeStartSeconds.Value + limit - (NormalStartSeconds + bonusTotal));"
Sim/Modes/SiegeModes.cs,54,300f,modes.siegeRules.startSeconds,s,thoi_gian,05,1,inline,,property_init: public float StartSeconds { get; set; } = 300f;
Sim/Modes/SiegeModes.cs,56,240f,modes.siegeRules.stageBonusValue,x,khac,05,1,inline,,"table: public float[] StageBonus { get; set; } = { 240f, 300f };"
Sim/Modes/SiegeModes.cs,56,300f,modes.siegeRules.stageBonusValue2,x,khac,05,1,inline,,"table: public float[] StageBonus { get; set; } = { 240f, 300f };"
Sim/Modes/SiegeModes.cs,57,600f,modes.siegeRules.maxBank,count,nguong,05,1,inline,,property_init: public float MaxBank { get; set; } = 600f;
Sim/Modes/SiegeModes.cs,63,90f,modes.siegeRules.overtime,s,thoi_gian,05,1,inline,,property_init: public float Overtime { get; set; } = 90f;
Sim/Modes/SiegeModes.cs,75,2.5f,modes.siegeRules.hardening,x,khac,05,1,inline,,property_init: public float Hardening { get; set; } = 2.5f;
Sim/Modes/SiegeModes.cs,90,20f,modes.siegeRules.stageCp,CP,khac,05,1,inline,,property_init: public float StageCp { get; set; } = 20f;
Sim/Modes/SiegeModes.cs,96,16f,modes.siegeRules.retreatCpValue,CP,khac,05,1,inline,,"table: public float[] RetreatCp { get; set; } = { 16f, 22f };"
Sim/Modes/SiegeModes.cs,96,22f,modes.siegeRules.retreatCpValue2,CP,khac,05,1,inline,,"table: public float[] RetreatCp { get; set; } = { 16f, 22f };"
Sim/Modes/SiegeModes.cs,106,34f,modes.siegeRules.attackerStartCp,CP,tran,05,1,inline,,"object_init: public SideSetup Attacker { get; set; } = new() { StartCp = 34f, Income = 1.8f, ArmyCap = 40 };"
Sim/Modes/SiegeModes.cs,106,1.8f,modes.siegeRules.attackerIncome,count,tran,05,1,inline,,"object_init: public SideSetup Attacker { get; set; } = new() { StartCp = 34f, Income = 1.8f, ArmyCap = 40 };"
Sim/Modes/SiegeModes.cs,106,40,modes.siegeRules.attackerArmyCap,count,tran,05,1,inline,,"object_init: public SideSetup Attacker { get; set; } = new() { StartCp = 34f, Income = 1.8f, ArmyCap = 40 };"
Sim/Modes/SiegeModes.cs,107,20f,modes.siegeRules.defenderStartCp,CP,khac,05,1,inline,,"object_init: public SideSetup Defender { get; set; } = new() { StartCp = 20f, Income = 1f };"
Sim/Modes/SiegeModes.cs,129,3,modes.siegeRules.waveStart,count,gioi_han_thuc_the,05,1,inline,,property_init: public int WaveStart { get; set; } = 3;
Sim/Modes/SiegeModes.cs,132,12,modes.siegeRules.waveMax,count,gioi_han_thuc_the,05,1,inline,,property_init: public int WaveMax { get; set; } = 12;
Sim/Modes/SiegeModes.cs,135,3,modes.siegeRules.heavyEvery,x,tan_suat,05,1,inline,,property_init: public int HeavyEvery { get; set; } = 3;
Sim/Modes/SiegeModes.cs,138,6,modes.siegeRules.eliteFrom,x,khac,05,1,inline,,property_init: public int EliteFrom { get; set; } = 6;
Sim/Modes/SiegeModes.cs,151,1f,modes.siegeRules.progressScale,x,khac,05,1,inline,,property_init: public float ProgressScale { get; set; } = 1f;
Sim/Modes/SiegeModes.cs,162,2,modes.siegeRules.breachFrom,m,ban_kinh,05,1,inline,,property_init: public int BreachFrom { get; set; } = 2;
Sim/Modes/SiegeModes.cs,163,2,modes.siegeRules.breachEvery,m,ban_kinh,05,1,inline,,property_init: public int BreachEvery { get; set; } = 2;
Sim/Modes/SiegeModes.cs,182,48,modes.siegeRules.maxAlive,count,nguong,05,1,inline,,property_init: public int MaxAlive { get; set; } = 48;
Sim/Modes/SiegeModes.cs,194,1.25f,modes.siegeRules.lineHealthSat,x,sat_thuong,05,1,inline,,"table: public float[] LineHealth { get; set; } = { 1f, 1.25f, 1.5f };"
Sim/Modes/SiegeModes.cs,194,1.5f,modes.siegeRules.lineHealthSat2,x,sat_thuong,05,1,inline,,"table: public float[] LineHealth { get; set; } = { 1f, 1.25f, 1.5f };"
Sim/Modes/SiegeModes.cs,196,1.1f,modes.siegeRules.lineDamageSat,x,sat_thuong,05,1,inline,,"table: public float[] LineDamage { get; set; } = { 1f, 1.1f, 1.2f };"
Sim/Modes/SiegeModes.cs,196,1.2f,modes.siegeRules.lineDamageSat2,x,sat_thuong,05,1,inline,,"table: public float[] LineDamage { get; set; } = { 1f, 1.1f, 1.2f };"
Sim/Modes/SiegeModes.cs,224,90f,modes.siegeRules.superGunFirst,x,khac,05,1,inline,,property_init: public float SuperGunFirst { get; set; } = 90f;
Sim/Modes/SiegeModes.cs,225,75f,modes.siegeRules.superGunSeconds,s,thoi_gian,05,1,inline,,property_init: public float SuperGunSeconds { get; set; } = 75f;
Sim/Modes/SiegeModes.cs,228,25f,modes.siegeRules.superGunCp,CP,khac,05,1,inline,,property_init: public float SuperGunCp { get; set; } = 25f;
Sim/Modes/SiegeModes.cs,234,12f,modes.siegeRules.padCp,CP,khac,05,1,inline,,property_init: public float PadCp { get; set; } = 12f;
Sim/Modes/SiegeModes.cs,243,10f,modes.siegeRules.arrivalLead,x,khac,05,1,inline,,property_init: public float ArrivalLead { get; set; } = 10f;
Sim/Modes/SiegeModes.cs,245,16f,modes.siegeRules.arrivalGap,m,ban_kinh,05,1,inline,,property_init: public float ArrivalGap { get; set; } = 16f;
Sim/Modes/SiegeModes.cs,509,3,modes.siegeMode.setupRingMax,x,nguong,05,1,inline,,"math_clamp: if (slot.Structure.IsValid) _defences[Math.Clamp(slot.Ring, 1, 3) - 1].Add(slot.Structure);"
Sim/Modes/SiegeModes.cs,531,4f,modes.siegeMode.setupRingsAdd,x,khac,05,1,inline,,"add: (_fortress is { Layered: true } layered ? layered.Contains(prop.Position) : Chebyshev(prop.Position, centre) <= rings[0] + 4f))"
Sim/Modes/SiegeModes.cs,537,2,modes.siegeMode.setupCountTrue,count,gioi_han_thuc_the,05,1,inline,,conditional: Stage = _relays.Count > 0 ? 1 : _generators.Count > 0 ? 2 : 3;
Sim/Modes/SiegeModes.cs,537,3,modes.siegeMode.setupCountFalse,count,gioi_han_thuc_the,05,1,inline,,conditional: Stage = _relays.Count > 0 ? 1 : _generators.Count > 0 ? 2 : 3;
Sim/Modes/SiegeModes.cs,539,3,modes.siegeMode.setupStartStageCap,count,tran,05,1,inline,,"math_min: while (Stage < Math.Min(3, _rules.StartStage))"
Sim/Modes/SiegeModes.cs,549,2,modes.siegeMode.setupStageIs,x,khac,05,1,inline,,equals: if (Stage == 2)
Sim/Modes/SiegeModes.cs,551,2,modes.siegeMode.setupRingIs,x,khac,05,1,inline,,"equals: if (ring == 2 && world.TryGetProp(id, out var gate)) world.RemoveQuietly(gate);"
Sim/Modes/SiegeModes.cs,553,3,modes.siegeMode.setupStageIs2,x,khac,05,1,inline,,equals: if (Stage == 3) SpawnGuardian(world);
Sim/Modes/SiegeModes.cs,556,0.75f,modes.siegeMode.setupWaveSecondsScale,s,thoi_gian,05,1,inline,,multiply: _nextWave = _rules.WaveSeconds > 0f ? _rules.WaveSeconds * 0.75f : double.MaxValue;
Sim/Modes/SiegeModes.cs,558,2,modes.siegeMode.setupStageMax,count,gioi_han_thuc_the,05,1,inline,,compare: DomeUp = Stage <= 2 && _generators.Count > 0;
Sim/Modes/SiegeModes.cs,572,7919,modes.siegeMode.setupWaveSeedScale,count,xac_suat,05,1,inline,,multiply: _waveRandom = new Random(_rules.WaveSeed * 7919 + 17);
Sim/Modes/SiegeModes.cs,572,17,modes.siegeMode.setupWaveSeedAdd,count,xac_suat,05,1,inline,,add: _waveRandom = new Random(_rules.WaveSeed * 7919 + 17);
Sim/Modes/SiegeModes.cs,581,0.1f,modes.siegeMode.setupProgressScaleFloor,count,gioi_han_thuc_the,05,1,inline,,"math_max: _waveScale = BaseStrength.WaveScale(ReferenceScore) * MathF.Max(0.1f, _rules.ProgressScale);"
Sim/Modes/SiegeModes.cs,600,1f,modes.siegeMode.waveScale,count,gioi_han_thuc_the,05,1,inline,,field_init: private float _waveScale = 1f;
Sim/Modes/SiegeModes.cs,628,4,modes.siegeMode.counterRosterRoundMax,count,gioi_han_thuc_the,05,1,inline,,"math_clamp: var n = Math.Clamp((int)MathF.Round(weight), 0, 4);"
Sim/Modes/SiegeModes.cs,635,2f,modes.siegeMode.counterRosterGunsScale,count,sat_thuong,05,1,inline,,multiply: if (def.Armor == ArmorClass.Heavy && !def.Flying) weight += 2f * guns / total - 1f * antiArmour / total;
Sim/Modes/SiegeModes.cs,636,11f,modes.siegeMode.counterRosterSpeedMin,m/s,sat_thuong,05,1,inline,,compare: if (def.Armor == ArmorClass.Light && def.Speed >= 11f) weight += 2f * antiArmour / total + 1.5f * artillery / total;
Sim/Modes/SiegeModes.cs,636,2f,modes.siegeMode.counterRosterAntiArmourScale,count,sat_thuong,05,1,inline,,multiply: if (def.Armor == ArmorClass.Light && def.Speed >= 11f) weight += 2f * antiArmour / total + 1.5f * artillery / total;
Sim/Modes/SiegeModes.cs,636,1.5f,modes.siegeMode.counterRosterArtilleryScale,count,sat_thuong,05,1,inline,,multiply: if (def.Armor == ArmorClass.Light && def.Speed >= 11f) weight += 2f * antiArmour / total + 1.5f * artillery / total;
Sim/Modes/SiegeModes.cs,637,1.5f,modes.siegeMode.counterRosterAntiArmourScale2,count,sat_thuong,05,1,inline,,multiply: if (def.Weapon.Projectile == ProjectileKind.Drone || def.Weapon.MinRange > 0f) weight += 1.5f * antiArmour / total;
Sim/Modes/SiegeModes.cs,638,2.5f,modes.siegeMode.counterRosterAaScale,count,gioi_han_thuc_the,05,1,inline,,multiply: if (def.Flying) weight -= 2.5f * aa / total;
Sim/Modes/SiegeModes.cs,658,2,modes.siegeMode.classifyWorksCountMin,count,gioi_han_thuc_the,05,1,inline,,compare: var split = rings.Count >= 2 ? (rings[0] + rings[1]) * 0.5f : float.MaxValue;
Sim/Modes/SiegeModes.cs,665,2,modes.siegeMode.classifyWorksRingOfFloor,x,nguong,05,1,inline,,"math_max: var ring = _fortress is { Layered: true } f ? Math.Max(2, f.RingOf(prop.Position)) : Chebyshev(prop.Position, hq) >= split ? 2 : 3;"
Sim/Modes/SiegeModes.cs,665,3,modes.siegeMode.classifyWorksChebyshevFalse,x,nguong,05,1,inline,,"conditional: var ring = _fortress is { Layered: true } f ? Math.Max(2, f.RingOf(prop.Position)) : Chebyshev(prop.Position, hq) >= split ? 2 : 3;"
Sim/Modes/SiegeModes.cs,665,2,modes.siegeMode.classifyWorksChebyshevTrue,x,nguong,05,2,inline,,"conditional: var ring = _fortress is { Layered: true } f ? Math.Max(2, f.RingOf(prop.Position)) : Chebyshev(prop.Position, hq) >= split ? 2 : 3;"
Sim/Modes/SiegeModes.cs,666,3,modes.siegeMode.classifyWorksRingIs,x,khac,05,1,inline,,equals: if (ring == 3)
Sim/Modes/SiegeModes.cs,680,180,modes.siegeMode.classifyWorksRotationMod,x,khac,05,1,inline,,"modulo: ? prop.Rotation % 180 == 0 ? new Vector2(0f, MathF.Sign(off.Y)) : new Vector2(MathF.Sign(off.X), 0f)"
Sim/Modes/SiegeModes.cs,687,0.5f,modes.siegeMode.classifyWorksDistanceScale,m,ban_kinh,05,1,inline,,"multiply: DomeRadius = Vector2.Distance(min, max) * 0.5f + 2f;"
Sim/Modes/SiegeModes.cs,687,2f,modes.siegeMode.classifyWorksDistanceAdd,m,ban_kinh,05,1,inline,,"add: DomeRadius = Vector2.Distance(min, max) * 0.5f + 2f;"
Sim/Modes/SiegeModes.cs,692,2,modes.siegeMode.classifyWorksCountMin,count,ban_kinh,05,1,inline,,compare: DomeRadius = rings.Count >= 2 ? rings[1] + 4f : 30f;
Sim/Modes/SiegeModes.cs,692,4f,modes.siegeMode.classifyWorksRingsAdd,m,ban_kinh,05,1,inline,,add: DomeRadius = rings.Count >= 2 ? rings[1] + 4f : 30f;
Sim/Modes/SiegeModes.cs,692,30f,modes.siegeMode.classifyWorksCountFalse,count,ban_kinh,05,1,inline,,conditional: DomeRadius = rings.Count >= 2 ? rings[1] + 4f : 30f;
Sim/Modes/SiegeModes.cs,700,2,modes.siegeMode.ringOfCountMax,count,gioi_han_thuc_the,05,1,inline,,compare: if (Fortress is not { } centre || rings.Count < 2) return 1;
Sim/Modes/SiegeModes.cs,702,2,modes.siegeMode.ringOfDTrue,x,khac,05,1,inline,,conditional: return d > rings[0] ? 1 : d > rings[1] ? 2 : 3;
Sim/Modes/SiegeModes.cs,702,3,modes.siegeMode.ringOfDFalse,x,khac,05,1,inline,,conditional: return d > rings[0] ? 1 : d > rings[1] ? 2 : 3;
Sim/Modes/SiegeModes.cs,717,2,modes.siegeMode.shieldStageMax,x,nguong,05,1,inline,,"compare: if (world.TryGetProp(id, out var p)) p.Invulnerable = Stage < 2;"
Sim/Modes/SiegeModes.cs,719,3,modes.siegeMode.shieldStageMax2,x,nguong,05,1,inline,,"compare: if (world.TryGetProp(id, out var p)) p.Invulnerable = Stage < 3 || glyph;"
Sim/Modes/SiegeModes.cs,740,4,modes.siegeMode.progressStageMin,x,nguong,05,1,inline,,compare: if (Stage >= 4) return 1f;
Sim/Modes/SiegeModes.cs,774,3f,modes.siegeMode.progressStageDivisor,x,nguong,05,1,inline,,"divide: return MathF.Min(1f, (Stage - 1 + part) / 3f);"
Sim/Modes/SiegeModes.cs,816,2,modes.siegeMode.insideRingRingIs,x,khac,05,1,inline,,equals: if (_fortress is { Layered: true } layered) return layered.RingOf(p) >= (ring == 2 ? 2 : 3);
Sim/Modes/SiegeModes.cs,816,3,modes.siegeMode.insideRingRingFalse,x,khac,05,1,inline,,conditional: if (_fortress is { Layered: true } layered) return layered.RingOf(p) >= (ring == 2 ? 2 : 3);
Sim/Modes/SiegeModes.cs,816,2,modes.siegeMode.insideRingRingTrue,x,khac,05,2,inline,,conditional: if (_fortress is { Layered: true } layered) return layered.RingOf(p) >= (ring == 2 ? 2 : 3);
Sim/Modes/SiegeModes.cs,818,2,modes.siegeMode.insideRingCountMax,count,gioi_han_thuc_the,05,1,inline,,compare: if (Fortress is not { } hq || rings.Count < 2) return true;
Sim/Modes/SiegeModes.cs,819,2,modes.siegeMode.insideRingRingIs,x,khac,05,1,inline,,"equals: return Chebyshev(p, hq) <= rings[ring == 2 ? 0 : 1];"
Sim/Modes/SiegeModes.cs,829,2,modes.siegeMode.gateToBreakBan,m,ban_kinh,05,1,manual:pattern,,"relational_pattern: if (Stage is < 2 or > 3 || Breached(world, Stage)) return EntityId.None;"
Sim/Modes/SiegeModes.cs,829,3,modes.siegeMode.gateToBreakBan2,m,ban_kinh,05,1,manual:pattern,,"relational_pattern: if (Stage is < 2 or > 3 || Breached(world, Stage)) return EntityId.None;"
Sim/Modes/SiegeModes.cs,830,3,modes.siegeMode.gateToBreakStageIs,x,khac,05,1,inline,,equals: if (Stage == 3 && !(_rules.KeepGateFirst ?? _rules.PlayerDefends)) return EntityId.None;
Sim/Modes/SiegeModes.cs,852,9f,modes.siegeMode.attackGoalOutwardScale,x,khac,05,1,inline,,multiply: if (id == gate) return g.Position + outward * 9f;
Sim/Modes/SiegeModes.cs,874,240.0,modes.siegeMode.tickTimeMin,ticks,thoi_gian,05,1,inline,,compare: if (_rules.BreachWave && !BreachSent && _rules.WaveBreachers.Count > 0 && world.Time >= 240.0) SendBreach(world);
Sim/Modes/SiegeModes.cs,876,2,modes.siegeMode.tickNext,ticks,thoi_gian,05,1,inline,,"arg:SiegeMode.Advance: if (Stage == 1 && Alive(world, _relays) == 0) Advance(world, 2);"
Sim/Modes/SiegeModes.cs,877,2,modes.siegeMode.tickStageIs,ticks,thoi_gian,05,1,inline,,"equals: if (Stage == 2 && Alive(world, _generators) == 0) Advance(world, 3);"
Sim/Modes/SiegeModes.cs,877,3,modes.siegeMode.tickNext2,ticks,thoi_gian,05,1,inline,,"arg:SiegeMode.Advance: if (Stage == 2 && Alive(world, _generators) == 0) Advance(world, 3);"
Sim/Modes/SiegeModes.cs,878,3,modes.siegeMode.tickStageIs2,ticks,thoi_gian,05,1,inline,,equals: if (Stage == 3) KeepEvents(world);
Sim/Modes/SiegeModes.cs,885,3,modes.siegeMode.tickStageIs2,ticks,thoi_gian,05,1,inline,,"equals: if (Stage == 3 && (_targets.Count > 0 ? Alive(world, _targets) == 0 : Progress(world) >= 0.999f))"
Sim/Modes/SiegeModes.cs,885,0.999f,modes.siegeMode.tickProgressMin,ticks,thoi_gian,05,1,inline,,"compare: if (Stage == 3 && (_targets.Count > 0 ? Alive(world, _targets) == 0 : Progress(world) >= 0.999f))"
Sim/Modes/SiegeModes.cs,897,5.0,modes.siegeMode.tickTimeMin2,ticks,thoi_gian,05,1,inline,,"compare: var wiped = world.TryGetEconomy(PlayerTeam, out var economy) && economy.ArmyCp == 0 && world.Time > 5.0;"
Sim/Modes/SiegeModes.cs,899,12.0,modes.siegeMode.tickTimeMin3,ticks,thoi_gian,05,1,inline,,"compare: if (_wipedSince >= 0 && world.Time - _wipedSince > 12.0) Finish(world, EnemyTeam);"
Sim/Modes/SiegeModes.cs,914,400f,modes.siegeMode.payBountiesMaxHpDivisor,count,nguong,05,1,inline,,"divide: var cp = Math.Clamp(MathF.Round(building.Def.MaxHp / 400f), 2f, 6f);"
Sim/Modes/SiegeModes.cs,914,2f,modes.siegeMode.payBountiesRoundMin,x,nguong,05,1,inline,,"math_clamp: var cp = Math.Clamp(MathF.Round(building.Def.MaxHp / 400f), 2f, 6f);"
Sim/Modes/SiegeModes.cs,914,6f,modes.siegeMode.payBountiesRoundMax,x,nguong,05,1,inline,,"math_clamp: var cp = Math.Clamp(MathF.Round(building.Def.MaxHp / 400f), 2f, 6f);"
Sim/Modes/SiegeModes.cs,926,25f,modes.siegeMode.contestedDistanceMax,m,ban_kinh,05,1,inline,,"compare: if (v.IsAlive && v.Team == Attacker && Vector2.Distance(v.Position, objective.Position) < 25f) return true;"
Sim/Modes/SiegeModes.cs,939,0.25,modes.siegeMode.advanceInterval,s,thoi_gian,05,1,inline,,"arg:SiegeMode.Collapse: Collapse(world, _defences[cleared - 1], 0.25, props: false);"
Sim/Modes/SiegeModes.cs,948,2,modes.siegeMode.advanceNextMax,x,nguong,05,1,inline,,"compare: DomeUp = next <= 2 && Alive(world, _generators) > 0;"
Sim/Modes/SiegeModes.cs,950,3,modes.siegeMode.advanceNextIs,x,khac,05,1,inline,,equals: if (next == 3) SpawnGuardian(world);
Sim/Modes/SiegeModes.cs,951,2,modes.siegeMode.advanceNextIs2,x,khac,05,1,inline,,"equals: world.Emit(SimEvent.Stage(next, Fortress ?? Vector2.Zero, Key(next == 2 ? ""stage2"" : ""stage3"")));"
Sim/Modes/SiegeModes.cs,959,0.7f,modes.siegeMode.spawnGuardianX,x,khac,05,1,inline,,"ctor_arg:Vector2: var toward = world.TryGetRally(Attacker, out var rally) ? Vector2.Normalize(rally - hq) : new Vector2(-0.7f, -0.7f);"
Sim/Modes/SiegeModes.cs,959,0.7f,modes.siegeMode.spawnGuardianY,x,khac,05,2,inline,,"ctor_arg:Vector2: var toward = world.TryGetRally(Attacker, out var rally) ? Vector2.Normalize(rally - hq) : new Vector2(-0.7f, -0.7f);"
Sim/Modes/SiegeModes.cs,960,12f,modes.siegeMode.spawnGuardianTowardScale,x,khac,05,1,inline,,"multiply: world.SpawnVehicle(_rules.Guardian, Defender, RoomFor(world, hq + toward * 12f, world.Catalog.Vehicle(_rules.Guardian)), SimMath.HeadingOf(toward));"
Sim/Modes/SiegeModes.cs,972,2,modes.siegeMode.roomForCeilingFloor,m,ban_kinh,05,1,inline,,"math_max: var room = Math.Max(2, (int)MathF.Ceiling((def.HullRadius - SimWorld.ObstacleClearance) / grid.CellSize) + 1);"
Sim/Modes/SiegeModes.cs,975,12,modes.siegeMode.roomForRingMax,x,nguong,05,1,inline,,compare: for (var ring = 0; ring <= 12; ring++)
Sim/Modes/SiegeModes.cs,1005,0.75f,modes.siegeMode.keepEventsHealthMax,x,sat_thuong,05,1,inline,,compare: if (_hqPhase == 0 && health < 0.75f)
Sim/Modes/SiegeModes.cs,1012,0.5f,modes.siegeMode.keepEventsHealthMax2,x,sat_thuong,05,1,inline,,compare: else if (_hqPhase == 1 && health < 0.5f)
Sim/Modes/SiegeModes.cs,1014,2,modes.siegeMode.keepEventsHqPhase,x,khac,05,1,inline,,assign: _hqPhase = 2;
Sim/Modes/SiegeModes.cs,1015,6.0,modes.siegeMode.keepEventsTimeAdd,s,thoi_gian,05,1,inline,,add: _glyphUntil = world.Time + 6.0;
Sim/Modes/SiegeModes.cs,1019,8f,modes.siegeMode.keepEventsX,x,khac,05,1,inline,,"ctor_arg:Vector2: world.SpawnVehicle(elite, Defender, RoomFor(world, hq.Position + new Vector2(-8f, -8f), world.Catalog.Vehicle(elite)),"
Sim/Modes/SiegeModes.cs,1019,8f,modes.siegeMode.keepEventsY,x,khac,05,2,inline,,"ctor_arg:Vector2: world.SpawnVehicle(elite, Defender, RoomFor(world, hq.Position + new Vector2(-8f, -8f), world.Catalog.Vehicle(elite)),"
Sim/Modes/SiegeModes.cs,1020,225f,modes.siegeMode.keepEventsDegrees,x,khac,05,1,inline,,arg:SimMath.DegToRad: SimMath.DegToRad(225f));
Sim/Modes/SiegeModes.cs,1023,2,modes.siegeMode.keepEventsHqPhaseIs,x,sat_thuong,05,1,inline,,equals: else if (_hqPhase == 2 && health < 0.25f)
Sim/Modes/SiegeModes.cs,1023,0.25f,modes.siegeMode.keepEventsHealthMax3,x,sat_thuong,05,1,inline,,compare: else if (_hqPhase == 2 && health < 0.25f)
Sim/Modes/SiegeModes.cs,1025,3,modes.siegeMode.keepEventsHqPhase2,x,khac,05,1,inline,,assign: _hqPhase = 3;
Sim/Modes/SiegeModes.cs,1052,3,modes.siegeMode.brownoutHqPhaseMin,x,nguong,05,1,inline,,"compare: var boost = _hqPhase >= 3 ? 1.3f : MathF.Max(0.5f, 1f - down / 6f);"
Sim/Modes/SiegeModes.cs,1052,1.3f,modes.siegeMode.brownoutHqPhaseTrue,x,nguong,05,1,inline,,"conditional: var boost = _hqPhase >= 3 ? 1.3f : MathF.Max(0.5f, 1f - down / 6f);"
Sim/Modes/SiegeModes.cs,1052,0.5f,modes.siegeMode.brownoutDownFloor,x,nguong,05,1,inline,,"math_max: var boost = _hqPhase >= 3 ? 1.3f : MathF.Max(0.5f, 1f - down / 6f);"
Sim/Modes/SiegeModes.cs,1052,6f,modes.siegeMode.brownoutDownDivisor,x,nguong,05,1,inline,,"divide: var boost = _hqPhase >= 3 ? 1.3f : MathF.Max(0.5f, 1f - down / 6f);"
Sim/Modes/SiegeModes.cs,1053,3,modes.siegeMode.brownoutRingMax,x,nguong,05,1,inline,,compare: for (var ring = 1; ring < 3; ring++)
Sim/Modes/SiegeModes.cs,1061,4,modes.siegeMode.fallStage,x,khac,05,1,inline,,assign: Stage = 4;
Sim/Modes/SiegeModes.cs,1066,0.12,modes.siegeMode.fallInterval,s,thoi_gian,05,1,inline,,"arg:SiegeMode.Collapse: Collapse(world, remaining, 0.12, props: false);"
Sim/Modes/SiegeModes.cs,1067,0.08,modes.siegeMode.fallInterval2,s,thoi_gian,05,1,inline,,"arg:SiegeMode.Collapse: Collapse(world, _fortressProps, 0.08, props: true);"
Sim/Modes/SiegeModes.cs,1068,4.5,modes.siegeMode.fallTimeAdd,s,thoi_gian,05,1,inline,,add: _finishAt = world.Time + 4.5;
Sim/Modes/SiegeModes.cs,1069,4,modes.siegeMode.fallStage,x,khac,05,1,inline,,"arg:SimEvent.Stage: world.Emit(SimEvent.Stage(4, Fortress ?? Vector2.Zero, Key(""fallen"")));"
Sim/Modes/SiegeModes.cs,1095,60.0,modes.siegeMode.watchTimeMax,s,thoi_gian,05,1,inline,,compare: if (!_rules.Night || _fortress == null || world.Time < _spotCheck || world.Time - _spottedAt < 60.0) return;
Sim/Modes/SiegeModes.cs,1155,4,modes.siegeMode.runSuperGunStageMin,s,thoi_gian,05,1,inline,,compare: if (world.Time < _superGunFireAt || Stage >= 4) return;
Sim/Modes/SiegeModes.cs,1175,144f,modes.siegeMode.superGunAimDistanceSquaredMax,m,ban_kinh,05,1,inline,,"compare: if (o.IsAlive && o.Team == Attacker && !o.Flying && !o.Def.Static && Vector2.DistanceSquared(o.Position, v.Position) < 144f)"
Sim/Modes/SiegeModes.cs,1194,3,modes.siegeMode.nextArrivalStageMin,count,gioi_han_thuc_the,05,1,inline,,compare: if (_fortress?.Arrival is not { } line || Stage >= 3 || line.Path.Count < 2) return null;
Sim/Modes/SiegeModes.cs,1194,2,modes.siegeMode.nextArrivalCountMax,count,gioi_han_thuc_the,05,1,inline,,compare: if (_fortress?.Arrival is not { } line || Stage >= 3 || line.Path.Count < 2) return null;
Sim/Modes/SiegeModes.cs,1196,2,modes.siegeMode.nextArrivalCountSub,count,gioi_han_thuc_the,05,1,inline,,subtract: var along = line.Path[line.Path.Count - 1] - line.Path[line.Path.Count - 2];
Sim/Modes/SiegeModes.cs,1197,0.01f,modes.siegeMode.nextArrivalLengthSquaredMin,m,ban_kinh,05,1,inline,,compare: along = along.LengthSquared() > 0.01f ? Vector2.Normalize(along) : Vector2.UnitX;
Sim/Modes/SiegeModes.cs,1198,2.5,modes.siegeMode.nextArrivalArrivalAtMin,s,thoi_gian,05,1,inline,,"compare: if (!double.IsNaN(_arrivalAt) && _arrivalAt - now >= 2.5) return (_arrivalAt, line.Stop, along);"
Sim/Modes/SiegeModes.cs,1224,4,modes.siegeMode.planWaveCountDivisor,count,tan_suat,05,1,inline,,"divide: var heavies = _rules.WaveHeavy.Count > 0 && _rules.HeavyEvery > 0 ? Math.Min(count / 4, wave / _rules.HeavyEvery) : 0;"
Sim/Modes/SiegeModes.cs,1226,4,modes.siegeMode.planWaveCountDivisor,count,ban_kinh,05,1,inline,,"divide: var breakers = _rules.WaveBreachers.Count > 0 && wave >= _rules.BreachFrom ? Math.Min(count / 4, 1 + (wave - _rules.BreachFrom) / Math.Max(1, _rules.BreachEvery"
Sim/Modes/SiegeModes.cs,1231,0.6f,modes.siegeMode.planWaveWaveCap,count,tran,05,1,inline,,"math_min: var elite = MathF.Min(0.6f, (wave - _rules.EliteFrom + 1) * 0.08f);"
Sim/Modes/SiegeModes.cs,1231,0.08f,modes.siegeMode.planWaveWaveScale,count,gioi_han_thuc_the,05,1,inline,,"multiply: var elite = MathF.Min(0.6f, (wave - _rules.EliteFrom + 1) * 0.08f);"
Sim/Modes/SiegeModes.cs,1274,14,modes.siegeMode.sendBreachArmyCpMax,CP,ban_kinh,05,1,inline,,"compare: if (ours.ArmyCp < 14 || ours.ArmyCp < 1.6f * Math.Max(1, theirs.ArmyCp)) return;"
Sim/Modes/SiegeModes.cs,1274,1.6f,modes.siegeMode.sendBreachMaxScale,count,ban_kinh,05,1,inline,,"multiply: if (ours.ArmyCp < 14 || ours.ArmyCp < 1.6f * Math.Max(1, theirs.ArmyCp)) return;"
Sim/Modes/SiegeModes.cs,1279,2,modes.siegeMode.sendBreachKMax,m,ban_kinh,05,1,inline,,"compare: for (var k = 0; k < 2; k++) _reserve.Enqueue((Wave, world.Catalog.EliteVariant(id) ?? id));"
Sim/Modes/SiegeModes.cs,1293,2,modes.siegeMode.forwardDropStageMax,count,gioi_han_thuc_the,05,1,inline,,compare: if (_fortress is not { Layered: true } f || f.ForwardDrops.Count == 0 || Stage < 2) return null;
Sim/Modes/SiegeModes.cs,1294,2,modes.siegeMode.forwardDropStageSub,count,gioi_han_thuc_the,05,1,inline,,"subtract: return f.ForwardDrops[Math.Min(Stage - 2, f.ForwardDrops.Count - 1)];"
Sim/Modes/SiegeModes.cs,1309,0.5,modes.siegeMode.releaseWavesTimeAdd,s,thoi_gian,05,1,inline,,add: _inbound.Add(world.Time + Economy.EconomySystem.DeliverySeconds + 0.5);
Sim/Modes/SiegeModes.cs,1339,0.4,modes.siegeMode.collapseTimeAdd,s,thoi_gian,05,1,inline,,add: var start = world.Time + 0.4;
Sim/Modes/SiegeModes.cs,1355,10f,modes.siegeMode.runChainHpScale,x,sat_thuong,05,1,inline,,"multiply: world.Damage.Apply(p, p.Hp * 10f + 100000f, DamageType.HighExplosive);"
Sim/Modes/SiegeModes.cs,1355,100000f,modes.siegeMode.runChainHpAdd,x,sat_thuong,05,1,inline,,"add: world.Damage.Apply(p, p.Hp * 10f + 100000f, DamageType.HighExplosive);"
Sim/Modes/SiegeModes.cs,1361,10f,modes.siegeMode.runChainHpScale,x,sat_thuong,05,1,inline,,"multiply: world.Damage.Apply(v, v.Hp * 10f + 100000f, DamageType.HighExplosive);"
Sim/Modes/SiegeModes.cs,1361,100000f,modes.siegeMode.runChainHpAdd,x,sat_thuong,05,1,inline,,"add: world.Damage.Apply(v, v.Hp * 10f + 100000f, DamageType.HighExplosive);"
Sim/Modes/SiegeModes.cs,1476,20f,modes.bossRushRules.breather,x,khac,05,1,inline,,property_init: public float Breather { get; set; } = 20f;
Sim/Modes/SiegeModes.cs,1479,88,modes.bossRushRules.timeLimitScale,s,thoi_gian,05,1,inline,,multiply: public float TimeLimit { get; set; } = 88 * 60f;
Sim/Modes/SiegeModes.cs,1479,60f,modes.bossRushRules.timeLimitScale2,s,thoi_gian,05,1,inline,,multiply: public float TimeLimit { get; set; } = 88 * 60f;
Sim/Modes/SiegeModes.cs,1482,15f,modes.bossRushRules.bounty,x,khac,05,1,inline,,property_init: public float Bounty { get; set; } = 15f;
Sim/Modes/SiegeModes.cs,1488,2f,modes.bossRushRules.partBounty,x,khac,05,1,inline,,property_init: public float PartBounty { get; set; } = 2f;
Sim/Modes/SiegeModes.cs,1490,30f,modes.bossRushRules.playerStartCp,CP,tran,05,1,inline,,"object_init: public SideSetup Player { get; set; } = new() { StartCp = 30f, Income = 1.5f, ArmyCap = 36 };"
Sim/Modes/SiegeModes.cs,1490,1.5f,modes.bossRushRules.playerIncome,count,tran,05,1,inline,,"object_init: public SideSetup Player { get; set; } = new() { StartCp = 30f, Income = 1.5f, ArmyCap = 36 };"
Sim/Modes/SiegeModes.cs,1490,36,modes.bossRushRules.playerArmyCap,count,tran,05,1,inline,,"object_init: public SideSetup Player { get; set; } = new() { StartCp = 30f, Income = 1.5f, ArmyCap = 36 };"
Sim/Modes/SiegeModes.cs,1508,0.5f,modes.bossRushRules.fleetShare,share,khac,05,1,inline,,property_init: public float FleetShare { get; set; } = 0.5f;
Sim/Modes/SiegeModes.cs,1572,0f,modes.bossRushMode.setupStartCp,CP,khac,05,1,inline,,"object_init: world.EnableEconomy(new SideSetup { StartCp = 0f, Income = 0.01f }.Build(EnemyTeam));"
Sim/Modes/SiegeModes.cs,1572,0.01f,modes.bossRushMode.setupIncome,x,khac,05,1,inline,,"object_init: world.EnableEconomy(new SideSetup { StartCp = 0f, Income = 0.01f }.Build(EnemyTeam));"
Sim/Modes/SiegeModes.cs,1575,10.0,modes.bossRushMode.setupNextBossAt,x,khac,05,1,inline,,assign: _nextBossAt = 10.0;
Sim/Modes/SiegeModes.cs,1591,2.4f,modes.bossRushMode.setupIScale,x,khac,05,1,inline,,multiply: var angle = i * 2.4f;
Sim/Modes/SiegeModes.cs,1592,4f,modes.bossRushMode.setupIAdd,x,khac,05,1,inline,,"add: var v = world.SpawnVehicle(def, PlayerTeam, rally + new Vector2(MathF.Cos(angle), MathF.Sin(angle)) * (4f + 1.2f * i), SimMath.DegToRad(45f));"
Sim/Modes/SiegeModes.cs,1592,1.2f,modes.bossRushMode.setupIScale2,x,khac,05,1,inline,,"multiply: var v = world.SpawnVehicle(def, PlayerTeam, rally + new Vector2(MathF.Cos(angle), MathF.Sin(angle)) * (4f + 1.2f * i), SimMath.DegToRad(45f));"
Sim/Modes/SiegeModes.cs,1592,45f,modes.bossRushMode.setupDegrees,x,khac,05,1,inline,,"arg:SimMath.DegToRad: var v = world.SpawnVehicle(def, PlayerTeam, rally + new Vector2(MathF.Cos(angle), MathF.Sin(angle)) * (4f + 1.2f * i), SimMath.DegToRad(45f));"
Sim/Modes/SiegeModes.cs,1593,0.05f,modes.bossRushMode.setupHealthMin,x,sat_thuong,05,1,inline,,"math_clamp: v.Hp = MathF.Max(1f, v.MaxHp * Math.Clamp(health, 0.05f, 1f));"
Sim/Modes/SiegeModes.cs,1595,6.0,modes.bossRushMode.setupNextBossAt2,x,khac,05,1,inline,,assign: _nextBossAt = 6.0;
Sim/Modes/SiegeModes.cs,1652,3,modes.bossRushMode.tickFloorCap,ticks,sat_thuong,05,1,inline,,"math_min: var steps = Math.Min(3, (int)MathF.Floor((1f - hurt.Hp / hurt.MaxHp) * 4f));"
Sim/Modes/SiegeModes.cs,1652,4f,modes.bossRushMode.tickHpScale,ticks,sat_thuong,05,1,inline,,"multiply: var steps = Math.Min(3, (int)MathF.Floor((1f - hurt.Hp / hurt.MaxHp) * 4f));"
Sim/Modes/SiegeModes.cs,1657,64,modes.bossRushMode.tickIMax,ticks,thoi_gian,05,1,inline,,compare: for (var i = 0; i < parted.PartCount && i < 64; i++)
Sim/Modes/SiegeModes.cs,1717,5.0,modes.bossRushMode.tickTimeMin,ticks,thoi_gian,05,1,inline,,"compare: var wiped = world.TryGetEconomy(PlayerTeam, out var economy) && economy.ArmyCp == 0 && world.Time > 5.0 && (!_rules.Fresh || Boss.IsValid);"
Sim/Modes/SiegeModes.cs,1719,12.0,modes.bossRushMode.tickTimeMin2,ticks,thoi_gian,05,1,inline,,"compare: if (_wipedSince >= 0 && world.Time - _wipedSince > 12.0) Finish(world, Endless ? PlayerTeam : EnemyTeam);"
Sim/Modes/SiegeModes.cs,1732,2,modes.bossRushMode.spawnGioi,count,gioi_han_thuc_the,05,1,manual:pattern,,"relational_pattern: if (world.Catalog.Vehicles.TryGetValue(id, out var routed) && routed.RouteName != null && world.Map.Route(routed.RouteName) is { Count: >= 2 } line)"
Sim/Sandbox/SandboxBattle.cs,106,2.0,modes.sandboxBattle.wipeGrace,x,khac,05,1,const_to_property,,const_field: public const double WipeGrace = 2.0;
Sim/Sandbox/SandboxBattle.cs,180,2,modes.sandboxBattle.setupTeamMax,x,nguong,05,1,inline,,compare: for (var team = 0; team < 2; team++)
Sim/Sandbox/SandboxBattle.cs,189,30f,modes.sandboxBattle.setupCpFloor,CP,tran,05,1,inline,,"math_max: var economy = new TeamEconomy(team, start, income: _unlimited[team] ? 0f : side.Income, bank: _unlimited[team] ? UnlimitedCp : MathF.Max(30f, side.Cp),"
Sim/Sandbox/SandboxBattle.cs,200,2,modes.sandboxBattle.setupTeamMax,x,nguong,05,1,inline,,compare: for (var team = 0; team < 2; team++)
Sim/Sandbox/SandboxBattle.cs,205,5,modes.sandboxBattle.setupTeamScale,x,khac,05,1,inline,,"multiply: loadout ??= BaseLoadout.ForAi(catalog, side.BaseLevel, ""default"", s.Seed + 5 * team);"
Sim/Sandbox/SandboxBattle.cs,214,2,modes.sandboxBattle.setupTeamMax,x,nguong,05,1,inline,,compare: for (var team = 0; team < 2; team++)
Sim/Sandbox/SandboxBattle.cs,216,11,modes.sandboxBattle.setupTeamScale2,x,khac,05,1,inline,,multiply: var seed = s.Seed + 11 * (team + 1);
Sim/Sandbox/SandboxBattle.cs,282,100,modes.sandboxBattle.placeHpMax,x,sat_thuong,05,1,inline,,"math_clamp: v.Hp = MathF.Max(1f, v.MaxHp * Math.Clamp(u.Hp, 1, 100) / 100f);"
Sim/Sandbox/SandboxBattle.cs,282,100f,modes.sandboxBattle.placeMaxHpDivisor,count,sat_thuong,05,1,inline,,"divide: v.Hp = MathF.Max(1f, v.MaxHp * Math.Clamp(u.Hp, 1, 100) / 100f);"
Sim/Sandbox/SandboxBattle.cs,283,100,modes.sandboxBattle.placeAmmoMax,x,nguong,05,1,inline,,"compare: if (u.Ammo < 100) SetAmmo(v, u.Ammo);"
Sim/Sandbox/SandboxBattle.cs,344,2,modes.sandboxBattle.applyGuardsTeamMax,x,nguong,05,1,inline,,compare: for (var team = 0; team < 2; team++)
Sim/Sandbox/SandboxBattle.cs,503,2,modes.sandboxBattle.issueTeamMax,x,nguong,05,1,inline,,compare: for (var team = 0; team < 2; team++)
Sim/Sandbox/SandboxBattle.cs,522,2,modes.sandboxBattle.judgeTeamMax,x,nguong,05,1,inline,,compare: for (var team = 0; team < 2; team++)
Sim/Sandbox/SandboxEditor.cs,18,100,modes.sandboxEditor.undoDepth,x,khac,05,1,const_to_property,,const_field: public const int UndoDepth = 100;
Sim/Sandbox/SandboxMaps.cs,23,300f,modes.sandboxMaps.flatSize,x,khac,05,1,const_to_property,,const_field: public const float FlatSize = 300f;
Sim/Sandbox/SandboxMaps.cs,29,90f,modes.sandboxMaps.shore,x,khac,05,1,manual:field declares several variables (split first),,"const_field: public const float Shore = 90f, WaterTile = 4f;"
Sim/Sandbox/SandboxMaps.cs,29,4f,modes.sandboxMaps.waterTile,x,khac,05,1,manual:field declares several variables (split first),,"const_field: public const float Shore = 90f, WaterTile = 4f;"
Sim/Sandbox/SandboxMaps.cs,32,106f,modes.sandboxMaps.laneXValue,x,khac,05,1,manual:static array table (FloatArray / IntArray entry),,"table: public static readonly float[] LaneX = { 106f, 120f, 134f };"
Sim/Sandbox/SandboxMaps.cs,32,120f,modes.sandboxMaps.laneXValue2,x,khac,05,1,manual:static array table (FloatArray / IntArray entry),,"table: public static readonly float[] LaneX = { 106f, 120f, 134f };"
Sim/Sandbox/SandboxMaps.cs,32,134f,modes.sandboxMaps.laneXValue3,x,khac,05,1,manual:static array table (FloatArray / IntArray entry),,"table: public static readonly float[] LaneX = { 106f, 120f, 134f };"
Sim/Sandbox/SandboxMaps.cs,42,56f,modes.sandboxMaps.flatX,x,khac,05,1,inline,,"ctor_arg:Vector2: var teams = new[] { new TeamStart(0, new Vector2(-56f, -56f)), new TeamStart(1, new Vector2(56f, 56f)) };"
Sim/Sandbox/SandboxMaps.cs,42,56f,modes.sandboxMaps.flatY,x,khac,05,2,inline,,"ctor_arg:Vector2: var teams = new[] { new TeamStart(0, new Vector2(-56f, -56f)), new TeamStart(1, new Vector2(56f, 56f)) };"
Sim/Sandbox/SandboxMaps.cs,42,56f,modes.sandboxMaps.flatX,x,khac,05,3,inline,,"ctor_arg:Vector2: var teams = new[] { new TeamStart(0, new Vector2(-56f, -56f)), new TeamStart(1, new Vector2(56f, 56f)) };"
Sim/Sandbox/SandboxMaps.cs,42,56f,modes.sandboxMaps.flatY,x,khac,05,4,inline,,"ctor_arg:Vector2: var teams = new[] { new TeamStart(0, new Vector2(-56f, -56f)), new TeamStart(1, new Vector2(56f, 56f)) };"
Sim/Sandbox/SandboxMaps.cs,54,56f,modes.sandboxMaps.coastX,x,khac,05,1,inline,,"ctor_arg:Vector2: var teams = new[] { new TeamStart(0, new Vector2(-56f, -56f)), new TeamStart(1, new Vector2(56f, 56f)) };"
Sim/Sandbox/SandboxMaps.cs,54,56f,modes.sandboxMaps.coastY,x,khac,05,2,inline,,"ctor_arg:Vector2: var teams = new[] { new TeamStart(0, new Vector2(-56f, -56f)), new TeamStart(1, new Vector2(56f, 56f)) };"
Sim/Sandbox/SandboxMaps.cs,54,56f,modes.sandboxMaps.coastX,x,khac,05,3,inline,,"ctor_arg:Vector2: var teams = new[] { new TeamStart(0, new Vector2(-56f, -56f)), new TeamStart(1, new Vector2(56f, 56f)) };"
Sim/Sandbox/SandboxMaps.cs,54,56f,modes.sandboxMaps.coastY,x,khac,05,4,inline,,"ctor_arg:Vector2: var teams = new[] { new TeamStart(0, new Vector2(-56f, -56f)), new TeamStart(1, new Vector2(56f, 56f)) };"
Sim/Sandbox/SandboxMaps.cs,56,0.5f,modes.sandboxMaps.coastFlatSizeScale,x,khac,05,1,inline,,multiply: var half = FlatSize * 0.5f;
Sim/Sandbox/SandboxMaps.cs,62,110f,modes.sandboxMaps.coastPatrol,x,khac,05,1,inline,,"object_init: new() { Id = ""near"", W = LaneX[0], Patrol = 110f, End = 146f },"
Sim/Sandbox/SandboxMaps.cs,62,146f,modes.sandboxMaps.coastEnd,x,khac,05,1,inline,,"object_init: new() { Id = ""near"", W = LaneX[0], Patrol = 110f, End = 146f },"
Sim/Sandbox/SandboxMaps.cs,63,104f,modes.sandboxMaps.coastPatrol2,x,khac,05,1,inline,,"object_init: new() { Id = ""mid"", W = LaneX[1], Patrol = 104f, End = 146f },"
Sim/Sandbox/SandboxMaps.cs,63,146f,modes.sandboxMaps.coastEnd,x,khac,05,1,inline,,"object_init: new() { Id = ""mid"", W = LaneX[1], Patrol = 104f, End = 146f },"
Sim/Sandbox/SandboxMaps.cs,64,96f,modes.sandboxMaps.coastPatrol3,x,khac,05,1,inline,,"object_init: new() { Id = ""far"", W = LaneX[2], Patrol = 96f, End = 146f },"
Sim/Sandbox/SandboxMaps.cs,64,146f,modes.sandboxMaps.coastEnd,x,khac,05,1,inline,,"object_init: new() { Id = ""far"", W = LaneX[2], Patrol = 96f, End = 146f },"
Sim/Sandbox/SandboxMaps.cs,68,40f,modes.sandboxMaps.coastY2,x,khac,05,1,inline,,"ctor_arg:Vector2: new() { At = new Vector2(Shore + 1f, -40f), Inland = new Vector2(Shore - 20f, -40f) },"
Sim/Sandbox/SandboxMaps.cs,68,20f,modes.sandboxMaps.coastShoreSub,x,khac,05,1,inline,,"subtract: new() { At = new Vector2(Shore + 1f, -40f), Inland = new Vector2(Shore - 20f, -40f) },"
Sim/Sandbox/SandboxMaps.cs,68,40f,modes.sandboxMaps.coastY2,x,khac,05,2,inline,,"ctor_arg:Vector2: new() { At = new Vector2(Shore + 1f, -40f), Inland = new Vector2(Shore - 20f, -40f) },"
Sim/Sandbox/SandboxMaps.cs,69,40f,modes.sandboxMaps.coastY2,x,khac,05,1,inline,,"ctor_arg:Vector2: new() { At = new Vector2(Shore + 1f, 40f), Inland = new Vector2(Shore - 20f, 40f) },"
Sim/Sandbox/SandboxMaps.cs,69,20f,modes.sandboxMaps.coastShoreSub,x,khac,05,1,inline,,"subtract: new() { At = new Vector2(Shore + 1f, 40f), Inland = new Vector2(Shore - 20f, 40f) },"
Sim/Sandbox/SandboxMaps.cs,69,40f,modes.sandboxMaps.coastY2,x,khac,05,2,inline,,"ctor_arg:Vector2: new() { At = new Vector2(Shore + 1f, 40f), Inland = new Vector2(Shore - 20f, 40f) },"
Sim/Sandbox/SandboxMaps.cs,71,4f,modes.sandboxMaps.coastShoreSub2,x,khac,05,1,inline,,"subtract: var piers = new[] { new Vector2(Shore - 4f, -60f), new Vector2(Shore - 4f, 0f), new Vector2(Shore - 4f, 60f) };"
Sim/Sandbox/SandboxMaps.cs,71,60f,modes.sandboxMaps.coastY3,x,khac,05,1,inline,,"ctor_arg:Vector2: var piers = new[] { new Vector2(Shore - 4f, -60f), new Vector2(Shore - 4f, 0f), new Vector2(Shore - 4f, 60f) };"
Sim/Sandbox/SandboxMaps.cs,71,4f,modes.sandboxMaps.coastShoreSub2,x,khac,05,2,inline,,"subtract: var piers = new[] { new Vector2(Shore - 4f, -60f), new Vector2(Shore - 4f, 0f), new Vector2(Shore - 4f, 60f) };"
Sim/Sandbox/SandboxMaps.cs,71,60f,modes.sandboxMaps.coastY3,x,khac,05,2,inline,,"ctor_arg:Vector2: var piers = new[] { new Vector2(Shore - 4f, -60f), new Vector2(Shore - 4f, 0f), new Vector2(Shore - 4f, 60f) };"
Sim/Sandbox/SandboxMaps.cs,71,4f,modes.sandboxMaps.coastShoreSub2,x,khac,05,3,inline,,"subtract: var piers = new[] { new Vector2(Shore - 4f, -60f), new Vector2(Shore - 4f, 0f), new Vector2(Shore - 4f, 60f) };"
Sim/Sandbox/SandboxMaps.cs,73,6f,modes.sandboxMaps.coastHalfSub,x,khac,05,1,inline,,"subtract: var sea = SeaDef.Straight(new Vector2(0f, 1f), Shore, -half, half, lanes, landings, piers, new Vector2(half - 6f, 0f));"
Sim/Sandbox/SandboxRules.cs,53,15f,modes.sandboxRules.rotationStep,x,khac,05,1,const_to_property,,const_field: public const float RotationStep = 15f;
Sim/Sandbox/SandboxRules.cs,60,8f,modes.sandboxRules.hardpointSnap,x,khac,05,1,const_to_property,,const_field: public const float HardpointSnap = 8f;
Sim/Sandbox/SandboxRules.cs,63,100f,modes.sandboxRules.roundVScale,x,khac,05,1,inline,,multiply: public static float Round(float v) => MathF.Round(v * 100f) / 100f;
Sim/Sandbox/SandboxRules.cs,63,100f,modes.sandboxRules.roundRoundDivisor,x,khac,05,2,inline,,divide: public static float Round(float v) => MathF.Round(v * 100f) / 100f;
Sim/Sandbox/SandboxRules.cs,68,360f,modes.sandboxRules.normaliseDegrees,x,khac,05,1,inline,,compound_assign: degrees %= 360f;
Sim/Sandbox/SandboxRules.cs,69,360f,modes.sandboxRules.normaliseDegrees,x,khac,05,1,inline,,compound_assign: if (degrees < 0f) degrees += 360f;
Sim/Sandbox/SandboxRules.cs,70,10f,modes.sandboxRules.normaliseDegreesScale,x,khac,05,1,inline,,multiply: return MathF.Round(degrees * 10f) / 10f % 360f;
Sim/Sandbox/SandboxRules.cs,70,360f,modes.sandboxRules.normaliseRoundMod,x,khac,05,1,inline,,modulo: return MathF.Round(degrees * 10f) / 10f % 360f;
Sim/Sandbox/SandboxRules.cs,70,10f,modes.sandboxRules.normaliseRoundDivisor,x,khac,05,2,inline,,divide: return MathF.Round(degrees * 10f) / 10f % 360f;
Sim/Sandbox/SandboxRules.cs,155,2f,modes.sandboxRules.placeMargin,x,khac,05,1,inline,,"arg:SeaDef.IsSea: if (!sea.IsSea(at, 2f)) return SandboxRefusal.NotOnSea;"
Sim/Sandbox/SandboxRules.cs,257,4f,modes.sandboxRules.spacingHullBoundFloor,m,ban_kinh,05,1,inline,,"math_max: public static float Spacing(VehicleDef def) => MathF.Max(4f, def.HullBound * 2f + 2.5f);"
Sim/Sandbox/SandboxRules.cs,257,2f,modes.sandboxRules.spacingHullBoundScale,m,ban_kinh,05,1,inline,,"multiply: public static float Spacing(VehicleDef def) => MathF.Max(4f, def.HullBound * 2f + 2.5f);"
Sim/Sandbox/SandboxRules.cs,257,2.5f,modes.sandboxRules.spacingHullBoundAdd,m,ban_kinh,05,1,inline,,"add: public static float Spacing(VehicleDef def) => MathF.Max(4f, def.HullBound * 2f + 2.5f);"
Sim/Sandbox/SandboxScenario.cs,72,100,modes.sandboxUnit.hp,x,sat_thuong,05,1,inline,,"field_init: public int Hp = 100, Ammo = 100;"
Sim/Sandbox/SandboxScenario.cs,72,100,modes.sandboxUnit.ammo,x,sat_thuong,05,2,inline,,"field_init: public int Hp = 100, Ammo = 100;"
Sim/Sandbox/SandboxScenario.cs,111,1f,modes.sandboxSide.cp,CP,khac,05,1,inline,,field_init: public float Cp = -1f;
Sim/Sandbox/SandboxScenario.cs,151,60f,modes.sandboxCheck.seconds,s,thoi_gian,05,1,inline,,field_init: public float Seconds = 60f;
Sim/Sandbox/SandboxScenario.cs,264,2,modes.sandboxScenario.toJsonIMax,x,nguong,05,1,inline,,compare: for (var i = 0; i < 2; i++)
Sim/Sandbox/SandboxScenario.cs,286,100,modes.sandboxScenario.toJsonHpIs,x,sat_thuong,05,1,inline,,"equals: if (u.Hp != 100) b.Append("",\""hp\"":"").Append(u.Hp.ToString(Inv));"
Sim/Sandbox/SandboxScenario.cs,287,100,modes.sandboxScenario.toJsonAmmoIs,x,khac,05,1,inline,,"equals: if (u.Ammo != 100) b.Append("",\""ammo\"":"").Append(u.Ammo.ToString(Inv));"
Sim/Sandbox/SandboxStats.cs,99,64,modes.sandboxStats.recentHits,x,khac,05,1,const_to_property,,const_field: public const int RecentHits = 64;
Sim/SimWorld.MatchEnd.cs,47,0.75,modes.matchEnd.skipAfter,x,khac,05,1,const_to_property,,const_field: public const double SkipAfter = 0.75;
Sim/SimWorld.MatchEnd.cs,69,7.0,modes.matchEnd.durationForKindValue,s,thoi_gian,05,1,inline,,"switch_arm: EndKind.FirstBigWin => 7.0,"
Sim/SimWorld.MatchEnd.cs,70,4.5,modes.matchEnd.durationForKindValue2,s,thoi_gian,05,1,inline,,"switch_arm: EndKind.FirstWin => 4.5,"
Sim/SimWorld.MatchEnd.cs,71,3.0,modes.matchEnd.durationForKindValue3,s,thoi_gian,05,1,inline,,"switch_arm: EndKind.Replay => 3.0,"
Sim/SimWorld.MatchEnd.cs,72,3.5,modes.matchEnd.durationForKindValue4,s,thoi_gian,05,1,inline,,"switch_arm: _ => 3.5,"
Sim/SimWorld.Storm.cs,31,0.3f,modes.simWorld.setStormInsideMin,x,nguong,05,1,inline,,"math_clamp: StormInside = Math.Clamp(inside, 0.3f, 1.5f);"
Sim/SimWorld.Storm.cs,31,1.5f,modes.simWorld.setStormInsideMax,x,nguong,05,1,inline,,"math_clamp: StormInside = Math.Clamp(inside, 0.3f, 1.5f);"
Sim/SimWorld.Storm.cs,32,0.3f,modes.simWorld.setStormOutsideMin,x,nguong,05,1,inline,,"math_clamp: StormOutside = Math.Clamp(outside, 0.3f, 1.5f);"
Sim/SimWorld.Storm.cs,32,1.5f,modes.simWorld.setStormOutsideMax,x,nguong,05,1,inline,,"math_clamp: StormOutside = Math.Clamp(outside, 0.3f, 1.5f);"
Sim/SimWorld.Storm.cs,33,1e-3f,modes.simWorld.setStormAbsMin,x,nguong,05,1,inline,,compare: StormActive = MathF.Abs(StormInside - 1f) > 1e-3f || MathF.Abs(StormOutside - 1f) > 1e-3f;
Sim/SimWorld.Storm.cs,33,1e-3f,modes.simWorld.setStormAbsMin,x,nguong,05,2,inline,,compare: StormActive = MathF.Abs(StormInside - 1f) > 1e-3f || MathF.Abs(StormOutside - 1f) > 1e-3f;
