id,phan_loai,ten_en,ten_vi,ten_ngan_vi,lop,nhanh,ke_thua_tu,base_cp,mau_hp,mau_trong_tran_hp,giap_truoc,giap_hong,giap_sau,giap_noc,cong_trinh,toc_do_m_s,xoay_than_deg_s,xoay_thap_deg_s,tam_nhin_m,ban_kinh_m,dai_m,rong_m,bay,do_cao_m,dung_yen,ban_khi_chay,toc_do_chiem,tha_du_s,he_so_sat_thuong_ra,vu_khi_chinh,vu_khi_phu,noi_tai,tu_ve,so_lan_tu_ve,hoi_tu_ve_s,mo_hinh,so_voi_ban_goc,base_cp_truoc,base_cp_sau,mau_hp_truoc,mau_hp_sau,giap_truoc_truoc,giap_truoc_sau,giap_hong_truoc,giap_hong_sau,giap_sau_truoc,giap_sau_sau,giap_noc_truoc,giap_noc_sau,toc_do_m_s_truoc,toc_do_m_s_sau,tam_nhin_m_truoc,tam_nhin_m_sau,vu_khi_chinh_truoc,vu_khi_chinh_sau,vu_khi_phu_truoc,vu_khi_phu_sau,he_so_sat_thuong_ra_truoc,he_so_sat_thuong_ra_sau,khung,kieu_duong_di,tuong,bien_the_cua,so_be,so_nong,sieu_vu_khi,sieu_vu_khi_chu_ky_s,sieu_vu_khi_cach_nham,ho_tong,chuong,nhiem_vu,thoi_gian_ha_muc_tieu_s,air,altitude_m,arena,armour,armour_front,armour_rear,armour_side,armour_top,attack_hold_s,big_attack,big_attack_scale_cooldown_s,big_attack_scale_damage,big_attack_scale_warn_s,bombard_blind_scatter,bombard_every_s,bombard_first,bombard_pierce_damage,bombard_pierce_max,bombard_scatter,bombard_targeting,bombard_warn_s,bombard_warning,bombard_weapon,boss,burrow_damage,burrow_dive_s,burrow_exposed_s,burrow_exposed_taken,burrow_first,burrow_radius_m,burrow_speed_m_s,burrow_stop_phase,burrow_stun_s,burrow_surface,burrow_surface_by_phase,burrow_under,burrow_under_by_phase,burrow_warn_s,capture_rate,ceiling_m,command_aura_damage,command_aura_fire_rate,command_aura_radius_m,cp,craft,craft_carries,craft_every_s,craft_first,craft_max,craft_per,craft_phase,craft_unit,cruise_damage,cruise_every_s,cruise_final,cruise_first,cruise_phase,cruise_radius_m,cruise_warn_s,cruise_warning,cruise_weapon,crush_armour_cut,crush_debris_damage,crush_debris_every,crush_debris_phase,crush_debris_radius,crush_dps,crush_hq,crush_min_speed,crush_reach_m,crush_structure,crush_weapon,death_explosion_damage,death_explosion_delay_s,death_explosion_radius_m,death_explosion_tier,drop_parts,duel_escorts,duel_vanish_at,duel_vanish_every,duel_vanish_seconds,factory_cap,factory_doors,factory_every_s,factory_first,factory_grow,factory_max,factory_min,factory_units,fire_trail_dps,fire_trail_every_s,fire_trail_radius_m,fire_trail_seconds_s,fires_while_moving,fixed_wing,flying,frame,general,guard,guard_count,guard_damage,guard_every_s,guard_pad_m,guard_radius_m,hp,interceptor,jammer,landing_every_s,landing_first,landing_landings,landing_max,landing_min,landing_ramp,landing_stop,landing_units,length_m,main_aim,main_model,main_slot,mines_damage,mines_interval,mines_life,mines_max,mines_radius_m,mines_tier,mines_trigger,mines_turn_strip,model,model_size_height_m,model_size_length_m,model_size_width_m,mount_weapons_0,mount_weapons_1,mount_weapons_10,mount_weapons_2,mount_weapons_3,mount_weapons_4,mount_weapons_5,mount_weapons_6,mount_weapons_7,mount_weapons_8,mount_weapons_9,naval_escape_phase,naval_escape_speed_m_s,naval_lanes,naval_pass_in,naval_pass_out,naval_role,orbit,outgoing_damage_mult,part_lock,part_lock_count,part_lock_kind,pods_count,pods_damage,pods_every_by_phase,pods_every_s,pods_fall,pods_first,pods_max,pods_min,pods_offset_m,pods_per_pod,pods_radius_m,pods_spread,pods_stun_s,pods_tiers,pods_unit,pods_units,pods_warning,radio_spawn,radius_m,rank,route,salvo,salvo_blind_scatter,salvo_damage,salvo_edge_m,salvo_every_s,salvo_first,salvo_radius_m,salvo_range_m,salvo_shells,salvo_spread,salvo_sweep,salvo_warn_s,salvo_warning,salvo_weapon,scale,scoot_max,scoot_min,scoot_shots,sead,secondary,size,skills,speed_m_s,spot_aura,static,stealth,structure,tiers_armour_belly,tiers_armour_grounded,tiers_armour_hull,tiers_crash,tiers_crash_at,tiers_crash_damage,tiers_crash_debris,tiers_crash_debris_at,tiers_crash_fall,tiers_crash_form,tiers_crash_guns,tiers_crash_radius_m,tiers_crash_warning,tiers_descend_m_s,tiers_halt_phase,tiers_heights_high,tiers_heights_low,tiers_heights_orbit,tiers_hijack,tiers_hijack_difficulties,tiers_hijack_every_s,tiers_hijack_first,tiers_hijack_seconds_s,tiers_hijack_warn_s,tiers_marks,tiers_opening,tiers_radio_appear,tiers_radio_crash,tiers_radio_descend_m_s,tiers_radio_down,tiers_radio_hijack,tiers_radio_hijack_warn,tiers_radio_phase2,tiers_radio_phase3,tiers_shift,turn_rate_deg_s,turret_turn_rate_deg_s,variant_drop,variant_keep,variant_mark,variant_name,variant_of,variant_size,variant_tint_b,variant_tint_g,variant_tint_r,vision_m,wake,wake_mounts,wake_phase,weapon,weapon_damage,width_m,nguon,raw_json
argus,mini,Argus · Scout Airship,Argus · Khí cầu trinh sát,Argus,,,,0,94850,80622.5,2,2,2,2,FALSE,4.5,16,90,80,18,,,TRUE,30,FALSE,TRUE,0,3.5,1.7892,p26_roc_main_roc_bombs,p26_roc_main_roc_bombs,,none,,,argus,doi,,,,,,,,,,,,,,,,,,,,,1,1.7892,aircraft,aircraft,quaden,command_airship,2,2,,,,FALSE,10,c10s2,NEED_CODE_CHECK,,,,,,,,,,,,,,,,,,,,,,,,,,,,,,,,,,,,,,,,,,,,,,,,,,,,,,,,,,,,,,,,,,,,,,,,,,,,,,,,,,,,,,,,,,,,,,,,,,quaden,,,,,,,94850,,,,,,,,,,,,,,,,,,,,,,,,,,,,,,,,,,,,,,,,,,,,,,,,,,,,,,,,,,,,,,,,,,radio.quaden.argus,,,,,,,,,,,,,,,,,,,,,,,,,,,0.5,,,,,,,,,,,,,,,,,,,,,,,,,,,,,,,,,,,,,,,,,,radar;engine_fl;engine_fr,argus,,command_airship,0.4375,0.8,0.9,0.92,,,,,,1.44,,Assets/MachineBrigade/Resources/Data/balance.json: vehicles[241],"{""id"":""argus"",""wake"":null,""variantOf"":""command_airship"",""general"":""quaden"",""radioSpawn"":""radio.quaden.argus"",""hp"":94850,""weaponDamage"":1.44,""partLock"":null,""spotAura"":0.5,""skills"":[],""variant"":{""size"":0.4375,""keep"":[""radar"",""engine_fl"",""engine_fr""],""tint"":[0.92,0.9,0.8],""mark"":""argus"",""tune"":{""radar"":{""hp"":0.14,""stops"":[""spotaura""],""radio"":""radio.part.radar"",""breakDamage"":0.3},""engine_fl"":{""hp"":0.1,""breakDamage"":0.3},""engine_fr"":{""hp"":0.1,""breakDamage"":0.3}}}}"
armored_train,mini,Juggernaut · Armoured Train,Juggernaut · Đoàn tàu bọc thép,Juggernaut,,,,0,37750,32087.5,4,3,3,2,FALSE,0.32,30,45,50,3.6,28.819,3.91,FALSE,0,FALSE,TRUE,0,3.5,0.8319,train_gun,boss_rockets;boss_hmg;boss_flak;train_gun;boss_flak,train_smoke;train_patch,none,,,armored_train,doi,,,,,,,,,,,,,,,,,,,,,1,0.8319,train,rail,kessler,,6,6,,,,TRUE,4;7,c4m05;c7m05,NEED_CODE_CHECK,,,ironport,,4,3,3,2,,,,,,,,,,,,,,,,TRUE,,,,,,,,,,,,,,,0,,,,,0,,,,,,,,,,,,,,,,,,,,,,,,,,,,,380,2.6,16,Ultimate,mortar_car,,,,,,,,,,,,,,,,,TRUE,,,train,kessler,,,,,,,37750,,,,,,,,,,,25.06,,,,,,,,,,,,,,,,,,,,,,,,,,,,,,,,,,0.8319,,,,,,,,,,,,,,,,,,,,,radio.kessler.juggernaut,3.6,mini,rail,,,,,,,,,,,,,,,1.15,,,,,,0.85,train_smoke;train_patch,0.32,,,,,,,,,,,,,,,,,,,,,,,,,,,,,,,,,,,,,,,,30,45,,,,,,,,,,50,,,,train_gun,1.859,3.4,Assets/MachineBrigade/Resources/Data/balance.json: vehicles[206],"{""id"":""armored_train"",""outgoingDamageMult"":0.8319,""weaponDamage"":1.859,""frame"":""train"",""arena"":""ironport"",""route"":""rail"",""rank"":""mini"",""general"":""kessler"",""size"":0.85,""dropParts"":[""mortar_car""],""radioSpawn"":""radio.kessler.juggernaut"",""scale"":1.15,""armour"":[4,3,3,2],""hp"":37750,""speed"":0.32,""turnRate"":30,""turretTurnRate"":45,""radius"":3.6,""length"":25.06,""width"":3.4,""cp"":0,""vision"":50,""firesWhileMoving"":true,""weapon"":""train_gun"",""captureRate"":0,""boss"":true,""skills"":[""train_smoke"",""train_patch""],""secondary"":[{""weapon"":""boss_rockets"",""slot"":""rocket"",""aim"":""Free""},{""weapon"":""boss_hmg"",""slot"":""mg"",""aim"":""Free""},{""weapon"":""boss_flak"",""slot"":""mg"",""aim"":""Free""},{""weapon"":""train_gun"",""slot"":""main"",""aim"":""Free""},{""weapon"":""train_mortar"",""slot"":""mortar"",""aim"":""Free""},{""weapon"":""boss_flak"",""slot"":""mg"",""aim"":""Free""}],""parts"":[{""id"":""locomotive"",""kind"":""locomotive"",""hp"":0.12,""armour"":4,""wreck"":""wreck_stump"",""at"":[0,7.5,2.5],""radius"":3.5,""speed"":0.5,""radio"":""radio.part.locomotive""},{""id"":""gun_car_front"",""kind"":""maingun"",""hp"":0.12,""armour"":3,""node"":""Main_cannon|Muzzle_brake"",""wreck"":""wreck_barrel"",""at"":[0,-3.2,3.7],""radius"":3.0,""mounts"":[0],""radio"":""radio.part.maingun""},{""id"":""gun_car_rear"",""kind"":""maingun"",""hp"":0.12,""armour"":3,""wreck"":""wreck_stump"",""at"":[0,2.0,3.0],""radius"":2.5,""mounts"":[4]},{""id"":""rocket_car"",""kind"":""rockets"",""hp"":0.1,""armour"":2,""node"":""Mount_rocket"",""wreck"":""wreck_launcher"",""at"":[0,-8.3,3.0],""radius"":2.2,""mounts"":[1]},{""id"":""flak_car"",""kind"":""flak"",""hp"":0.1,""armour"":2,""wreck"":""wreck_stump"",""at"":[0,-6.35,3.2],""radius"":2.0,""mounts"":[3]},{""id"":""mortar_car"",""kind"":""mortar"",""hp"":0.1,""armour"":2,""node"":""Part_mortar"",""wreck"":""wreck_launcher"",""at"":[0,-12.5,2.6],""radius"":2.4,""mounts"":[5]}],""deathExplosion"":{""damage"":380,""radius"":16,""delay"":2.6,""tier"":""Ultimate""}}"
bastion_mk0,mini,Bastion Mk.0 · Prototype Fortress,Bastion Mk.0 · Pháo đài nguyên mẫu,Bastion Mk.0,,,,0,19250,16362.5,4,4,4,3,FALSE,1.1,18,22,64,7.5,19.884,10.92,FALSE,0,FALSE,TRUE,0,3.5,1.4708,p26_bastion_sec_b240,p26_bastion_direct_b100;p26_bastion_direct_b100,train_patch;boss_bulwark;fortress_barrage,none,,,bastion_mk0,doi,,,,,,,,,,,,,,,,,,,,,1,1.4708,tracked,tracked,brandt,fortress_bastion,3,5,,,,FALSE,1,c1m05,NEED_CODE_CHECK,,,,,4,4,4,3,,,,,,,,,,,,,,,,,,,,,,,,,,,,,,,,,,,,,,,,,,,,,,,,,,,,,,,,,,,,,,,,,,,,,,,,,,,,,,,,,,,,,,,,,,brandt,,,,,,,19250,,,,,,,,,,,,,,,,,,,,,,,,,,,,,,,,,,,,,,,,,,,,,1.4708,,,,,,,,,,,,,,,,,,,,,radio.brandt.bastion_mk0,,,,,,,,,,,,,,,,,,,,,,,,,,1.1,,,,,,,,,,,,,,,,,,,,,,,,,,,,,,,,,,,,,,,,,,,mortar;turret_fl;turret_fr,mk0,mk0,fortress_bastion,0.6,0.72,0.86,0.8,,,,,,1.51,,Assets/MachineBrigade/Resources/Data/balance.json: vehicles[235],"{""id"":""bastion_mk0"",""outgoingDamageMult"":1.4708,""guard"":null,""armour"":[4,4,4,3],""variantOf"":""fortress_bastion"",""hp"":19250,""weaponDamage"":1.51,""general"":""brandt"",""radioSpawn"":""radio.brandt.bastion_mk0"",""speed"":1.1,""variant"":{""size"":0.6,""keep"":[""mortar"",""turret_fl"",""turret_fr""],""tint"":[0.8,0.86,0.72],""mark"":""mk0"",""name"":""mk0"",""tune"":{""mortar"":{""hp"":0.15},""turret_fl"":{""hp"":0.1},""turret_fr"":{""hp"":0.1}}}}"
behemoth,main,Behemoth · Steel Monster,Behemoth · Quái vật thép,Behemoth,,,,0,33550,28517.5,5,3,2,2,FALSE,2.4,25,30,50,6.4,15.108,7.8,FALSE,0,FALSE,TRUE,0,3.5,1,p26_behemoth_main_be152,p26_behemoth_tiny_be120;p26_behemoth_close_boss_flak;p26_behemoth_close_boss_flak;p26_behemoth_tiny_boss_missiles;p26_behemoth_tiny_boss_missiles;p26_behemoth_tiny_kornet_twin;p26_behemoth_direct_be120;p26_behemoth_direct_be120;p26_behemoth_sec_be_rockets,boss_rage;boss_bulwark,aps,2,4,behemoth,giong,,,,,,,,,,,,,,,,,,,,,,,tracked,tracked,varga,,10,13,behemoth_barrage,45,group,TRUE,2,,NEED_CODE_CHECK,,,,,5,2,3,2,,behemoth_barrage,,,,,,,,,,,,,,TRUE,,,,,,,,,,,,,,,0,,,,,0,,,,,,,,,,,,,,,,,,,,,,,,,,,,,400,2.6,18,Ultimate,,,,,,,,,,,,,,,,,,TRUE,,,tracked,varga,,4,160,5,6,15,33550,,,,,,,,,,,12.59,,,,,,,,,,,,,,,,p26_behemoth_main_be152,p26_behemoth_tiny_be120,,p26_behemoth_close_boss_flak,p26_behemoth_close_boss_flak,p26_behemoth_tiny_boss_missiles,p26_behemoth_tiny_boss_missiles,p26_behemoth_tiny_kornet_twin,p26_behemoth_direct_be120,p26_behemoth_direct_be120,p26_behemoth_sec_be_rockets,,,,,,,,,,,,,,,,,,,,,,,,,,,,,radio.varga.behemoth,6.4,main,,,,,,,,,,,,,,,,1.2,,,,,,1.5712,boss_rage;boss_bulwark,2.4,,,,,,,,,,,,,,,,,,,,,,,,,,,,,,,,,,,,,,,,25,30,,,,,,,,,,50,,9,1,gun_behemoth,1,6.5,Assets/MachineBrigade/Resources/Data/balance.json: vehicles[204],"{""id"":""behemoth"",""guard"":{""radius"":15,""count"":4,""every"":5,""damage"":160,""pad"":6},""wake"":{""phase"":1,""mounts"":[9]},""mountWeapons"":{""0"":""p26_behemoth_main_be152"",""1"":""p26_behemoth_tiny_be120"",""2"":""p26_behemoth_close_boss_flak"",""3"":""p26_behemoth_close_boss_flak"",""4"":""p26_behemoth_tiny_boss_missiles"",""5"":""p26_behemoth_tiny_boss_missiles"",""6"":""p26_behemoth_tiny_kornet_twin"",""7"":""p26_behemoth_direct_be120"",""8"":""p26_behemoth_direct_be120"",""9"":""p26_behemoth_sec_be_rockets""},""frame"":""tracked"",""rank"":""main"",""general"":""varga"",""size"":1.5712,""radioSpawn"":""radio.varga.behemoth"",""scale"":1.2,""armour"":[5,3,2,2],""hp"":33550,""weaponDamage"":1,""speed"":2.4,""turnRate"":25,""turretTurnRate"":30,""radius"":6.4,""length"":12.59,""width"":6.5,""cp"":0,""vision"":50,""firesWhileMoving"":true,""weapon"":""gun_behemoth"",""captureRate"":0,""boss"":true,""bigAttack"":""behemoth_barrage"",""skills"":[""boss_rage"",""boss_bulwark""],""aps"":{""radius"":11,""charges"":2,""recharge"":4},""secondary"":[{""weapon"":""gun_120mm"",""slot"":""gun"",""aim"":""Free""},{""weapon"":""boss_flak"",""slot"":""mg"",""aim"":""Free""},{""weapon"":""boss_flak"",""slot"":""mg"",""aim"":""Free""},{""weapon"":""boss_missiles"",""slot"":""missile"",""aim"":""Hull""},{""weapon"":""boss_missiles"",""slot"":""missile"",""aim"":""Hull""},{""weapon"":""kornet_twin"",""slot"":""missile"",""aim"":""Free""}],""parts"":[{""id"":""main_gun"",""kind"":""maingun"",""hp"":0.07,""armour"":3,""node"":""Main_cannon|Main_cannon_2|Muzzle_brake|Muzzle_brake_2"",""wreck"":""wreck_barrel"",""at"":[0,3.5,4.1],""radius"":3.2,""mounts"":[0],""radio"":""radio.part.maingun""},{""id"":""gun_120"",""kind"":""gun"",""hp"":0.07,""armour"":3,""node"":""Mount_gun"",""wreck"":""wreck_turret"",""at"":[0,3.45,2.8],""radius"":2.2,""mounts"":[1,6]},{""id"":""flak_r"",""kind"":""flak"",""hp"":0.07,""armour"":2,""node"":""Mount_mg"",""wreck"":""wreck_turret"",""at"":[0.9,-1.15,4.8],""radius"":1.8,""mounts"":[2]},{""id"":""flak_l"",""kind"":""flak"",""hp"":0.07,""armour"":2,""node"":""Mount_mg.001"",""wreck"":""wreck_turret"",""at"":[-0.9,-1.15,4.8],""radius"":1.8,""mounts"":[3]},{""id"":""missiles_r"",""kind"":""missiles"",""hp"":0.07,""armour"":2,""wreck"":""wreck_launcher"",""at"":[2.6,-2.5,2.3],""radius"":2.0,""mounts"":[4]},{""id"":""missiles_l"",""kind"":""missiles"",""hp"":0.07,""armour"":2,""wreck"":""wreck_launcher"",""at"":[-2.6,-2.5,2.3],""radius"":2.0,""mounts"":[5]},{""id"":""aps"",""kind"":""aps"",""hp"":0.07,""armour"":1,""wreck"":""wreck_stump"",""at"":[0,0.6,5.2],""radius"":1.6,""stops"":[""aps""]},{""use"":""side_gun_120"",""id"":""side_gun_l"",""node"":""Mount_gun.001"",""at"":[-3.4,1.0,2.6]},{""use"":""side_gun_120"",""id"":""side_gun_r"",""node"":""Mount_gun.002"",""at"":[3.4,1.0,2.6]},{""use"":""rocket_pod"",""id"":""rocket_pod"",""node"":""Mount_rocket"",""at"":[0,-3.8,4.4]}],""deathExplosion"":{""damage"":400,""radius"":18,""delay"":2.6,""tier"":""Ultimate""}}"
behemoth_inferno,mini,Inferno · Flame Behemoth,Inferno · Behemoth phun lửa,Inferno,,,,0,24600,20910.0,4,3,2,2,FALSE,2.9,28,40,46,6.4,15.108,7.8,FALSE,0,FALSE,TRUE,0,3.5,1,boss_flamer,boss_thermo;boss_flamer,boss_rage;train_smoke,none,,,behemoth_inferno,giong,,,,,,,,,,,,,,,,,,,,,,,tracked,tracked,varga,,3,3,,,,TRUE,2;7,c2m05;c7m13,NEED_CODE_CHECK,,,,,4,2,3,2,,,,,,,,,,,,,,,,TRUE,,,,,,,,,,,,,,,0,,,,,0,,,,,,,,,,,,,,,,,,,,,,,,,,,,,420,2.6,19,Ultimate,flak,,,,,,,,,,,,,18,4,3.5,10,TRUE,,,tracked,varga,,,,,,,24600,,,,,,,,,,,12.59,,,,,,,,,,,,,,,,,,,,,,,,,,,,,,,,,,,,,,,,,,,,,,,,,,,,,,,radio.varga.inferno,6.4,mini,,,,,,,,,,,,,,,,1.2,,,,,,1.1252,boss_rage;train_smoke,2.9,,,,,,,,,,,,,,,,,,,,,,,,,,,,,,,,,,,,,,,,28,40,,,,,,,,,,46,,,,boss_flamer,1.962,6.5,Assets/MachineBrigade/Resources/Data/balance.json: vehicles[212],"{""id"":""behemoth_inferno"",""frame"":""tracked"",""rank"":""mini"",""general"":""varga"",""size"":1.1252,""dropParts"":[""flak""],""radioSpawn"":""radio.varga.inferno"",""scale"":1.2,""armour"":[4,3,2,2],""hp"":24600,""weaponDamage"":1.962,""speed"":2.9,""turnRate"":28,""turretTurnRate"":40,""radius"":6.4,""length"":12.59,""width"":6.5,""cp"":0,""vision"":46,""firesWhileMoving"":true,""weapon"":""boss_flamer"",""captureRate"":0,""boss"":true,""skills"":[""boss_rage"",""train_smoke""],""fireTrail"":{""every"":4,""seconds"":10,""radius"":3.5,""dps"":18},""secondary"":[{""weapon"":""boss_thermo"",""slot"":""rocket"",""aim"":""Free""},{""weapon"":""boss_flak"",""slot"":""mg"",""aim"":""Free""},{""weapon"":""boss_flamer"",""slot"":""main"",""aim"":""Turret""}],""parts"":[{""id"":""flamer_r"",""kind"":""flamer"",""hp"":0.12,""armour"":2,""node"":""Main_cannon|Main_cannon_hose|Main_cannon_jacket|Muzzle_brake|Muzzle_brake_glow|Muzzle_brake_pilot"",""wreck"":""wreck_barrel"",""at"":[0.62,3.4,4.1],""radius"":2.2,""mounts"":[0],""radio"":""radio.part.maingun""},{""id"":""flamer_l"",""kind"":""flamer"",""hp"":0.12,""armour"":2,""node"":""Main_cannon_2|Main_cannon_2_hose|Main_cannon_2_jacket|Muzzle_brake_2|Muzzle_brake_2_glow|Muzzle_brake_2_pilot"",""wreck"":""wreck_barrel"",""at"":[-0.62,3.4,4.1],""radius"":2.2,""mounts"":[3]},{""id"":""thermo"",""kind"":""thermo"",""hp"":0.12,""armour"":2,""node"":""Mount_rocket"",""wreck"":""wreck_launcher"",""at"":[0,3.45,2.8],""radius"":2.2,""mounts"":[1]},{""id"":""flak"",""kind"":""flak"",""hp"":0.1,""armour"":2,""node"":""Mount_mg"",""wreck"":""wreck_turret"",""at"":[0.9,-1.15,4.8],""radius"":1.8,""mounts"":[2]},{""id"":""fuel"",""kind"":""fuel"",""hp"":0.08,""armour"":1,""node"":""Fuel_tanks|Tank_straps|Tank_hazard"",""wreck"":""wreck_stump"",""at"":[0,-4.6,2.6],""radius"":2.6,""stops"":[""trail""]}],""deathExplosion"":{""damage"":420,""radius"":19,""delay"":2.6,""tier"":""Ultimate""}}"
behemoth_mk0,mini,Behemoth Mk.0 · Prototype Behemoth,Behemoth Mk.0 · Behemoth nguyên mẫu,Behemoth Mk.0,,,,0,33900,28815.0,3,3,2,1,FALSE,2.2,25,30,50,6.4,15.108,7.8,FALSE,0,FALSE,TRUE,0,3.5,1,p26_behemoth_main_be152,p26_behemoth_direct_be120;p26_behemoth_direct_be120;p26_behemoth_sec_be_rockets,boss_bulwark,none,,,behemoth_mk0,giong,,,,,,,,,,,,,,,,,,,,,,,tracked,tracked,varga,behemoth,4,7,,,,FALSE,13,i1m03,NEED_CODE_CHECK,,,,,3,2,3,1,,,,,,,,,,,,,,,,,,,,,,,,,,,,,,,,,,,,,,,,,,,,,,,,,,,,,,,,,,,,,,,,,,,,,,,,,,,,,,,,,,,,,,,,,,varga,,,,,,,33900,,,,,,,,,,,,,,,,,,,,,,,,,,,,,,,,,,,,,,,,,,,,,,,,,,,,,,,,,,,,,,,,,,radio.varga.behemoth_mk0,,,,,,,,,,,,,,,,,,,,,,,,,boss_bulwark,2.2,,,,,,,,,,,,,,,,,,,,,,,,,,,,,,,,,,,,,,,,,,,main_gun;side_gun_l;side_gun_r;rocket_pod,mk0,mk0,behemoth,0.6538,0.66,0.82,0.94,,,,,,0.884,,Assets/MachineBrigade/Resources/Data/balance.json: vehicles[242],"{""id"":""behemoth_mk0"",""guard"":null,""wake"":null,""variantOf"":""behemoth"",""hp"":33900,""weaponDamage"":0.884,""general"":""varga"",""radioSpawn"":""radio.varga.behemoth_mk0"",""armour"":[3,3,2,1],""speed"":2.2,""aps"":null,""skills"":[""boss_bulwark""],""variant"":{""size"":0.6538,""keep"":[""main_gun"",""side_gun_l"",""side_gun_r"",""rocket_pod""],""tint"":[0.94,0.82,0.66],""mark"":""mk0"",""name"":""mk0"",""tune"":{""main_gun"":{""hp"":0.14},""side_gun_l"":{""hp"":0.12},""side_gun_r"":{""hp"":0.12},""rocket_pod"":{""hp"":0.12}}}}"
behemoth_mk2,mini,Behemoth Mk.II · Upgraded Behemoth,Behemoth Mk.II · Behemoth nâng cấp,Behemoth Mk.II,,,,0,53500,45475.0,4,3,2,2,FALSE,2.4,25,30,50,6.4,15.108,7.8,FALSE,0,FALSE,TRUE,0,3.5,1,p26_behemoth_main_be152,p26_behemoth_close_boss_flak;p26_behemoth_close_boss_flak,boss_rage;boss_bulwark,aps,2,4,behemoth_mk2,giong,,,,,,,,,,,,,,,,,,,,,,,tracked,tracked,varga,behemoth,3,4,,,,FALSE,6;12,c6m05,NEED_CODE_CHECK,,,,,4,2,3,2,,,,,,,,,,,,,,,,,,,,,,,,,,,,,,,,,,,,,,,,,,,,,,,,,,,,,,,,,,,,,,,,,,,,,,,,,,,,,,,,,,,,,,,,,,varga,,,,,,,53500,,,,,,,,,,,,,,,,,,,,,,,,,,,,,,,,,,,,,,,,,,,,,,,,,,,,,,,,,,,,,,,,,,radio.varga.behemoth_mk2,,,,,,,,,,,,,,,,,,,,,,,,,,,,,,,,,,,,,,,,,,,,,,,,,,,,,,,,,,,,,,,,,,,,,main_gun;flak_r;flak_l;aps,mk2,mk2,behemoth,0.6923,1.1,0.93,0.82,,,,,,1.928,,Assets/MachineBrigade/Resources/Data/balance.json: vehicles[239],"{""id"":""behemoth_mk2"",""guard"":null,""wake"":null,""variantOf"":""behemoth"",""hp"":53500,""weaponDamage"":1.928,""general"":""varga"",""radioSpawn"":""radio.varga.behemoth_mk2"",""armour"":[4,3,2,2],""variant"":{""size"":0.6923,""keep"":[""main_gun"",""flak_r"",""flak_l"",""aps""],""tint"":[0.82,0.93,1.1],""mark"":""mk2"",""name"":""mk2"",""tune"":{""main_gun"":{""hp"":0.13},""flak_r"":{""hp"":0.09},""flak_l"":{""hp"":0.09},""aps"":{""hp"":0.08}}}}"
behemoth_tempest,mini,Tempest · Railgun Behemoth,Tempest · Behemoth pháo điện từ,Tempest,,,,0,37750,32087.5,4,3,2,2,FALSE,2.6,25,28,70,6.4,19.008,7.8,FALSE,0,FALSE,TRUE,0,3.5,1,boss_railgun,coilgun;coilgun,mothership_shield;boss_bulwark;boss_emp,aps,2,1.6,behemoth_tempest,giong,,,,,,,,,,,,,,,,,,,,,,,tracked,tracked,kessler,,3,3,,,,TRUE,4,,NEED_CODE_CHECK,,,,,4,2,3,2,,,,,,,,,,,,,,,,TRUE,,,,,,,,,,,,,,,0,,,,,0,,,,,,,,,,,,,,,,,,,,,,,,,,,,,400,2.6,18,Ultimate,,,,,,,,,,,,,,,,,,TRUE,,,tracked,kessler,,,,,,,37750,,,,,,,,,,,15.84,,,,,,,,,,,,,,,,,,,,,,,,,,,,,,,,,,,,,,,,,,,,,,,,,,,,,,,radio.kessler.tempest,6.4,mini,,,,,,,,,,,,,,,,1.2,,,,,,0.8944,mothership_shield;boss_bulwark;boss_emp,2.6,,,,,,,,,,,,,,,,,,,,,,,,,,,,,,,,,,,,,,,,25,28,,,,,,,,,,70,,,,boss_railgun,1.74,6.5,Assets/MachineBrigade/Resources/Data/balance.json: vehicles[213],"{""id"":""behemoth_tempest"",""frame"":""tracked"",""rank"":""mini"",""general"":""kessler"",""size"":0.8944,""radioSpawn"":""radio.kessler.tempest"",""scale"":1.2,""armour"":[4,3,2,2],""hp"":37750,""weaponDamage"":1.74,""speed"":2.6,""turnRate"":25,""turretTurnRate"":28,""radius"":6.4,""length"":15.84,""width"":6.5,""cp"":0,""vision"":70,""firesWhileMoving"":true,""weapon"":""boss_railgun"",""captureRate"":0,""boss"":true,""skills"":[""mothership_shield"",""boss_bulwark"",""boss_emp""],""aps"":{""radius"":26,""charges"":2,""recharge"":1.6,""rockets"":true,""laser"":true},""secondary"":[{""weapon"":""coilgun"",""slot"":""gun"",""aim"":""Free""},{""weapon"":""coilgun"",""slot"":""gun"",""aim"":""Free""}],""parts"":[{""id"":""railgun"",""kind"":""railgun"",""hp"":0.15,""armour"":3,""node"":""Main_cannon*"",""wreck"":""wreck_barrel"",""at"":[0,5.5,4.1],""radius"":3.2,""mounts"":[0],""radio"":""radio.part.maingun""},{""id"":""coil_l"",""kind"":""coilgun"",""hp"":0.1,""armour"":3,""node"":""Mount_gun"",""wreck"":""wreck_turret"",""at"":[-0.9,3.3,2.9],""radius"":1.8,""mounts"":[1]},{""id"":""coil_r"",""kind"":""coilgun"",""hp"":0.1,""armour"":3,""node"":""Mount_gun.001"",""wreck"":""wreck_turret"",""at"":[0.9,3.3,2.9],""radius"":1.8,""mounts"":[2]},{""id"":""shield"",""kind"":""shield"",""hp"":0.12,""armour"":2,""node"":""Radar"",""wreck"":""wreck_stump"",""at"":[0,-3.3,5.9],""radius"":2.0,""skills"":[""mothership_shield"",""boss_bulwark""],""radio"":""radio.part.shield""},{""id"":""interceptor"",""kind"":""laser"",""hp"":0.08,""armour"":1,""node"":""Aps_faces|Aps_tubes|Aps_tubes_bore"",""wreck"":""wreck_stump"",""at"":[0,-0.4,4.4],""radius"":2.4,""stops"":[""aps""],""fx"":""energy""}],""deathExplosion"":{""damage"":400,""radius"":18,""delay"":2.6,""tier"":""Ultimate""}}"
caspian,mini,Caspian · Ekranoplan,Caspian · Tàu bay sát mặt nước,Caspian,,,,0,81300,69105.0,2,2,2,1,FALSE,14,18,90,90,12,52,32,FALSE,0,FALSE,TRUE,1,3.5,1,hover_ciws,zu23;zu23,,none,,,caspian,giong,,,,,,,,,,,,,,,,,,,,,,,ship,ship,hung,,3,3,,,,FALSE,9,c9m05,NEED_CODE_CHECK,,,,,2,2,2,1,,,,,,,,,,,,,,,,TRUE,,,,,,,,,,,,,,,,,,,,,,,,,,,,,700,13,0,6,0,7,4,leviathan_cruise_mark_7,leviathan_cruise,,,,,,,,,,,,300,2.0,14,Ultimate,,,,,,,,,,,,,,,,,,,,,ship,hung,,,,,,,81300,,,,,,,,,,,52,,,gun,,,,,,,,,caspian,,,,,,,,,,,,,,,-1,,near,6,20,,,,,,,,,,,,,,,,,,,,,,,,radio.hung.caspian,12,mini,,,,,,,,,,,,,,,,,,,,,,0.6809,,14,,,,,,,,,,,,,,,,,,,,,,,,,,,,,,,,,,,,,,,,18,90,,,,,,,,,,90,,,,hover_ciws,6,32,Assets/MachineBrigade/Resources/Data/balance.json: vehicles[234],"{""id"":""caspian"",""size"":0.6809,""frame"":""ship"",""rank"":""mini"",""general"":""hung"",""boss"":true,""radioSpawn"":""radio.hung.caspian"",""model"":""caspian"",""armour"":[2,2,2,1],""hp"":81300,""weaponDamage"":6,""speed"":14,""turnRate"":18,""turretTurnRate"":90,""radius"":12,""length"":52,""width"":32,""vision"":90,""weapon"":""hover_ciws"",""secondary"":[{""weapon"":""zu23"",""slot"":""mg"",""aim"":""Free""},{""weapon"":""zu23"",""slot"":""mg"",""aim"":""Free""}],""mainSlot"":""gun"",""naval"":{""lanes"":[""near""],""escapePhase"":-1,""passIn"":6,""passOut"":20},""cruise"":{""every"":13,""first"":6,""phase"":0,""warn"":4,""damage"":700,""radius"":7,""final"":0,""weapon"":""leviathan_cruise"",""warning"":""leviathan_cruise_mark_7""},""parts"":[{""id"":""engines"",""kind"":""engine"",""hp"":0.12,""armour"":2,""node"":""Part_engines"",""wreck"":""wreck_engine"",""at"":[0,18.0,5.4],""radius"":3.6,""speed"":0.6,""radio"":""radio.part.engines""},{""id"":""launcher"",""kind"":""missiles"",""hp"":0.12,""armour"":2,""node"":""Part_launcher"",""wreck"":""wreck_launcher"",""at"":[0,-2.0,7.0],""radius"":3.0,""stops"":[""cruise""],""radio"":""radio.part.antiship""},{""id"":""wing_l"",""kind"":""wing"",""hp"":0.08,""armour"":1,""node"":""Part_wing_l"",""wreck"":""wreck_stump"",""at"":[-11.0,0,3.0],""radius"":4.0,""speed"":0.85,""turn"":0.8},{""id"":""wing_r"",""kind"":""wing"",""hp"":0.08,""armour"":1,""node"":""Part_wing_r"",""wreck"":""wreck_stump"",""at"":[11.0,0,3.0],""radius"":4.0,""speed"":0.85,""turn"":0.8}],""deathExplosion"":{""damage"":300,""radius"":14,""delay"":2.0,""tier"":""Ultimate""}}"
cerberus,mini,Cerberus · Three-Car Convoy,Cerberus · Đoàn xe ba khung,Cerberus,,,,0,53500,45475.0,3,3,2,2,FALSE,3,25,30,50,6.4,15.108,7.8,FALSE,0,FALSE,TRUE,0,3.5,1,p26_behemoth_main_be152,p26_behemoth_close_boss_flak;p26_behemoth_close_boss_flak;p26_behemoth_sec_be_rockets,boss_rage;boss_bulwark,none,,,cerberus,giong,,,,,,,,,,,,,,,,,,,,,,,tracked,tracked,varga,behemoth,4,5,,,,FALSE,,,NEED_CODE_CHECK,,,,,3,2,3,2,,,,,,,,,,,,,,,,,,,,,,,,,,,,,,,,,,,,,,,,,,,,,,,,,,,,,,,,,,,,,,,,,,,,,,,,,,,,,,,,,,,,,,,,,,varga,,,,,,,53500,,,,,,,,,,,,,,,,,,,,,,,cerberus,5.5,16.3,8.4,,,,,,,,,,,,,,,,,,,,,,,,,,,,,,,,,,,,,,,,radio.varga.cerberus,,,,,,,,,,,,,,,,,,,,,,,,,,3,,,,,,,,,,,,,,,,,,,,,,,,,,,,,,,,,,,,,,,,,,,main_gun;flak_r;flak_l;rocket_pod,cerberus,,behemoth,0.6874,,,,,,,,,1.326,,Assets/MachineBrigade/Resources/Data/balance.json: vehicles[250],"{""id"":""cerberus"",""guard"":null,""wake"":null,""variantOf"":""behemoth"",""model"":""cerberus"",""general"":""varga"",""radioSpawn"":""radio.varga.cerberus"",""hp"":53500,""weaponDamage"":1.326,""armour"":[3,3,2,2],""speed"":3,""aps"":null,""modelSize"":[16.3,8.4,5.5],""variant"":{""size"":0.6874,""keep"":[""main_gun"",""flak_r"",""flak_l"",""rocket_pod""],""mark"":""cerberus"",""tune"":{""main_gun"":{""hp"":0.13},""flak_r"":{""hp"":0.11},""flak_l"":{""hp"":0.11},""rocket_pod"":{""hp"":0.12}}}}"
command_airship,main,Roc · Flying Headquarters,Roc · Khí cầu chỉ huy,Roc,,,,0,137250,116662.5,2,2,2,2,FALSE,4.5,16,90,80,18,,,TRUE,30,FALSE,TRUE,0,3.5,1.7892,p26_roc_main_roc_bombs,p26_roc_main_roc_bombs;p26_roc_direct_roc_atgm;p26_roc_direct_roc_atgm;p26_roc_close_twin_30_bmpt;p26_roc_close_twin_30_bmpt;p26_roc_roc105;p26_roc_roc105,airship_launch_l;airship_launch_r,none,,,command_airship,doi,,,,,,,,,,,,,,,,,,,,,1,1.7892,aircraft,aircraft,quaden,,8,8,airship_carpet,50,group,TRUE,10,,NEED_CODE_CHECK,,30,,2,,,,,,airship_carpet,,,,,,,,,,,,,,TRUE,,,,,,,,,,,,,,,0,,,,,0,,,,,,,,,,,,,,,,,,,,,,,,,,,,,400,2.6,18,Ultimate,,,,,,,,,,,,,,,,,,TRUE,,TRUE,aircraft,quaden,,,,,,,137250,,,,,,,,,,,,Free,,gun,,,,,,,,,,,,,p26_roc_main_roc_bombs,p26_roc_main_roc_bombs,,p26_roc_direct_roc_atgm,p26_roc_direct_roc_atgm,p26_roc_close_twin_30_bmpt,p26_roc_close_twin_30_bmpt,p26_roc_roc105,p26_roc_roc105,,,,,,,,,,1.7892,,2,engine,,,,,,,,,,,,,,,,,,radio.quaden.airship,18,main,,,,,,,,,,,,,,,,1.0,,,,,,1.7564,airship_launch_l;airship_launch_r,4.5,,,,,,,,,,,,,,,,,,,,,,,,,,,,,,,,,,,,,,,,16,90,,,,,,,,,,80,,6;7,1,airship_flak,1,,Assets/MachineBrigade/Resources/Data/balance.json: vehicles[219],"{""id"":""command_airship"",""outgoingDamageMult"":1.7892,""wake"":{""phase"":1,""mounts"":[6,7]},""mountWeapons"":{""0"":""p26_roc_main_roc_bombs"",""1"":""p26_roc_main_roc_bombs"",""2"":""p26_roc_direct_roc_atgm"",""3"":""p26_roc_direct_roc_atgm"",""4"":""p26_roc_close_twin_30_bmpt"",""5"":""p26_roc_close_twin_30_bmpt"",""6"":""p26_roc_roc105"",""7"":""p26_roc_roc105""},""frame"":""aircraft"",""rank"":""main"",""size"":1.7564,""boss"":true,""bigAttack"":""airship_carpet"",""general"":""quaden"",""radioSpawn"":""radio.quaden.airship"",""armour"":2,""hp"":137250,""weaponDamage"":1,""speed"":4.5,""turnRate"":16,""turretTurnRate"":90,""radius"":18,""scale"":1.0,""cp"":0,""vision"":80,""flying"":true,""altitude"":30,""captureRate"":0,""firesWhileMoving"":true,""weapon"":""airship_flak"",""mainSlot"":""gun"",""mainAim"":""Free"",""secondary"":[{""weapon"":""airship_flak"",""slot"":""gun"",""aim"":""Free""},{""weapon"":""airship_drones"",""slot"":""door_l"",""aim"":""Free""},{""weapon"":""airship_drones"",""slot"":""door_r"",""aim"":""Free""},{""weapon"":""twin_30_bmpt"",""slot"":""gun"",""aim"":""Free""},{""weapon"":""twin_30_bmpt"",""slot"":""gun"",""aim"":""Free""}],""skills"":[""airship_launch_l"",""airship_launch_r""],""parts"":[{""id"":""engine_fl"",""breakDamage"":0,""kind"":""engine"",""hp"":0.07,""armour"":2,""node"":""Part_engine"",""wreck"":""wreck_engine"",""at"":[-14.3,9,1],""radius"":3.6,""speed"":0.85},{""id"":""engine_fr"",""breakDamage"":0,""kind"":""engine"",""hp"":0.07,""armour"":2,""node"":""Part_engine.001"",""wreck"":""wreck_engine"",""at"":[14.3,9,1],""radius"":3.6,""speed"":0.85},{""id"":""engine_rl"",""breakDamage"":0,""kind"":""engine"",""hp"":0.07,""armour"":2,""node"":""Part_engine.002"",""wreck"":""wreck_engine"",""at"":[-14.3,-8,1],""radius"":3.6,""speed"":0.85},{""id"":""engine_rr"",""breakDamage"":0,""kind"":""engine"",""hp"":0.07,""armour"":2,""node"":""Part_engine.003"",""wreck"":""wreck_engine"",""at"":[14.3,-8,1],""radius"":3.6,""speed"":0.85},{""id"":""hangar_l"",""breakDamage"":0,""radio"":""radio.part.bay"",""kind"":""hangar"",""hp"":0.07,""armour"":2,""node"":""Part_hangar"",""wreck"":""wreck_launcher"",""at"":[-1.3,-3,-2.2],""radius"":3.2,""mounts"":[2],""skills"":[""airship_launch_l""]},{""id"":""hangar_r"",""breakDamage"":0,""radio"":""radio.part.bay"",""kind"":""hangar"",""hp"":0.07,""armour"":2,""node"":""Part_hangar.001"",""wreck"":""wreck_launcher"",""at"":[1.3,-3,-2.2],""radius"":3.2,""mounts"":[3],""skills"":[""airship_launch_r""]},{""id"":""radar"",""breakDamage"":0,""kind"":""radar"",""hp"":0.07,""armour"":1,""node"":""Part_radar"",""wreck"":""wreck_stump"",""at"":[0,3.2,6.7],""radius"":2.6,""spread"":3,""fail"":0.5,""affects"":[0,1]},{""id"":""bomb_bay"",""mounts"":[4,5],""breakDamage"":0,""kind"":""bombbay"",""hp"":0.07,""armour"":2,""wreck"":""wreck_stump"",""at"":[0,8.5,-3.0],""radius"":3.2,""radio"":""radio.part.bombbay""},{""use"":""pod_105"",""id"":""pod_105_l"",""breakDamage"":0,""node"":""Mount_gun.002"",""at"":[-7.5,0,-3.0]},{""use"":""pod_105"",""id"":""pod_105_r"",""breakDamage"":0,""node"":""Mount_gun.003"",""at"":[7.5,0,-3.0]}],""partLock"":{""kind"":""engine"",""count"":2},""phases"":[{""at"":0.6,""transform"":2.5,""damage"":1.1,""radio"":""radio.quaden.airship.phase2""},{""at"":0.25,""transform"":3,""damage"":1.25,""radio"":""radio.quaden.airship.half"",""fireRate"":1.25}],""deathExplosion"":{""damage"":400,""radius"":18,""delay"":2.6,""tier"":""Ultimate""}}"
daedalus,main,Daedalus · Orbital Lander,Daedalus · Tàu đổ bộ quỹ đạo,Daedalus,,,,0,156900,133365.0,3,2,1,1,FALSE,4.5,26,120,80,10,36,20,FALSE,0,FALSE,TRUE,1,3.5,1,p26_daedalus_direct_dae_laser,p26_daedalus_sec_dae57;p26_daedalus_sec_dae57;p26_daedalus_direct_dae_laser,boss_rage,aps,2,1.6,daedalus,giong,,,,,,,,,,,,,,,,,,,,,,,spacecraft,spacecraft,aurel,,4,6,daedalus_mass_drop,50,group,FALSE,11,,NEED_CODE_CHECK,,,,3,,,,,,daedalus_mass_drop,,,,,,,,,,,,,,TRUE,,,,,,,,,,,,,,,,,,,,,,,,,,,,,,,,,,,,,,,,,,,,,,,,,420,2.6,18,Ultimate,,,,,,,,,,,,,,,,,,,,,spacecraft,aurel,,,,,,,156900,,,,,,,,,,,36,,,gun,,,,,,,,,daedalus,,,,p26_daedalus_direct_dae_laser,p26_daedalus_sec_dae57,,p26_daedalus_sec_dae57,p26_daedalus_direct_dae_laser,,,,,,,,,,,,,,,,,,3,1125,8;6.5;5,12,6,6,8,1,30,2,6,12,1,orbit;high;low,drop_pod,main_battle_tank;ifv;heavy_tank;armored_car;bmpt;main_battle_tank;ifv;tank_destroyer,pod_drop,radio.aurel.daedalus,10,main,,,,,,,,,,,,,,,,,,,,,,1.6183,boss_rage,4.5,,,,,2,3,3,,,,,,,,,,,,2,,,,,,,,,,0.6;0.25,10,,,radio.aurel.daedalus.descend,,,,radio.aurel.daedalus.phase2,radio.aurel.daedalus.phase3,,26,120,,,,,,,,,,80,,,,autocannon_30,1,20,Assets/MachineBrigade/Resources/Data/balance.json: vehicles[230],"{""id"":""daedalus"",""mountWeapons"":{""0"":""p26_daedalus_direct_dae_laser"",""1"":""p26_daedalus_sec_dae57"",""2"":""p26_daedalus_sec_dae57"",""3"":""p26_daedalus_direct_dae_laser""},""frame"":""spacecraft"",""size"":1.6183,""rank"":""main"",""general"":""aurel"",""boss"":true,""bigAttack"":""daedalus_mass_drop"",""radioSpawn"":""radio.aurel.daedalus"",""model"":""daedalus"",""armour"":3,""hp"":156900,""weaponDamage"":1,""speed"":4.5,""turnRate"":26,""turretTurnRate"":120,""radius"":10,""length"":36,""width"":20,""vision"":80,""weapon"":""autocannon_30"",""secondary"":[{""weapon"":""gun_57mm"",""slot"":""gun"",""aim"":""Free""},{""weapon"":""gun_57mm"",""slot"":""gun"",""aim"":""Free""}],""mainSlot"":""gun"",""skills"":[""boss_rage""],""aps"":{""radius"":31.6,""charges"":2,""recharge"":1.6,""rockets"":true,""laser"":true},""tiers"":{""opening"":10,""haltPhase"":2,""marks"":[0.6,0.25],""schedule"":[{""steps"":[{""tier"":""high"",""seconds"":20},{""tier"":""low"",""seconds"":14}]},{""steps"":[{""tier"":""high"",""seconds"":14},{""tier"":""low"",""seconds"":20}]},{""steps"":[{""tier"":""low"",""seconds"":60}]}],""armour"":{""hull"":3,""belly"":2,""grounded"":3},""radio"":{""descend"":""radio.aurel.daedalus.descend"",""phase2"":""radio.aurel.daedalus.phase2"",""phase3"":""radio.aurel.daedalus.phase3""}},""pods"":{""unit"":""drop_pod"",""first"":6,""every"":12,""everyByPhase"":[8,6.5,5],""count"":3,""min"":1,""perPod"":2,""fall"":6,""max"":8,""offset"":30,""spread"":12,""tiers"":[""orbit"",""high"",""low""],""warning"":""pod_drop"",""units"":[""main_battle_tank"",""ifv"",""heavy_tank"",""armored_car"",""bmpt"",""main_battle_tank"",""ifv"",""tank_destroyer""],""damage"":1125,""radius"":6,""stun"":1},""parts"":[{""id"":""gun_l"",""kind"":""gun"",""hp"":0.08,""armour"":2,""node"":""Mount_gun"",""wreck"":""wreck_turret"",""at"":[-2.4,6.0,-1.6],""radius"":1.6,""mounts"":[0]},{""use"":""gun_30"",""id"":""gun_r"",""hp"":0.08,""node"":""Mount_gun.001"",""at"":[2.4,6.0,-1.6]},{""use"":""pd_laser"",""id"":""pd_laser_l"",""node"":""Pd_laser_l"",""at"":[-3.4,4.0,2.8]},{""use"":""pd_laser"",""id"":""pd_laser_r"",""node"":""Pd_laser_r"",""at"":[3.4,4.0,2.8]},{""id"":""engine"",""kind"":""thruster"",""hp"":0.08,""armour"":2,""node"":""Thruster_main"",""wreck"":""wreck_stump"",""at"":[0,-16.5,0.8],""radius"":3.2,""speed"":0.8,""radio"":""radio.part.mainengine""},{""use"":""pod_bay"",""id"":""pod_bay_1"",""node"":""Pod_bay_1"",""at"":[-4.0,-2.0,-2.2]},{""use"":""pod_bay"",""id"":""pod_bay_2"",""node"":""Pod_bay_2"",""at"":[0,-5.0,-2.4]},{""use"":""pod_bay"",""id"":""pod_bay_3"",""node"":""Pod_bay_3"",""at"":[4.0,-2.0,-2.2]}],""deathExplosion"":{""damage"":420,""radius"":18,""delay"":2.6,""tier"":""Ultimate""}}"
drone_mothership,main,Matriarch · Drone Mothership,Matriarch · Tàu mẹ drone,Matriarch,,,,0,63100,53635.0,2,2,2,2,FALSE,3.5,20,90,70,9,,,TRUE,26,FALSE,TRUE,0,3.5,1,p26_matriarch_tiny_mothership_cannon,p26_matriarch_ma_drones;p26_matriarch_close_boss_flak;p26_matriarch_close_boss_flak;p26_matriarch_tiny_mothership_cannon;p26_matriarch_direct_ma_atgm;p26_matriarch_sec_autocannon_30;p26_matriarch_sec_autocannon_30;p26_matriarch_direct_ma_atgm,mothership_launch;boss_flares;mothership_shield,none,,,drone_mothership,giong,,,,,,,,,,,,,,,,,,,,,,,aircraft,aircraft,sen,,9,9,carrier_heavy_bomb,45,group,TRUE,5,,NEED_CODE_CHECK,,26,,2,,,,,,carrier_heavy_bomb,,,,,,,,,,,,,,TRUE,,,,,,,,,,,,,,,0,,,,,0,,,,,,,,,,,,,,,,,,,,,,,,,,,,,300,2.6,14,Ultimate,,,,,,,,,,,,,,,,,,TRUE,,TRUE,aircraft,sen,,,,,,,63100,,,,,,,,,,,,,,,,,,,,,,,,,,,p26_matriarch_tiny_mothership_cannon,p26_matriarch_ma_drones,,p26_matriarch_close_boss_flak,p26_matriarch_close_boss_flak,p26_matriarch_tiny_mothership_cannon,p26_matriarch_direct_ma_atgm,p26_matriarch_sec_autocannon_30,p26_matriarch_sec_autocannon_30,p26_matriarch_direct_ma_atgm,,,,,,,,,,,,,,,,,,,,,,,,,,,,,,radio.sen.matriarch,9,main,,,,,,,,,,,,,,,,1.15,,,,,,1.6903,mothership_launch;boss_flares;mothership_shield,3.5,,,,,,,,,,,,,,,,,,,,,,,,,,,,,,,,,,,,,,,,20,90,,,,,,,,,,70,,4;6;7,1,mothership_cannon,1,,Assets/MachineBrigade/Resources/Data/balance.json: vehicles[208],"{""id"":""drone_mothership"",""wake"":{""phase"":1,""mounts"":[4,6,7]},""mountWeapons"":{""0"":""p26_matriarch_tiny_mothership_cannon"",""1"":""p26_matriarch_ma_drones"",""2"":""p26_matriarch_close_boss_flak"",""3"":""p26_matriarch_close_boss_flak"",""4"":""p26_matriarch_tiny_mothership_cannon"",""5"":""p26_matriarch_direct_ma_atgm"",""6"":""p26_matriarch_sec_autocannon_30"",""7"":""p26_matriarch_sec_autocannon_30"",""8"":""p26_matriarch_direct_ma_atgm""},""frame"":""aircraft"",""rank"":""main"",""general"":""sen"",""size"":1.6903,""radioSpawn"":""radio.sen.matriarch"",""scale"":1.15,""boss"":true,""bigAttack"":""carrier_heavy_bomb"",""armour"":2,""hp"":63100,""weaponDamage"":1,""speed"":3.5,""turnRate"":20,""turretTurnRate"":90,""radius"":9,""cp"":0,""vision"":70,""firesWhileMoving"":true,""weapon"":""mothership_cannon"",""flying"":true,""altitude"":26,""captureRate"":0,""skills"":[""mothership_launch"",""boss_flares"",""mothership_shield""],""secondary"":[{""weapon"":""mothership_drones"",""slot"":""missile"",""aim"":""Free""},{""weapon"":""boss_flak"",""slot"":""mg"",""aim"":""Free""},{""weapon"":""boss_flak"",""slot"":""mg"",""aim"":""Free""},{""weapon"":""mothership_cannon"",""slot"":""main"",""aim"":""Free""},{""weapon"":""mothership_drones"",""slot"":""missile"",""aim"":""Free""}],""parts"":[{""id"":""cannon_bow"",""kind"":""maingun"",""hp"":0.06,""armour"":2,""node"":""Turret"",""wreck"":""wreck_turret"",""at"":[0,10.8,-3.6],""radius"":2.0,""mounts"":[0],""radio"":""radio.part.maingun""},{""id"":""cannon_gondola"",""kind"":""gun"",""hp"":0.06,""armour"":2,""node"":""Mount_main.001"",""wreck"":""wreck_turret"",""at"":[0,2.2,-5.4],""radius"":2.0,""mounts"":[4]},{""id"":""drone_bay"",""kind"":""bay"",""hp"":0.06,""armour"":2,""wreck"":""wreck_stump"",""at"":[0,-2.3,-4.6],""radius"":3.0,""mounts"":[1],""radio"":""radio.part.bay""},{""id"":""uav_bay"",""mounts"":[5],""kind"":""uav"",""hp"":0.06,""armour"":1,""wreck"":""wreck_stump"",""at"":[0,-8.5,-3.5],""radius"":2.5,""skills"":[""mothership_launch""]},{""id"":""flak_top"",""kind"":""flak"",""hp"":0.06,""armour"":2,""node"":""Mount_mg"",""wreck"":""wreck_turret"",""at"":[0,4.8,4.1],""radius"":1.8,""mounts"":[2]},{""id"":""flak_rear"",""kind"":""flak"",""hp"":0.06,""armour"":2,""node"":""Mount_mg.001"",""wreck"":""wreck_turret"",""at"":[0,-3.4,3.9],""radius"":1.8,""mounts"":[3]},{""id"":""shield"",""kind"":""shield"",""hp"":0.06,""armour"":2,""wreck"":""wreck_stump"",""at"":[0,-2.35,5.2],""radius"":2.5,""skills"":[""mothership_shield""],""radio"":""radio.part.shield""},{""id"":""bomb_bay"",""kind"":""bombbay"",""hp"":0.06,""armour"":2,""wreck"":""wreck_stump"",""at"":[0,5.5,-4.8],""radius"":2.8,""radio"":""radio.part.bombbay""},{""use"":""gun_30"",""id"":""belly_gun_l"",""node"":""Mount_gun"",""at"":[-2.2,6.0,-5.8]},{""use"":""gun_30"",""id"":""belly_gun_r"",""node"":""Mount_gun.001"",""at"":[2.2,6.0,-5.8]},{""use"":""drone_bay"",""id"":""drone_bay_2"",""node"":""Mount_missile.001"",""at"":[0,-6.0,-4.4]}],""deathExplosion"":{""damage"":300,""radius"":14,""delay"":2.6,""tier"":""Ultimate""}}"
earth_borer,mini,Tartarus · Tunnelling Machine,Tartarus · Máy khoan,Tartarus,,,,0,72000,61200.0,4,3,2,2,FALSE,3.2,22,40,55,6,23.5,5.8,FALSE,0,FALSE,TRUE,0,3.5,1.0854,borer_drill,borer_cannon;borer_cannon,boss_rage,none,,,earth_borer,doi,,,,,,,,,,,,,,,,,,,,,1,1.0854,tracked,tracked,hung,,3,3,,,,TRUE,8,c8m05,NEED_CODE_CHECK,,,,4,,,,,,,,,,,,,,,,,,,,TRUE,350,2,6,1.5,14,6,14,,3,22,,,,2,0,,,,,0,,,,,,,,,,,,,,,,,,,,,,,,,,,,,420,2.6,18,Ultimate,,,,,,,,,,,,,,,,,,TRUE,,,tracked,hung,,,,,,,72000,,,,,,,,,,,23.5,Hull,,,,,,,,,,,,,,,,,,,,,,,,,,,,,,,,,1.0854,,,,,,,,,,,,,,,,,,,,,radio.hung.borer,6,mini,,,,,,,,,,,,,,,,1.0,,,,,,0.85,boss_rage,3.2,,,,,,,,,,,,,,,,,,,,,,,,,,,,,,,,,,,,,,,,22,40,,,,,,,,,,55,,,,borer_drill,2.874,5.8,Assets/MachineBrigade/Resources/Data/balance.json: vehicles[218],"{""id"":""earth_borer"",""outgoingDamageMult"":1.0854,""frame"":""tracked"",""rank"":""mini"",""size"":0.85,""boss"":true,""general"":""hung"",""radioSpawn"":""radio.hung.borer"",""armour"":4,""hp"":72000,""weaponDamage"":2.874,""speed"":3.2,""turnRate"":22,""turretTurnRate"":40,""radius"":6,""length"":23.5,""width"":5.8,""scale"":1.0,""cp"":0,""vision"":55,""captureRate"":0,""firesWhileMoving"":true,""weapon"":""borer_drill"",""mainAim"":""Hull"",""secondary"":[{""weapon"":""borer_cannon"",""slot"":""gun"",""aim"":""Free""},{""weapon"":""borer_cannon"",""slot"":""gun"",""aim"":""Free""}],""burrow"":{""surface"":22,""dive"":2,""speed"":14,""warn"":2,""radius"":6,""stun"":3,""damage"":350,""exposed"":6,""exposedTaken"":1.5,""first"":14},""skills"":[""boss_rage""],""phases"":[{""at"":0.45,""transform"":2.5,""speed"":1.15,""radio"":""radio.hung.borer.half""}],""parts"":[{""id"":""drill"",""kind"":""drill"",""hp"":0.14,""armour"":4,""node"":""Part_drill"",""wreck"":""wreck_stump"",""at"":[0,6.8,3.3],""radius"":3.0,""mounts"":[0],""stops"":[""burrow""],""radio"":""radio.part.drill""},{""id"":""gun_l"",""kind"":""gun"",""hp"":0.1,""armour"":3,""node"":""Part_gun"",""wreck"":""wreck_turret"",""at"":[-1.3,0.2,5.6],""radius"":1.8,""mounts"":[1]},{""id"":""gun_r"",""kind"":""gun"",""hp"":0.1,""armour"":3,""node"":""Part_gun.001"",""wreck"":""wreck_turret"",""at"":[1.3,-3.2,5.6],""radius"":1.8,""mounts"":[2]},{""id"":""engine"",""kind"":""engine"",""hp"":0.1,""armour"":3,""node"":""Part_engine"",""wreck"":""wreck_engine"",""at"":[0,-7.3,4.9],""radius"":2.5,""speed"":0.7}],""deathExplosion"":{""damage"":420,""radius"":18,""delay"":2.6,""tier"":""Ultimate""}}"
fenrir,mini,Fenrir · Vanguard,Fenrir · Xe tiên phong,Fenrir,,,,0,29950,25457.5,4,4,3,2,FALSE,4.4,34,25,60,7.5,19.308,10.92,FALSE,0,FALSE,TRUE,0,3.5,0.9508,p26_jotunn_sec_jo_rockets,p26_jotunn_sec_jo_rockets;p26_jotunn_close_boss_flak,fortress_barrage;boss_emp,none,,,fenrir,doi,,,,,,,,,,,,,,,,,,,,,1,0.9508,tracked,tracked,orlov,mobile_fortress,3,3,,,,FALSE,3,c3s2,NEED_CODE_CHECK,,,,,4,3,4,2,,,,,,,,,,,,,,,,,,,,,,,,,,,,,,,,,,,,,,,,,,,,,,,,,,,,,,,,,,,,,,,,,,,,,,,,,,,,,,,,,,,,,,,,,,orlov,,,,,,,29950,,,,,,,,,,,,,,,,,,,,,,,,,,,,,,,,,,,,,,,,,,,,,,,,,,,,,,,,,,,,,,,,,,radio.orlov.fenrir,,,,,,,,,,,,,,,,,,,35,25,6,,,,,4.4,,,,,,,,,,,,,,,,,,,,,,,,,,,,,,,,,,,,,,,,34,,,rockets_l;rockets_r;flak_l,frost,,mobile_fortress,0.5051,1.06,0.94,0.86,,,,,,2.222,,Assets/MachineBrigade/Resources/Data/balance.json: vehicles[236],"{""id"":""fenrir"",""guard"":null,""wake"":null,""armour"":[4,4,3,2],""variantOf"":""mobile_fortress"",""hp"":29950,""weaponDamage"":2.222,""general"":""orlov"",""radioSpawn"":""radio.orlov.fenrir"",""speed"":4.4,""turnRate"":34,""scoot"":{""shots"":6,""min"":25,""max"":35},""variant"":{""size"":0.5051,""keep"":[""rockets_l"",""rockets_r"",""flak_l""],""tint"":[0.86,0.94,1.06],""mark"":""frost"",""tune"":{""rockets_l"":{""hp"":0.13},""rockets_r"":{""hp"":0.13},""flak_l"":{""hp"":0.1}}}}"
fortress_bastion,main,Bastion · Fortress,Bastion · Pháo đài,Bastion,,,,0,25900,22015.0,5,3,2,3,FALSE,1.5,18,22,64,7.5,19.884,10.92,FALSE,0,FALSE,TRUE,0,3.5,1,p26_bastion_sec_b240,p26_bastion_direct_b100;p26_bastion_direct_b100;p26_bastion_tiny_autocannon_40;p26_bastion_tiny_autocannon_40;p26_bastion_tiny_kornet_twin;p26_bastion_close_boss_hmg;p26_bastion_close_boss_hmg;p26_bastion_main_b155;p26_bastion_tiny_zu23;p26_bastion_tiny_zu23,train_patch;boss_bulwark;fortress_barrage,none,,,fortress_bastion,giong,,,,,,,,,,,,,,,,,,,,,,,tracked,tracked,brandt,,11,13,bastion_420_shell,45,group,TRUE,1,,NEED_CODE_CHECK,,,,,5,2,3,3,,bastion_420_shell,,,,,,,,,,,,,,TRUE,,,,,,,,,,,,,,,0,,,,,0,,,,,,,,,,,,,,,,,,,,,,,,,,,,,500,2.6,21,Ultimate,,,,,,,,,,,,,,,,,,TRUE,,,tracked,brandt,,4,150,5,6,15,25900,,,,,,,,,,,16.57,,,,,,,,,,,,,,,,p26_bastion_sec_b240,p26_bastion_direct_b100,p26_bastion_tiny_zu23,p26_bastion_direct_b100,p26_bastion_tiny_autocannon_40,p26_bastion_tiny_autocannon_40,p26_bastion_tiny_kornet_twin,p26_bastion_close_boss_hmg,p26_bastion_close_boss_hmg,p26_bastion_main_b155,p26_bastion_tiny_zu23,,,,,,,,,,,,,,,,,,,,,,,,,,,,,radio.brandt.bastion,7.5,main,,,,,,,,,,,,,,,,1.2,,,,,,1.51,train_patch;boss_bulwark;fortress_barrage,1.5,,,,,,,,,,,,,,,,,,,,,,,,,,,,,,,,,,,,,,,,18,22,,,,,,,,,,64,,,,boss_mortar,1,9.1,Assets/MachineBrigade/Resources/Data/balance.json: vehicles[215],"{""id"":""fortress_bastion"",""guard"":{""radius"":15,""count"":4,""every"":5,""damage"":150,""pad"":6},""mountWeapons"":{""0"":""p26_bastion_sec_b240"",""1"":""p26_bastion_direct_b100"",""2"":""p26_bastion_direct_b100"",""3"":""p26_bastion_tiny_autocannon_40"",""4"":""p26_bastion_tiny_autocannon_40"",""5"":""p26_bastion_tiny_kornet_twin"",""6"":""p26_bastion_close_boss_hmg"",""7"":""p26_bastion_close_boss_hmg"",""8"":""p26_bastion_main_b155"",""9"":""p26_bastion_tiny_zu23"",""10"":""p26_bastion_tiny_zu23""},""frame"":""tracked"",""rank"":""main"",""general"":""brandt"",""size"":1.51,""radioSpawn"":""radio.brandt.bastion"",""scale"":1.2,""armour"":[5,3,2,3],""hp"":25900,""weaponDamage"":1,""speed"":1.5,""turnRate"":18,""turretTurnRate"":22,""radius"":7.5,""length"":16.57,""width"":9.1,""cp"":0,""vision"":64,""firesWhileMoving"":true,""weapon"":""boss_mortar"",""captureRate"":0,""boss"":true,""bigAttack"":""bastion_420_shell"",""skills"":[""train_patch"",""boss_bulwark"",""fortress_barrage""],""secondary"":[{""weapon"":""autocannon_40"",""slot"":""gun"",""aim"":""Free"",""arc"":[-45,80]},{""weapon"":""autocannon_40"",""slot"":""gun"",""aim"":""Free"",""arc"":[45,80]},{""weapon"":""autocannon_40"",""slot"":""gun"",""aim"":""Free"",""arc"":[-135,80]},{""weapon"":""autocannon_40"",""slot"":""gun"",""aim"":""Free"",""arc"":[135,80]},{""weapon"":""kornet_twin"",""slot"":""missile"",""aim"":""Free""},{""weapon"":""boss_hmg"",""slot"":""mg"",""aim"":""Free""},{""weapon"":""boss_hmg"",""slot"":""mg"",""aim"":""Free""}],""parts"":[{""id"":""mortar"",""kind"":""mortar"",""hp"":0.1,""armour"":3,""node"":""Main_cannon*"",""wreck"":""wreck_barrel"",""at"":[0,-0.5,7.5],""radius"":2.8,""mounts"":[0],""skills"":[""fortress_barrage""],""radio"":""radio.part.maingun""},{""id"":""turret_fl"",""kind"":""turret"",""hp"":0.07,""armour"":3,""node"":""Mount_gun"",""wreck"":""wreck_turret"",""at"":[-3.2,6.0,4.7],""radius"":1.8,""mounts"":[1]},{""id"":""turret_fr"",""kind"":""turret"",""hp"":0.07,""armour"":3,""node"":""Mount_gun.001"",""wreck"":""wreck_turret"",""at"":[3.2,6.0,4.7],""radius"":1.8,""mounts"":[2]},{""id"":""turret_rl"",""kind"":""turret"",""hp"":0.07,""armour"":3,""node"":""Mount_gun.002"",""wreck"":""wreck_turret"",""at"":[-2.6,-6.25,4.7],""radius"":1.8,""mounts"":[3,6]},{""id"":""turret_rr"",""kind"":""turret"",""hp"":0.07,""armour"":3,""node"":""Mount_gun.003"",""wreck"":""wreck_turret"",""at"":[2.6,-6.25,4.7],""radius"":1.8,""mounts"":[4,7]},{""id"":""kornet"",""kind"":""missiles"",""hp"":0.07,""armour"":2,""node"":""Part_missile"",""wreck"":""wreck_launcher"",""at"":[-0.85,-3.75,6.3],""radius"":1.8,""mounts"":[5]},{""use"":""casemate_155"",""id"":""casemate"",""node"":""Mount_gun.004"",""at"":[0,7.6,3.2]},{""use"":""zu23"",""id"":""zu23_l"",""node"":""Mount_mg"",""at"":[-3.9,-1.5,5.2]},{""use"":""zu23"",""id"":""zu23_r"",""node"":""Mount_mg.001"",""at"":[3.9,-1.5,5.2]}],""deathExplosion"":{""damage"":500,""radius"":21,""delay"":2.6,""tier"":""Ultimate""}}"
fortress_hive,mini,Hive · Drone Fortress,Hive · Pháo đài drone,Hive,,,,0,45650,38802.5,4,3,2,2,FALSE,1.8,20,60,75,7.5,19.308,10.92,FALSE,0,FALSE,TRUE,0,3.5,1,mothership_drones,mothership_drones;boss_flak;boss_flak,mothership_launch;boss_emp,none,,,fortress_hive,giong,,,,,,,,,,,,,,,,,,,,,,,tracked,tracked,sen,,4,4,,,,TRUE,5,c5m05,NEED_CODE_CHECK,,,,4,,,,,,,,,,,,,,,,,,,,TRUE,,,,,,,,,,,,,,,0,,,,,0,,,,,,,,,,,,,,,,,,,,,,,,,,,,,450,2.6,20,Ultimate,sam,,,,,,,,,,,,,,,,,TRUE,,,tracked,sen,,,,,,,45650,,30,,,,,,,,,16.09,,,missile,,,,,,,,,,,,,,,,,,,,,,,,,,,,,,,,,,,,,,,,,,,,,,,,,,,,radio.sen.hive,7.5,mini,,,,,,,,,,,,,,,,1.2,,,,,,0.85,mothership_launch;boss_emp,1.8,,,,,,,,,,,,,,,,,,,,,,,,,,,,,,,,,,,,,,,,20,60,,,,,,,,,,75,,,,mothership_drones,1.841,9.1,Assets/MachineBrigade/Resources/Data/balance.json: vehicles[214],"{""id"":""fortress_hive"",""frame"":""tracked"",""rank"":""mini"",""general"":""sen"",""size"":0.85,""dropParts"":[""sam""],""radioSpawn"":""radio.sen.hive"",""scale"":1.2,""armour"":4,""hp"":45650,""weaponDamage"":1.841,""speed"":1.8,""turnRate"":20,""turretTurnRate"":60,""radius"":7.5,""length"":16.09,""width"":9.1,""cp"":0,""vision"":75,""firesWhileMoving"":true,""weapon"":""mothership_drones"",""mainSlot"":""missile"",""captureRate"":0,""boss"":true,""skills"":[""mothership_launch"",""boss_emp""],""jammer"":30,""secondary"":[{""weapon"":""mothership_drones"",""slot"":""missile"",""aim"":""Free""},{""weapon"":""sam_battery"",""slot"":""rocket"",""aim"":""Free""},{""weapon"":""boss_flak"",""slot"":""mg"",""aim"":""Free""},{""weapon"":""boss_flak"",""slot"":""mg"",""aim"":""Free""}],""parts"":[{""id"":""rack_l"",""kind"":""launcher"",""hp"":0.12,""armour"":2,""node"":""Mount_missile"",""wreck"":""wreck_launcher"",""at"":[-1.85,-6.15,4.6],""radius"":2.0,""mounts"":[0],""skills"":[""mothership_launch""],""radio"":""radio.part.bay""},{""id"":""rack_r"",""kind"":""launcher"",""hp"":0.12,""armour"":2,""node"":""Mount_missile.001"",""wreck"":""wreck_launcher"",""at"":[1.85,-6.15,4.6],""radius"":2.0,""mounts"":[1],""skills"":[""mothership_launch""],""radio"":""radio.part.bay""},{""id"":""sam"",""kind"":""sam"",""hp"":0.1,""armour"":2,""node"":""Mount_rocket"",""wreck"":""wreck_launcher"",""at"":[0,-3.6,5.7],""radius"":2.0,""mounts"":[2]},{""id"":""flak_l"",""kind"":""flak"",""hp"":0.08,""armour"":2,""node"":""Mount_mg"",""wreck"":""wreck_turret"",""at"":[-3.2,6.0,4.6],""radius"":1.8,""mounts"":[3]},{""id"":""flak_r"",""kind"":""flak"",""hp"":0.08,""armour"":2,""node"":""Mount_mg.001"",""wreck"":""wreck_turret"",""at"":[3.2,6.0,4.6],""radius"":1.8,""mounts"":[4]},{""id"":""emp"",""kind"":""emp"",""hp"":0.1,""armour"":1,""wreck"":""wreck_stump"",""at"":[0,-1.0,7.4],""radius"":2.2,""skills"":[""boss_emp""]},{""id"":""jammer"",""kind"":""ew"",""hp"":0.08,""armour"":1,""wreck"":""wreck_stump"",""at"":[0,3.0,6.6],""radius"":2.2,""stops"":[""jammer""],""fx"":""energy""}],""deathExplosion"":{""damage"":450,""radius"":20,""delay"":2.6,""tier"":""Ultimate""}}"
garuda,main,Garuda · Giant Flying-Wing Bomber,Garuda · Cánh bay ném bom khổng lồ,Garuda,,,,0,137250,116662.5,2,2,2,2,FALSE,6,16,90,80,18,,,TRUE,30,FALSE,TRUE,0,3.5,1.7892,p26_roc_main_roc_bombs,p26_roc_main_roc_bombs;p26_roc_direct_roc_atgm;p26_roc_direct_roc_atgm;p26_roc_close_twin_30_bmpt;p26_roc_close_twin_30_bmpt;p26_roc_roc105;p26_roc_roc105,airship_launch_l;airship_launch_r,none,,,garuda,doi,,,,,,,,,,,,,,,,,,,,,1,1.7892,aircraft,aircraft,quaden,command_airship,8,8,garuda_carpet,50,group,FALSE,,,NEED_CODE_CHECK,,,,,,,,,,garuda_carpet,,,,,,,,,,,,,,,,,,,,,,,,,,,,,,,,,,,,,,,,,,,,,,,,,,,,,,,,,,,,,,,,,,,,,,,,,,,,,,,,,,,,,,,,quaden,,,,,,,137250,,,,,,,,,,,,,,,,,,,,,,,garuda,4.5,27.9,70,,,,,,,,,,,,,,,,,,,1.7892,,,,,,,,,,,,,,,,,,,,,radio.quaden.garuda,,main,,,,,,,,,,,,,,,,,,,,,,,,6,,,,,,,,,,,,,,,,,,,,,,,,,,,,,,,,,,,,,,,,,,,,garuda,,command_airship,1.1,,,,,,,,,0.998,,Assets/MachineBrigade/Resources/Data/balance.json: vehicles[246],"{""id"":""garuda"",""outgoingDamageMult"":1.7892,""variantOf"":""command_airship"",""model"":""garuda"",""rank"":""main"",""general"":""quaden"",""radioSpawn"":""radio.quaden.garuda"",""hp"":137250,""weaponDamage"":0.998,""speed"":6,""bigAttack"":""garuda_carpet"",""modelSize"":[27.9,70,4.5],""variant"":{""size"":1.1,""mark"":""garuda"",""tune"":{""engine_fl"":{""at"":[-3.64,1.36,1.49]},""engine_fr"":{""at"":[3.64,1.36,1.49]},""engine_rl"":{""at"":[-6.91,-0.45,1.03]},""engine_rr"":{""at"":[6.91,-0.45,1.03]},""hangar_l"":{""at"":[-3.82,0,-0.52]},""hangar_r"":{""at"":[3.82,0,-0.52]},""radar"":{""at"":[0,8.18,-0.71]},""bomb_bay"":{""at"":[0,2.73,-0.84]},""pod_105_l"":{""at"":[-13.18,0,-1.03]},""pod_105_r"":{""at"":[13.18,0,-1.03]}}}}"
hydra,mini,Hydra · Drone Submarine,Hydra · Tàu ngầm mang drone,Hydra,,,,0,81300,69105.0,4,3,2,2,FALSE,4.5,8,40,110,11,58,12,FALSE,0,FALSE,TRUE,1,3.5,1,p26_typhon_sec_ty57,p26_typhon_sec_ty57;p26_typhon_direct_ty100,,none,,,hydra_sub,giong,,,,,,,,,,,,,,,,,,,,,,,submarine,submarine,hung,typhon,3,5,,,,FALSE,,,NEED_CODE_CHECK,,,,,4,2,3,2,,,,,,,,,,,,,,,,,,,,,12,,,,,16,16;14,10,10;12,,,,,,,,,,,,,,,,240,16,,,,,,,,,,,,,,,,,,,,,,,,,,,,,,,,,,,,,,,,,,,,hung,,,,,,,81300,,,,,,,,,,,,,,,,,,,,,,,hydra_sub,8,34.8,7.2,,,,,,,,,,,,,,,,,,,,,,,,,,,,,,,,,,,,,,,,radio.hung.hydra,,,,,,,,,,,,,,,,,,,,,,,,,,4.5,,,,,,,,,,,,,,,,,,,,,,,,,,,,,,,,,,,,,,,,,,,doors_l;doors_r;deck_gun;rudder,hydra,,typhon,0.5057,,,,,,,,,1.292,,Assets/MachineBrigade/Resources/Data/balance.json: vehicles[251],"{""id"":""hydra"",""armour"":[4,3,2,2],""variantOf"":""typhon"",""model"":""hydra_sub"",""general"":""hung"",""radioSpawn"":""radio.hung.hydra"",""hp"":81300,""weaponDamage"":1.292,""speed"":4.5,""modelSize"":[34.8,7.2,8],""burrow"":{""surface"":16,""under"":10,""first"":12,""surfaceByPhase"":[16,14],""underByPhase"":[10,12]},""cruise"":{""every"":16,""damage"":240},""fleet"":[{""unit"":""missile_boat"",""count"":1}],""wake"":null,""variant"":{""size"":0.5057,""keep"":[""doors_l"",""doors_r"",""deck_gun"",""rudder""],""mark"":""hydra"",""tune"":{""doors_l"":{""hp"":0.12},""doors_r"":{""hp"":0.12},""deck_gun"":{""hp"":0.12},""rudder"":{""hp"":0.1}}}}"
hyperion,main,Hyperion · Orbital Mirror Station,Hyperion · Trạm gương quỹ đạo,Hyperion,,,,0,176450,149982.5,4,4,4,4,FALSE,3.5,30,120,80,10,34,22,TRUE,22,FALSE,TRUE,0,3.5,1,p26_icarus_sec_orbital_laser,p26_icarus_main_ic_coil;p26_icarus_main_ic_coil;p26_icarus_direct_ic_laser;p26_icarus_direct_ic_laser,boss_rage,aps,3,1.4,hyperion,giong,,,,,,,,,,,,,,,,,,,,,,,spacecraft,spacecraft,aurel,silver_bug,5,5,hyperion_sun_beam,50,group,FALSE,,,NEED_CODE_CHECK,,,,,,,,,,hyperion_sun_beam,,,,,,,,,,,,,,,,,,,,,,,,,,,,,,,,,,,,,,,,,,,,,,,,,,,,,,,,,,,,,,,,,,,,,,,,,,,,,,,,,,,,,,,,aurel,,,,,,,176450,,,,,,,,,,,,,,,,,,,,,,,hyperion,20,67.2,43.7,,,,,,,,,,,,,,,,,,,,,,,2,,,60,,10,4,,,,,,,,,,,radio.aurel.hyperion,,main,,,,,,,,,,,,,,,,,,,,,,,,3.5,,,,,,,,,,,,,,,,,,,,,,,,,,,,,,,,,,,,,radio.aurel.hyperion.phase2,radio.aurel.hyperion.phase3,,,,crash_turret_l;crash_turret_r;uplink,,hyperion,,silver_bug,1.2,,,,,,,,,1.111,,Assets/MachineBrigade/Resources/Data/balance.json: vehicles[247],"{""id"":""hyperion"",""variantOf"":""silver_bug"",""model"":""hyperion"",""rank"":""main"",""general"":""aurel"",""radioSpawn"":""radio.aurel.hyperion"",""hp"":176450,""weaponDamage"":1.111,""speed"":3.5,""bigAttack"":""hyperion_sun_beam"",""arena"":null,""modelSize"":[67.2,43.7,20],""tiers"":{""crash"":null,""hijack"":null,""schedule"":[{""steps"":[{""tier"":""high"",""seconds"":60}]},{""steps"":[{""tier"":""high"",""seconds"":60}]},{""steps"":[{""tier"":""high"",""seconds"":60}]}],""radio"":{""phase2"":""radio.aurel.hyperion.phase2"",""phase3"":""radio.aurel.hyperion.phase3""}},""pods"":{""first"":10,""every"":60,""count"":2,""max"":4},""variant"":{""size"":1.2,""drop"":[""crash_turret_l"",""crash_turret_r"",""uplink""],""mark"":""hyperion"",""tune"":{""main_laser"":{""hp"":0.07,""at"":[0,0,1.92]},""main_engine"":{""hp"":0.07,""at"":[0,-3.83,7.83]},""thruster_fl"":{""hp"":0.07,""at"":[-8.36,14.47,9.17]},""thruster_fr"":{""hp"":0.07,""at"":[8.36,14.47,9.17]},""thruster_rl"":{""hp"":0.07,""at"":[-8.36,-14.47,9.17]},""thruster_rr"":{""hp"":0.07,""at"":[8.36,-14.47,9.17]},""pd_laser_l"":{""hp"":0.07,""at"":[-12.17,7,9]},""pd_laser_r"":{""hp"":0.07,""at"":[12.17,7,9]},""pod_bay"":{""hp"":0.07,""at"":[0,-7.5,3.67]}}}}"
icarus_mk0,mini,Icarus Mk.0 · Prototype Spacecraft,Icarus Mk.0 · Phi thuyền nguyên mẫu,Icarus Mk.0,,,,0,94850,80622.5,4,4,4,4,FALSE,5,30,120,80,10,34,22,TRUE,22,FALSE,TRUE,0,3.5,1,p26_icarus_sec_orbital_laser,,boss_rage,aps,3,1.4,icarus_mk0,giong,,,,,,,,,,,,,,,,,,,,,,,spacecraft,spacecraft,aurel,silver_bug,1,1,,,,FALSE,10,c10m05,NEED_CODE_CHECK,,,,,,,,,,,,,,,,,,,,,,,,,,,,,,,,,,,,,,,,,,,,,,,,,,,,,,,,,,,,,,,,,,,,,,,,,,,,,,,,,,,,,,,,,,,,,,,,,,aurel,,,,,,,94850,,,,,,,,,,,,,,,,,,,,,,,,,,,,,,,,,,,,,,,,,,,,,,,,,1,,,18,,,4,,,,,,,,,,,radio.aurel.icarus_mk0,,,,,,,,,,,,,,,,,,,,,,,,,,,,,,,,,,,,,,,,,,,,,,,,,,,,,,,0.45,0,,,,,,,radio.aurel.icarus_mk0.phase2,,,,,,main_laser;pod_bay;pd_laser_l,mk0,mk0,silver_bug,0.4,0.96,0.86,0.86,,,,,,2.275,,Assets/MachineBrigade/Resources/Data/balance.json: vehicles[240],"{""id"":""icarus_mk0"",""interceptionMode"":""PointDefense"",""variantOf"":""silver_bug"",""hp"":94850,""weaponDamage"":2.275,""general"":""aurel"",""radioSpawn"":""radio.aurel.icarus_mk0"",""secondary"":[],""aps"":{""radius"":19.5,""charges"":3,""recharge"":1.4,""rockets"":true,""laser"":true},""arena"":null,""tiers"":{""opening"":0,""crash"":null,""hijack"":null,""marks"":[0.45],""schedule"":[{""steps"":[{""tier"":""high"",""seconds"":18},{""tier"":""low"",""seconds"":12}]},{""steps"":[{""tier"":""high"",""seconds"":12},{""tier"":""low"",""seconds"":18}]}],""radio"":{""phase2"":""radio.aurel.icarus_mk0.phase2""}},""pods"":{""count"":1,""max"":4,""every"":18},""variant"":{""size"":0.4,""keep"":[""main_laser"",""pod_bay"",""pd_laser_l""],""tint"":[0.86,0.86,0.96],""mark"":""mk0"",""name"":""mk0"",""tune"":{""main_laser"":{""hp"":0.12},""pod_bay"":{""hp"":0.12},""pd_laser_l"":{""hp"":0.12}}}}"
ixion,mini,Ixion · Armoured Mine Truck,Ixion · Xe tải mỏ bọc thép,Ixion,,,,0,72000,61200.0,4,3,2,2,FALSE,7,6,90,50,11,26,12,FALSE,0,FALSE,TRUE,1,3.5,1.7571,p26_ixion_125,p26_ixion_mg;p26_ixion_mg,,none,,,ixion,doi,,,,,,,,,,,,,,,,,,,,,1,1.7571,wheeled,wheeled,hung,,3,3,ixion_crush_charge,10,group,FALSE,8,c8m07,NEED_CODE_CHECK,,,,,4,2,3,2,,ixion_crush_charge,1,1,0,,,,,,,,,,,TRUE,,,,,,,,,,,,,,,,,,,,,,,,,,,,,,,,,,,,,,0.2,,,,,700,,2,3,1.5,,320,2.2,14,Ultimate,,,,,,,,,,,,,,,,,,,,,wheeled,hung,,,,,,,72000,,,,,,,,,,,26,,,,380,8,20,6,4,Large,2.2,15,ixion,10,26,12,p26_ixion_125,p26_ixion_mg,,p26_ixion_mg,,,,,,,,,,,,,,,1.7571,,,,,,,,,,,,,,,,,,,,,radio.hung.ixion,11,mini,,,,,,,,,,,,,,,,,,,,,,,,7,,,,,,,,,,,,,,,,,,,,,,,,,,,,,,,,,,,,,,,,6,90,,,,,,,,,,50,,,,p26_ixion_125,1,12,Assets/MachineBrigade/Resources/Data/balance.json: vehicles[233],"{""id"":""ixion"",""outgoingDamageMult"":1.7571,""mines"":{""interval"":8,""max"":6,""damage"":380,""radius"":4,""tier"":""Large"",""trigger"":2.2,""life"":20,""turnStrip"":15},""bigAttackScale"":{""damage"":1,""cooldown"":1,""warn"":0},""bigAttack"":""ixion_crush_charge"",""mountWeapons"":{""0"":""p26_ixion_125"",""1"":""p26_ixion_mg"",""2"":""p26_ixion_mg""},""modelSize"":[26,12,10],""frame"":""wheeled"",""rank"":""mini"",""general"":""hung"",""boss"":true,""radioSpawn"":""radio.hung.ixion"",""model"":""ixion"",""armour"":[4,3,2,2],""hp"":72000,""weaponDamage"":1,""speed"":7,""turnRate"":6,""turretTurnRate"":90,""radius"":11,""length"":26,""width"":12,""vision"":50,""weapon"":""p26_ixion_125"",""secondary"":[{""weapon"":""p26_ixion_mg"",""slot"":""mg"",""aim"":""Free""},{""weapon"":""p26_ixion_mg"",""slot"":""mg"",""aim"":""Free""}],""crush"":{""dps"":700,""reach"":3,""armourCut"":0.2,""structure"":1.5,""minSpeed"":2},""parts"":[{""id"":""wheel_l"",""kind"":""wheel"",""node"":""Part_wheel"",""hp"":0.07,""armour"":3,""wreck"":""wreck_engine"",""at"":[-5.4,8.5,1.8],""radius"":2.8,""speed"":0.6,""turn"":0.5,""radio"":""radio.part.wheel""},{""id"":""wheel_r"",""kind"":""wheel"",""node"":""Part_wheel.001"",""hp"":0.07,""armour"":3,""wreck"":""wreck_engine"",""at"":[5.4,8.5,1.8],""radius"":2.8,""speed"":0.6,""turn"":0.5,""radio"":""radio.part.wheel""},{""id"":""rear_l1"",""kind"":""reartyre"",""node"":""Part_tyre"",""hp"":0.035,""armour"":1,""wreck"":""wreck_stump"",""at"":[-5.4,-3,1.8],""radius"":2.6,""speed"":0.9,""turn"":0.9},{""id"":""rear_r1"",""kind"":""reartyre"",""node"":""Part_tyre.001"",""hp"":0.035,""armour"":1,""wreck"":""wreck_stump"",""at"":[5.4,-3,1.8],""radius"":2.6,""speed"":0.9,""turn"":0.9},{""id"":""rear_l2"",""kind"":""reartyre"",""node"":""Part_tyre.002"",""hp"":0.035,""armour"":1,""wreck"":""wreck_stump"",""at"":[-5.4,-9,1.8],""radius"":2.6,""speed"":0.9,""turn"":0.9},{""id"":""rear_r2"",""kind"":""reartyre"",""node"":""Part_tyre.003"",""hp"":0.035,""armour"":1,""wreck"":""wreck_stump"",""at"":[5.4,-9,1.8],""radius"":2.6,""speed"":0.9,""turn"":0.9},{""id"":""gun"",""kind"":""hulltower"",""hp"":0.12,""armour"":3,""node"":""Turret"",""wreck"":""wreck_turret"",""at"":[0,-1.5,6.5],""radius"":3.2,""mounts"":[0]},{""id"":""cab"",""kind"":""cab"",""node"":""Part_cab"",""hp"":0.08,""armour"":2,""wreck"":""wreck_stump"",""at"":[-3.6,9.5,5],""radius"":3,""mounts"":[1,2]}],""deathExplosion"":{""damage"":320,""radius"":14,""delay"":2.2,""tier"":""Ultimate""}}"
kraken,main,Kraken · Aircraft Carrier,Kraken · Tàu sân bay,Kraken,,,,0,117650,100002.5,5,3,2,2,FALSE,2.6,8,36,120,11.2,86.0,14.4,FALSE,0,FALSE,TRUE,0,3.5,0.9678,p26_leviathan_lev406,p26_leviathan_lev406;p26_leviathan_lev406;p26_leviathan_sec_lev155;p26_leviathan_sec_lev155;p26_leviathan_direct_lev127;p26_leviathan_direct_lev127;aa_25_triple;aa_25_triple;aa_25_triple;aa_25_triple;aa_25_triple;aa_25_triple;aa_25_triple;aa_25_triple;sam_post,leviathan_helos,aps,3,2.2,kraken,doi,,,,,,,,,,,,,,,,,,,,,1,0.9678,ship,ship,kessler,leviathan,16,26,kraken_air_raid,50,group,FALSE,,,NEED_CODE_CHECK,,,,,5,2,3,2,,kraken_air_raid,,,,,,,,,,,,,,,,,,,,,,,,,,,,,,,,,,,,,,,,,,,,,,,,,,,,,,,,,,,,,,,,,,,,,,,,,,,,,,,,,,,,,,,,kessler,,,,,,,117650,,,,,,,,,,,,,,,,,,,,,,,kraken,24,110,18.4,,,,,,,,,,,,,,,,,,,0.9678,,,,,,,,,,,,,,,,,,,,,radio.kessler.kraken,,main,,,,,,,,,,,,,,,,,,,,,,,,,,,,,,,,,,,,,,,,,,,,,,,,,,,,,,,,,,,,,,,,,,,,kraken,,leviathan,1.14,,,,,,,,,2.318,,Assets/MachineBrigade/Resources/Data/balance.json: vehicles[244],"{""id"":""kraken"",""outgoingDamageMult"":0.9678,""armour"":[5,3,2,2],""variantOf"":""leviathan"",""model"":""kraken"",""rank"":""main"",""general"":""kessler"",""radioSpawn"":""radio.kessler.kraken"",""hp"":117650,""weaponDamage"":2.318,""bigAttack"":""kraken_air_raid"",""modelSize"":[110,18.4,24],""variant"":{""size"":1.14,""mark"":""kraken"",""tune"":{""turret_fore"":{""at"":[0,26.32,7.89]},""turret_super"":{""at"":[0,17.11,7.89]},""turret_aft"":{""at"":[4.74,-26.32,7.89]},""sec_fore"":{""at"":[6.67,28.95,6.49]},""sec_aft"":{""at"":[-6.67,-41.23,6.49]},""vls"":{""at"":[4.04,-9.65,7.89]},""aa_port"":{""at"":[-6.93,-3.51,5.96]},""aa_starboard"":{""at"":[6.93,-21.05,5.96]},""ciws_fore"":{""at"":[7.02,13.6,7.89]},""ciws_aft"":{""at"":[-6.49,-45.18,7.89]},""radar"":{""at"":[6.49,2.63,16.14]},""flight_deck"":{""at"":[-1.93,-35.09,7.89]},""well_deck"":{""at"":[0,-47.72,2.28]},""machinery"":{""at"":[6.49,-4.04,13.42]}}}}"
kronos,main,Kronos · Mining Excavator,Kronos · Máy xúc mỏ,Kronos,,,,0,103100,87635.0,5,3,2,2,FALSE,0.9,9,40,60,14,40,16,FALSE,0,FALSE,TRUE,1,3.5,0.7441,p26_kronos_close_autocannon_30,p26_kronos_direct_kr57;p26_kronos_direct_kr57;bucket_wheel;p26_kronos_close_autocannon_30;p26_kronos_close_boss_rockets,,none,,,kronos,doi,,,,,,,,,,,,,,,,,,,,,1,0.7441,tracked,tracked,hung,,6,6,kronos_bucket_sweep,45,self,FALSE,8,,NEED_CODE_CHECK,,,openpit,,5,2,3,2,,kronos_bucket_sweep,,,,,,,,,,,,,,TRUE,,,,,,,,,,,,,,,,,,,,,,,,,,,,,,,,,,,,,,,500,5,1,18,,TRUE,0,,3,bucket_wheel,500,3.0,24,Ultimate,,,,,,,,,,,,,,,,,,,,,tracked,hung,,4,300,5,6,15,103100,,,,,,,,,,,40,,,,,,,,,,,,kronos,,,,p26_kronos_close_autocannon_30,p26_kronos_direct_kr57,,p26_kronos_direct_kr57,,p26_kronos_close_autocannon_30,p26_kronos_close_boss_rockets,,,,,,,,,,,,0.7441,,,,,,,,,,,,,,,,,,,,,radio.hung.kronos,14,main,kronos,,,,,,,,,,,,,,,,,,,,,1.2358,,0.9,,,,,,,,,,,,,,,,,,,,,,,,,,,,,,,,,,,,,,,,9,40,,,,,,,,,,60,,,,autocannon_30,1,16,Assets/MachineBrigade/Resources/Data/balance.json: vehicles[231],"{""id"":""kronos"",""outgoingDamageMult"":0.7441,""size"":1.2358,""guard"":{""radius"":15,""count"":4,""every"":5,""damage"":300,""pad"":6},""mountWeapons"":{""0"":""p26_kronos_close_autocannon_30"",""1"":""p26_kronos_direct_kr57"",""2"":""p26_kronos_direct_kr57"",""4"":""p26_kronos_close_autocannon_30"",""5"":""p26_kronos_close_boss_rockets""},""frame"":""tracked"",""rank"":""main"",""general"":""hung"",""boss"":true,""bigAttack"":""kronos_bucket_sweep"",""radioSpawn"":""radio.hung.kronos"",""model"":""kronos"",""arena"":""openpit"",""route"":""kronos"",""armour"":[5,3,2,2],""hp"":103100,""weaponDamage"":1,""speed"":0.9,""turnRate"":9,""turretTurnRate"":40,""radius"":14,""length"":40,""width"":16,""vision"":60,""weapon"":""autocannon_30"",""secondary"":[{""weapon"":""gun_57mm"",""slot"":""gun"",""aim"":""Free""},{""weapon"":""gun_57mm"",""slot"":""gun"",""aim"":""Free""},{""weapon"":""bucket_wheel"",""slot"":""main"",""aim"":""Hull""}],""crush"":{""weapon"":""bucket_wheel"",""structure"":3,""hq"":true,""minSpeed"":0,""debrisPhase"":1,""debrisEvery"":5,""debrisRadius"":18,""debrisDamage"":500},""phases"":[{""at"":0.6,""transform"":2.5,""speed"":1.45,""radio"":""radio.hung.kronos.phase2""},{""at"":0.25,""transform"":3,""damage"":1.3,""radio"":""radio.hung.kronos.phase3"",""fireRate"":1.25}],""parts"":[{""id"":""bucket_wheel"",""mounts"":[3],""kind"":""bucketwheel"",""hp"":0.07,""armour"":4,""node"":""Part_wheel"",""wreck"":""wreck_stump"",""at"":[0,22.0,9.0],""radius"":6.0,""stops"":[""crush""],""radio"":""radio.part.bucketwheel""},{""id"":""boom"",""kind"":""boom"",""hp"":0.07,""armour"":3,""node"":""Part_boom"",""wreck"":""wreck_barrel"",""at"":[0,13.0,10.0],""radius"":3.4,""radio"":""radio.part.boom""},{""use"":""tracks"",""id"":""track_fl"",""node"":""Part_track_fl"",""at"":[-6.5,8.0,1.6],""armour"":2},{""use"":""tracks"",""id"":""track_fr"",""node"":""Part_track_fr"",""at"":[6.5,8.0,1.6],""armour"":2},{""use"":""tracks"",""id"":""track_rl"",""node"":""Part_track_rl"",""at"":[-6.5,-8.0,1.6],""armour"":2},{""use"":""tracks"",""id"":""track_rr"",""node"":""Part_track_rr"",""at"":[6.5,-8.0,1.6],""armour"":2},{""id"":""cab"",""kind"":""cab"",""hp"":0.07,""armour"":3,""node"":""Part_cab"",""wreck"":""wreck_stump"",""at"":[3.0,4.0,11.0],""radius"":2.4,""turn"":0.6,""radio"":""radio.part.cab""},{""use"":""gun_30"",""id"":""gun_l"",""hp"":0.07,""mounts"":[0],""node"":""Turret"",""at"":[-4.0,-2.0,9.4]},{""use"":""gun_30"",""id"":""gun_r"",""hp"":0.07,""node"":""Mount_gun"",""at"":[4.0,-2.0,9.4]},{""use"":""rocket_pod"",""id"":""rockets"",""node"":""Mount_rocket"",""at"":[0,-9.0,8.6]}],""deathExplosion"":{""damage"":500,""radius"":24,""delay"":3.0,""tier"":""Ultimate""}}"
landing_hovercraft,mini,Charybdis · Assault Hovercraft,Charybdis · Tàu đệm khí đổ bộ,Charybdis,,,,0,53500,45475.0,3,2,1,1,FALSE,5.5,26,200,60,9,29.3,15.9,FALSE,0,FALSE,TRUE,0,3.5,1,hover_ciws,hover_ciws;ciws_aa;hover_rockets;hover_rockets,,aps,2,3,landing_hovercraft,giong,,,,,,,,,,,,,,,,,,,,,,,hovercraft,wheeled,kessler,,5,5,,,,TRUE,6,c6m08,NEED_CODE_CHECK,,,,3,,,,,,,,,,,,,,,,,,,,TRUE,,,,,,,,,,,,,,,0,,,,,0,,,,,,,,,,,,,,,,,,,,,,,,,,,,,420,2.6,18,Ultimate,ciws_l,,,,,,,,,,,,,,,,,TRUE,,,hovercraft,kessler,,,,,,,53500,,,35,15,5,4,3,0;16,6,main_battle_tank;ifv;armored_car;fpv_carrier;aa_vehicle;main_battle_tank;ifv,29.3,Free,,gun,,,,,,,,,,,,,,,,,,,,,,,,,,,,,,,,,,,,,,,,,,,,,,,,,,,,radio.kessler.hovercraft,9,mini,,,,,,,,,,,,,,,,1.0,,,,,,0.85,,5.5,,,,,,,,,,,,,,,,,,,,,,,,,,,,,,,,,,,,,,,,26,200,,,,,,,,,,60,,,,hover_ciws,4.303,15.9,Assets/MachineBrigade/Resources/Data/balance.json: vehicles[220],"{""id"":""landing_hovercraft"",""frame"":""hovercraft"",""rank"":""mini"",""size"":0.85,""dropParts"":[""ciws_l""],""boss"":true,""general"":""kessler"",""radioSpawn"":""radio.kessler.hovercraft"",""armour"":3,""hp"":53500,""weaponDamage"":4.303,""speed"":5.5,""turnRate"":26,""turretTurnRate"":200,""radius"":9,""length"":29.3,""width"":15.9,""scale"":1.0,""cp"":0,""vision"":60,""captureRate"":0,""firesWhileMoving"":true,""weapon"":""hover_ciws"",""mainSlot"":""gun"",""mainAim"":""Free"",""secondary"":[{""weapon"":""hover_ciws"",""slot"":""gun"",""aim"":""Free""},{""weapon"":""ciws_aa"",""slot"":""mg"",""aim"":""Free""},{""weapon"":""ciws_aa"",""slot"":""mg"",""aim"":""Free""},{""weapon"":""hover_rockets"",""slot"":""rocket"",""aim"":""Free""},{""weapon"":""hover_rockets"",""slot"":""rocket"",""aim"":""Free""}],""aps"":{""radius"":22,""charges"":2,""recharge"":3,""rockets"":true},""landing"":{""every"":35,""stop"":6,""min"":3,""max"":4,""landings"":5,""first"":15,""units"":[""main_battle_tank"",""ifv"",""armored_car"",""fpv_carrier"",""aa_vehicle"",""main_battle_tank"",""ifv""],""ramp"":[0,16]},""phases"":[{""at"":0.45,""transform"":2.5,""speed"":1.2,""radio"":""radio.kessler.hovercraft.half""}],""parts"":[{""id"":""ramp"",""kind"":""ramp"",""hp"":0.12,""armour"":3,""node"":""Part_ramp"",""wreck"":""wreck_stump"",""at"":[0,12.5,2.3],""radius"":3.0,""stops"":[""landing""],""radio"":""radio.part.ramp""},{""id"":""fan_l"",""kind"":""fan"",""hp"":0.07,""armour"":1,""node"":""Part_fan"",""wreck"":""wreck_engine"",""at"":[-5.3,-10.9,6.5],""radius"":3.0,""speed"":0.7},{""id"":""fan_r"",""kind"":""fan"",""hp"":0.07,""armour"":1,""node"":""Part_fan.001"",""wreck"":""wreck_engine"",""at"":[5.3,-10.9,6.5],""radius"":3.0,""speed"":0.7},{""id"":""gun_l"",""kind"":""gun"",""hp"":0.07,""armour"":3,""node"":""Part_gun"",""wreck"":""wreck_turret"",""at"":[-5.3,6.4,4.3],""radius"":1.8,""mounts"":[0]},{""id"":""gun_r"",""kind"":""gun"",""hp"":0.07,""armour"":3,""node"":""Part_gun.001"",""wreck"":""wreck_turret"",""at"":[5.3,3.0,4.3],""radius"":1.8,""mounts"":[1]},{""id"":""ciws_l"",""kind"":""ciws"",""hp"":0.07,""armour"":2,""node"":""Part_mg"",""wreck"":""wreck_turret"",""at"":[-5.3,-3.7,4.8],""radius"":1.8,""mounts"":[2],""stops"":[""aps""]},{""id"":""ciws_r"",""kind"":""ciws"",""hp"":0.07,""armour"":2,""node"":""Part_mg.001"",""wreck"":""wreck_turret"",""at"":[5.3,-3.7,4.8],""radius"":1.8,""mounts"":[3],""stops"":[""aps""]},{""id"":""rockets_l"",""kind"":""rockets"",""hp"":0.07,""armour"":2,""node"":""Part_rocket"",""wreck"":""wreck_launcher"",""at"":[-5.3,11.2,4.6],""radius"":1.8,""mounts"":[4]},{""id"":""rockets_r"",""kind"":""rockets"",""hp"":0.07,""armour"":2,""node"":""Part_rocket.001"",""wreck"":""wreck_launcher"",""at"":[5.3,11.2,4.6],""radius"":1.8,""mounts"":[5]}],""deathExplosion"":{""damage"":420,""radius"":18,""delay"":2.6,""tier"":""Ultimate""}}"
leviathan,main,Leviathan · Battleship,Leviathan · Thiết giáp hạm,Leviathan,,,,0,52200,44370.0,5,3,2,2,FALSE,2.6,8,36,120,11.2,86.0,14.4,FALSE,0,FALSE,TRUE,0,3.5,0.9678,p26_leviathan_lev406,p26_leviathan_lev406;p26_leviathan_lev406;p26_leviathan_sec_lev155;p26_leviathan_sec_lev155;p26_leviathan_direct_lev127;p26_leviathan_direct_lev127;aa_25_triple;aa_25_triple;aa_25_triple;aa_25_triple;aa_25_triple;aa_25_triple;aa_25_triple;aa_25_triple;sam_post,leviathan_helos,aps,3,2.2,leviathan,doi,,,,,,,,,,,,,,,,,,,,,1,0.9678,ship,ship,kessler,,16,26,leviathan_volley,50,base,FALSE,4,,NEED_CODE_CHECK,,,,,5,2,3,2,,leviathan_volley,,,,,,,,,,,,,,TRUE,,,,,,,,,,,,,,,0,,,,,0,,main_battle_tank;ifv;main_battle_tank;tank_destroyer,40,5,3,2,1,landing_craft,520,50,4,20,1,10,5,leviathan_cruise_mark,leviathan_cruise,,,,,,,,,,,,550,3.8,24,Ultimate,,,,,,,,,,,,,,,,,,TRUE,,,ship,kessler,,,,,,,52200,,,,,,,,,,,86,Free,,gun,,,,,,,,,,,,,p26_leviathan_lev406,p26_leviathan_lev406,,p26_leviathan_lev406,p26_leviathan_sec_lev155,p26_leviathan_sec_lev155,p26_leviathan_direct_lev127,p26_leviathan_direct_lev127,,,,2,0.75,far;near;far,,,Flagship,,0.9678,,,,,,,,,,,,,,,,,,,,,radio.kessler.leviathan,11.2,main,,,2.2,2400,24,60,8,14,160,3,22,18,3.7,leviathan_shell,p26_leviathan_lev406,1.0,,,,,,1.12,leviathan_helos,2.6,,,,,,,,,,,,,,,,,,,,,,,,,,,,,,,,,,,,,,,,8,36,,,,,,,,,,120,,3;4,1,leviathan_460,1,14.4,Assets/MachineBrigade/Resources/Data/balance.json: vehicles[223],"{""id"":""leviathan"",""outgoingDamageMult"":0.9678,""wake"":{""phase"":1,""mounts"":[3,4]},""mountWeapons"":{""0"":""p26_leviathan_lev406"",""1"":""p26_leviathan_lev406"",""2"":""p26_leviathan_lev406"",""3"":""p26_leviathan_sec_lev155"",""4"":""p26_leviathan_sec_lev155"",""5"":""p26_leviathan_direct_lev127"",""6"":""p26_leviathan_direct_lev127""},""frame"":""ship"",""rank"":""main"",""size"":1.12,""boss"":true,""bigAttack"":""leviathan_volley"",""general"":""kessler"",""radioSpawn"":""radio.kessler.leviathan"",""armour"":[5,3,2,2],""hp"":52200,""weaponDamage"":1,""speed"":2.6,""turnRate"":8,""turretTurnRate"":36,""radius"":11.2,""length"":86,""width"":14.4,""scale"":1.0,""cp"":0,""vision"":120,""captureRate"":0,""firesWhileMoving"":true,""weapon"":""leviathan_460"",""mainSlot"":""gun"",""mainAim"":""Free"",""secondary"":[{""weapon"":""leviathan_460"",""slot"":""gun"",""aim"":""Free""},{""weapon"":""leviathan_460"",""slot"":""gun"",""aim"":""Free"",""arc"":[180,150]},{""weapon"":""naval_155_triple"",""slot"":""gun"",""aim"":""Free"",""arc"":[0,135]},{""weapon"":""naval_155_triple"",""slot"":""gun"",""aim"":""Free"",""arc"":[180,135]},{""weapon"":""hover_ciws"",""slot"":""mg"",""aim"":""Free""},{""weapon"":""hover_ciws"",""slot"":""mg"",""aim"":""Free""},{""weapon"":""aa_25_triple"",""slot"":""mg"",""aim"":""Free""},{""weapon"":""aa_25_triple"",""slot"":""mg"",""aim"":""Free""},{""weapon"":""aa_25_triple"",""slot"":""mg"",""aim"":""Free""},{""weapon"":""aa_25_triple"",""slot"":""mg"",""aim"":""Free""},{""weapon"":""aa_25_triple"",""slot"":""mg"",""aim"":""Free""},{""weapon"":""aa_25_triple"",""slot"":""mg"",""aim"":""Free""},{""weapon"":""aa_25_triple"",""slot"":""mg"",""aim"":""Free""},{""weapon"":""aa_25_triple"",""slot"":""mg"",""aim"":""Free""},{""weapon"":""sam_post"",""slot"":""missile"",""aim"":""Free""}],""aps"":{""radius"":30,""charges"":3,""recharge"":2.2,""rockets"":true},""naval"":{""role"":""Flagship"",""lanes"":[""far"",""near"",""far""],""escapePhase"":2,""escapeSpeed"":0.75},""salvo"":{""every"":60,""edge"":24,""first"":8,""warn"":3.7,""shells"":3,""damage"":2400,""radius"":14,""spread"":22,""range"":160,""sweep"":18,""blindScatter"":2.2,""weapon"":""p26_leviathan_lev406"",""warning"":""leviathan_shell""},""cruise"":{""every"":50,""first"":20,""phase"":1,""warn"":5,""damage"":520,""radius"":10,""final"":4,""weapon"":""leviathan_cruise"",""warning"":""leviathan_cruise_mark""},""craft"":{""unit"":""landing_craft"",""carries"":[""main_battle_tank"",""ifv"",""main_battle_tank"",""tank_destroyer""],""per"":2,""every"":40,""first"":5,""phase"":1,""max"":3},""fleet"":[{""unit"":""sea_cruiser"",""count"":1,""at"":22,""abeam"":-17},{""unit"":""sea_corvette"",""count"":1,""at"":-27,""abeam"":-16},{""unit"":""missile_boat"",""count"":3}],""air"":[{""phase"":1,""units"":[""attack_jet"",""attack_jet""]}],""skills"":[""leviathan_helos""],""phases"":[{""at"":0.6,""transform"":2.5,""radio"":""radio.kessler.leviathan.phase2""},{""at"":0.25,""transform"":3,""radio"":""radio.kessler.leviathan.phase3"",""fireRate"":1.25}],""parts"":[{""id"":""turret_fore"",""kind"":""maingun"",""hp"":0.05,""armour"":4,""node"":""Part_gun"",""wreck"":""wreck_turret"",""at"":[0,21.4,6.4],""radius"":3.8,""mounts"":[0],""radio"":""radio.part.maingun""},{""id"":""turret_super"",""kind"":""maingun"",""hp"":0.05,""armour"":4,""node"":""Part_gun.001"",""wreck"":""wreck_turret"",""at"":[0,13.0,8.2],""radius"":3.8,""mounts"":[1]},{""id"":""turret_aft"",""kind"":""maingun"",""hp"":0.05,""armour"":4,""node"":""Part_gun.002"",""wreck"":""wreck_turret"",""at"":[0,-25.6,5.8],""radius"":3.8,""mounts"":[2]},{""id"":""sec_fore"",""kind"":""gun"",""hp"":0.05,""armour"":2,""node"":""Part_sec_f"",""wreck"":""wreck_turret"",""at"":[0,7.2,10.5],""radius"":2.4,""mounts"":[3]},{""id"":""sec_aft"",""kind"":""gun"",""hp"":0.05,""armour"":2,""node"":""Part_sec_a"",""wreck"":""wreck_turret"",""at"":[0,-19.8,7.7],""radius"":2.4,""mounts"":[4]},{""id"":""vls"",""kind"":""vls"",""hp"":0.05,""armour"":2,""node"":""Part_vls"",""wreck"":""wreck_launcher"",""at"":[0,-5.6,7.8],""radius"":3.8,""stops"":[""cruise""],""radio"":""radio.part.vls""},{""id"":""aa_port"",""kind"":""flak"",""hp"":0.05,""armour"":1,""node"":""Part_aa_l"",""wreck"":""wreck_turret"",""at"":[-6.1,-4.5,4.6],""radius"":5.0,""mounts"":[7,8,9,10]},{""id"":""aa_starboard"",""kind"":""flak"",""hp"":0.05,""armour"":1,""node"":""Part_aa_r"",""wreck"":""wreck_turret"",""at"":[6.1,-4.5,4.6],""radius"":5.0,""mounts"":[11,12,13,14]},{""id"":""ciws_fore"",""kind"":""ciws"",""hp"":0.05,""armour"":2,""node"":""Part_mg"",""wreck"":""wreck_turret"",""at"":[3.4,3.4,9.9],""radius"":1.8,""mounts"":[5],""stops"":[""aps""]},{""id"":""ciws_aft"",""kind"":""ciws"",""hp"":0.05,""armour"":2,""node"":""Part_mg.001"",""wreck"":""wreck_turret"",""at"":[-2.1,-16.5,6.9],""radius"":1.8,""mounts"":[6],""stops"":[""aps""],""radio"":""radio.part.ciws""},{""id"":""radar"",""mounts"":[15],""kind"":""radar"",""hp"":0.05,""armour"":1,""node"":""Part_radar"",""wreck"":""wreck_stump"",""at"":[0,1.0,19.5],""radius"":2.6,""stops"":[""radar""],""spread"":2,""affects"":[5,6],""fx"":""energy"",""radio"":""radio.part.radar""},{""id"":""flight_deck"",""kind"":""flightdeck"",""hp"":0.05,""armour"":2,""node"":""Part_deck"",""wreck"":""wreck_stump"",""at"":[0,-36.0,3.9],""radius"":5.5,""skills"":[""leviathan_helos""],""radio"":""radio.part.flightdeck""},{""id"":""well_deck"",""kind"":""welldeck"",""hp"":0.05,""armour"":2,""node"":""Part_welldeck"",""wreck"":""wreck_stump"",""at"":[0,-42.75,1.9],""radius"":3.0,""stops"":[""craft""],""radio"":""radio.part.welldeck""},{""id"":""machinery"",""kind"":""engine"",""hp"":0.05,""armour"":3,""node"":""Part_engine"",""wreck"":""wreck_engine"",""at"":[0,-8.5,11.5],""radius"":3.2,""speed"":0.65,""radio"":""radio.part.machinery""}],""deathExplosion"":{""damage"":550,""radius"":24,""delay"":3.8,""tier"":""Ultimate""}}"
locust,mini,Locust · Drone Tender,Locust · Tàu con drone,Locust,,,,0,45650,38802.5,1,1,1,1,FALSE,5.2,20,90,70,9,,,TRUE,26,FALSE,TRUE,0,3.5,1,p26_matriarch_ma_drones,p26_matriarch_close_boss_flak,mothership_launch;boss_flares;mothership_shield,none,,,locust,giong,,,,,,,,,,,,,,,,,,,,,,,aircraft,aircraft,sen,drone_mothership,2,2,,,,FALSE,5;14;11;12,c11m07;c11m12;c12m05;c5m08;i2m02;i2m04,NEED_CODE_CHECK,,,,1,,,,,,,,,,,,,,,,,,,,,,,,,,,,,,,,,,,,,,,,,,,,,,,,,,,,,,,,,,,,,,,,,,,,,,,,,,,,,,,,,,,,,,,,,,,,,,sen,,,,,,,45650,,,,,,,,,,,,,,,,,,,,,,,,,,,,,,,,,,,,,,,,,,,,,,,,,,,,,,,,,,,,,,,,,,radio.sen.locust,,,,,,,,,,,,,,,,,,,,,,,,,,5.2,,,,,,,,,,,,,,,,,,,,,,,,,,,,,,,,,,,,,,,,,,,drone_bay;flak_top,locust,,drone_mothership,0.4615,0.72,0.92,1.04,,,,,,1.297,,Assets/MachineBrigade/Resources/Data/balance.json: vehicles[238],"{""id"":""locust"",""wake"":null,""variantOf"":""drone_mothership"",""general"":""sen"",""radioSpawn"":""radio.sen.locust"",""hp"":45650,""weaponDamage"":1.297,""armour"":1,""speed"":5.2,""variant"":{""size"":0.4615,""keep"":[""drone_bay"",""flak_top""],""tint"":[1.04,0.92,0.72],""mark"":""locust"",""tune"":{""drone_bay"":{""hp"":0.15},""flak_top"":{""hp"":0.15}}}}"
mega_gunship,mini,Harpy · Giant Helicopter,Harpy · Trực thăng khổng lồ,Harpy,,,,0,29950,25457.5,2,2,2,2,FALSE,6,50,360,55,7,,,TRUE,20,FALSE,TRUE,0,3.5,1,gunship_rockets,boss_heli_gun;boss_heli_gun;boss_minigun;gunship_rockets;boss_hmg;boss_hmg,boss_flares;boss_rage,none,,,mega_gunship,giong,,,,,,,,,,,,,,,,,,,,,,,aircraft,aircraft,quaden,,7,7,,,,TRUE,3,c3m05,NEED_CODE_CHECK,,20,,2,,,,,,,,,,,,,,,,,,,,TRUE,,,,,,,,,,,,,,,0,,,,,0,,,,,,,,,,,,,,,,,,,,,,,,,,,,,350,2.6,15,Ultimate,minigun_l;missiles,,,,,,,,,,,,,,,,,TRUE,,TRUE,aircraft,quaden,,,,,,,29950,,,,,,,,,,,,,hydra,rocket,,,,,,,,,,,,,,,,,,,,,,,,,,,,,,,,,,,,,,,,,,,,,,,,,,,,radio.quaden.harpy,7,mini,,,,,,,,,,,,,,,,1.35,,,,,,0.85,boss_flares;boss_rage,6,,,,,,,,,,,,,,,,,,,,,,,,,,,,,,,,,,,,,,,,50,360,,,,,,,,,,55,,,,gunship_rockets,2.496,,Assets/MachineBrigade/Resources/Data/balance.json: vehicles[207],"{""id"":""mega_gunship"",""frame"":""aircraft"",""rank"":""mini"",""general"":""quaden"",""size"":0.85,""dropParts"":[""minigun_l"",""missiles""],""radioSpawn"":""radio.quaden.harpy"",""scale"":1.35,""armour"":2,""hp"":29950,""weaponDamage"":2.496,""speed"":6,""turnRate"":50,""turretTurnRate"":360,""radius"":7,""cp"":0,""vision"":55,""firesWhileMoving"":true,""weapon"":""gunship_rockets"",""mainSlot"":""rocket"",""mainModel"":""hydra"",""flying"":true,""altitude"":20,""captureRate"":0,""boss"":true,""skills"":[""boss_flares"",""boss_rage""],""secondary"":[{""weapon"":""boss_heli_gun"",""slot"":""gun"",""aim"":""Free""},{""weapon"":""boss_heli_gun"",""slot"":""gun"",""aim"":""Free""},{""weapon"":""boss_missiles"",""slot"":""missile"",""aim"":""Hull""},{""weapon"":""boss_minigun"",""slot"":""mg"",""aim"":""Free""},{""weapon"":""boss_minigun"",""slot"":""mg"",""aim"":""Free""},{""weapon"":""gunship_rockets"",""slot"":""rocket"",""model"":""hydra"",""aim"":""Hull""},{""weapon"":""boss_hmg"",""slot"":""mg"",""aim"":""Free""},{""weapon"":""boss_hmg"",""slot"":""mg"",""aim"":""Free""}],""parts"":[{""id"":""gun_l"",""kind"":""gun"",""hp"":0.08,""armour"":2,""node"":""Mount_gun"",""wreck"":""wreck_turret"",""at"":[-0.56,7.1,1.1],""radius"":1.5,""mounts"":[1]},{""id"":""gun_r"",""kind"":""gun"",""hp"":0.08,""armour"":2,""node"":""Mount_gun.001"",""wreck"":""wreck_turret"",""at"":[0.56,7.1,1.1],""radius"":1.5,""mounts"":[2]},{""id"":""minigun_l"",""kind"":""minigun"",""hp"":0.08,""armour"":2,""node"":""Mount_mg"",""wreck"":""wreck_turret"",""at"":[-1.52,4.6,1.9],""radius"":1.5,""mounts"":[4]},{""id"":""minigun_r"",""kind"":""minigun"",""hp"":0.08,""armour"":2,""node"":""Mount_mg.001"",""wreck"":""wreck_turret"",""at"":[1.52,4.6,1.9],""radius"":1.5,""mounts"":[5]},{""id"":""pod_l"",""kind"":""rockets"",""hp"":0.08,""armour"":2,""wreck"":""wreck_launcher"",""at"":[-2.67,1.3,1.4],""radius"":1.6,""mounts"":[0]},{""id"":""pod_r"",""kind"":""rockets"",""hp"":0.08,""armour"":2,""wreck"":""wreck_launcher"",""at"":[2.67,1.3,1.4],""radius"":1.6,""mounts"":[6]},{""id"":""missiles"",""kind"":""missiles"",""hp"":0.08,""armour"":2,""wreck"":""wreck_launcher"",""at"":[0,1.25,1.5],""radius"":1.4,""mounts"":[3]},{""id"":""rotor_rear"",""kind"":""rotor"",""hp"":0.1,""armour"":1,""node"":""Rotor_rear"",""wreck"":""wreck_stump"",""at"":[0,-6.7,5.7],""radius"":3.0,""turn"":0.5}],""deathExplosion"":{""damage"":350,""radius"":15,""delay"":2.6,""tier"":""Ultimate""}}"
mobile_fortress,main,Jötunn · Mobile Fortress,Jötunn · Pháo đài di động,Jötunn,,,,0,41200,35020.0,5,3,2,2,FALSE,1.8,20,25,60,7.5,19.308,10.92,FALSE,0,FALSE,TRUE,0,3.5,0.9508,p26_jotunn_jo203,p26_jotunn_sec_jo_rockets;p26_jotunn_sec_jo_rockets;p26_jotunn_close_boss_flak;p26_jotunn_close_boss_flak;p26_jotunn_direct_jo125;p26_jotunn_tiny_twin_30_flak;p26_jotunn_jo203;sam_post,fortress_barrage;boss_emp,none,,,mobile_fortress,doi,,,,,,,,,,,,,,,,,,,,,1,0.9508,tracked,tracked,orlov,,9,9,fortress_203_barrage,50,group,TRUE,3,,NEED_CODE_CHECK,,,,,5,2,3,2,,fortress_203_barrage,,,,,,,,,,,,,,TRUE,,,,,,,,,,,,,,,0,,,,,0,,,,,,,,,,,,,,,,,,,,,,,,,,,,,450,2.6,20,Ultimate,,,,,,,,,,,,,,,,,,TRUE,,,tracked,orlov,,4,180,5,6,15,41200,,,,,,,,,,,16.09,,,,,,,,,,,,,,,,p26_jotunn_jo203,p26_jotunn_sec_jo_rockets,,p26_jotunn_sec_jo_rockets,p26_jotunn_close_boss_flak,p26_jotunn_close_boss_flak,p26_jotunn_direct_jo125,p26_jotunn_tiny_twin_30_flak,p26_jotunn_jo203,,,,,,,,,,0.9508,,,,,,,,,,,,,,,,,,,,,radio.orlov.fortress,7.5,main,,,,,,,,,,,,,,,,1.2,,,,,,1.657,fortress_barrage;boss_emp,1.8,,,,,,,,,,,,,,,,,,,,,,,,,,,,,,,,,,,,,,,,20,25,,,,,,,,,,60,,1;2,1,boss_howitzer,1,9.1,Assets/MachineBrigade/Resources/Data/balance.json: vehicles[205],"{""id"":""mobile_fortress"",""outgoingDamageMult"":0.9508,""guard"":{""radius"":15,""count"":4,""every"":5,""damage"":180,""pad"":6},""wake"":{""phase"":1,""mounts"":[1,2]},""mountWeapons"":{""0"":""p26_jotunn_jo203"",""1"":""p26_jotunn_sec_jo_rockets"",""2"":""p26_jotunn_sec_jo_rockets"",""3"":""p26_jotunn_close_boss_flak"",""4"":""p26_jotunn_close_boss_flak"",""5"":""p26_jotunn_direct_jo125"",""6"":""p26_jotunn_tiny_twin_30_flak"",""7"":""p26_jotunn_jo203""},""frame"":""tracked"",""rank"":""main"",""general"":""orlov"",""size"":1.657,""radioSpawn"":""radio.orlov.fortress"",""scale"":1.2,""armour"":[5,3,2,2],""hp"":41200,""weaponDamage"":1,""speed"":1.8,""turnRate"":20,""turretTurnRate"":25,""radius"":7.5,""length"":16.09,""width"":9.1,""cp"":0,""vision"":60,""firesWhileMoving"":true,""weapon"":""boss_howitzer"",""captureRate"":0,""boss"":true,""bigAttack"":""fortress_203_barrage"",""skills"":[""fortress_barrage"",""boss_emp""],""secondary"":[{""weapon"":""boss_rockets"",""slot"":""rocket"",""aim"":""Free""},{""weapon"":""boss_rockets"",""slot"":""rocket"",""aim"":""Free""},{""weapon"":""boss_flak"",""slot"":""mg"",""aim"":""Free""},{""weapon"":""boss_flak"",""slot"":""mg"",""aim"":""Free""},{""weapon"":""boss_missiles"",""slot"":""missile"",""aim"":""Hull""},{""weapon"":""twin_30_flak"",""slot"":""mg"",""aim"":""Free""}],""parts"":[{""id"":""howitzer"",""kind"":""howitzer"",""hp"":0.09,""armour"":3,""node"":""Main_cannon|Muzzle_brake"",""wreck"":""wreck_barrel"",""at"":[0,3.0,7.1],""radius"":3.0,""mounts"":[0],""skills"":[""fortress_barrage""],""radio"":""radio.part.maingun""},{""id"":""rockets_l"",""kind"":""rockets"",""hp"":0.07,""armour"":2,""node"":""Mount_rocket"",""wreck"":""wreck_launcher"",""at"":[-1.9,-6.0,4.6],""radius"":1.8,""mounts"":[1]},{""id"":""rockets_r"",""kind"":""rockets"",""hp"":0.07,""armour"":2,""node"":""Mount_rocket.001"",""wreck"":""wreck_launcher"",""at"":[1.9,-6.0,4.6],""radius"":1.8,""mounts"":[2]},{""id"":""flak_l"",""kind"":""flak"",""hp"":0.07,""armour"":2,""node"":""Mount_mg"",""wreck"":""wreck_turret"",""at"":[-3.2,6.0,4.6],""radius"":1.8,""mounts"":[3]},{""id"":""flak_r"",""kind"":""flak"",""hp"":0.07,""armour"":2,""node"":""Mount_mg.001"",""wreck"":""wreck_turret"",""at"":[3.2,6.0,4.6],""radius"":1.8,""mounts"":[4,6]},{""id"":""missiles"",""kind"":""missiles"",""hp"":0.07,""armour"":2,""wreck"":""wreck_launcher"",""at"":[0,-6.05,4.6],""radius"":1.8,""mounts"":[5]},{""id"":""emp"",""kind"":""emp"",""hp"":0.07,""armour"":1,""node"":""Radar"",""wreck"":""wreck_stump"",""at"":[0,-4.2,7.7],""radius"":2.0,""skills"":[""boss_emp""]},{""use"":""howitzer_203"",""id"":""howitzer_2"",""node"":""Mount_gun"",""at"":[0,-2.0,7.4]},{""use"":""sam_medium"",""id"":""sam"",""node"":""Mount_missile.001"",""at"":[2.6,-4.4,5.6]}],""deathExplosion"":{""damage"":450,""radius"":20,""delay"":2.6,""tier"":""Ultimate""}}"
moloch,main,Moloch · Mobile Factory,Moloch · Nhà máy di động,Moloch,,,,0,74100,62985.0,5,3,2,2,FALSE,1.2,14,30,60,11,24,13,FALSE,0,FALSE,TRUE,1,3.5,1.6957,p26_moloch_main_mo120,p26_moloch_tiny_zu23;p26_moloch_tiny_zu23;p26_moloch_main_mo120;p26_moloch_direct_mo120ap;p26_moloch_direct_mo120ap;p26_moloch_close_boss_flak,boss_bulwark,none,,,moloch,doi,,,,,,,,,,,,,,,,,,,,,1,1.6957,tracked,tracked,varga,,7,11,moloch_factory_dump,50,group,FALSE,6,,NEED_CODE_CHECK,,,,,5,2,3,2,,moloch_factory_dump,,,,,,,,,,,,,,TRUE,,,,,,,,,,,,,,,,,,,,,,,,,,,,,,,,,,,,,,,,,,,,,,,,,480,2.6,22,Ultimate,,,,,,6,door_l;door_r,20,12,60,2,1,"light_tank,ifv,armored_car;main_battle_tank,ifv,light_tank;main_battle_tank,heavy_tank,ifv",,,,,,,,tracked,varga,,4,250,5,6,15,74100,,,,,,,,,,,24,,,,,,,,,,,,moloch,,,,p26_moloch_main_mo120,p26_moloch_tiny_zu23,,p26_moloch_tiny_zu23,p26_moloch_main_mo120,p26_moloch_direct_mo120ap,p26_moloch_direct_mo120ap,p26_moloch_close_boss_flak,,,,,,,,,,,1.6957,,,,,,,,,,,,,,,,,,,,,radio.varga.moloch,11,main,,,,,,,,,,,,,,,,,,,,,,1.5103,boss_bulwark,1.2,,,,,,,,,,,,,,,,,,,,,,,,,,,,,,,,,,,,,,,,14,30,,,,,,,,,,60,,,,gun_120mm,1,13,Assets/MachineBrigade/Resources/Data/balance.json: vehicles[229],"{""id"":""moloch"",""outgoingDamageMult"":1.6957,""size"":1.5103,""guard"":{""radius"":15,""count"":4,""every"":5,""damage"":250,""pad"":6},""mountWeapons"":{""0"":""p26_moloch_main_mo120"",""1"":""p26_moloch_tiny_zu23"",""2"":""p26_moloch_tiny_zu23"",""3"":""p26_moloch_main_mo120"",""4"":""p26_moloch_direct_mo120ap"",""5"":""p26_moloch_direct_mo120ap"",""6"":""p26_moloch_close_boss_flak""},""frame"":""tracked"",""rank"":""main"",""general"":""varga"",""boss"":true,""bigAttack"":""moloch_factory_dump"",""radioSpawn"":""radio.varga.moloch"",""model"":""moloch"",""armour"":[5,3,2,2],""hp"":74100,""weaponDamage"":1,""speed"":1.2,""turnRate"":14,""turretTurnRate"":30,""radius"":11,""length"":24,""width"":13,""vision"":60,""weapon"":""gun_120mm"",""secondary"":[{""weapon"":""zu23"",""slot"":""mg"",""aim"":""Free""},{""weapon"":""zu23"",""slot"":""mg"",""aim"":""Free""}],""skills"":[""boss_bulwark""],""factory"":{""first"":12,""every"":20,""min"":1,""max"":2,""grow"":60,""cap"":6,""doors"":[""door_l"",""door_r""],""units"":[[""light_tank"",""ifv"",""armored_car""],[""main_battle_tank"",""ifv"",""light_tank""],[""main_battle_tank"",""heavy_tank"",""ifv""]]},""parts"":[{""use"":""turret_120"",""id"":""turret_fl"",""mounts"":[0],""node"":""Turret"",""at"":[-4.4,7.6,7.4],""radio"":""radio.part.maingun""},{""use"":""turret_120"",""id"":""turret_fr"",""node"":""Mount_gun"",""at"":[4.4,7.6,7.4]},{""use"":""turret_120"",""id"":""turret_rl"",""node"":""Mount_gun.001"",""at"":[-4.4,-4.6,7.4]},{""use"":""turret_120"",""id"":""turret_rr"",""node"":""Mount_gun.002"",""at"":[4.4,-4.6,7.4]},{""use"":""flak_35"",""id"":""flak"",""node"":""Mount_mg"",""at"":[0,1.4,9.4]},{""use"":""workshop_door"",""id"":""door_l"",""node"":""Part_door_l"",""at"":[-3.0,-11.8,2.8]},{""use"":""workshop_door"",""id"":""door_r"",""node"":""Part_door_r"",""at"":[3.0,-11.8,2.8]},{""use"":""tracks"",""id"":""track_l"",""node"":""Part_track_l"",""at"":[-6.0,0,1.4],""speed"":0.8},{""use"":""tracks"",""id"":""track_r"",""node"":""Part_track_r"",""at"":[6.0,0,1.4],""speed"":0.8}],""deathExplosion"":{""damage"":480,""radius"":22,""delay"":2.6,""tier"":""Ultimate""}}"
monster,main,Monster · 800 mm Self-Propelled Gun,Monster · Pháo tự hành 800 mm,Monster,,,,0,103100,87635.0,5,3,2,3,FALSE,0.8,18,22,64,7.5,19.884,10.92,FALSE,0,FALSE,TRUE,0,3.5,1,p26_bastion_sec_b240,p26_bastion_direct_b100;p26_bastion_direct_b100;p26_bastion_tiny_autocannon_40;p26_bastion_tiny_autocannon_40;p26_bastion_tiny_kornet_twin;p26_bastion_close_boss_hmg;p26_bastion_close_boss_hmg;p26_bastion_main_b155;p26_bastion_tiny_zu23;p26_bastion_tiny_zu23,train_patch;boss_bulwark;fortress_barrage,none,,,monster,giong,,,,,,,,,,,,,,,,,,,,,,,tracked,tracked,orlov,fortress_bastion,11,13,monster_800_shell,50,group,FALSE,,,NEED_CODE_CHECK,,,,,5,2,3,3,,monster_800_shell,,,,,,,,,,,,,,,,,,,,,,,,,,,,,,,,,,,,,,,,,,,,,,,,,,,,,,,,,,,,,,,,,,,,,,,,,,,,,,,,,,,,,,,,orlov,,,,,,,103100,,,,,,,,,,,,,,,,,,,,,,,monster,13,40.3,22.1,,,,,,,,,,,,,,,,,,,,,,,,,,,,,,,,,,,,,,,,radio.orlov.monster,,main,,,,,,,,,,,,,,,,,,,,,,,,0.8,,,,,,,,,,,,,,,,,,,,,,,,,,,,,,,,,,,,,,,,,,,,monster,,fortress_bastion,1.05,,,,,,,,,1.997,,Assets/MachineBrigade/Resources/Data/balance.json: vehicles[245],"{""id"":""monster"",""armour"":[5,3,2,3],""variantOf"":""fortress_bastion"",""model"":""monster"",""rank"":""main"",""general"":""orlov"",""radioSpawn"":""radio.orlov.monster"",""hp"":103100,""weaponDamage"":1.997,""speed"":0.8,""bigAttack"":""monster_800_shell"",""modelSize"":[40.3,22.1,13],""variant"":{""size"":1.05,""mark"":""monster""}}"
morrigan,mini,Morrigan · Raven's Fighter,Morrigan · Tiêm kích của Raven,Morrigan,,,,0,88000,74800.0,1,0,0,0,FALSE,44,118,360,80,5.2,,,FALSE,40,FALSE,TRUE,1,3.5,1,air_to_air,air_to_air;guided_bomb;fighter_cannon,boss_flares,none,,,morrigan,giong,,,,,,,,,,,,,,,,,,,,,,,aircraft,aircraft,quaden,,4,4,,,,FALSE,15;10,c10m12;i3m02,NEED_CODE_CHECK,,40,,1,,,,,4.0,,,,,,,,,,,,,,,TRUE,,,,,,,,,,,,,,,,high,,,,,,,,,,,,,,,,,,,,,,,,,,,,,,,,,120,0.8,9,Huge,,FALSE,0.7;0.4,45,6,,,,,,,,,,,,,,TRUE,,aircraft,quaden,,,,,,,88000,TRUE,,,,,,,,,,,,,missile,,,,,,,,,morrigan,,,,,,,,,,,,,,,,,,,,,,,,,,,,,,,,,,,,,,,,,,,radio.quaden.morrigan,5.2,mini,,,,,,,,,,,,,,,,0.62,,,,TRUE,,,boss_flares,44,,,TRUE,,,,,,,,,,,,,,,,,,,,,,,,,,,,,,,,,,,,,118,360,,,,,,,,,,80,,,,air_to_air,6,,Assets/MachineBrigade/Resources/Data/balance.json: vehicles[243],"{""id"":""morrigan"",""frame"":""aircraft"",""rank"":""mini"",""general"":""quaden"",""boss"":true,""model"":""morrigan"",""radioSpawn"":""radio.quaden.morrigan"",""scale"":0.62,""armour"":1,""hp"":88000,""weaponDamage"":6,""speed"":44,""turnRate"":118,""turretTurnRate"":360,""radius"":5.2,""vision"":80,""ceiling"":""high"",""weapon"":""air_to_air"",""mainSlot"":""missile"",""fixedWing"":true,""altitude"":40,""attackHold"":4.0,""interceptor"":true,""stealth"":true,""sead"":true,""skills"":[""boss_flares""],""secondary"":[{""weapon"":""air_to_air"",""slot"":""missile"",""aim"":""Free""},{""weapon"":""guided_bomb"",""slot"":""bomb"",""aim"":""Free""},{""weapon"":""fighter_cannon"",""slot"":""gun"",""aim"":""Hull""}],""parts"":[{""id"":""bay_l"",""kind"":""missiles"",""hp"":0.13,""armour"":1,""node"":""Part_bay_l"",""wreck"":""wreck_launcher"",""at"":[-0.28,0.81,-0.37],""radius"":1.2,""mounts"":[0]},{""id"":""bay_r"",""kind"":""missiles"",""hp"":0.13,""armour"":1,""node"":""Part_bay_r"",""wreck"":""wreck_launcher"",""at"":[0.28,0.81,-0.37],""radius"":1.2,""mounts"":[1]},{""id"":""bomb_bay"",""kind"":""bombbay"",""hp"":0.13,""armour"":1,""node"":""Part_bomb_bay"",""wreck"":""wreck_stump"",""at"":[0,-1.55,-0.35],""radius"":1.1,""mounts"":[2]},{""id"":""engines"",""kind"":""engine"",""hp"":0.13,""armour"":1,""node"":""Part_engines"",""wreck"":""wreck_engine"",""at"":[0,-4.9,0.19],""radius"":1.6,""speed"":0.7,""turn"":0.8,""radio"":""radio.part.engines""}],""duel"":{""escorts"":false,""vanishAt"":[0.7,0.4],""vanishEvery"":45,""vanishSeconds"":6},""deathExplosion"":{""damage"":120,""radius"":9,""delay"":0.8,""tier"":""Huge""}}"
nuke_train,main,Nemesis · Missile Train,Nemesis · Đoàn tàu tên lửa,Nemesis,,,,0,88650,75352.5,5,3,2,2,FALSE,0.35,30,90,55,3.8,47.84,3.956,FALSE,0,FALSE,TRUE,0,3.5,1.3092,p26_nemesis_main_ne152,p26_nemesis_close_boss_flak;p26_nemesis_close_boss_flak;p26_nemesis_sec_boss_rockets;sam_battery;p26_nemesis_direct_ne125;p26_nemesis_close_boss_flak,train_smoke,none,,,nuke_train,doi,,,,,,,,,,,,,,,,,,,,,1,1.3092,train,rail,hung,,7,7,doomsday_missile,50,hq,TRUE,7,,NEED_CODE_CHECK,,,metrocity,,5,2,3,2,,doomsday_missile,,,,,,,,,,,,,,TRUE,,,,,,,,,,,,,,,0,,,,,0,,,,,,,,,,,,,,,,,,,,,,,,,,,,,400,2.6,18,Ultimate,,,,,,,,,,,,,,,,,,TRUE,,,train,hung,,4,280,5,6,15,88650,,,,,,,,,,,41.6,,,,,,,,,,,,,,,,p26_nemesis_main_ne152,p26_nemesis_close_boss_flak,,p26_nemesis_close_boss_flak,p26_nemesis_sec_boss_rockets,,p26_nemesis_direct_ne125,p26_nemesis_close_boss_flak,,,,,,,,,,,1.3092,,,,,,,,,,,,,,,,,,,,,radio.hung.nemesis,3.8,main,rail,,,,,,,,,,,,,,,1.15,,,,,,1.4763,train_smoke,0.35,,,,,,,,,,,,,,,,,,,,,,,,,,,,,,,,,,,,,,,,30,90,,,,,,,,,,55,,3,1,gun_behemoth,1,3.44,Assets/MachineBrigade/Resources/Data/balance.json: vehicles[209],"{""id"":""nuke_train"",""outgoingDamageMult"":1.3092,""guard"":{""radius"":15,""count"":4,""every"":5,""damage"":280,""pad"":6},""wake"":{""phase"":1,""mounts"":[3]},""mountWeapons"":{""0"":""p26_nemesis_main_ne152"",""1"":""p26_nemesis_close_boss_flak"",""2"":""p26_nemesis_close_boss_flak"",""3"":""p26_nemesis_sec_boss_rockets"",""5"":""p26_nemesis_direct_ne125"",""6"":""p26_nemesis_close_boss_flak""},""frame"":""train"",""arena"":""metrocity"",""route"":""rail"",""rank"":""main"",""general"":""hung"",""size"":1.4763,""radioSpawn"":""radio.hung.nemesis"",""scale"":1.15,""boss"":true,""bigAttack"":""doomsday_missile"",""armour"":[5,3,2,2],""hp"":88650,""weaponDamage"":1,""speed"":0.35,""turnRate"":30,""turretTurnRate"":90,""radius"":3.8,""length"":41.6,""width"":3.44,""cp"":0,""vision"":55,""firesWhileMoving"":true,""weapon"":""gun_behemoth"",""captureRate"":0,""skills"":[""train_smoke""],""secondary"":[{""weapon"":""boss_flak"",""slot"":""mg"",""aim"":""Free""},{""weapon"":""boss_flak"",""slot"":""mg"",""aim"":""Free""},{""weapon"":""boss_rockets"",""slot"":""rocket"",""aim"":""Free""},{""weapon"":""sam_battery"",""slot"":""missile"",""aim"":""Free""}],""parts"":[{""id"":""locomotive"",""kind"":""locomotive"",""hp"":0.08,""armour"":4,""wreck"":""wreck_stump"",""at"":[0,-8.5,2.5],""radius"":3.5,""speed"":0.5,""radio"":""radio.part.locomotive""},{""id"":""twin_gun"",""kind"":""maingun"",""hp"":0.09,""armour"":3,""node"":""Main_cannon|Main_cannon_2|Muzzle_brake|Muzzle_brake_2"",""wreck"":""wreck_barrel"",""at"":[0,5.5,3.9],""radius"":3.0,""mounts"":[0],""radio"":""radio.part.maingun""},{""id"":""flak_front"",""kind"":""flak"",""hp"":0.07,""armour"":2,""node"":""Mount_mg"",""wreck"":""wreck_turret"",""at"":[-0.45,8.3,3.5],""radius"":2.0,""mounts"":[1]},{""id"":""flak_rear"",""kind"":""flak"",""hp"":0.07,""armour"":2,""node"":""Mount_mg.001"",""wreck"":""wreck_turret"",""at"":[0.45,0.28,3.5],""radius"":2.0,""mounts"":[2]},{""id"":""rocket_car"",""kind"":""rockets"",""hp"":0.07,""armour"":2,""node"":""Part_rocket"",""wreck"":""wreck_launcher"",""at"":[0,-13.4,2.6],""radius"":2.4,""mounts"":[3]},{""id"":""sam_car"",""kind"":""sam"",""hp"":0.07,""armour"":2,""node"":""Part_missile"",""wreck"":""wreck_launcher"",""at"":[0,-18.2,2.8],""radius"":2.4,""mounts"":[4]},{""id"":""erector"",""kind"":""erector"",""hp"":0.07,""armour"":2,""wreck"":""wreck_launcher"",""at"":[0,-4.5,3.6],""radius"":2.6,""radio"":""radio.part.erector""},{""use"":""gun_152_car"",""id"":""gun_car_152"",""kind"":""gun"",""node"":""Part_gun152"",""at"":[0,-23.2,3.4]},{""use"":""flak_35"",""id"":""aa_car"",""node"":""Part_aa"",""at"":[0,-28.2,3.2]}],""deathExplosion"":{""damage"":400,""radius"":18,""delay"":2.6,""tier"":""Ultimate""}}"
nyx,mini,Nyx · Stealth Destroyer,Nyx · Tàu khu trục tàng hình,Nyx,,,,0,37750,32087.5,4,4,3,2,FALSE,5,8,36,120,11.2,86.0,14.4,FALSE,0,FALSE,TRUE,0,3.5,0.8362,boss_railgun,p26_leviathan_direct_lev127;p26_leviathan_direct_lev127,leviathan_helos,aps,3,2.2,nyx,doi,,,,,,,,,,,,,,,,,,,,,1,0.8362,ship,ship,kessler,leviathan,3,3,,,,FALSE,,,NEED_CODE_CHECK,,,,,4,3,4,2,,,,,,,,,,,,,,,,,,,,,,,,,,,,,,,,,,,,,,,,,,,,,400,18,0,,0,,,,,,,,,,,,,,,,,,,,,,,,,,,,,,,,,,,,,,,,,kessler,,,,,,,37750,,,,,,,,,,,,,,,,,,,,,,,nyx,11,53,8.9,,,,,,,,,,,,-1,,near,,,,,0.8362,,,,,,,,,,,,,,,,,,,,,radio.kessler.nyx,,,,,,,,,,,,,,,,,,,,,,,,,,5,,,TRUE,,,,,,,,,,,,,,,,,,,,,,,,,,,,,,,,,,,,,,,,turret_fore;vls;ciws_fore;ciws_aft,nyx,,leviathan,0.55,,,,,,,,boss_railgun,1.865,,Assets/MachineBrigade/Resources/Data/balance.json: vehicles[249],"{""id"":""nyx"",""outgoingDamageMult"":0.8362,""wake"":null,""variantOf"":""leviathan"",""model"":""nyx"",""general"":""kessler"",""radioSpawn"":""radio.kessler.nyx"",""hp"":37750,""weaponDamage"":1.865,""armour"":[4,4,3,2],""weapon"":""boss_railgun"",""stealth"":true,""speed"":5,""modelSize"":[53,8.9,11],""naval"":{""lanes"":[""near""],""escapePhase"":-1},""craft"":null,""air"":[],""cruise"":{""phase"":0,""damage"":400,""final"":0,""every"":18},""fleet"":[{""unit"":""missile_boat"",""count"":1}],""salvo"":null,""variant"":{""size"":0.55,""keep"":[""turret_fore"",""vls"",""ciws_fore"",""ciws_aft""],""mark"":""nyx"",""tune"":{""turret_fore"":{""hp"":0.12},""vls"":{""hp"":0.12},""ciws_fore"":{""hp"":0.11},""ciws_aft"":{""hp"":0.11}}}}"
rail_supergun,main,Gungnir · Rail Electromagnetic Gun,Gungnir · Pháo điện từ đường ray,Gungnir,,,,0,156900,133365.0,3,2,1,1,FALSE,0,1,12,90,14,27.0,8.0,FALSE,0,TRUE,TRUE,0,3.5,1,supergun_800,autocannon_40;autocannon_40;ciws_aa;ciws_aa,,none,,,rail_supergun,doi,,,108350,156900,,,,,,,,,,,,,,,,,,,train,rail,orlov,,5,5,,,,TRUE,11,c11m05,NEED_CODE_CHECK,,,rustyard,3,,,,,,,,,,2.5,45,10,1000,5,3,Global,3,supergun_shell,p26_gungnir_emrg,TRUE,,,,,,,,,,,,,,,0,,,,,0,,,,,,,,,,,,,,,,,,,,,,,,,,,,,450,2.6,22,Ultimate,,,,,,,,,,,,,,,,,,,,,train,orlov,,,,,,,156900,,,,,,,,,,,27,,,,,,,,,,,,,,,,,,,,,,,,,,,,,,,,,,,,,,,,,,,,,,,,,,,,,,,radio.orlov.supergun,14,main,rail,,,,,,,,,,,,,,,1.0,,,,,,0.7039,,0,,TRUE,,FALSE,,,,,,,,,,,,,,,,,,,,,,,,,,,,,,,,,,,,1,12,,,,,,,,,,90,,,,supergun_800,6,8,Assets/MachineBrigade/Resources/Data/balance.json: vehicles[216],"{""id"":""rail_supergun"",""frame"":""train"",""arena"":""rustyard"",""route"":""rail"",""rank"":""main"",""size"":0.7039,""boss"":true,""static"":true,""general"":""orlov"",""radioSpawn"":""radio.orlov.supergun"",""armour"":3,""structure"":false,""hp"":156900,""weaponDamage"":6,""speed"":0,""turnRate"":1,""turretTurnRate"":12,""radius"":14,""length"":27,""width"":8,""scale"":1.0,""cp"":0,""vision"":90,""captureRate"":0,""weapon"":""supergun_800"",""secondary"":[{""weapon"":""autocannon_40"",""slot"":""gun"",""aim"":""Free""},{""weapon"":""autocannon_40"",""slot"":""gun"",""aim"":""Free""},{""weapon"":""ciws_aa"",""slot"":""mg"",""aim"":""Free"",""arc"":[-107,150]},{""weapon"":""ciws_aa"",""slot"":""mg"",""aim"":""Free"",""arc"":[107,150]}],""bombard"":{""warn"":3,""targeting"":""Global"",""every"":45,""scatter"":3,""blindScatter"":2.5,""first"":10,""weapon"":""p26_gungnir_emrg"",""warning"":""supergun_shell"",""pierceMax"":5,""pierceDamage"":1000},""guards"":[{""def"":""gun_turret"",""at"":[-16,20]},{""def"":""gun_turret"",""at"":[16,20]},{""def"":""aa_turret"",""at"":[-13,-2]},{""def"":""aa_turret"",""at"":[13,-2]},{""def"":""mg_bunker"",""at"":[-8,27]},{""def"":""mg_bunker"",""at"":[8,27]},{""def"":""dragons_teeth"",""at"":[-12,36]},{""def"":""dragons_teeth"",""at"":[0,38]},{""def"":""dragons_teeth"",""at"":[12,36]}],""attach"":[{""model"":""rail_tractor"",""at"":[2.5,19.26,0.36]},{""model"":""rail_tractor"",""at"":[-2.5,19.26,0.36]}],""phases"":[{""at"":0.45,""transform"":3,""damage"":1.2,""radio"":""radio.orlov.supergun.half""}],""parts"":[{""id"":""main_gun"",""kind"":""maingun"",""hp"":0.14,""armour"":3,""node"":""Main_cannon*|Muzzle_brake"",""wreck"":""wreck_barrel"",""at"":[0,6.0,9.0],""radius"":5.0,""stops"":[""bombard""],""radio"":""radio.part.maingun""},{""id"":""tractor_l"",""kind"":""tractor"",""hp"":0.08,""armour"":3,""wreck"":""wreck_stump"",""at"":[-2.5,-13.2,1.5],""radius"":3.0,""attach"":0,""cadence"":1.3},{""id"":""tractor_r"",""kind"":""tractor"",""hp"":0.08,""armour"":3,""wreck"":""wreck_stump"",""at"":[2.5,-13.2,1.5],""radius"":3.0,""attach"":1,""cadence"":1.3},{""id"":""fire_control"",""kind"":""station"",""hp"":0.09,""armour"":2,""node"":""Part_generator"",""wreck"":""wreck_stump"",""at"":[0,-11.2,4.5],""radius"":2.5,""stops"":[""spotter""],""fx"":""energy""},{""id"":""gun_l"",""kind"":""gun"",""hp"":0.08,""armour"":3,""node"":""Part_gun"",""wreck"":""wreck_turret"",""at"":[-2.6,11.3,4.4],""radius"":1.8,""mounts"":[1]},{""id"":""gun_r"",""kind"":""gun"",""hp"":0.08,""armour"":3,""node"":""Part_gun.001"",""wreck"":""wreck_turret"",""at"":[2.6,11.3,4.4],""radius"":1.8,""mounts"":[2]},{""id"":""aa_l"",""kind"":""ciws"",""hp"":0.07,""armour"":2,""node"":""Part_mg"",""wreck"":""wreck_turret"",""at"":[-2.55,-12.1,4.6],""radius"":1.8,""mounts"":[3]},{""id"":""aa_r"",""kind"":""ciws"",""hp"":0.07,""armour"":2,""node"":""Part_mg.001"",""wreck"":""wreck_turret"",""at"":[2.55,-12.1,4.6],""radius"":1.8,""mounts"":[4]}],""deathExplosion"":{""damage"":450,""radius"":22,""delay"":2.6,""tier"":""Ultimate""}}"
scylla,mini,Scylla · Destroyer,Scylla · Tàu khu trục,Scylla,,,,0,37750,32087.5,4,4,3,2,FALSE,4.6,14,36,120,11.2,86.0,14.4,FALSE,0,FALSE,TRUE,0,3.5,0.7389,naval_130_twin,p26_leviathan_direct_lev127,leviathan_helos,aps,3,2.2,scylla,doi,,,,,,,,,,,,,,,,,,,,,1,0.7389,ship,ship,kessler,leviathan,2,3,,,,FALSE,4;9;12,c12m02;c4m06;c9m08,NEED_CODE_CHECK,,,,,4,3,4,2,,,,,,,,,,,,,,,,,,,,,,,,,,,,,,,,,,,,,,,,,,,,,450,15,0,,0,,,,,,,,,,,,,,,,,,,,,,,,,,,,,,,,,,,,,,,,,kessler,,,,,,,37750,,,,,,,,,,,,,,,,,,,,,,,,,,,,,,,,,,,,,,-1,,near,,,,,0.7389,,,,,,,,,,,,,,,,,,,,,radio.kessler.scylla,,,,,,,,,,,,,,,,,,,,,,,,,,4.6,,,,,,,,,,,,,,,,,,,,,,,,,,,,,,,,,,,,,,,,14,,,turret_fore;vls;ciws_fore,scylla,,leviathan,0.5,1.02,0.95,0.9,,,,,naval_130_twin,2.195,,Assets/MachineBrigade/Resources/Data/balance.json: vehicles[237],"{""id"":""scylla"",""outgoingDamageMult"":0.7389,""wake"":null,""armour"":[4,4,3,2],""variantOf"":""leviathan"",""hp"":37750,""weaponDamage"":2.195,""general"":""kessler"",""radioSpawn"":""radio.kessler.scylla"",""weapon"":""naval_130_twin"",""speed"":4.6,""turnRate"":14,""naval"":{""lanes"":[""near""],""escapePhase"":-1},""craft"":null,""air"":[],""cruise"":{""phase"":0,""damage"":450,""final"":0,""every"":15},""fleet"":[{""unit"":""missile_boat"",""count"":2}],""salvo"":null,""variant"":{""size"":0.5,""keep"":[""turret_fore"",""vls"",""ciws_fore""],""tint"":[0.9,0.95,1.02],""mark"":""scylla"",""tune"":{""turret_fore"":{""hp"":0.14},""vls"":{""hp"":0.12},""ciws_fore"":{""hp"":0.1}}}}"
silver_bug,main,Icarus · Orbital Spacecraft,Icarus · Phi thuyền quỹ đạo,Icarus,,,,0,176450,149982.5,4,4,4,4,FALSE,5,30,120,80,10,34,22,TRUE,22,FALSE,TRUE,0,3.5,1,p26_icarus_sec_orbital_laser,p26_icarus_main_ic_coil;p26_icarus_main_ic_coil;p26_icarus_direct_ic_laser;p26_icarus_direct_ic_laser;p26_icarus_close_autocannon_40;p26_icarus_close_autocannon_40,boss_rage,aps,3,1.4,silver_bug,giong,,,,,,,,,,,,,,,,,,,,,,,spacecraft,spacecraft,aurel,,7,7,bug_rod_rain,45,group,TRUE,12,,NEED_CODE_CHECK,,22,launchsite,4,,,,,,bug_rod_rain,,,,,,,,,,,,,,TRUE,,,,,,,,,,,,,,,0,,,,,0,,,,,,,,,,,,,,,,,,,,,,,,,,,,,420,2.6,18,Ultimate,,,,,,,,,,,,,,,,,,TRUE,,TRUE,spacecraft,aurel,,,,,,,176450,,,,,,,,,,,34,,,,,,,,,,,,,,,,p26_icarus_sec_orbital_laser,p26_icarus_main_ic_coil,,p26_icarus_main_ic_coil,p26_icarus_direct_ic_laser,p26_icarus_direct_ic_laser,p26_icarus_close_autocannon_40,p26_icarus_close_autocannon_40,,,,,,,,,,,,,,,2,,,14,6,4,6,1,30,2,,12,,orbit;high,drop_pod,main_battle_tank;ifv;heavy_tank;armored_car;bmpt;main_battle_tank;ifv;armored_car,pod_drop,,10,main,,,,,,,,,,,,,,,,,,,,,,2.4777,boss_rage,5,,,,,2,3,4,,0;0,500,crash_debris,"-23.1,16.5;24.8,9.9;-28.1,-13.2;21.5,-23.1;0,36.3;-6.6,-39.6",6,silver_bug_wreck,3;4;5;6,20.6,bug_crash,4,,60,22,150,,VeryHard;Heroic;Iron,40,10,6,4,0.6;0.25,0.5,radio.aurel.bug.appear,radio.aurel.bug.crash,radio.aurel.bug.descend,radio.aurel.bug.down,radio.aurel.bug.hijack,radio.hq.bug.hijack,radio.aurel.bug.phase2,radio.aurel.bug.phase3,3.5,30,120,,,,,,,,,,80,,,,orbital_laser,1,22,Assets/MachineBrigade/Resources/Data/balance.json: vehicles[210],"{""id"":""silver_bug"",""mountWeapons"":{""0"":""p26_icarus_sec_orbital_laser"",""1"":""p26_icarus_main_ic_coil"",""2"":""p26_icarus_main_ic_coil"",""3"":""p26_icarus_direct_ic_laser"",""4"":""p26_icarus_direct_ic_laser"",""5"":""p26_icarus_close_autocannon_40"",""6"":""p26_icarus_close_autocannon_40""},""frame"":""spacecraft"",""size"":2.4777,""rank"":""main"",""general"":""aurel"",""boss"":true,""bigAttack"":""bug_rod_rain"",""arena"":""launchsite"",""armour"":4,""hp"":176450,""weaponDamage"":1,""speed"":5,""turnRate"":30,""turretTurnRate"":120,""radius"":10,""length"":34,""width"":22,""cp"":0,""vision"":80,""firesWhileMoving"":true,""weapon"":""orbital_laser"",""flying"":true,""altitude"":22,""captureRate"":0,""skills"":[""boss_rage""],""aps"":{""radius"":49.6,""charges"":3,""recharge"":1.4,""rockets"":true,""laser"":true},""secondary"":[{""weapon"":""coilgun"",""slot"":""gun"",""aim"":""Free""},{""weapon"":""coilgun"",""slot"":""gun"",""aim"":""Free""},{""weapon"":""autocannon_40"",""slot"":""gun"",""aim"":""Free""},{""weapon"":""autocannon_40"",""slot"":""gun"",""aim"":""Free""}],""tiers"":{""opening"":0.5,""descend"":4,""shift"":3.5,""heights"":{""orbit"":150,""high"":60,""low"":22},""marks"":[0.6,0.25],""schedule"":[{""steps"":[{""tier"":""high"",""seconds"":25},{""tier"":""low"",""seconds"":10}]},{""steps"":[{""tier"":""high"",""seconds"":15},{""tier"":""low"",""seconds"":20}]}],""armour"":{""hull"":4,""belly"":2,""grounded"":3},""crash"":{""fall"":6,""at"":[0,0],""damage"":500,""radius"":20.6,""form"":""silver_bug_wreck"",""warning"":""bug_crash"",""guns"":[3,4,5,6],""debris"":""crash_debris"",""debrisAt"":[[-23.1,16.5],[24.8,9.9],[-28.1,-13.2],[21.5,-23.1],[0,36.3],[-6.6,-39.6]]},""hijack"":{""first"":10,""every"":40,""warn"":4,""seconds"":6,""difficulties"":[""VeryHard"",""Heroic"",""Iron""]},""radio"":{""appear"":""radio.aurel.bug.appear"",""descend"":""radio.aurel.bug.descend"",""phase2"":""radio.aurel.bug.phase2"",""phase3"":""radio.aurel.bug.phase3"",""crash"":""radio.aurel.bug.crash"",""down"":""radio.aurel.bug.down"",""hijack"":""radio.aurel.bug.hijack"",""hijackWarn"":""radio.hq.bug.hijack""}},""pods"":{""unit"":""drop_pod"",""first"":4,""every"":14,""count"":2,""min"":1,""perPod"":2,""fall"":6,""max"":6,""offset"":30,""spread"":12,""tiers"":[""orbit"",""high""],""warning"":""pod_drop"",""units"":[""main_battle_tank"",""ifv"",""heavy_tank"",""armored_car"",""bmpt"",""main_battle_tank"",""ifv"",""armored_car""]},""parts"":[{""id"":""main_laser"",""kind"":""laser"",""hp"":0.06,""armour"":3,""node"":""Turret"",""wreck"":""wreck_stump"",""at"":[0,7,-2.8],""radius"":2.4,""mounts"":[0],""radio"":""radio.part.maingun"",""fx"":""energy""},{""id"":""main_engine"",""kind"":""mainengine"",""hp"":0.06,""armour"":2,""node"":""Thruster_main"",""wreck"":""wreck_stump"",""at"":[0,-15.5,0.6],""radius"":3.4,""stops"":[""thrust""],""radio"":""radio.part.mainengine""},{""id"":""thruster_fl"",""kind"":""thruster"",""hp"":0.06,""armour"":1,""node"":""Thruster_fl"",""wreck"":""wreck_stump"",""at"":[-4.5,11,0.8],""radius"":1.6,""speed"":0.88},{""id"":""thruster_fr"",""kind"":""thruster"",""hp"":0.06,""armour"":1,""node"":""Thruster_fr"",""wreck"":""wreck_stump"",""at"":[4.5,11,0.8],""radius"":1.6,""speed"":0.88},{""id"":""thruster_rl"",""kind"":""thruster"",""hp"":0.06,""armour"":1,""node"":""Thruster_rl"",""wreck"":""wreck_stump"",""at"":[-8,-11,0.4],""radius"":1.6,""speed"":0.88},{""id"":""thruster_rr"",""kind"":""thruster"",""hp"":0.06,""armour"":1,""node"":""Thruster_rr"",""wreck"":""wreck_stump"",""at"":[8,-11,0.4],""radius"":1.6,""speed"":0.88},{""id"":""pd_laser_l"",""kind"":""pdlaser"",""hp"":0.06,""armour"":2,""node"":""Pd_laser_l"",""wreck"":""wreck_turret"",""at"":[-3.2,5,3.2],""radius"":1.6,""stops"":[""aps""],""fx"":""energy""},{""id"":""pd_laser_r"",""kind"":""pdlaser"",""hp"":0.06,""armour"":2,""node"":""Pd_laser_r"",""wreck"":""wreck_turret"",""at"":[3.2,5,3.2],""radius"":1.6,""stops"":[""aps""],""fx"":""energy""},{""id"":""pod_bay"",""kind"":""podbay"",""hp"":0.06,""armour"":2,""node"":""Pod_bay"",""wreck"":""wreck_stump"",""at"":[0,-4,-2.6],""radius"":2.8,""stops"":[""pods""],""radio"":""radio.part.podbay""},{""id"":""uplink"",""kind"":""uplink"",""hp"":0.06,""armour"":1,""node"":""Uplink"",""wreck"":""wreck_stump"",""at"":[0,-3,4.2],""radius"":2.0,""radio"":""radio.part.uplink"",""fx"":""energy""},{""use"":""gun_40"",""id"":""crash_turret_l"",""node"":""Mount_gun.002"",""at"":[-6.5,-6.0,2.2]},{""use"":""gun_40"",""id"":""crash_turret_r"",""node"":""Mount_gun.003"",""at"":[6.5,-6.0,2.2]}],""deathExplosion"":{""damage"":420,""radius"":18,""delay"":2.6,""tier"":""Ultimate""}}"
sky_fortress,mini,Spectre · Gunship Aircraft,Spectre · Máy bay pháo,Spectre,,,,0,94850,80622.5,2,2,2,2,FALSE,13,55,360,80,9,,,TRUE,44,FALSE,TRUE,0,3.5,1,gunship_105,gunship_40mm;gunship_25mm;griffin,boss_flares;boss_rage,none,,,sky_fortress,giong,,,,,,,,,,,,,,,,,,,,,,,aircraft,aircraft,quaden,,4,4,,,,TRUE,10,c10m08,NEED_CODE_CHECK,,44,,2,,,,,,,,,,,,,,,,,,,,TRUE,,,,,,,,,,,,,,,0,,,,,0,,,,,,,,,,,,,,,,,,,,,,,,,,,,,350,2.6,16,Ultimate,gun_40b,,,,,,,,,,,,,,,,,TRUE,TRUE,TRUE,aircraft,quaden,,,,,,,94850,,,,,,,,,,,,Left,,,,,,,,,,,,,,,,,,,,,,,,,,,,,,,,TRUE,,,,,,,,,,,,,,,,,,,,,,radio.quaden.spectre,9,mini,,,,,,,,,,,,,,,,1.035,,,,,,0.85,boss_flares;boss_rage,13,,,,,,,,,,,,,,,,,,,,,,,,,,,,,,,,,,,,,,,,55,360,,,,,,,,,,80,,,,gunship_105,4.064,,Assets/MachineBrigade/Resources/Data/balance.json: vehicles[222],"{""id"":""sky_fortress"",""frame"":""aircraft"",""rank"":""mini"",""general"":""quaden"",""size"":0.85,""dropParts"":[""gun_40b""],""radioSpawn"":""radio.quaden.spectre"",""scale"":1.035,""armour"":2,""hp"":94850,""weaponDamage"":4.064,""speed"":13,""turnRate"":55,""turretTurnRate"":360,""radius"":9,""cp"":0,""vision"":80,""firesWhileMoving"":true,""weapon"":""gunship_105"",""mainAim"":""Left"",""orbit"":true,""flying"":true,""fixedWing"":true,""altitude"":44,""captureRate"":0,""boss"":true,""skills"":[""boss_flares"",""boss_rage""],""secondary"":[{""weapon"":""gunship_40mm"",""slot"":""gun"",""aim"":""Left""},{""weapon"":""gunship_40mm"",""slot"":""gun"",""aim"":""Left""},{""weapon"":""gunship_25mm"",""slot"":""mg"",""aim"":""Left""},{""weapon"":""griffin"",""slot"":""ramp"",""aim"":""Free""}],""parts"":[{""id"":""gun_105"",""kind"":""maingun"",""hp"":0.09,""armour"":2,""node"":""Mount_main"",""wreck"":""wreck_turret"",""at"":[-1.33,-3.7,0],""radius"":2.0,""mounts"":[0],""radio"":""radio.part.maingun""},{""id"":""gun_40a"",""kind"":""gun"",""hp"":0.08,""armour"":2,""node"":""Mount_gun"",""wreck"":""wreck_turret"",""at"":[-1.33,1.23,0],""radius"":1.6,""mounts"":[1]},{""id"":""gun_40b"",""kind"":""gun"",""hp"":0.08,""armour"":2,""node"":""Mount_gun.001"",""wreck"":""wreck_turret"",""at"":[-1.33,-0.97,0],""radius"":1.6,""mounts"":[2]},{""id"":""gun_25"",""kind"":""gun"",""hp"":0.08,""armour"":2,""node"":""Mount_mg"",""wreck"":""wreck_turret"",""at"":[-1.33,4.29,0],""radius"":1.6,""mounts"":[3]},{""id"":""griffin"",""kind"":""missiles"",""hp"":0.08,""armour"":2,""wreck"":""wreck_launcher"",""at"":[0,-6.4,-0.5],""radius"":2.0,""mounts"":[4]},{""id"":""engine_1"",""kind"":""engine"",""hp"":0.07,""armour"":2,""node"":""Propeller"",""wreck"":""wreck_engine"",""at"":[5.85,3.5,1.2],""radius"":1.8,""speed"":0.85},{""id"":""engine_2"",""kind"":""engine"",""hp"":0.07,""armour"":2,""node"":""Propeller_2"",""wreck"":""wreck_engine"",""at"":[3.12,3.6,1.2],""radius"":1.8,""speed"":0.85},{""id"":""engine_3"",""kind"":""engine"",""hp"":0.07,""armour"":2,""node"":""Propeller_3"",""wreck"":""wreck_engine"",""at"":[-3.12,3.6,1.2],""radius"":1.8,""speed"":0.85},{""id"":""engine_4"",""kind"":""engine"",""hp"":0.07,""armour"":2,""node"":""Propeller_4"",""wreck"":""wreck_engine"",""at"":[-5.85,3.5,1.2],""radius"":1.8,""speed"":0.85}],""deathExplosion"":{""damage"":350,""radius"":16,""delay"":2.6,""tier"":""Ultimate""}}"
stymphalos,mini,Stymphalos · Jet UAV Swarm,Stymphalos · Bầy UAV phản lực,Stymphalos,,,,0,45650,38802.5,1,1,1,1,FALSE,8,20,90,70,9,,,TRUE,26,FALSE,TRUE,0,3.5,1,p26_matriarch_ma_drones,p26_matriarch_close_boss_flak;p26_matriarch_direct_ma_atgm,mothership_launch;boss_flares;mothership_shield,none,,,stymphalos,giong,,,,,,,,,,,,,,,,,,,,,,,aircraft,aircraft,sen,drone_mothership,3,3,,,,FALSE,,,NEED_CODE_CHECK,,,,1,,,,,,,,,,,,,,,,,,,,,,,,,,,,,,,,,,,,,,,,,,,,,,,,,,,,,,,,,,,,,,,,,,,,,,,,,,,,,,,,,,,,,,,,,,,,,,sen,,,,,,,45650,,,,,,,,,,,,,,,,,,,,,,,stymphalos,2.55,15.5,26,,,,,,,,,,,,,,,,,,,,,,,,,,,,,,,,,,,,,,,,radio.sen.stymphalos,,,,,,,,,,,,,,,,,,,,,,,,,,8,,,,,,,,,,,,,,,,,,,,,,,,,,,,,,,,,,,,,,,,,,,drone_bay;drone_bay_2;flak_top,stymphalos,,drone_mothership,0.423,,,,,,,,,1.084,,Assets/MachineBrigade/Resources/Data/balance.json: vehicles[248],"{""id"":""stymphalos"",""wake"":null,""variantOf"":""drone_mothership"",""model"":""stymphalos"",""general"":""sen"",""radioSpawn"":""radio.sen.stymphalos"",""hp"":45650,""weaponDamage"":1.084,""armour"":1,""speed"":8,""modelSize"":[15.5,26,2.55],""variant"":{""size"":0.423,""keep"":[""drone_bay"",""drone_bay_2"",""flak_top""],""mark"":""stymphalos"",""tune"":{""drone_bay"":{""hp"":0.14},""drone_bay_2"":{""hp"":0.14},""flak_top"":{""hp"":0.14}}}}"
supreme_command,mini,Atlas · Super-Heavy Command Vehicle,Atlas · Xe chỉ huy siêu nặng,Atlas,,,,0,62800,53380.0,4,3,2,2,FALSE,4,30,200,60,4.5,14.6,4.2,FALSE,0,FALSE,TRUE,0,3.5,0.7593,boss_hmg,boss_hmg,boss_bulwark,none,,,supreme_command,doi,,,,,,,,,,,,,,,,,,,,,1,0.7593,tracked,tracked,hung,,2,2,,,,TRUE,7,,NEED_CODE_CHECK,,,,,4,2,3,2,,,,,,,,,,,,,,,,TRUE,,,,,,,,,,,,,,,0,,0.2,0.2,40,0,,,,,,,,,,,,,,,,,,,,,,,,,,,,,380,2.6,16,Ultimate,,,,,,,,,,,,,,,,,,TRUE,,,tracked,hung,,,,,,,62800,,,,,,,,,,,14.6,Free,,mg,,,,,,,,,,,,,,,,,,,,,,,,,,,,,,,0.7593,,,,,,,,,,,,,,,,,,,,,radio.hung.supreme,4.5,mini,,,,,,,,,,,,,,,,1.0,,,,,,1.0936,boss_bulwark,4,,,,,,,,,,,,,,,,,,,,,,,,,,,,,,,,,,,,,,,,30,200,,,,,,,,,,60,,,,boss_hmg,6,4.2,Assets/MachineBrigade/Resources/Data/balance.json: vehicles[221],"{""id"":""supreme_command"",""outgoingDamageMult"":0.7593,""frame"":""tracked"",""rank"":""mini"",""size"":1.0936,""boss"":true,""general"":""hung"",""radioSpawn"":""radio.hung.supreme"",""armour"":[4,3,2,2],""hp"":62800,""weaponDamage"":6,""speed"":4,""turnRate"":30,""turretTurnRate"":200,""radius"":4.5,""length"":14.6,""width"":4.2,""scale"":1.0,""cp"":0,""vision"":60,""captureRate"":0,""firesWhileMoving"":true,""weapon"":""boss_hmg"",""mainSlot"":""mg"",""mainAim"":""Free"",""secondary"":[{""weapon"":""boss_hmg"",""slot"":""mg"",""aim"":""Free""}],""commandAura"":{""radius"":40,""fireRate"":0.2,""damage"":0.2},""skills"":[""boss_bulwark""],""phases"":[{""at"":0.45,""transform"":3,""heal"":0.08,""radio"":""radio.hung.supreme.half""}],""parts"":[{""id"":""antenna"",""kind"":""antenna"",""hp"":0.15,""armour"":1,""node"":""Part_antenna"",""wreck"":""wreck_stump"",""at"":[0.6,-4.9,4.1],""radius"":2.0,""stops"":[""aura""],""radio"":""radio.part.antenna"",""fx"":""energy""},{""id"":""mg_l"",""kind"":""gun"",""hp"":0.1,""armour"":3,""node"":""Part_mg"",""wreck"":""wreck_turret"",""at"":[-1.15,2.75,5.6],""radius"":1.5,""mounts"":[0]},{""id"":""mg_r"",""kind"":""gun"",""hp"":0.1,""armour"":3,""node"":""Part_mg.001"",""wreck"":""wreck_turret"",""at"":[1.15,2.75,5.6],""radius"":1.5,""mounts"":[1]}],""deathExplosion"":{""damage"":380,""radius"":16,""delay"":2.6,""tier"":""Ultimate""}}"
typhon,main,Typhon · Missile Submarine,Typhon · Tàu ngầm tên lửa,Typhon,,,,0,117650,100002.5,5,3,2,2,FALSE,3.0,8,40,110,11,58,12,FALSE,0,FALSE,TRUE,1,3.5,1,sam_post,p26_typhon_sec_ty57;p26_typhon_sec_ty57;p26_typhon_direct_ty100,,none,,,typhon,giong,,,,,,,,,,,,,,,,,,,,,,,submarine,submarine,hung,,4,6,typhon_underwater_launch,50,base,FALSE,9,,NEED_CODE_CHECK,,,,,5,2,3,2,,typhon_underwater_launch,,,,,,,,,,,,,,TRUE,,,,,18,,,2,,22,22;18,14,14;18,,,,,,,,,,,,,,,,1460,2.5,0,16,0,10,4,leviathan_cruise_mark,leviathan_cruise,,,,,,,,,,,,460,3.0,20,Ultimate,,,,,,,,,,,,,,,,,,,,,submarine,hung,,,,,,,117650,,,,,,,,,,,58,,,missile,,,,,,,,,typhon,,,,,p26_typhon_sec_ty57,,p26_typhon_sec_ty57,p26_typhon_direct_ty100,,,,,,,-1,,far;mid;near,,,,,,,,,,,,,,,,,,,,,,,,,,radio.hung.typhon,11,main,,,,,,,,,,,,,,,,,,,,,,1.1864,,3.0,,,,,,,,,,,,,,,,,,,,,,,,,,,,,,,,,,,,,,,,8,40,,,,,,,,,,110,,3,2,sam_post,1,12,Assets/MachineBrigade/Resources/Data/balance.json: vehicles[232],"{""id"":""typhon"",""size"":1.1864,""mountWeapons"":{""1"":""p26_typhon_sec_ty57"",""2"":""p26_typhon_sec_ty57"",""3"":""p26_typhon_direct_ty100""},""secondary"":[{""weapon"":""p26_typhon_ty57"",""slot"":""gun"",""aim"":""Free""},{""weapon"":""p26_typhon_ty57"",""slot"":""gun"",""aim"":""Free""}],""frame"":""submarine"",""rank"":""main"",""general"":""hung"",""boss"":true,""bigAttack"":""typhon_underwater_launch"",""radioSpawn"":""radio.hung.typhon"",""model"":""typhon"",""armour"":[5,3,2,2],""hp"":117650,""weaponDamage"":1,""speed"":3.0,""turnRate"":8,""turretTurnRate"":40,""radius"":11,""length"":58,""width"":12,""vision"":110,""weapon"":""sam_post"",""mainSlot"":""missile"",""naval"":{""lanes"":[""far"",""mid"",""near""],""escapePhase"":-1},""burrow"":{""surface"":22,""under"":14,""first"":18,""surfaceByPhase"":[22,18],""underByPhase"":[14,18],""stopPhase"":2},""cruise"":{""every"":2.5,""first"":16,""phase"":0,""warn"":4,""damage"":1460,""radius"":10,""final"":0,""weapon"":""leviathan_cruise"",""warning"":""leviathan_cruise_mark""},""wake"":{""phase"":2,""mounts"":[3]},""fleet"":[{""unit"":""sea_corvette"",""count"":1,""at"":26},{""unit"":""missile_boat"",""count"":2}],""parts"":[{""id"":""sail"",""kind"":""sail"",""hp"":0.08,""armour"":2,""node"":""Part_sail"",""wreck"":""wreck_stump"",""at"":[0,6.0,7.0],""radius"":3.0,""spread"":2,""affects"":[0],""radio"":""radio.part.sail""},{""id"":""doors_l"",""kind"":""launchdoors"",""hp"":0.08,""armour"":2,""node"":""Part_doors_l"",""wreck"":""wreck_launcher"",""at"":[-2.2,-6.0,3.6],""radius"":3.0,""stops"":[""cruise""],""radio"":""radio.part.launchdoors""},{""id"":""doors_r"",""kind"":""launchdoors"",""hp"":0.08,""armour"":2,""node"":""Part_doors_r"",""wreck"":""wreck_launcher"",""at"":[2.2,-6.0,3.6],""radius"":3.0,""stops"":[""cruise""]},{""id"":""rudder"",""kind"":""rudder"",""hp"":0.08,""armour"":2,""node"":""Part_rudder"",""wreck"":""wreck_stump"",""at"":[0,-27.0,2.6],""radius"":2.6,""turn"":0.5,""speed"":0.9},{""id"":""sonar"",""kind"":""sonar"",""hp"":0.08,""armour"":1,""node"":""Part_sonar"",""wreck"":""wreck_stump"",""at"":[0,26.0,2.4],""radius"":2.4,""stops"":[""radar""],""fx"":""energy""},{""id"":""sam"",""kind"":""sam"",""hp"":0.08,""armour"":2,""node"":""Mount_missile"",""wreck"":""wreck_launcher"",""at"":[0,3.0,9.0],""radius"":1.8,""mounts"":[0]},{""use"":""deck_gun_100"",""id"":""deck_gun"",""node"":""Mount_gun"",""at"":[0,16.0,4.2]}],""deathExplosion"":{""damage"":460,""radius"":20,""delay"":3.0,""tier"":""Ultimate""}}"
